ISO-10303-21;
HEADER;
FILE_DESCRIPTION(('Open CASCADE Model'),'2;1');
FILE_NAME('Open CASCADE Shape Model','2026-08-30T19:38:29',('Author'),(
    'Open CASCADE'),'Open CASCADE STEP processor 7.7','Open CASCADE 7.7'
  ,'Unknown');
FILE_SCHEMA(('AUTOMOTIVE_DESIGN { 1 0 10303 214 1 1 1 1 }'));
ENDSEC;
DATA;
#1 = APPLICATION_PROTOCOL_DEFINITION('international standard',
  'automotive_design',2000,#2);
#2 = APPLICATION_CONTEXT(
  'core data for automotive mechanical design processes');
#3 = SHAPE_DEFINITION_REPRESENTATION(#4,#10);
#4 = PRODUCT_DEFINITION_SHAPE('','',#5);
#5 = PRODUCT_DEFINITION('design','',#6,#9);
#6 = PRODUCT_DEFINITION_FORMATION('','',#7);
#7 = PRODUCT('Open CASCADE STEP translator 7.7 27',
  'Open CASCADE STEP translator 7.7 27','',(#8));
#8 = PRODUCT_CONTEXT('',#2,'mechanical');
#9 = PRODUCT_DEFINITION_CONTEXT('part definition',#2,'design');
#10 = ADVANCED_BREP_SHAPE_REPRESENTATION('',(#11,#15),#14074);
#11 = AXIS2_PLACEMENT_3D('',#12,#13,#14);
#12 = CARTESIAN_POINT('',(0.,0.,0.));
#13 = DIRECTION('',(0.,0.,1.));
#14 = DIRECTION('',(1.,0.,-0.));
#15 = MANIFOLD_SOLID_BREP('',#16);
#16 = CLOSED_SHELL('',(#17,#137,#4729,#4779,#4833,#5198,#5225,#5252,
    #5279,#5306,#5313,#5389,#5438,#5487,#5514,#5590,#5640,#5690,#5717,
    #5793,#5842,#5891,#5918,#5994,#6043,#6092,#6119,#6195,#6244,#6293,
    #6320,#6396,#6445,#6494,#6521,#6597,#6646,#6695,#6722,#6798,#6848,
    #6898,#6925,#7001,#7050,#7099,#7148,#7197,#7246,#7295,#7322,#7398,
    #7447,#7496,#7545,#7594,#7643,#7692,#7741,#7790,#7839,#7888,#7937,
    #7986,#8035,#8084,#8133,#8182,#8231,#8280,#8329,#8378,#8405,#8481,
    #8530,#8579,#8628,#8677,#8726,#8775,#8824,#8873,#8922,#8949,#9025,
    #9121,#9212,#9310,#9408,#9457,#9506,#9586,#9666,#9764,#9857,#9884,
    #9960,#10009,#10058,#10107,#10156,#10205,#10254,#10303,#10352,#10401
    ,#10450,#10499,#10548,#10597,#10646,#10695,#10744,#10793,#10820,
    #10896,#10945,#10994,#11043,#11092,#11141,#11190,#11239,#11288,
    #11337,#11386,#11435,#11484,#11533,#11582,#11631,#11680,#11729,
    #11778,#11827,#11876,#11903,#11972,#12022,#12072,#12097,#12166,
    #12216,#12263,#12291,#12298,#12311,#12318,#12325,#12332,#12339,
    #12346,#12359,#12370,#12395,#12645,#12673,#12826,#12833,#12840,
    #12848,#13106,#13131,#13205,#13252,#13313,#13383,#13447,#13511,
    #13569,#13594,#13598,#13672,#13719,#13777,#13841,#13905,#13969,
    #14027,#14052,#14063));
#17 = ADVANCED_FACE('',(#18),#32,.F.);
#18 = FACE_BOUND('',#19,.F.);
#19 = EDGE_LOOP('',(#20,#55,#83,#111));
#20 = ORIENTED_EDGE('',*,*,#21,.F.);
#21 = EDGE_CURVE('',#22,#24,#26,.T.);
#22 = VERTEX_POINT('',#23);
#23 = CARTESIAN_POINT('',(0.,5.,8.));
#24 = VERTEX_POINT('',#25);
#25 = CARTESIAN_POINT('',(0.,55.,8.));
#26 = SURFACE_CURVE('',#27,(#31,#43),.PCURVE_S1.);
#27 = LINE('',#28,#29);
#28 = CARTESIAN_POINT('',(0.,0.,8.));
#29 = VECTOR('',#30,1.);
#30 = DIRECTION('',(0.,1.,0.));
#31 = PCURVE('',#32,#37);
#32 = PLANE('',#33);
#33 = AXIS2_PLACEMENT_3D('',#34,#35,#36);
#34 = CARTESIAN_POINT('',(0.,0.,0.));
#35 = DIRECTION('',(1.,0.,0.));
#36 = DIRECTION('',(0.,0.,1.));
#37 = DEFINITIONAL_REPRESENTATION('',(#38),#42);
#38 = LINE('',#39,#40);
#39 = CARTESIAN_POINT('',(8.,0.));
#40 = VECTOR('',#41,1.);
#41 = DIRECTION('',(0.,-1.));
#42 = ( GEOMETRIC_REPRESENTATION_CONTEXT(2) 
PARAMETRIC_REPRESENTATION_CONTEXT() REPRESENTATION_CONTEXT('2D SPACE',''
  ) );
#43 = PCURVE('',#44,#49);
#44 = PLANE('',#45);
#45 = AXIS2_PLACEMENT_3D('',#46,#47,#48);
#46 = CARTESIAN_POINT('',(0.,0.,8.));
#47 = DIRECTION('',(0.,0.,1.));
#48 = DIRECTION('',(1.,0.,0.));
#49 = DEFINITIONAL_REPRESENTATION('',(#50),#54);
#50 = LINE('',#51,#52);
#51 = CARTESIAN_POINT('',(0.,0.));
#52 = VECTOR('',#53,1.);
#53 = DIRECTION('',(0.,1.));
#54 = ( GEOMETRIC_REPRESENTATION_CONTEXT(2) 
PARAMETRIC_REPRESENTATION_CONTEXT() REPRESENTATION_CONTEXT('2D SPACE',''
  ) );
#55 = ORIENTED_EDGE('',*,*,#56,.F.);
#56 = EDGE_CURVE('',#57,#22,#59,.T.);
#57 = VERTEX_POINT('',#58);
#58 = CARTESIAN_POINT('',(0.,5.,0.));
#59 = SURFACE_CURVE('',#60,(#64,#71),.PCURVE_S1.);
#60 = LINE('',#61,#62);
#61 = CARTESIAN_POINT('',(0.,5.,0.));
#62 = VECTOR('',#63,1.);
#63 = DIRECTION('',(0.,0.,1.));
#64 = PCURVE('',#32,#65);
#65 = DEFINITIONAL_REPRESENTATION('',(#66),#70);
#66 = LINE('',#67,#68);
#67 = CARTESIAN_POINT('',(0.,-5.));
#68 = VECTOR('',#69,1.);
#69 = DIRECTION('',(1.,0.));
#70 = ( GEOMETRIC_REPRESENTATION_CONTEXT(2) 
PARAMETRIC_REPRESENTATION_CONTEXT() REPRESENTATION_CONTEXT('2D SPACE',''
  ) );
#71 = PCURVE('',#72,#77);
#72 = CYLINDRICAL_SURFACE('',#73,5.);
#73 = AXIS2_PLACEMENT_3D('',#74,#75,#76);
#74 = CARTESIAN_POINT('',(5.,5.,0.));
#75 = DIRECTION('',(0.,0.,1.));
#76 = DIRECTION('',(-1.,-0.,0.));
#77 = DEFINITIONAL_REPRESENTATION('',(#78),#82);
#78 = LINE('',#79,#80);
#79 = CARTESIAN_POINT('',(0.,0.));
#80 = VECTOR('',#81,1.);
#81 = DIRECTION('',(0.,1.));
#82 = ( GEOMETRIC_REPRESENTATION_CONTEXT(2) 
PARAMETRIC_REPRESENTATION_CONTEXT() REPRESENTATION_CONTEXT('2D SPACE',''
  ) );
#83 = ORIENTED_EDGE('',*,*,#84,.T.);
#84 = EDGE_CURVE('',#57,#85,#87,.T.);
#85 = VERTEX_POINT('',#86);
#86 = CARTESIAN_POINT('',(0.,55.,0.));
#87 = SURFACE_CURVE('',#88,(#92,#99),.PCURVE_S1.);
#88 = LINE('',#89,#90);
#89 = CARTESIAN_POINT('',(0.,0.,0.));
#90 = VECTOR('',#91,1.);
#91 = DIRECTION('',(0.,1.,0.));
#92 = PCURVE('',#32,#93);
#93 = DEFINITIONAL_REPRESENTATION('',(#94),#98);
#94 = LINE('',#95,#96);
#95 = CARTESIAN_POINT('',(0.,0.));
#96 = VECTOR('',#97,1.);
#97 = DIRECTION('',(0.,-1.));
#98 = ( GEOMETRIC_REPRESENTATION_CONTEXT(2) 
PARAMETRIC_REPRESENTATION_CONTEXT() REPRESENTATION_CONTEXT('2D SPACE',''
  ) );
#99 = PCURVE('',#100,#105);
#100 = PLANE('',#101);
#101 = AXIS2_PLACEMENT_3D('',#102,#103,#104);
#102 = CARTESIAN_POINT('',(0.,0.,0.));
#103 = DIRECTION('',(0.,0.,1.));
#104 = DIRECTION('',(1.,0.,0.));
#105 = DEFINITIONAL_REPRESENTATION('',(#106),#110);
#106 = LINE('',#107,#108);
#107 = CARTESIAN_POINT('',(0.,0.));
#108 = VECTOR('',#109,1.);
#109 = DIRECTION('',(0.,1.));
#110 = ( GEOMETRIC_REPRESENTATION_CONTEXT(2) 
PARAMETRIC_REPRESENTATION_CONTEXT() REPRESENTATION_CONTEXT('2D SPACE',''
  ) );
#111 = ORIENTED_EDGE('',*,*,#112,.T.);
#112 = EDGE_CURVE('',#85,#24,#113,.T.);
#113 = SURFACE_CURVE('',#114,(#118,#125),.PCURVE_S1.);
#114 = LINE('',#115,#116);
#115 = CARTESIAN_POINT('',(0.,55.,0.));
#116 = VECTOR('',#117,1.);
#117 = DIRECTION('',(0.,0.,1.));
#118 = PCURVE('',#32,#119);
#119 = DEFINITIONAL_REPRESENTATION('',(#120),#124);
#120 = LINE('',#121,#122);
#121 = CARTESIAN_POINT('',(0.,-55.));
#122 = VECTOR('',#123,1.);
#123 = DIRECTION('',(1.,0.));
#124 = ( GEOMETRIC_REPRESENTATION_CONTEXT(2) 
PARAMETRIC_REPRESENTATION_CONTEXT() REPRESENTATION_CONTEXT('2D SPACE',''
  ) );
#125 = PCURVE('',#126,#131);
#126 = CYLINDRICAL_SURFACE('',#127,5.);
#127 = AXIS2_PLACEMENT_3D('',#128,#129,#130);
#128 = CARTESIAN_POINT('',(5.,55.,0.));
#129 = DIRECTION('',(0.,0.,1.));
#130 = DIRECTION('',(-1.,-0.,0.));
#131 = DEFINITIONAL_REPRESENTATION('',(#132),#136);
#132 = LINE('',#133,#134);
#133 = CARTESIAN_POINT('',(-0.,0.));
#134 = VECTOR('',#135,1.);
#135 = DIRECTION('',(-0.,1.));
#136 = ( GEOMETRIC_REPRESENTATION_CONTEXT(2) 
PARAMETRIC_REPRESENTATION_CONTEXT() REPRESENTATION_CONTEXT('2D SPACE',''
  ) );
#137 = ADVANCED_FACE('',(#138,#337,#443,#563,#669,#775,#881,#987,#1093,
    #1213,#1423,#2410,#2812,#3150,#3810),#44,.T.);
#138 = FACE_BOUND('',#139,.T.);
#139 = EDGE_LOOP('',(#140,#141,#165,#193,#226,#254,#283,#311));
#140 = ORIENTED_EDGE('',*,*,#21,.F.);
#141 = ORIENTED_EDGE('',*,*,#142,.T.);
#142 = EDGE_CURVE('',#22,#143,#145,.T.);
#143 = VERTEX_POINT('',#144);
#144 = CARTESIAN_POINT('',(5.,0.,8.));
#145 = SURFACE_CURVE('',#146,(#151,#158),.PCURVE_S1.);
#146 = CIRCLE('',#147,5.);
#147 = AXIS2_PLACEMENT_3D('',#148,#149,#150);
#148 = CARTESIAN_POINT('',(5.,5.,8.));
#149 = DIRECTION('',(0.,0.,1.));
#150 = DIRECTION('',(0.,-1.,0.));
#151 = PCURVE('',#44,#152);
#152 = DEFINITIONAL_REPRESENTATION('',(#153),#157);
#153 = CIRCLE('',#154,5.);
#154 = AXIS2_PLACEMENT_2D('',#155,#156);
#155 = CARTESIAN_POINT('',(5.,5.));
#156 = DIRECTION('',(0.,-1.));
#157 = ( GEOMETRIC_REPRESENTATION_CONTEXT(2) 
PARAMETRIC_REPRESENTATION_CONTEXT() REPRESENTATION_CONTEXT('2D SPACE',''
  ) );
#158 = PCURVE('',#72,#159);
#159 = DEFINITIONAL_REPRESENTATION('',(#160),#164);
#160 = LINE('',#161,#162);
#161 = CARTESIAN_POINT('',(-4.712388980385,8.));
#162 = VECTOR('',#163,1.);
#163 = DIRECTION('',(1.,0.));
#164 = ( GEOMETRIC_REPRESENTATION_CONTEXT(2) 
PARAMETRIC_REPRESENTATION_CONTEXT() REPRESENTATION_CONTEXT('2D SPACE',''
  ) );
#165 = ORIENTED_EDGE('',*,*,#166,.T.);
#166 = EDGE_CURVE('',#143,#167,#169,.T.);
#167 = VERTEX_POINT('',#168);
#168 = CARTESIAN_POINT('',(55.,0.,8.));
#169 = SURFACE_CURVE('',#170,(#174,#181),.PCURVE_S1.);
#170 = LINE('',#171,#172);
#171 = CARTESIAN_POINT('',(0.,0.,8.));
#172 = VECTOR('',#173,1.);
#173 = DIRECTION('',(1.,0.,0.));
#174 = PCURVE('',#44,#175);
#175 = DEFINITIONAL_REPRESENTATION('',(#176),#180);
#176 = LINE('',#177,#178);
#177 = CARTESIAN_POINT('',(0.,0.));
#178 = VECTOR('',#179,1.);
#179 = DIRECTION('',(1.,0.));
#180 = ( GEOMETRIC_REPRESENTATION_CONTEXT(2) 
PARAMETRIC_REPRESENTATION_CONTEXT() REPRESENTATION_CONTEXT('2D SPACE',''
  ) );
#181 = PCURVE('',#182,#187);
#182 = PLANE('',#183);
#183 = AXIS2_PLACEMENT_3D('',#184,#185,#186);
#184 = CARTESIAN_POINT('',(0.,0.,0.));
#185 = DIRECTION('',(0.,1.,0.));
#186 = DIRECTION('',(0.,0.,1.));
#187 = DEFINITIONAL_REPRESENTATION('',(#188),#192);
#188 = LINE('',#189,#190);
#189 = CARTESIAN_POINT('',(8.,0.));
#190 = VECTOR('',#191,1.);
#191 = DIRECTION('',(0.,1.));
#192 = ( GEOMETRIC_REPRESENTATION_CONTEXT(2) 
PARAMETRIC_REPRESENTATION_CONTEXT() REPRESENTATION_CONTEXT('2D SPACE',''
  ) );
#193 = ORIENTED_EDGE('',*,*,#194,.F.);
#194 = EDGE_CURVE('',#195,#167,#197,.T.);
#195 = VERTEX_POINT('',#196);
#196 = CARTESIAN_POINT('',(60.,5.,8.));
#197 = SURFACE_CURVE('',#198,(#203,#214),.PCURVE_S1.);
#198 = CIRCLE('',#199,5.);
#199 = AXIS2_PLACEMENT_3D('',#200,#201,#202);
#200 = CARTESIAN_POINT('',(55.,5.,8.));
#201 = DIRECTION('',(-0.,-0.,-1.));
#202 = DIRECTION('',(0.,-1.,0.));
#203 = PCURVE('',#44,#204);
#204 = DEFINITIONAL_REPRESENTATION('',(#205),#213);
#205 = ( BOUNDED_CURVE() B_SPLINE_CURVE(2,(#206,#207,#208,#209,#210,#211
,#212),.UNSPECIFIED.,.T.,.F.) B_SPLINE_CURVE_WITH_KNOTS((1,2,2,2,2,1),(
    -2.094395102393,0.,2.094395102393,4.188790204786,6.28318530718,
8.377580409573),.UNSPECIFIED.) CURVE() GEOMETRIC_REPRESENTATION_ITEM() 
RATIONAL_B_SPLINE_CURVE((1.,0.5,1.,0.5,1.,0.5,1.)) REPRESENTATION_ITEM(
  '') );
#206 = CARTESIAN_POINT('',(55.,0.));
#207 = CARTESIAN_POINT('',(46.339745962156,0.));
#208 = CARTESIAN_POINT('',(50.669872981078,7.5));
#209 = CARTESIAN_POINT('',(55.,15.));
#210 = CARTESIAN_POINT('',(59.330127018922,7.5));
#211 = CARTESIAN_POINT('',(63.660254037844,7.993605777301E-15));
#212 = CARTESIAN_POINT('',(55.,0.));
#213 = ( GEOMETRIC_REPRESENTATION_CONTEXT(2) 
PARAMETRIC_REPRESENTATION_CONTEXT() REPRESENTATION_CONTEXT('2D SPACE',''
  ) );
#214 = PCURVE('',#215,#220);
#215 = CYLINDRICAL_SURFACE('',#216,5.);
#216 = AXIS2_PLACEMENT_3D('',#217,#218,#219);
#217 = CARTESIAN_POINT('',(55.,5.,0.));
#218 = DIRECTION('',(0.,0.,1.));
#219 = DIRECTION('',(1.,0.,-0.));
#220 = DEFINITIONAL_REPRESENTATION('',(#221),#225);
#221 = LINE('',#222,#223);
#222 = CARTESIAN_POINT('',(4.712388980385,8.));
#223 = VECTOR('',#224,1.);
#224 = DIRECTION('',(-1.,0.));
#225 = ( GEOMETRIC_REPRESENTATION_CONTEXT(2) 
PARAMETRIC_REPRESENTATION_CONTEXT() REPRESENTATION_CONTEXT('2D SPACE',''
  ) );
#226 = ORIENTED_EDGE('',*,*,#227,.T.);
#227 = EDGE_CURVE('',#195,#228,#230,.T.);
#228 = VERTEX_POINT('',#229);
#229 = CARTESIAN_POINT('',(60.,55.,8.));
#230 = SURFACE_CURVE('',#231,(#235,#242),.PCURVE_S1.);
#231 = LINE('',#232,#233);
#232 = CARTESIAN_POINT('',(60.,0.,8.));
#233 = VECTOR('',#234,1.);
#234 = DIRECTION('',(0.,1.,0.));
#235 = PCURVE('',#44,#236);
#236 = DEFINITIONAL_REPRESENTATION('',(#237),#241);
#237 = LINE('',#238,#239);
#238 = CARTESIAN_POINT('',(60.,0.));
#239 = VECTOR('',#240,1.);
#240 = DIRECTION('',(0.,1.));
#241 = ( GEOMETRIC_REPRESENTATION_CONTEXT(2) 
PARAMETRIC_REPRESENTATION_CONTEXT() REPRESENTATION_CONTEXT('2D SPACE',''
  ) );
#242 = PCURVE('',#243,#248);
#243 = PLANE('',#244);
#244 = AXIS2_PLACEMENT_3D('',#245,#246,#247);
#245 = CARTESIAN_POINT('',(60.,0.,0.));
#246 = DIRECTION('',(1.,0.,0.));
#247 = DIRECTION('',(0.,0.,1.));
#248 = DEFINITIONAL_REPRESENTATION('',(#249),#253);
#249 = LINE('',#250,#251);
#250 = CARTESIAN_POINT('',(8.,0.));
#251 = VECTOR('',#252,1.);
#252 = DIRECTION('',(0.,-1.));
#253 = ( GEOMETRIC_REPRESENTATION_CONTEXT(2) 
PARAMETRIC_REPRESENTATION_CONTEXT() REPRESENTATION_CONTEXT('2D SPACE',''
  ) );
#254 = ORIENTED_EDGE('',*,*,#255,.T.);
#255 = EDGE_CURVE('',#228,#256,#258,.T.);
#256 = VERTEX_POINT('',#257);
#257 = CARTESIAN_POINT('',(55.,60.,8.));
#258 = SURFACE_CURVE('',#259,(#264,#271),.PCURVE_S1.);
#259 = CIRCLE('',#260,5.);
#260 = AXIS2_PLACEMENT_3D('',#261,#262,#263);
#261 = CARTESIAN_POINT('',(55.,55.,8.));
#262 = DIRECTION('',(0.,0.,1.));
#263 = DIRECTION('',(0.,-1.,0.));
#264 = PCURVE('',#44,#265);
#265 = DEFINITIONAL_REPRESENTATION('',(#266),#270);
#266 = CIRCLE('',#267,5.);
#267 = AXIS2_PLACEMENT_2D('',#268,#269);
#268 = CARTESIAN_POINT('',(55.,55.));
#269 = DIRECTION('',(0.,-1.));
#270 = ( GEOMETRIC_REPRESENTATION_CONTEXT(2) 
PARAMETRIC_REPRESENTATION_CONTEXT() REPRESENTATION_CONTEXT('2D SPACE',''
  ) );
#271 = PCURVE('',#272,#277);
#272 = CYLINDRICAL_SURFACE('',#273,5.);
#273 = AXIS2_PLACEMENT_3D('',#274,#275,#276);
#274 = CARTESIAN_POINT('',(55.,55.,0.));
#275 = DIRECTION('',(0.,0.,1.));
#276 = DIRECTION('',(1.,0.,-0.));
#277 = DEFINITIONAL_REPRESENTATION('',(#278),#282);
#278 = LINE('',#279,#280);
#279 = CARTESIAN_POINT('',(-1.570796326795,8.));
#280 = VECTOR('',#281,1.);
#281 = DIRECTION('',(1.,0.));
#282 = ( GEOMETRIC_REPRESENTATION_CONTEXT(2) 
PARAMETRIC_REPRESENTATION_CONTEXT() REPRESENTATION_CONTEXT('2D SPACE',''
  ) );
#283 = ORIENTED_EDGE('',*,*,#284,.F.);
#284 = EDGE_CURVE('',#285,#256,#287,.T.);
#285 = VERTEX_POINT('',#286);
#286 = CARTESIAN_POINT('',(5.,60.,8.));
#287 = SURFACE_CURVE('',#288,(#292,#299),.PCURVE_S1.);
#288 = LINE('',#289,#290);
#289 = CARTESIAN_POINT('',(0.,60.,8.));
#290 = VECTOR('',#291,1.);
#291 = DIRECTION('',(1.,0.,0.));
#292 = PCURVE('',#44,#293);
#293 = DEFINITIONAL_REPRESENTATION('',(#294),#298);
#294 = LINE('',#295,#296);
#295 = CARTESIAN_POINT('',(0.,60.));
#296 = VECTOR('',#297,1.);
#297 = DIRECTION('',(1.,0.));
#298 = ( GEOMETRIC_REPRESENTATION_CONTEXT(2) 
PARAMETRIC_REPRESENTATION_CONTEXT() REPRESENTATION_CONTEXT('2D SPACE',''
  ) );
#299 = PCURVE('',#300,#305);
#300 = PLANE('',#301);
#301 = AXIS2_PLACEMENT_3D('',#302,#303,#304);
#302 = CARTESIAN_POINT('',(0.,60.,0.));
#303 = DIRECTION('',(0.,1.,0.));
#304 = DIRECTION('',(0.,0.,1.));
#305 = DEFINITIONAL_REPRESENTATION('',(#306),#310);
#306 = LINE('',#307,#308);
#307 = CARTESIAN_POINT('',(8.,0.));
#308 = VECTOR('',#309,1.);
#309 = DIRECTION('',(0.,1.));
#310 = ( GEOMETRIC_REPRESENTATION_CONTEXT(2) 
PARAMETRIC_REPRESENTATION_CONTEXT() REPRESENTATION_CONTEXT('2D SPACE',''
  ) );
#311 = ORIENTED_EDGE('',*,*,#312,.F.);
#312 = EDGE_CURVE('',#24,#285,#313,.T.);
#313 = SURFACE_CURVE('',#314,(#319,#330),.PCURVE_S1.);
#314 = CIRCLE('',#315,5.);
#315 = AXIS2_PLACEMENT_3D('',#316,#317,#318);
#316 = CARTESIAN_POINT('',(5.,55.,8.));
#317 = DIRECTION('',(-0.,-0.,-1.));
#318 = DIRECTION('',(0.,-1.,0.));
#319 = PCURVE('',#44,#320);
#320 = DEFINITIONAL_REPRESENTATION('',(#321),#329);
#321 = ( BOUNDED_CURVE() B_SPLINE_CURVE(2,(#322,#323,#324,#325,#326,#327
,#328),.UNSPECIFIED.,.T.,.F.) B_SPLINE_CURVE_WITH_KNOTS((1,2,2,2,2,1),(
    -2.094395102393,0.,2.094395102393,4.188790204786,6.28318530718,
8.377580409573),.UNSPECIFIED.) CURVE() GEOMETRIC_REPRESENTATION_ITEM() 
RATIONAL_B_SPLINE_CURVE((1.,0.5,1.,0.5,1.,0.5,1.)) REPRESENTATION_ITEM(
  '') );
#322 = CARTESIAN_POINT('',(5.,50.));
#323 = CARTESIAN_POINT('',(-3.660254037844,50.));
#324 = CARTESIAN_POINT('',(0.669872981078,57.5));
#325 = CARTESIAN_POINT('',(5.,65.));
#326 = CARTESIAN_POINT('',(9.330127018922,57.5));
#327 = CARTESIAN_POINT('',(13.660254037844,50.));
#328 = CARTESIAN_POINT('',(5.,50.));
#329 = ( GEOMETRIC_REPRESENTATION_CONTEXT(2) 
PARAMETRIC_REPRESENTATION_CONTEXT() REPRESENTATION_CONTEXT('2D SPACE',''
  ) );
#330 = PCURVE('',#126,#331);
#331 = DEFINITIONAL_REPRESENTATION('',(#332),#336);
#332 = LINE('',#333,#334);
#333 = CARTESIAN_POINT('',(1.570796326795,8.));
#334 = VECTOR('',#335,1.);
#335 = DIRECTION('',(-1.,0.));
#336 = ( GEOMETRIC_REPRESENTATION_CONTEXT(2) 
PARAMETRIC_REPRESENTATION_CONTEXT() REPRESENTATION_CONTEXT('2D SPACE',''
  ) );
#337 = FACE_BOUND('',#338,.T.);
#338 = EDGE_LOOP('',(#339,#367,#393,#419));
#339 = ORIENTED_EDGE('',*,*,#340,.T.);
#340 = EDGE_CURVE('',#341,#343,#345,.T.);
#341 = VERTEX_POINT('',#342);
#342 = CARTESIAN_POINT('',(18.85,7.775,8.));
#343 = VERTEX_POINT('',#344);
#344 = CARTESIAN_POINT('',(17.05,7.775,8.));
#345 = SURFACE_CURVE('',#346,(#350,#356),.PCURVE_S1.);
#346 = LINE('',#347,#348);
#347 = CARTESIAN_POINT('',(8.525,7.775,8.));
#348 = VECTOR('',#349,1.);
#349 = DIRECTION('',(-1.,0.,0.));
#350 = PCURVE('',#44,#351);
#351 = DEFINITIONAL_REPRESENTATION('',(#352),#355);
#352 = B_SPLINE_CURVE_WITH_KNOTS('',1,(#353,#354),.UNSPECIFIED.,.F.,.F.,
  (2,2),(-10.325,-8.525),.PIECEWISE_BEZIER_KNOTS.);
#353 = CARTESIAN_POINT('',(18.85,7.775));
#354 = CARTESIAN_POINT('',(17.05,7.775));
#355 = ( GEOMETRIC_REPRESENTATION_CONTEXT(2) 
PARAMETRIC_REPRESENTATION_CONTEXT() REPRESENTATION_CONTEXT('2D SPACE',''
  ) );
#356 = PCURVE('',#357,#362);
#357 = PLANE('',#358);
#358 = AXIS2_PLACEMENT_3D('',#359,#360,#361);
#359 = CARTESIAN_POINT('',(17.05,7.775,7.65));
#360 = DIRECTION('',(0.,1.,0.));
#361 = DIRECTION('',(0.,0.,1.));
#362 = DEFINITIONAL_REPRESENTATION('',(#363),#366);
#363 = B_SPLINE_CURVE_WITH_KNOTS('',1,(#364,#365),.UNSPECIFIED.,.F.,.F.,
  (2,2),(-10.325,-8.525),.PIECEWISE_BEZIER_KNOTS.);
#364 = CARTESIAN_POINT('',(0.35,1.8));
#365 = CARTESIAN_POINT('',(0.35,0.));
#366 = ( GEOMETRIC_REPRESENTATION_CONTEXT(2) 
PARAMETRIC_REPRESENTATION_CONTEXT() REPRESENTATION_CONTEXT('2D SPACE',''
  ) );
#367 = ORIENTED_EDGE('',*,*,#368,.T.);
#368 = EDGE_CURVE('',#343,#369,#371,.T.);
#369 = VERTEX_POINT('',#370);
#370 = CARTESIAN_POINT('',(17.05,8.225,8.));
#371 = SURFACE_CURVE('',#372,(#376,#382),.PCURVE_S1.);
#372 = LINE('',#373,#374);
#373 = CARTESIAN_POINT('',(17.05,3.8875,8.));
#374 = VECTOR('',#375,1.);
#375 = DIRECTION('',(0.,1.,0.));
#376 = PCURVE('',#44,#377);
#377 = DEFINITIONAL_REPRESENTATION('',(#378),#381);
#378 = B_SPLINE_CURVE_WITH_KNOTS('',1,(#379,#380),.UNSPECIFIED.,.F.,.F.,
  (2,2),(3.8875,4.3375),.PIECEWISE_BEZIER_KNOTS.);
#379 = CARTESIAN_POINT('',(17.05,7.775));
#380 = CARTESIAN_POINT('',(17.05,8.225));
#381 = ( GEOMETRIC_REPRESENTATION_CONTEXT(2) 
PARAMETRIC_REPRESENTATION_CONTEXT() REPRESENTATION_CONTEXT('2D SPACE',''
  ) );
#382 = PCURVE('',#383,#388);
#383 = PLANE('',#384);
#384 = AXIS2_PLACEMENT_3D('',#385,#386,#387);
#385 = CARTESIAN_POINT('',(17.05,7.775,7.65));
#386 = DIRECTION('',(1.,0.,0.));
#387 = DIRECTION('',(0.,0.,1.));
#388 = DEFINITIONAL_REPRESENTATION('',(#389),#392);
#389 = B_SPLINE_CURVE_WITH_KNOTS('',1,(#390,#391),.UNSPECIFIED.,.F.,.F.,
  (2,2),(3.8875,4.3375),.PIECEWISE_BEZIER_KNOTS.);
#390 = CARTESIAN_POINT('',(0.35,0.));
#391 = CARTESIAN_POINT('',(0.35,-0.45));
#392 = ( GEOMETRIC_REPRESENTATION_CONTEXT(2) 
PARAMETRIC_REPRESENTATION_CONTEXT() REPRESENTATION_CONTEXT('2D SPACE',''
  ) );
#393 = ORIENTED_EDGE('',*,*,#394,.F.);
#394 = EDGE_CURVE('',#395,#369,#397,.T.);
#395 = VERTEX_POINT('',#396);
#396 = CARTESIAN_POINT('',(18.85,8.225,8.));
#397 = SURFACE_CURVE('',#398,(#402,#408),.PCURVE_S1.);
#398 = LINE('',#399,#400);
#399 = CARTESIAN_POINT('',(8.525,8.225,8.));
#400 = VECTOR('',#401,1.);
#401 = DIRECTION('',(-1.,0.,0.));
#402 = PCURVE('',#44,#403);
#403 = DEFINITIONAL_REPRESENTATION('',(#404),#407);
#404 = B_SPLINE_CURVE_WITH_KNOTS('',1,(#405,#406),.UNSPECIFIED.,.F.,.F.,
  (2,2),(-10.325,-8.525),.PIECEWISE_BEZIER_KNOTS.);
#405 = CARTESIAN_POINT('',(18.85,8.225));
#406 = CARTESIAN_POINT('',(17.05,8.225));
#407 = ( GEOMETRIC_REPRESENTATION_CONTEXT(2) 
PARAMETRIC_REPRESENTATION_CONTEXT() REPRESENTATION_CONTEXT('2D SPACE',''
  ) );
#408 = PCURVE('',#409,#414);
#409 = PLANE('',#410);
#410 = AXIS2_PLACEMENT_3D('',#411,#412,#413);
#411 = CARTESIAN_POINT('',(17.05,8.225,7.65));
#412 = DIRECTION('',(0.,1.,0.));
#413 = DIRECTION('',(0.,0.,1.));
#414 = DEFINITIONAL_REPRESENTATION('',(#415),#418);
#415 = B_SPLINE_CURVE_WITH_KNOTS('',1,(#416,#417),.UNSPECIFIED.,.F.,.F.,
  (2,2),(-10.325,-8.525),.PIECEWISE_BEZIER_KNOTS.);
#416 = CARTESIAN_POINT('',(0.35,1.8));
#417 = CARTESIAN_POINT('',(0.35,0.));
#418 = ( GEOMETRIC_REPRESENTATION_CONTEXT(2) 
PARAMETRIC_REPRESENTATION_CONTEXT() REPRESENTATION_CONTEXT('2D SPACE',''
  ) );
#419 = ORIENTED_EDGE('',*,*,#420,.F.);
#420 = EDGE_CURVE('',#341,#395,#421,.T.);
#421 = SURFACE_CURVE('',#422,(#426,#432),.PCURVE_S1.);
#422 = LINE('',#423,#424);
#423 = CARTESIAN_POINT('',(18.85,3.8875,8.));
#424 = VECTOR('',#425,1.);
#425 = DIRECTION('',(0.,1.,0.));
#426 = PCURVE('',#44,#427);
#427 = DEFINITIONAL_REPRESENTATION('',(#428),#431);
#428 = B_SPLINE_CURVE_WITH_KNOTS('',1,(#429,#430),.UNSPECIFIED.,.F.,.F.,
  (2,2),(3.8875,4.3375),.PIECEWISE_BEZIER_KNOTS.);
#429 = CARTESIAN_POINT('',(18.85,7.775));
#430 = CARTESIAN_POINT('',(18.85,8.225));
#431 = ( GEOMETRIC_REPRESENTATION_CONTEXT(2) 
PARAMETRIC_REPRESENTATION_CONTEXT() REPRESENTATION_CONTEXT('2D SPACE',''
  ) );
#432 = PCURVE('',#433,#438);
#433 = PLANE('',#434);
#434 = AXIS2_PLACEMENT_3D('',#435,#436,#437);
#435 = CARTESIAN_POINT('',(18.85,7.775,7.65));
#436 = DIRECTION('',(1.,0.,0.));
#437 = DIRECTION('',(0.,0.,1.));
#438 = DEFINITIONAL_REPRESENTATION('',(#439),#442);
#439 = B_SPLINE_CURVE_WITH_KNOTS('',1,(#440,#441),.UNSPECIFIED.,.F.,.F.,
  (2,2),(3.8875,4.3375),.PIECEWISE_BEZIER_KNOTS.);
#440 = CARTESIAN_POINT('',(0.35,0.));
#441 = CARTESIAN_POINT('',(0.35,-0.45));
#442 = ( GEOMETRIC_REPRESENTATION_CONTEXT(2) 
PARAMETRIC_REPRESENTATION_CONTEXT() REPRESENTATION_CONTEXT('2D SPACE',''
  ) );
#443 = FACE_BOUND('',#444,.T.);
#444 = EDGE_LOOP('',(#445,#473,#506,#532));
#445 = ORIENTED_EDGE('',*,*,#446,.F.);
#446 = EDGE_CURVE('',#447,#449,#451,.T.);
#447 = VERTEX_POINT('',#448);
#448 = CARTESIAN_POINT('',(7.4,13.7,8.));
#449 = VERTEX_POINT('',#450);
#450 = CARTESIAN_POINT('',(7.4,6.3,8.));
#451 = SURFACE_CURVE('',#452,(#456,#462),.PCURVE_S1.);
#452 = LINE('',#453,#454);
#453 = CARTESIAN_POINT('',(7.4,3.15,8.));
#454 = VECTOR('',#455,1.);
#455 = DIRECTION('',(-1.110223024625E-16,-1.,0.));
#456 = PCURVE('',#44,#457);
#457 = DEFINITIONAL_REPRESENTATION('',(#458),#461);
#458 = B_SPLINE_CURVE_WITH_KNOTS('',1,(#459,#460),.UNSPECIFIED.,.F.,.F.,
  (2,2),(-10.55,-3.15),.PIECEWISE_BEZIER_KNOTS.);
#459 = CARTESIAN_POINT('',(7.4,13.7));
#460 = CARTESIAN_POINT('',(7.4,6.3));
#461 = ( GEOMETRIC_REPRESENTATION_CONTEXT(2) 
PARAMETRIC_REPRESENTATION_CONTEXT() REPRESENTATION_CONTEXT('2D SPACE',''
  ) );
#462 = PCURVE('',#463,#468);
#463 = PLANE('',#464);
#464 = AXIS2_PLACEMENT_3D('',#465,#466,#467);
#465 = CARTESIAN_POINT('',(7.4,6.3,7.4));
#466 = DIRECTION('',(-1.,1.110223024625E-16,0.));
#467 = DIRECTION('',(1.110223024625E-16,1.,0.));
#468 = DEFINITIONAL_REPRESENTATION('',(#469),#472);
#469 = B_SPLINE_CURVE_WITH_KNOTS('',1,(#470,#471),.UNSPECIFIED.,.F.,.F.,
  (2,2),(-10.55,-3.15),.PIECEWISE_BEZIER_KNOTS.);
#470 = CARTESIAN_POINT('',(7.4,-0.6));
#471 = CARTESIAN_POINT('',(0.,-0.6));
#472 = ( GEOMETRIC_REPRESENTATION_CONTEXT(2) 
PARAMETRIC_REPRESENTATION_CONTEXT() REPRESENTATION_CONTEXT('2D SPACE',''
  ) );
#473 = ORIENTED_EDGE('',*,*,#474,.T.);
#474 = EDGE_CURVE('',#447,#475,#477,.T.);
#475 = VERTEX_POINT('',#476);
#476 = CARTESIAN_POINT('',(16.6,13.7,8.));
#477 = SURFACE_CURVE('',#478,(#483,#494),.PCURVE_S1.);
#478 = CIRCLE('',#479,4.6);
#479 = AXIS2_PLACEMENT_3D('',#480,#481,#482);
#480 = CARTESIAN_POINT('',(12.,13.7,8.));
#481 = DIRECTION('',(0.,0.,-1.));
#482 = DIRECTION('',(-1.,1.110223024625E-16,0.));
#483 = PCURVE('',#44,#484);
#484 = DEFINITIONAL_REPRESENTATION('',(#485),#493);
#485 = ( BOUNDED_CURVE() B_SPLINE_CURVE(2,(#486,#487,#488,#489,#490,#491
,#492),.UNSPECIFIED.,.T.,.F.) B_SPLINE_CURVE_WITH_KNOTS((1,2,2,2,2,1),(
    -2.094395102393,0.,2.094395102393,4.188790204786,6.28318530718,
8.377580409573),.UNSPECIFIED.) CURVE() GEOMETRIC_REPRESENTATION_ITEM() 
RATIONAL_B_SPLINE_CURVE((1.,0.5,1.,0.5,1.,0.5,1.)) REPRESENTATION_ITEM(
  '') );
#486 = CARTESIAN_POINT('',(7.4,13.7));
#487 = CARTESIAN_POINT('',(7.4,21.667433714817));
#488 = CARTESIAN_POINT('',(14.3,17.683716857408));
#489 = CARTESIAN_POINT('',(21.2,13.7));
#490 = CARTESIAN_POINT('',(14.3,9.716283142592));
#491 = CARTESIAN_POINT('',(7.4,5.732566285183));
#492 = CARTESIAN_POINT('',(7.4,13.7));
#493 = ( GEOMETRIC_REPRESENTATION_CONTEXT(2) 
PARAMETRIC_REPRESENTATION_CONTEXT() REPRESENTATION_CONTEXT('2D SPACE',''
  ) );
#494 = PCURVE('',#495,#500);
#495 = CYLINDRICAL_SURFACE('',#496,4.6);
#496 = AXIS2_PLACEMENT_3D('',#497,#498,#499);
#497 = CARTESIAN_POINT('',(12.,13.7,7.4));
#498 = DIRECTION('',(0.,0.,-1.));
#499 = DIRECTION('',(-1.,1.110223024625E-16,0.));
#500 = DEFINITIONAL_REPRESENTATION('',(#501),#505);
#501 = LINE('',#502,#503);
#502 = CARTESIAN_POINT('',(0.,-0.6));
#503 = VECTOR('',#504,1.);
#504 = DIRECTION('',(1.,0.));
#505 = ( GEOMETRIC_REPRESENTATION_CONTEXT(2) 
PARAMETRIC_REPRESENTATION_CONTEXT() REPRESENTATION_CONTEXT('2D SPACE',''
  ) );
#506 = ORIENTED_EDGE('',*,*,#507,.F.);
#507 = EDGE_CURVE('',#508,#475,#510,.T.);
#508 = VERTEX_POINT('',#509);
#509 = CARTESIAN_POINT('',(16.6,6.3,8.));
#510 = SURFACE_CURVE('',#511,(#515,#521),.PCURVE_S1.);
#511 = LINE('',#512,#513);
#512 = CARTESIAN_POINT('',(16.6,6.85,8.));
#513 = VECTOR('',#514,1.);
#514 = DIRECTION('',(1.110223024625E-16,1.,-0.));
#515 = PCURVE('',#44,#516);
#516 = DEFINITIONAL_REPRESENTATION('',(#517),#520);
#517 = B_SPLINE_CURVE_WITH_KNOTS('',1,(#518,#519),.UNSPECIFIED.,.F.,.F.,
  (2,2),(-0.55,6.85),.PIECEWISE_BEZIER_KNOTS.);
#518 = CARTESIAN_POINT('',(16.6,6.3));
#519 = CARTESIAN_POINT('',(16.6,13.7));
#520 = ( GEOMETRIC_REPRESENTATION_CONTEXT(2) 
PARAMETRIC_REPRESENTATION_CONTEXT() REPRESENTATION_CONTEXT('2D SPACE',''
  ) );
#521 = PCURVE('',#522,#527);
#522 = PLANE('',#523);
#523 = AXIS2_PLACEMENT_3D('',#524,#525,#526);
#524 = CARTESIAN_POINT('',(16.6,13.7,7.4));
#525 = DIRECTION('',(1.,-1.110223024625E-16,0.));
#526 = DIRECTION('',(-1.110223024625E-16,-1.,0.));
#527 = DEFINITIONAL_REPRESENTATION('',(#528),#531);
#528 = B_SPLINE_CURVE_WITH_KNOTS('',1,(#529,#530),.UNSPECIFIED.,.F.,.F.,
  (2,2),(-0.55,6.85),.PIECEWISE_BEZIER_KNOTS.);
#529 = CARTESIAN_POINT('',(7.4,-0.6));
#530 = CARTESIAN_POINT('',(0.,-0.6));
#531 = ( GEOMETRIC_REPRESENTATION_CONTEXT(2) 
PARAMETRIC_REPRESENTATION_CONTEXT() REPRESENTATION_CONTEXT('2D SPACE',''
  ) );
#532 = ORIENTED_EDGE('',*,*,#533,.T.);
#533 = EDGE_CURVE('',#508,#449,#534,.T.);
#534 = SURFACE_CURVE('',#535,(#540,#551),.PCURVE_S1.);
#535 = CIRCLE('',#536,4.6);
#536 = AXIS2_PLACEMENT_3D('',#537,#538,#539);
#537 = CARTESIAN_POINT('',(12.,6.3,8.));
#538 = DIRECTION('',(0.,-0.,-1.));
#539 = DIRECTION('',(1.,-1.110223024625E-16,0.));
#540 = PCURVE('',#44,#541);
#541 = DEFINITIONAL_REPRESENTATION('',(#542),#550);
#542 = ( BOUNDED_CURVE() B_SPLINE_CURVE(2,(#543,#544,#545,#546,#547,#548
,#549),.UNSPECIFIED.,.T.,.F.) B_SPLINE_CURVE_WITH_KNOTS((1,2,2,2,2,1),(
    -2.094395102393,0.,2.094395102393,4.188790204786,6.28318530718,
8.377580409573),.UNSPECIFIED.) CURVE() GEOMETRIC_REPRESENTATION_ITEM() 
RATIONAL_B_SPLINE_CURVE((1.,0.5,1.,0.5,1.,0.5,1.)) REPRESENTATION_ITEM(
  '') );
#543 = CARTESIAN_POINT('',(16.6,6.3));
#544 = CARTESIAN_POINT('',(16.6,-1.667433714817));
#545 = CARTESIAN_POINT('',(9.7,2.316283142592));
#546 = CARTESIAN_POINT('',(2.8,6.3));
#547 = CARTESIAN_POINT('',(9.7,10.283716857408));
#548 = CARTESIAN_POINT('',(16.6,14.267433714817));
#549 = CARTESIAN_POINT('',(16.6,6.3));
#550 = ( GEOMETRIC_REPRESENTATION_CONTEXT(2) 
PARAMETRIC_REPRESENTATION_CONTEXT() REPRESENTATION_CONTEXT('2D SPACE',''
  ) );
#551 = PCURVE('',#552,#557);
#552 = CYLINDRICAL_SURFACE('',#553,4.6);
#553 = AXIS2_PLACEMENT_3D('',#554,#555,#556);
#554 = CARTESIAN_POINT('',(12.,6.3,7.4));
#555 = DIRECTION('',(0.,-0.,-1.));
#556 = DIRECTION('',(1.,-1.110223024625E-16,0.));
#557 = DEFINITIONAL_REPRESENTATION('',(#558),#562);
#558 = LINE('',#559,#560);
#559 = CARTESIAN_POINT('',(0.,-0.6));
#560 = VECTOR('',#561,1.);
#561 = DIRECTION('',(1.,0.));
#562 = ( GEOMETRIC_REPRESENTATION_CONTEXT(2) 
PARAMETRIC_REPRESENTATION_CONTEXT() REPRESENTATION_CONTEXT('2D SPACE',''
  ) );
#563 = FACE_BOUND('',#564,.T.);
#564 = EDGE_LOOP('',(#565,#593,#619,#645));
#565 = ORIENTED_EDGE('',*,*,#566,.T.);
#566 = EDGE_CURVE('',#567,#569,#571,.T.);
#567 = VERTEX_POINT('',#568);
#568 = CARTESIAN_POINT('',(20.05,9.775,8.));
#569 = VERTEX_POINT('',#570);
#570 = CARTESIAN_POINT('',(17.05,9.775,8.));
#571 = SURFACE_CURVE('',#572,(#576,#582),.PCURVE_S1.);
#572 = LINE('',#573,#574);
#573 = CARTESIAN_POINT('',(8.525,9.775,8.));
#574 = VECTOR('',#575,1.);
#575 = DIRECTION('',(-1.,0.,0.));
#576 = PCURVE('',#44,#577);
#577 = DEFINITIONAL_REPRESENTATION('',(#578),#581);
#578 = B_SPLINE_CURVE_WITH_KNOTS('',1,(#579,#580),.UNSPECIFIED.,.F.,.F.,
  (2,2),(-11.525,-8.525),.PIECEWISE_BEZIER_KNOTS.);
#579 = CARTESIAN_POINT('',(20.05,9.775));
#580 = CARTESIAN_POINT('',(17.05,9.775));
#581 = ( GEOMETRIC_REPRESENTATION_CONTEXT(2) 
PARAMETRIC_REPRESENTATION_CONTEXT() REPRESENTATION_CONTEXT('2D SPACE',''
  ) );
#582 = PCURVE('',#583,#588);
#583 = PLANE('',#584);
#584 = AXIS2_PLACEMENT_3D('',#585,#586,#587);
#585 = CARTESIAN_POINT('',(17.05,9.775,7.65));
#586 = DIRECTION('',(0.,1.,0.));
#587 = DIRECTION('',(0.,0.,1.));
#588 = DEFINITIONAL_REPRESENTATION('',(#589),#592);
#589 = B_SPLINE_CURVE_WITH_KNOTS('',1,(#590,#591),.UNSPECIFIED.,.F.,.F.,
  (2,2),(-11.525,-8.525),.PIECEWISE_BEZIER_KNOTS.);
#590 = CARTESIAN_POINT('',(0.35,3.));
#591 = CARTESIAN_POINT('',(0.35,0.));
#592 = ( GEOMETRIC_REPRESENTATION_CONTEXT(2) 
PARAMETRIC_REPRESENTATION_CONTEXT() REPRESENTATION_CONTEXT('2D SPACE',''
  ) );
#593 = ORIENTED_EDGE('',*,*,#594,.T.);
#594 = EDGE_CURVE('',#569,#595,#597,.T.);
#595 = VERTEX_POINT('',#596);
#596 = CARTESIAN_POINT('',(17.05,10.225,8.));
#597 = SURFACE_CURVE('',#598,(#602,#608),.PCURVE_S1.);
#598 = LINE('',#599,#600);
#599 = CARTESIAN_POINT('',(17.05,4.8875,8.));
#600 = VECTOR('',#601,1.);
#601 = DIRECTION('',(0.,1.,0.));
#602 = PCURVE('',#44,#603);
#603 = DEFINITIONAL_REPRESENTATION('',(#604),#607);
#604 = B_SPLINE_CURVE_WITH_KNOTS('',1,(#605,#606),.UNSPECIFIED.,.F.,.F.,
  (2,2),(4.8875,5.3375),.PIECEWISE_BEZIER_KNOTS.);
#605 = CARTESIAN_POINT('',(17.05,9.775));
#606 = CARTESIAN_POINT('',(17.05,10.225));
#607 = ( GEOMETRIC_REPRESENTATION_CONTEXT(2) 
PARAMETRIC_REPRESENTATION_CONTEXT() REPRESENTATION_CONTEXT('2D SPACE',''
  ) );
#608 = PCURVE('',#609,#614);
#609 = PLANE('',#610);
#610 = AXIS2_PLACEMENT_3D('',#611,#612,#613);
#611 = CARTESIAN_POINT('',(17.05,9.775,7.65));
#612 = DIRECTION('',(1.,0.,0.));
#613 = DIRECTION('',(0.,0.,1.));
#614 = DEFINITIONAL_REPRESENTATION('',(#615),#618);
#615 = B_SPLINE_CURVE_WITH_KNOTS('',1,(#616,#617),.UNSPECIFIED.,.F.,.F.,
  (2,2),(4.8875,5.3375),.PIECEWISE_BEZIER_KNOTS.);
#616 = CARTESIAN_POINT('',(0.35,0.));
#617 = CARTESIAN_POINT('',(0.35,-0.45));
#618 = ( GEOMETRIC_REPRESENTATION_CONTEXT(2) 
PARAMETRIC_REPRESENTATION_CONTEXT() REPRESENTATION_CONTEXT('2D SPACE',''
  ) );
#619 = ORIENTED_EDGE('',*,*,#620,.F.);
#620 = EDGE_CURVE('',#621,#595,#623,.T.);
#621 = VERTEX_POINT('',#622);
#622 = CARTESIAN_POINT('',(20.05,10.225,8.));
#623 = SURFACE_CURVE('',#624,(#628,#634),.PCURVE_S1.);
#624 = LINE('',#625,#626);
#625 = CARTESIAN_POINT('',(8.525,10.225,8.));
#626 = VECTOR('',#627,1.);
#627 = DIRECTION('',(-1.,0.,0.));
#628 = PCURVE('',#44,#629);
#629 = DEFINITIONAL_REPRESENTATION('',(#630),#633);
#630 = B_SPLINE_CURVE_WITH_KNOTS('',1,(#631,#632),.UNSPECIFIED.,.F.,.F.,
  (2,2),(-11.525,-8.525),.PIECEWISE_BEZIER_KNOTS.);
#631 = CARTESIAN_POINT('',(20.05,10.225));
#632 = CARTESIAN_POINT('',(17.05,10.225));
#633 = ( GEOMETRIC_REPRESENTATION_CONTEXT(2) 
PARAMETRIC_REPRESENTATION_CONTEXT() REPRESENTATION_CONTEXT('2D SPACE',''
  ) );
#634 = PCURVE('',#635,#640);
#635 = PLANE('',#636);
#636 = AXIS2_PLACEMENT_3D('',#637,#638,#639);
#637 = CARTESIAN_POINT('',(17.05,10.225,7.65));
#638 = DIRECTION('',(0.,1.,0.));
#639 = DIRECTION('',(0.,0.,1.));
#640 = DEFINITIONAL_REPRESENTATION('',(#641),#644);
#641 = B_SPLINE_CURVE_WITH_KNOTS('',1,(#642,#643),.UNSPECIFIED.,.F.,.F.,
  (2,2),(-11.525,-8.525),.PIECEWISE_BEZIER_KNOTS.);
#642 = CARTESIAN_POINT('',(0.35,3.));
#643 = CARTESIAN_POINT('',(0.35,0.));
#644 = ( GEOMETRIC_REPRESENTATION_CONTEXT(2) 
PARAMETRIC_REPRESENTATION_CONTEXT() REPRESENTATION_CONTEXT('2D SPACE',''
  ) );
#645 = ORIENTED_EDGE('',*,*,#646,.F.);
#646 = EDGE_CURVE('',#567,#621,#647,.T.);
#647 = SURFACE_CURVE('',#648,(#652,#658),.PCURVE_S1.);
#648 = LINE('',#649,#650);
#649 = CARTESIAN_POINT('',(20.05,4.8875,8.));
#650 = VECTOR('',#651,1.);
#651 = DIRECTION('',(0.,1.,0.));
#652 = PCURVE('',#44,#653);
#653 = DEFINITIONAL_REPRESENTATION('',(#654),#657);
#654 = B_SPLINE_CURVE_WITH_KNOTS('',1,(#655,#656),.UNSPECIFIED.,.F.,.F.,
  (2,2),(4.8875,5.3375),.PIECEWISE_BEZIER_KNOTS.);
#655 = CARTESIAN_POINT('',(20.05,9.775));
#656 = CARTESIAN_POINT('',(20.05,10.225));
#657 = ( GEOMETRIC_REPRESENTATION_CONTEXT(2) 
PARAMETRIC_REPRESENTATION_CONTEXT() REPRESENTATION_CONTEXT('2D SPACE',''
  ) );
#658 = PCURVE('',#659,#664);
#659 = PLANE('',#660);
#660 = AXIS2_PLACEMENT_3D('',#661,#662,#663);
#661 = CARTESIAN_POINT('',(20.05,9.775,7.65));
#662 = DIRECTION('',(1.,0.,0.));
#663 = DIRECTION('',(0.,0.,1.));
#664 = DEFINITIONAL_REPRESENTATION('',(#665),#668);
#665 = B_SPLINE_CURVE_WITH_KNOTS('',1,(#666,#667),.UNSPECIFIED.,.F.,.F.,
  (2,2),(4.8875,5.3375),.PIECEWISE_BEZIER_KNOTS.);
#666 = CARTESIAN_POINT('',(0.35,0.));
#667 = CARTESIAN_POINT('',(0.35,-0.45));
#668 = ( GEOMETRIC_REPRESENTATION_CONTEXT(2) 
PARAMETRIC_REPRESENTATION_CONTEXT() REPRESENTATION_CONTEXT('2D SPACE',''
  ) );
#669 = FACE_BOUND('',#670,.T.);
#670 = EDGE_LOOP('',(#671,#699,#725,#751));
#671 = ORIENTED_EDGE('',*,*,#672,.T.);
#672 = EDGE_CURVE('',#673,#675,#677,.T.);
#673 = VERTEX_POINT('',#674);
#674 = CARTESIAN_POINT('',(18.85,11.775,8.));
#675 = VERTEX_POINT('',#676);
#676 = CARTESIAN_POINT('',(17.05,11.775,8.));
#677 = SURFACE_CURVE('',#678,(#682,#688),.PCURVE_S1.);
#678 = LINE('',#679,#680);
#679 = CARTESIAN_POINT('',(8.525,11.775,8.));
#680 = VECTOR('',#681,1.);
#681 = DIRECTION('',(-1.,0.,0.));
#682 = PCURVE('',#44,#683);
#683 = DEFINITIONAL_REPRESENTATION('',(#684),#687);
#684 = B_SPLINE_CURVE_WITH_KNOTS('',1,(#685,#686),.UNSPECIFIED.,.F.,.F.,
  (2,2),(-10.325,-8.525),.PIECEWISE_BEZIER_KNOTS.);
#685 = CARTESIAN_POINT('',(18.85,11.775));
#686 = CARTESIAN_POINT('',(17.05,11.775));
#687 = ( GEOMETRIC_REPRESENTATION_CONTEXT(2) 
PARAMETRIC_REPRESENTATION_CONTEXT() REPRESENTATION_CONTEXT('2D SPACE',''
  ) );
#688 = PCURVE('',#689,#694);
#689 = PLANE('',#690);
#690 = AXIS2_PLACEMENT_3D('',#691,#692,#693);
#691 = CARTESIAN_POINT('',(17.05,11.775,7.65));
#692 = DIRECTION('',(0.,1.,0.));
#693 = DIRECTION('',(0.,0.,1.));
#694 = DEFINITIONAL_REPRESENTATION('',(#695),#698);
#695 = B_SPLINE_CURVE_WITH_KNOTS('',1,(#696,#697),.UNSPECIFIED.,.F.,.F.,
  (2,2),(-10.325,-8.525),.PIECEWISE_BEZIER_KNOTS.);
#696 = CARTESIAN_POINT('',(0.35,1.8));
#697 = CARTESIAN_POINT('',(0.35,0.));
#698 = ( GEOMETRIC_REPRESENTATION_CONTEXT(2) 
PARAMETRIC_REPRESENTATION_CONTEXT() REPRESENTATION_CONTEXT('2D SPACE',''
  ) );
#699 = ORIENTED_EDGE('',*,*,#700,.T.);
#700 = EDGE_CURVE('',#675,#701,#703,.T.);
#701 = VERTEX_POINT('',#702);
#702 = CARTESIAN_POINT('',(17.05,12.225,8.));
#703 = SURFACE_CURVE('',#704,(#708,#714),.PCURVE_S1.);
#704 = LINE('',#705,#706);
#705 = CARTESIAN_POINT('',(17.05,5.8875,8.));
#706 = VECTOR('',#707,1.);
#707 = DIRECTION('',(0.,1.,0.));
#708 = PCURVE('',#44,#709);
#709 = DEFINITIONAL_REPRESENTATION('',(#710),#713);
#710 = B_SPLINE_CURVE_WITH_KNOTS('',1,(#711,#712),.UNSPECIFIED.,.F.,.F.,
  (2,2),(5.8875,6.3375),.PIECEWISE_BEZIER_KNOTS.);
#711 = CARTESIAN_POINT('',(17.05,11.775));
#712 = CARTESIAN_POINT('',(17.05,12.225));
#713 = ( GEOMETRIC_REPRESENTATION_CONTEXT(2) 
PARAMETRIC_REPRESENTATION_CONTEXT() REPRESENTATION_CONTEXT('2D SPACE',''
  ) );
#714 = PCURVE('',#715,#720);
#715 = PLANE('',#716);
#716 = AXIS2_PLACEMENT_3D('',#717,#718,#719);
#717 = CARTESIAN_POINT('',(17.05,11.775,7.65));
#718 = DIRECTION('',(1.,0.,0.));
#719 = DIRECTION('',(0.,0.,1.));
#720 = DEFINITIONAL_REPRESENTATION('',(#721),#724);
#721 = B_SPLINE_CURVE_WITH_KNOTS('',1,(#722,#723),.UNSPECIFIED.,.F.,.F.,
  (2,2),(5.8875,6.3375),.PIECEWISE_BEZIER_KNOTS.);
#722 = CARTESIAN_POINT('',(0.35,0.));
#723 = CARTESIAN_POINT('',(0.35,-0.45));
#724 = ( GEOMETRIC_REPRESENTATION_CONTEXT(2) 
PARAMETRIC_REPRESENTATION_CONTEXT() REPRESENTATION_CONTEXT('2D SPACE',''
  ) );
#725 = ORIENTED_EDGE('',*,*,#726,.F.);
#726 = EDGE_CURVE('',#727,#701,#729,.T.);
#727 = VERTEX_POINT('',#728);
#728 = CARTESIAN_POINT('',(18.85,12.225,8.));
#729 = SURFACE_CURVE('',#730,(#734,#740),.PCURVE_S1.);
#730 = LINE('',#731,#732);
#731 = CARTESIAN_POINT('',(8.525,12.225,8.));
#732 = VECTOR('',#733,1.);
#733 = DIRECTION('',(-1.,0.,0.));
#734 = PCURVE('',#44,#735);
#735 = DEFINITIONAL_REPRESENTATION('',(#736),#739);
#736 = B_SPLINE_CURVE_WITH_KNOTS('',1,(#737,#738),.UNSPECIFIED.,.F.,.F.,
  (2,2),(-10.325,-8.525),.PIECEWISE_BEZIER_KNOTS.);
#737 = CARTESIAN_POINT('',(18.85,12.225));
#738 = CARTESIAN_POINT('',(17.05,12.225));
#739 = ( GEOMETRIC_REPRESENTATION_CONTEXT(2) 
PARAMETRIC_REPRESENTATION_CONTEXT() REPRESENTATION_CONTEXT('2D SPACE',''
  ) );
#740 = PCURVE('',#741,#746);
#741 = PLANE('',#742);
#742 = AXIS2_PLACEMENT_3D('',#743,#744,#745);
#743 = CARTESIAN_POINT('',(17.05,12.225,7.65));
#744 = DIRECTION('',(0.,1.,0.));
#745 = DIRECTION('',(0.,0.,1.));
#746 = DEFINITIONAL_REPRESENTATION('',(#747),#750);
#747 = B_SPLINE_CURVE_WITH_KNOTS('',1,(#748,#749),.UNSPECIFIED.,.F.,.F.,
  (2,2),(-10.325,-8.525),.PIECEWISE_BEZIER_KNOTS.);
#748 = CARTESIAN_POINT('',(0.35,1.8));
#749 = CARTESIAN_POINT('',(0.35,0.));
#750 = ( GEOMETRIC_REPRESENTATION_CONTEXT(2) 
PARAMETRIC_REPRESENTATION_CONTEXT() REPRESENTATION_CONTEXT('2D SPACE',''
  ) );
#751 = ORIENTED_EDGE('',*,*,#752,.F.);
#752 = EDGE_CURVE('',#673,#727,#753,.T.);
#753 = SURFACE_CURVE('',#754,(#758,#764),.PCURVE_S1.);
#754 = LINE('',#755,#756);
#755 = CARTESIAN_POINT('',(18.85,5.8875,8.));
#756 = VECTOR('',#757,1.);
#757 = DIRECTION('',(0.,1.,0.));
#758 = PCURVE('',#44,#759);
#759 = DEFINITIONAL_REPRESENTATION('',(#760),#763);
#760 = B_SPLINE_CURVE_WITH_KNOTS('',1,(#761,#762),.UNSPECIFIED.,.F.,.F.,
  (2,2),(5.8875,6.3375),.PIECEWISE_BEZIER_KNOTS.);
#761 = CARTESIAN_POINT('',(18.85,11.775));
#762 = CARTESIAN_POINT('',(18.85,12.225));
#763 = ( GEOMETRIC_REPRESENTATION_CONTEXT(2) 
PARAMETRIC_REPRESENTATION_CONTEXT() REPRESENTATION_CONTEXT('2D SPACE',''
  ) );
#764 = PCURVE('',#765,#770);
#765 = PLANE('',#766);
#766 = AXIS2_PLACEMENT_3D('',#767,#768,#769);
#767 = CARTESIAN_POINT('',(18.85,11.775,7.65));
#768 = DIRECTION('',(1.,0.,0.));
#769 = DIRECTION('',(0.,0.,1.));
#770 = DEFINITIONAL_REPRESENTATION('',(#771),#774);
#771 = B_SPLINE_CURVE_WITH_KNOTS('',1,(#772,#773),.UNSPECIFIED.,.F.,.F.,
  (2,2),(5.8875,6.3375),.PIECEWISE_BEZIER_KNOTS.);
#772 = CARTESIAN_POINT('',(0.35,0.));
#773 = CARTESIAN_POINT('',(0.35,-0.45));
#774 = ( GEOMETRIC_REPRESENTATION_CONTEXT(2) 
PARAMETRIC_REPRESENTATION_CONTEXT() REPRESENTATION_CONTEXT('2D SPACE',''
  ) );
#775 = FACE_BOUND('',#776,.T.);
#776 = EDGE_LOOP('',(#777,#805,#831,#857));
#777 = ORIENTED_EDGE('',*,*,#778,.T.);
#778 = EDGE_CURVE('',#779,#781,#783,.T.);
#779 = VERTEX_POINT('',#780);
#780 = CARTESIAN_POINT('',(42.95,7.775,8.));
#781 = VERTEX_POINT('',#782);
#782 = CARTESIAN_POINT('',(41.15,7.775,8.));
#783 = SURFACE_CURVE('',#784,(#788,#794),.PCURVE_S1.);
#784 = LINE('',#785,#786);
#785 = CARTESIAN_POINT('',(20.575,7.775,8.));
#786 = VECTOR('',#787,1.);
#787 = DIRECTION('',(-1.,0.,0.));
#788 = PCURVE('',#44,#789);
#789 = DEFINITIONAL_REPRESENTATION('',(#790),#793);
#790 = B_SPLINE_CURVE_WITH_KNOTS('',1,(#791,#792),.UNSPECIFIED.,.F.,.F.,
  (2,2),(-22.375,-20.575),.PIECEWISE_BEZIER_KNOTS.);
#791 = CARTESIAN_POINT('',(42.95,7.775));
#792 = CARTESIAN_POINT('',(41.15,7.775));
#793 = ( GEOMETRIC_REPRESENTATION_CONTEXT(2) 
PARAMETRIC_REPRESENTATION_CONTEXT() REPRESENTATION_CONTEXT('2D SPACE',''
  ) );
#794 = PCURVE('',#795,#800);
#795 = PLANE('',#796);
#796 = AXIS2_PLACEMENT_3D('',#797,#798,#799);
#797 = CARTESIAN_POINT('',(41.15,7.775,7.65));
#798 = DIRECTION('',(0.,1.,0.));
#799 = DIRECTION('',(0.,0.,1.));
#800 = DEFINITIONAL_REPRESENTATION('',(#801),#804);
#801 = B_SPLINE_CURVE_WITH_KNOTS('',1,(#802,#803),.UNSPECIFIED.,.F.,.F.,
  (2,2),(-22.375,-20.575),.PIECEWISE_BEZIER_KNOTS.);
#802 = CARTESIAN_POINT('',(0.35,1.8));
#803 = CARTESIAN_POINT('',(0.35,0.));
#804 = ( GEOMETRIC_REPRESENTATION_CONTEXT(2) 
PARAMETRIC_REPRESENTATION_CONTEXT() REPRESENTATION_CONTEXT('2D SPACE',''
  ) );
#805 = ORIENTED_EDGE('',*,*,#806,.T.);
#806 = EDGE_CURVE('',#781,#807,#809,.T.);
#807 = VERTEX_POINT('',#808);
#808 = CARTESIAN_POINT('',(41.15,8.225,8.));
#809 = SURFACE_CURVE('',#810,(#814,#820),.PCURVE_S1.);
#810 = LINE('',#811,#812);
#811 = CARTESIAN_POINT('',(41.15,3.8875,8.));
#812 = VECTOR('',#813,1.);
#813 = DIRECTION('',(0.,1.,0.));
#814 = PCURVE('',#44,#815);
#815 = DEFINITIONAL_REPRESENTATION('',(#816),#819);
#816 = B_SPLINE_CURVE_WITH_KNOTS('',1,(#817,#818),.UNSPECIFIED.,.F.,.F.,
  (2,2),(3.8875,4.3375),.PIECEWISE_BEZIER_KNOTS.);
#817 = CARTESIAN_POINT('',(41.15,7.775));
#818 = CARTESIAN_POINT('',(41.15,8.225));
#819 = ( GEOMETRIC_REPRESENTATION_CONTEXT(2) 
PARAMETRIC_REPRESENTATION_CONTEXT() REPRESENTATION_CONTEXT('2D SPACE',''
  ) );
#820 = PCURVE('',#821,#826);
#821 = PLANE('',#822);
#822 = AXIS2_PLACEMENT_3D('',#823,#824,#825);
#823 = CARTESIAN_POINT('',(41.15,7.775,7.65));
#824 = DIRECTION('',(1.,0.,0.));
#825 = DIRECTION('',(0.,0.,1.));
#826 = DEFINITIONAL_REPRESENTATION('',(#827),#830);
#827 = B_SPLINE_CURVE_WITH_KNOTS('',1,(#828,#829),.UNSPECIFIED.,.F.,.F.,
  (2,2),(3.8875,4.3375),.PIECEWISE_BEZIER_KNOTS.);
#828 = CARTESIAN_POINT('',(0.35,0.));
#829 = CARTESIAN_POINT('',(0.35,-0.45));
#830 = ( GEOMETRIC_REPRESENTATION_CONTEXT(2) 
PARAMETRIC_REPRESENTATION_CONTEXT() REPRESENTATION_CONTEXT('2D SPACE',''
  ) );
#831 = ORIENTED_EDGE('',*,*,#832,.F.);
#832 = EDGE_CURVE('',#833,#807,#835,.T.);
#833 = VERTEX_POINT('',#834);
#834 = CARTESIAN_POINT('',(42.95,8.225,8.));
#835 = SURFACE_CURVE('',#836,(#840,#846),.PCURVE_S1.);
#836 = LINE('',#837,#838);
#837 = CARTESIAN_POINT('',(20.575,8.225,8.));
#838 = VECTOR('',#839,1.);
#839 = DIRECTION('',(-1.,0.,0.));
#840 = PCURVE('',#44,#841);
#841 = DEFINITIONAL_REPRESENTATION('',(#842),#845);
#842 = B_SPLINE_CURVE_WITH_KNOTS('',1,(#843,#844),.UNSPECIFIED.,.F.,.F.,
  (2,2),(-22.375,-20.575),.PIECEWISE_BEZIER_KNOTS.);
#843 = CARTESIAN_POINT('',(42.95,8.225));
#844 = CARTESIAN_POINT('',(41.15,8.225));
#845 = ( GEOMETRIC_REPRESENTATION_CONTEXT(2) 
PARAMETRIC_REPRESENTATION_CONTEXT() REPRESENTATION_CONTEXT('2D SPACE',''
  ) );
#846 = PCURVE('',#847,#852);
#847 = PLANE('',#848);
#848 = AXIS2_PLACEMENT_3D('',#849,#850,#851);
#849 = CARTESIAN_POINT('',(41.15,8.225,7.65));
#850 = DIRECTION('',(0.,1.,0.));
#851 = DIRECTION('',(0.,0.,1.));
#852 = DEFINITIONAL_REPRESENTATION('',(#853),#856);
#853 = B_SPLINE_CURVE_WITH_KNOTS('',1,(#854,#855),.UNSPECIFIED.,.F.,.F.,
  (2,2),(-22.375,-20.575),.PIECEWISE_BEZIER_KNOTS.);
#854 = CARTESIAN_POINT('',(0.35,1.8));
#855 = CARTESIAN_POINT('',(0.35,0.));
#856 = ( GEOMETRIC_REPRESENTATION_CONTEXT(2) 
PARAMETRIC_REPRESENTATION_CONTEXT() REPRESENTATION_CONTEXT('2D SPACE',''
  ) );
#857 = ORIENTED_EDGE('',*,*,#858,.F.);
#858 = EDGE_CURVE('',#779,#833,#859,.T.);
#859 = SURFACE_CURVE('',#860,(#864,#870),.PCURVE_S1.);
#860 = LINE('',#861,#862);
#861 = CARTESIAN_POINT('',(42.95,3.8875,8.));
#862 = VECTOR('',#863,1.);
#863 = DIRECTION('',(0.,1.,0.));
#864 = PCURVE('',#44,#865);
#865 = DEFINITIONAL_REPRESENTATION('',(#866),#869);
#866 = B_SPLINE_CURVE_WITH_KNOTS('',1,(#867,#868),.UNSPECIFIED.,.F.,.F.,
  (2,2),(3.8875,4.3375),.PIECEWISE_BEZIER_KNOTS.);
#867 = CARTESIAN_POINT('',(42.95,7.775));
#868 = CARTESIAN_POINT('',(42.95,8.225));
#869 = ( GEOMETRIC_REPRESENTATION_CONTEXT(2) 
PARAMETRIC_REPRESENTATION_CONTEXT() REPRESENTATION_CONTEXT('2D SPACE',''
  ) );
#870 = PCURVE('',#871,#876);
#871 = PLANE('',#872);
#872 = AXIS2_PLACEMENT_3D('',#873,#874,#875);
#873 = CARTESIAN_POINT('',(42.95,7.775,7.65));
#874 = DIRECTION('',(1.,0.,0.));
#875 = DIRECTION('',(0.,0.,1.));
#876 = DEFINITIONAL_REPRESENTATION('',(#877),#880);
#877 = B_SPLINE_CURVE_WITH_KNOTS('',1,(#878,#879),.UNSPECIFIED.,.F.,.F.,
  (2,2),(3.8875,4.3375),.PIECEWISE_BEZIER_KNOTS.);
#878 = CARTESIAN_POINT('',(0.35,0.));
#879 = CARTESIAN_POINT('',(0.35,-0.45));
#880 = ( GEOMETRIC_REPRESENTATION_CONTEXT(2) 
PARAMETRIC_REPRESENTATION_CONTEXT() REPRESENTATION_CONTEXT('2D SPACE',''
  ) );
#881 = FACE_BOUND('',#882,.T.);
#882 = EDGE_LOOP('',(#883,#911,#937,#963));
#883 = ORIENTED_EDGE('',*,*,#884,.T.);
#884 = EDGE_CURVE('',#885,#887,#889,.T.);
#885 = VERTEX_POINT('',#886);
#886 = CARTESIAN_POINT('',(42.95,9.775,8.));
#887 = VERTEX_POINT('',#888);
#888 = CARTESIAN_POINT('',(39.95,9.775,8.));
#889 = SURFACE_CURVE('',#890,(#894,#900),.PCURVE_S1.);
#890 = LINE('',#891,#892);
#891 = CARTESIAN_POINT('',(19.975,9.775,8.));
#892 = VECTOR('',#893,1.);
#893 = DIRECTION('',(-1.,0.,0.));
#894 = PCURVE('',#44,#895);
#895 = DEFINITIONAL_REPRESENTATION('',(#896),#899);
#896 = B_SPLINE_CURVE_WITH_KNOTS('',1,(#897,#898),.UNSPECIFIED.,.F.,.F.,
  (2,2),(-22.975,-19.975),.PIECEWISE_BEZIER_KNOTS.);
#897 = CARTESIAN_POINT('',(42.95,9.775));
#898 = CARTESIAN_POINT('',(39.95,9.775));
#899 = ( GEOMETRIC_REPRESENTATION_CONTEXT(2) 
PARAMETRIC_REPRESENTATION_CONTEXT() REPRESENTATION_CONTEXT('2D SPACE',''
  ) );
#900 = PCURVE('',#901,#906);
#901 = PLANE('',#902);
#902 = AXIS2_PLACEMENT_3D('',#903,#904,#905);
#903 = CARTESIAN_POINT('',(39.95,9.775,7.65));
#904 = DIRECTION('',(0.,1.,0.));
#905 = DIRECTION('',(0.,0.,1.));
#906 = DEFINITIONAL_REPRESENTATION('',(#907),#910);
#907 = B_SPLINE_CURVE_WITH_KNOTS('',1,(#908,#909),.UNSPECIFIED.,.F.,.F.,
  (2,2),(-22.975,-19.975),.PIECEWISE_BEZIER_KNOTS.);
#908 = CARTESIAN_POINT('',(0.35,3.));
#909 = CARTESIAN_POINT('',(0.35,0.));
#910 = ( GEOMETRIC_REPRESENTATION_CONTEXT(2) 
PARAMETRIC_REPRESENTATION_CONTEXT() REPRESENTATION_CONTEXT('2D SPACE',''
  ) );
#911 = ORIENTED_EDGE('',*,*,#912,.T.);
#912 = EDGE_CURVE('',#887,#913,#915,.T.);
#913 = VERTEX_POINT('',#914);
#914 = CARTESIAN_POINT('',(39.95,10.225,8.));
#915 = SURFACE_CURVE('',#916,(#920,#926),.PCURVE_S1.);
#916 = LINE('',#917,#918);
#917 = CARTESIAN_POINT('',(39.95,4.8875,8.));
#918 = VECTOR('',#919,1.);
#919 = DIRECTION('',(0.,1.,0.));
#920 = PCURVE('',#44,#921);
#921 = DEFINITIONAL_REPRESENTATION('',(#922),#925);
#922 = B_SPLINE_CURVE_WITH_KNOTS('',1,(#923,#924),.UNSPECIFIED.,.F.,.F.,
  (2,2),(4.8875,5.3375),.PIECEWISE_BEZIER_KNOTS.);
#923 = CARTESIAN_POINT('',(39.95,9.775));
#924 = CARTESIAN_POINT('',(39.95,10.225));
#925 = ( GEOMETRIC_REPRESENTATION_CONTEXT(2) 
PARAMETRIC_REPRESENTATION_CONTEXT() REPRESENTATION_CONTEXT('2D SPACE',''
  ) );
#926 = PCURVE('',#927,#932);
#927 = PLANE('',#928);
#928 = AXIS2_PLACEMENT_3D('',#929,#930,#931);
#929 = CARTESIAN_POINT('',(39.95,9.775,7.65));
#930 = DIRECTION('',(1.,0.,0.));
#931 = DIRECTION('',(0.,0.,1.));
#932 = DEFINITIONAL_REPRESENTATION('',(#933),#936);
#933 = B_SPLINE_CURVE_WITH_KNOTS('',1,(#934,#935),.UNSPECIFIED.,.F.,.F.,
  (2,2),(4.8875,5.3375),.PIECEWISE_BEZIER_KNOTS.);
#934 = CARTESIAN_POINT('',(0.35,0.));
#935 = CARTESIAN_POINT('',(0.35,-0.45));
#936 = ( GEOMETRIC_REPRESENTATION_CONTEXT(2) 
PARAMETRIC_REPRESENTATION_CONTEXT() REPRESENTATION_CONTEXT('2D SPACE',''
  ) );
#937 = ORIENTED_EDGE('',*,*,#938,.F.);
#938 = EDGE_CURVE('',#939,#913,#941,.T.);
#939 = VERTEX_POINT('',#940);
#940 = CARTESIAN_POINT('',(42.95,10.225,8.));
#941 = SURFACE_CURVE('',#942,(#946,#952),.PCURVE_S1.);
#942 = LINE('',#943,#944);
#943 = CARTESIAN_POINT('',(19.975,10.225,8.));
#944 = VECTOR('',#945,1.);
#945 = DIRECTION('',(-1.,0.,0.));
#946 = PCURVE('',#44,#947);
#947 = DEFINITIONAL_REPRESENTATION('',(#948),#951);
#948 = B_SPLINE_CURVE_WITH_KNOTS('',1,(#949,#950),.UNSPECIFIED.,.F.,.F.,
  (2,2),(-22.975,-19.975),.PIECEWISE_BEZIER_KNOTS.);
#949 = CARTESIAN_POINT('',(42.95,10.225));
#950 = CARTESIAN_POINT('',(39.95,10.225));
#951 = ( GEOMETRIC_REPRESENTATION_CONTEXT(2) 
PARAMETRIC_REPRESENTATION_CONTEXT() REPRESENTATION_CONTEXT('2D SPACE',''
  ) );
#952 = PCURVE('',#953,#958);
#953 = PLANE('',#954);
#954 = AXIS2_PLACEMENT_3D('',#955,#956,#957);
#955 = CARTESIAN_POINT('',(39.95,10.225,7.65));
#956 = DIRECTION('',(0.,1.,0.));
#957 = DIRECTION('',(0.,0.,1.));
#958 = DEFINITIONAL_REPRESENTATION('',(#959),#962);
#959 = B_SPLINE_CURVE_WITH_KNOTS('',1,(#960,#961),.UNSPECIFIED.,.F.,.F.,
  (2,2),(-22.975,-19.975),.PIECEWISE_BEZIER_KNOTS.);
#960 = CARTESIAN_POINT('',(0.35,3.));
#961 = CARTESIAN_POINT('',(0.35,0.));
#962 = ( GEOMETRIC_REPRESENTATION_CONTEXT(2) 
PARAMETRIC_REPRESENTATION_CONTEXT() REPRESENTATION_CONTEXT('2D SPACE',''
  ) );
#963 = ORIENTED_EDGE('',*,*,#964,.F.);
#964 = EDGE_CURVE('',#885,#939,#965,.T.);
#965 = SURFACE_CURVE('',#966,(#970,#976),.PCURVE_S1.);
#966 = LINE('',#967,#968);
#967 = CARTESIAN_POINT('',(42.95,4.8875,8.));
#968 = VECTOR('',#969,1.);
#969 = DIRECTION('',(0.,1.,0.));
#970 = PCURVE('',#44,#971);
#971 = DEFINITIONAL_REPRESENTATION('',(#972),#975);
#972 = B_SPLINE_CURVE_WITH_KNOTS('',1,(#973,#974),.UNSPECIFIED.,.F.,.F.,
  (2,2),(4.8875,5.3375),.PIECEWISE_BEZIER_KNOTS.);
#973 = CARTESIAN_POINT('',(42.95,9.775));
#974 = CARTESIAN_POINT('',(42.95,10.225));
#975 = ( GEOMETRIC_REPRESENTATION_CONTEXT(2) 
PARAMETRIC_REPRESENTATION_CONTEXT() REPRESENTATION_CONTEXT('2D SPACE',''
  ) );
#976 = PCURVE('',#977,#982);
#977 = PLANE('',#978);
#978 = AXIS2_PLACEMENT_3D('',#979,#980,#981);
#979 = CARTESIAN_POINT('',(42.95,9.775,7.65));
#980 = DIRECTION('',(1.,0.,0.));
#981 = DIRECTION('',(0.,0.,1.));
#982 = DEFINITIONAL_REPRESENTATION('',(#983),#986);
#983 = B_SPLINE_CURVE_WITH_KNOTS('',1,(#984,#985),.UNSPECIFIED.,.F.,.F.,
  (2,2),(4.8875,5.3375),.PIECEWISE_BEZIER_KNOTS.);
#984 = CARTESIAN_POINT('',(0.35,0.));
#985 = CARTESIAN_POINT('',(0.35,-0.45));
#986 = ( GEOMETRIC_REPRESENTATION_CONTEXT(2) 
PARAMETRIC_REPRESENTATION_CONTEXT() REPRESENTATION_CONTEXT('2D SPACE',''
  ) );
#987 = FACE_BOUND('',#988,.T.);
#988 = EDGE_LOOP('',(#989,#1017,#1043,#1069));
#989 = ORIENTED_EDGE('',*,*,#990,.T.);
#990 = EDGE_CURVE('',#991,#993,#995,.T.);
#991 = VERTEX_POINT('',#992);
#992 = CARTESIAN_POINT('',(42.95,11.775,8.));
#993 = VERTEX_POINT('',#994);
#994 = CARTESIAN_POINT('',(41.15,11.775,8.));
#995 = SURFACE_CURVE('',#996,(#1000,#1006),.PCURVE_S1.);
#996 = LINE('',#997,#998);
#997 = CARTESIAN_POINT('',(20.575,11.775,8.));
#998 = VECTOR('',#999,1.);
#999 = DIRECTION('',(-1.,0.,0.));
#1000 = PCURVE('',#44,#1001);
#1001 = DEFINITIONAL_REPRESENTATION('',(#1002),#1005);
#1002 = B_SPLINE_CURVE_WITH_KNOTS('',1,(#1003,#1004),.UNSPECIFIED.,.F.,
  .F.,(2,2),(-22.375,-20.575),.PIECEWISE_BEZIER_KNOTS.);
#1003 = CARTESIAN_POINT('',(42.95,11.775));
#1004 = CARTESIAN_POINT('',(41.15,11.775));
#1005 = ( GEOMETRIC_REPRESENTATION_CONTEXT(2) 
PARAMETRIC_REPRESENTATION_CONTEXT() REPRESENTATION_CONTEXT('2D SPACE',''
  ) );
#1006 = PCURVE('',#1007,#1012);
#1007 = PLANE('',#1008);
#1008 = AXIS2_PLACEMENT_3D('',#1009,#1010,#1011);
#1009 = CARTESIAN_POINT('',(41.15,11.775,7.65));
#1010 = DIRECTION('',(0.,1.,0.));
#1011 = DIRECTION('',(0.,0.,1.));
#1012 = DEFINITIONAL_REPRESENTATION('',(#1013),#1016);
#1013 = B_SPLINE_CURVE_WITH_KNOTS('',1,(#1014,#1015),.UNSPECIFIED.,.F.,
  .F.,(2,2),(-22.375,-20.575),.PIECEWISE_BEZIER_KNOTS.);
#1014 = CARTESIAN_POINT('',(0.35,1.8));
#1015 = CARTESIAN_POINT('',(0.35,0.));
#1016 = ( GEOMETRIC_REPRESENTATION_CONTEXT(2) 
PARAMETRIC_REPRESENTATION_CONTEXT() REPRESENTATION_CONTEXT('2D SPACE',''
  ) );
#1017 = ORIENTED_EDGE('',*,*,#1018,.T.);
#1018 = EDGE_CURVE('',#993,#1019,#1021,.T.);
#1019 = VERTEX_POINT('',#1020);
#1020 = CARTESIAN_POINT('',(41.15,12.225,8.));
#1021 = SURFACE_CURVE('',#1022,(#1026,#1032),.PCURVE_S1.);
#1022 = LINE('',#1023,#1024);
#1023 = CARTESIAN_POINT('',(41.15,5.8875,8.));
#1024 = VECTOR('',#1025,1.);
#1025 = DIRECTION('',(0.,1.,0.));
#1026 = PCURVE('',#44,#1027);
#1027 = DEFINITIONAL_REPRESENTATION('',(#1028),#1031);
#1028 = B_SPLINE_CURVE_WITH_KNOTS('',1,(#1029,#1030),.UNSPECIFIED.,.F.,
  .F.,(2,2),(5.8875,6.3375),.PIECEWISE_BEZIER_KNOTS.);
#1029 = CARTESIAN_POINT('',(41.15,11.775));
#1030 = CARTESIAN_POINT('',(41.15,12.225));
#1031 = ( GEOMETRIC_REPRESENTATION_CONTEXT(2) 
PARAMETRIC_REPRESENTATION_CONTEXT() REPRESENTATION_CONTEXT('2D SPACE',''
  ) );
#1032 = PCURVE('',#1033,#1038);
#1033 = PLANE('',#1034);
#1034 = AXIS2_PLACEMENT_3D('',#1035,#1036,#1037);
#1035 = CARTESIAN_POINT('',(41.15,11.775,7.65));
#1036 = DIRECTION('',(1.,0.,0.));
#1037 = DIRECTION('',(0.,0.,1.));
#1038 = DEFINITIONAL_REPRESENTATION('',(#1039),#1042);
#1039 = B_SPLINE_CURVE_WITH_KNOTS('',1,(#1040,#1041),.UNSPECIFIED.,.F.,
  .F.,(2,2),(5.8875,6.3375),.PIECEWISE_BEZIER_KNOTS.);
#1040 = CARTESIAN_POINT('',(0.35,0.));
#1041 = CARTESIAN_POINT('',(0.35,-0.45));
#1042 = ( GEOMETRIC_REPRESENTATION_CONTEXT(2) 
PARAMETRIC_REPRESENTATION_CONTEXT() REPRESENTATION_CONTEXT('2D SPACE',''
  ) );
#1043 = ORIENTED_EDGE('',*,*,#1044,.F.);
#1044 = EDGE_CURVE('',#1045,#1019,#1047,.T.);
#1045 = VERTEX_POINT('',#1046);
#1046 = CARTESIAN_POINT('',(42.95,12.225,8.));
#1047 = SURFACE_CURVE('',#1048,(#1052,#1058),.PCURVE_S1.);
#1048 = LINE('',#1049,#1050);
#1049 = CARTESIAN_POINT('',(20.575,12.225,8.));
#1050 = VECTOR('',#1051,1.);
#1051 = DIRECTION('',(-1.,0.,0.));
#1052 = PCURVE('',#44,#1053);
#1053 = DEFINITIONAL_REPRESENTATION('',(#1054),#1057);
#1054 = B_SPLINE_CURVE_WITH_KNOTS('',1,(#1055,#1056),.UNSPECIFIED.,.F.,
  .F.,(2,2),(-22.375,-20.575),.PIECEWISE_BEZIER_KNOTS.);
#1055 = CARTESIAN_POINT('',(42.95,12.225));
#1056 = CARTESIAN_POINT('',(41.15,12.225));
#1057 = ( GEOMETRIC_REPRESENTATION_CONTEXT(2) 
PARAMETRIC_REPRESENTATION_CONTEXT() REPRESENTATION_CONTEXT('2D SPACE',''
  ) );
#1058 = PCURVE('',#1059,#1064);
#1059 = PLANE('',#1060);
#1060 = AXIS2_PLACEMENT_3D('',#1061,#1062,#1063);
#1061 = CARTESIAN_POINT('',(41.15,12.225,7.65));
#1062 = DIRECTION('',(0.,1.,0.));
#1063 = DIRECTION('',(0.,0.,1.));
#1064 = DEFINITIONAL_REPRESENTATION('',(#1065),#1068);
#1065 = B_SPLINE_CURVE_WITH_KNOTS('',1,(#1066,#1067),.UNSPECIFIED.,.F.,
  .F.,(2,2),(-22.375,-20.575),.PIECEWISE_BEZIER_KNOTS.);
#1066 = CARTESIAN_POINT('',(0.35,1.8));
#1067 = CARTESIAN_POINT('',(0.35,0.));
#1068 = ( GEOMETRIC_REPRESENTATION_CONTEXT(2) 
PARAMETRIC_REPRESENTATION_CONTEXT() REPRESENTATION_CONTEXT('2D SPACE',''
  ) );
#1069 = ORIENTED_EDGE('',*,*,#1070,.F.);
#1070 = EDGE_CURVE('',#991,#1045,#1071,.T.);
#1071 = SURFACE_CURVE('',#1072,(#1076,#1082),.PCURVE_S1.);
#1072 = LINE('',#1073,#1074);
#1073 = CARTESIAN_POINT('',(42.95,5.8875,8.));
#1074 = VECTOR('',#1075,1.);
#1075 = DIRECTION('',(0.,1.,0.));
#1076 = PCURVE('',#44,#1077);
#1077 = DEFINITIONAL_REPRESENTATION('',(#1078),#1081);
#1078 = B_SPLINE_CURVE_WITH_KNOTS('',1,(#1079,#1080),.UNSPECIFIED.,.F.,
  .F.,(2,2),(5.8875,6.3375),.PIECEWISE_BEZIER_KNOTS.);
#1079 = CARTESIAN_POINT('',(42.95,11.775));
#1080 = CARTESIAN_POINT('',(42.95,12.225));
#1081 = ( GEOMETRIC_REPRESENTATION_CONTEXT(2) 
PARAMETRIC_REPRESENTATION_CONTEXT() REPRESENTATION_CONTEXT('2D SPACE',''
  ) );
#1082 = PCURVE('',#1083,#1088);
#1083 = PLANE('',#1084);
#1084 = AXIS2_PLACEMENT_3D('',#1085,#1086,#1087);
#1085 = CARTESIAN_POINT('',(42.95,11.775,7.65));
#1086 = DIRECTION('',(1.,0.,0.));
#1087 = DIRECTION('',(0.,0.,1.));
#1088 = DEFINITIONAL_REPRESENTATION('',(#1089),#1092);
#1089 = B_SPLINE_CURVE_WITH_KNOTS('',1,(#1090,#1091),.UNSPECIFIED.,.F.,
  .F.,(2,2),(5.8875,6.3375),.PIECEWISE_BEZIER_KNOTS.);
#1090 = CARTESIAN_POINT('',(0.35,0.));
#1091 = CARTESIAN_POINT('',(0.35,-0.45));
#1092 = ( GEOMETRIC_REPRESENTATION_CONTEXT(2) 
PARAMETRIC_REPRESENTATION_CONTEXT() REPRESENTATION_CONTEXT('2D SPACE',''
  ) );
#1093 = FACE_BOUND('',#1094,.T.);
#1094 = EDGE_LOOP('',(#1095,#1123,#1156,#1182));
#1095 = ORIENTED_EDGE('',*,*,#1096,.F.);
#1096 = EDGE_CURVE('',#1097,#1099,#1101,.T.);
#1097 = VERTEX_POINT('',#1098);
#1098 = CARTESIAN_POINT('',(43.4,13.7,8.));
#1099 = VERTEX_POINT('',#1100);
#1100 = CARTESIAN_POINT('',(43.4,6.3,8.));
#1101 = SURFACE_CURVE('',#1102,(#1106,#1112),.PCURVE_S1.);
#1102 = LINE('',#1103,#1104);
#1103 = CARTESIAN_POINT('',(43.4,3.15,8.));
#1104 = VECTOR('',#1105,1.);
#1105 = DIRECTION('',(-1.110223024625E-16,-1.,0.));
#1106 = PCURVE('',#44,#1107);
#1107 = DEFINITIONAL_REPRESENTATION('',(#1108),#1111);
#1108 = B_SPLINE_CURVE_WITH_KNOTS('',1,(#1109,#1110),.UNSPECIFIED.,.F.,
  .F.,(2,2),(-10.55,-3.15),.PIECEWISE_BEZIER_KNOTS.);
#1109 = CARTESIAN_POINT('',(43.4,13.7));
#1110 = CARTESIAN_POINT('',(43.4,6.3));
#1111 = ( GEOMETRIC_REPRESENTATION_CONTEXT(2) 
PARAMETRIC_REPRESENTATION_CONTEXT() REPRESENTATION_CONTEXT('2D SPACE',''
  ) );
#1112 = PCURVE('',#1113,#1118);
#1113 = PLANE('',#1114);
#1114 = AXIS2_PLACEMENT_3D('',#1115,#1116,#1117);
#1115 = CARTESIAN_POINT('',(43.4,6.3,7.4));
#1116 = DIRECTION('',(-1.,1.110223024625E-16,0.));
#1117 = DIRECTION('',(1.110223024625E-16,1.,0.));
#1118 = DEFINITIONAL_REPRESENTATION('',(#1119),#1122);
#1119 = B_SPLINE_CURVE_WITH_KNOTS('',1,(#1120,#1121),.UNSPECIFIED.,.F.,
  .F.,(2,2),(-10.55,-3.15),.PIECEWISE_BEZIER_KNOTS.);
#1120 = CARTESIAN_POINT('',(7.4,-0.6));
#1121 = CARTESIAN_POINT('',(0.,-0.6));
#1122 = ( GEOMETRIC_REPRESENTATION_CONTEXT(2) 
PARAMETRIC_REPRESENTATION_CONTEXT() REPRESENTATION_CONTEXT('2D SPACE',''
  ) );
#1123 = ORIENTED_EDGE('',*,*,#1124,.T.);
#1124 = EDGE_CURVE('',#1097,#1125,#1127,.T.);
#1125 = VERTEX_POINT('',#1126);
#1126 = CARTESIAN_POINT('',(52.6,13.7,8.));
#1127 = SURFACE_CURVE('',#1128,(#1133,#1144),.PCURVE_S1.);
#1128 = CIRCLE('',#1129,4.6);
#1129 = AXIS2_PLACEMENT_3D('',#1130,#1131,#1132);
#1130 = CARTESIAN_POINT('',(48.,13.7,8.));
#1131 = DIRECTION('',(0.,0.,-1.));
#1132 = DIRECTION('',(-1.,1.110223024625E-16,0.));
#1133 = PCURVE('',#44,#1134);
#1134 = DEFINITIONAL_REPRESENTATION('',(#1135),#1143);
#1135 = ( BOUNDED_CURVE() B_SPLINE_CURVE(2,(#1136,#1137,#1138,#1139,
#1140,#1141,#1142),.UNSPECIFIED.,.T.,.F.) B_SPLINE_CURVE_WITH_KNOTS((1,2
    ,2,2,2,1),(-2.094395102393,0.,2.094395102393,4.188790204786,
6.28318530718,8.377580409573),.UNSPECIFIED.) CURVE() 
GEOMETRIC_REPRESENTATION_ITEM() RATIONAL_B_SPLINE_CURVE((1.,0.5,1.,0.5,
1.,0.5,1.)) REPRESENTATION_ITEM('') );
#1136 = CARTESIAN_POINT('',(43.4,13.7));
#1137 = CARTESIAN_POINT('',(43.4,21.667433714817));
#1138 = CARTESIAN_POINT('',(50.3,17.683716857408));
#1139 = CARTESIAN_POINT('',(57.2,13.7));
#1140 = CARTESIAN_POINT('',(50.3,9.716283142592));
#1141 = CARTESIAN_POINT('',(43.4,5.732566285183));
#1142 = CARTESIAN_POINT('',(43.4,13.7));
#1143 = ( GEOMETRIC_REPRESENTATION_CONTEXT(2) 
PARAMETRIC_REPRESENTATION_CONTEXT() REPRESENTATION_CONTEXT('2D SPACE',''
  ) );
#1144 = PCURVE('',#1145,#1150);
#1145 = CYLINDRICAL_SURFACE('',#1146,4.6);
#1146 = AXIS2_PLACEMENT_3D('',#1147,#1148,#1149);
#1147 = CARTESIAN_POINT('',(48.,13.7,7.4));
#1148 = DIRECTION('',(0.,0.,-1.));
#1149 = DIRECTION('',(-1.,1.110223024625E-16,0.));
#1150 = DEFINITIONAL_REPRESENTATION('',(#1151),#1155);
#1151 = LINE('',#1152,#1153);
#1152 = CARTESIAN_POINT('',(0.,-0.6));
#1153 = VECTOR('',#1154,1.);
#1154 = DIRECTION('',(1.,0.));
#1155 = ( GEOMETRIC_REPRESENTATION_CONTEXT(2) 
PARAMETRIC_REPRESENTATION_CONTEXT() REPRESENTATION_CONTEXT('2D SPACE',''
  ) );
#1156 = ORIENTED_EDGE('',*,*,#1157,.F.);
#1157 = EDGE_CURVE('',#1158,#1125,#1160,.T.);
#1158 = VERTEX_POINT('',#1159);
#1159 = CARTESIAN_POINT('',(52.6,6.3,8.));
#1160 = SURFACE_CURVE('',#1161,(#1165,#1171),.PCURVE_S1.);
#1161 = LINE('',#1162,#1163);
#1162 = CARTESIAN_POINT('',(52.6,6.85,8.));
#1163 = VECTOR('',#1164,1.);
#1164 = DIRECTION('',(1.110223024625E-16,1.,-0.));
#1165 = PCURVE('',#44,#1166);
#1166 = DEFINITIONAL_REPRESENTATION('',(#1167),#1170);
#1167 = B_SPLINE_CURVE_WITH_KNOTS('',1,(#1168,#1169),.UNSPECIFIED.,.F.,
  .F.,(2,2),(-0.55,6.85),.PIECEWISE_BEZIER_KNOTS.);
#1168 = CARTESIAN_POINT('',(52.6,6.3));
#1169 = CARTESIAN_POINT('',(52.6,13.7));
#1170 = ( GEOMETRIC_REPRESENTATION_CONTEXT(2) 
PARAMETRIC_REPRESENTATION_CONTEXT() REPRESENTATION_CONTEXT('2D SPACE',''
  ) );
#1171 = PCURVE('',#1172,#1177);
#1172 = PLANE('',#1173);
#1173 = AXIS2_PLACEMENT_3D('',#1174,#1175,#1176);
#1174 = CARTESIAN_POINT('',(52.6,13.7,7.4));
#1175 = DIRECTION('',(1.,-1.110223024625E-16,0.));
#1176 = DIRECTION('',(-1.110223024625E-16,-1.,0.));
#1177 = DEFINITIONAL_REPRESENTATION('',(#1178),#1181);
#1178 = B_SPLINE_CURVE_WITH_KNOTS('',1,(#1179,#1180),.UNSPECIFIED.,.F.,
  .F.,(2,2),(-0.55,6.85),.PIECEWISE_BEZIER_KNOTS.);
#1179 = CARTESIAN_POINT('',(7.4,-0.6));
#1180 = CARTESIAN_POINT('',(0.,-0.6));
#1181 = ( GEOMETRIC_REPRESENTATION_CONTEXT(2) 
PARAMETRIC_REPRESENTATION_CONTEXT() REPRESENTATION_CONTEXT('2D SPACE',''
  ) );
#1182 = ORIENTED_EDGE('',*,*,#1183,.T.);
#1183 = EDGE_CURVE('',#1158,#1099,#1184,.T.);
#1184 = SURFACE_CURVE('',#1185,(#1190,#1201),.PCURVE_S1.);
#1185 = CIRCLE('',#1186,4.6);
#1186 = AXIS2_PLACEMENT_3D('',#1187,#1188,#1189);
#1187 = CARTESIAN_POINT('',(48.,6.3,8.));
#1188 = DIRECTION('',(0.,-0.,-1.));
#1189 = DIRECTION('',(1.,-1.110223024625E-16,0.));
#1190 = PCURVE('',#44,#1191);
#1191 = DEFINITIONAL_REPRESENTATION('',(#1192),#1200);
#1192 = ( BOUNDED_CURVE() B_SPLINE_CURVE(2,(#1193,#1194,#1195,#1196,
#1197,#1198,#1199),.UNSPECIFIED.,.T.,.F.) B_SPLINE_CURVE_WITH_KNOTS((1,2
    ,2,2,2,1),(-2.094395102393,0.,2.094395102393,4.188790204786,
6.28318530718,8.377580409573),.UNSPECIFIED.) CURVE() 
GEOMETRIC_REPRESENTATION_ITEM() RATIONAL_B_SPLINE_CURVE((1.,0.5,1.,0.5,
1.,0.5,1.)) REPRESENTATION_ITEM('') );
#1193 = CARTESIAN_POINT('',(52.6,6.3));
#1194 = CARTESIAN_POINT('',(52.6,-1.667433714817));
#1195 = CARTESIAN_POINT('',(45.7,2.316283142592));
#1196 = CARTESIAN_POINT('',(38.8,6.3));
#1197 = CARTESIAN_POINT('',(45.7,10.283716857408));
#1198 = CARTESIAN_POINT('',(52.6,14.267433714817));
#1199 = CARTESIAN_POINT('',(52.6,6.3));
#1200 = ( GEOMETRIC_REPRESENTATION_CONTEXT(2) 
PARAMETRIC_REPRESENTATION_CONTEXT() REPRESENTATION_CONTEXT('2D SPACE',''
  ) );
#1201 = PCURVE('',#1202,#1207);
#1202 = CYLINDRICAL_SURFACE('',#1203,4.6);
#1203 = AXIS2_PLACEMENT_3D('',#1204,#1205,#1206);
#1204 = CARTESIAN_POINT('',(48.,6.3,7.4));
#1205 = DIRECTION('',(0.,-0.,-1.));
#1206 = DIRECTION('',(1.,-1.110223024625E-16,0.));
#1207 = DEFINITIONAL_REPRESENTATION('',(#1208),#1212);
#1208 = LINE('',#1209,#1210);
#1209 = CARTESIAN_POINT('',(0.,-0.6));
#1210 = VECTOR('',#1211,1.);
#1211 = DIRECTION('',(1.,0.));
#1212 = ( GEOMETRIC_REPRESENTATION_CONTEXT(2) 
PARAMETRIC_REPRESENTATION_CONTEXT() REPRESENTATION_CONTEXT('2D SPACE',''
  ) );
#1213 = FACE_BOUND('',#1214,.T.);
#1214 = EDGE_LOOP('',(#1215,#1243,#1269,#1295,#1321,#1347,#1373,#1399));
#1215 = ORIENTED_EDGE('',*,*,#1216,.F.);
#1216 = EDGE_CURVE('',#1217,#1219,#1221,.T.);
#1217 = VERTEX_POINT('',#1218);
#1218 = CARTESIAN_POINT('',(25.77265625,54.07509765625,8.));
#1219 = VERTEX_POINT('',#1220);
#1220 = CARTESIAN_POINT('',(26.037890625,54.07509765625,8.));
#1221 = SURFACE_CURVE('',#1222,(#1226,#1232),.PCURVE_S1.);
#1222 = LINE('',#1223,#1224);
#1223 = CARTESIAN_POINT('',(13.0189453125,54.07509765625,8.));
#1224 = VECTOR('',#1225,1.);
#1225 = DIRECTION('',(1.,0.,-0.));
#1226 = PCURVE('',#44,#1227);
#1227 = DEFINITIONAL_REPRESENTATION('',(#1228),#1231);
#1228 = B_SPLINE_CURVE_WITH_KNOTS('',1,(#1229,#1230),.UNSPECIFIED.,.F.,
  .F.,(2,2),(12.7537109375,13.0189453125),.PIECEWISE_BEZIER_KNOTS.);
#1229 = CARTESIAN_POINT('',(25.77265625,54.07509765625));
#1230 = CARTESIAN_POINT('',(26.037890625,54.07509765625));
#1231 = ( GEOMETRIC_REPRESENTATION_CONTEXT(2) 
PARAMETRIC_REPRESENTATION_CONTEXT() REPRESENTATION_CONTEXT('2D SPACE',''
  ) );
#1232 = PCURVE('',#1233,#1238);
#1233 = PLANE('',#1234);
#1234 = AXIS2_PLACEMENT_3D('',#1235,#1236,#1237);
#1235 = CARTESIAN_POINT('',(26.037890625,54.07509765625,7.65));
#1236 = DIRECTION('',(0.,-1.,0.));
#1237 = DIRECTION('',(-1.,0.,0.));
#1238 = DEFINITIONAL_REPRESENTATION('',(#1239),#1242);
#1239 = B_SPLINE_CURVE_WITH_KNOTS('',1,(#1240,#1241),.UNSPECIFIED.,.F.,
  .F.,(2,2),(12.7537109375,13.0189453125),.PIECEWISE_BEZIER_KNOTS.);
#1240 = CARTESIAN_POINT('',(0.265234375,-0.35));
#1241 = CARTESIAN_POINT('',(0.,-0.35));
#1242 = ( GEOMETRIC_REPRESENTATION_CONTEXT(2) 
PARAMETRIC_REPRESENTATION_CONTEXT() REPRESENTATION_CONTEXT('2D SPACE',''
  ) );
#1243 = ORIENTED_EDGE('',*,*,#1244,.F.);
#1244 = EDGE_CURVE('',#1245,#1217,#1247,.T.);
#1245 = VERTEX_POINT('',#1246);
#1246 = CARTESIAN_POINT('',(25.77265625,55.84287109375,8.));
#1247 = SURFACE_CURVE('',#1248,(#1252,#1258),.PCURVE_S1.);
#1248 = LINE('',#1249,#1250);
#1249 = CARTESIAN_POINT('',(25.77265625,27.037548828125,8.));
#1250 = VECTOR('',#1251,1.);
#1251 = DIRECTION('',(0.,-1.,0.));
#1252 = PCURVE('',#44,#1253);
#1253 = DEFINITIONAL_REPRESENTATION('',(#1254),#1257);
#1254 = B_SPLINE_CURVE_WITH_KNOTS('',1,(#1255,#1256),.UNSPECIFIED.,.F.,
  .F.,(2,2),(-28.80532226562,-27.03754882812),.PIECEWISE_BEZIER_KNOTS.);
#1255 = CARTESIAN_POINT('',(25.77265625,55.84287109375));
#1256 = CARTESIAN_POINT('',(25.77265625,54.07509765625));
#1257 = ( GEOMETRIC_REPRESENTATION_CONTEXT(2) 
PARAMETRIC_REPRESENTATION_CONTEXT() REPRESENTATION_CONTEXT('2D SPACE',''
  ) );
#1258 = PCURVE('',#1259,#1264);
#1259 = PLANE('',#1260);
#1260 = AXIS2_PLACEMENT_3D('',#1261,#1262,#1263);
#1261 = CARTESIAN_POINT('',(25.77265625,54.07509765625,7.65));
#1262 = DIRECTION('',(-1.,0.,0.));
#1263 = DIRECTION('',(0.,1.,0.));
#1264 = DEFINITIONAL_REPRESENTATION('',(#1265),#1268);
#1265 = B_SPLINE_CURVE_WITH_KNOTS('',1,(#1266,#1267),.UNSPECIFIED.,.F.,
  .F.,(2,2),(-28.80532226562,-27.03754882812),.PIECEWISE_BEZIER_KNOTS.);
#1266 = CARTESIAN_POINT('',(1.7677734375,-0.35));
#1267 = CARTESIAN_POINT('',(0.,-0.35));
#1268 = ( GEOMETRIC_REPRESENTATION_CONTEXT(2) 
PARAMETRIC_REPRESENTATION_CONTEXT() REPRESENTATION_CONTEXT('2D SPACE',''
  ) );
#1269 = ORIENTED_EDGE('',*,*,#1270,.F.);
#1270 = EDGE_CURVE('',#1271,#1245,#1273,.T.);
#1271 = VERTEX_POINT('',#1272);
#1272 = CARTESIAN_POINT('',(25.1123046875,55.84287109375,8.));
#1273 = SURFACE_CURVE('',#1274,(#1278,#1284),.PCURVE_S1.);
#1274 = LINE('',#1275,#1276);
#1275 = CARTESIAN_POINT('',(12.886328125,55.84287109375,8.));
#1276 = VECTOR('',#1277,1.);
#1277 = DIRECTION('',(1.,0.,-0.));
#1278 = PCURVE('',#44,#1279);
#1279 = DEFINITIONAL_REPRESENTATION('',(#1280),#1283);
#1280 = B_SPLINE_CURVE_WITH_KNOTS('',1,(#1281,#1282),.UNSPECIFIED.,.F.,
  .F.,(2,2),(12.2259765625,12.886328125),.PIECEWISE_BEZIER_KNOTS.);
#1281 = CARTESIAN_POINT('',(25.1123046875,55.84287109375));
#1282 = CARTESIAN_POINT('',(25.77265625,55.84287109375));
#1283 = ( GEOMETRIC_REPRESENTATION_CONTEXT(2) 
PARAMETRIC_REPRESENTATION_CONTEXT() REPRESENTATION_CONTEXT('2D SPACE',''
  ) );
#1284 = PCURVE('',#1285,#1290);
#1285 = PLANE('',#1286);
#1286 = AXIS2_PLACEMENT_3D('',#1287,#1288,#1289);
#1287 = CARTESIAN_POINT('',(25.77265625,55.84287109375,7.65));
#1288 = DIRECTION('',(0.,-1.,0.));
#1289 = DIRECTION('',(-1.,0.,0.));
#1290 = DEFINITIONAL_REPRESENTATION('',(#1291),#1294);
#1291 = B_SPLINE_CURVE_WITH_KNOTS('',1,(#1292,#1293),.UNSPECIFIED.,.F.,
  .F.,(2,2),(12.2259765625,12.886328125),.PIECEWISE_BEZIER_KNOTS.);
#1292 = CARTESIAN_POINT('',(0.6603515625,-0.35));
#1293 = CARTESIAN_POINT('',(0.,-0.35));
#1294 = ( GEOMETRIC_REPRESENTATION_CONTEXT(2) 
PARAMETRIC_REPRESENTATION_CONTEXT() REPRESENTATION_CONTEXT('2D SPACE',''
  ) );
#1295 = ORIENTED_EDGE('',*,*,#1296,.F.);
#1296 = EDGE_CURVE('',#1297,#1271,#1299,.T.);
#1297 = VERTEX_POINT('',#1298);
#1298 = CARTESIAN_POINT('',(25.1123046875,56.07939453125,8.));
#1299 = SURFACE_CURVE('',#1300,(#1304,#1310),.PCURVE_S1.);
#1300 = LINE('',#1301,#1302);
#1301 = CARTESIAN_POINT('',(25.1123046875,27.921435546875,8.));
#1302 = VECTOR('',#1303,1.);
#1303 = DIRECTION('',(0.,-1.,0.));
#1304 = PCURVE('',#44,#1305);
#1305 = DEFINITIONAL_REPRESENTATION('',(#1306),#1309);
#1306 = B_SPLINE_CURVE_WITH_KNOTS('',1,(#1307,#1308),.UNSPECIFIED.,.F.,
  .F.,(2,2),(-28.15795898437,-27.92143554687),.PIECEWISE_BEZIER_KNOTS.);
#1307 = CARTESIAN_POINT('',(25.1123046875,56.07939453125));
#1308 = CARTESIAN_POINT('',(25.1123046875,55.84287109375));
#1309 = ( GEOMETRIC_REPRESENTATION_CONTEXT(2) 
PARAMETRIC_REPRESENTATION_CONTEXT() REPRESENTATION_CONTEXT('2D SPACE',''
  ) );
#1310 = PCURVE('',#1311,#1316);
#1311 = PLANE('',#1312);
#1312 = AXIS2_PLACEMENT_3D('',#1313,#1314,#1315);
#1313 = CARTESIAN_POINT('',(25.1123046875,55.84287109375,7.65));
#1314 = DIRECTION('',(-1.,0.,0.));
#1315 = DIRECTION('',(0.,1.,0.));
#1316 = DEFINITIONAL_REPRESENTATION('',(#1317),#1320);
#1317 = B_SPLINE_CURVE_WITH_KNOTS('',1,(#1318,#1319),.UNSPECIFIED.,.F.,
  .F.,(2,2),(-28.15795898437,-27.92143554687),.PIECEWISE_BEZIER_KNOTS.);
#1318 = CARTESIAN_POINT('',(0.2365234375,-0.35));
#1319 = CARTESIAN_POINT('',(0.,-0.35));
#1320 = ( GEOMETRIC_REPRESENTATION_CONTEXT(2) 
PARAMETRIC_REPRESENTATION_CONTEXT() REPRESENTATION_CONTEXT('2D SPACE',''
  ) );
#1321 = ORIENTED_EDGE('',*,*,#1322,.F.);
#1322 = EDGE_CURVE('',#1323,#1297,#1325,.T.);
#1323 = VERTEX_POINT('',#1324);
#1324 = CARTESIAN_POINT('',(26.7009765625,56.07939453125,8.));
#1325 = SURFACE_CURVE('',#1326,(#1330,#1336),.PCURVE_S1.);
#1326 = LINE('',#1327,#1328);
#1327 = CARTESIAN_POINT('',(12.55615234375,56.07939453125,8.));
#1328 = VECTOR('',#1329,1.);
#1329 = DIRECTION('',(-1.,0.,0.));
#1330 = PCURVE('',#44,#1331);
#1331 = DEFINITIONAL_REPRESENTATION('',(#1332),#1335);
#1332 = B_SPLINE_CURVE_WITH_KNOTS('',1,(#1333,#1334),.UNSPECIFIED.,.F.,
  .F.,(2,2),(-14.14482421875,-12.55615234375),.PIECEWISE_BEZIER_KNOTS.);
#1333 = CARTESIAN_POINT('',(26.7009765625,56.07939453125));
#1334 = CARTESIAN_POINT('',(25.1123046875,56.07939453125));
#1335 = ( GEOMETRIC_REPRESENTATION_CONTEXT(2) 
PARAMETRIC_REPRESENTATION_CONTEXT() REPRESENTATION_CONTEXT('2D SPACE',''
  ) );
#1336 = PCURVE('',#1337,#1342);
#1337 = PLANE('',#1338);
#1338 = AXIS2_PLACEMENT_3D('',#1339,#1340,#1341);
#1339 = CARTESIAN_POINT('',(25.1123046875,56.07939453125,7.65));
#1340 = DIRECTION('',(0.,1.,0.));
#1341 = DIRECTION('',(1.,0.,0.));
#1342 = DEFINITIONAL_REPRESENTATION('',(#1343),#1346);
#1343 = B_SPLINE_CURVE_WITH_KNOTS('',1,(#1344,#1345),.UNSPECIFIED.,.F.,
  .F.,(2,2),(-14.14482421875,-12.55615234375),.PIECEWISE_BEZIER_KNOTS.);
#1344 = CARTESIAN_POINT('',(1.588671875,-0.35));
#1345 = CARTESIAN_POINT('',(0.,-0.35));
#1346 = ( GEOMETRIC_REPRESENTATION_CONTEXT(2) 
PARAMETRIC_REPRESENTATION_CONTEXT() REPRESENTATION_CONTEXT('2D SPACE',''
  ) );
#1347 = ORIENTED_EDGE('',*,*,#1348,.F.);
#1348 = EDGE_CURVE('',#1349,#1323,#1351,.T.);
#1349 = VERTEX_POINT('',#1350);
#1350 = CARTESIAN_POINT('',(26.7009765625,55.84287109375,8.));
#1351 = SURFACE_CURVE('',#1352,(#1356,#1362),.PCURVE_S1.);
#1352 = LINE('',#1353,#1354);
#1353 = CARTESIAN_POINT('',(26.7009765625,28.039697265625,8.));
#1354 = VECTOR('',#1355,1.);
#1355 = DIRECTION('',(0.,1.,0.));
#1356 = PCURVE('',#44,#1357);
#1357 = DEFINITIONAL_REPRESENTATION('',(#1358),#1361);
#1358 = B_SPLINE_CURVE_WITH_KNOTS('',1,(#1359,#1360),.UNSPECIFIED.,.F.,
  .F.,(2,2),(27.803173828125,28.039697265625),.PIECEWISE_BEZIER_KNOTS.);
#1359 = CARTESIAN_POINT('',(26.7009765625,55.84287109375));
#1360 = CARTESIAN_POINT('',(26.7009765625,56.07939453125));
#1361 = ( GEOMETRIC_REPRESENTATION_CONTEXT(2) 
PARAMETRIC_REPRESENTATION_CONTEXT() REPRESENTATION_CONTEXT('2D SPACE',''
  ) );
#1362 = PCURVE('',#1363,#1368);
#1363 = PLANE('',#1364);
#1364 = AXIS2_PLACEMENT_3D('',#1365,#1366,#1367);
#1365 = CARTESIAN_POINT('',(26.7009765625,56.07939453125,7.65));
#1366 = DIRECTION('',(1.,0.,0.));
#1367 = DIRECTION('',(0.,-1.,0.));
#1368 = DEFINITIONAL_REPRESENTATION('',(#1369),#1372);
#1369 = B_SPLINE_CURVE_WITH_KNOTS('',1,(#1370,#1371),.UNSPECIFIED.,.F.,
  .F.,(2,2),(27.803173828125,28.039697265625),.PIECEWISE_BEZIER_KNOTS.);
#1370 = CARTESIAN_POINT('',(0.2365234375,-0.35));
#1371 = CARTESIAN_POINT('',(0.,-0.35));
#1372 = ( GEOMETRIC_REPRESENTATION_CONTEXT(2) 
PARAMETRIC_REPRESENTATION_CONTEXT() REPRESENTATION_CONTEXT('2D SPACE',''
  ) );
#1373 = ORIENTED_EDGE('',*,*,#1374,.F.);
#1374 = EDGE_CURVE('',#1375,#1349,#1377,.T.);
#1375 = VERTEX_POINT('',#1376);
#1376 = CARTESIAN_POINT('',(26.037890625,55.84287109375,8.));
#1377 = SURFACE_CURVE('',#1378,(#1382,#1388),.PCURVE_S1.);
#1378 = LINE('',#1379,#1380);
#1379 = CARTESIAN_POINT('',(13.35048828125,55.84287109375,8.));
#1380 = VECTOR('',#1381,1.);
#1381 = DIRECTION('',(1.,0.,-0.));
#1382 = PCURVE('',#44,#1383);
#1383 = DEFINITIONAL_REPRESENTATION('',(#1384),#1387);
#1384 = B_SPLINE_CURVE_WITH_KNOTS('',1,(#1385,#1386),.UNSPECIFIED.,.F.,
  .F.,(2,2),(12.68740234375,13.35048828125),.PIECEWISE_BEZIER_KNOTS.);
#1385 = CARTESIAN_POINT('',(26.037890625,55.84287109375));
#1386 = CARTESIAN_POINT('',(26.7009765625,55.84287109375));
#1387 = ( GEOMETRIC_REPRESENTATION_CONTEXT(2) 
PARAMETRIC_REPRESENTATION_CONTEXT() REPRESENTATION_CONTEXT('2D SPACE',''
  ) );
#1388 = PCURVE('',#1389,#1394);
#1389 = PLANE('',#1390);
#1390 = AXIS2_PLACEMENT_3D('',#1391,#1392,#1393);
#1391 = CARTESIAN_POINT('',(26.7009765625,55.84287109375,7.65));
#1392 = DIRECTION('',(0.,-1.,0.));
#1393 = DIRECTION('',(-1.,0.,0.));
#1394 = DEFINITIONAL_REPRESENTATION('',(#1395),#1398);
#1395 = B_SPLINE_CURVE_WITH_KNOTS('',1,(#1396,#1397),.UNSPECIFIED.,.F.,
  .F.,(2,2),(12.68740234375,13.35048828125),.PIECEWISE_BEZIER_KNOTS.);
#1396 = CARTESIAN_POINT('',(0.6630859375,-0.35));
#1397 = CARTESIAN_POINT('',(0.,-0.35));
#1398 = ( GEOMETRIC_REPRESENTATION_CONTEXT(2) 
PARAMETRIC_REPRESENTATION_CONTEXT() REPRESENTATION_CONTEXT('2D SPACE',''
  ) );
#1399 = ORIENTED_EDGE('',*,*,#1400,.F.);
#1400 = EDGE_CURVE('',#1219,#1375,#1401,.T.);
#1401 = SURFACE_CURVE('',#1402,(#1406,#1412),.PCURVE_S1.);
#1402 = LINE('',#1403,#1404);
#1403 = CARTESIAN_POINT('',(26.037890625,27.921435546875,8.));
#1404 = VECTOR('',#1405,1.);
#1405 = DIRECTION('',(0.,1.,0.));
#1406 = PCURVE('',#44,#1407);
#1407 = DEFINITIONAL_REPRESENTATION('',(#1408),#1411);
#1408 = B_SPLINE_CURVE_WITH_KNOTS('',1,(#1409,#1410),.UNSPECIFIED.,.F.,
  .F.,(2,2),(26.153662109375,27.921435546875),.PIECEWISE_BEZIER_KNOTS.);
#1409 = CARTESIAN_POINT('',(26.037890625,54.07509765625));
#1410 = CARTESIAN_POINT('',(26.037890625,55.84287109375));
#1411 = ( GEOMETRIC_REPRESENTATION_CONTEXT(2) 
PARAMETRIC_REPRESENTATION_CONTEXT() REPRESENTATION_CONTEXT('2D SPACE',''
  ) );
#1412 = PCURVE('',#1413,#1418);
#1413 = PLANE('',#1414);
#1414 = AXIS2_PLACEMENT_3D('',#1415,#1416,#1417);
#1415 = CARTESIAN_POINT('',(26.037890625,55.84287109375,7.65));
#1416 = DIRECTION('',(1.,0.,0.));
#1417 = DIRECTION('',(0.,-1.,0.));
#1418 = DEFINITIONAL_REPRESENTATION('',(#1419),#1422);
#1419 = B_SPLINE_CURVE_WITH_KNOTS('',1,(#1420,#1421),.UNSPECIFIED.,.F.,
  .F.,(2,2),(26.153662109375,27.921435546875),.PIECEWISE_BEZIER_KNOTS.);
#1420 = CARTESIAN_POINT('',(1.7677734375,-0.35));
#1421 = CARTESIAN_POINT('',(0.,-0.35));
#1422 = ( GEOMETRIC_REPRESENTATION_CONTEXT(2) 
PARAMETRIC_REPRESENTATION_CONTEXT() REPRESENTATION_CONTEXT('2D SPACE',''
  ) );
#1423 = FACE_BOUND('',#1424,.T.);
#1424 = EDGE_LOOP('',(#1425,#1453,#1516,#1567,#1609,#1660,#1711,#1750,
    #1801,#1852,#1903,#1954,#1980,#2019,#2058,#2097,#2142,#2187,#2226,
    #2277,#2322,#2373));
#1425 = ORIENTED_EDGE('',*,*,#1426,.F.);
#1426 = EDGE_CURVE('',#1427,#1429,#1431,.T.);
#1427 = VERTEX_POINT('',#1428);
#1428 = CARTESIAN_POINT('',(28.668359375,54.71083984375,8.));
#1429 = VERTEX_POINT('',#1430);
#1430 = CARTESIAN_POINT('',(28.403125,54.77783203125,8.));
#1431 = SURFACE_CURVE('',#1432,(#1436,#1442),.PCURVE_S1.);
#1432 = LINE('',#1433,#1434);
#1433 = CARTESIAN_POINT('',(21.556184155145,56.507213997219,8.));
#1434 = VECTOR('',#1435,1.);
#1435 = DIRECTION('',(-0.969551685994,0.24488676605,0.));
#1436 = PCURVE('',#44,#1437);
#1437 = DEFINITIONAL_REPRESENTATION('',(#1438),#1441);
#1438 = B_SPLINE_CURVE_WITH_KNOTS('',1,(#1439,#1440),.UNSPECIFIED.,.F.,
  .F.,(2,2),(-7.335529732553,-7.061965796941),.PIECEWISE_BEZIER_KNOTS.);
#1439 = CARTESIAN_POINT('',(28.668359375,54.71083984375));
#1440 = CARTESIAN_POINT('',(28.403125,54.77783203125));
#1441 = ( GEOMETRIC_REPRESENTATION_CONTEXT(2) 
PARAMETRIC_REPRESENTATION_CONTEXT() REPRESENTATION_CONTEXT('2D SPACE',''
  ) );
#1442 = PCURVE('',#1443,#1448);
#1443 = PLANE('',#1444);
#1444 = AXIS2_PLACEMENT_3D('',#1445,#1446,#1447);
#1445 = CARTESIAN_POINT('',(28.403125,54.77783203125,7.65));
#1446 = DIRECTION('',(0.24488676605,0.969551685994,0.));
#1447 = DIRECTION('',(0.969551685994,-0.24488676605,0.));
#1448 = DEFINITIONAL_REPRESENTATION('',(#1449),#1452);
#1449 = B_SPLINE_CURVE_WITH_KNOTS('',1,(#1450,#1451),.UNSPECIFIED.,.F.,
  .F.,(2,2),(-7.335529732553,-7.061965796941),.PIECEWISE_BEZIER_KNOTS.);
#1450 = CARTESIAN_POINT('',(0.273563935612,-0.35));
#1451 = CARTESIAN_POINT('',(0.,-0.35));
#1452 = ( GEOMETRIC_REPRESENTATION_CONTEXT(2) 
PARAMETRIC_REPRESENTATION_CONTEXT() REPRESENTATION_CONTEXT('2D SPACE',''
  ) );
#1453 = ORIENTED_EDGE('',*,*,#1454,.F.);
#1454 = EDGE_CURVE('',#1455,#1427,#1457,.T.);
#1455 = VERTEX_POINT('',#1456);
#1456 = CARTESIAN_POINT('',(28.36826171875,54.2125,8.));
#1457 = SURFACE_CURVE('',#1458,(#1473,#1491),.PCURVE_S1.);
#1458 = B_SPLINE_CURVE_WITH_KNOTS('',5,(#1459,#1460,#1461,#1462,#1463,
    #1464,#1465,#1466,#1467,#1468,#1469,#1470,#1471,#1472),
  .UNSPECIFIED.,.F.,.F.,(6,4,4,6),(0.,5.305907500267E-02,0.520994759486,
    1.),.UNSPECIFIED.);
#1459 = CARTESIAN_POINT('',(28.36826171875,54.2125,8.));
#1460 = CARTESIAN_POINT('',(28.372941838124,54.216205709662,8.));
#1461 = CARTESIAN_POINT('',(28.377583534286,54.219957003785,8.));
#1462 = CARTESIAN_POINT('',(28.38218664706,54.223753783981,8.));
#1463 = CARTESIAN_POINT('',(28.386751025781,54.227595940446,8.));
#1464 = CARTESIAN_POINT('',(28.431187601726,54.265766998331,8.));
#1465 = CARTESIAN_POINT('',(28.468076255268,54.303571466746,8.));
#1466 = CARTESIAN_POINT('',(28.501841704401,54.344811021963,8.));
#1467 = CARTESIAN_POINT('',(28.532453053221,54.389336393835,8.));
#1468 = CARTESIAN_POINT('',(28.588064976897,54.485692287907,8.));
#1469 = CARTESIAN_POINT('',(28.612916901572,54.537672923633,8.));
#1470 = CARTESIAN_POINT('',(28.63451613055,54.592685162126,8.));
#1471 = CARTESIAN_POINT('',(28.652955738457,54.650487890738,8.));
#1472 = CARTESIAN_POINT('',(28.668359375,54.71083984375,8.));
#1473 = PCURVE('',#44,#1474);
#1474 = DEFINITIONAL_REPRESENTATION('',(#1475),#1490);
#1475 = B_SPLINE_CURVE_WITH_KNOTS('',5,(#1476,#1477,#1478,#1479,#1480,
    #1481,#1482,#1483,#1484,#1485,#1486,#1487,#1488,#1489),
  .UNSPECIFIED.,.F.,.F.,(6,4,4,6),(0.,5.305907500267E-02,0.520994759486,
    1.),.UNSPECIFIED.);
#1476 = CARTESIAN_POINT('',(28.36826171875,54.2125));
#1477 = CARTESIAN_POINT('',(28.372941838124,54.216205709662));
#1478 = CARTESIAN_POINT('',(28.377583534286,54.219957003785));
#1479 = CARTESIAN_POINT('',(28.38218664706,54.223753783981));
#1480 = CARTESIAN_POINT('',(28.386751025781,54.227595940446));
#1481 = CARTESIAN_POINT('',(28.431187601726,54.265766998331));
#1482 = CARTESIAN_POINT('',(28.468076255268,54.303571466746));
#1483 = CARTESIAN_POINT('',(28.501841704401,54.344811021963));
#1484 = CARTESIAN_POINT('',(28.532453053221,54.389336393835));
#1485 = CARTESIAN_POINT('',(28.588064976897,54.485692287907));
#1486 = CARTESIAN_POINT('',(28.612916901572,54.537672923633));
#1487 = CARTESIAN_POINT('',(28.63451613055,54.592685162126));
#1488 = CARTESIAN_POINT('',(28.652955738457,54.650487890738));
#1489 = CARTESIAN_POINT('',(28.668359375,54.71083984375));
#1490 = ( GEOMETRIC_REPRESENTATION_CONTEXT(2) 
PARAMETRIC_REPRESENTATION_CONTEXT() REPRESENTATION_CONTEXT('2D SPACE',''
  ) );
#1491 = PCURVE('',#1492,#1499);
#1492 = SURFACE_OF_LINEAR_EXTRUSION('',#1493,#1497);
#1493 = B_SPLINE_CURVE_WITH_KNOTS('',2,(#1494,#1495,#1496),
  .UNSPECIFIED.,.F.,.F.,(3,3),(0.,1.),.PIECEWISE_BEZIER_KNOTS.);
#1494 = CARTESIAN_POINT('',(28.668359375,54.71083984375,7.65));
#1495 = CARTESIAN_POINT('',(28.5849609375,54.38408203125,7.65));
#1496 = CARTESIAN_POINT('',(28.36826171875,54.2125,7.65));
#1497 = VECTOR('',#1498,1.);
#1498 = DIRECTION('',(-0.,-0.,-1.));
#1499 = DEFINITIONAL_REPRESENTATION('',(#1500),#1515);
#1500 = B_SPLINE_CURVE_WITH_KNOTS('',5,(#1501,#1502,#1503,#1504,#1505,
    #1506,#1507,#1508,#1509,#1510,#1511,#1512,#1513,#1514),
  .UNSPECIFIED.,.F.,.F.,(6,4,4,6),(0.,5.305907500267E-02,0.520994759486,
    1.),.UNSPECIFIED.);
#1501 = CARTESIAN_POINT('',(1.,-0.35));
#1502 = CARTESIAN_POINT('',(0.989201346914,-0.35));
#1503 = CARTESIAN_POINT('',(0.978401684137,-0.35));
#1504 = CARTESIAN_POINT('',(0.967601347698,-0.35));
#1505 = CARTESIAN_POINT('',(0.956800674036,-0.35));
#1506 = CARTESIAN_POINT('',(0.850747287856,-0.35));
#1507 = CARTESIAN_POINT('',(0.75549172505,-0.35));
#1508 = CARTESIAN_POINT('',(0.660472858218,-0.35));
#1509 = CARTESIAN_POINT('',(0.565909207565,-0.35));
#1510 = CARTESIAN_POINT('',(0.375869262277,-0.35));
#1511 = CARTESIAN_POINT('',(0.280420018435,-0.35));
#1512 = CARTESIAN_POINT('',(0.185861281398,-0.35));
#1513 = CARTESIAN_POINT('',(9.234967107591E-02,-0.35));
#1514 = CARTESIAN_POINT('',(0.,-0.35));
#1515 = ( GEOMETRIC_REPRESENTATION_CONTEXT(2) 
PARAMETRIC_REPRESENTATION_CONTEXT() REPRESENTATION_CONTEXT('2D SPACE',''
  ) );
#1516 = ORIENTED_EDGE('',*,*,#1517,.F.);
#1517 = EDGE_CURVE('',#1518,#1455,#1520,.T.);
#1518 = VERTEX_POINT('',#1519);
#1519 = CARTESIAN_POINT('',(27.8384765625,54.04091796875,8.));
#1520 = SURFACE_CURVE('',#1521,(#1532,#1546),.PCURVE_S1.);
#1521 = B_SPLINE_CURVE_WITH_KNOTS('',5,(#1522,#1523,#1524,#1525,#1526,
    #1527,#1528,#1529,#1530,#1531),.UNSPECIFIED.,.F.,.F.,(6,4,6),(0.,
    0.781858700348,1.),.UNSPECIFIED.);
#1522 = CARTESIAN_POINT('',(27.8384765625,54.04091796875,8.));
#1523 = CARTESIAN_POINT('',(27.933922974228,54.04091796875,8.));
#1524 = CARTESIAN_POINT('',(28.025366020894,54.050884581617,8.));
#1525 = CARTESIAN_POINT('',(28.112011436357,54.071483574188,8.));
#1526 = CARTESIAN_POINT('',(28.193138977101,54.103055072803,8.));
#1527 = CARTESIAN_POINT('',(28.289204887959,54.157097323328,8.));
#1528 = CARTESIAN_POINT('',(28.309693316841,54.169718201705,8.));
#1529 = CARTESIAN_POINT('',(28.329704071884,54.183165333642,8.));
#1530 = CARTESIAN_POINT('',(28.349228952731,54.197429891891,8.));
#1531 = CARTESIAN_POINT('',(28.36826171875,54.2125,8.));
#1532 = PCURVE('',#44,#1533);
#1533 = DEFINITIONAL_REPRESENTATION('',(#1534),#1545);
#1534 = B_SPLINE_CURVE_WITH_KNOTS('',5,(#1535,#1536,#1537,#1538,#1539,
    #1540,#1541,#1542,#1543,#1544),.UNSPECIFIED.,.F.,.F.,(6,4,6),(0.,
    0.781858700348,1.),.UNSPECIFIED.);
#1535 = CARTESIAN_POINT('',(27.8384765625,54.04091796875));
#1536 = CARTESIAN_POINT('',(27.933922974228,54.04091796875));
#1537 = CARTESIAN_POINT('',(28.025366020894,54.050884581617));
#1538 = CARTESIAN_POINT('',(28.112011436357,54.071483574188));
#1539 = CARTESIAN_POINT('',(28.193138977101,54.103055072803));
#1540 = CARTESIAN_POINT('',(28.289204887959,54.157097323328));
#1541 = CARTESIAN_POINT('',(28.309693316841,54.169718201705));
#1542 = CARTESIAN_POINT('',(28.329704071884,54.183165333642));
#1543 = CARTESIAN_POINT('',(28.349228952731,54.197429891891));
#1544 = CARTESIAN_POINT('',(28.36826171875,54.2125));
#1545 = ( GEOMETRIC_REPRESENTATION_CONTEXT(2) 
PARAMETRIC_REPRESENTATION_CONTEXT() REPRESENTATION_CONTEXT('2D SPACE',''
  ) );
#1546 = PCURVE('',#1547,#1554);
#1547 = SURFACE_OF_LINEAR_EXTRUSION('',#1548,#1552);
#1548 = B_SPLINE_CURVE_WITH_KNOTS('',2,(#1549,#1550,#1551),
  .UNSPECIFIED.,.F.,.F.,(3,3),(0.,1.),.PIECEWISE_BEZIER_KNOTS.);
#1549 = CARTESIAN_POINT('',(28.36826171875,54.2125,7.65));
#1550 = CARTESIAN_POINT('',(28.1515625,54.04091796875,7.65));
#1551 = CARTESIAN_POINT('',(27.8384765625,54.04091796875,7.65));
#1552 = VECTOR('',#1553,1.);
#1553 = DIRECTION('',(-0.,-0.,-1.));
#1554 = DEFINITIONAL_REPRESENTATION('',(#1555),#1566);
#1555 = B_SPLINE_CURVE_WITH_KNOTS('',5,(#1556,#1557,#1558,#1559,#1560,
    #1561,#1562,#1563,#1564,#1565),.UNSPECIFIED.,.F.,.F.,(6,4,6),(0.,
    0.781858700348,1.),.UNSPECIFIED.);
#1556 = CARTESIAN_POINT('',(1.,-0.35));
#1557 = CARTESIAN_POINT('',(0.847571544589,-0.35));
#1558 = CARTESIAN_POINT('',(0.692595211254,-0.35));
#1559 = CARTESIAN_POINT('',(0.535742172957,-0.35));
#1560 = CARTESIAN_POINT('',(0.377857527581,-0.35));
#1561 = CARTESIAN_POINT('',(0.175957200181,-0.35));
#1562 = CARTESIAN_POINT('',(0.131914588044,-0.35));
#1563 = CARTESIAN_POINT('',(8.789357290488E-02,-0.35));
#1564 = CARTESIAN_POINT('',(4.391516990299E-02,-0.35));
#1565 = CARTESIAN_POINT('',(0.,-0.35));
#1566 = ( GEOMETRIC_REPRESENTATION_CONTEXT(2) 
PARAMETRIC_REPRESENTATION_CONTEXT() REPRESENTATION_CONTEXT('2D SPACE',''
  ) );
#1567 = ORIENTED_EDGE('',*,*,#1568,.F.);
#1568 = EDGE_CURVE('',#1569,#1518,#1571,.T.);
#1569 = VERTEX_POINT('',#1570);
#1570 = CARTESIAN_POINT('',(27.31142578125,54.1728515625,8.));
#1571 = SURFACE_CURVE('',#1572,(#1580,#1591),.PCURVE_S1.);
#1572 = B_SPLINE_CURVE_WITH_KNOTS('',6,(#1573,#1574,#1575,#1576,#1577,
    #1578,#1579),.UNSPECIFIED.,.F.,.F.,(7,7),(0.,1.),
  .PIECEWISE_BEZIER_KNOTS.);
#1573 = CARTESIAN_POINT('',(27.31142578125,54.1728515625,8.));
#1574 = CARTESIAN_POINT('',(27.381014303512,54.127630738269,8.));
#1575 = CARTESIAN_POINT('',(27.458807968507,54.091919992545,8.));
#1576 = CARTESIAN_POINT('',(27.544255454473,54.065819018388,8.));
#1577 = CARTESIAN_POINT('',(27.636580000876,54.049001902493,8.));
#1578 = CARTESIAN_POINT('',(27.734930393538,54.04091796875,8.));
#1579 = CARTESIAN_POINT('',(27.8384765625,54.04091796875,8.));
#1580 = PCURVE('',#44,#1581);
#1581 = DEFINITIONAL_REPRESENTATION('',(#1582),#1590);
#1582 = B_SPLINE_CURVE_WITH_KNOTS('',6,(#1583,#1584,#1585,#1586,#1587,
    #1588,#1589),.UNSPECIFIED.,.F.,.F.,(7,7),(0.,1.),
  .PIECEWISE_BEZIER_KNOTS.);
#1583 = CARTESIAN_POINT('',(27.31142578125,54.1728515625));
#1584 = CARTESIAN_POINT('',(27.381014303512,54.127630738269));
#1585 = CARTESIAN_POINT('',(27.458807968507,54.091919992545));
#1586 = CARTESIAN_POINT('',(27.544255454473,54.065819018388));
#1587 = CARTESIAN_POINT('',(27.636580000876,54.049001902493));
#1588 = CARTESIAN_POINT('',(27.734930393538,54.04091796875));
#1589 = CARTESIAN_POINT('',(27.8384765625,54.04091796875));
#1590 = ( GEOMETRIC_REPRESENTATION_CONTEXT(2) 
PARAMETRIC_REPRESENTATION_CONTEXT() REPRESENTATION_CONTEXT('2D SPACE',''
  ) );
#1591 = PCURVE('',#1592,#1599);
#1592 = SURFACE_OF_LINEAR_EXTRUSION('',#1593,#1597);
#1593 = B_SPLINE_CURVE_WITH_KNOTS('',2,(#1594,#1595,#1596),
  .UNSPECIFIED.,.F.,.F.,(3,3),(0.,1.),.PIECEWISE_BEZIER_KNOTS.);
#1594 = CARTESIAN_POINT('',(27.8384765625,54.04091796875,7.65));
#1595 = CARTESIAN_POINT('',(27.514453125,54.04091796875,7.65));
#1596 = CARTESIAN_POINT('',(27.31142578125,54.1728515625,7.65));
#1597 = VECTOR('',#1598,1.);
#1598 = DIRECTION('',(-0.,-0.,-1.));
#1599 = DEFINITIONAL_REPRESENTATION('',(#1600),#1608);
#1600 = B_SPLINE_CURVE_WITH_KNOTS('',6,(#1601,#1602,#1603,#1604,#1605,
    #1606,#1607),.UNSPECIFIED.,.F.,.F.,(7,7),(0.,1.),
  .PIECEWISE_BEZIER_KNOTS.);
#1601 = CARTESIAN_POINT('',(1.,-0.35));
#1602 = CARTESIAN_POINT('',(0.828622783078,-0.35));
#1603 = CARTESIAN_POINT('',(0.658042631157,-0.35));
#1604 = CARTESIAN_POINT('',(0.489251370812,-0.35));
#1605 = CARTESIAN_POINT('',(0.322986396152,-0.35));
#1606 = CARTESIAN_POINT('',(0.159781912322,-0.35));
#1607 = CARTESIAN_POINT('',(0.,-0.35));
#1608 = ( GEOMETRIC_REPRESENTATION_CONTEXT(2) 
PARAMETRIC_REPRESENTATION_CONTEXT() REPRESENTATION_CONTEXT('2D SPACE',''
  ) );
#1609 = ORIENTED_EDGE('',*,*,#1610,.F.);
#1610 = EDGE_CURVE('',#1611,#1569,#1613,.T.);
#1611 = VERTEX_POINT('',#1612);
#1612 = CARTESIAN_POINT('',(27.00244140625,54.55498046875,8.));
#1613 = SURFACE_CURVE('',#1614,(#1625,#1639),.PCURVE_S1.);
#1614 = B_SPLINE_CURVE_WITH_KNOTS('',5,(#1615,#1616,#1617,#1618,#1619,
    #1620,#1621,#1622,#1623,#1624),.UNSPECIFIED.,.F.,.F.,(6,4,6),(0.,
    0.826166864947,1.),.UNSPECIFIED.);
#1615 = CARTESIAN_POINT('',(27.00244140625,54.55498046875,8.));
#1616 = CARTESIAN_POINT('',(27.036827553464,54.473784792103,8.));
#1617 = CARTESIAN_POINT('',(27.078022542298,54.399383665043,8.));
#1618 = CARTESIAN_POINT('',(27.126219562673,54.332436465811,8.));
#1619 = CARTESIAN_POINT('',(27.181422095049,54.27344741984,8.));
#1620 = CARTESIAN_POINT('',(27.256366875378,54.211961857363,8.));
#1621 = CARTESIAN_POINT('',(27.269692258538,54.201636100196,8.));
#1622 = CARTESIAN_POINT('',(27.28331259777,54.191674892128,8.));
#1623 = CARTESIAN_POINT('',(27.297224912241,54.182079736637,8.));
#1624 = CARTESIAN_POINT('',(27.31142578125,54.1728515625,8.));
#1625 = PCURVE('',#44,#1626);
#1626 = DEFINITIONAL_REPRESENTATION('',(#1627),#1638);
#1627 = B_SPLINE_CURVE_WITH_KNOTS('',5,(#1628,#1629,#1630,#1631,#1632,
    #1633,#1634,#1635,#1636,#1637),.UNSPECIFIED.,.F.,.F.,(6,4,6),(0.,
    0.826166864947,1.),.UNSPECIFIED.);
#1628 = CARTESIAN_POINT('',(27.00244140625,54.55498046875));
#1629 = CARTESIAN_POINT('',(27.036827553464,54.473784792103));
#1630 = CARTESIAN_POINT('',(27.078022542298,54.399383665043));
#1631 = CARTESIAN_POINT('',(27.126219562673,54.332436465811));
#1632 = CARTESIAN_POINT('',(27.181422095049,54.27344741984));
#1633 = CARTESIAN_POINT('',(27.256366875378,54.211961857363));
#1634 = CARTESIAN_POINT('',(27.269692258538,54.201636100196));
#1635 = CARTESIAN_POINT('',(27.28331259777,54.191674892128));
#1636 = CARTESIAN_POINT('',(27.297224912241,54.182079736637));
#1637 = CARTESIAN_POINT('',(27.31142578125,54.1728515625));
#1638 = ( GEOMETRIC_REPRESENTATION_CONTEXT(2) 
PARAMETRIC_REPRESENTATION_CONTEXT() REPRESENTATION_CONTEXT('2D SPACE',''
  ) );
#1639 = PCURVE('',#1640,#1647);
#1640 = SURFACE_OF_LINEAR_EXTRUSION('',#1641,#1645);
#1641 = B_SPLINE_CURVE_WITH_KNOTS('',2,(#1642,#1643,#1644),
  .UNSPECIFIED.,.F.,.F.,(3,3),(0.,1.),.PIECEWISE_BEZIER_KNOTS.);
#1642 = CARTESIAN_POINT('',(27.31142578125,54.1728515625,7.65));
#1643 = CARTESIAN_POINT('',(27.1083984375,54.30478515625,7.65));
#1644 = CARTESIAN_POINT('',(27.00244140625,54.55498046875,7.65));
#1645 = VECTOR('',#1646,1.);
#1646 = DIRECTION('',(-0.,-0.,-1.));
#1647 = DEFINITIONAL_REPRESENTATION('',(#1648),#1659);
#1648 = B_SPLINE_CURVE_WITH_KNOTS('',5,(#1649,#1650,#1651,#1652,#1653,
    #1654,#1655,#1656,#1657,#1658),.UNSPECIFIED.,.F.,.F.,(6,4,6),(0.,
    0.826166864947,1.),.UNSPECIFIED.);
#1649 = CARTESIAN_POINT('',(1.,-0.35));
#1650 = CARTESIAN_POINT('',(0.837735415911,-0.35));
#1651 = CARTESIAN_POINT('',(0.673492459356,-0.35));
#1652 = CARTESIAN_POINT('',(0.507830095737,-0.35));
#1653 = CARTESIAN_POINT('',(0.341407442509,-0.35));
#1654 = CARTESIAN_POINT('',(0.139986337924,-0.35));
#1655 = CARTESIAN_POINT('',(0.104972711894,-0.35));
#1656 = CARTESIAN_POINT('',(6.996594248124E-02,-0.35));
#1657 = CARTESIAN_POINT('',(3.497279909779E-02,-0.35));
#1658 = CARTESIAN_POINT('',(0.,-0.35));
#1659 = ( GEOMETRIC_REPRESENTATION_CONTEXT(2) 
PARAMETRIC_REPRESENTATION_CONTEXT() REPRESENTATION_CONTEXT('2D SPACE',''
  ) );
#1660 = ORIENTED_EDGE('',*,*,#1661,.F.);
#1661 = EDGE_CURVE('',#1662,#1611,#1664,.T.);
#1662 = VERTEX_POINT('',#1663);
#1663 = CARTESIAN_POINT('',(26.896484375,55.09228515625,8.));
#1664 = SURFACE_CURVE('',#1665,(#1676,#1690),.PCURVE_S1.);
#1665 = B_SPLINE_CURVE_WITH_KNOTS('',5,(#1666,#1667,#1668,#1669,#1670,
    #1671,#1672,#1673,#1674,#1675),.UNSPECIFIED.,.F.,.F.,(6,4,6),(0.,
    0.8435803941,1.),.UNSPECIFIED.);
#1666 = CARTESIAN_POINT('',(26.896484375,55.09228515625,8.));
#1667 = CARTESIAN_POINT('',(26.896484375,54.996343980969,8.));
#1668 = CARTESIAN_POINT('',(26.903879135676,54.902337345918,8.));
#1669 = CARTESIAN_POINT('',(26.91886660102,54.810530614756,8.));
#1670 = CARTESIAN_POINT('',(26.941525816104,54.721165902678,8.));
#1671 = CARTESIAN_POINT('',(26.977392957408,54.61837284148,8.));
#1672 = CARTESIAN_POINT('',(26.983264530685,54.602385038511,8.));
#1673 = CARTESIAN_POINT('',(26.989396901817,54.586489569358,8.));
#1674 = CARTESIAN_POINT('',(26.995789454263,54.570687658603,8.));
#1675 = CARTESIAN_POINT('',(27.00244140625,54.55498046875,8.));
#1676 = PCURVE('',#44,#1677);
#1677 = DEFINITIONAL_REPRESENTATION('',(#1678),#1689);
#1678 = B_SPLINE_CURVE_WITH_KNOTS('',5,(#1679,#1680,#1681,#1682,#1683,
    #1684,#1685,#1686,#1687,#1688),.UNSPECIFIED.,.F.,.F.,(6,4,6),(0.,
    0.8435803941,1.),.UNSPECIFIED.);
#1679 = CARTESIAN_POINT('',(26.896484375,55.09228515625));
#1680 = CARTESIAN_POINT('',(26.896484375,54.996343980969));
#1681 = CARTESIAN_POINT('',(26.903879135676,54.902337345918));
#1682 = CARTESIAN_POINT('',(26.91886660102,54.810530614756));
#1683 = CARTESIAN_POINT('',(26.941525816104,54.721165902678));
#1684 = CARTESIAN_POINT('',(26.977392957408,54.61837284148));
#1685 = CARTESIAN_POINT('',(26.983264530685,54.602385038511));
#1686 = CARTESIAN_POINT('',(26.989396901817,54.586489569358));
#1687 = CARTESIAN_POINT('',(26.995789454263,54.570687658603));
#1688 = CARTESIAN_POINT('',(27.00244140625,54.55498046875));
#1689 = ( GEOMETRIC_REPRESENTATION_CONTEXT(2) 
PARAMETRIC_REPRESENTATION_CONTEXT() REPRESENTATION_CONTEXT('2D SPACE',''
  ) );
#1690 = PCURVE('',#1691,#1698);
#1691 = SURFACE_OF_LINEAR_EXTRUSION('',#1692,#1696);
#1692 = B_SPLINE_CURVE_WITH_KNOTS('',2,(#1693,#1694,#1695),
  .UNSPECIFIED.,.F.,.F.,(3,3),(0.,1.),.PIECEWISE_BEZIER_KNOTS.);
#1693 = CARTESIAN_POINT('',(27.00244140625,54.55498046875,7.65));
#1694 = CARTESIAN_POINT('',(26.896484375,54.80517578125,7.65));
#1695 = CARTESIAN_POINT('',(26.896484375,55.09228515625,7.65));
#1696 = VECTOR('',#1697,1.);
#1697 = DIRECTION('',(-0.,-0.,-1.));
#1698 = DEFINITIONAL_REPRESENTATION('',(#1699),#1710);
#1699 = B_SPLINE_CURVE_WITH_KNOTS('',5,(#1700,#1701,#1702,#1703,#1704,
    #1705,#1706,#1707,#1708,#1709),.UNSPECIFIED.,.F.,.F.,(6,4,6),(0.,
    0.8435803941,1.),.UNSPECIFIED.);
#1700 = CARTESIAN_POINT('',(1.,-0.35));
#1701 = CARTESIAN_POINT('',(0.832918769578,-0.35));
#1702 = CARTESIAN_POINT('',(0.664720022577,-0.35));
#1703 = CARTESIAN_POINT('',(0.495745793329,-0.35));
#1704 = CARTESIAN_POINT('',(0.326369766796,-0.35));
#1705 = CARTESIAN_POINT('',(0.125594869726,-0.35));
#1706 = CARTESIAN_POINT('',(9.418979398416E-02,-0.35));
#1707 = CARTESIAN_POINT('',(6.278728731204E-02,-0.35));
#1708 = CARTESIAN_POINT('',(3.138985638136E-02,-0.35));
#1709 = CARTESIAN_POINT('',(0.,-0.35));
#1710 = ( GEOMETRIC_REPRESENTATION_CONTEXT(2) 
PARAMETRIC_REPRESENTATION_CONTEXT() REPRESENTATION_CONTEXT('2D SPACE',''
  ) );
#1711 = ORIENTED_EDGE('',*,*,#1712,.F.);
#1712 = EDGE_CURVE('',#1713,#1662,#1715,.T.);
#1713 = VERTEX_POINT('',#1714);
#1714 = CARTESIAN_POINT('',(27.01611328125,55.6384765625,8.));
#1715 = SURFACE_CURVE('',#1716,(#1723,#1733),.PCURVE_S1.);
#1716 = B_SPLINE_CURVE_WITH_KNOTS('',5,(#1717,#1718,#1719,#1720,#1721,
    #1722),.UNSPECIFIED.,.F.,.F.,(6,6),(0.,1.),
  .PIECEWISE_BEZIER_KNOTS.);
#1717 = CARTESIAN_POINT('',(27.01611328125,55.6384765625,8.));
#1718 = CARTESIAN_POINT('',(26.967430301497,55.543614299096,8.));
#1719 = CARTESIAN_POINT('',(26.931293478053,55.440792386413,8.));
#1720 = CARTESIAN_POINT('',(26.907821371439,55.330682036874,8.));
#1721 = CARTESIAN_POINT('',(26.896484375,55.21419764875,8.));
#1722 = CARTESIAN_POINT('',(26.896484375,55.09228515625,8.));
#1723 = PCURVE('',#44,#1724);
#1724 = DEFINITIONAL_REPRESENTATION('',(#1725),#1732);
#1725 = B_SPLINE_CURVE_WITH_KNOTS('',5,(#1726,#1727,#1728,#1729,#1730,
    #1731),.UNSPECIFIED.,.F.,.F.,(6,6),(0.,1.),
  .PIECEWISE_BEZIER_KNOTS.);
#1726 = CARTESIAN_POINT('',(27.01611328125,55.6384765625));
#1727 = CARTESIAN_POINT('',(26.967430301497,55.543614299096));
#1728 = CARTESIAN_POINT('',(26.931293478053,55.440792386413));
#1729 = CARTESIAN_POINT('',(26.907821371439,55.330682036874));
#1730 = CARTESIAN_POINT('',(26.896484375,55.21419764875));
#1731 = CARTESIAN_POINT('',(26.896484375,55.09228515625));
#1732 = ( GEOMETRIC_REPRESENTATION_CONTEXT(2) 
PARAMETRIC_REPRESENTATION_CONTEXT() REPRESENTATION_CONTEXT('2D SPACE',''
  ) );
#1733 = PCURVE('',#1734,#1741);
#1734 = SURFACE_OF_LINEAR_EXTRUSION('',#1735,#1739);
#1735 = B_SPLINE_CURVE_WITH_KNOTS('',2,(#1736,#1737,#1738),
  .UNSPECIFIED.,.F.,.F.,(3,3),(0.,1.),.PIECEWISE_BEZIER_KNOTS.);
#1736 = CARTESIAN_POINT('',(26.896484375,55.09228515625,7.65));
#1737 = CARTESIAN_POINT('',(26.896484375,55.40537109375,7.65));
#1738 = CARTESIAN_POINT('',(27.01611328125,55.6384765625,7.65));
#1739 = VECTOR('',#1740,1.);
#1740 = DIRECTION('',(-0.,-0.,-1.));
#1741 = DEFINITIONAL_REPRESENTATION('',(#1742),#1749);
#1742 = B_SPLINE_CURVE_WITH_KNOTS('',5,(#1743,#1744,#1745,#1746,#1747,
    #1748),.UNSPECIFIED.,.F.,.F.,(6,6),(0.,1.),
  .PIECEWISE_BEZIER_KNOTS.);
#1743 = CARTESIAN_POINT('',(1.,-0.35));
#1744 = CARTESIAN_POINT('',(0.796525015238,-0.35));
#1745 = CARTESIAN_POINT('',(0.593734111611,-0.35));
#1746 = CARTESIAN_POINT('',(0.392825807657,-0.35));
#1747 = CARTESIAN_POINT('',(0.194694934996,-0.35));
#1748 = CARTESIAN_POINT('',(0.,-0.35));
#1749 = ( GEOMETRIC_REPRESENTATION_CONTEXT(2) 
PARAMETRIC_REPRESENTATION_CONTEXT() REPRESENTATION_CONTEXT('2D SPACE',''
  ) );
#1750 = ORIENTED_EDGE('',*,*,#1751,.F.);
#1751 = EDGE_CURVE('',#1752,#1713,#1754,.T.);
#1752 = VERTEX_POINT('',#1753);
#1753 = CARTESIAN_POINT('',(27.35654296875,55.992578125,8.));
#1754 = SURFACE_CURVE('',#1755,(#1766,#1780),.PCURVE_S1.);
#1755 = B_SPLINE_CURVE_WITH_KNOTS('',5,(#1756,#1757,#1758,#1759,#1760,
    #1761,#1762,#1763,#1764,#1765),.UNSPECIFIED.,.F.,.F.,(6,4,6),(0.,
    0.383341096171,1.),.UNSPECIFIED.);
#1756 = CARTESIAN_POINT('',(27.35654296875,55.992578125,8.));
#1757 = CARTESIAN_POINT('',(27.322749927276,55.974059956762,8.));
#1758 = CARTESIAN_POINT('',(27.290347298708,55.953850914866,8.));
#1759 = CARTESIAN_POINT('',(27.259380355377,55.931949119791,8.));
#1760 = CARTESIAN_POINT('',(27.229884720614,55.908365126613,8.));
#1761 = CARTESIAN_POINT('',(27.156847020915,55.842514629848,8.));
#1762 = CARTESIAN_POINT('',(27.115680525515,55.797612495676,8.));
#1763 = CARTESIAN_POINT('',(27.078497074463,55.748513603529,8.));
#1764 = CARTESIAN_POINT('',(27.045321841855,55.695391529164,8.));
#1765 = CARTESIAN_POINT('',(27.01611328125,55.6384765625,8.));
#1766 = PCURVE('',#44,#1767);
#1767 = DEFINITIONAL_REPRESENTATION('',(#1768),#1779);
#1768 = B_SPLINE_CURVE_WITH_KNOTS('',5,(#1769,#1770,#1771,#1772,#1773,
    #1774,#1775,#1776,#1777,#1778),.UNSPECIFIED.,.F.,.F.,(6,4,6),(0.,
    0.383341096171,1.),.UNSPECIFIED.);
#1769 = CARTESIAN_POINT('',(27.35654296875,55.992578125));
#1770 = CARTESIAN_POINT('',(27.322749927276,55.974059956762));
#1771 = CARTESIAN_POINT('',(27.290347298708,55.953850914866));
#1772 = CARTESIAN_POINT('',(27.259380355377,55.931949119791));
#1773 = CARTESIAN_POINT('',(27.229884720614,55.908365126613));
#1774 = CARTESIAN_POINT('',(27.156847020915,55.842514629848));
#1775 = CARTESIAN_POINT('',(27.115680525515,55.797612495676));
#1776 = CARTESIAN_POINT('',(27.078497074463,55.748513603529));
#1777 = CARTESIAN_POINT('',(27.045321841855,55.695391529164));
#1778 = CARTESIAN_POINT('',(27.01611328125,55.6384765625));
#1779 = ( GEOMETRIC_REPRESENTATION_CONTEXT(2) 
PARAMETRIC_REPRESENTATION_CONTEXT() REPRESENTATION_CONTEXT('2D SPACE',''
  ) );
#1780 = PCURVE('',#1781,#1788);
#1781 = SURFACE_OF_LINEAR_EXTRUSION('',#1782,#1786);
#1782 = B_SPLINE_CURVE_WITH_KNOTS('',2,(#1783,#1784,#1785),
  .UNSPECIFIED.,.F.,.F.,(3,3),(0.,1.),.PIECEWISE_BEZIER_KNOTS.);
#1783 = CARTESIAN_POINT('',(27.01611328125,55.6384765625,7.65));
#1784 = CARTESIAN_POINT('',(27.1357421875,55.87158203125,7.65));
#1785 = CARTESIAN_POINT('',(27.35654296875,55.992578125,7.65));
#1786 = VECTOR('',#1787,1.);
#1787 = DIRECTION('',(-0.,-0.,-1.));
#1788 = DEFINITIONAL_REPRESENTATION('',(#1789),#1800);
#1789 = B_SPLINE_CURVE_WITH_KNOTS('',5,(#1790,#1791,#1792,#1793,#1794,
    #1795,#1796,#1797,#1798,#1799),.UNSPECIFIED.,.F.,.F.,(6,4,6),(0.,
    0.383341096171,1.),.UNSPECIFIED.);
#1790 = CARTESIAN_POINT('',(1.,-0.35));
#1791 = CARTESIAN_POINT('',(0.923476173222,-0.35));
#1792 = CARTESIAN_POINT('',(0.846747042506,-0.35));
#1793 = CARTESIAN_POINT('',(0.769878633892,-0.35));
#1794 = CARTESIAN_POINT('',(0.692939355995,-0.35));
#1795 = CARTESIAN_POINT('',(0.492232057029,-0.35));
#1796 = CARTESIAN_POINT('',(0.368459601982,-0.35));
#1797 = CARTESIAN_POINT('',(0.244983708596,-0.35));
#1798 = CARTESIAN_POINT('',(0.122079861465,-0.35));
#1799 = CARTESIAN_POINT('',(0.,-0.35));
#1800 = ( GEOMETRIC_REPRESENTATION_CONTEXT(2) 
PARAMETRIC_REPRESENTATION_CONTEXT() REPRESENTATION_CONTEXT('2D SPACE',''
  ) );
#1801 = ORIENTED_EDGE('',*,*,#1802,.F.);
#1802 = EDGE_CURVE('',#1803,#1752,#1805,.T.);
#1803 = VERTEX_POINT('',#1804);
#1804 = CARTESIAN_POINT('',(27.842578125,56.11357421875,8.));
#1805 = SURFACE_CURVE('',#1806,(#1817,#1831),.PCURVE_S1.);
#1806 = B_SPLINE_CURVE_WITH_KNOTS('',5,(#1807,#1808,#1809,#1810,#1811,
    #1812,#1813,#1814,#1815,#1816),.UNSPECIFIED.,.F.,.F.,(6,4,6),(0.,
    0.708763484804,1.),.UNSPECIFIED.);
#1807 = CARTESIAN_POINT('',(27.842578125,56.11357421875,8.));
#1808 = CARTESIAN_POINT('',(27.768120457797,56.11357421875,8.));
#1809 = CARTESIAN_POINT('',(27.695368621527,56.107614721145,8.));
#1810 = CARTESIAN_POINT('',(27.624526986692,56.095541110595,8.));
#1811 = CARTESIAN_POINT('',(27.555779088942,56.077291613162,8.));
#1812 = CARTESIAN_POINT('',(27.461953885711,56.042910072814,8.));
#1813 = CARTESIAN_POINT('',(27.435007821833,56.031863645904,8.));
#1814 = CARTESIAN_POINT('',(27.408451438344,56.019787770353,8.));
#1815 = CARTESIAN_POINT('',(27.382293870295,56.00668930015,8.));
#1816 = CARTESIAN_POINT('',(27.35654296875,55.992578125,8.));
#1817 = PCURVE('',#44,#1818);
#1818 = DEFINITIONAL_REPRESENTATION('',(#1819),#1830);
#1819 = B_SPLINE_CURVE_WITH_KNOTS('',5,(#1820,#1821,#1822,#1823,#1824,
    #1825,#1826,#1827,#1828,#1829),.UNSPECIFIED.,.F.,.F.,(6,4,6),(0.,
    0.708763484804,1.),.UNSPECIFIED.);
#1820 = CARTESIAN_POINT('',(27.842578125,56.11357421875));
#1821 = CARTESIAN_POINT('',(27.768120457797,56.11357421875));
#1822 = CARTESIAN_POINT('',(27.695368621527,56.107614721145));
#1823 = CARTESIAN_POINT('',(27.624526986692,56.095541110595));
#1824 = CARTESIAN_POINT('',(27.555779088942,56.077291613162));
#1825 = CARTESIAN_POINT('',(27.461953885711,56.042910072814));
#1826 = CARTESIAN_POINT('',(27.435007821833,56.031863645904));
#1827 = CARTESIAN_POINT('',(27.408451438344,56.019787770353));
#1828 = CARTESIAN_POINT('',(27.382293870295,56.00668930015));
#1829 = CARTESIAN_POINT('',(27.35654296875,55.992578125));
#1830 = ( GEOMETRIC_REPRESENTATION_CONTEXT(2) 
PARAMETRIC_REPRESENTATION_CONTEXT() REPRESENTATION_CONTEXT('2D SPACE',''
  ) );
#1831 = PCURVE('',#1832,#1839);
#1832 = SURFACE_OF_LINEAR_EXTRUSION('',#1833,#1837);
#1833 = B_SPLINE_CURVE_WITH_KNOTS('',2,(#1834,#1835,#1836),
  .UNSPECIFIED.,.F.,.F.,(3,3),(0.,1.),.PIECEWISE_BEZIER_KNOTS.);
#1834 = CARTESIAN_POINT('',(27.35654296875,55.992578125,7.65));
#1835 = CARTESIAN_POINT('',(27.57734375,56.11357421875,7.65));
#1836 = CARTESIAN_POINT('',(27.842578125,56.11357421875,7.65));
#1837 = VECTOR('',#1838,1.);
#1838 = DIRECTION('',(-0.,-0.,-1.));
#1839 = DEFINITIONAL_REPRESENTATION('',(#1840),#1851);
#1840 = B_SPLINE_CURVE_WITH_KNOTS('',5,(#1841,#1842,#1843,#1844,#1845,
    #1846,#1847,#1848,#1849,#1850),.UNSPECIFIED.,.F.,.F.,(6,4,6),(0.,
    0.708763484804,1.),.UNSPECIFIED.);
#1841 = CARTESIAN_POINT('',(1.,-0.35));
#1842 = CARTESIAN_POINT('',(0.859637976407,-0.35));
#1843 = CARTESIAN_POINT('',(0.718366030907,-0.35));
#1844 = CARTESIAN_POINT('',(0.576462390741,-0.35));
#1845 = CARTESIAN_POINT('',(0.434230278874,-0.35));
#1846 = CARTESIAN_POINT('',(0.23355645478,-0.35));
#1847 = CARTESIAN_POINT('',(0.175112557132,-0.35));
#1848 = CARTESIAN_POINT('',(0.116690591554,-0.35));
#1849 = CARTESIAN_POINT('',(5.831252362276E-02,-0.35));
#1850 = CARTESIAN_POINT('',(0.,-0.35));
#1851 = ( GEOMETRIC_REPRESENTATION_CONTEXT(2) 
PARAMETRIC_REPRESENTATION_CONTEXT() REPRESENTATION_CONTEXT('2D SPACE',''
  ) );
#1852 = ORIENTED_EDGE('',*,*,#1853,.F.);
#1853 = EDGE_CURVE('',#1854,#1803,#1856,.T.);
#1854 = VERTEX_POINT('',#1855);
#1855 = CARTESIAN_POINT('',(28.3484375,55.96044921875,8.));
#1856 = SURFACE_CURVE('',#1857,(#1868,#1882),.PCURVE_S1.);
#1857 = B_SPLINE_CURVE_WITH_KNOTS('',5,(#1858,#1859,#1860,#1861,#1862,
    #1863,#1864,#1865,#1866,#1867),.UNSPECIFIED.,.F.,.F.,(6,4,6),(0.,
    0.116659384885,1.),.UNSPECIFIED.);
#1858 = CARTESIAN_POINT('',(28.3484375,55.96044921875,8.));
#1859 = CARTESIAN_POINT('',(28.338762408322,55.967673287203,8.));
#1860 = CARTESIAN_POINT('',(28.32895073075,55.974686927032,8.));
#1861 = CARTESIAN_POINT('',(28.319003431618,55.981488971067,8.));
#1862 = CARTESIAN_POINT('',(28.308921608494,55.988078452773,8.));
#1863 = CARTESIAN_POINT('',(28.221358003416,56.042734608239,8.));
#1864 = CARTESIAN_POINT('',(28.136353751912,56.078791814656,8.));
#1865 = CARTESIAN_POINT('',(28.044268436229,56.10225758061,8.));
#1866 = CARTESIAN_POINT('',(27.946007333291,56.11357421875,8.));
#1867 = CARTESIAN_POINT('',(27.842578125,56.11357421875,8.));
#1868 = PCURVE('',#44,#1869);
#1869 = DEFINITIONAL_REPRESENTATION('',(#1870),#1881);
#1870 = B_SPLINE_CURVE_WITH_KNOTS('',5,(#1871,#1872,#1873,#1874,#1875,
    #1876,#1877,#1878,#1879,#1880),.UNSPECIFIED.,.F.,.F.,(6,4,6),(0.,
    0.116659384885,1.),.UNSPECIFIED.);
#1871 = CARTESIAN_POINT('',(28.3484375,55.96044921875));
#1872 = CARTESIAN_POINT('',(28.338762408322,55.967673287203));
#1873 = CARTESIAN_POINT('',(28.32895073075,55.974686927032));
#1874 = CARTESIAN_POINT('',(28.319003431618,55.981488971067));
#1875 = CARTESIAN_POINT('',(28.308921608494,55.988078452773));
#1876 = CARTESIAN_POINT('',(28.221358003416,56.042734608239));
#1877 = CARTESIAN_POINT('',(28.136353751912,56.078791814656));
#1878 = CARTESIAN_POINT('',(28.044268436229,56.10225758061));
#1879 = CARTESIAN_POINT('',(27.946007333291,56.11357421875));
#1880 = CARTESIAN_POINT('',(27.842578125,56.11357421875));
#1881 = ( GEOMETRIC_REPRESENTATION_CONTEXT(2) 
PARAMETRIC_REPRESENTATION_CONTEXT() REPRESENTATION_CONTEXT('2D SPACE',''
  ) );
#1882 = PCURVE('',#1883,#1890);
#1883 = SURFACE_OF_LINEAR_EXTRUSION('',#1884,#1888);
#1884 = B_SPLINE_CURVE_WITH_KNOTS('',2,(#1885,#1886,#1887),
  .UNSPECIFIED.,.F.,.F.,(3,3),(0.,1.),.PIECEWISE_BEZIER_KNOTS.);
#1885 = CARTESIAN_POINT('',(27.842578125,56.11357421875,7.65));
#1886 = CARTESIAN_POINT('',(28.143359375,56.11357421875,7.65));
#1887 = CARTESIAN_POINT('',(28.3484375,55.96044921875,7.65));
#1888 = VECTOR('',#1889,1.);
#1889 = DIRECTION('',(-0.,-0.,-1.));
#1890 = DEFINITIONAL_REPRESENTATION('',(#1891),#1902);
#1891 = B_SPLINE_CURVE_WITH_KNOTS('',5,(#1892,#1893,#1894,#1895,#1896,
    #1897,#1898,#1899,#1900,#1901),.UNSPECIFIED.,.F.,.F.,(6,4,6),(0.,
    0.116659384885,1.),.UNSPECIFIED.);
#1892 = CARTESIAN_POINT('',(1.,-0.35));
#1893 = CARTESIAN_POINT('',(0.976411205051,-0.35));
#1894 = CARTESIAN_POINT('',(0.952813985369,-0.35));
#1895 = CARTESIAN_POINT('',(0.929211156645,-0.35));
#1896 = CARTESIAN_POINT('',(0.905605547603,-0.35));
#1897 = CARTESIAN_POINT('',(0.703259652962,-0.35));
#1898 = CARTESIAN_POINT('',(0.524491851587,-0.35));
#1899 = CARTESIAN_POINT('',(0.347034946604,-0.35));
#1900 = CARTESIAN_POINT('',(0.171934268328,-0.35));
#1901 = CARTESIAN_POINT('',(0.,-0.35));
#1902 = ( GEOMETRIC_REPRESENTATION_CONTEXT(2) 
PARAMETRIC_REPRESENTATION_CONTEXT() REPRESENTATION_CONTEXT('2D SPACE',''
  ) );
#1903 = ORIENTED_EDGE('',*,*,#1904,.F.);
#1904 = EDGE_CURVE('',#1905,#1854,#1907,.T.);
#1905 = VERTEX_POINT('',#1906);
#1906 = CARTESIAN_POINT('',(28.6341796875,55.52978515625,8.));
#1907 = SURFACE_CURVE('',#1908,(#1919,#1933),.PCURVE_S1.);
#1908 = B_SPLINE_CURVE_WITH_KNOTS('',5,(#1909,#1910,#1911,#1912,#1913,
    #1914,#1915,#1916,#1917,#1918),.UNSPECIFIED.,.F.,.F.,(6,4,6),(0.,
    0.793542305868,1.),.UNSPECIFIED.);
#1909 = CARTESIAN_POINT('',(28.6341796875,55.52978515625,8.));
#1910 = CARTESIAN_POINT('',(28.609127361157,55.615982143497,8.));
#1911 = CARTESIAN_POINT('',(28.576213768917,55.695920222554,8.));
#1912 = CARTESIAN_POINT('',(28.535105676702,55.768827514751,8.));
#1913 = CARTESIAN_POINT('',(28.485714531467,55.834082390778,8.));
#1914 = CARTESIAN_POINT('',(28.413447204265,55.906270322724,8.));
#1915 = CARTESIAN_POINT('',(28.397988067207,55.920634985543,8.));
#1916 = CARTESIAN_POINT('',(28.381995297295,55.934455242632,8.));
#1917 = CARTESIAN_POINT('',(28.36547569444,55.947727366901,8.));
#1918 = CARTESIAN_POINT('',(28.3484375,55.96044921875,8.));
#1919 = PCURVE('',#44,#1920);
#1920 = DEFINITIONAL_REPRESENTATION('',(#1921),#1932);
#1921 = B_SPLINE_CURVE_WITH_KNOTS('',5,(#1922,#1923,#1924,#1925,#1926,
    #1927,#1928,#1929,#1930,#1931),.UNSPECIFIED.,.F.,.F.,(6,4,6),(0.,
    0.793542305868,1.),.UNSPECIFIED.);
#1922 = CARTESIAN_POINT('',(28.6341796875,55.52978515625));
#1923 = CARTESIAN_POINT('',(28.609127361157,55.615982143497));
#1924 = CARTESIAN_POINT('',(28.576213768917,55.695920222554));
#1925 = CARTESIAN_POINT('',(28.535105676702,55.768827514751));
#1926 = CARTESIAN_POINT('',(28.485714531467,55.834082390778));
#1927 = CARTESIAN_POINT('',(28.413447204265,55.906270322724));
#1928 = CARTESIAN_POINT('',(28.397988067207,55.920634985543));
#1929 = CARTESIAN_POINT('',(28.381995297295,55.934455242632));
#1930 = CARTESIAN_POINT('',(28.36547569444,55.947727366901));
#1931 = CARTESIAN_POINT('',(28.3484375,55.96044921875));
#1932 = ( GEOMETRIC_REPRESENTATION_CONTEXT(2) 
PARAMETRIC_REPRESENTATION_CONTEXT() REPRESENTATION_CONTEXT('2D SPACE',''
  ) );
#1933 = PCURVE('',#1934,#1941);
#1934 = SURFACE_OF_LINEAR_EXTRUSION('',#1935,#1939);
#1935 = B_SPLINE_CURVE_WITH_KNOTS('',2,(#1936,#1937,#1938),
  .UNSPECIFIED.,.F.,.F.,(3,3),(0.,1.),.PIECEWISE_BEZIER_KNOTS.);
#1936 = CARTESIAN_POINT('',(28.3484375,55.96044921875,7.65));
#1937 = CARTESIAN_POINT('',(28.553515625,55.80732421875,7.65));
#1938 = CARTESIAN_POINT('',(28.6341796875,55.52978515625,7.65));
#1939 = VECTOR('',#1940,1.);
#1940 = DIRECTION('',(-0.,-0.,-1.));
#1941 = DEFINITIONAL_REPRESENTATION('',(#1942),#1953);
#1942 = B_SPLINE_CURVE_WITH_KNOTS('',5,(#1943,#1944,#1945,#1946,#1947,
    #1948,#1949,#1950,#1951,#1952),.UNSPECIFIED.,.F.,.F.,(6,4,6),(0.,
    0.793542305868,1.),.UNSPECIFIED.);
#1943 = CARTESIAN_POINT('',(1.,-0.35));
#1944 = CARTESIAN_POINT('',(0.844711972306,-0.35));
#1945 = CARTESIAN_POINT('',(0.68718728391,-0.35));
#1946 = CARTESIAN_POINT('',(0.528038219517,-0.35));
#1947 = CARTESIAN_POINT('',(0.368008876861,-0.35));
#1948 = CARTESIAN_POINT('',(0.166370129087,-0.35));
#1949 = CARTESIAN_POINT('',(0.124740397524,-0.35));
#1950 = CARTESIAN_POINT('',(8.312570334594E-02,-0.35));
#1951 = CARTESIAN_POINT('',(4.154074073028E-02,-0.35));
#1952 = CARTESIAN_POINT('',(0.,-0.35));
#1953 = ( GEOMETRIC_REPRESENTATION_CONTEXT(2) 
PARAMETRIC_REPRESENTATION_CONTEXT() REPRESENTATION_CONTEXT('2D SPACE',''
  ) );
#1954 = ORIENTED_EDGE('',*,*,#1955,.F.);
#1955 = EDGE_CURVE('',#1956,#1905,#1958,.T.);
#1956 = VERTEX_POINT('',#1957);
#1957 = CARTESIAN_POINT('',(28.373046875,55.46826171875,8.));
#1958 = SURFACE_CURVE('',#1959,(#1963,#1969),.PCURVE_S1.);
#1959 = LINE('',#1960,#1961);
#1960 = CARTESIAN_POINT('',(8.872557958449,50.87390569129,8.));
#1961 = VECTOR('',#1962,1.);
#1962 = DIRECTION('',(0.973350293123,0.22932336749,-0.));
#1963 = PCURVE('',#44,#1964);
#1964 = DEFINITIONAL_REPRESENTATION('',(#1965),#1968);
#1965 = B_SPLINE_CURVE_WITH_KNOTS('',1,(#1966,#1967),.UNSPECIFIED.,.F.,
  .F.,(2,2),(20.034399798636,20.302682260094),.PIECEWISE_BEZIER_KNOTS.);
#1966 = CARTESIAN_POINT('',(28.373046875,55.46826171875));
#1967 = CARTESIAN_POINT('',(28.6341796875,55.52978515625));
#1968 = ( GEOMETRIC_REPRESENTATION_CONTEXT(2) 
PARAMETRIC_REPRESENTATION_CONTEXT() REPRESENTATION_CONTEXT('2D SPACE',''
  ) );
#1969 = PCURVE('',#1970,#1975);
#1970 = PLANE('',#1971);
#1971 = AXIS2_PLACEMENT_3D('',#1972,#1973,#1974);
#1972 = CARTESIAN_POINT('',(28.6341796875,55.52978515625,7.65));
#1973 = DIRECTION('',(0.22932336749,-0.973350293123,0.));
#1974 = DIRECTION('',(-0.973350293123,-0.22932336749,0.));
#1975 = DEFINITIONAL_REPRESENTATION('',(#1976),#1979);
#1976 = B_SPLINE_CURVE_WITH_KNOTS('',1,(#1977,#1978),.UNSPECIFIED.,.F.,
  .F.,(2,2),(20.034399798636,20.302682260094),.PIECEWISE_BEZIER_KNOTS.);
#1977 = CARTESIAN_POINT('',(0.268282461458,-0.35));
#1978 = CARTESIAN_POINT('',(0.,-0.35));
#1979 = ( GEOMETRIC_REPRESENTATION_CONTEXT(2) 
PARAMETRIC_REPRESENTATION_CONTEXT() REPRESENTATION_CONTEXT('2D SPACE',''
  ) );
#1980 = ORIENTED_EDGE('',*,*,#1981,.F.);
#1981 = EDGE_CURVE('',#1982,#1956,#1984,.T.);
#1982 = VERTEX_POINT('',#1983);
#1983 = CARTESIAN_POINT('',(28.170703125,55.78681640625,8.));
#1984 = SURFACE_CURVE('',#1985,(#1992,#2002),.PCURVE_S1.);
#1985 = B_SPLINE_CURVE_WITH_KNOTS('',5,(#1986,#1987,#1988,#1989,#1990,
    #1991),.UNSPECIFIED.,.F.,.F.,(6,6),(0.,1.),
  .PIECEWISE_BEZIER_KNOTS.);
#1986 = CARTESIAN_POINT('',(28.170703125,55.78681640625,8.));
#1987 = CARTESIAN_POINT('',(28.224651037469,55.746216430887,8.));
#1988 = CARTESIAN_POINT('',(28.271925140992,55.693441460951,8.));
#1989 = CARTESIAN_POINT('',(28.312288365356,55.628887774499,8.));
#1990 = CARTESIAN_POINT('',(28.345887632891,55.553467184191,8.));
#1991 = CARTESIAN_POINT('',(28.373046875,55.46826171875,8.));
#1992 = PCURVE('',#44,#1993);
#1993 = DEFINITIONAL_REPRESENTATION('',(#1994),#2001);
#1994 = B_SPLINE_CURVE_WITH_KNOTS('',5,(#1995,#1996,#1997,#1998,#1999,
    #2000),.UNSPECIFIED.,.F.,.F.,(6,6),(0.,1.),
  .PIECEWISE_BEZIER_KNOTS.);
#1995 = CARTESIAN_POINT('',(28.170703125,55.78681640625));
#1996 = CARTESIAN_POINT('',(28.224651037469,55.746216430887));
#1997 = CARTESIAN_POINT('',(28.271925140992,55.693441460951));
#1998 = CARTESIAN_POINT('',(28.312288365356,55.628887774499));
#1999 = CARTESIAN_POINT('',(28.345887632891,55.553467184191));
#2000 = CARTESIAN_POINT('',(28.373046875,55.46826171875));
#2001 = ( GEOMETRIC_REPRESENTATION_CONTEXT(2) 
PARAMETRIC_REPRESENTATION_CONTEXT() REPRESENTATION_CONTEXT('2D SPACE',''
  ) );
#2002 = PCURVE('',#2003,#2010);
#2003 = SURFACE_OF_LINEAR_EXTRUSION('',#2004,#2008);
#2004 = B_SPLINE_CURVE_WITH_KNOTS('',2,(#2005,#2006,#2007),
  .UNSPECIFIED.,.F.,.F.,(3,3),(0.,1.),.PIECEWISE_BEZIER_KNOTS.);
#2005 = CARTESIAN_POINT('',(28.373046875,55.46826171875,7.65));
#2006 = CARTESIAN_POINT('',(28.3033203125,55.68701171875,7.65));
#2007 = CARTESIAN_POINT('',(28.170703125,55.78681640625,7.65));
#2008 = VECTOR('',#2009,1.);
#2009 = DIRECTION('',(-0.,-0.,-1.));
#2010 = DEFINITIONAL_REPRESENTATION('',(#2011),#2018);
#2011 = B_SPLINE_CURVE_WITH_KNOTS('',5,(#2012,#2013,#2014,#2015,#2016,
    #2017),.UNSPECIFIED.,.F.,.F.,(6,6),(0.,1.),
  .PIECEWISE_BEZIER_KNOTS.);
#2012 = CARTESIAN_POINT('',(1.,-0.35));
#2013 = CARTESIAN_POINT('',(0.796602863151,-0.35));
#2014 = CARTESIAN_POINT('',(0.593843459474,-0.35));
#2015 = CARTESIAN_POINT('',(0.392926283838,-0.35));
#2016 = CARTESIAN_POINT('',(0.19475534958,-0.35));
#2017 = CARTESIAN_POINT('',(0.,-0.35));
#2018 = ( GEOMETRIC_REPRESENTATION_CONTEXT(2) 
PARAMETRIC_REPRESENTATION_CONTEXT() REPRESENTATION_CONTEXT('2D SPACE',''
  ) );
#2019 = ORIENTED_EDGE('',*,*,#2020,.F.);
#2020 = EDGE_CURVE('',#2021,#1982,#2023,.T.);
#2021 = VERTEX_POINT('',#2022);
#2022 = CARTESIAN_POINT('',(27.837109375,55.88662109375,8.));
#2023 = SURFACE_CURVE('',#2024,(#2031,#2041),.PCURVE_S1.);
#2024 = B_SPLINE_CURVE_WITH_KNOTS('',5,(#2025,#2026,#2027,#2028,#2029,
    #2030),.UNSPECIFIED.,.F.,.F.,(6,6),(0.,1.),
  .PIECEWISE_BEZIER_KNOTS.);
#2025 = CARTESIAN_POINT('',(27.837109375,55.88662109375,8.));
#2026 = CARTESIAN_POINT('',(27.91626009917,55.88662109375,8.));
#2027 = CARTESIAN_POINT('',(27.98971440833,55.876946158648,8.));
#2028 = CARTESIAN_POINT('',(28.056873614539,55.857141211871,8.));
#2029 = CARTESIAN_POINT('',(28.117279244234,55.827022007239,8.));
#2030 = CARTESIAN_POINT('',(28.170703125,55.78681640625,8.));
#2031 = PCURVE('',#44,#2032);
#2032 = DEFINITIONAL_REPRESENTATION('',(#2033),#2040);
#2033 = B_SPLINE_CURVE_WITH_KNOTS('',5,(#2034,#2035,#2036,#2037,#2038,
    #2039),.UNSPECIFIED.,.F.,.F.,(6,6),(0.,1.),
  .PIECEWISE_BEZIER_KNOTS.);
#2034 = CARTESIAN_POINT('',(27.837109375,55.88662109375));
#2035 = CARTESIAN_POINT('',(27.91626009917,55.88662109375));
#2036 = CARTESIAN_POINT('',(27.98971440833,55.876946158648));
#2037 = CARTESIAN_POINT('',(28.056873614539,55.857141211871));
#2038 = CARTESIAN_POINT('',(28.117279244234,55.827022007239));
#2039 = CARTESIAN_POINT('',(28.170703125,55.78681640625));
#2040 = ( GEOMETRIC_REPRESENTATION_CONTEXT(2) 
PARAMETRIC_REPRESENTATION_CONTEXT() REPRESENTATION_CONTEXT('2D SPACE',''
  ) );
#2041 = PCURVE('',#2042,#2049);
#2042 = SURFACE_OF_LINEAR_EXTRUSION('',#2043,#2047);
#2043 = B_SPLINE_CURVE_WITH_KNOTS('',2,(#2044,#2045,#2046),
  .UNSPECIFIED.,.F.,.F.,(3,3),(0.,1.),.PIECEWISE_BEZIER_KNOTS.);
#2044 = CARTESIAN_POINT('',(28.170703125,55.78681640625,7.65));
#2045 = CARTESIAN_POINT('',(28.0380859375,55.88662109375,7.65));
#2046 = CARTESIAN_POINT('',(27.837109375,55.88662109375,7.65));
#2047 = VECTOR('',#2048,1.);
#2048 = DIRECTION('',(-0.,-0.,-1.));
#2049 = DEFINITIONAL_REPRESENTATION('',(#2050),#2057);
#2050 = B_SPLINE_CURVE_WITH_KNOTS('',5,(#2051,#2052,#2053,#2054,#2055,
    #2056),.UNSPECIFIED.,.F.,.F.,(6,6),(0.,1.),
  .PIECEWISE_BEZIER_KNOTS.);
#2051 = CARTESIAN_POINT('',(1.,-0.35));
#2052 = CARTESIAN_POINT('',(0.803084690112,-0.35));
#2053 = CARTESIAN_POINT('',(0.603855048501,-0.35));
#2054 = CARTESIAN_POINT('',(0.40302506802,-0.35));
#2055 = CARTESIAN_POINT('',(0.201421406129,-0.35));
#2056 = CARTESIAN_POINT('',(0.,-0.35));
#2057 = ( GEOMETRIC_REPRESENTATION_CONTEXT(2) 
PARAMETRIC_REPRESENTATION_CONTEXT() REPRESENTATION_CONTEXT('2D SPACE',''
  ) );
#2058 = ORIENTED_EDGE('',*,*,#2059,.F.);
#2059 = EDGE_CURVE('',#2060,#2021,#2062,.T.);
#2060 = VERTEX_POINT('',#2061);
#2061 = CARTESIAN_POINT('',(27.45087890625,55.77587890625,8.));
#2062 = SURFACE_CURVE('',#2063,(#2070,#2080),.PCURVE_S1.);
#2063 = B_SPLINE_CURVE_WITH_KNOTS('',5,(#2064,#2065,#2066,#2067,#2068,
    #2069),.UNSPECIFIED.,.F.,.F.,(6,6),(0.,1.),
  .PIECEWISE_BEZIER_KNOTS.);
#2064 = CARTESIAN_POINT('',(27.45087890625,55.77587890625,8.));
#2065 = CARTESIAN_POINT('',(27.513540575089,55.820597806479,8.));
#2066 = CARTESIAN_POINT('',(27.583970105914,55.854055282829,8.));
#2067 = CARTESIAN_POINT('',(27.661824851256,55.875969161784,8.));
#2068 = CARTESIAN_POINT('',(27.746466773104,55.88662109375,8.));
#2069 = CARTESIAN_POINT('',(27.837109375,55.88662109375,8.));
#2070 = PCURVE('',#44,#2071);
#2071 = DEFINITIONAL_REPRESENTATION('',(#2072),#2079);
#2072 = B_SPLINE_CURVE_WITH_KNOTS('',5,(#2073,#2074,#2075,#2076,#2077,
    #2078),.UNSPECIFIED.,.F.,.F.,(6,6),(0.,1.),
  .PIECEWISE_BEZIER_KNOTS.);
#2073 = CARTESIAN_POINT('',(27.45087890625,55.77587890625));
#2074 = CARTESIAN_POINT('',(27.513540575089,55.820597806479));
#2075 = CARTESIAN_POINT('',(27.583970105914,55.854055282829));
#2076 = CARTESIAN_POINT('',(27.661824851256,55.875969161784));
#2077 = CARTESIAN_POINT('',(27.746466773104,55.88662109375));
#2078 = CARTESIAN_POINT('',(27.837109375,55.88662109375));
#2079 = ( GEOMETRIC_REPRESENTATION_CONTEXT(2) 
PARAMETRIC_REPRESENTATION_CONTEXT() REPRESENTATION_CONTEXT('2D SPACE',''
  ) );
#2080 = PCURVE('',#2081,#2088);
#2081 = SURFACE_OF_LINEAR_EXTRUSION('',#2082,#2086);
#2082 = B_SPLINE_CURVE_WITH_KNOTS('',2,(#2083,#2084,#2085),
  .UNSPECIFIED.,.F.,.F.,(3,3),(0.,1.),.PIECEWISE_BEZIER_KNOTS.);
#2083 = CARTESIAN_POINT('',(27.837109375,55.88662109375,7.65));
#2084 = CARTESIAN_POINT('',(27.6060546875,55.88662109375,7.65));
#2085 = CARTESIAN_POINT('',(27.45087890625,55.77587890625,7.65));
#2086 = VECTOR('',#2087,1.);
#2087 = DIRECTION('',(-0.,-0.,-1.));
#2088 = DEFINITIONAL_REPRESENTATION('',(#2089),#2096);
#2089 = B_SPLINE_CURVE_WITH_KNOTS('',5,(#2090,#2091,#2092,#2093,#2094,
    #2095),.UNSPECIFIED.,.F.,.F.,(6,6),(0.,1.),
  .PIECEWISE_BEZIER_KNOTS.);
#2090 = CARTESIAN_POINT('',(1.,-0.35));
#2091 = CARTESIAN_POINT('',(0.798094559813,-0.35));
#2092 = CARTESIAN_POINT('',(0.596077238797,-0.35));
#2093 = CARTESIAN_POINT('',(0.395107910806,-0.35));
#2094 = CARTESIAN_POINT('',(0.196149671052,-0.35));
#2095 = CARTESIAN_POINT('',(0.,-0.35));
#2096 = ( GEOMETRIC_REPRESENTATION_CONTEXT(2) 
PARAMETRIC_REPRESENTATION_CONTEXT() REPRESENTATION_CONTEXT('2D SPACE',''
  ) );
#2097 = ORIENTED_EDGE('',*,*,#2098,.F.);
#2098 = EDGE_CURVE('',#2099,#2060,#2101,.T.);
#2099 = VERTEX_POINT('',#2100);
#2100 = CARTESIAN_POINT('',(27.2328125,55.478515625,8.));
#2101 = SURFACE_CURVE('',#2102,(#2111,#2123),.PCURVE_S1.);
#2102 = B_SPLINE_CURVE_WITH_KNOTS('',4,(#2103,#2104,#2105,#2106,#2107,
    #2108,#2109,#2110),.UNSPECIFIED.,.F.,.F.,(5,3,5),(0.,0.58534607904,
    1.),.UNSPECIFIED.);
#2103 = CARTESIAN_POINT('',(27.2328125,55.478515625,8.));
#2104 = CARTESIAN_POINT('',(27.251103756401,55.53279294019,8.));
#2105 = CARTESIAN_POINT('',(27.27470168959,55.583097049364,8.));
#2106 = CARTESIAN_POINT('',(27.303692225669,55.629172617163,8.));
#2107 = CARTESIAN_POINT('',(27.362263717657,55.700450157625,8.));
#2108 = CARTESIAN_POINT('',(27.389207424752,55.727821521648,8.));
#2109 = CARTESIAN_POINT('',(27.418772111539,55.752965687117,8.));
#2110 = CARTESIAN_POINT('',(27.45087890625,55.77587890625,8.));
#2111 = PCURVE('',#44,#2112);
#2112 = DEFINITIONAL_REPRESENTATION('',(#2113),#2122);
#2113 = B_SPLINE_CURVE_WITH_KNOTS('',4,(#2114,#2115,#2116,#2117,#2118,
    #2119,#2120,#2121),.UNSPECIFIED.,.F.,.F.,(5,3,5),(0.,0.58534607904,
    1.),.UNSPECIFIED.);
#2114 = CARTESIAN_POINT('',(27.2328125,55.478515625));
#2115 = CARTESIAN_POINT('',(27.251103756401,55.53279294019));
#2116 = CARTESIAN_POINT('',(27.27470168959,55.583097049364));
#2117 = CARTESIAN_POINT('',(27.303692225669,55.629172617163));
#2118 = CARTESIAN_POINT('',(27.362263717657,55.700450157625));
#2119 = CARTESIAN_POINT('',(27.389207424752,55.727821521648));
#2120 = CARTESIAN_POINT('',(27.418772111539,55.752965687117));
#2121 = CARTESIAN_POINT('',(27.45087890625,55.77587890625));
#2122 = ( GEOMETRIC_REPRESENTATION_CONTEXT(2) 
PARAMETRIC_REPRESENTATION_CONTEXT() REPRESENTATION_CONTEXT('2D SPACE',''
  ) );
#2123 = PCURVE('',#2124,#2131);
#2124 = SURFACE_OF_LINEAR_EXTRUSION('',#2125,#2129);
#2125 = B_SPLINE_CURVE_WITH_KNOTS('',2,(#2126,#2127,#2128),
  .UNSPECIFIED.,.F.,.F.,(3,3),(0.,1.),.PIECEWISE_BEZIER_KNOTS.);
#2126 = CARTESIAN_POINT('',(27.45087890625,55.77587890625,7.65));
#2127 = CARTESIAN_POINT('',(27.295703125,55.66513671875,7.65));
#2128 = CARTESIAN_POINT('',(27.2328125,55.478515625,7.65));
#2129 = VECTOR('',#2130,1.);
#2130 = DIRECTION('',(-0.,-0.,-1.));
#2131 = DEFINITIONAL_REPRESENTATION('',(#2132),#2141);
#2132 = B_SPLINE_CURVE_WITH_KNOTS('',4,(#2133,#2134,#2135,#2136,#2137,
    #2138,#2139,#2140),.UNSPECIFIED.,.F.,.F.,(5,3,5),(0.,0.58534607904,
    1.),.UNSPECIFIED.);
#2133 = CARTESIAN_POINT('',(1.,-0.35));
#2134 = CARTESIAN_POINT('',(0.854578831097,-0.35));
#2135 = CARTESIAN_POINT('',(0.708339343768,-0.35));
#2136 = CARTESIAN_POINT('',(0.561668992604,-0.35));
#2137 = CARTESIAN_POINT('',(0.311100998974,-0.35));
#2138 = CARTESIAN_POINT('',(0.207201286318,-0.35));
#2139 = CARTESIAN_POINT('',(0.103452982328,-0.35));
#2140 = CARTESIAN_POINT('',(0.,-0.35));
#2141 = ( GEOMETRIC_REPRESENTATION_CONTEXT(2) 
PARAMETRIC_REPRESENTATION_CONTEXT() REPRESENTATION_CONTEXT('2D SPACE',''
  ) );
#2142 = ORIENTED_EDGE('',*,*,#2143,.F.);
#2143 = EDGE_CURVE('',#2144,#2099,#2146,.T.);
#2144 = VERTEX_POINT('',#2145);
#2145 = CARTESIAN_POINT('',(27.169921875,55.09365234375,8.));
#2146 = SURFACE_CURVE('',#2147,(#2156,#2168),.PCURVE_S1.);
#2147 = B_SPLINE_CURVE_WITH_KNOTS('',4,(#2148,#2149,#2150,#2151,#2152,
    #2153,#2154,#2155),.UNSPECIFIED.,.F.,.F.,(5,3,5),(0.,0.564073017585,
    1.),.UNSPECIFIED.);
#2148 = CARTESIAN_POINT('',(27.169921875,55.09365234375,8.));
#2149 = CARTESIAN_POINT('',(27.169921875,55.149472916966,8.));
#2150 = CARTESIAN_POINT('',(27.173246083694,55.204762740438,8.));
#2151 = CARTESIAN_POINT('',(27.179917009114,55.259476423687,8.));
#2152 = CARTESIAN_POINT('',(27.197663155134,55.355379759672,8.));
#2153 = CARTESIAN_POINT('',(27.207393518927,55.396818040593,8.));
#2154 = CARTESIAN_POINT('',(27.219114688547,55.437868858407,8.));
#2155 = CARTESIAN_POINT('',(27.2328125,55.478515625,8.));
#2156 = PCURVE('',#44,#2157);
#2157 = DEFINITIONAL_REPRESENTATION('',(#2158),#2167);
#2158 = B_SPLINE_CURVE_WITH_KNOTS('',4,(#2159,#2160,#2161,#2162,#2163,
    #2164,#2165,#2166),.UNSPECIFIED.,.F.,.F.,(5,3,5),(0.,0.564073017585,
    1.),.UNSPECIFIED.);
#2159 = CARTESIAN_POINT('',(27.169921875,55.09365234375));
#2160 = CARTESIAN_POINT('',(27.169921875,55.149472916966));
#2161 = CARTESIAN_POINT('',(27.173246083694,55.204762740438));
#2162 = CARTESIAN_POINT('',(27.179917009114,55.259476423687));
#2163 = CARTESIAN_POINT('',(27.197663155134,55.355379759672));
#2164 = CARTESIAN_POINT('',(27.207393518927,55.396818040593));
#2165 = CARTESIAN_POINT('',(27.219114688547,55.437868858407));
#2166 = CARTESIAN_POINT('',(27.2328125,55.478515625));
#2167 = ( GEOMETRIC_REPRESENTATION_CONTEXT(2) 
PARAMETRIC_REPRESENTATION_CONTEXT() REPRESENTATION_CONTEXT('2D SPACE',''
  ) );
#2168 = PCURVE('',#2169,#2176);
#2169 = SURFACE_OF_LINEAR_EXTRUSION('',#2170,#2174);
#2170 = B_SPLINE_CURVE_WITH_KNOTS('',2,(#2171,#2172,#2173),
  .UNSPECIFIED.,.F.,.F.,(3,3),(0.,1.),.PIECEWISE_BEZIER_KNOTS.);
#2171 = CARTESIAN_POINT('',(27.2328125,55.478515625,7.65));
#2172 = CARTESIAN_POINT('',(27.169921875,55.29189453125,7.65));
#2173 = CARTESIAN_POINT('',(27.169921875,55.09365234375,7.65));
#2174 = VECTOR('',#2175,1.);
#2175 = DIRECTION('',(-0.,-0.,-1.));
#2176 = DEFINITIONAL_REPRESENTATION('',(#2177),#2186);
#2177 = B_SPLINE_CURVE_WITH_KNOTS('',4,(#2178,#2179,#2180,#2181,#2182,
    #2183,#2184,#2185),.UNSPECIFIED.,.F.,.F.,(5,3,5),(0.,0.564073017585,
    1.),.UNSPECIFIED.);
#2178 = CARTESIAN_POINT('',(1.,-0.35));
#2179 = CARTESIAN_POINT('',(0.859211165091,-0.35));
#2180 = CARTESIAN_POINT('',(0.718211713531,-0.35));
#2181 = CARTESIAN_POINT('',(0.577105637786,-0.35));
#2182 = CARTESIAN_POINT('',(0.326950722753,-0.35));
#2183 = CARTESIAN_POINT('',(0.217901575668,-0.35));
#2184 = CARTESIAN_POINT('',(0.108901855027,-0.35));
#2185 = CARTESIAN_POINT('',(0.,-0.35));
#2186 = ( GEOMETRIC_REPRESENTATION_CONTEXT(2) 
PARAMETRIC_REPRESENTATION_CONTEXT() REPRESENTATION_CONTEXT('2D SPACE',''
  ) );
#2187 = ORIENTED_EDGE('',*,*,#2188,.F.);
#2188 = EDGE_CURVE('',#2189,#2144,#2191,.T.);
#2189 = VERTEX_POINT('',#2190);
#2190 = CARTESIAN_POINT('',(27.24443359375,54.647265625,8.));
#2191 = SURFACE_CURVE('',#2192,(#2199,#2209),.PCURVE_S1.);
#2192 = B_SPLINE_CURVE_WITH_KNOTS('',5,(#2193,#2194,#2195,#2196,#2197,
    #2198),.UNSPECIFIED.,.F.,.F.,(6,6),(0.,1.),
  .PIECEWISE_BEZIER_KNOTS.);
#2193 = CARTESIAN_POINT('',(27.24443359375,54.647265625,8.));
#2194 = CARTESIAN_POINT('',(27.214120209821,54.724856763681,8.));
#2195 = CARTESIAN_POINT('',(27.191694411942,54.808705448386,8.));
#2196 = CARTESIAN_POINT('',(27.177056779055,54.898436760513,8.));
#2197 = CARTESIAN_POINT('',(27.169921875,54.993581313102,8.));
#2198 = CARTESIAN_POINT('',(27.169921875,55.09365234375,8.));
#2199 = PCURVE('',#44,#2200);
#2200 = DEFINITIONAL_REPRESENTATION('',(#2201),#2208);
#2201 = B_SPLINE_CURVE_WITH_KNOTS('',5,(#2202,#2203,#2204,#2205,#2206,
    #2207),.UNSPECIFIED.,.F.,.F.,(6,6),(0.,1.),
  .PIECEWISE_BEZIER_KNOTS.);
#2202 = CARTESIAN_POINT('',(27.24443359375,54.647265625));
#2203 = CARTESIAN_POINT('',(27.214120209821,54.724856763681));
#2204 = CARTESIAN_POINT('',(27.191694411942,54.808705448386));
#2205 = CARTESIAN_POINT('',(27.177056779055,54.898436760513));
#2206 = CARTESIAN_POINT('',(27.169921875,54.993581313102));
#2207 = CARTESIAN_POINT('',(27.169921875,55.09365234375));
#2208 = ( GEOMETRIC_REPRESENTATION_CONTEXT(2) 
PARAMETRIC_REPRESENTATION_CONTEXT() REPRESENTATION_CONTEXT('2D SPACE',''
  ) );
#2209 = PCURVE('',#2210,#2217);
#2210 = SURFACE_OF_LINEAR_EXTRUSION('',#2211,#2215);
#2211 = B_SPLINE_CURVE_WITH_KNOTS('',2,(#2212,#2213,#2214),
  .UNSPECIFIED.,.F.,.F.,(3,3),(0.,1.),.PIECEWISE_BEZIER_KNOTS.);
#2212 = CARTESIAN_POINT('',(27.169921875,55.09365234375,7.65));
#2213 = CARTESIAN_POINT('',(27.169921875,54.83798828125,7.65));
#2214 = CARTESIAN_POINT('',(27.24443359375,54.647265625,7.65));
#2215 = VECTOR('',#2216,1.);
#2216 = DIRECTION('',(-0.,-0.,-1.));
#2217 = DEFINITIONAL_REPRESENTATION('',(#2218),#2225);
#2218 = B_SPLINE_CURVE_WITH_KNOTS('',5,(#2219,#2220,#2221,#2222,#2223,
    #2224),.UNSPECIFIED.,.F.,.F.,(6,6),(0.,1.),
  .PIECEWISE_BEZIER_KNOTS.);
#2219 = CARTESIAN_POINT('',(1.,-0.35));
#2220 = CARTESIAN_POINT('',(0.79658646695,-0.35));
#2221 = CARTESIAN_POINT('',(0.594379508601,-0.35));
#2222 = CARTESIAN_POINT('',(0.393942886668,-0.35));
#2223 = CARTESIAN_POINT('',(0.195708050772,-0.35));
#2224 = CARTESIAN_POINT('',(0.,-0.35));
#2225 = ( GEOMETRIC_REPRESENTATION_CONTEXT(2) 
PARAMETRIC_REPRESENTATION_CONTEXT() REPRESENTATION_CONTEXT('2D SPACE',''
  ) );
#2226 = ORIENTED_EDGE('',*,*,#2227,.F.);
#2227 = EDGE_CURVE('',#2228,#2189,#2230,.T.);
#2228 = VERTEX_POINT('',#2229);
#2229 = CARTESIAN_POINT('',(27.476171875,54.36220703125,8.));
#2230 = SURFACE_CURVE('',#2231,(#2242,#2256),.PCURVE_S1.);
#2231 = B_SPLINE_CURVE_WITH_KNOTS('',5,(#2232,#2233,#2234,#2235,#2236,
    #2237,#2238,#2239,#2240,#2241),.UNSPECIFIED.,.F.,.F.,(6,4,6),(0.,
    0.242108109241,1.),.UNSPECIFIED.);
#2232 = CARTESIAN_POINT('',(27.476171875,54.36220703125,8.));
#2233 = CARTESIAN_POINT('',(27.460906524215,54.371366241721,8.));
#2234 = CARTESIAN_POINT('',(27.446115719097,54.381101004209,8.));
#2235 = CARTESIAN_POINT('',(27.431805325463,54.391410693673,8.));
#2236 = CARTESIAN_POINT('',(27.417980160833,54.402293381645,8.));
#2237 = CARTESIAN_POINT('',(27.362896642808,54.449596442337,8.));
#2238 = CARTESIAN_POINT('',(27.325939490215,54.491031727241,8.));
#2239 = CARTESIAN_POINT('',(27.293893073517,54.537949618678,8.));
#2240 = CARTESIAN_POINT('',(27.266755598715,54.590129483851,8.));
#2241 = CARTESIAN_POINT('',(27.24443359375,54.647265625,8.));
#2242 = PCURVE('',#44,#2243);
#2243 = DEFINITIONAL_REPRESENTATION('',(#2244),#2255);
#2244 = B_SPLINE_CURVE_WITH_KNOTS('',5,(#2245,#2246,#2247,#2248,#2249,
    #2250,#2251,#2252,#2253,#2254),.UNSPECIFIED.,.F.,.F.,(6,4,6),(0.,
    0.242108109241,1.),.UNSPECIFIED.);
#2245 = CARTESIAN_POINT('',(27.476171875,54.36220703125));
#2246 = CARTESIAN_POINT('',(27.460906524215,54.371366241721));
#2247 = CARTESIAN_POINT('',(27.446115719097,54.381101004209));
#2248 = CARTESIAN_POINT('',(27.431805325463,54.391410693673));
#2249 = CARTESIAN_POINT('',(27.417980160833,54.402293381645));
#2250 = CARTESIAN_POINT('',(27.362896642808,54.449596442337));
#2251 = CARTESIAN_POINT('',(27.325939490215,54.491031727241));
#2252 = CARTESIAN_POINT('',(27.293893073517,54.537949618678));
#2253 = CARTESIAN_POINT('',(27.266755598715,54.590129483851));
#2254 = CARTESIAN_POINT('',(27.24443359375,54.647265625));
#2255 = ( GEOMETRIC_REPRESENTATION_CONTEXT(2) 
PARAMETRIC_REPRESENTATION_CONTEXT() REPRESENTATION_CONTEXT('2D SPACE',''
  ) );
#2256 = PCURVE('',#2257,#2264);
#2257 = SURFACE_OF_LINEAR_EXTRUSION('',#2258,#2262);
#2258 = B_SPLINE_CURVE_WITH_KNOTS('',2,(#2259,#2260,#2261),
  .UNSPECIFIED.,.F.,.F.,(3,3),(0.,1.),.PIECEWISE_BEZIER_KNOTS.);
#2259 = CARTESIAN_POINT('',(27.24443359375,54.647265625,7.65));
#2260 = CARTESIAN_POINT('',(27.3189453125,54.45654296875,7.65));
#2261 = CARTESIAN_POINT('',(27.476171875,54.36220703125,7.65));
#2262 = VECTOR('',#2263,1.);
#2263 = DIRECTION('',(-0.,-0.,-1.));
#2264 = DEFINITIONAL_REPRESENTATION('',(#2265),#2276);
#2265 = B_SPLINE_CURVE_WITH_KNOTS('',5,(#2266,#2267,#2268,#2269,#2270,
    #2271,#2272,#2273,#2274,#2275),.UNSPECIFIED.,.F.,.F.,(6,4,6),(0.,
    0.242108109241,1.),.UNSPECIFIED.);
#2266 = CARTESIAN_POINT('',(1.,-0.35));
#2267 = CARTESIAN_POINT('',(0.951454288186,-0.35));
#2268 = CARTESIAN_POINT('',(0.902867918799,-0.35));
#2269 = CARTESIAN_POINT('',(0.854254331583,-0.35));
#2270 = CARTESIAN_POINT('',(0.805627113755,-0.35));
#2271 = CARTESIAN_POINT('',(0.604778352815,-0.35));
#2272 = CARTESIAN_POINT('',(0.452551821235,-0.35));
#2273 = CARTESIAN_POINT('',(0.300757321603,-0.35));
#2274 = CARTESIAN_POINT('',(0.14978855232,-0.35));
#2275 = CARTESIAN_POINT('',(0.,-0.35));
#2276 = ( GEOMETRIC_REPRESENTATION_CONTEXT(2) 
PARAMETRIC_REPRESENTATION_CONTEXT() REPRESENTATION_CONTEXT('2D SPACE',''
  ) );
#2277 = ORIENTED_EDGE('',*,*,#2278,.F.);
#2278 = EDGE_CURVE('',#2279,#2228,#2281,.T.);
#2279 = VERTEX_POINT('',#2280);
#2280 = CARTESIAN_POINT('',(27.8166015625,54.26787109375,8.));
#2281 = SURFACE_CURVE('',#2282,(#2291,#2303),.PCURVE_S1.);
#2282 = B_SPLINE_CURVE_WITH_KNOTS('',4,(#2283,#2284,#2285,#2286,#2287,
    #2288,#2289,#2290),.UNSPECIFIED.,.F.,.F.,(5,3,5),(0.,0.497990414421,
    1.),.UNSPECIFIED.);
#2283 = CARTESIAN_POINT('',(27.8166015625,54.26787109375,8.));
#2284 = CARTESIAN_POINT('',(27.771111197365,54.26787109375,8.));
#2285 = CARTESIAN_POINT('',(27.726561985887,54.2717485717,8.));
#2286 = CARTESIAN_POINT('',(27.683029206042,54.279552595569,8.));
#2287 = CARTESIAN_POINT('',(27.597775226434,54.303075514255,8.));
#2288 = CARTESIAN_POINT('',(27.556071172278,54.318857869301,8.));
#2289 = CARTESIAN_POINT('',(27.515523307905,54.338596171507,8.));
#2290 = CARTESIAN_POINT('',(27.476171875,54.36220703125,8.));
#2291 = PCURVE('',#44,#2292);
#2292 = DEFINITIONAL_REPRESENTATION('',(#2293),#2302);
#2293 = B_SPLINE_CURVE_WITH_KNOTS('',4,(#2294,#2295,#2296,#2297,#2298,
    #2299,#2300,#2301),.UNSPECIFIED.,.F.,.F.,(5,3,5),(0.,0.497990414421,
    1.),.UNSPECIFIED.);
#2294 = CARTESIAN_POINT('',(27.8166015625,54.26787109375));
#2295 = CARTESIAN_POINT('',(27.771111197365,54.26787109375));
#2296 = CARTESIAN_POINT('',(27.726561985887,54.2717485717));
#2297 = CARTESIAN_POINT('',(27.683029206042,54.279552595569));
#2298 = CARTESIAN_POINT('',(27.597775226434,54.303075514255));
#2299 = CARTESIAN_POINT('',(27.556071172278,54.318857869301));
#2300 = CARTESIAN_POINT('',(27.515523307905,54.338596171507));
#2301 = CARTESIAN_POINT('',(27.476171875,54.36220703125));
#2302 = ( GEOMETRIC_REPRESENTATION_CONTEXT(2) 
PARAMETRIC_REPRESENTATION_CONTEXT() REPRESENTATION_CONTEXT('2D SPACE',''
  ) );
#2303 = PCURVE('',#2304,#2311);
#2304 = SURFACE_OF_LINEAR_EXTRUSION('',#2305,#2309);
#2305 = B_SPLINE_CURVE_WITH_KNOTS('',2,(#2306,#2307,#2308),
  .UNSPECIFIED.,.F.,.F.,(3,3),(0.,1.),.PIECEWISE_BEZIER_KNOTS.);
#2306 = CARTESIAN_POINT('',(27.476171875,54.36220703125,7.65));
#2307 = CARTESIAN_POINT('',(27.6333984375,54.26787109375,7.65));
#2308 = CARTESIAN_POINT('',(27.8166015625,54.26787109375,7.65));
#2309 = VECTOR('',#2310,1.);
#2310 = DIRECTION('',(-0.,-0.,-1.));
#2311 = DEFINITIONAL_REPRESENTATION('',(#2312),#2321);
#2312 = B_SPLINE_CURVE_WITH_KNOTS('',4,(#2313,#2314,#2315,#2316,#2317,
    #2318,#2319,#2320),.UNSPECIFIED.,.F.,.F.,(5,3,5),(0.,0.497990414421,
    1.),.UNSPECIFIED.);
#2313 = CARTESIAN_POINT('',(1.,-0.35));
#2314 = CARTESIAN_POINT('',(0.875847191103,-0.35));
#2315 = CARTESIAN_POINT('',(0.751348979629,-0.35));
#2316 = CARTESIAN_POINT('',(0.626673939416,-0.35));
#2317 = CARTESIAN_POINT('',(0.376319844627,-0.35));
#2318 = CARTESIAN_POINT('',(0.250639892284,-0.35));
#2319 = CARTESIAN_POINT('',(0.125142445015,-0.35));
#2320 = CARTESIAN_POINT('',(0.,-0.35));
#2321 = ( GEOMETRIC_REPRESENTATION_CONTEXT(2) 
PARAMETRIC_REPRESENTATION_CONTEXT() REPRESENTATION_CONTEXT('2D SPACE',''
  ) );
#2322 = ORIENTED_EDGE('',*,*,#2323,.F.);
#2323 = EDGE_CURVE('',#2324,#2279,#2326,.T.);
#2324 = VERTEX_POINT('',#2325);
#2325 = CARTESIAN_POINT('',(28.1939453125,54.39638671875,8.));
#2326 = SURFACE_CURVE('',#2327,(#2338,#2352),.PCURVE_S1.);
#2327 = B_SPLINE_CURVE_WITH_KNOTS('',5,(#2328,#2329,#2330,#2331,#2332,
    #2333,#2334,#2335,#2336,#2337),.UNSPECIFIED.,.F.,.F.,(6,4,6),(0.,
    0.280927222743,1.),.UNSPECIFIED.);
#2328 = CARTESIAN_POINT('',(28.1939453125,54.39638671875,8.));
#2329 = CARTESIAN_POINT('',(28.176552176265,54.381918092148,8.));
#2330 = CARTESIAN_POINT('',(28.158592394526,54.368446628109,8.));
#2331 = CARTESIAN_POINT('',(28.140071068665,54.355985118497,8.));
#2332 = CARTESIAN_POINT('',(28.120995563606,54.344542525736,8.));
#2333 = CARTESIAN_POINT('',(28.051155212777,54.307456255413,8.));
#2334 = CARTESIAN_POINT('',(27.99736457927,54.287496375782,8.));
#2335 = CARTESIAN_POINT('',(27.94017099067,54.27433466682,8.));
#2336 = CARTESIAN_POINT('',(27.879818668547,54.26787109375,8.));
#2337 = CARTESIAN_POINT('',(27.8166015625,54.26787109375,8.));
#2338 = PCURVE('',#44,#2339);
#2339 = DEFINITIONAL_REPRESENTATION('',(#2340),#2351);
#2340 = B_SPLINE_CURVE_WITH_KNOTS('',5,(#2341,#2342,#2343,#2344,#2345,
    #2346,#2347,#2348,#2349,#2350),.UNSPECIFIED.,.F.,.F.,(6,4,6),(0.,
    0.280927222743,1.),.UNSPECIFIED.);
#2341 = CARTESIAN_POINT('',(28.1939453125,54.39638671875));
#2342 = CARTESIAN_POINT('',(28.176552176265,54.381918092148));
#2343 = CARTESIAN_POINT('',(28.158592394526,54.368446628109));
#2344 = CARTESIAN_POINT('',(28.140071068665,54.355985118497));
#2345 = CARTESIAN_POINT('',(28.120995563606,54.344542525736));
#2346 = CARTESIAN_POINT('',(28.051155212777,54.307456255413));
#2347 = CARTESIAN_POINT('',(27.99736457927,54.287496375782));
#2348 = CARTESIAN_POINT('',(27.94017099067,54.27433466682));
#2349 = CARTESIAN_POINT('',(27.879818668547,54.26787109375));
#2350 = CARTESIAN_POINT('',(27.8166015625,54.26787109375));
#2351 = ( GEOMETRIC_REPRESENTATION_CONTEXT(2) 
PARAMETRIC_REPRESENTATION_CONTEXT() REPRESENTATION_CONTEXT('2D SPACE',''
  ) );
#2352 = PCURVE('',#2353,#2360);
#2353 = SURFACE_OF_LINEAR_EXTRUSION('',#2354,#2358);
#2354 = B_SPLINE_CURVE_WITH_KNOTS('',2,(#2355,#2356,#2357),
  .UNSPECIFIED.,.F.,.F.,(3,3),(0.,1.),.PIECEWISE_BEZIER_KNOTS.);
#2355 = CARTESIAN_POINT('',(27.8166015625,54.26787109375,7.65));
#2356 = CARTESIAN_POINT('',(28.039453125,54.26787109375,7.65));
#2357 = CARTESIAN_POINT('',(28.1939453125,54.39638671875,7.65));
#2358 = VECTOR('',#2359,1.);
#2359 = DIRECTION('',(-0.,-0.,-1.));
#2360 = DEFINITIONAL_REPRESENTATION('',(#2361),#2372);
#2361 = B_SPLINE_CURVE_WITH_KNOTS('',5,(#2362,#2363,#2364,#2365,#2366,
    #2367,#2368,#2369,#2370,#2371),.UNSPECIFIED.,.F.,.F.,(6,4,6),(0.,
    0.280927222743,1.),.UNSPECIFIED.);
#2362 = CARTESIAN_POINT('',(1.,-0.35));
#2363 = CARTESIAN_POINT('',(0.943708686775,-0.35));
#2364 = CARTESIAN_POINT('',(0.88733606408,-0.35));
#2365 = CARTESIAN_POINT('',(0.830908843785,-0.35));
#2366 = CARTESIAN_POINT('',(0.774454246186,-0.35));
#2367 = CARTESIAN_POINT('',(0.573497408913,-0.35));
#2368 = CARTESIAN_POINT('',(0.428989580394,-0.35));
#2369 = CARTESIAN_POINT('',(0.28495985742,-0.35));
#2370 = CARTESIAN_POINT('',(0.141836802349,-0.35));
#2371 = CARTESIAN_POINT('',(0.,-0.35));
#2372 = ( GEOMETRIC_REPRESENTATION_CONTEXT(2) 
PARAMETRIC_REPRESENTATION_CONTEXT() REPRESENTATION_CONTEXT('2D SPACE',''
  ) );
#2373 = ORIENTED_EDGE('',*,*,#2374,.F.);
#2374 = EDGE_CURVE('',#1429,#2324,#2375,.T.);
#2375 = SURFACE_CURVE('',#2376,(#2383,#2393),.PCURVE_S1.);
#2376 = B_SPLINE_CURVE_WITH_KNOTS('',5,(#2377,#2378,#2379,#2380,#2381,
    #2382),.UNSPECIFIED.,.F.,.F.,(6,6),(0.,1.),
  .PIECEWISE_BEZIER_KNOTS.);
#2377 = CARTESIAN_POINT('',(28.403125,54.77783203125,8.));
#2378 = CARTESIAN_POINT('',(28.381866858612,54.679513127329,8.));
#2379 = CARTESIAN_POINT('',(28.350753358559,54.590957423571,8.));
#2380 = CARTESIAN_POINT('',(28.309127117784,54.513587177787,8.));
#2381 = CARTESIAN_POINT('',(28.256690275373,54.448581643618,8.));
#2382 = CARTESIAN_POINT('',(28.1939453125,54.39638671875,8.));
#2383 = PCURVE('',#44,#2384);
#2384 = DEFINITIONAL_REPRESENTATION('',(#2385),#2392);
#2385 = B_SPLINE_CURVE_WITH_KNOTS('',5,(#2386,#2387,#2388,#2389,#2390,
    #2391),.UNSPECIFIED.,.F.,.F.,(6,6),(0.,1.),
  .PIECEWISE_BEZIER_KNOTS.);
#2386 = CARTESIAN_POINT('',(28.403125,54.77783203125));
#2387 = CARTESIAN_POINT('',(28.381866858612,54.679513127329));
#2388 = CARTESIAN_POINT('',(28.350753358559,54.590957423571));
#2389 = CARTESIAN_POINT('',(28.309127117784,54.513587177787));
#2390 = CARTESIAN_POINT('',(28.256690275373,54.448581643618));
#2391 = CARTESIAN_POINT('',(28.1939453125,54.39638671875));
#2392 = ( GEOMETRIC_REPRESENTATION_CONTEXT(2) 
PARAMETRIC_REPRESENTATION_CONTEXT() REPRESENTATION_CONTEXT('2D SPACE',''
  ) );
#2393 = PCURVE('',#2394,#2401);
#2394 = SURFACE_OF_LINEAR_EXTRUSION('',#2395,#2399);
#2395 = B_SPLINE_CURVE_WITH_KNOTS('',2,(#2396,#2397,#2398),
  .UNSPECIFIED.,.F.,.F.,(3,3),(0.,1.),.PIECEWISE_BEZIER_KNOTS.);
#2396 = CARTESIAN_POINT('',(28.1939453125,54.39638671875,7.65));
#2397 = CARTESIAN_POINT('',(28.3484375,54.52490234375,7.65));
#2398 = CARTESIAN_POINT('',(28.403125,54.77783203125,7.65));
#2399 = VECTOR('',#2400,1.);
#2400 = DIRECTION('',(-0.,-0.,-1.));
#2401 = DEFINITIONAL_REPRESENTATION('',(#2402),#2409);
#2402 = B_SPLINE_CURVE_WITH_KNOTS('',5,(#2403,#2404,#2405,#2406,#2407,
    #2408),.UNSPECIFIED.,.F.,.F.,(6,6),(0.,1.),
  .PIECEWISE_BEZIER_KNOTS.);
#2403 = CARTESIAN_POINT('',(1.,-0.35));
#2404 = CARTESIAN_POINT('',(0.805639850163,-0.35));
#2405 = CARTESIAN_POINT('',(0.607352212032,-0.35));
#2406 = CARTESIAN_POINT('',(0.406075700069,-0.35));
#2407 = CARTESIAN_POINT('',(0.203068400703,-0.35));
#2408 = CARTESIAN_POINT('',(0.,-0.35));
#2409 = ( GEOMETRIC_REPRESENTATION_CONTEXT(2) 
PARAMETRIC_REPRESENTATION_CONTEXT() REPRESENTATION_CONTEXT('2D SPACE',''
  ) );
#2410 = FACE_BOUND('',#2411,.T.);
#2411 = EDGE_LOOP('',(#2412,#2440,#2466,#2492,#2531,#2570,#2609,#2654,
    #2705,#2762,#2788));
#2412 = ORIENTED_EDGE('',*,*,#2413,.F.);
#2413 = EDGE_CURVE('',#2414,#2416,#2418,.T.);
#2414 = VERTEX_POINT('',#2415);
#2415 = CARTESIAN_POINT('',(28.9951171875,54.07509765625,8.));
#2416 = VERTEX_POINT('',#2417);
#2417 = CARTESIAN_POINT('',(29.2603515625,54.07509765625,8.));
#2418 = SURFACE_CURVE('',#2419,(#2423,#2429),.PCURVE_S1.);
#2419 = LINE('',#2420,#2421);
#2420 = CARTESIAN_POINT('',(14.63017578125,54.07509765625,8.));
#2421 = VECTOR('',#2422,1.);
#2422 = DIRECTION('',(1.,0.,-0.));
#2423 = PCURVE('',#44,#2424);
#2424 = DEFINITIONAL_REPRESENTATION('',(#2425),#2428);
#2425 = B_SPLINE_CURVE_WITH_KNOTS('',1,(#2426,#2427),.UNSPECIFIED.,.F.,
  .F.,(2,2),(14.36494140625,14.63017578125),.PIECEWISE_BEZIER_KNOTS.);
#2426 = CARTESIAN_POINT('',(28.9951171875,54.07509765625));
#2427 = CARTESIAN_POINT('',(29.2603515625,54.07509765625));
#2428 = ( GEOMETRIC_REPRESENTATION_CONTEXT(2) 
PARAMETRIC_REPRESENTATION_CONTEXT() REPRESENTATION_CONTEXT('2D SPACE',''
  ) );
#2429 = PCURVE('',#2430,#2435);
#2430 = PLANE('',#2431);
#2431 = AXIS2_PLACEMENT_3D('',#2432,#2433,#2434);
#2432 = CARTESIAN_POINT('',(29.2603515625,54.07509765625,7.65));
#2433 = DIRECTION('',(0.,-1.,0.));
#2434 = DIRECTION('',(-1.,0.,0.));
#2435 = DEFINITIONAL_REPRESENTATION('',(#2436),#2439);
#2436 = B_SPLINE_CURVE_WITH_KNOTS('',1,(#2437,#2438),.UNSPECIFIED.,.F.,
  .F.,(2,2),(14.36494140625,14.63017578125),.PIECEWISE_BEZIER_KNOTS.);
#2437 = CARTESIAN_POINT('',(0.265234375,-0.35));
#2438 = CARTESIAN_POINT('',(0.,-0.35));
#2439 = ( GEOMETRIC_REPRESENTATION_CONTEXT(2) 
PARAMETRIC_REPRESENTATION_CONTEXT() REPRESENTATION_CONTEXT('2D SPACE',''
  ) );
#2440 = ORIENTED_EDGE('',*,*,#2441,.F.);
#2441 = EDGE_CURVE('',#2442,#2414,#2444,.T.);
#2442 = VERTEX_POINT('',#2443);
#2443 = CARTESIAN_POINT('',(28.9951171875,56.07939453125,8.));
#2444 = SURFACE_CURVE('',#2445,(#2449,#2455),.PCURVE_S1.);
#2445 = LINE('',#2446,#2447);
#2446 = CARTESIAN_POINT('',(28.9951171875,27.037548828125,8.));
#2447 = VECTOR('',#2448,1.);
#2448 = DIRECTION('',(0.,-1.,0.));
#2449 = PCURVE('',#44,#2450);
#2450 = DEFINITIONAL_REPRESENTATION('',(#2451),#2454);
#2451 = B_SPLINE_CURVE_WITH_KNOTS('',1,(#2452,#2453),.UNSPECIFIED.,.F.,
  .F.,(2,2),(-29.04184570312,-27.03754882812),.PIECEWISE_BEZIER_KNOTS.);
#2452 = CARTESIAN_POINT('',(28.9951171875,56.07939453125));
#2453 = CARTESIAN_POINT('',(28.9951171875,54.07509765625));
#2454 = ( GEOMETRIC_REPRESENTATION_CONTEXT(2) 
PARAMETRIC_REPRESENTATION_CONTEXT() REPRESENTATION_CONTEXT('2D SPACE',''
  ) );
#2455 = PCURVE('',#2456,#2461);
#2456 = PLANE('',#2457);
#2457 = AXIS2_PLACEMENT_3D('',#2458,#2459,#2460);
#2458 = CARTESIAN_POINT('',(28.9951171875,54.07509765625,7.65));
#2459 = DIRECTION('',(-1.,0.,0.));
#2460 = DIRECTION('',(0.,1.,0.));
#2461 = DEFINITIONAL_REPRESENTATION('',(#2462),#2465);
#2462 = B_SPLINE_CURVE_WITH_KNOTS('',1,(#2463,#2464),.UNSPECIFIED.,.F.,
  .F.,(2,2),(-29.04184570312,-27.03754882812),.PIECEWISE_BEZIER_KNOTS.);
#2463 = CARTESIAN_POINT('',(2.004296875,-0.35));
#2464 = CARTESIAN_POINT('',(0.,-0.35));
#2465 = ( GEOMETRIC_REPRESENTATION_CONTEXT(2) 
PARAMETRIC_REPRESENTATION_CONTEXT() REPRESENTATION_CONTEXT('2D SPACE',''
  ) );
#2466 = ORIENTED_EDGE('',*,*,#2467,.F.);
#2467 = EDGE_CURVE('',#2468,#2442,#2470,.T.);
#2468 = VERTEX_POINT('',#2469);
#2469 = CARTESIAN_POINT('',(29.751171875,56.07939453125,8.));
#2470 = SURFACE_CURVE('',#2471,(#2475,#2481),.PCURVE_S1.);
#2471 = LINE('',#2472,#2473);
#2472 = CARTESIAN_POINT('',(14.49755859375,56.07939453125,8.));
#2473 = VECTOR('',#2474,1.);
#2474 = DIRECTION('',(-1.,0.,0.));
#2475 = PCURVE('',#44,#2476);
#2476 = DEFINITIONAL_REPRESENTATION('',(#2477),#2480);
#2477 = B_SPLINE_CURVE_WITH_KNOTS('',1,(#2478,#2479),.UNSPECIFIED.,.F.,
  .F.,(2,2),(-15.25361328125,-14.49755859375),.PIECEWISE_BEZIER_KNOTS.);
#2478 = CARTESIAN_POINT('',(29.751171875,56.07939453125));
#2479 = CARTESIAN_POINT('',(28.9951171875,56.07939453125));
#2480 = ( GEOMETRIC_REPRESENTATION_CONTEXT(2) 
PARAMETRIC_REPRESENTATION_CONTEXT() REPRESENTATION_CONTEXT('2D SPACE',''
  ) );
#2481 = PCURVE('',#2482,#2487);
#2482 = PLANE('',#2483);
#2483 = AXIS2_PLACEMENT_3D('',#2484,#2485,#2486);
#2484 = CARTESIAN_POINT('',(28.9951171875,56.07939453125,7.65));
#2485 = DIRECTION('',(0.,1.,0.));
#2486 = DIRECTION('',(1.,0.,0.));
#2487 = DEFINITIONAL_REPRESENTATION('',(#2488),#2491);
#2488 = B_SPLINE_CURVE_WITH_KNOTS('',1,(#2489,#2490),.UNSPECIFIED.,.F.,
  .F.,(2,2),(-15.25361328125,-14.49755859375),.PIECEWISE_BEZIER_KNOTS.);
#2489 = CARTESIAN_POINT('',(0.7560546875,-0.35));
#2490 = CARTESIAN_POINT('',(0.,-0.35));
#2491 = ( GEOMETRIC_REPRESENTATION_CONTEXT(2) 
PARAMETRIC_REPRESENTATION_CONTEXT() REPRESENTATION_CONTEXT('2D SPACE',''
  ) );
#2492 = ORIENTED_EDGE('',*,*,#2493,.F.);
#2493 = EDGE_CURVE('',#2494,#2468,#2496,.T.);
#2494 = VERTEX_POINT('',#2495);
#2495 = CARTESIAN_POINT('',(30.0560546875,56.06025390625,8.));
#2496 = SURFACE_CURVE('',#2497,(#2504,#2514),.PCURVE_S1.);
#2497 = B_SPLINE_CURVE_WITH_KNOTS('',5,(#2498,#2499,#2500,#2501,#2502,
    #2503),.UNSPECIFIED.,.F.,.F.,(6,6),(0.,1.),
  .PIECEWISE_BEZIER_KNOTS.);
#2498 = CARTESIAN_POINT('',(30.0560546875,56.06025390625,8.));
#2499 = CARTESIAN_POINT('',(30.012943242247,56.068092350842,8.));
#2500 = CARTESIAN_POINT('',(29.960346898286,56.073851187097,8.));
#2501 = CARTESIAN_POINT('',(29.898752443969,56.077584803765,8.));
#2502 = CARTESIAN_POINT('',(29.828807908882,56.07939453125,8.));
#2503 = CARTESIAN_POINT('',(29.751171875,56.07939453125,8.));
#2504 = PCURVE('',#44,#2505);
#2505 = DEFINITIONAL_REPRESENTATION('',(#2506),#2513);
#2506 = B_SPLINE_CURVE_WITH_KNOTS('',5,(#2507,#2508,#2509,#2510,#2511,
    #2512),.UNSPECIFIED.,.F.,.F.,(6,6),(0.,1.),
  .PIECEWISE_BEZIER_KNOTS.);
#2507 = CARTESIAN_POINT('',(30.0560546875,56.06025390625));
#2508 = CARTESIAN_POINT('',(30.012943242247,56.068092350842));
#2509 = CARTESIAN_POINT('',(29.960346898286,56.073851187097));
#2510 = CARTESIAN_POINT('',(29.898752443969,56.077584803765));
#2511 = CARTESIAN_POINT('',(29.828807908882,56.07939453125));
#2512 = CARTESIAN_POINT('',(29.751171875,56.07939453125));
#2513 = ( GEOMETRIC_REPRESENTATION_CONTEXT(2) 
PARAMETRIC_REPRESENTATION_CONTEXT() REPRESENTATION_CONTEXT('2D SPACE',''
  ) );
#2514 = PCURVE('',#2515,#2522);
#2515 = SURFACE_OF_LINEAR_EXTRUSION('',#2516,#2520);
#2516 = B_SPLINE_CURVE_WITH_KNOTS('',2,(#2517,#2518,#2519),
  .UNSPECIFIED.,.F.,.F.,(3,3),(0.,1.),.PIECEWISE_BEZIER_KNOTS.);
#2517 = CARTESIAN_POINT('',(29.751171875,56.07939453125,7.65));
#2518 = CARTESIAN_POINT('',(29.95078125,56.07939453125,7.65));
#2519 = CARTESIAN_POINT('',(30.0560546875,56.06025390625,7.65));
#2520 = VECTOR('',#2521,1.);
#2521 = DIRECTION('',(-0.,-0.,-1.));
#2522 = DEFINITIONAL_REPRESENTATION('',(#2523),#2530);
#2523 = B_SPLINE_CURVE_WITH_KNOTS('',5,(#2524,#2525,#2526,#2527,#2528,
    #2529),.UNSPECIFIED.,.F.,.F.,(6,6),(0.,1.),
  .PIECEWISE_BEZIER_KNOTS.);
#2524 = CARTESIAN_POINT('',(1.,-0.35));
#2525 = CARTESIAN_POINT('',(0.795240631078,-0.35));
#2526 = CARTESIAN_POINT('',(0.592396501657,-0.35));
#2527 = CARTESIAN_POINT('',(0.392015505649,-0.35));
#2528 = CARTESIAN_POINT('',(0.194469908745,-0.35));
#2529 = CARTESIAN_POINT('',(0.,-0.35));
#2530 = ( GEOMETRIC_REPRESENTATION_CONTEXT(2) 
PARAMETRIC_REPRESENTATION_CONTEXT() REPRESENTATION_CONTEXT('2D SPACE',''
  ) );
#2531 = ORIENTED_EDGE('',*,*,#2532,.F.);
#2532 = EDGE_CURVE('',#2533,#2494,#2535,.T.);
#2533 = VERTEX_POINT('',#2534);
#2534 = CARTESIAN_POINT('',(30.303515625,55.9666015625,8.));
#2535 = SURFACE_CURVE('',#2536,(#2543,#2553),.PCURVE_S1.);
#2536 = B_SPLINE_CURVE_WITH_KNOTS('',5,(#2537,#2538,#2539,#2540,#2541,
    #2542),.UNSPECIFIED.,.F.,.F.,(6,6),(0.,1.),
  .PIECEWISE_BEZIER_KNOTS.);
#2537 = CARTESIAN_POINT('',(30.303515625,55.9666015625,8.));
#2538 = CARTESIAN_POINT('',(30.263358907017,55.994381209872,8.));
#2539 = CARTESIAN_POINT('',(30.218425373611,56.017620238614,8.));
#2540 = CARTESIAN_POINT('',(30.168801318363,56.036309581485,8.));
#2541 = CARTESIAN_POINT('',(30.114621129642,56.05049283256,8.));
#2542 = CARTESIAN_POINT('',(30.0560546875,56.06025390625,8.));
#2543 = PCURVE('',#44,#2544);
#2544 = DEFINITIONAL_REPRESENTATION('',(#2545),#2552);
#2545 = B_SPLINE_CURVE_WITH_KNOTS('',5,(#2546,#2547,#2548,#2549,#2550,
    #2551),.UNSPECIFIED.,.F.,.F.,(6,6),(0.,1.),
  .PIECEWISE_BEZIER_KNOTS.);
#2546 = CARTESIAN_POINT('',(30.303515625,55.9666015625));
#2547 = CARTESIAN_POINT('',(30.263358907017,55.994381209872));
#2548 = CARTESIAN_POINT('',(30.218425373611,56.017620238614));
#2549 = CARTESIAN_POINT('',(30.168801318363,56.036309581485));
#2550 = CARTESIAN_POINT('',(30.114621129642,56.05049283256));
#2551 = CARTESIAN_POINT('',(30.0560546875,56.06025390625));
#2552 = ( GEOMETRIC_REPRESENTATION_CONTEXT(2) 
PARAMETRIC_REPRESENTATION_CONTEXT() REPRESENTATION_CONTEXT('2D SPACE',''
  ) );
#2553 = PCURVE('',#2554,#2561);
#2554 = SURFACE_OF_LINEAR_EXTRUSION('',#2555,#2559);
#2555 = B_SPLINE_CURVE_WITH_KNOTS('',2,(#2556,#2557,#2558),
  .UNSPECIFIED.,.F.,.F.,(3,3),(0.,1.),.PIECEWISE_BEZIER_KNOTS.);
#2556 = CARTESIAN_POINT('',(30.0560546875,56.06025390625,7.65));
#2557 = CARTESIAN_POINT('',(30.2037109375,56.03564453125,7.65));
#2558 = CARTESIAN_POINT('',(30.303515625,55.9666015625,7.65));
#2559 = VECTOR('',#2560,1.);
#2560 = DIRECTION('',(-0.,-0.,-1.));
#2561 = DEFINITIONAL_REPRESENTATION('',(#2562),#2569);
#2562 = B_SPLINE_CURVE_WITH_KNOTS('',5,(#2563,#2564,#2565,#2566,#2567,
    #2568),.UNSPECIFIED.,.F.,.F.,(6,6),(0.,1.),
  .PIECEWISE_BEZIER_KNOTS.);
#2563 = CARTESIAN_POINT('',(1.,-0.35));
#2564 = CARTESIAN_POINT('',(0.79882348721,-0.35));
#2565 = CARTESIAN_POINT('',(0.597971625419,-0.35));
#2566 = CARTESIAN_POINT('',(0.39772019278,-0.35));
#2567 = CARTESIAN_POINT('',(0.19832022736,-0.35));
#2568 = CARTESIAN_POINT('',(0.,-0.35));
#2569 = ( GEOMETRIC_REPRESENTATION_CONTEXT(2) 
PARAMETRIC_REPRESENTATION_CONTEXT() REPRESENTATION_CONTEXT('2D SPACE',''
  ) );
#2570 = ORIENTED_EDGE('',*,*,#2571,.F.);
#2571 = EDGE_CURVE('',#2572,#2533,#2574,.T.);
#2572 = VERTEX_POINT('',#2573);
#2573 = CARTESIAN_POINT('',(30.46416015625,55.77314453125,8.));
#2574 = SURFACE_CURVE('',#2575,(#2582,#2592),.PCURVE_S1.);
#2575 = B_SPLINE_CURVE_WITH_KNOTS('',5,(#2576,#2577,#2578,#2579,#2580,
    #2581),.UNSPECIFIED.,.F.,.F.,(6,6),(0.,1.),
  .PIECEWISE_BEZIER_KNOTS.);
#2576 = CARTESIAN_POINT('',(30.46416015625,55.77314453125,8.));
#2577 = CARTESIAN_POINT('',(30.43995990907,55.822632677169,8.));
#2578 = CARTESIAN_POINT('',(30.411805236638,55.866852399262,8.));
#2579 = CARTESIAN_POINT('',(30.379664123459,55.905645500239,8.));
#2580 = CARTESIAN_POINT('',(30.343547377791,55.938908363651,8.));
#2581 = CARTESIAN_POINT('',(30.303515625,55.9666015625,8.));
#2582 = PCURVE('',#44,#2583);
#2583 = DEFINITIONAL_REPRESENTATION('',(#2584),#2591);
#2584 = B_SPLINE_CURVE_WITH_KNOTS('',5,(#2585,#2586,#2587,#2588,#2589,
    #2590),.UNSPECIFIED.,.F.,.F.,(6,6),(0.,1.),
  .PIECEWISE_BEZIER_KNOTS.);
#2585 = CARTESIAN_POINT('',(30.46416015625,55.77314453125));
#2586 = CARTESIAN_POINT('',(30.43995990907,55.822632677169));
#2587 = CARTESIAN_POINT('',(30.411805236638,55.866852399262));
#2588 = CARTESIAN_POINT('',(30.379664123459,55.905645500239));
#2589 = CARTESIAN_POINT('',(30.343547377791,55.938908363651));
#2590 = CARTESIAN_POINT('',(30.303515625,55.9666015625));
#2591 = ( GEOMETRIC_REPRESENTATION_CONTEXT(2) 
PARAMETRIC_REPRESENTATION_CONTEXT() REPRESENTATION_CONTEXT('2D SPACE',''
  ) );
#2592 = PCURVE('',#2593,#2600);
#2593 = SURFACE_OF_LINEAR_EXTRUSION('',#2594,#2598);
#2594 = B_SPLINE_CURVE_WITH_KNOTS('',2,(#2595,#2596,#2597),
  .UNSPECIFIED.,.F.,.F.,(3,3),(0.,1.),.PIECEWISE_BEZIER_KNOTS.);
#2595 = CARTESIAN_POINT('',(30.303515625,55.9666015625,7.65));
#2596 = CARTESIAN_POINT('',(30.4033203125,55.89755859375,7.65));
#2597 = CARTESIAN_POINT('',(30.46416015625,55.77314453125,7.65));
#2598 = VECTOR('',#2599,1.);
#2599 = DIRECTION('',(-0.,-0.,-1.));
#2600 = DEFINITIONAL_REPRESENTATION('',(#2601),#2608);
#2601 = B_SPLINE_CURVE_WITH_KNOTS('',5,(#2602,#2603,#2604,#2605,#2606,
    #2607),.UNSPECIFIED.,.F.,.F.,(6,6),(0.,1.),
  .PIECEWISE_BEZIER_KNOTS.);
#2602 = CARTESIAN_POINT('',(1.,-0.35));
#2603 = CARTESIAN_POINT('',(0.801115143559,-0.35));
#2604 = CARTESIAN_POINT('',(0.601397969938,-0.35));
#2605 = CARTESIAN_POINT('',(0.401115708282,-0.35));
#2606 = CARTESIAN_POINT('',(0.200550464082,-0.35));
#2607 = CARTESIAN_POINT('',(0.,-0.35));
#2608 = ( GEOMETRIC_REPRESENTATION_CONTEXT(2) 
PARAMETRIC_REPRESENTATION_CONTEXT() REPRESENTATION_CONTEXT('2D SPACE',''
  ) );
#2609 = ORIENTED_EDGE('',*,*,#2610,.F.);
#2610 = EDGE_CURVE('',#2611,#2572,#2613,.T.);
#2611 = VERTEX_POINT('',#2612);
#2612 = CARTESIAN_POINT('',(30.525,55.49970703125,8.));
#2613 = SURFACE_CURVE('',#2614,(#2623,#2635),.PCURVE_S1.);
#2614 = B_SPLINE_CURVE_WITH_KNOTS('',4,(#2615,#2616,#2617,#2618,#2619,
    #2620,#2621,#2622),.UNSPECIFIED.,.F.,.F.,(5,3,5),(0.,0.852235342252,
    1.),.UNSPECIFIED.);
#2615 = CARTESIAN_POINT('',(30.525,55.49970703125,8.));
#2616 = CARTESIAN_POINT('',(30.525,55.562947543161,8.));
#2617 = CARTESIAN_POINT('',(30.517696009387,55.623475146139,8.));
#2618 = CARTESIAN_POINT('',(30.502960642374,55.681121758259,8.));
#2619 = CARTESIAN_POINT('',(30.477000057058,55.745255647141,8.));
#2620 = CARTESIAN_POINT('',(30.472941869401,55.754642514138,8.));
#2621 = CARTESIAN_POINT('',(30.468661775846,55.763938972076,8.));
#2622 = CARTESIAN_POINT('',(30.46416015625,55.77314453125,8.));
#2623 = PCURVE('',#44,#2624);
#2624 = DEFINITIONAL_REPRESENTATION('',(#2625),#2634);
#2625 = B_SPLINE_CURVE_WITH_KNOTS('',4,(#2626,#2627,#2628,#2629,#2630,
    #2631,#2632,#2633),.UNSPECIFIED.,.F.,.F.,(5,3,5),(0.,0.852235342252,
    1.),.UNSPECIFIED.);
#2626 = CARTESIAN_POINT('',(30.525,55.49970703125));
#2627 = CARTESIAN_POINT('',(30.525,55.562947543161));
#2628 = CARTESIAN_POINT('',(30.517696009387,55.623475146139));
#2629 = CARTESIAN_POINT('',(30.502960642374,55.681121758259));
#2630 = CARTESIAN_POINT('',(30.477000057058,55.745255647141));
#2631 = CARTESIAN_POINT('',(30.472941869401,55.754642514138));
#2632 = CARTESIAN_POINT('',(30.468661775846,55.763938972076));
#2633 = CARTESIAN_POINT('',(30.46416015625,55.77314453125));
#2634 = ( GEOMETRIC_REPRESENTATION_CONTEXT(2) 
PARAMETRIC_REPRESENTATION_CONTEXT() REPRESENTATION_CONTEXT('2D SPACE',''
  ) );
#2635 = PCURVE('',#2636,#2643);
#2636 = SURFACE_OF_LINEAR_EXTRUSION('',#2637,#2641);
#2637 = B_SPLINE_CURVE_WITH_KNOTS('',2,(#2638,#2639,#2640),
  .UNSPECIFIED.,.F.,.F.,(3,3),(0.,1.),.PIECEWISE_BEZIER_KNOTS.);
#2638 = CARTESIAN_POINT('',(30.46416015625,55.77314453125,7.65));
#2639 = CARTESIAN_POINT('',(30.525,55.64873046875,7.65));
#2640 = CARTESIAN_POINT('',(30.525,55.49970703125,7.65));
#2641 = VECTOR('',#2642,1.);
#2642 = DIRECTION('',(-0.,-0.,-1.));
#2643 = DEFINITIONAL_REPRESENTATION('',(#2644),#2653);
#2644 = B_SPLINE_CURVE_WITH_KNOTS('',4,(#2645,#2646,#2647,#2648,#2649,
    #2650,#2651,#2652),.UNSPECIFIED.,.F.,.F.,(5,3,5),(0.,0.852235342252,
    1.),.UNSPECIFIED.);
#2645 = CARTESIAN_POINT('',(1.,-0.35));
#2646 = CARTESIAN_POINT('',(0.787816893195,-0.35));
#2647 = CARTESIAN_POINT('',(0.574823463395,-0.35));
#2648 = CARTESIAN_POINT('',(0.36141077355,-0.35));
#2649 = CARTESIAN_POINT('',(0.110997814864,-0.35));
#2650 = CARTESIAN_POINT('',(7.399564496659E-02,-0.35));
#2651 = CARTESIAN_POINT('',(3.699565382505E-02,-0.35));
#2652 = CARTESIAN_POINT('',(0.,-0.35));
#2653 = ( GEOMETRIC_REPRESENTATION_CONTEXT(2) 
PARAMETRIC_REPRESENTATION_CONTEXT() REPRESENTATION_CONTEXT('2D SPACE',''
  ) );
#2654 = ORIENTED_EDGE('',*,*,#2655,.F.);
#2655 = EDGE_CURVE('',#2656,#2611,#2658,.T.);
#2656 = VERTEX_POINT('',#2657);
#2657 = CARTESIAN_POINT('',(30.3623046875,55.0669921875,8.));
#2658 = SURFACE_CURVE('',#2659,(#2670,#2684),.PCURVE_S1.);
#2659 = B_SPLINE_CURVE_WITH_KNOTS('',5,(#2660,#2661,#2662,#2663,#2664,
    #2665,#2666,#2667,#2668,#2669),.UNSPECIFIED.,.F.,.F.,(6,4,6),(0.,
    0.383035087715,1.),.UNSPECIFIED.);
#2660 = CARTESIAN_POINT('',(30.3623046875,55.0669921875,8.));
#2661 = CARTESIAN_POINT('',(30.387163714538,55.0940446581,8.));
#2662 = CARTESIAN_POINT('',(30.409746025338,55.122349741739,8.));
#2663 = CARTESIAN_POINT('',(30.429983044368,55.151892248715,8.));
#2664 = CARTESIAN_POINT('',(30.447829672598,55.182643072051,8.));
#2665 = CARTESIAN_POINT('',(30.488125236626,55.265967332602,8.));
#2666 = CARTESIAN_POINT('',(30.506730550406,55.320402052465,8.));
#2667 = CARTESIAN_POINT('',(30.518988382624,55.377677741109,8.));
#2668 = CARTESIAN_POINT('',(30.525,55.437543105046,8.));
#2669 = CARTESIAN_POINT('',(30.525,55.49970703125,8.));
#2670 = PCURVE('',#44,#2671);
#2671 = DEFINITIONAL_REPRESENTATION('',(#2672),#2683);
#2672 = B_SPLINE_CURVE_WITH_KNOTS('',5,(#2673,#2674,#2675,#2676,#2677,
    #2678,#2679,#2680,#2681,#2682),.UNSPECIFIED.,.F.,.F.,(6,4,6),(0.,
    0.383035087715,1.),.UNSPECIFIED.);
#2673 = CARTESIAN_POINT('',(30.3623046875,55.0669921875));
#2674 = CARTESIAN_POINT('',(30.387163714538,55.0940446581));
#2675 = CARTESIAN_POINT('',(30.409746025338,55.122349741739));
#2676 = CARTESIAN_POINT('',(30.429983044368,55.151892248715));
#2677 = CARTESIAN_POINT('',(30.447829672598,55.182643072051));
#2678 = CARTESIAN_POINT('',(30.488125236626,55.265967332602));
#2679 = CARTESIAN_POINT('',(30.506730550406,55.320402052465));
#2680 = CARTESIAN_POINT('',(30.518988382624,55.377677741109));
#2681 = CARTESIAN_POINT('',(30.525,55.437543105046));
#2682 = CARTESIAN_POINT('',(30.525,55.49970703125));
#2683 = ( GEOMETRIC_REPRESENTATION_CONTEXT(2) 
PARAMETRIC_REPRESENTATION_CONTEXT() REPRESENTATION_CONTEXT('2D SPACE',''
  ) );
#2684 = PCURVE('',#2685,#2692);
#2685 = SURFACE_OF_LINEAR_EXTRUSION('',#2686,#2690);
#2686 = B_SPLINE_CURVE_WITH_KNOTS('',2,(#2687,#2688,#2689),
  .UNSPECIFIED.,.F.,.F.,(3,3),(0.,1.),.PIECEWISE_BEZIER_KNOTS.);
#2687 = CARTESIAN_POINT('',(30.525,55.49970703125,7.65));
#2688 = CARTESIAN_POINT('',(30.525,55.24404296875,7.65));
#2689 = CARTESIAN_POINT('',(30.3623046875,55.0669921875,7.65));
#2690 = VECTOR('',#2691,1.);
#2691 = DIRECTION('',(-0.,-0.,-1.));
#2692 = DEFINITIONAL_REPRESENTATION('',(#2693),#2704);
#2693 = B_SPLINE_CURVE_WITH_KNOTS('',5,(#2694,#2695,#2696,#2697,#2698,
    #2699,#2700,#2701,#2702,#2703),.UNSPECIFIED.,.F.,.F.,(6,4,6),(0.,
    0.383035087715,1.),.UNSPECIFIED.);
#2694 = CARTESIAN_POINT('',(1.,-0.35));
#2695 = CARTESIAN_POINT('',(0.923602509944,-0.35));
#2696 = CARTESIAN_POINT('',(0.846906739681,-0.35));
#2697 = CARTESIAN_POINT('',(0.770007197877,-0.35));
#2698 = CARTESIAN_POINT('',(0.693003426337,-0.35));
#2699 = CARTESIAN_POINT('',(0.491968511242,-0.35));
#2700 = CARTESIAN_POINT('',(0.367929407381,-0.35));
#2701 = CARTESIAN_POINT('',(0.244332468984,-0.35));
#2702 = CARTESIAN_POINT('',(0.121573453844,-0.35));
#2703 = CARTESIAN_POINT('',(0.,-0.35));
#2704 = ( GEOMETRIC_REPRESENTATION_CONTEXT(2) 
PARAMETRIC_REPRESENTATION_CONTEXT() REPRESENTATION_CONTEXT('2D SPACE',''
  ) );
#2705 = ORIENTED_EDGE('',*,*,#2706,.F.);
#2706 = EDGE_CURVE('',#2707,#2656,#2709,.T.);
#2707 = VERTEX_POINT('',#2708);
#2708 = CARTESIAN_POINT('',(29.7744140625,54.88994140625,8.));
#2709 = SURFACE_CURVE('',#2710,(#2723,#2739),.PCURVE_S1.);
#2710 = B_SPLINE_CURVE_WITH_KNOTS('',6,(#2711,#2712,#2713,#2714,#2715,
    #2716,#2717,#2718,#2719,#2720,#2721,#2722),.UNSPECIFIED.,.F.,.F.,(7,
    5,7),(0.,0.521762215785,1.),.UNSPECIFIED.);
#2711 = CARTESIAN_POINT('',(29.7744140625,54.88994140625,8.));
#2712 = CARTESIAN_POINT('',(29.841227617349,54.88994140625,8.));
#2713 = CARTESIAN_POINT('',(29.905782452519,54.892564394016,8.));
#2714 = CARTESIAN_POINT('',(29.967755896554,54.898050575981,8.));
#2715 = CARTESIAN_POINT('',(30.026750453248,54.906657740562,8.));
#2716 = CARTESIAN_POINT('',(30.08231209578,54.918642333751,8.));
#2717 = CARTESIAN_POINT('',(30.181346248995,54.948467735708,8.));
#2718 = CARTESIAN_POINT('',(30.225444315117,54.965737987961,8.));
#2719 = CARTESIAN_POINT('',(30.265909861647,54.986163219769,8.));
#2720 = CARTESIAN_POINT('',(30.302387434452,55.009849562532,8.));
#2721 = CARTESIAN_POINT('',(30.334581763186,55.036823122805,8.));
#2722 = CARTESIAN_POINT('',(30.3623046875,55.0669921875,8.));
#2723 = PCURVE('',#44,#2724);
#2724 = DEFINITIONAL_REPRESENTATION('',(#2725),#2738);
#2725 = B_SPLINE_CURVE_WITH_KNOTS('',6,(#2726,#2727,#2728,#2729,#2730,
    #2731,#2732,#2733,#2734,#2735,#2736,#2737),.UNSPECIFIED.,.F.,.F.,(7,
    5,7),(0.,0.521762215785,1.),.UNSPECIFIED.);
#2726 = CARTESIAN_POINT('',(29.7744140625,54.88994140625));
#2727 = CARTESIAN_POINT('',(29.841227617349,54.88994140625));
#2728 = CARTESIAN_POINT('',(29.905782452519,54.892564394016));
#2729 = CARTESIAN_POINT('',(29.967755896554,54.898050575981));
#2730 = CARTESIAN_POINT('',(30.026750453248,54.906657740562));
#2731 = CARTESIAN_POINT('',(30.08231209578,54.918642333751));
#2732 = CARTESIAN_POINT('',(30.181346248995,54.948467735708));
#2733 = CARTESIAN_POINT('',(30.225444315117,54.965737987961));
#2734 = CARTESIAN_POINT('',(30.265909861647,54.986163219769));
#2735 = CARTESIAN_POINT('',(30.302387434452,55.009849562532));
#2736 = CARTESIAN_POINT('',(30.334581763186,55.036823122805));
#2737 = CARTESIAN_POINT('',(30.3623046875,55.0669921875));
#2738 = ( GEOMETRIC_REPRESENTATION_CONTEXT(2) 
PARAMETRIC_REPRESENTATION_CONTEXT() REPRESENTATION_CONTEXT('2D SPACE',''
  ) );
#2739 = PCURVE('',#2740,#2747);
#2740 = SURFACE_OF_LINEAR_EXTRUSION('',#2741,#2745);
#2741 = B_SPLINE_CURVE_WITH_KNOTS('',2,(#2742,#2743,#2744),
  .UNSPECIFIED.,.F.,.F.,(3,3),(0.,1.),.PIECEWISE_BEZIER_KNOTS.);
#2742 = CARTESIAN_POINT('',(30.3623046875,55.0669921875,7.65));
#2743 = CARTESIAN_POINT('',(30.199609375,54.88994140625,7.65));
#2744 = CARTESIAN_POINT('',(29.7744140625,54.88994140625,7.65));
#2745 = VECTOR('',#2746,1.);
#2746 = DIRECTION('',(-0.,-0.,-1.));
#2747 = DEFINITIONAL_REPRESENTATION('',(#2748),#2761);
#2748 = B_SPLINE_CURVE_WITH_KNOTS('',6,(#2749,#2750,#2751,#2752,#2753,
    #2754,#2755,#2756,#2757,#2758,#2759,#2760),.UNSPECIFIED.,.F.,.F.,(7,
    5,7),(0.,0.521762215785,1.),.UNSPECIFIED.);
#2749 = CARTESIAN_POINT('',(1.,-0.35));
#2750 = CARTESIAN_POINT('',(0.921431924477,-0.35));
#2751 = CARTESIAN_POINT('',(0.840946860719,-0.35));
#2752 = CARTESIAN_POINT('',(0.758505456547,-0.35));
#2753 = CARTESIAN_POINT('',(0.674125694913,-0.35));
#2754 = CARTESIAN_POINT('',(0.587894375284,-0.35));
#2755 = CARTESIAN_POINT('',(0.419437609683,-0.35));
#2756 = CARTESIAN_POINT('',(0.337471298959,-0.35));
#2757 = CARTESIAN_POINT('',(0.254275984221,-0.35));
#2758 = CARTESIAN_POINT('',(0.170084618431,-0.35));
#2759 = CARTESIAN_POINT('',(8.519890305403E-02,-0.35));
#2760 = CARTESIAN_POINT('',(0.,-0.35));
#2761 = ( GEOMETRIC_REPRESENTATION_CONTEXT(2) 
PARAMETRIC_REPRESENTATION_CONTEXT() REPRESENTATION_CONTEXT('2D SPACE',''
  ) );
#2762 = ORIENTED_EDGE('',*,*,#2763,.F.);
#2763 = EDGE_CURVE('',#2764,#2707,#2766,.T.);
#2764 = VERTEX_POINT('',#2765);
#2765 = CARTESIAN_POINT('',(29.2603515625,54.88994140625,8.));
#2766 = SURFACE_CURVE('',#2767,(#2771,#2777),.PCURVE_S1.);
#2767 = LINE('',#2768,#2769);
#2768 = CARTESIAN_POINT('',(14.88720703125,54.88994140625,8.));
#2769 = VECTOR('',#2770,1.);
#2770 = DIRECTION('',(1.,0.,-0.));
#2771 = PCURVE('',#44,#2772);
#2772 = DEFINITIONAL_REPRESENTATION('',(#2773),#2776);
#2773 = B_SPLINE_CURVE_WITH_KNOTS('',1,(#2774,#2775),.UNSPECIFIED.,.F.,
  .F.,(2,2),(14.37314453125,14.88720703125),.PIECEWISE_BEZIER_KNOTS.);
#2774 = CARTESIAN_POINT('',(29.2603515625,54.88994140625));
#2775 = CARTESIAN_POINT('',(29.7744140625,54.88994140625));
#2776 = ( GEOMETRIC_REPRESENTATION_CONTEXT(2) 
PARAMETRIC_REPRESENTATION_CONTEXT() REPRESENTATION_CONTEXT('2D SPACE',''
  ) );
#2777 = PCURVE('',#2778,#2783);
#2778 = PLANE('',#2779);
#2779 = AXIS2_PLACEMENT_3D('',#2780,#2781,#2782);
#2780 = CARTESIAN_POINT('',(29.7744140625,54.88994140625,7.65));
#2781 = DIRECTION('',(0.,-1.,0.));
#2782 = DIRECTION('',(-1.,0.,0.));
#2783 = DEFINITIONAL_REPRESENTATION('',(#2784),#2787);
#2784 = B_SPLINE_CURVE_WITH_KNOTS('',1,(#2785,#2786),.UNSPECIFIED.,.F.,
  .F.,(2,2),(14.37314453125,14.88720703125),.PIECEWISE_BEZIER_KNOTS.);
#2785 = CARTESIAN_POINT('',(0.5140625,-0.35));
#2786 = CARTESIAN_POINT('',(0.,-0.35));
#2787 = ( GEOMETRIC_REPRESENTATION_CONTEXT(2) 
PARAMETRIC_REPRESENTATION_CONTEXT() REPRESENTATION_CONTEXT('2D SPACE',''
  ) );
#2788 = ORIENTED_EDGE('',*,*,#2789,.F.);
#2789 = EDGE_CURVE('',#2416,#2764,#2790,.T.);
#2790 = SURFACE_CURVE('',#2791,(#2795,#2801),.PCURVE_S1.);
#2791 = LINE('',#2792,#2793);
#2792 = CARTESIAN_POINT('',(29.2603515625,27.444970703125,8.));
#2793 = VECTOR('',#2794,1.);
#2794 = DIRECTION('',(0.,1.,0.));
#2795 = PCURVE('',#44,#2796);
#2796 = DEFINITIONAL_REPRESENTATION('',(#2797),#2800);
#2797 = B_SPLINE_CURVE_WITH_KNOTS('',1,(#2798,#2799),.UNSPECIFIED.,.F.,
  .F.,(2,2),(26.630126953125,27.444970703125),.PIECEWISE_BEZIER_KNOTS.);
#2798 = CARTESIAN_POINT('',(29.2603515625,54.07509765625));
#2799 = CARTESIAN_POINT('',(29.2603515625,54.88994140625));
#2800 = ( GEOMETRIC_REPRESENTATION_CONTEXT(2) 
PARAMETRIC_REPRESENTATION_CONTEXT() REPRESENTATION_CONTEXT('2D SPACE',''
  ) );
#2801 = PCURVE('',#2802,#2807);
#2802 = PLANE('',#2803);
#2803 = AXIS2_PLACEMENT_3D('',#2804,#2805,#2806);
#2804 = CARTESIAN_POINT('',(29.2603515625,54.88994140625,7.65));
#2805 = DIRECTION('',(1.,0.,0.));
#2806 = DIRECTION('',(0.,-1.,0.));
#2807 = DEFINITIONAL_REPRESENTATION('',(#2808),#2811);
#2808 = B_SPLINE_CURVE_WITH_KNOTS('',1,(#2809,#2810),.UNSPECIFIED.,.F.,
  .F.,(2,2),(26.630126953125,27.444970703125),.PIECEWISE_BEZIER_KNOTS.);
#2809 = CARTESIAN_POINT('',(0.81484375,-0.35));
#2810 = CARTESIAN_POINT('',(0.,-0.35));
#2811 = ( GEOMETRIC_REPRESENTATION_CONTEXT(2) 
PARAMETRIC_REPRESENTATION_CONTEXT() REPRESENTATION_CONTEXT('2D SPACE',''
  ) );
#2812 = FACE_BOUND('',#2813,.T.);
#2813 = EDGE_LOOP('',(#2814,#2844,#2872,#2900,#2928,#2956,#2984,#3012,
    #3040,#3068,#3096,#3124));
#2814 = ORIENTED_EDGE('',*,*,#2815,.T.);
#2815 = EDGE_CURVE('',#2816,#2818,#2820,.T.);
#2816 = VERTEX_POINT('',#2817);
#2817 = CARTESIAN_POINT('',(9.,29.6,8.));
#2818 = VERTEX_POINT('',#2819);
#2819 = CARTESIAN_POINT('',(9.,30.4,8.));
#2820 = SURFACE_CURVE('',#2821,(#2825,#2832),.PCURVE_S1.);
#2821 = LINE('',#2822,#2823);
#2822 = CARTESIAN_POINT('',(9.,29.6,8.));
#2823 = VECTOR('',#2824,1.);
#2824 = DIRECTION('',(0.,1.,0.));
#2825 = PCURVE('',#44,#2826);
#2826 = DEFINITIONAL_REPRESENTATION('',(#2827),#2831);
#2827 = LINE('',#2828,#2829);
#2828 = CARTESIAN_POINT('',(9.,29.6));
#2829 = VECTOR('',#2830,1.);
#2830 = DIRECTION('',(0.,1.));
#2831 = ( GEOMETRIC_REPRESENTATION_CONTEXT(2) 
PARAMETRIC_REPRESENTATION_CONTEXT() REPRESENTATION_CONTEXT('2D SPACE',''
  ) );
#2832 = PCURVE('',#2833,#2838);
#2833 = PLANE('',#2834);
#2834 = AXIS2_PLACEMENT_3D('',#2835,#2836,#2837);
#2835 = CARTESIAN_POINT('',(9.,29.6,7.2));
#2836 = DIRECTION('',(1.,0.,0.));
#2837 = DIRECTION('',(0.,0.,1.));
#2838 = DEFINITIONAL_REPRESENTATION('',(#2839),#2843);
#2839 = LINE('',#2840,#2841);
#2840 = CARTESIAN_POINT('',(0.8,0.));
#2841 = VECTOR('',#2842,1.);
#2842 = DIRECTION('',(0.,-1.));
#2843 = ( GEOMETRIC_REPRESENTATION_CONTEXT(2) 
PARAMETRIC_REPRESENTATION_CONTEXT() REPRESENTATION_CONTEXT('2D SPACE',''
  ) );
#2844 = ORIENTED_EDGE('',*,*,#2845,.T.);
#2845 = EDGE_CURVE('',#2818,#2846,#2848,.T.);
#2846 = VERTEX_POINT('',#2847);
#2847 = CARTESIAN_POINT('',(29.6,30.4,8.));
#2848 = SURFACE_CURVE('',#2849,(#2853,#2860),.PCURVE_S1.);
#2849 = LINE('',#2850,#2851);
#2850 = CARTESIAN_POINT('',(9.,30.4,8.));
#2851 = VECTOR('',#2852,1.);
#2852 = DIRECTION('',(1.,0.,0.));
#2853 = PCURVE('',#44,#2854);
#2854 = DEFINITIONAL_REPRESENTATION('',(#2855),#2859);
#2855 = LINE('',#2856,#2857);
#2856 = CARTESIAN_POINT('',(9.,30.4));
#2857 = VECTOR('',#2858,1.);
#2858 = DIRECTION('',(1.,0.));
#2859 = ( GEOMETRIC_REPRESENTATION_CONTEXT(2) 
PARAMETRIC_REPRESENTATION_CONTEXT() REPRESENTATION_CONTEXT('2D SPACE',''
  ) );
#2860 = PCURVE('',#2861,#2866);
#2861 = PLANE('',#2862);
#2862 = AXIS2_PLACEMENT_3D('',#2863,#2864,#2865);
#2863 = CARTESIAN_POINT('',(9.,30.4,7.2));
#2864 = DIRECTION('',(0.,1.,0.));
#2865 = DIRECTION('',(0.,0.,1.));
#2866 = DEFINITIONAL_REPRESENTATION('',(#2867),#2871);
#2867 = LINE('',#2868,#2869);
#2868 = CARTESIAN_POINT('',(0.8,0.));
#2869 = VECTOR('',#2870,1.);
#2870 = DIRECTION('',(0.,1.));
#2871 = ( GEOMETRIC_REPRESENTATION_CONTEXT(2) 
PARAMETRIC_REPRESENTATION_CONTEXT() REPRESENTATION_CONTEXT('2D SPACE',''
  ) );
#2872 = ORIENTED_EDGE('',*,*,#2873,.T.);
#2873 = EDGE_CURVE('',#2846,#2874,#2876,.T.);
#2874 = VERTEX_POINT('',#2875);
#2875 = CARTESIAN_POINT('',(29.6,51.,8.));
#2876 = SURFACE_CURVE('',#2877,(#2881,#2888),.PCURVE_S1.);
#2877 = LINE('',#2878,#2879);
#2878 = CARTESIAN_POINT('',(29.6,9.,8.));
#2879 = VECTOR('',#2880,1.);
#2880 = DIRECTION('',(0.,1.,0.));
#2881 = PCURVE('',#44,#2882);
#2882 = DEFINITIONAL_REPRESENTATION('',(#2883),#2887);
#2883 = LINE('',#2884,#2885);
#2884 = CARTESIAN_POINT('',(29.6,9.));
#2885 = VECTOR('',#2886,1.);
#2886 = DIRECTION('',(0.,1.));
#2887 = ( GEOMETRIC_REPRESENTATION_CONTEXT(2) 
PARAMETRIC_REPRESENTATION_CONTEXT() REPRESENTATION_CONTEXT('2D SPACE',''
  ) );
#2888 = PCURVE('',#2889,#2894);
#2889 = PLANE('',#2890);
#2890 = AXIS2_PLACEMENT_3D('',#2891,#2892,#2893);
#2891 = CARTESIAN_POINT('',(29.6,9.,7.2));
#2892 = DIRECTION('',(1.,0.,0.));
#2893 = DIRECTION('',(0.,0.,1.));
#2894 = DEFINITIONAL_REPRESENTATION('',(#2895),#2899);
#2895 = LINE('',#2896,#2897);
#2896 = CARTESIAN_POINT('',(0.8,0.));
#2897 = VECTOR('',#2898,1.);
#2898 = DIRECTION('',(0.,-1.));
#2899 = ( GEOMETRIC_REPRESENTATION_CONTEXT(2) 
PARAMETRIC_REPRESENTATION_CONTEXT() REPRESENTATION_CONTEXT('2D SPACE',''
  ) );
#2900 = ORIENTED_EDGE('',*,*,#2901,.T.);
#2901 = EDGE_CURVE('',#2874,#2902,#2904,.T.);
#2902 = VERTEX_POINT('',#2903);
#2903 = CARTESIAN_POINT('',(30.4,51.,8.));
#2904 = SURFACE_CURVE('',#2905,(#2909,#2916),.PCURVE_S1.);
#2905 = LINE('',#2906,#2907);
#2906 = CARTESIAN_POINT('',(29.6,51.,8.));
#2907 = VECTOR('',#2908,1.);
#2908 = DIRECTION('',(1.,0.,0.));
#2909 = PCURVE('',#44,#2910);
#2910 = DEFINITIONAL_REPRESENTATION('',(#2911),#2915);
#2911 = LINE('',#2912,#2913);
#2912 = CARTESIAN_POINT('',(29.6,51.));
#2913 = VECTOR('',#2914,1.);
#2914 = DIRECTION('',(1.,0.));
#2915 = ( GEOMETRIC_REPRESENTATION_CONTEXT(2) 
PARAMETRIC_REPRESENTATION_CONTEXT() REPRESENTATION_CONTEXT('2D SPACE',''
  ) );
#2916 = PCURVE('',#2917,#2922);
#2917 = PLANE('',#2918);
#2918 = AXIS2_PLACEMENT_3D('',#2919,#2920,#2921);
#2919 = CARTESIAN_POINT('',(29.6,51.,7.2));
#2920 = DIRECTION('',(0.,1.,0.));
#2921 = DIRECTION('',(0.,0.,1.));
#2922 = DEFINITIONAL_REPRESENTATION('',(#2923),#2927);
#2923 = LINE('',#2924,#2925);
#2924 = CARTESIAN_POINT('',(0.8,0.));
#2925 = VECTOR('',#2926,1.);
#2926 = DIRECTION('',(0.,1.));
#2927 = ( GEOMETRIC_REPRESENTATION_CONTEXT(2) 
PARAMETRIC_REPRESENTATION_CONTEXT() REPRESENTATION_CONTEXT('2D SPACE',''
  ) );
#2928 = ORIENTED_EDGE('',*,*,#2929,.F.);
#2929 = EDGE_CURVE('',#2930,#2902,#2932,.T.);
#2930 = VERTEX_POINT('',#2931);
#2931 = CARTESIAN_POINT('',(30.4,30.4,8.));
#2932 = SURFACE_CURVE('',#2933,(#2937,#2944),.PCURVE_S1.);
#2933 = LINE('',#2934,#2935);
#2934 = CARTESIAN_POINT('',(30.4,9.,8.));
#2935 = VECTOR('',#2936,1.);
#2936 = DIRECTION('',(0.,1.,0.));
#2937 = PCURVE('',#44,#2938);
#2938 = DEFINITIONAL_REPRESENTATION('',(#2939),#2943);
#2939 = LINE('',#2940,#2941);
#2940 = CARTESIAN_POINT('',(30.4,9.));
#2941 = VECTOR('',#2942,1.);
#2942 = DIRECTION('',(0.,1.));
#2943 = ( GEOMETRIC_REPRESENTATION_CONTEXT(2) 
PARAMETRIC_REPRESENTATION_CONTEXT() REPRESENTATION_CONTEXT('2D SPACE',''
  ) );
#2944 = PCURVE('',#2945,#2950);
#2945 = PLANE('',#2946);
#2946 = AXIS2_PLACEMENT_3D('',#2947,#2948,#2949);
#2947 = CARTESIAN_POINT('',(30.4,9.,7.2));
#2948 = DIRECTION('',(1.,0.,0.));
#2949 = DIRECTION('',(0.,0.,1.));
#2950 = DEFINITIONAL_REPRESENTATION('',(#2951),#2955);
#2951 = LINE('',#2952,#2953);
#2952 = CARTESIAN_POINT('',(0.8,0.));
#2953 = VECTOR('',#2954,1.);
#2954 = DIRECTION('',(0.,-1.));
#2955 = ( GEOMETRIC_REPRESENTATION_CONTEXT(2) 
PARAMETRIC_REPRESENTATION_CONTEXT() REPRESENTATION_CONTEXT('2D SPACE',''
  ) );
#2956 = ORIENTED_EDGE('',*,*,#2957,.T.);
#2957 = EDGE_CURVE('',#2930,#2958,#2960,.T.);
#2958 = VERTEX_POINT('',#2959);
#2959 = CARTESIAN_POINT('',(51.,30.4,8.));
#2960 = SURFACE_CURVE('',#2961,(#2965,#2972),.PCURVE_S1.);
#2961 = LINE('',#2962,#2963);
#2962 = CARTESIAN_POINT('',(9.,30.4,8.));
#2963 = VECTOR('',#2964,1.);
#2964 = DIRECTION('',(1.,0.,0.));
#2965 = PCURVE('',#44,#2966);
#2966 = DEFINITIONAL_REPRESENTATION('',(#2967),#2971);
#2967 = LINE('',#2968,#2969);
#2968 = CARTESIAN_POINT('',(9.,30.4));
#2969 = VECTOR('',#2970,1.);
#2970 = DIRECTION('',(1.,0.));
#2971 = ( GEOMETRIC_REPRESENTATION_CONTEXT(2) 
PARAMETRIC_REPRESENTATION_CONTEXT() REPRESENTATION_CONTEXT('2D SPACE',''
  ) );
#2972 = PCURVE('',#2973,#2978);
#2973 = PLANE('',#2974);
#2974 = AXIS2_PLACEMENT_3D('',#2975,#2976,#2977);
#2975 = CARTESIAN_POINT('',(9.,30.4,7.2));
#2976 = DIRECTION('',(0.,1.,0.));
#2977 = DIRECTION('',(0.,0.,1.));
#2978 = DEFINITIONAL_REPRESENTATION('',(#2979),#2983);
#2979 = LINE('',#2980,#2981);
#2980 = CARTESIAN_POINT('',(0.8,0.));
#2981 = VECTOR('',#2982,1.);
#2982 = DIRECTION('',(0.,1.));
#2983 = ( GEOMETRIC_REPRESENTATION_CONTEXT(2) 
PARAMETRIC_REPRESENTATION_CONTEXT() REPRESENTATION_CONTEXT('2D SPACE',''
  ) );
#2984 = ORIENTED_EDGE('',*,*,#2985,.F.);
#2985 = EDGE_CURVE('',#2986,#2958,#2988,.T.);
#2986 = VERTEX_POINT('',#2987);
#2987 = CARTESIAN_POINT('',(51.,29.6,8.));
#2988 = SURFACE_CURVE('',#2989,(#2993,#3000),.PCURVE_S1.);
#2989 = LINE('',#2990,#2991);
#2990 = CARTESIAN_POINT('',(51.,29.6,8.));
#2991 = VECTOR('',#2992,1.);
#2992 = DIRECTION('',(0.,1.,0.));
#2993 = PCURVE('',#44,#2994);
#2994 = DEFINITIONAL_REPRESENTATION('',(#2995),#2999);
#2995 = LINE('',#2996,#2997);
#2996 = CARTESIAN_POINT('',(51.,29.6));
#2997 = VECTOR('',#2998,1.);
#2998 = DIRECTION('',(0.,1.));
#2999 = ( GEOMETRIC_REPRESENTATION_CONTEXT(2) 
PARAMETRIC_REPRESENTATION_CONTEXT() REPRESENTATION_CONTEXT('2D SPACE',''
  ) );
#3000 = PCURVE('',#3001,#3006);
#3001 = PLANE('',#3002);
#3002 = AXIS2_PLACEMENT_3D('',#3003,#3004,#3005);
#3003 = CARTESIAN_POINT('',(51.,29.6,7.2));
#3004 = DIRECTION('',(1.,0.,0.));
#3005 = DIRECTION('',(0.,0.,1.));
#3006 = DEFINITIONAL_REPRESENTATION('',(#3007),#3011);
#3007 = LINE('',#3008,#3009);
#3008 = CARTESIAN_POINT('',(0.8,0.));
#3009 = VECTOR('',#3010,1.);
#3010 = DIRECTION('',(0.,-1.));
#3011 = ( GEOMETRIC_REPRESENTATION_CONTEXT(2) 
PARAMETRIC_REPRESENTATION_CONTEXT() REPRESENTATION_CONTEXT('2D SPACE',''
  ) );
#3012 = ORIENTED_EDGE('',*,*,#3013,.F.);
#3013 = EDGE_CURVE('',#3014,#2986,#3016,.T.);
#3014 = VERTEX_POINT('',#3015);
#3015 = CARTESIAN_POINT('',(30.4,29.6,8.));
#3016 = SURFACE_CURVE('',#3017,(#3021,#3028),.PCURVE_S1.);
#3017 = LINE('',#3018,#3019);
#3018 = CARTESIAN_POINT('',(9.,29.6,8.));
#3019 = VECTOR('',#3020,1.);
#3020 = DIRECTION('',(1.,0.,0.));
#3021 = PCURVE('',#44,#3022);
#3022 = DEFINITIONAL_REPRESENTATION('',(#3023),#3027);
#3023 = LINE('',#3024,#3025);
#3024 = CARTESIAN_POINT('',(9.,29.6));
#3025 = VECTOR('',#3026,1.);
#3026 = DIRECTION('',(1.,0.));
#3027 = ( GEOMETRIC_REPRESENTATION_CONTEXT(2) 
PARAMETRIC_REPRESENTATION_CONTEXT() REPRESENTATION_CONTEXT('2D SPACE',''
  ) );
#3028 = PCURVE('',#3029,#3034);
#3029 = PLANE('',#3030);
#3030 = AXIS2_PLACEMENT_3D('',#3031,#3032,#3033);
#3031 = CARTESIAN_POINT('',(9.,29.6,7.2));
#3032 = DIRECTION('',(0.,1.,0.));
#3033 = DIRECTION('',(0.,0.,1.));
#3034 = DEFINITIONAL_REPRESENTATION('',(#3035),#3039);
#3035 = LINE('',#3036,#3037);
#3036 = CARTESIAN_POINT('',(0.8,0.));
#3037 = VECTOR('',#3038,1.);
#3038 = DIRECTION('',(0.,1.));
#3039 = ( GEOMETRIC_REPRESENTATION_CONTEXT(2) 
PARAMETRIC_REPRESENTATION_CONTEXT() REPRESENTATION_CONTEXT('2D SPACE',''
  ) );
#3040 = ORIENTED_EDGE('',*,*,#3041,.F.);
#3041 = EDGE_CURVE('',#3042,#3014,#3044,.T.);
#3042 = VERTEX_POINT('',#3043);
#3043 = CARTESIAN_POINT('',(30.4,9.,8.));
#3044 = SURFACE_CURVE('',#3045,(#3049,#3056),.PCURVE_S1.);
#3045 = LINE('',#3046,#3047);
#3046 = CARTESIAN_POINT('',(30.4,9.,8.));
#3047 = VECTOR('',#3048,1.);
#3048 = DIRECTION('',(0.,1.,0.));
#3049 = PCURVE('',#44,#3050);
#3050 = DEFINITIONAL_REPRESENTATION('',(#3051),#3055);
#3051 = LINE('',#3052,#3053);
#3052 = CARTESIAN_POINT('',(30.4,9.));
#3053 = VECTOR('',#3054,1.);
#3054 = DIRECTION('',(0.,1.));
#3055 = ( GEOMETRIC_REPRESENTATION_CONTEXT(2) 
PARAMETRIC_REPRESENTATION_CONTEXT() REPRESENTATION_CONTEXT('2D SPACE',''
  ) );
#3056 = PCURVE('',#3057,#3062);
#3057 = PLANE('',#3058);
#3058 = AXIS2_PLACEMENT_3D('',#3059,#3060,#3061);
#3059 = CARTESIAN_POINT('',(30.4,9.,7.2));
#3060 = DIRECTION('',(1.,0.,0.));
#3061 = DIRECTION('',(0.,0.,1.));
#3062 = DEFINITIONAL_REPRESENTATION('',(#3063),#3067);
#3063 = LINE('',#3064,#3065);
#3064 = CARTESIAN_POINT('',(0.8,0.));
#3065 = VECTOR('',#3066,1.);
#3066 = DIRECTION('',(0.,-1.));
#3067 = ( GEOMETRIC_REPRESENTATION_CONTEXT(2) 
PARAMETRIC_REPRESENTATION_CONTEXT() REPRESENTATION_CONTEXT('2D SPACE',''
  ) );
#3068 = ORIENTED_EDGE('',*,*,#3069,.F.);
#3069 = EDGE_CURVE('',#3070,#3042,#3072,.T.);
#3070 = VERTEX_POINT('',#3071);
#3071 = CARTESIAN_POINT('',(29.6,9.,8.));
#3072 = SURFACE_CURVE('',#3073,(#3077,#3084),.PCURVE_S1.);
#3073 = LINE('',#3074,#3075);
#3074 = CARTESIAN_POINT('',(29.6,9.,8.));
#3075 = VECTOR('',#3076,1.);
#3076 = DIRECTION('',(1.,0.,0.));
#3077 = PCURVE('',#44,#3078);
#3078 = DEFINITIONAL_REPRESENTATION('',(#3079),#3083);
#3079 = LINE('',#3080,#3081);
#3080 = CARTESIAN_POINT('',(29.6,9.));
#3081 = VECTOR('',#3082,1.);
#3082 = DIRECTION('',(1.,0.));
#3083 = ( GEOMETRIC_REPRESENTATION_CONTEXT(2) 
PARAMETRIC_REPRESENTATION_CONTEXT() REPRESENTATION_CONTEXT('2D SPACE',''
  ) );
#3084 = PCURVE('',#3085,#3090);
#3085 = PLANE('',#3086);
#3086 = AXIS2_PLACEMENT_3D('',#3087,#3088,#3089);
#3087 = CARTESIAN_POINT('',(29.6,9.,7.2));
#3088 = DIRECTION('',(0.,1.,0.));
#3089 = DIRECTION('',(0.,0.,1.));
#3090 = DEFINITIONAL_REPRESENTATION('',(#3091),#3095);
#3091 = LINE('',#3092,#3093);
#3092 = CARTESIAN_POINT('',(0.8,0.));
#3093 = VECTOR('',#3094,1.);
#3094 = DIRECTION('',(0.,1.));
#3095 = ( GEOMETRIC_REPRESENTATION_CONTEXT(2) 
PARAMETRIC_REPRESENTATION_CONTEXT() REPRESENTATION_CONTEXT('2D SPACE',''
  ) );
#3096 = ORIENTED_EDGE('',*,*,#3097,.T.);
#3097 = EDGE_CURVE('',#3070,#3098,#3100,.T.);
#3098 = VERTEX_POINT('',#3099);
#3099 = CARTESIAN_POINT('',(29.6,29.6,8.));
#3100 = SURFACE_CURVE('',#3101,(#3105,#3112),.PCURVE_S1.);
#3101 = LINE('',#3102,#3103);
#3102 = CARTESIAN_POINT('',(29.6,9.,8.));
#3103 = VECTOR('',#3104,1.);
#3104 = DIRECTION('',(0.,1.,0.));
#3105 = PCURVE('',#44,#3106);
#3106 = DEFINITIONAL_REPRESENTATION('',(#3107),#3111);
#3107 = LINE('',#3108,#3109);
#3108 = CARTESIAN_POINT('',(29.6,9.));
#3109 = VECTOR('',#3110,1.);
#3110 = DIRECTION('',(0.,1.));
#3111 = ( GEOMETRIC_REPRESENTATION_CONTEXT(2) 
PARAMETRIC_REPRESENTATION_CONTEXT() REPRESENTATION_CONTEXT('2D SPACE',''
  ) );
#3112 = PCURVE('',#3113,#3118);
#3113 = PLANE('',#3114);
#3114 = AXIS2_PLACEMENT_3D('',#3115,#3116,#3117);
#3115 = CARTESIAN_POINT('',(29.6,9.,7.2));
#3116 = DIRECTION('',(1.,0.,0.));
#3117 = DIRECTION('',(0.,0.,1.));
#3118 = DEFINITIONAL_REPRESENTATION('',(#3119),#3123);
#3119 = LINE('',#3120,#3121);
#3120 = CARTESIAN_POINT('',(0.8,0.));
#3121 = VECTOR('',#3122,1.);
#3122 = DIRECTION('',(0.,-1.));
#3123 = ( GEOMETRIC_REPRESENTATION_CONTEXT(2) 
PARAMETRIC_REPRESENTATION_CONTEXT() REPRESENTATION_CONTEXT('2D SPACE',''
  ) );
#3124 = ORIENTED_EDGE('',*,*,#3125,.F.);
#3125 = EDGE_CURVE('',#2816,#3098,#3126,.T.);
#3126 = SURFACE_CURVE('',#3127,(#3131,#3138),.PCURVE_S1.);
#3127 = LINE('',#3128,#3129);
#3128 = CARTESIAN_POINT('',(9.,29.6,8.));
#3129 = VECTOR('',#3130,1.);
#3130 = DIRECTION('',(1.,0.,0.));
#3131 = PCURVE('',#44,#3132);
#3132 = DEFINITIONAL_REPRESENTATION('',(#3133),#3137);
#3133 = LINE('',#3134,#3135);
#3134 = CARTESIAN_POINT('',(9.,29.6));
#3135 = VECTOR('',#3136,1.);
#3136 = DIRECTION('',(1.,0.));
#3137 = ( GEOMETRIC_REPRESENTATION_CONTEXT(2) 
PARAMETRIC_REPRESENTATION_CONTEXT() REPRESENTATION_CONTEXT('2D SPACE',''
  ) );
#3138 = PCURVE('',#3139,#3144);
#3139 = PLANE('',#3140);
#3140 = AXIS2_PLACEMENT_3D('',#3141,#3142,#3143);
#3141 = CARTESIAN_POINT('',(9.,29.6,7.2));
#3142 = DIRECTION('',(0.,1.,0.));
#3143 = DIRECTION('',(0.,0.,1.));
#3144 = DEFINITIONAL_REPRESENTATION('',(#3145),#3149);
#3145 = LINE('',#3146,#3147);
#3146 = CARTESIAN_POINT('',(0.8,0.));
#3147 = VECTOR('',#3148,1.);
#3148 = DIRECTION('',(0.,1.));
#3149 = ( GEOMETRIC_REPRESENTATION_CONTEXT(2) 
PARAMETRIC_REPRESENTATION_CONTEXT() REPRESENTATION_CONTEXT('2D SPACE',''
  ) );
#3150 = FACE_BOUND('',#3151,.T.);
#3151 = EDGE_LOOP('',(#3152,#3180,#3206,#3232,#3274,#3319,#3358,#3409,
    #3451,#3490,#3529,#3555,#3581,#3607,#3646,#3685,#3721,#3760,#3786));
#3152 = ORIENTED_EDGE('',*,*,#3153,.F.);
#3153 = EDGE_CURVE('',#3154,#3156,#3158,.T.);
#3154 = VERTEX_POINT('',#3155);
#3155 = CARTESIAN_POINT('',(31.594140625,54.07509765625,8.));
#3156 = VERTEX_POINT('',#3157);
#3157 = CARTESIAN_POINT('',(31.859375,54.07509765625,8.));
#3158 = SURFACE_CURVE('',#3159,(#3163,#3169),.PCURVE_S1.);
#3159 = LINE('',#3160,#3161);
#3160 = CARTESIAN_POINT('',(15.9296875,54.07509765625,8.));
#3161 = VECTOR('',#3162,1.);
#3162 = DIRECTION('',(1.,0.,-0.));
#3163 = PCURVE('',#44,#3164);
#3164 = DEFINITIONAL_REPRESENTATION('',(#3165),#3168);
#3165 = B_SPLINE_CURVE_WITH_KNOTS('',1,(#3166,#3167),.UNSPECIFIED.,.F.,
  .F.,(2,2),(15.664453125,15.9296875),.PIECEWISE_BEZIER_KNOTS.);
#3166 = CARTESIAN_POINT('',(31.594140625,54.07509765625));
#3167 = CARTESIAN_POINT('',(31.859375,54.07509765625));
#3168 = ( GEOMETRIC_REPRESENTATION_CONTEXT(2) 
PARAMETRIC_REPRESENTATION_CONTEXT() REPRESENTATION_CONTEXT('2D SPACE',''
  ) );
#3169 = PCURVE('',#3170,#3175);
#3170 = PLANE('',#3171);
#3171 = AXIS2_PLACEMENT_3D('',#3172,#3173,#3174);
#3172 = CARTESIAN_POINT('',(31.859375,54.07509765625,7.65));
#3173 = DIRECTION('',(0.,-1.,0.));
#3174 = DIRECTION('',(-1.,0.,0.));
#3175 = DEFINITIONAL_REPRESENTATION('',(#3176),#3179);
#3176 = B_SPLINE_CURVE_WITH_KNOTS('',1,(#3177,#3178),.UNSPECIFIED.,.F.,
  .F.,(2,2),(15.664453125,15.9296875),.PIECEWISE_BEZIER_KNOTS.);
#3177 = CARTESIAN_POINT('',(0.265234375,-0.35));
#3178 = CARTESIAN_POINT('',(0.,-0.35));
#3179 = ( GEOMETRIC_REPRESENTATION_CONTEXT(2) 
PARAMETRIC_REPRESENTATION_CONTEXT() REPRESENTATION_CONTEXT('2D SPACE',''
  ) );
#3180 = ORIENTED_EDGE('',*,*,#3181,.F.);
#3181 = EDGE_CURVE('',#3182,#3154,#3184,.T.);
#3182 = VERTEX_POINT('',#3183);
#3183 = CARTESIAN_POINT('',(31.594140625,56.07939453125,8.));
#3184 = SURFACE_CURVE('',#3185,(#3189,#3195),.PCURVE_S1.);
#3185 = LINE('',#3186,#3187);
#3186 = CARTESIAN_POINT('',(31.594140625,27.037548828125,8.));
#3187 = VECTOR('',#3188,1.);
#3188 = DIRECTION('',(0.,-1.,0.));
#3189 = PCURVE('',#44,#3190);
#3190 = DEFINITIONAL_REPRESENTATION('',(#3191),#3194);
#3191 = B_SPLINE_CURVE_WITH_KNOTS('',1,(#3192,#3193),.UNSPECIFIED.,.F.,
  .F.,(2,2),(-29.04184570312,-27.03754882812),.PIECEWISE_BEZIER_KNOTS.);
#3192 = CARTESIAN_POINT('',(31.594140625,56.07939453125));
#3193 = CARTESIAN_POINT('',(31.594140625,54.07509765625));
#3194 = ( GEOMETRIC_REPRESENTATION_CONTEXT(2) 
PARAMETRIC_REPRESENTATION_CONTEXT() REPRESENTATION_CONTEXT('2D SPACE',''
  ) );
#3195 = PCURVE('',#3196,#3201);
#3196 = PLANE('',#3197);
#3197 = AXIS2_PLACEMENT_3D('',#3198,#3199,#3200);
#3198 = CARTESIAN_POINT('',(31.594140625,54.07509765625,7.65));
#3199 = DIRECTION('',(-1.,0.,0.));
#3200 = DIRECTION('',(0.,1.,0.));
#3201 = DEFINITIONAL_REPRESENTATION('',(#3202),#3205);
#3202 = B_SPLINE_CURVE_WITH_KNOTS('',1,(#3203,#3204),.UNSPECIFIED.,.F.,
  .F.,(2,2),(-29.04184570312,-27.03754882812),.PIECEWISE_BEZIER_KNOTS.);
#3203 = CARTESIAN_POINT('',(2.004296875,-0.35));
#3204 = CARTESIAN_POINT('',(0.,-0.35));
#3205 = ( GEOMETRIC_REPRESENTATION_CONTEXT(2) 
PARAMETRIC_REPRESENTATION_CONTEXT() REPRESENTATION_CONTEXT('2D SPACE',''
  ) );
#3206 = ORIENTED_EDGE('',*,*,#3207,.F.);
#3207 = EDGE_CURVE('',#3208,#3182,#3210,.T.);
#3208 = VERTEX_POINT('',#3209);
#3209 = CARTESIAN_POINT('',(32.4828125,56.07939453125,8.));
#3210 = SURFACE_CURVE('',#3211,(#3215,#3221),.PCURVE_S1.);
#3211 = LINE('',#3212,#3213);
#3212 = CARTESIAN_POINT('',(15.7970703125,56.07939453125,8.));
#3213 = VECTOR('',#3214,1.);
#3214 = DIRECTION('',(-1.,0.,0.));
#3215 = PCURVE('',#44,#3216);
#3216 = DEFINITIONAL_REPRESENTATION('',(#3217),#3220);
#3217 = B_SPLINE_CURVE_WITH_KNOTS('',1,(#3218,#3219),.UNSPECIFIED.,.F.,
  .F.,(2,2),(-16.6857421875,-15.7970703125),.PIECEWISE_BEZIER_KNOTS.);
#3218 = CARTESIAN_POINT('',(32.4828125,56.07939453125));
#3219 = CARTESIAN_POINT('',(31.594140625,56.07939453125));
#3220 = ( GEOMETRIC_REPRESENTATION_CONTEXT(2) 
PARAMETRIC_REPRESENTATION_CONTEXT() REPRESENTATION_CONTEXT('2D SPACE',''
  ) );
#3221 = PCURVE('',#3222,#3227);
#3222 = PLANE('',#3223);
#3223 = AXIS2_PLACEMENT_3D('',#3224,#3225,#3226);
#3224 = CARTESIAN_POINT('',(31.594140625,56.07939453125,7.65));
#3225 = DIRECTION('',(0.,1.,0.));
#3226 = DIRECTION('',(1.,0.,0.));
#3227 = DEFINITIONAL_REPRESENTATION('',(#3228),#3231);
#3228 = B_SPLINE_CURVE_WITH_KNOTS('',1,(#3229,#3230),.UNSPECIFIED.,.F.,
  .F.,(2,2),(-16.6857421875,-15.7970703125),.PIECEWISE_BEZIER_KNOTS.);
#3229 = CARTESIAN_POINT('',(0.888671875,-0.35));
#3230 = CARTESIAN_POINT('',(0.,-0.35));
#3231 = ( GEOMETRIC_REPRESENTATION_CONTEXT(2) 
PARAMETRIC_REPRESENTATION_CONTEXT() REPRESENTATION_CONTEXT('2D SPACE',''
  ) );
#3232 = ORIENTED_EDGE('',*,*,#3233,.F.);
#3233 = EDGE_CURVE('',#3234,#3208,#3236,.T.);
#3234 = VERTEX_POINT('',#3235);
#3235 = CARTESIAN_POINT('',(32.890234375,56.025390625,8.));
#3236 = SURFACE_CURVE('',#3237,(#3245,#3256),.PCURVE_S1.);
#3237 = B_SPLINE_CURVE_WITH_KNOTS('',6,(#3238,#3239,#3240,#3241,#3242,
    #3243,#3244),.UNSPECIFIED.,.F.,.F.,(7,7),(0.,1.),
  .PIECEWISE_BEZIER_KNOTS.);
#3238 = CARTESIAN_POINT('',(32.890234375,56.025390625,8.));
#3239 = CARTESIAN_POINT('',(32.841965415834,56.04408301605,8.));
#3240 = CARTESIAN_POINT('',(32.785010622457,56.058679484791,8.));
#3241 = CARTESIAN_POINT('',(32.719923531911,56.069285927265,8.));
#3242 = CARTESIAN_POINT('',(32.647397132338,56.076109193,8.));
#3243 = CARTESIAN_POINT('',(32.568139578226,56.07939453125,8.));
#3244 = CARTESIAN_POINT('',(32.4828125,56.07939453125,8.));
#3245 = PCURVE('',#44,#3246);
#3246 = DEFINITIONAL_REPRESENTATION('',(#3247),#3255);
#3247 = B_SPLINE_CURVE_WITH_KNOTS('',6,(#3248,#3249,#3250,#3251,#3252,
    #3253,#3254),.UNSPECIFIED.,.F.,.F.,(7,7),(0.,1.),
  .PIECEWISE_BEZIER_KNOTS.);
#3248 = CARTESIAN_POINT('',(32.890234375,56.025390625));
#3249 = CARTESIAN_POINT('',(32.841965415834,56.04408301605));
#3250 = CARTESIAN_POINT('',(32.785010622457,56.058679484791));
#3251 = CARTESIAN_POINT('',(32.719923531911,56.069285927265));
#3252 = CARTESIAN_POINT('',(32.647397132338,56.076109193));
#3253 = CARTESIAN_POINT('',(32.568139578226,56.07939453125));
#3254 = CARTESIAN_POINT('',(32.4828125,56.07939453125));
#3255 = ( GEOMETRIC_REPRESENTATION_CONTEXT(2) 
PARAMETRIC_REPRESENTATION_CONTEXT() REPRESENTATION_CONTEXT('2D SPACE',''
  ) );
#3256 = PCURVE('',#3257,#3264);
#3257 = SURFACE_OF_LINEAR_EXTRUSION('',#3258,#3262);
#3258 = B_SPLINE_CURVE_WITH_KNOTS('',2,(#3259,#3260,#3261),
  .UNSPECIFIED.,.F.,.F.,(3,3),(0.,1.),.PIECEWISE_BEZIER_KNOTS.);
#3259 = CARTESIAN_POINT('',(32.4828125,56.07939453125,7.65));
#3260 = CARTESIAN_POINT('',(32.75078125,56.07939453125,7.65));
#3261 = CARTESIAN_POINT('',(32.890234375,56.025390625,7.65));
#3262 = VECTOR('',#3263,1.);
#3263 = DIRECTION('',(-0.,-0.,-1.));
#3264 = DEFINITIONAL_REPRESENTATION('',(#3265),#3273);
#3265 = B_SPLINE_CURVE_WITH_KNOTS('',6,(#3266,#3267,#3268,#3269,#3270,
    #3271,#3272),.UNSPECIFIED.,.F.,.F.,(7,7),(0.,1.),
  .PIECEWISE_BEZIER_KNOTS.);
#3266 = CARTESIAN_POINT('',(1.,-0.35));
#3267 = CARTESIAN_POINT('',(0.826934824279,-0.35));
#3268 = CARTESIAN_POINT('',(0.655850148039,-0.35));
#3269 = CARTESIAN_POINT('',(0.487308595226,-0.35));
#3270 = CARTESIAN_POINT('',(0.321684721895,-0.35));
#3271 = CARTESIAN_POINT('',(0.159210874823,-0.35));
#3272 = CARTESIAN_POINT('',(0.,-0.35));
#3273 = ( GEOMETRIC_REPRESENTATION_CONTEXT(2) 
PARAMETRIC_REPRESENTATION_CONTEXT() REPRESENTATION_CONTEXT('2D SPACE',''
  ) );
#3274 = ORIENTED_EDGE('',*,*,#3275,.F.);
#3275 = EDGE_CURVE('',#3276,#3234,#3278,.T.);
#3276 = VERTEX_POINT('',#3277);
#3277 = CARTESIAN_POINT('',(33.1130859375,55.83466796875,8.));
#3278 = SURFACE_CURVE('',#3279,(#3288,#3300),.PCURVE_S1.);
#3279 = B_SPLINE_CURVE_WITH_KNOTS('',4,(#3280,#3281,#3282,#3283,#3284,
    #3285,#3286,#3287),.UNSPECIFIED.,.F.,.F.,(5,3,5),(0.,0.663450132367,
    1.),.UNSPECIFIED.);
#3280 = CARTESIAN_POINT('',(33.1130859375,55.83466796875,8.));
#3281 = CARTESIAN_POINT('',(33.085587103565,55.879748024382,8.));
#3282 = CARTESIAN_POINT('',(33.053879852753,55.919072482484,8.));
#3283 = CARTESIAN_POINT('',(33.017934383579,55.952381880505,8.));
#3284 = CARTESIAN_POINT('',(32.957530933224,55.993404209486,8.));
#3285 = CARTESIAN_POINT('',(32.936139542761,56.005642563435,8.));
#3286 = CARTESIAN_POINT('',(32.913699799099,56.016303524491,8.));
#3287 = CARTESIAN_POINT('',(32.890234375,56.025390625,8.));
#3288 = PCURVE('',#44,#3289);
#3289 = DEFINITIONAL_REPRESENTATION('',(#3290),#3299);
#3290 = B_SPLINE_CURVE_WITH_KNOTS('',4,(#3291,#3292,#3293,#3294,#3295,
    #3296,#3297,#3298),.UNSPECIFIED.,.F.,.F.,(5,3,5),(0.,0.663450132367,
    1.),.UNSPECIFIED.);
#3291 = CARTESIAN_POINT('',(33.1130859375,55.83466796875));
#3292 = CARTESIAN_POINT('',(33.085587103565,55.879748024382));
#3293 = CARTESIAN_POINT('',(33.053879852753,55.919072482484));
#3294 = CARTESIAN_POINT('',(33.017934383579,55.952381880505));
#3295 = CARTESIAN_POINT('',(32.957530933224,55.993404209486));
#3296 = CARTESIAN_POINT('',(32.936139542761,56.005642563435));
#3297 = CARTESIAN_POINT('',(32.913699799099,56.016303524491));
#3298 = CARTESIAN_POINT('',(32.890234375,56.025390625));
#3299 = ( GEOMETRIC_REPRESENTATION_CONTEXT(2) 
PARAMETRIC_REPRESENTATION_CONTEXT() REPRESENTATION_CONTEXT('2D SPACE',''
  ) );
#3300 = PCURVE('',#3301,#3308);
#3301 = SURFACE_OF_LINEAR_EXTRUSION('',#3302,#3306);
#3302 = B_SPLINE_CURVE_WITH_KNOTS('',2,(#3303,#3304,#3305),
  .UNSPECIFIED.,.F.,.F.,(3,3),(0.,1.),.PIECEWISE_BEZIER_KNOTS.);
#3303 = CARTESIAN_POINT('',(32.890234375,56.025390625,7.65));
#3304 = CARTESIAN_POINT('',(33.0296875,55.97138671875,7.65));
#3305 = CARTESIAN_POINT('',(33.1130859375,55.83466796875,7.65));
#3306 = VECTOR('',#3307,1.);
#3307 = DIRECTION('',(-0.,-0.,-1.));
#3308 = DEFINITIONAL_REPRESENTATION('',(#3309),#3318);
#3309 = B_SPLINE_CURVE_WITH_KNOTS('',4,(#3310,#3311,#3312,#3313,#3314,
    #3315,#3316,#3317),.UNSPECIFIED.,.F.,.F.,(5,3,5),(0.,0.663450132367,
    1.),.UNSPECIFIED.);
#3310 = CARTESIAN_POINT('',(1.,-0.35));
#3311 = CARTESIAN_POINT('',(0.835135796547,-0.35));
#3312 = CARTESIAN_POINT('',(0.669397046455,-0.35));
#3313 = CARTESIAN_POINT('',(0.503198495436,-0.35));
#3314 = CARTESIAN_POINT('',(0.252692108704,-0.35));
#3315 = CARTESIAN_POINT('',(0.168383634367,-0.35));
#3316 = CARTESIAN_POINT('',(8.413373346374E-02,-0.35));
#3317 = CARTESIAN_POINT('',(0.,-0.35));
#3318 = ( GEOMETRIC_REPRESENTATION_CONTEXT(2) 
PARAMETRIC_REPRESENTATION_CONTEXT() REPRESENTATION_CONTEXT('2D SPACE',''
  ) );
#3319 = ORIENTED_EDGE('',*,*,#3320,.F.);
#3320 = EDGE_CURVE('',#3321,#3276,#3323,.T.);
#3321 = VERTEX_POINT('',#3322);
#3322 = CARTESIAN_POINT('',(33.196484375,55.53251953125,8.));
#3323 = SURFACE_CURVE('',#3324,(#3331,#3341),.PCURVE_S1.);
#3324 = B_SPLINE_CURVE_WITH_KNOTS('',5,(#3325,#3326,#3327,#3328,#3329,
    #3330),.UNSPECIFIED.,.F.,.F.,(6,6),(0.,1.),
  .PIECEWISE_BEZIER_KNOTS.);
#3325 = CARTESIAN_POINT('',(33.196484375,55.53251953125,8.));
#3326 = CARTESIAN_POINT('',(33.196484375,55.59843312316,8.));
#3327 = CARTESIAN_POINT('',(33.18820954836,55.661781233478,8.));
#3328 = CARTESIAN_POINT('',(33.171517414032,55.722362251191,8.));
#3329 = CARTESIAN_POINT('',(33.146418606187,55.780024249591,8.));
#3330 = CARTESIAN_POINT('',(33.1130859375,55.83466796875,8.));
#3331 = PCURVE('',#44,#3332);
#3332 = DEFINITIONAL_REPRESENTATION('',(#3333),#3340);
#3333 = B_SPLINE_CURVE_WITH_KNOTS('',5,(#3334,#3335,#3336,#3337,#3338,
    #3339),.UNSPECIFIED.,.F.,.F.,(6,6),(0.,1.),
  .PIECEWISE_BEZIER_KNOTS.);
#3334 = CARTESIAN_POINT('',(33.196484375,55.53251953125));
#3335 = CARTESIAN_POINT('',(33.196484375,55.59843312316));
#3336 = CARTESIAN_POINT('',(33.18820954836,55.661781233478));
#3337 = CARTESIAN_POINT('',(33.171517414032,55.722362251191));
#3338 = CARTESIAN_POINT('',(33.146418606187,55.780024249591));
#3339 = CARTESIAN_POINT('',(33.1130859375,55.83466796875));
#3340 = ( GEOMETRIC_REPRESENTATION_CONTEXT(2) 
PARAMETRIC_REPRESENTATION_CONTEXT() REPRESENTATION_CONTEXT('2D SPACE',''
  ) );
#3341 = PCURVE('',#3342,#3349);
#3342 = SURFACE_OF_LINEAR_EXTRUSION('',#3343,#3347);
#3343 = B_SPLINE_CURVE_WITH_KNOTS('',2,(#3344,#3345,#3346),
  .UNSPECIFIED.,.F.,.F.,(3,3),(0.,1.),.PIECEWISE_BEZIER_KNOTS.);
#3344 = CARTESIAN_POINT('',(33.1130859375,55.83466796875,7.65));
#3345 = CARTESIAN_POINT('',(33.196484375,55.69794921875,7.65));
#3346 = CARTESIAN_POINT('',(33.196484375,55.53251953125,7.65));
#3347 = VECTOR('',#3348,1.);
#3348 = DIRECTION('',(-0.,-0.,-1.));
#3349 = DEFINITIONAL_REPRESENTATION('',(#3350),#3357);
#3350 = B_SPLINE_CURVE_WITH_KNOTS('',5,(#3351,#3352,#3353,#3354,#3355,
    #3356),.UNSPECIFIED.,.F.,.F.,(6,6),(0.,1.),
  .PIECEWISE_BEZIER_KNOTS.);
#3351 = CARTESIAN_POINT('',(1.,-0.35));
#3352 = CARTESIAN_POINT('',(0.800780643105,-0.35));
#3353 = CARTESIAN_POINT('',(0.600705245124,-0.35));
#3354 = CARTESIAN_POINT('',(0.400234908789,-0.35));
#3355 = CARTESIAN_POINT('',(0.19983988721,-0.35));
#3356 = CARTESIAN_POINT('',(0.,-0.35));
#3357 = ( GEOMETRIC_REPRESENTATION_CONTEXT(2) 
PARAMETRIC_REPRESENTATION_CONTEXT() REPRESENTATION_CONTEXT('2D SPACE',''
  ) );
#3358 = ORIENTED_EDGE('',*,*,#3359,.F.);
#3359 = EDGE_CURVE('',#3360,#3321,#3362,.T.);
#3360 = VERTEX_POINT('',#3361);
#3361 = CARTESIAN_POINT('',(33.0583984375,55.17294921875,8.));
#3362 = SURFACE_CURVE('',#3363,(#3374,#3388),.PCURVE_S1.);
#3363 = B_SPLINE_CURVE_WITH_KNOTS('',5,(#3364,#3365,#3366,#3367,#3368,
    #3369,#3370,#3371,#3372,#3373),.UNSPECIFIED.,.F.,.F.,(6,4,6),(0.,
    0.39231384036,1.),.UNSPECIFIED.);
#3364 = CARTESIAN_POINT('',(33.0583984375,55.17294921875,8.));
#3365 = CARTESIAN_POINT('',(33.08001450718,55.195849411382,8.));
#3366 = CARTESIAN_POINT('',(33.099583430153,55.219847215623,8.));
#3367 = CARTESIAN_POINT('',(33.117056673705,55.244932749893,8.));
#3368 = CARTESIAN_POINT('',(33.132402656666,55.27108649582,8.));
#3369 = CARTESIAN_POINT('',(33.166059620529,55.340400396133,8.));
#3370 = CARTESIAN_POINT('',(33.181374478357,55.385016159583,8.));
#3371 = CARTESIAN_POINT('',(33.191496327208,55.432015548204,8.));
#3372 = CARTESIAN_POINT('',(33.196484375,55.481244754011,8.));
#3373 = CARTESIAN_POINT('',(33.196484375,55.53251953125,8.));
#3374 = PCURVE('',#44,#3375);
#3375 = DEFINITIONAL_REPRESENTATION('',(#3376),#3387);
#3376 = B_SPLINE_CURVE_WITH_KNOTS('',5,(#3377,#3378,#3379,#3380,#3381,
    #3382,#3383,#3384,#3385,#3386),.UNSPECIFIED.,.F.,.F.,(6,4,6),(0.,
    0.39231384036,1.),.UNSPECIFIED.);
#3377 = CARTESIAN_POINT('',(33.0583984375,55.17294921875));
#3378 = CARTESIAN_POINT('',(33.08001450718,55.195849411382));
#3379 = CARTESIAN_POINT('',(33.099583430153,55.219847215623));
#3380 = CARTESIAN_POINT('',(33.117056673705,55.244932749893));
#3381 = CARTESIAN_POINT('',(33.132402656666,55.27108649582));
#3382 = CARTESIAN_POINT('',(33.166059620529,55.340400396133));
#3383 = CARTESIAN_POINT('',(33.181374478357,55.385016159583));
#3384 = CARTESIAN_POINT('',(33.191496327208,55.432015548204));
#3385 = CARTESIAN_POINT('',(33.196484375,55.481244754011));
#3386 = CARTESIAN_POINT('',(33.196484375,55.53251953125));
#3387 = ( GEOMETRIC_REPRESENTATION_CONTEXT(2) 
PARAMETRIC_REPRESENTATION_CONTEXT() REPRESENTATION_CONTEXT('2D SPACE',''
  ) );
#3388 = PCURVE('',#3389,#3396);
#3389 = SURFACE_OF_LINEAR_EXTRUSION('',#3390,#3394);
#3390 = B_SPLINE_CURVE_WITH_KNOTS('',2,(#3391,#3392,#3393),
  .UNSPECIFIED.,.F.,.F.,(3,3),(0.,1.),.PIECEWISE_BEZIER_KNOTS.);
#3391 = CARTESIAN_POINT('',(33.196484375,55.53251953125,7.65));
#3392 = CARTESIAN_POINT('',(33.196484375,55.31923828125,7.65));
#3393 = CARTESIAN_POINT('',(33.0583984375,55.17294921875,7.65));
#3394 = VECTOR('',#3395,1.);
#3395 = DIRECTION('',(-0.,-0.,-1.));
#3396 = DEFINITIONAL_REPRESENTATION('',(#3397),#3408);
#3397 = B_SPLINE_CURVE_WITH_KNOTS('',5,(#3398,#3399,#3400,#3401,#3402,
    #3403,#3404,#3405,#3406,#3407),.UNSPECIFIED.,.F.,.F.,(6,4,6),(0.,
    0.39231384036,1.),.UNSPECIFIED.);
#3398 = CARTESIAN_POINT('',(1.,-0.35));
#3399 = CARTESIAN_POINT('',(0.921729648682,-0.35));
#3400 = CARTESIAN_POINT('',(0.843214452999,-0.35));
#3401 = CARTESIAN_POINT('',(0.764532776976,-0.35));
#3402 = CARTESIAN_POINT('',(0.685766296636,-0.35));
#3403 = CARTESIAN_POINT('',(0.4849926085,-0.35));
#3404 = CARTESIAN_POINT('',(0.362980607959,-0.35));
#3405 = CARTESIAN_POINT('',(0.241286861888,-0.35));
#3406 = CARTESIAN_POINT('',(0.120204605981,-0.35));
#3407 = CARTESIAN_POINT('',(0.,-0.35));
#3408 = ( GEOMETRIC_REPRESENTATION_CONTEXT(2) 
PARAMETRIC_REPRESENTATION_CONTEXT() REPRESENTATION_CONTEXT('2D SPACE',''
  ) );
#3409 = ORIENTED_EDGE('',*,*,#3410,.F.);
#3410 = EDGE_CURVE('',#3411,#3360,#3413,.T.);
#3411 = VERTEX_POINT('',#3412);
#3412 = CARTESIAN_POINT('',(32.6318359375,54.98701171875,8.));
#3413 = SURFACE_CURVE('',#3414,(#3422,#3433),.PCURVE_S1.);
#3414 = B_SPLINE_CURVE_WITH_KNOTS('',6,(#3415,#3416,#3417,#3418,#3419,
    #3420,#3421),.UNSPECIFIED.,.F.,.F.,(7,7),(0.,1.),
  .PIECEWISE_BEZIER_KNOTS.);
#3415 = CARTESIAN_POINT('',(32.6318359375,54.98701171875,8.));
#3416 = CARTESIAN_POINT('',(32.723880125344,54.999662341724,8.));
#3417 = CARTESIAN_POINT('',(32.808829448059,55.019114417859,8.));
#3418 = CARTESIAN_POINT('',(32.885658879659,55.045889544045,8.));
#3419 = CARTESIAN_POINT('',(32.953361162471,55.080400982402,8.));
#3420 = CARTESIAN_POINT('',(33.011092238344,55.122832750337,8.));
#3421 = CARTESIAN_POINT('',(33.0583984375,55.17294921875,8.));
#3422 = PCURVE('',#44,#3423);
#3423 = DEFINITIONAL_REPRESENTATION('',(#3424),#3432);
#3424 = B_SPLINE_CURVE_WITH_KNOTS('',6,(#3425,#3426,#3427,#3428,#3429,
    #3430,#3431),.UNSPECIFIED.,.F.,.F.,(7,7),(0.,1.),
  .PIECEWISE_BEZIER_KNOTS.);
#3425 = CARTESIAN_POINT('',(32.6318359375,54.98701171875));
#3426 = CARTESIAN_POINT('',(32.723880125344,54.999662341724));
#3427 = CARTESIAN_POINT('',(32.808829448059,55.019114417859));
#3428 = CARTESIAN_POINT('',(32.885658879659,55.045889544045));
#3429 = CARTESIAN_POINT('',(32.953361162471,55.080400982402));
#3430 = CARTESIAN_POINT('',(33.011092238344,55.122832750337));
#3431 = CARTESIAN_POINT('',(33.0583984375,55.17294921875));
#3432 = ( GEOMETRIC_REPRESENTATION_CONTEXT(2) 
PARAMETRIC_REPRESENTATION_CONTEXT() REPRESENTATION_CONTEXT('2D SPACE',''
  ) );
#3433 = PCURVE('',#3434,#3441);
#3434 = SURFACE_OF_LINEAR_EXTRUSION('',#3435,#3439);
#3435 = B_SPLINE_CURVE_WITH_KNOTS('',2,(#3436,#3437,#3438),
  .UNSPECIFIED.,.F.,.F.,(3,3),(0.,1.),.PIECEWISE_BEZIER_KNOTS.);
#3436 = CARTESIAN_POINT('',(33.0583984375,55.17294921875,7.65));
#3437 = CARTESIAN_POINT('',(32.9203125,55.02666015625,7.65));
#3438 = CARTESIAN_POINT('',(32.6318359375,54.98701171875,7.65));
#3439 = VECTOR('',#3440,1.);
#3440 = DIRECTION('',(-0.,-0.,-1.));
#3441 = DEFINITIONAL_REPRESENTATION('',(#3442),#3450);
#3442 = B_SPLINE_CURVE_WITH_KNOTS('',6,(#3443,#3444,#3445,#3446,#3447,
    #3448,#3449),.UNSPECIFIED.,.F.,.F.,(7,7),(0.,1.),
  .PIECEWISE_BEZIER_KNOTS.);
#3443 = CARTESIAN_POINT('',(1.,-0.35));
#3444 = CARTESIAN_POINT('',(0.840465050182,-0.35));
#3445 = CARTESIAN_POINT('',(0.677304965555,-0.35));
#3446 = CARTESIAN_POINT('',(0.510939967039,-0.35));
#3447 = CARTESIAN_POINT('',(0.341986290378,-0.35));
#3448 = CARTESIAN_POINT('',(0.171292602319,-0.35));
#3449 = CARTESIAN_POINT('',(0.,-0.35));
#3450 = ( GEOMETRIC_REPRESENTATION_CONTEXT(2) 
PARAMETRIC_REPRESENTATION_CONTEXT() REPRESENTATION_CONTEXT('2D SPACE',''
  ) );
#3451 = ORIENTED_EDGE('',*,*,#3452,.F.);
#3452 = EDGE_CURVE('',#3453,#3411,#3455,.T.);
#3453 = VERTEX_POINT('',#3454);
#3454 = CARTESIAN_POINT('',(32.791796875,54.88720703125,8.));
#3455 = SURFACE_CURVE('',#3456,(#3463,#3473),.PCURVE_S1.);
#3456 = B_SPLINE_CURVE_WITH_KNOTS('',5,(#3457,#3458,#3459,#3460,#3461,
    #3462),.UNSPECIFIED.,.F.,.F.,(6,6),(0.,1.),
  .PIECEWISE_BEZIER_KNOTS.);
#3457 = CARTESIAN_POINT('',(32.791796875,54.88720703125,8.));
#3458 = CARTESIAN_POINT('',(32.76976478546,54.907035911836,8.));
#3459 = CARTESIAN_POINT('',(32.742662670254,54.926948145425,8.));
#3460 = CARTESIAN_POINT('',(32.710565779579,54.946926024057,8.));
#3461 = CARTESIAN_POINT('',(32.673580620466,54.966952585377,8.));
#3462 = CARTESIAN_POINT('',(32.6318359375,54.98701171875,8.));
#3463 = PCURVE('',#44,#3464);
#3464 = DEFINITIONAL_REPRESENTATION('',(#3465),#3472);
#3465 = B_SPLINE_CURVE_WITH_KNOTS('',5,(#3466,#3467,#3468,#3469,#3470,
    #3471),.UNSPECIFIED.,.F.,.F.,(6,6),(0.,1.),
  .PIECEWISE_BEZIER_KNOTS.);
#3466 = CARTESIAN_POINT('',(32.791796875,54.88720703125));
#3467 = CARTESIAN_POINT('',(32.76976478546,54.907035911836));
#3468 = CARTESIAN_POINT('',(32.742662670254,54.926948145425));
#3469 = CARTESIAN_POINT('',(32.710565779579,54.946926024057));
#3470 = CARTESIAN_POINT('',(32.673580620466,54.966952585377));
#3471 = CARTESIAN_POINT('',(32.6318359375,54.98701171875));
#3472 = ( GEOMETRIC_REPRESENTATION_CONTEXT(2) 
PARAMETRIC_REPRESENTATION_CONTEXT() REPRESENTATION_CONTEXT('2D SPACE',''
  ) );
#3473 = PCURVE('',#3474,#3481);
#3474 = SURFACE_OF_LINEAR_EXTRUSION('',#3475,#3479);
#3475 = B_SPLINE_CURVE_WITH_KNOTS('',2,(#3476,#3477,#3478),
  .UNSPECIFIED.,.F.,.F.,(3,3),(0.,1.),.PIECEWISE_BEZIER_KNOTS.);
#3476 = CARTESIAN_POINT('',(32.6318359375,54.98701171875,7.65));
#3477 = CARTESIAN_POINT('',(32.737109375,54.93642578125,7.65));
#3478 = CARTESIAN_POINT('',(32.791796875,54.88720703125,7.65));
#3479 = VECTOR('',#3480,1.);
#3480 = DIRECTION('',(-0.,-0.,-1.));
#3481 = DEFINITIONAL_REPRESENTATION('',(#3482),#3489);
#3482 = B_SPLINE_CURVE_WITH_KNOTS('',5,(#3483,#3484,#3485,#3486,#3487,
    #3488),.UNSPECIFIED.,.F.,.F.,(6,6),(0.,1.),
  .PIECEWISE_BEZIER_KNOTS.);
#3483 = CARTESIAN_POINT('',(1.,-0.35));
#3484 = CARTESIAN_POINT('',(0.798563752776,-0.35));
#3485 = CARTESIAN_POINT('',(0.597689653855,-0.35));
#3486 = CARTESIAN_POINT('',(0.397541862624,-0.35));
#3487 = CARTESIAN_POINT('',(0.19826788199,-0.35));
#3488 = CARTESIAN_POINT('',(0.,-0.35));
#3489 = ( GEOMETRIC_REPRESENTATION_CONTEXT(2) 
PARAMETRIC_REPRESENTATION_CONTEXT() REPRESENTATION_CONTEXT('2D SPACE',''
  ) );
#3490 = ORIENTED_EDGE('',*,*,#3491,.F.);
#3491 = EDGE_CURVE('',#3492,#3453,#3494,.T.);
#3492 = VERTEX_POINT('',#3493);
#3493 = CARTESIAN_POINT('',(33.0119140625,54.62060546875,8.));
#3494 = SURFACE_CURVE('',#3495,(#3502,#3512),.PCURVE_S1.);
#3495 = B_SPLINE_CURVE_WITH_KNOTS('',5,(#3496,#3497,#3498,#3499,#3500,
    #3501),.UNSPECIFIED.,.F.,.F.,(6,6),(0.,1.),
  .PIECEWISE_BEZIER_KNOTS.);
#3496 = CARTESIAN_POINT('',(33.0119140625,54.62060546875,8.));
#3497 = CARTESIAN_POINT('',(32.970808532138,54.683886351019,8.));
#3498 = CARTESIAN_POINT('',(32.928241985526,54.742348144829,8.));
#3499 = CARTESIAN_POINT('',(32.88421108336,54.795818963462,8.));
#3500 = CARTESIAN_POINT('',(32.838722572061,54.844145803358,8.));
#3501 = CARTESIAN_POINT('',(32.791796875,54.88720703125,8.));
#3502 = PCURVE('',#44,#3503);
#3503 = DEFINITIONAL_REPRESENTATION('',(#3504),#3511);
#3504 = B_SPLINE_CURVE_WITH_KNOTS('',5,(#3505,#3506,#3507,#3508,#3509,
    #3510),.UNSPECIFIED.,.F.,.F.,(6,6),(0.,1.),
  .PIECEWISE_BEZIER_KNOTS.);
#3505 = CARTESIAN_POINT('',(33.0119140625,54.62060546875));
#3506 = CARTESIAN_POINT('',(32.970808532138,54.683886351019));
#3507 = CARTESIAN_POINT('',(32.928241985526,54.742348144829));
#3508 = CARTESIAN_POINT('',(32.88421108336,54.795818963462));
#3509 = CARTESIAN_POINT('',(32.838722572061,54.844145803358));
#3510 = CARTESIAN_POINT('',(32.791796875,54.88720703125));
#3511 = ( GEOMETRIC_REPRESENTATION_CONTEXT(2) 
PARAMETRIC_REPRESENTATION_CONTEXT() REPRESENTATION_CONTEXT('2D SPACE',''
  ) );
#3512 = PCURVE('',#3513,#3520);
#3513 = SURFACE_OF_LINEAR_EXTRUSION('',#3514,#3518);
#3514 = B_SPLINE_CURVE_WITH_KNOTS('',2,(#3515,#3516,#3517),
  .UNSPECIFIED.,.F.,.F.,(3,3),(0.,1.),.PIECEWISE_BEZIER_KNOTS.);
#3515 = CARTESIAN_POINT('',(32.791796875,54.88720703125,7.65));
#3516 = CARTESIAN_POINT('',(32.9080078125,54.78056640625,7.65));
#3517 = CARTESIAN_POINT('',(33.0119140625,54.62060546875,7.65));
#3518 = VECTOR('',#3519,1.);
#3519 = DIRECTION('',(-0.,-0.,-1.));
#3520 = DEFINITIONAL_REPRESENTATION('',(#3521),#3528);
#3521 = B_SPLINE_CURVE_WITH_KNOTS('',5,(#3522,#3523,#3524,#3525,#3526,
    #3527),.UNSPECIFIED.,.F.,.F.,(6,6),(0.,1.),
  .PIECEWISE_BEZIER_KNOTS.);
#3522 = CARTESIAN_POINT('',(1.,-0.35));
#3523 = CARTESIAN_POINT('',(0.802198951639,-0.35));
#3524 = CARTESIAN_POINT('',(0.603159023366,-0.35));
#3525 = CARTESIAN_POINT('',(0.403009198211,-0.35));
#3526 = CARTESIAN_POINT('',(0.201898797441,-0.35));
#3527 = CARTESIAN_POINT('',(0.,-0.35));
#3528 = ( GEOMETRIC_REPRESENTATION_CONTEXT(2) 
PARAMETRIC_REPRESENTATION_CONTEXT() REPRESENTATION_CONTEXT('2D SPACE',''
  ) );
#3529 = ORIENTED_EDGE('',*,*,#3530,.F.);
#3530 = EDGE_CURVE('',#3531,#3492,#3533,.T.);
#3531 = VERTEX_POINT('',#3532);
#3532 = CARTESIAN_POINT('',(33.360546875,54.07509765625,8.));
#3533 = SURFACE_CURVE('',#3534,(#3538,#3544),.PCURVE_S1.);
#3534 = LINE('',#3535,#3536);
#3535 = CARTESIAN_POINT('',(40.617574850062,42.71998329527,8.));
#3536 = VECTOR('',#3537,1.);
#3537 = DIRECTION('',(-0.538514244673,0.84261640637,0.));
#3538 = PCURVE('',#44,#3539);
#3539 = DEFINITIONAL_REPRESENTATION('',(#3540),#3543);
#3540 = B_SPLINE_CURVE_WITH_KNOTS('',1,(#3541,#3542),.UNSPECIFIED.,.F.,
  .F.,(2,2),(13.476018595333,14.123416163641),.PIECEWISE_BEZIER_KNOTS.);
#3541 = CARTESIAN_POINT('',(33.360546875,54.07509765625));
#3542 = CARTESIAN_POINT('',(33.0119140625,54.62060546875));
#3543 = ( GEOMETRIC_REPRESENTATION_CONTEXT(2) 
PARAMETRIC_REPRESENTATION_CONTEXT() REPRESENTATION_CONTEXT('2D SPACE',''
  ) );
#3544 = PCURVE('',#3545,#3550);
#3545 = PLANE('',#3546);
#3546 = AXIS2_PLACEMENT_3D('',#3547,#3548,#3549);
#3547 = CARTESIAN_POINT('',(33.0119140625,54.62060546875,7.65));
#3548 = DIRECTION('',(0.84261640637,0.538514244673,0.));
#3549 = DIRECTION('',(0.538514244673,-0.84261640637,0.));
#3550 = DEFINITIONAL_REPRESENTATION('',(#3551),#3554);
#3551 = B_SPLINE_CURVE_WITH_KNOTS('',1,(#3552,#3553),.UNSPECIFIED.,.F.,
  .F.,(2,2),(13.476018595333,14.123416163641),.PIECEWISE_BEZIER_KNOTS.);
#3552 = CARTESIAN_POINT('',(0.647397568307,-0.35));
#3553 = CARTESIAN_POINT('',(0.,-0.35));
#3554 = ( GEOMETRIC_REPRESENTATION_CONTEXT(2) 
PARAMETRIC_REPRESENTATION_CONTEXT() REPRESENTATION_CONTEXT('2D SPACE',''
  ) );
#3555 = ORIENTED_EDGE('',*,*,#3556,.F.);
#3556 = EDGE_CURVE('',#3557,#3531,#3559,.T.);
#3557 = VERTEX_POINT('',#3558);
#3558 = CARTESIAN_POINT('',(33.026953125,54.07509765625,8.));
#3559 = SURFACE_CURVE('',#3560,(#3564,#3570),.PCURVE_S1.);
#3560 = LINE('',#3561,#3562);
#3561 = CARTESIAN_POINT('',(16.6802734375,54.07509765625,8.));
#3562 = VECTOR('',#3563,1.);
#3563 = DIRECTION('',(1.,0.,-0.));
#3564 = PCURVE('',#44,#3565);
#3565 = DEFINITIONAL_REPRESENTATION('',(#3566),#3569);
#3566 = B_SPLINE_CURVE_WITH_KNOTS('',1,(#3567,#3568),.UNSPECIFIED.,.F.,
  .F.,(2,2),(16.3466796875,16.6802734375),.PIECEWISE_BEZIER_KNOTS.);
#3567 = CARTESIAN_POINT('',(33.026953125,54.07509765625));
#3568 = CARTESIAN_POINT('',(33.360546875,54.07509765625));
#3569 = ( GEOMETRIC_REPRESENTATION_CONTEXT(2) 
PARAMETRIC_REPRESENTATION_CONTEXT() REPRESENTATION_CONTEXT('2D SPACE',''
  ) );
#3570 = PCURVE('',#3571,#3576);
#3571 = PLANE('',#3572);
#3572 = AXIS2_PLACEMENT_3D('',#3573,#3574,#3575);
#3573 = CARTESIAN_POINT('',(33.360546875,54.07509765625,7.65));
#3574 = DIRECTION('',(0.,-1.,0.));
#3575 = DIRECTION('',(-1.,0.,0.));
#3576 = DEFINITIONAL_REPRESENTATION('',(#3577),#3580);
#3577 = B_SPLINE_CURVE_WITH_KNOTS('',1,(#3578,#3579),.UNSPECIFIED.,.F.,
  .F.,(2,2),(16.3466796875,16.6802734375),.PIECEWISE_BEZIER_KNOTS.);
#3578 = CARTESIAN_POINT('',(0.33359375,-0.35));
#3579 = CARTESIAN_POINT('',(0.,-0.35));
#3580 = ( GEOMETRIC_REPRESENTATION_CONTEXT(2) 
PARAMETRIC_REPRESENTATION_CONTEXT() REPRESENTATION_CONTEXT('2D SPACE',''
  ) );
#3581 = ORIENTED_EDGE('',*,*,#3582,.F.);
#3582 = EDGE_CURVE('',#3583,#3557,#3585,.T.);
#3583 = VERTEX_POINT('',#3584);
#3584 = CARTESIAN_POINT('',(32.76171875,54.49208984375,8.));
#3585 = SURFACE_CURVE('',#3586,(#3590,#3596),.PCURVE_S1.);
#3586 = LINE('',#3587,#3588);
#3587 = CARTESIAN_POINT('',(40.514348447659,42.303677174751,8.));
#3588 = VECTOR('',#3589,1.);
#3589 = DIRECTION('',(0.536696472795,-0.843775382486,0.));
#3590 = PCURVE('',#44,#3591);
#3591 = DEFINITIONAL_REPRESENTATION('',(#3592),#3595);
#3592 = B_SPLINE_CURVE_WITH_KNOTS('',1,(#3593,#3594),.UNSPECIFIED.,.F.,
  .F.,(2,2),(-14.4450915753,-13.95089347927),.PIECEWISE_BEZIER_KNOTS.);
#3593 = CARTESIAN_POINT('',(32.76171875,54.49208984375));
#3594 = CARTESIAN_POINT('',(33.026953125,54.07509765625));
#3595 = ( GEOMETRIC_REPRESENTATION_CONTEXT(2) 
PARAMETRIC_REPRESENTATION_CONTEXT() REPRESENTATION_CONTEXT('2D SPACE',''
  ) );
#3596 = PCURVE('',#3597,#3602);
#3597 = PLANE('',#3598);
#3598 = AXIS2_PLACEMENT_3D('',#3599,#3600,#3601);
#3599 = CARTESIAN_POINT('',(33.026953125,54.07509765625,7.65));
#3600 = DIRECTION('',(-0.843775382486,-0.536696472795,0.));
#3601 = DIRECTION('',(-0.536696472795,0.843775382486,0.));
#3602 = DEFINITIONAL_REPRESENTATION('',(#3603),#3606);
#3603 = B_SPLINE_CURVE_WITH_KNOTS('',1,(#3604,#3605),.UNSPECIFIED.,.F.,
  .F.,(2,2),(-14.4450915753,-13.95089347927),.PIECEWISE_BEZIER_KNOTS.);
#3604 = CARTESIAN_POINT('',(0.494198096028,-0.35));
#3605 = CARTESIAN_POINT('',(0.,-0.35));
#3606 = ( GEOMETRIC_REPRESENTATION_CONTEXT(2) 
PARAMETRIC_REPRESENTATION_CONTEXT() REPRESENTATION_CONTEXT('2D SPACE',''
  ) );
#3607 = ORIENTED_EDGE('',*,*,#3608,.F.);
#3608 = EDGE_CURVE('',#3609,#3583,#3611,.T.);
#3609 = VERTEX_POINT('',#3610);
#3610 = CARTESIAN_POINT('',(32.5703125,54.76826171875,8.));
#3611 = SURFACE_CURVE('',#3612,(#3619,#3629),.PCURVE_S1.);
#3612 = B_SPLINE_CURVE_WITH_KNOTS('',5,(#3613,#3614,#3615,#3616,#3617,
    #3618),.UNSPECIFIED.,.F.,.F.,(6,6),(0.,1.),
  .PIECEWISE_BEZIER_KNOTS.);
#3613 = CARTESIAN_POINT('',(32.5703125,54.76826171875,8.));
#3614 = CARTESIAN_POINT('',(32.601179864225,54.728975982464,8.));
#3615 = CARTESIAN_POINT('',(32.636032227186,54.68118881507,8.));
#3616 = CARTESIAN_POINT('',(32.67460940112,54.625380693795,8.));
#3617 = CARTESIAN_POINT('',(32.716603498122,54.562151176077,8.));
#3618 = CARTESIAN_POINT('',(32.76171875,54.49208984375,8.));
#3619 = PCURVE('',#44,#3620);
#3620 = DEFINITIONAL_REPRESENTATION('',(#3621),#3628);
#3621 = B_SPLINE_CURVE_WITH_KNOTS('',5,(#3622,#3623,#3624,#3625,#3626,
    #3627),.UNSPECIFIED.,.F.,.F.,(6,6),(0.,1.),
  .PIECEWISE_BEZIER_KNOTS.);
#3622 = CARTESIAN_POINT('',(32.5703125,54.76826171875));
#3623 = CARTESIAN_POINT('',(32.601179864225,54.728975982464));
#3624 = CARTESIAN_POINT('',(32.636032227186,54.68118881507));
#3625 = CARTESIAN_POINT('',(32.67460940112,54.625380693795));
#3626 = CARTESIAN_POINT('',(32.716603498122,54.562151176077));
#3627 = CARTESIAN_POINT('',(32.76171875,54.49208984375));
#3628 = ( GEOMETRIC_REPRESENTATION_CONTEXT(2) 
PARAMETRIC_REPRESENTATION_CONTEXT() REPRESENTATION_CONTEXT('2D SPACE',''
  ) );
#3629 = PCURVE('',#3630,#3637);
#3630 = SURFACE_OF_LINEAR_EXTRUSION('',#3631,#3635);
#3631 = B_SPLINE_CURVE_WITH_KNOTS('',2,(#3632,#3633,#3634),
  .UNSPECIFIED.,.F.,.F.,(3,3),(0.,1.),.PIECEWISE_BEZIER_KNOTS.);
#3632 = CARTESIAN_POINT('',(32.76171875,54.49208984375,7.65));
#3633 = CARTESIAN_POINT('',(32.6455078125,54.67255859375,7.65));
#3634 = CARTESIAN_POINT('',(32.5703125,54.76826171875,7.65));
#3635 = VECTOR('',#3636,1.);
#3636 = DIRECTION('',(-0.,-0.,-1.));
#3637 = DEFINITIONAL_REPRESENTATION('',(#3638),#3645);
#3638 = B_SPLINE_CURVE_WITH_KNOTS('',5,(#3639,#3640,#3641,#3642,#3643,
    #3644),.UNSPECIFIED.,.F.,.F.,(6,6),(0.,1.),
  .PIECEWISE_BEZIER_KNOTS.);
#3639 = CARTESIAN_POINT('',(1.,-0.35));
#3640 = CARTESIAN_POINT('',(0.794752071647,-0.35));
#3641 = CARTESIAN_POINT('',(0.591729978591,-0.35));
#3642 = CARTESIAN_POINT('',(0.391413148406,-0.35));
#3643 = CARTESIAN_POINT('',(0.194109319002,-0.35));
#3644 = CARTESIAN_POINT('',(0.,-0.35));
#3645 = ( GEOMETRIC_REPRESENTATION_CONTEXT(2) 
PARAMETRIC_REPRESENTATION_CONTEXT() REPRESENTATION_CONTEXT('2D SPACE',''
  ) );
#3646 = ORIENTED_EDGE('',*,*,#3647,.F.);
#3647 = EDGE_CURVE('',#3648,#3609,#3650,.T.);
#3648 = VERTEX_POINT('',#3649);
#3649 = CARTESIAN_POINT('',(32.43564453125,54.90224609375,8.));
#3650 = SURFACE_CURVE('',#3651,(#3658,#3668),.PCURVE_S1.);
#3651 = B_SPLINE_CURVE_WITH_KNOTS('',5,(#3652,#3653,#3654,#3655,#3656,
    #3657),.UNSPECIFIED.,.F.,.F.,(6,6),(0.,1.),
  .PIECEWISE_BEZIER_KNOTS.);
#3652 = CARTESIAN_POINT('',(32.43564453125,54.90224609375,8.));
#3653 = CARTESIAN_POINT('',(32.459633623964,54.88680483867,8.));
#3654 = CARTESIAN_POINT('',(32.485147354861,54.865572167578,8.));
#3655 = CARTESIAN_POINT('',(32.512138501256,54.838637996727,8.));
#3656 = CARTESIAN_POINT('',(32.540548642782,54.806142991573,8.));
#3657 = CARTESIAN_POINT('',(32.5703125,54.76826171875,8.));
#3658 = PCURVE('',#44,#3659);
#3659 = DEFINITIONAL_REPRESENTATION('',(#3660),#3667);
#3660 = B_SPLINE_CURVE_WITH_KNOTS('',5,(#3661,#3662,#3663,#3664,#3665,
    #3666),.UNSPECIFIED.,.F.,.F.,(6,6),(0.,1.),
  .PIECEWISE_BEZIER_KNOTS.);
#3661 = CARTESIAN_POINT('',(32.43564453125,54.90224609375));
#3662 = CARTESIAN_POINT('',(32.459633623964,54.88680483867));
#3663 = CARTESIAN_POINT('',(32.485147354861,54.865572167578));
#3664 = CARTESIAN_POINT('',(32.512138501256,54.838637996727));
#3665 = CARTESIAN_POINT('',(32.540548642782,54.806142991573));
#3666 = CARTESIAN_POINT('',(32.5703125,54.76826171875));
#3667 = ( GEOMETRIC_REPRESENTATION_CONTEXT(2) 
PARAMETRIC_REPRESENTATION_CONTEXT() REPRESENTATION_CONTEXT('2D SPACE',''
  ) );
#3668 = PCURVE('',#3669,#3676);
#3669 = SURFACE_OF_LINEAR_EXTRUSION('',#3670,#3674);
#3670 = B_SPLINE_CURVE_WITH_KNOTS('',2,(#3671,#3672,#3673),
  .UNSPECIFIED.,.F.,.F.,(3,3),(0.,1.),.PIECEWISE_BEZIER_KNOTS.);
#3671 = CARTESIAN_POINT('',(32.5703125,54.76826171875,7.65));
#3672 = CARTESIAN_POINT('',(32.4951171875,54.86396484375,7.65));
#3673 = CARTESIAN_POINT('',(32.43564453125,54.90224609375,7.65));
#3674 = VECTOR('',#3675,1.);
#3675 = DIRECTION('',(-0.,-0.,-1.));
#3676 = DEFINITIONAL_REPRESENTATION('',(#3677),#3684);
#3677 = B_SPLINE_CURVE_WITH_KNOTS('',5,(#3678,#3679,#3680,#3681,#3682,
    #3683),.UNSPECIFIED.,.F.,.F.,(6,6),(0.,1.),
  .PIECEWISE_BEZIER_KNOTS.);
#3678 = CARTESIAN_POINT('',(1.,-0.35));
#3679 = CARTESIAN_POINT('',(0.798318300995,-0.35));
#3680 = CARTESIAN_POINT('',(0.597260255512,-0.35));
#3681 = CARTESIAN_POINT('',(0.397056546878,-0.35));
#3682 = CARTESIAN_POINT('',(0.19791032332,-0.35));
#3683 = CARTESIAN_POINT('',(0.,-0.35));
#3684 = ( GEOMETRIC_REPRESENTATION_CONTEXT(2) 
PARAMETRIC_REPRESENTATION_CONTEXT() REPRESENTATION_CONTEXT('2D SPACE',''
  ) );
#3685 = ORIENTED_EDGE('',*,*,#3686,.F.);
#3686 = EDGE_CURVE('',#3687,#3648,#3689,.T.);
#3687 = VERTEX_POINT('',#3688);
#3688 = CARTESIAN_POINT('',(32.3146484375,54.95556640625,8.));
#3689 = SURFACE_CURVE('',#3690,(#3696,#3705),.PCURVE_S1.);
#3690 = B_SPLINE_CURVE_WITH_KNOTS('',4,(#3691,#3692,#3693,#3694,#3695),
  .UNSPECIFIED.,.F.,.F.,(5,5),(0.,1.),.PIECEWISE_BEZIER_KNOTS.);
#3691 = CARTESIAN_POINT('',(32.3146484375,54.95556640625,8.));
#3692 = CARTESIAN_POINT('',(32.345434654015,54.948040886657,8.));
#3693 = CARTESIAN_POINT('',(32.375869504148,54.936637692848,8.));
#3694 = CARTESIAN_POINT('',(32.405942413996,54.92136469796,8.));
#3695 = CARTESIAN_POINT('',(32.43564453125,54.90224609375,8.));
#3696 = PCURVE('',#44,#3697);
#3697 = DEFINITIONAL_REPRESENTATION('',(#3698),#3704);
#3698 = B_SPLINE_CURVE_WITH_KNOTS('',4,(#3699,#3700,#3701,#3702,#3703),
  .UNSPECIFIED.,.F.,.F.,(5,5),(0.,1.),.PIECEWISE_BEZIER_KNOTS.);
#3699 = CARTESIAN_POINT('',(32.3146484375,54.95556640625));
#3700 = CARTESIAN_POINT('',(32.345434654015,54.948040886657));
#3701 = CARTESIAN_POINT('',(32.375869504148,54.936637692848));
#3702 = CARTESIAN_POINT('',(32.405942413996,54.92136469796));
#3703 = CARTESIAN_POINT('',(32.43564453125,54.90224609375));
#3704 = ( GEOMETRIC_REPRESENTATION_CONTEXT(2) 
PARAMETRIC_REPRESENTATION_CONTEXT() REPRESENTATION_CONTEXT('2D SPACE',''
  ) );
#3705 = PCURVE('',#3706,#3713);
#3706 = SURFACE_OF_LINEAR_EXTRUSION('',#3707,#3711);
#3707 = B_SPLINE_CURVE_WITH_KNOTS('',2,(#3708,#3709,#3710),
  .UNSPECIFIED.,.F.,.F.,(3,3),(0.,1.),.PIECEWISE_BEZIER_KNOTS.);
#3708 = CARTESIAN_POINT('',(32.43564453125,54.90224609375,7.65));
#3709 = CARTESIAN_POINT('',(32.376171875,54.94052734375,7.65));
#3710 = CARTESIAN_POINT('',(32.3146484375,54.95556640625,7.65));
#3711 = VECTOR('',#3712,1.);
#3712 = DIRECTION('',(-0.,-0.,-1.));
#3713 = DEFINITIONAL_REPRESENTATION('',(#3714),#3720);
#3714 = B_SPLINE_CURVE_WITH_KNOTS('',4,(#3715,#3716,#3717,#3718,#3719),
  .UNSPECIFIED.,.F.,.F.,(5,5),(0.,1.),.PIECEWISE_BEZIER_KNOTS.);
#3715 = CARTESIAN_POINT('',(1.,-0.35));
#3716 = CARTESIAN_POINT('',(0.749800907052,-0.35));
#3717 = CARTESIAN_POINT('',(0.499675152186,-0.35));
#3718 = CARTESIAN_POINT('',(0.249712381514,-0.35));
#3719 = CARTESIAN_POINT('',(0.,-0.35));
#3720 = ( GEOMETRIC_REPRESENTATION_CONTEXT(2) 
PARAMETRIC_REPRESENTATION_CONTEXT() REPRESENTATION_CONTEXT('2D SPACE',''
  ) );
#3721 = ORIENTED_EDGE('',*,*,#3722,.F.);
#3722 = EDGE_CURVE('',#3723,#3687,#3725,.T.);
#3723 = VERTEX_POINT('',#3724);
#3724 = CARTESIAN_POINT('',(32.1669921875,54.96513671875,8.));
#3725 = SURFACE_CURVE('',#3726,(#3733,#3743),.PCURVE_S1.);
#3726 = B_SPLINE_CURVE_WITH_KNOTS('',5,(#3727,#3728,#3729,#3730,#3731,
    #3732),.UNSPECIFIED.,.F.,.F.,(6,6),(0.,1.),
  .PIECEWISE_BEZIER_KNOTS.);
#3727 = CARTESIAN_POINT('',(32.1669921875,54.96513671875,8.));
#3728 = CARTESIAN_POINT('',(32.207630982093,54.96513671875,8.));
#3729 = CARTESIAN_POINT('',(32.242860391244,54.964197191686,8.));
#3730 = CARTESIAN_POINT('',(32.272516902249,54.962297076651,8.));
#3731 = CARTESIAN_POINT('',(32.296472381531,54.959421933274,8.));
#3732 = CARTESIAN_POINT('',(32.3146484375,54.95556640625,8.));
#3733 = PCURVE('',#44,#3734);
#3734 = DEFINITIONAL_REPRESENTATION('',(#3735),#3742);
#3735 = B_SPLINE_CURVE_WITH_KNOTS('',5,(#3736,#3737,#3738,#3739,#3740,
    #3741),.UNSPECIFIED.,.F.,.F.,(6,6),(0.,1.),
  .PIECEWISE_BEZIER_KNOTS.);
#3736 = CARTESIAN_POINT('',(32.1669921875,54.96513671875));
#3737 = CARTESIAN_POINT('',(32.207630982093,54.96513671875));
#3738 = CARTESIAN_POINT('',(32.242860391244,54.964197191686));
#3739 = CARTESIAN_POINT('',(32.272516902249,54.962297076651));
#3740 = CARTESIAN_POINT('',(32.296472381531,54.959421933274));
#3741 = CARTESIAN_POINT('',(32.3146484375,54.95556640625));
#3742 = ( GEOMETRIC_REPRESENTATION_CONTEXT(2) 
PARAMETRIC_REPRESENTATION_CONTEXT() REPRESENTATION_CONTEXT('2D SPACE',''
  ) );
#3743 = PCURVE('',#3744,#3751);
#3744 = SURFACE_OF_LINEAR_EXTRUSION('',#3745,#3749);
#3745 = B_SPLINE_CURVE_WITH_KNOTS('',2,(#3746,#3747,#3748),
  .UNSPECIFIED.,.F.,.F.,(3,3),(0.,1.),.PIECEWISE_BEZIER_KNOTS.);
#3746 = CARTESIAN_POINT('',(32.3146484375,54.95556640625,7.65));
#3747 = CARTESIAN_POINT('',(32.26953125,54.96513671875,7.65));
#3748 = CARTESIAN_POINT('',(32.1669921875,54.96513671875,7.65));
#3749 = VECTOR('',#3750,1.);
#3750 = DIRECTION('',(-0.,-0.,-1.));
#3751 = DEFINITIONAL_REPRESENTATION('',(#3752),#3759);
#3752 = B_SPLINE_CURVE_WITH_KNOTS('',5,(#3753,#3754,#3755,#3756,#3757,
    #3758),.UNSPECIFIED.,.F.,.F.,(6,6),(0.,1.),
  .PIECEWISE_BEZIER_KNOTS.);
#3753 = CARTESIAN_POINT('',(1.,-0.35));
#3754 = CARTESIAN_POINT('',(0.801837496843,-0.35));
#3755 = CARTESIAN_POINT('',(0.602564309919,-0.35));
#3756 = CARTESIAN_POINT('',(0.402361576371,-0.35));
#3757 = CARTESIAN_POINT('',(0.201431615936,-0.35));
#3758 = CARTESIAN_POINT('',(0.,-0.35));
#3759 = ( GEOMETRIC_REPRESENTATION_CONTEXT(2) 
PARAMETRIC_REPRESENTATION_CONTEXT() REPRESENTATION_CONTEXT('2D SPACE',''
  ) );
#3760 = ORIENTED_EDGE('',*,*,#3761,.F.);
#3761 = EDGE_CURVE('',#3762,#3723,#3764,.T.);
#3762 = VERTEX_POINT('',#3763);
#3763 = CARTESIAN_POINT('',(31.859375,54.96513671875,8.));
#3764 = SURFACE_CURVE('',#3765,(#3769,#3775),.PCURVE_S1.);
#3765 = LINE('',#3766,#3767);
#3766 = CARTESIAN_POINT('',(16.08349609375,54.96513671875,8.));
#3767 = VECTOR('',#3768,1.);
#3768 = DIRECTION('',(1.,0.,-0.));
#3769 = PCURVE('',#44,#3770);
#3770 = DEFINITIONAL_REPRESENTATION('',(#3771),#3774);
#3771 = B_SPLINE_CURVE_WITH_KNOTS('',1,(#3772,#3773),.UNSPECIFIED.,.F.,
  .F.,(2,2),(15.77587890625,16.08349609375),.PIECEWISE_BEZIER_KNOTS.);
#3772 = CARTESIAN_POINT('',(31.859375,54.96513671875));
#3773 = CARTESIAN_POINT('',(32.1669921875,54.96513671875));
#3774 = ( GEOMETRIC_REPRESENTATION_CONTEXT(2) 
PARAMETRIC_REPRESENTATION_CONTEXT() REPRESENTATION_CONTEXT('2D SPACE',''
  ) );
#3775 = PCURVE('',#3776,#3781);
#3776 = PLANE('',#3777);
#3777 = AXIS2_PLACEMENT_3D('',#3778,#3779,#3780);
#3778 = CARTESIAN_POINT('',(32.1669921875,54.96513671875,7.65));
#3779 = DIRECTION('',(0.,-1.,0.));
#3780 = DIRECTION('',(-1.,0.,0.));
#3781 = DEFINITIONAL_REPRESENTATION('',(#3782),#3785);
#3782 = B_SPLINE_CURVE_WITH_KNOTS('',1,(#3783,#3784),.UNSPECIFIED.,.F.,
  .F.,(2,2),(15.77587890625,16.08349609375),.PIECEWISE_BEZIER_KNOTS.);
#3783 = CARTESIAN_POINT('',(0.3076171875,-0.35));
#3784 = CARTESIAN_POINT('',(0.,-0.35));
#3785 = ( GEOMETRIC_REPRESENTATION_CONTEXT(2) 
PARAMETRIC_REPRESENTATION_CONTEXT() REPRESENTATION_CONTEXT('2D SPACE',''
  ) );
#3786 = ORIENTED_EDGE('',*,*,#3787,.F.);
#3787 = EDGE_CURVE('',#3156,#3762,#3788,.T.);
#3788 = SURFACE_CURVE('',#3789,(#3793,#3799),.PCURVE_S1.);
#3789 = LINE('',#3790,#3791);
#3790 = CARTESIAN_POINT('',(31.859375,27.482568359375,8.));
#3791 = VECTOR('',#3792,1.);
#3792 = DIRECTION('',(0.,1.,0.));
#3793 = PCURVE('',#44,#3794);
#3794 = DEFINITIONAL_REPRESENTATION('',(#3795),#3798);
#3795 = B_SPLINE_CURVE_WITH_KNOTS('',1,(#3796,#3797),.UNSPECIFIED.,.F.,
  .F.,(2,2),(26.592529296875,27.482568359375),.PIECEWISE_BEZIER_KNOTS.);
#3796 = CARTESIAN_POINT('',(31.859375,54.07509765625));
#3797 = CARTESIAN_POINT('',(31.859375,54.96513671875));
#3798 = ( GEOMETRIC_REPRESENTATION_CONTEXT(2) 
PARAMETRIC_REPRESENTATION_CONTEXT() REPRESENTATION_CONTEXT('2D SPACE',''
  ) );
#3799 = PCURVE('',#3800,#3805);
#3800 = PLANE('',#3801);
#3801 = AXIS2_PLACEMENT_3D('',#3802,#3803,#3804);
#3802 = CARTESIAN_POINT('',(31.859375,54.96513671875,7.65));
#3803 = DIRECTION('',(1.,0.,0.));
#3804 = DIRECTION('',(0.,-1.,0.));
#3805 = DEFINITIONAL_REPRESENTATION('',(#3806),#3809);
#3806 = B_SPLINE_CURVE_WITH_KNOTS('',1,(#3807,#3808),.UNSPECIFIED.,.F.,
  .F.,(2,2),(26.592529296875,27.482568359375),.PIECEWISE_BEZIER_KNOTS.);
#3807 = CARTESIAN_POINT('',(0.8900390625,-0.35));
#3808 = CARTESIAN_POINT('',(0.,-0.35));
#3809 = ( GEOMETRIC_REPRESENTATION_CONTEXT(2) 
PARAMETRIC_REPRESENTATION_CONTEXT() REPRESENTATION_CONTEXT('2D SPACE',''
  ) );
#3810 = FACE_BOUND('',#3811,.T.);
#3811 = EDGE_LOOP('',(#3812,#3840,#3866,#3892,#3937,#3976,#4015,#4060,
    #4099,#4144,#4195,#4246,#4297,#4323,#4374,#4425,#4476,#4527,#4572,
    #4611,#4653,#4695));
#3812 = ORIENTED_EDGE('',*,*,#3813,.F.);
#3813 = EDGE_CURVE('',#3814,#3816,#3818,.T.);
#3814 = VERTEX_POINT('',#3815);
#3815 = CARTESIAN_POINT('',(34.8056640625,54.31162109375,8.));
#3816 = VERTEX_POINT('',#3817);
#3817 = CARTESIAN_POINT('',(33.82265625,54.31162109375,8.));
#3818 = SURFACE_CURVE('',#3819,(#3823,#3829),.PCURVE_S1.);
#3819 = LINE('',#3820,#3821);
#3820 = CARTESIAN_POINT('',(16.911328125,54.31162109375,8.));
#3821 = VECTOR('',#3822,1.);
#3822 = DIRECTION('',(-1.,0.,0.));
#3823 = PCURVE('',#44,#3824);
#3824 = DEFINITIONAL_REPRESENTATION('',(#3825),#3828);
#3825 = B_SPLINE_CURVE_WITH_KNOTS('',1,(#3826,#3827),.UNSPECIFIED.,.F.,
  .F.,(2,2),(-17.8943359375,-16.911328125),.PIECEWISE_BEZIER_KNOTS.);
#3826 = CARTESIAN_POINT('',(34.8056640625,54.31162109375));
#3827 = CARTESIAN_POINT('',(33.82265625,54.31162109375));
#3828 = ( GEOMETRIC_REPRESENTATION_CONTEXT(2) 
PARAMETRIC_REPRESENTATION_CONTEXT() REPRESENTATION_CONTEXT('2D SPACE',''
  ) );
#3829 = PCURVE('',#3830,#3835);
#3830 = PLANE('',#3831);
#3831 = AXIS2_PLACEMENT_3D('',#3832,#3833,#3834);
#3832 = CARTESIAN_POINT('',(33.82265625,54.31162109375,7.65));
#3833 = DIRECTION('',(0.,1.,0.));
#3834 = DIRECTION('',(1.,0.,0.));
#3835 = DEFINITIONAL_REPRESENTATION('',(#3836),#3839);
#3836 = B_SPLINE_CURVE_WITH_KNOTS('',1,(#3837,#3838),.UNSPECIFIED.,.F.,
  .F.,(2,2),(-17.8943359375,-16.911328125),.PIECEWISE_BEZIER_KNOTS.);
#3837 = CARTESIAN_POINT('',(0.9830078125,-0.35));
#3838 = CARTESIAN_POINT('',(0.,-0.35));
#3839 = ( GEOMETRIC_REPRESENTATION_CONTEXT(2) 
PARAMETRIC_REPRESENTATION_CONTEXT() REPRESENTATION_CONTEXT('2D SPACE',''
  ) );
#3840 = ORIENTED_EDGE('',*,*,#3841,.F.);
#3841 = EDGE_CURVE('',#3842,#3814,#3844,.T.);
#3842 = VERTEX_POINT('',#3843);
#3843 = CARTESIAN_POINT('',(34.8056640625,54.07509765625,8.));
#3844 = SURFACE_CURVE('',#3845,(#3849,#3855),.PCURVE_S1.);
#3845 = LINE('',#3846,#3847);
#3846 = CARTESIAN_POINT('',(34.8056640625,27.155810546875,8.));
#3847 = VECTOR('',#3848,1.);
#3848 = DIRECTION('',(0.,1.,0.));
#3849 = PCURVE('',#44,#3850);
#3850 = DEFINITIONAL_REPRESENTATION('',(#3851),#3854);
#3851 = B_SPLINE_CURVE_WITH_KNOTS('',1,(#3852,#3853),.UNSPECIFIED.,.F.,
  .F.,(2,2),(26.919287109375,27.155810546875),.PIECEWISE_BEZIER_KNOTS.);
#3852 = CARTESIAN_POINT('',(34.8056640625,54.07509765625));
#3853 = CARTESIAN_POINT('',(34.8056640625,54.31162109375));
#3854 = ( GEOMETRIC_REPRESENTATION_CONTEXT(2) 
PARAMETRIC_REPRESENTATION_CONTEXT() REPRESENTATION_CONTEXT('2D SPACE',''
  ) );
#3855 = PCURVE('',#3856,#3861);
#3856 = PLANE('',#3857);
#3857 = AXIS2_PLACEMENT_3D('',#3858,#3859,#3860);
#3858 = CARTESIAN_POINT('',(34.8056640625,54.31162109375,7.65));
#3859 = DIRECTION('',(1.,0.,0.));
#3860 = DIRECTION('',(0.,-1.,0.));
#3861 = DEFINITIONAL_REPRESENTATION('',(#3862),#3865);
#3862 = B_SPLINE_CURVE_WITH_KNOTS('',1,(#3863,#3864),.UNSPECIFIED.,.F.,
  .F.,(2,2),(26.919287109375,27.155810546875),.PIECEWISE_BEZIER_KNOTS.);
#3863 = CARTESIAN_POINT('',(0.2365234375,-0.35));
#3864 = CARTESIAN_POINT('',(0.,-0.35));
#3865 = ( GEOMETRIC_REPRESENTATION_CONTEXT(2) 
PARAMETRIC_REPRESENTATION_CONTEXT() REPRESENTATION_CONTEXT('2D SPACE',''
  ) );
#3866 = ORIENTED_EDGE('',*,*,#3867,.F.);
#3867 = EDGE_CURVE('',#3868,#3842,#3870,.T.);
#3868 = VERTEX_POINT('',#3869);
#3869 = CARTESIAN_POINT('',(33.480859375,54.07509765625,8.));
#3870 = SURFACE_CURVE('',#3871,(#3875,#3881),.PCURVE_S1.);
#3871 = LINE('',#3872,#3873);
#3872 = CARTESIAN_POINT('',(17.40283203125,54.07509765625,8.));
#3873 = VECTOR('',#3874,1.);
#3874 = DIRECTION('',(1.,0.,-0.));
#3875 = PCURVE('',#44,#3876);
#3876 = DEFINITIONAL_REPRESENTATION('',(#3877),#3880);
#3877 = B_SPLINE_CURVE_WITH_KNOTS('',1,(#3878,#3879),.UNSPECIFIED.,.F.,
  .F.,(2,2),(16.07802734375,17.40283203125),.PIECEWISE_BEZIER_KNOTS.);
#3878 = CARTESIAN_POINT('',(33.480859375,54.07509765625));
#3879 = CARTESIAN_POINT('',(34.8056640625,54.07509765625));
#3880 = ( GEOMETRIC_REPRESENTATION_CONTEXT(2) 
PARAMETRIC_REPRESENTATION_CONTEXT() REPRESENTATION_CONTEXT('2D SPACE',''
  ) );
#3881 = PCURVE('',#3882,#3887);
#3882 = PLANE('',#3883);
#3883 = AXIS2_PLACEMENT_3D('',#3884,#3885,#3886);
#3884 = CARTESIAN_POINT('',(34.8056640625,54.07509765625,7.65));
#3885 = DIRECTION('',(0.,-1.,0.));
#3886 = DIRECTION('',(-1.,0.,0.));
#3887 = DEFINITIONAL_REPRESENTATION('',(#3888),#3891);
#3888 = B_SPLINE_CURVE_WITH_KNOTS('',1,(#3889,#3890),.UNSPECIFIED.,.F.,
  .F.,(2,2),(16.07802734375,17.40283203125),.PIECEWISE_BEZIER_KNOTS.);
#3889 = CARTESIAN_POINT('',(1.3248046875,-0.35));
#3890 = CARTESIAN_POINT('',(0.,-0.35));
#3891 = ( GEOMETRIC_REPRESENTATION_CONTEXT(2) 
PARAMETRIC_REPRESENTATION_CONTEXT() REPRESENTATION_CONTEXT('2D SPACE',''
  ) );
#3892 = ORIENTED_EDGE('',*,*,#3893,.F.);
#3893 = EDGE_CURVE('',#3894,#3868,#3896,.T.);
#3894 = VERTEX_POINT('',#3895);
#3895 = CARTESIAN_POINT('',(33.5095703125,54.24599609375,8.));
#3896 = SURFACE_CURVE('',#3897,(#3906,#3918),.PCURVE_S1.);
#3897 = B_SPLINE_CURVE_WITH_KNOTS('',4,(#3898,#3899,#3900,#3901,#3902,
    #3903,#3904,#3905),.UNSPECIFIED.,.F.,.F.,(5,3,5),(0.,0.424970085787,
    1.),.UNSPECIFIED.);
#3898 = CARTESIAN_POINT('',(33.5095703125,54.24599609375,8.));
#3899 = CARTESIAN_POINT('',(33.502890067773,54.228569368375,8.));
#3900 = CARTESIAN_POINT('',(33.497236306322,54.210932045476,8.));
#3901 = CARTESIAN_POINT('',(33.492611282471,54.193086329756,8.));
#3902 = CARTESIAN_POINT('',(33.48415002917,54.150609128841,8.));
#3903 = CARTESIAN_POINT('',(33.481168996884,54.125806620231,8.));
#3904 = CARTESIAN_POINT('',(33.480073652532,54.100633636473,8.));
#3905 = CARTESIAN_POINT('',(33.480859375,54.07509765625,8.));
#3906 = PCURVE('',#44,#3907);
#3907 = DEFINITIONAL_REPRESENTATION('',(#3908),#3917);
#3908 = B_SPLINE_CURVE_WITH_KNOTS('',4,(#3909,#3910,#3911,#3912,#3913,
    #3914,#3915,#3916),.UNSPECIFIED.,.F.,.F.,(5,3,5),(0.,0.424970085787,
    1.),.UNSPECIFIED.);
#3909 = CARTESIAN_POINT('',(33.5095703125,54.24599609375));
#3910 = CARTESIAN_POINT('',(33.502890067773,54.228569368375));
#3911 = CARTESIAN_POINT('',(33.497236306322,54.210932045476));
#3912 = CARTESIAN_POINT('',(33.492611282471,54.193086329756));
#3913 = CARTESIAN_POINT('',(33.48415002917,54.150609128841));
#3914 = CARTESIAN_POINT('',(33.481168996884,54.125806620231));
#3915 = CARTESIAN_POINT('',(33.480073652532,54.100633636473));
#3916 = CARTESIAN_POINT('',(33.480859375,54.07509765625));
#3917 = ( GEOMETRIC_REPRESENTATION_CONTEXT(2) 
PARAMETRIC_REPRESENTATION_CONTEXT() REPRESENTATION_CONTEXT('2D SPACE',''
  ) );
#3918 = PCURVE('',#3919,#3926);
#3919 = SURFACE_OF_LINEAR_EXTRUSION('',#3920,#3924);
#3920 = B_SPLINE_CURVE_WITH_KNOTS('',2,(#3921,#3922,#3923),
  .UNSPECIFIED.,.F.,.F.,(3,3),(0.,1.),.PIECEWISE_BEZIER_KNOTS.);
#3921 = CARTESIAN_POINT('',(33.480859375,54.07509765625,7.65));
#3922 = CARTESIAN_POINT('',(33.478125,54.16396484375,7.65));
#3923 = CARTESIAN_POINT('',(33.5095703125,54.24599609375,7.65));
#3924 = VECTOR('',#3925,1.);
#3925 = DIRECTION('',(-0.,-0.,-1.));
#3926 = DEFINITIONAL_REPRESENTATION('',(#3927),#3936);
#3927 = B_SPLINE_CURVE_WITH_KNOTS('',4,(#3928,#3929,#3930,#3931,#3932,
    #3933,#3934,#3935),.UNSPECIFIED.,.F.,.F.,(5,3,5),(0.,0.424970085787,
    1.),.UNSPECIFIED.);
#3928 = CARTESIAN_POINT('',(1.,-0.35));
#3929 = CARTESIAN_POINT('',(0.893779959618,-0.35));
#3930 = CARTESIAN_POINT('',(0.787529909897,-0.35));
#3931 = CARTESIAN_POINT('',(0.681264884565,-0.35));
#3932 = CARTESIAN_POINT('',(0.431212261759,-0.35));
#3933 = CARTESIAN_POINT('',(0.287424754966,-0.35));
#3934 = CARTESIAN_POINT('',(0.143674965648,-0.35));
#3935 = CARTESIAN_POINT('',(0.,-0.35));
#3936 = ( GEOMETRIC_REPRESENTATION_CONTEXT(2) 
PARAMETRIC_REPRESENTATION_CONTEXT() REPRESENTATION_CONTEXT('2D SPACE',''
  ) );
#3937 = ORIENTED_EDGE('',*,*,#3938,.F.);
#3938 = EDGE_CURVE('',#3939,#3894,#3941,.T.);
#3939 = VERTEX_POINT('',#3940);
#3940 = CARTESIAN_POINT('',(33.67158203125,54.51259765625,8.));
#3941 = SURFACE_CURVE('',#3942,(#3949,#3959),.PCURVE_S1.);
#3942 = B_SPLINE_CURVE_WITH_KNOTS('',5,(#3943,#3944,#3945,#3946,#3947,
    #3948),.UNSPECIFIED.,.F.,.F.,(6,6),(0.,1.),
  .PIECEWISE_BEZIER_KNOTS.);
#3943 = CARTESIAN_POINT('',(33.67158203125,54.51259765625,8.));
#3944 = CARTESIAN_POINT('',(33.627412628056,54.460569892978,8.));
#3945 = CARTESIAN_POINT('',(33.588973741474,54.407851305172,8.));
#3946 = CARTESIAN_POINT('',(33.556439311731,54.354482034465,8.));
#3947 = CARTESIAN_POINT('',(33.529944466456,54.300510721903,8.));
#3948 = CARTESIAN_POINT('',(33.5095703125,54.24599609375,8.));
#3949 = PCURVE('',#44,#3950);
#3950 = DEFINITIONAL_REPRESENTATION('',(#3951),#3958);
#3951 = B_SPLINE_CURVE_WITH_KNOTS('',5,(#3952,#3953,#3954,#3955,#3956,
    #3957),.UNSPECIFIED.,.F.,.F.,(6,6),(0.,1.),
  .PIECEWISE_BEZIER_KNOTS.);
#3952 = CARTESIAN_POINT('',(33.67158203125,54.51259765625));
#3953 = CARTESIAN_POINT('',(33.627412628056,54.460569892978));
#3954 = CARTESIAN_POINT('',(33.588973741474,54.407851305172));
#3955 = CARTESIAN_POINT('',(33.556439311731,54.354482034465));
#3956 = CARTESIAN_POINT('',(33.529944466456,54.300510721903));
#3957 = CARTESIAN_POINT('',(33.5095703125,54.24599609375));
#3958 = ( GEOMETRIC_REPRESENTATION_CONTEXT(2) 
PARAMETRIC_REPRESENTATION_CONTEXT() REPRESENTATION_CONTEXT('2D SPACE',''
  ) );
#3959 = PCURVE('',#3960,#3967);
#3960 = SURFACE_OF_LINEAR_EXTRUSION('',#3961,#3965);
#3961 = B_SPLINE_CURVE_WITH_KNOTS('',2,(#3962,#3963,#3964),
  .UNSPECIFIED.,.F.,.F.,(3,3),(0.,1.),.PIECEWISE_BEZIER_KNOTS.);
#3962 = CARTESIAN_POINT('',(33.5095703125,54.24599609375,7.65));
#3963 = CARTESIAN_POINT('',(33.56015625,54.38134765625,7.65));
#3964 = CARTESIAN_POINT('',(33.67158203125,54.51259765625,7.65));
#3965 = VECTOR('',#3966,1.);
#3966 = DIRECTION('',(-0.,-0.,-1.));
#3967 = DEFINITIONAL_REPRESENTATION('',(#3968),#3975);
#3968 = B_SPLINE_CURVE_WITH_KNOTS('',5,(#3969,#3970,#3971,#3972,#3973,
    #3974),.UNSPECIFIED.,.F.,.F.,(6,6),(0.,1.),
  .PIECEWISE_BEZIER_KNOTS.);
#3969 = CARTESIAN_POINT('',(1.,-0.35));
#3970 = CARTESIAN_POINT('',(0.80179899706,-0.35));
#3971 = CARTESIAN_POINT('',(0.602500799283,-0.35));
#3972 = CARTESIAN_POINT('',(0.402292302204,-0.35));
#3973 = CARTESIAN_POINT('',(0.20138159895,-0.35));
#3974 = CARTESIAN_POINT('',(0.,-0.35));
#3975 = ( GEOMETRIC_REPRESENTATION_CONTEXT(2) 
PARAMETRIC_REPRESENTATION_CONTEXT() REPRESENTATION_CONTEXT('2D SPACE',''
  ) );
#3976 = ORIENTED_EDGE('',*,*,#3977,.F.);
#3977 = EDGE_CURVE('',#3978,#3939,#3980,.T.);
#3978 = VERTEX_POINT('',#3979);
#3979 = CARTESIAN_POINT('',(33.9935546875,54.81611328125,8.));
#3980 = SURFACE_CURVE('',#3981,(#3988,#3998),.PCURVE_S1.);
#3981 = B_SPLINE_CURVE_WITH_KNOTS('',5,(#3982,#3983,#3984,#3985,#3986,
    #3987),.UNSPECIFIED.,.F.,.F.,(6,6),(0.,1.),
  .PIECEWISE_BEZIER_KNOTS.);
#3982 = CARTESIAN_POINT('',(33.9935546875,54.81611328125,8.));
#3983 = CARTESIAN_POINT('',(33.912547297261,54.749834507418,8.));
#3984 = CARTESIAN_POINT('',(33.839031127254,54.685976209877,8.));
#3985 = CARTESIAN_POINT('',(33.773799027442,54.624880832661,8.));
#3986 = CARTESIAN_POINT('',(33.717728675507,54.56695443967,8.));
#3987 = CARTESIAN_POINT('',(33.67158203125,54.51259765625,8.));
#3988 = PCURVE('',#44,#3989);
#3989 = DEFINITIONAL_REPRESENTATION('',(#3990),#3997);
#3990 = B_SPLINE_CURVE_WITH_KNOTS('',5,(#3991,#3992,#3993,#3994,#3995,
    #3996),.UNSPECIFIED.,.F.,.F.,(6,6),(0.,1.),
  .PIECEWISE_BEZIER_KNOTS.);
#3991 = CARTESIAN_POINT('',(33.9935546875,54.81611328125));
#3992 = CARTESIAN_POINT('',(33.912547297261,54.749834507418));
#3993 = CARTESIAN_POINT('',(33.839031127254,54.685976209877));
#3994 = CARTESIAN_POINT('',(33.773799027442,54.624880832661));
#3995 = CARTESIAN_POINT('',(33.717728675507,54.56695443967));
#3996 = CARTESIAN_POINT('',(33.67158203125,54.51259765625));
#3997 = ( GEOMETRIC_REPRESENTATION_CONTEXT(2) 
PARAMETRIC_REPRESENTATION_CONTEXT() REPRESENTATION_CONTEXT('2D SPACE',''
  ) );
#3998 = PCURVE('',#3999,#4006);
#3999 = SURFACE_OF_LINEAR_EXTRUSION('',#4000,#4004);
#4000 = B_SPLINE_CURVE_WITH_KNOTS('',2,(#4001,#4002,#4003),
  .UNSPECIFIED.,.F.,.F.,(3,3),(0.,1.),.PIECEWISE_BEZIER_KNOTS.);
#4001 = CARTESIAN_POINT('',(33.67158203125,54.51259765625,7.65));
#4002 = CARTESIAN_POINT('',(33.7830078125,54.64384765625,7.65));
#4003 = CARTESIAN_POINT('',(33.9935546875,54.81611328125,7.65));
#4004 = VECTOR('',#4005,1.);
#4005 = DIRECTION('',(-0.,-0.,-1.));
#4006 = DEFINITIONAL_REPRESENTATION('',(#4007),#4014);
#4007 = B_SPLINE_CURVE_WITH_KNOTS('',5,(#4008,#4009,#4010,#4011,#4012,
    #4013),.UNSPECIFIED.,.F.,.F.,(6,6),(0.,1.),
  .PIECEWISE_BEZIER_KNOTS.);
#4008 = CARTESIAN_POINT('',(1.,-0.35));
#4009 = CARTESIAN_POINT('',(0.807626234683,-0.35));
#4010 = CARTESIAN_POINT('',(0.611263059009,-0.35));
#4011 = CARTESIAN_POINT('',(0.410994850001,-0.35));
#4012 = CARTESIAN_POINT('',(0.207073460646,-0.35));
#4013 = CARTESIAN_POINT('',(0.,-0.35));
#4014 = ( GEOMETRIC_REPRESENTATION_CONTEXT(2) 
PARAMETRIC_REPRESENTATION_CONTEXT() REPRESENTATION_CONTEXT('2D SPACE',''
  ) );
#4015 = ORIENTED_EDGE('',*,*,#4016,.F.);
#4016 = EDGE_CURVE('',#4017,#3978,#4019,.T.);
#4017 = VERTEX_POINT('',#4018);
#4018 = CARTESIAN_POINT('',(34.43515625,55.240625,8.));
#4019 = SURFACE_CURVE('',#4020,(#4029,#4041),.PCURVE_S1.);
#4020 = B_SPLINE_CURVE_WITH_KNOTS('',7,(#4021,#4022,#4023,#4024,#4025,
    #4026,#4027,#4028),.UNSPECIFIED.,.F.,.F.,(8,8),(0.,1.),
  .PIECEWISE_BEZIER_KNOTS.);
#4021 = CARTESIAN_POINT('',(34.43515625,55.240625,8.));
#4022 = CARTESIAN_POINT('',(34.3990901719,55.191463500685,8.));
#4023 = CARTESIAN_POINT('',(34.351815550087,55.13723163249,8.));
#4024 = CARTESIAN_POINT('',(34.294661810257,55.078739215781,8.));
#4025 = CARTESIAN_POINT('',(34.229085050863,55.016787813771,8.));
#4026 = CARTESIAN_POINT('',(34.156380572594,54.952051541413,8.));
#4027 = CARTESIAN_POINT('',(34.077613124992,54.885048234173,8.));
#4028 = CARTESIAN_POINT('',(33.9935546875,54.81611328125,8.));
#4029 = PCURVE('',#44,#4030);
#4030 = DEFINITIONAL_REPRESENTATION('',(#4031),#4040);
#4031 = B_SPLINE_CURVE_WITH_KNOTS('',7,(#4032,#4033,#4034,#4035,#4036,
    #4037,#4038,#4039),.UNSPECIFIED.,.F.,.F.,(8,8),(0.,1.),
  .PIECEWISE_BEZIER_KNOTS.);
#4032 = CARTESIAN_POINT('',(34.43515625,55.240625));
#4033 = CARTESIAN_POINT('',(34.3990901719,55.191463500685));
#4034 = CARTESIAN_POINT('',(34.351815550087,55.13723163249));
#4035 = CARTESIAN_POINT('',(34.294661810257,55.078739215781));
#4036 = CARTESIAN_POINT('',(34.229085050863,55.016787813771));
#4037 = CARTESIAN_POINT('',(34.156380572594,54.952051541413));
#4038 = CARTESIAN_POINT('',(34.077613124992,54.885048234173));
#4039 = CARTESIAN_POINT('',(33.9935546875,54.81611328125));
#4040 = ( GEOMETRIC_REPRESENTATION_CONTEXT(2) 
PARAMETRIC_REPRESENTATION_CONTEXT() REPRESENTATION_CONTEXT('2D SPACE',''
  ) );
#4041 = PCURVE('',#4042,#4049);
#4042 = SURFACE_OF_LINEAR_EXTRUSION('',#4043,#4047);
#4043 = B_SPLINE_CURVE_WITH_KNOTS('',2,(#4044,#4045,#4046),
  .UNSPECIFIED.,.F.,.F.,(3,3),(0.,1.),.PIECEWISE_BEZIER_KNOTS.);
#4044 = CARTESIAN_POINT('',(33.9935546875,54.81611328125,7.65));
#4045 = CARTESIAN_POINT('',(34.3203125,55.08408203125,7.65));
#4046 = CARTESIAN_POINT('',(34.43515625,55.240625,7.65));
#4047 = VECTOR('',#4048,1.);
#4048 = DIRECTION('',(-0.,-0.,-1.));
#4049 = DEFINITIONAL_REPRESENTATION('',(#4050),#4059);
#4050 = B_SPLINE_CURVE_WITH_KNOTS('',7,(#4051,#4052,#4053,#4054,#4055,
    #4056,#4057,#4058),.UNSPECIFIED.,.F.,.F.,(8,8),(0.,1.),
  .PIECEWISE_BEZIER_KNOTS.);
#4051 = CARTESIAN_POINT('',(1.,-0.35));
#4052 = CARTESIAN_POINT('',(0.842977619157,-0.35));
#4053 = CARTESIAN_POINT('',(0.69023549055,-0.35));
#4054 = CARTESIAN_POINT('',(0.542349751738,-0.35));
#4055 = CARTESIAN_POINT('',(0.399507269542,-0.35));
#4056 = CARTESIAN_POINT('',(0.261671840267,-0.35));
#4057 = CARTESIAN_POINT('',(0.128624985045,-0.35));
#4058 = CARTESIAN_POINT('',(0.,-0.35));
#4059 = ( GEOMETRIC_REPRESENTATION_CONTEXT(2) 
PARAMETRIC_REPRESENTATION_CONTEXT() REPRESENTATION_CONTEXT('2D SPACE',''
  ) );
#4060 = ORIENTED_EDGE('',*,*,#4061,.F.);
#4061 = EDGE_CURVE('',#4062,#4017,#4064,.T.);
#4062 = VERTEX_POINT('',#4063);
#4063 = CARTESIAN_POINT('',(34.55,55.53662109375,8.));
#4064 = SURFACE_CURVE('',#4065,(#4072,#4082),.PCURVE_S1.);
#4065 = B_SPLINE_CURVE_WITH_KNOTS('',5,(#4066,#4067,#4068,#4069,#4070,
    #4071),.UNSPECIFIED.,.F.,.F.,(6,6),(0.,1.),
  .PIECEWISE_BEZIER_KNOTS.);
#4066 = CARTESIAN_POINT('',(34.55,55.53662109375,8.));
#4067 = CARTESIAN_POINT('',(34.55,55.480135845761,8.));
#4068 = CARTESIAN_POINT('',(34.538223843557,55.422020795897,8.));
#4069 = CARTESIAN_POINT('',(34.51477418824,55.362544245666,8.));
#4070 = CARTESIAN_POINT('',(34.480173687412,55.301988054567,8.));
#4071 = CARTESIAN_POINT('',(34.43515625,55.240625,8.));
#4072 = PCURVE('',#44,#4073);
#4073 = DEFINITIONAL_REPRESENTATION('',(#4074),#4081);
#4074 = B_SPLINE_CURVE_WITH_KNOTS('',5,(#4075,#4076,#4077,#4078,#4079,
    #4080),.UNSPECIFIED.,.F.,.F.,(6,6),(0.,1.),
  .PIECEWISE_BEZIER_KNOTS.);
#4075 = CARTESIAN_POINT('',(34.55,55.53662109375));
#4076 = CARTESIAN_POINT('',(34.55,55.480135845761));
#4077 = CARTESIAN_POINT('',(34.538223843557,55.422020795897));
#4078 = CARTESIAN_POINT('',(34.51477418824,55.362544245666));
#4079 = CARTESIAN_POINT('',(34.480173687412,55.301988054567));
#4080 = CARTESIAN_POINT('',(34.43515625,55.240625));
#4081 = ( GEOMETRIC_REPRESENTATION_CONTEXT(2) 
PARAMETRIC_REPRESENTATION_CONTEXT() REPRESENTATION_CONTEXT('2D SPACE',''
  ) );
#4082 = PCURVE('',#4083,#4090);
#4083 = SURFACE_OF_LINEAR_EXTRUSION('',#4084,#4088);
#4084 = B_SPLINE_CURVE_WITH_KNOTS('',2,(#4085,#4086,#4087),
  .UNSPECIFIED.,.F.,.F.,(3,3),(0.,1.),.PIECEWISE_BEZIER_KNOTS.);
#4085 = CARTESIAN_POINT('',(34.43515625,55.240625,7.65));
#4086 = CARTESIAN_POINT('',(34.55,55.39716796875,7.65));
#4087 = CARTESIAN_POINT('',(34.55,55.53662109375,7.65));
#4088 = VECTOR('',#4089,1.);
#4089 = DIRECTION('',(-0.,-0.,-1.));
#4090 = DEFINITIONAL_REPRESENTATION('',(#4091),#4098);
#4091 = B_SPLINE_CURVE_WITH_KNOTS('',5,(#4092,#4093,#4094,#4095,#4096,
    #4097),.UNSPECIFIED.,.F.,.F.,(6,6),(0.,1.),
  .PIECEWISE_BEZIER_KNOTS.);
#4092 = CARTESIAN_POINT('',(1.,-0.35));
#4093 = CARTESIAN_POINT('',(0.797475861552,-0.35));
#4094 = CARTESIAN_POINT('',(0.595391305785,-0.35));
#4095 = CARTESIAN_POINT('',(0.394653537486,-0.35));
#4096 = CARTESIAN_POINT('',(0.19599428533,-0.35));
#4097 = CARTESIAN_POINT('',(0.,-0.35));
#4098 = ( GEOMETRIC_REPRESENTATION_CONTEXT(2) 
PARAMETRIC_REPRESENTATION_CONTEXT() REPRESENTATION_CONTEXT('2D SPACE',''
  ) );
#4099 = ORIENTED_EDGE('',*,*,#4100,.F.);
#4100 = EDGE_CURVE('',#4101,#4062,#4103,.T.);
#4101 = VERTEX_POINT('',#4102);
#4102 = CARTESIAN_POINT('',(34.44541015625,55.7833984375,8.));
#4103 = SURFACE_CURVE('',#4104,(#4113,#4125),.PCURVE_S1.);
#4104 = B_SPLINE_CURVE_WITH_KNOTS('',4,(#4105,#4106,#4107,#4108,#4109,
    #4110,#4111,#4112),.UNSPECIFIED.,.F.,.F.,(5,3,5),(0.,0.485944002642,
    1.),.UNSPECIFIED.);
#4105 = CARTESIAN_POINT('',(34.44541015625,55.7833984375,8.));
#4106 = CARTESIAN_POINT('',(34.470728972141,55.759072516349,8.));
#4107 = CARTESIAN_POINT('',(34.492057596177,55.732865384473,8.));
#4108 = CARTESIAN_POINT('',(34.509279328847,55.704790518263,8.));
#4109 = CARTESIAN_POINT('',(34.536213405042,55.643292379993,8.));
#4110 = CARTESIAN_POINT('',(34.545433852846,55.609653172621,8.));
#4111 = CARTESIAN_POINT('',(34.55,55.574057901975,8.));
#4112 = CARTESIAN_POINT('',(34.55,55.53662109375,8.));
#4113 = PCURVE('',#44,#4114);
#4114 = DEFINITIONAL_REPRESENTATION('',(#4115),#4124);
#4115 = B_SPLINE_CURVE_WITH_KNOTS('',4,(#4116,#4117,#4118,#4119,#4120,
    #4121,#4122,#4123),.UNSPECIFIED.,.F.,.F.,(5,3,5),(0.,0.485944002642,
    1.),.UNSPECIFIED.);
#4116 = CARTESIAN_POINT('',(34.44541015625,55.7833984375));
#4117 = CARTESIAN_POINT('',(34.470728972141,55.759072516349));
#4118 = CARTESIAN_POINT('',(34.492057596177,55.732865384473));
#4119 = CARTESIAN_POINT('',(34.509279328847,55.704790518263));
#4120 = CARTESIAN_POINT('',(34.536213405042,55.643292379993));
#4121 = CARTESIAN_POINT('',(34.545433852846,55.609653172621));
#4122 = CARTESIAN_POINT('',(34.55,55.574057901975));
#4123 = CARTESIAN_POINT('',(34.55,55.53662109375));
#4124 = ( GEOMETRIC_REPRESENTATION_CONTEXT(2) 
PARAMETRIC_REPRESENTATION_CONTEXT() REPRESENTATION_CONTEXT('2D SPACE',''
  ) );
#4125 = PCURVE('',#4126,#4133);
#4126 = SURFACE_OF_LINEAR_EXTRUSION('',#4127,#4131);
#4127 = B_SPLINE_CURVE_WITH_KNOTS('',2,(#4128,#4129,#4130),
  .UNSPECIFIED.,.F.,.F.,(3,3),(0.,1.),.PIECEWISE_BEZIER_KNOTS.);
#4128 = CARTESIAN_POINT('',(34.55,55.53662109375,7.65));
#4129 = CARTESIAN_POINT('',(34.55,55.68291015625,7.65));
#4130 = CARTESIAN_POINT('',(34.44541015625,55.7833984375,7.65));
#4131 = VECTOR('',#4132,1.);
#4132 = DIRECTION('',(-0.,-0.,-1.));
#4133 = DEFINITIONAL_REPRESENTATION('',(#4134),#4143);
#4134 = B_SPLINE_CURVE_WITH_KNOTS('',4,(#4135,#4136,#4137,#4138,#4139,
    #4140,#4141,#4142),.UNSPECIFIED.,.F.,.F.,(5,3,5),(0.,0.485944002642,
    1.),.UNSPECIFIED.);
#4135 = CARTESIAN_POINT('',(1.,-0.35));
#4136 = CARTESIAN_POINT('',(0.878961403021,-0.35));
#4137 = CARTESIAN_POINT('',(0.757465246857,-0.35));
#4138 = CARTESIAN_POINT('',(0.635732259216,-0.35));
#4139 = CARTESIAN_POINT('',(0.38522549598,-0.35));
#4140 = CARTESIAN_POINT('',(0.256449908917,-0.35));
#4141 = CARTESIAN_POINT('',(0.127954911956,-0.35));
#4142 = CARTESIAN_POINT('',(0.,-0.35));
#4143 = ( GEOMETRIC_REPRESENTATION_CONTEXT(2) 
PARAMETRIC_REPRESENTATION_CONTEXT() REPRESENTATION_CONTEXT('2D SPACE',''
  ) );
#4144 = ORIENTED_EDGE('',*,*,#4145,.F.);
#4145 = EDGE_CURVE('',#4146,#4101,#4148,.T.);
#4146 = VERTEX_POINT('',#4147);
#4147 = CARTESIAN_POINT('',(34.17265625,55.88388671875,8.));
#4148 = SURFACE_CURVE('',#4149,(#4160,#4174),.PCURVE_S1.);
#4149 = B_SPLINE_CURVE_WITH_KNOTS('',5,(#4150,#4151,#4152,#4153,#4154,
    #4155,#4156,#4157,#4158,#4159),.UNSPECIFIED.,.F.,.F.,(6,4,6),(0.,
    0.756815805651,1.),.UNSPECIFIED.);
#4150 = CARTESIAN_POINT('',(34.17265625,55.88388671875,8.));
#4151 = CARTESIAN_POINT('',(34.223013396171,55.88388671875,8.));
#4152 = CARTESIAN_POINT('',(34.270171381351,55.878254879969,8.));
#4153 = CARTESIAN_POINT('',(34.313916831556,55.866828353252,8.));
#4154 = CARTESIAN_POINT('',(34.354086457593,55.84954101756,8.));
#4155 = CARTESIAN_POINT('',(34.402313384075,55.819035617236,8.));
#4156 = CARTESIAN_POINT('',(34.413662529437,55.811018291753,8.));
#4157 = CARTESIAN_POINT('',(34.424629736036,55.802404013618,8.));
#4158 = CARTESIAN_POINT('',(34.43521275696,55.793195938779,8.));
#4159 = CARTESIAN_POINT('',(34.44541015625,55.7833984375,8.));
#4160 = PCURVE('',#44,#4161);
#4161 = DEFINITIONAL_REPRESENTATION('',(#4162),#4173);
#4162 = B_SPLINE_CURVE_WITH_KNOTS('',5,(#4163,#4164,#4165,#4166,#4167,
    #4168,#4169,#4170,#4171,#4172),.UNSPECIFIED.,.F.,.F.,(6,4,6),(0.,
    0.756815805651,1.),.UNSPECIFIED.);
#4163 = CARTESIAN_POINT('',(34.17265625,55.88388671875));
#4164 = CARTESIAN_POINT('',(34.223013396171,55.88388671875));
#4165 = CARTESIAN_POINT('',(34.270171381351,55.878254879969));
#4166 = CARTESIAN_POINT('',(34.313916831556,55.866828353252));
#4167 = CARTESIAN_POINT('',(34.354086457593,55.84954101756));
#4168 = CARTESIAN_POINT('',(34.402313384075,55.819035617236));
#4169 = CARTESIAN_POINT('',(34.413662529437,55.811018291753));
#4170 = CARTESIAN_POINT('',(34.424629736036,55.802404013618));
#4171 = CARTESIAN_POINT('',(34.43521275696,55.793195938779));
#4172 = CARTESIAN_POINT('',(34.44541015625,55.7833984375));
#4173 = ( GEOMETRIC_REPRESENTATION_CONTEXT(2) 
PARAMETRIC_REPRESENTATION_CONTEXT() REPRESENTATION_CONTEXT('2D SPACE',''
  ) );
#4174 = PCURVE('',#4175,#4182);
#4175 = SURFACE_OF_LINEAR_EXTRUSION('',#4176,#4180);
#4176 = B_SPLINE_CURVE_WITH_KNOTS('',2,(#4177,#4178,#4179),
  .UNSPECIFIED.,.F.,.F.,(3,3),(0.,1.),.PIECEWISE_BEZIER_KNOTS.);
#4177 = CARTESIAN_POINT('',(34.44541015625,55.7833984375,7.65));
#4178 = CARTESIAN_POINT('',(34.3408203125,55.88388671875,7.65));
#4179 = CARTESIAN_POINT('',(34.17265625,55.88388671875,7.65));
#4180 = VECTOR('',#4181,1.);
#4181 = DIRECTION('',(-0.,-0.,-1.));
#4182 = DEFINITIONAL_REPRESENTATION('',(#4183),#4194);
#4183 = B_SPLINE_CURVE_WITH_KNOTS('',5,(#4184,#4185,#4186,#4187,#4188,
    #4189,#4190,#4191,#4192,#4193),.UNSPECIFIED.,.F.,.F.,(6,4,6),(0.,
    0.756815805651,1.),.UNSPECIFIED.);
#4184 = CARTESIAN_POINT('',(1.,-0.35));
#4185 = CARTESIAN_POINT('',(0.850273758189,-0.35));
#4186 = CARTESIAN_POINT('',(0.699465718497,-0.35));
#4187 = CARTESIAN_POINT('',(0.547903974109,-0.35));
#4188 = CARTESIAN_POINT('',(0.395949653063,-0.35));
#4189 = CARTESIAN_POINT('',(0.195174706334,-0.35));
#4190 = CARTESIAN_POINT('',(0.146349378771,-0.35));
#4191 = CARTESIAN_POINT('',(9.753676153501E-02,-0.35));
#4192 = CARTESIAN_POINT('',(4.874947186305E-02,-0.35));
#4193 = CARTESIAN_POINT('',(0.,-0.35));
#4194 = ( GEOMETRIC_REPRESENTATION_CONTEXT(2) 
PARAMETRIC_REPRESENTATION_CONTEXT() REPRESENTATION_CONTEXT('2D SPACE',''
  ) );
#4195 = ORIENTED_EDGE('',*,*,#4196,.F.);
#4196 = EDGE_CURVE('',#4197,#4146,#4199,.T.);
#4197 = VERTEX_POINT('',#4198);
#4198 = CARTESIAN_POINT('',(33.88828125,55.77724609375,8.));
#4199 = SURFACE_CURVE('',#4200,(#4211,#4225),.PCURVE_S1.);
#4200 = B_SPLINE_CURVE_WITH_KNOTS('',5,(#4201,#4202,#4203,#4204,#4205,
    #4206,#4207,#4208,#4209,#4210),.UNSPECIFIED.,.F.,.F.,(6,4,6),(0.,
    0.230047962435,1.),.UNSPECIFIED.);
#4201 = CARTESIAN_POINT('',(33.88828125,55.77724609375,8.));
#4202 = CARTESIAN_POINT('',(33.898124296136,55.787089139886,8.));
#4203 = CARTESIAN_POINT('',(33.908353788784,55.796372256573,8.));
#4204 = CARTESIAN_POINT('',(33.918968339074,55.805091005608,8.));
#4205 = CARTESIAN_POINT('',(33.929965717185,55.813242141627,8.));
#4206 = CARTESIAN_POINT('',(33.979421209154,55.846198184369,8.));
#4207 = CARTESIAN_POINT('',(34.021755255978,55.865192628787,8.));
#4208 = CARTESIAN_POINT('',(34.068225864436,55.877725838795,8.));
#4209 = CARTESIAN_POINT('',(34.118619150176,55.88388671875,8.));
#4210 = CARTESIAN_POINT('',(34.17265625,55.88388671875,8.));
#4211 = PCURVE('',#44,#4212);
#4212 = DEFINITIONAL_REPRESENTATION('',(#4213),#4224);
#4213 = B_SPLINE_CURVE_WITH_KNOTS('',5,(#4214,#4215,#4216,#4217,#4218,
    #4219,#4220,#4221,#4222,#4223),.UNSPECIFIED.,.F.,.F.,(6,4,6),(0.,
    0.230047962435,1.),.UNSPECIFIED.);
#4214 = CARTESIAN_POINT('',(33.88828125,55.77724609375));
#4215 = CARTESIAN_POINT('',(33.898124296136,55.787089139886));
#4216 = CARTESIAN_POINT('',(33.908353788784,55.796372256573));
#4217 = CARTESIAN_POINT('',(33.918968339074,55.805091005608));
#4218 = CARTESIAN_POINT('',(33.929965717185,55.813242141627));
#4219 = CARTESIAN_POINT('',(33.979421209154,55.846198184369));
#4220 = CARTESIAN_POINT('',(34.021755255978,55.865192628787));
#4221 = CARTESIAN_POINT('',(34.068225864436,55.877725838795));
#4222 = CARTESIAN_POINT('',(34.118619150176,55.88388671875));
#4223 = CARTESIAN_POINT('',(34.17265625,55.88388671875));
#4224 = ( GEOMETRIC_REPRESENTATION_CONTEXT(2) 
PARAMETRIC_REPRESENTATION_CONTEXT() REPRESENTATION_CONTEXT('2D SPACE',''
  ) );
#4225 = PCURVE('',#4226,#4233);
#4226 = SURFACE_OF_LINEAR_EXTRUSION('',#4227,#4231);
#4227 = B_SPLINE_CURVE_WITH_KNOTS('',2,(#4228,#4229,#4230),
  .UNSPECIFIED.,.F.,.F.,(3,3),(0.,1.),.PIECEWISE_BEZIER_KNOTS.);
#4228 = CARTESIAN_POINT('',(34.17265625,55.88388671875,7.65));
#4229 = CARTESIAN_POINT('',(33.994921875,55.88388671875,7.65));
#4230 = CARTESIAN_POINT('',(33.88828125,55.77724609375,7.65));
#4231 = VECTOR('',#4232,1.);
#4232 = DIRECTION('',(-0.,-0.,-1.));
#4233 = DEFINITIONAL_REPRESENTATION('',(#4234),#4245);
#4234 = B_SPLINE_CURVE_WITH_KNOTS('',5,(#4235,#4236,#4237,#4238,#4239,
    #4240,#4241,#4242,#4243,#4244),.UNSPECIFIED.,.F.,.F.,(6,4,6),(0.,
    0.230047962435,1.),.UNSPECIFIED.);
#4235 = CARTESIAN_POINT('',(1.,-0.35));
#4236 = CARTESIAN_POINT('',(0.953849454016,-0.35));
#4237 = CARTESIAN_POINT('',(0.907661885892,-0.35));
#4238 = CARTESIAN_POINT('',(0.861449526447,-0.35));
#4239 = CARTESIAN_POINT('',(0.815224735125,-0.35));
#4240 = CARTESIAN_POINT('',(0.614289527373,-0.35));
#4241 = CARTESIAN_POINT('',(0.459572664726,-0.35));
#4242 = CARTESIAN_POINT('',(0.305336654397,-0.35));
#4243 = CARTESIAN_POINT('',(0.152016456649,-0.35));
#4244 = CARTESIAN_POINT('',(0.,-0.35));
#4245 = ( GEOMETRIC_REPRESENTATION_CONTEXT(2) 
PARAMETRIC_REPRESENTATION_CONTEXT() REPRESENTATION_CONTEXT('2D SPACE',''
  ) );
#4246 = ORIENTED_EDGE('',*,*,#4247,.F.);
#4247 = EDGE_CURVE('',#4248,#4197,#4250,.T.);
#4248 = VERTEX_POINT('',#4249);
#4249 = CARTESIAN_POINT('',(33.7802734375,55.48193359375,8.));
#4250 = SURFACE_CURVE('',#4251,(#4262,#4276),.PCURVE_S1.);
#4251 = B_SPLINE_CURVE_WITH_KNOTS('',5,(#4252,#4253,#4254,#4255,#4256,
    #4257,#4258,#4259,#4260,#4261),.UNSPECIFIED.,.F.,.F.,(6,4,6),(0.,
    0.861925959401,1.),.UNSPECIFIED.);
#4252 = CARTESIAN_POINT('',(33.7802734375,55.48193359375,8.));
#4253 = CARTESIAN_POINT('',(33.780736963824,55.545900226432,8.));
#4254 = CARTESIAN_POINT('',(33.7887687459,55.604707081206,8.));
#4255 = CARTESIAN_POINT('',(33.804714191881,55.657874419168,8.));
#4256 = CARTESIAN_POINT('',(33.828728165723,55.705035772119,8.));
#4257 = CARTESIAN_POINT('',(33.865785848305,55.75257964947,8.));
#4258 = CARTESIAN_POINT('',(33.871106035638,55.758985663223,8.));
#4259 = CARTESIAN_POINT('',(33.876629165858,55.765232423349,8.));
#4260 = CARTESIAN_POINT('',(33.882354529879,55.771319373629,8.));
#4261 = CARTESIAN_POINT('',(33.88828125,55.77724609375,8.));
#4262 = PCURVE('',#44,#4263);
#4263 = DEFINITIONAL_REPRESENTATION('',(#4264),#4275);
#4264 = B_SPLINE_CURVE_WITH_KNOTS('',5,(#4265,#4266,#4267,#4268,#4269,
    #4270,#4271,#4272,#4273,#4274),.UNSPECIFIED.,.F.,.F.,(6,4,6),(0.,
    0.861925959401,1.),.UNSPECIFIED.);
#4265 = CARTESIAN_POINT('',(33.7802734375,55.48193359375));
#4266 = CARTESIAN_POINT('',(33.780736963824,55.545900226432));
#4267 = CARTESIAN_POINT('',(33.7887687459,55.604707081206));
#4268 = CARTESIAN_POINT('',(33.804714191881,55.657874419168));
#4269 = CARTESIAN_POINT('',(33.828728165723,55.705035772119));
#4270 = CARTESIAN_POINT('',(33.865785848305,55.75257964947));
#4271 = CARTESIAN_POINT('',(33.871106035638,55.758985663223));
#4272 = CARTESIAN_POINT('',(33.876629165858,55.765232423349));
#4273 = CARTESIAN_POINT('',(33.882354529879,55.771319373629));
#4274 = CARTESIAN_POINT('',(33.88828125,55.77724609375));
#4275 = ( GEOMETRIC_REPRESENTATION_CONTEXT(2) 
PARAMETRIC_REPRESENTATION_CONTEXT() REPRESENTATION_CONTEXT('2D SPACE',''
  ) );
#4276 = PCURVE('',#4277,#4284);
#4277 = SURFACE_OF_LINEAR_EXTRUSION('',#4278,#4282);
#4278 = B_SPLINE_CURVE_WITH_KNOTS('',2,(#4279,#4280,#4281),
  .UNSPECIFIED.,.F.,.F.,(3,3),(0.,1.),.PIECEWISE_BEZIER_KNOTS.);
#4279 = CARTESIAN_POINT('',(33.88828125,55.77724609375,7.65));
#4280 = CARTESIAN_POINT('',(33.781640625,55.67060546875,7.65));
#4281 = CARTESIAN_POINT('',(33.7802734375,55.48193359375,7.65));
#4282 = VECTOR('',#4283,1.);
#4283 = DIRECTION('',(-0.,-0.,-1.));
#4284 = DEFINITIONAL_REPRESENTATION('',(#4285),#4296);
#4285 = B_SPLINE_CURVE_WITH_KNOTS('',5,(#4286,#4287,#4288,#4289,#4290,
    #4291,#4292,#4293,#4294,#4295),.UNSPECIFIED.,.F.,.F.,(6,4,6),(0.,
    0.861925959401,1.),.UNSPECIFIED.);
#4286 = CARTESIAN_POINT('',(1.,-0.35));
#4287 = CARTESIAN_POINT('',(0.830481801588,-0.35));
#4288 = CARTESIAN_POINT('',(0.659019956451,-0.35));
#4289 = CARTESIAN_POINT('',(0.486169415533,-0.35));
#4290 = CARTESIAN_POINT('',(0.312577903598,-0.35));
#4291 = CARTESIAN_POINT('',(0.111194128455,-0.35));
#4292 = CARTESIAN_POINT('',(8.338826490787E-02,-0.35));
#4293 = CARTESIAN_POINT('',(5.558534308789E-02,-0.35));
#4294 = CARTESIAN_POINT('',(2.778828481498E-02,-0.35));
#4295 = CARTESIAN_POINT('',(0.,-0.35));
#4296 = ( GEOMETRIC_REPRESENTATION_CONTEXT(2) 
PARAMETRIC_REPRESENTATION_CONTEXT() REPRESENTATION_CONTEXT('2D SPACE',''
  ) );
#4297 = ORIENTED_EDGE('',*,*,#4298,.F.);
#4298 = EDGE_CURVE('',#4299,#4248,#4301,.T.);
#4299 = VERTEX_POINT('',#4300);
#4300 = CARTESIAN_POINT('',(33.52734375,55.50791015625,8.));
#4301 = SURFACE_CURVE('',#4302,(#4306,#4312),.PCURVE_S1.);
#4302 = LINE('',#4303,#4304);
#4303 = CARTESIAN_POINT('',(19.885766096142,56.90893705043,8.));
#4304 = VECTOR('',#4305,1.);
#4305 = DIRECTION('',(0.994767435445,-0.102165304181,0.));
#4306 = PCURVE('',#44,#4307);
#4307 = DEFINITIONAL_REPRESENTATION('',(#4308),#4311);
#4308 = B_SPLINE_CURVE_WITH_KNOTS('',1,(#4309,#4310),.UNSPECIFIED.,.F.,
  .F.,(2,2),(13.71333355696,13.967593676952),.PIECEWISE_BEZIER_KNOTS.);
#4309 = CARTESIAN_POINT('',(33.52734375,55.50791015625));
#4310 = CARTESIAN_POINT('',(33.7802734375,55.48193359375));
#4311 = ( GEOMETRIC_REPRESENTATION_CONTEXT(2) 
PARAMETRIC_REPRESENTATION_CONTEXT() REPRESENTATION_CONTEXT('2D SPACE',''
  ) );
#4312 = PCURVE('',#4313,#4318);
#4313 = PLANE('',#4314);
#4314 = AXIS2_PLACEMENT_3D('',#4315,#4316,#4317);
#4315 = CARTESIAN_POINT('',(33.7802734375,55.48193359375,7.65));
#4316 = DIRECTION('',(-0.102165304181,-0.994767435445,0.));
#4317 = DIRECTION('',(-0.994767435445,0.102165304181,0.));
#4318 = DEFINITIONAL_REPRESENTATION('',(#4319),#4322);
#4319 = B_SPLINE_CURVE_WITH_KNOTS('',1,(#4320,#4321),.UNSPECIFIED.,.F.,
  .F.,(2,2),(13.71333355696,13.967593676952),.PIECEWISE_BEZIER_KNOTS.);
#4320 = CARTESIAN_POINT('',(0.254260119992,-0.35));
#4321 = CARTESIAN_POINT('',(0.,-0.35));
#4322 = ( GEOMETRIC_REPRESENTATION_CONTEXT(2) 
PARAMETRIC_REPRESENTATION_CONTEXT() REPRESENTATION_CONTEXT('2D SPACE',''
  ) );
#4323 = ORIENTED_EDGE('',*,*,#4324,.F.);
#4324 = EDGE_CURVE('',#4325,#4299,#4327,.T.);
#4325 = VERTEX_POINT('',#4326);
#4326 = CARTESIAN_POINT('',(33.7228515625,55.9392578125,8.));
#4327 = SURFACE_CURVE('',#4328,(#4339,#4353),.PCURVE_S1.);
#4328 = B_SPLINE_CURVE_WITH_KNOTS('',5,(#4329,#4330,#4331,#4332,#4333,
    #4334,#4335,#4336,#4337,#4338),.UNSPECIFIED.,.F.,.F.,(6,4,6),(0.,
    0.110395916125,1.),.UNSPECIFIED.);
#4329 = CARTESIAN_POINT('',(33.7228515625,55.9392578125,8.));
#4330 = CARTESIAN_POINT('',(33.715260685001,55.932615794689,8.));
#4331 = CARTESIAN_POINT('',(33.707846606189,55.925802337216,8.));
#4332 = CARTESIAN_POINT('',(33.700610635459,55.918818055246,8.));
#4333 = CARTESIAN_POINT('',(33.693553893541,55.911663750748,8.));
#4334 = CARTESIAN_POINT('',(33.631263717579,55.845326711252,8.));
#4335 = CARTESIAN_POINT('',(33.587536087127,55.775322194336,8.));
#4336 = CARTESIAN_POINT('',(33.556039665779,55.694886775528,8.));
#4337 = CARTESIAN_POINT('',(33.536280397984,55.605272584285,8.));
#4338 = CARTESIAN_POINT('',(33.52734375,55.50791015625,8.));
#4339 = PCURVE('',#44,#4340);
#4340 = DEFINITIONAL_REPRESENTATION('',(#4341),#4352);
#4341 = B_SPLINE_CURVE_WITH_KNOTS('',5,(#4342,#4343,#4344,#4345,#4346,
    #4347,#4348,#4349,#4350,#4351),.UNSPECIFIED.,.F.,.F.,(6,4,6),(0.,
    0.110395916125,1.),.UNSPECIFIED.);
#4342 = CARTESIAN_POINT('',(33.7228515625,55.9392578125));
#4343 = CARTESIAN_POINT('',(33.715260685001,55.932615794689));
#4344 = CARTESIAN_POINT('',(33.707846606189,55.925802337216));
#4345 = CARTESIAN_POINT('',(33.700610635459,55.918818055246));
#4346 = CARTESIAN_POINT('',(33.693553893541,55.911663750748));
#4347 = CARTESIAN_POINT('',(33.631263717579,55.845326711252));
#4348 = CARTESIAN_POINT('',(33.587536087127,55.775322194336));
#4349 = CARTESIAN_POINT('',(33.556039665779,55.694886775528));
#4350 = CARTESIAN_POINT('',(33.536280397984,55.605272584285));
#4351 = CARTESIAN_POINT('',(33.52734375,55.50791015625));
#4352 = ( GEOMETRIC_REPRESENTATION_CONTEXT(2) 
PARAMETRIC_REPRESENTATION_CONTEXT() REPRESENTATION_CONTEXT('2D SPACE',''
  ) );
#4353 = PCURVE('',#4354,#4361);
#4354 = SURFACE_OF_LINEAR_EXTRUSION('',#4355,#4359);
#4355 = B_SPLINE_CURVE_WITH_KNOTS('',2,(#4356,#4357,#4358),
  .UNSPECIFIED.,.F.,.F.,(3,3),(0.,1.),.PIECEWISE_BEZIER_KNOTS.);
#4356 = CARTESIAN_POINT('',(33.52734375,55.50791015625,7.65));
#4357 = CARTESIAN_POINT('',(33.5533203125,55.79091796875,7.65));
#4358 = CARTESIAN_POINT('',(33.7228515625,55.9392578125,7.65));
#4359 = VECTOR('',#4360,1.);
#4360 = DIRECTION('',(-0.,-0.,-1.));
#4361 = DEFINITIONAL_REPRESENTATION('',(#4362),#4373);
#4362 = B_SPLINE_CURVE_WITH_KNOTS('',5,(#4363,#4364,#4365,#4366,#4367,
    #4368,#4369,#4370,#4371,#4372),.UNSPECIFIED.,.F.,.F.,(6,4,6),(0.,
    0.110395916125,1.),.UNSPECIFIED.);
#4363 = CARTESIAN_POINT('',(1.,-0.35));
#4364 = CARTESIAN_POINT('',(0.977612158529,-0.35));
#4365 = CARTESIAN_POINT('',(0.955215231037,-0.35));
#4366 = CARTESIAN_POINT('',(0.932812216293,-0.35));
#4367 = CARTESIAN_POINT('',(0.910406129041,-0.35));
#4368 = CARTESIAN_POINT('',(0.707444553766,-0.35));
#4369 = CARTESIAN_POINT('',(0.526843124729,-0.35));
#4370 = CARTESIAN_POINT('',(0.347938536207,-0.35));
#4371 = CARTESIAN_POINT('',(0.17201367548,-0.35));
#4372 = CARTESIAN_POINT('',(0.,-0.35));
#4373 = ( GEOMETRIC_REPRESENTATION_CONTEXT(2) 
PARAMETRIC_REPRESENTATION_CONTEXT() REPRESENTATION_CONTEXT('2D SPACE',''
  ) );
#4374 = ORIENTED_EDGE('',*,*,#4375,.F.);
#4375 = EDGE_CURVE('',#4376,#4325,#4378,.T.);
#4376 = VERTEX_POINT('',#4377);
#4377 = CARTESIAN_POINT('',(34.178125,56.08759765625,8.));
#4378 = SURFACE_CURVE('',#4379,(#4390,#4404),.PCURVE_S1.);
#4379 = B_SPLINE_CURVE_WITH_KNOTS('',5,(#4380,#4381,#4382,#4383,#4384,
    #4385,#4386,#4387,#4388,#4389),.UNSPECIFIED.,.F.,.F.,(6,4,6),(0.,
    0.936991863904,1.),.UNSPECIFIED.);
#4380 = CARTESIAN_POINT('',(34.178125,56.08759765625,8.));
#4381 = CARTESIAN_POINT('',(34.074560058828,56.08759765625,8.));
#4382 = CARTESIAN_POINT('',(33.978147169065,56.075418015384,8.));
#4383 = CARTESIAN_POINT('',(33.890328966806,56.049938351434,8.));
#4384 = CARTESIAN_POINT('',(33.81240464064,56.010500402145,8.));
#4385 = CARTESIAN_POINT('',(33.74049678238,55.954082954266,8.));
#4386 = CARTESIAN_POINT('',(33.736013617614,55.950467431607,8.));
#4387 = CARTESIAN_POINT('',(33.731578250724,55.946791288393,8.));
#4388 = CARTESIAN_POINT('',(33.727190848599,55.943054687837,8.));
#4389 = CARTESIAN_POINT('',(33.7228515625,55.9392578125,8.));
#4390 = PCURVE('',#44,#4391);
#4391 = DEFINITIONAL_REPRESENTATION('',(#4392),#4403);
#4392 = B_SPLINE_CURVE_WITH_KNOTS('',5,(#4393,#4394,#4395,#4396,#4397,
    #4398,#4399,#4400,#4401,#4402),.UNSPECIFIED.,.F.,.F.,(6,4,6),(0.,
    0.936991863904,1.),.UNSPECIFIED.);
#4393 = CARTESIAN_POINT('',(34.178125,56.08759765625));
#4394 = CARTESIAN_POINT('',(34.074560058828,56.08759765625));
#4395 = CARTESIAN_POINT('',(33.978147169065,56.075418015384));
#4396 = CARTESIAN_POINT('',(33.890328966806,56.049938351434));
#4397 = CARTESIAN_POINT('',(33.81240464064,56.010500402145));
#4398 = CARTESIAN_POINT('',(33.74049678238,55.954082954266));
#4399 = CARTESIAN_POINT('',(33.736013617614,55.950467431607));
#4400 = CARTESIAN_POINT('',(33.731578250724,55.946791288393));
#4401 = CARTESIAN_POINT('',(33.727190848599,55.943054687837));
#4402 = CARTESIAN_POINT('',(33.7228515625,55.9392578125));
#4403 = ( GEOMETRIC_REPRESENTATION_CONTEXT(2) 
PARAMETRIC_REPRESENTATION_CONTEXT() REPRESENTATION_CONTEXT('2D SPACE',''
  ) );
#4404 = PCURVE('',#4405,#4412);
#4405 = SURFACE_OF_LINEAR_EXTRUSION('',#4406,#4410);
#4406 = B_SPLINE_CURVE_WITH_KNOTS('',2,(#4407,#4408,#4409),
  .UNSPECIFIED.,.F.,.F.,(3,3),(0.,1.),.PIECEWISE_BEZIER_KNOTS.);
#4407 = CARTESIAN_POINT('',(33.7228515625,55.9392578125,7.65));
#4408 = CARTESIAN_POINT('',(33.8923828125,56.08759765625,7.65));
#4409 = CARTESIAN_POINT('',(34.178125,56.08759765625,7.65));
#4410 = VECTOR('',#4411,1.);
#4411 = DIRECTION('',(-0.,-0.,-1.));
#4412 = DEFINITIONAL_REPRESENTATION('',(#4413),#4424);
#4413 = B_SPLINE_CURVE_WITH_KNOTS('',5,(#4414,#4415,#4416,#4417,#4418,
    #4419,#4420,#4421,#4422,#4423),.UNSPECIFIED.,.F.,.F.,(6,4,6),(0.,
    0.936991863904,1.),.UNSPECIFIED.);
#4414 = CARTESIAN_POINT('',(1.,-0.35));
#4415 = CARTESIAN_POINT('',(0.818779050308,-0.35));
#4416 = CARTESIAN_POINT('',(0.633376704185,-0.35));
#4417 = CARTESIAN_POINT('',(0.444781470384,-0.35));
#4418 = CARTESIAN_POINT('',(0.254364338733,-0.35));
#4419 = CARTESIAN_POINT('',(5.119892602609E-02,-0.35));
#4420 = CARTESIAN_POINT('',(3.839787285318E-02,-0.35));
#4421 = CARTESIAN_POINT('',(2.559735708342E-02,-0.35));
#4422 = CARTESIAN_POINT('',(1.279789448657E-02,-0.35));
#4423 = CARTESIAN_POINT('',(0.,-0.35));
#4424 = ( GEOMETRIC_REPRESENTATION_CONTEXT(2) 
PARAMETRIC_REPRESENTATION_CONTEXT() REPRESENTATION_CONTEXT('2D SPACE',''
  ) );
#4425 = ORIENTED_EDGE('',*,*,#4426,.F.);
#4426 = EDGE_CURVE('',#4427,#4376,#4429,.T.);
#4427 = VERTEX_POINT('',#4428);
#4428 = CARTESIAN_POINT('',(34.634765625,55.92763671875,8.));
#4429 = SURFACE_CURVE('',#4430,(#4441,#4455),.PCURVE_S1.);
#4430 = B_SPLINE_CURVE_WITH_KNOTS('',5,(#4431,#4432,#4433,#4434,#4435,
    #4436,#4437,#4438,#4439,#4440),.UNSPECIFIED.,.F.,.F.,(6,4,6),(0.,
    0.132184127308,1.),.UNSPECIFIED.);
#4431 = CARTESIAN_POINT('',(34.634765625,55.92763671875,8.));
#4432 = CARTESIAN_POINT('',(34.625759121805,55.936203880326,8.));
#4433 = CARTESIAN_POINT('',(34.616531610343,55.944489324263,8.));
#4434 = CARTESIAN_POINT('',(34.607084343094,55.952490694332,8.));
#4435 = CARTESIAN_POINT('',(34.597418927307,55.960206074995,8.));
#4436 = CARTESIAN_POINT('',(34.522662581683,56.016399784201,8.));
#4437 = CARTESIAN_POINT('',(34.44845421716,56.052786632411,8.));
#4438 = CARTESIAN_POINT('',(34.365514213774,56.076326865233,8.));
#4439 = CARTESIAN_POINT('',(34.27498240894,56.08759765625,8.));
#4440 = CARTESIAN_POINT('',(34.178125,56.08759765625,8.));
#4441 = PCURVE('',#44,#4442);
#4442 = DEFINITIONAL_REPRESENTATION('',(#4443),#4454);
#4443 = B_SPLINE_CURVE_WITH_KNOTS('',5,(#4444,#4445,#4446,#4447,#4448,
    #4449,#4450,#4451,#4452,#4453),.UNSPECIFIED.,.F.,.F.,(6,4,6),(0.,
    0.132184127308,1.),.UNSPECIFIED.);
#4444 = CARTESIAN_POINT('',(34.634765625,55.92763671875));
#4445 = CARTESIAN_POINT('',(34.625759121805,55.936203880326));
#4446 = CARTESIAN_POINT('',(34.616531610343,55.944489324263));
#4447 = CARTESIAN_POINT('',(34.607084343094,55.952490694332));
#4448 = CARTESIAN_POINT('',(34.597418927307,55.960206074995));
#4449 = CARTESIAN_POINT('',(34.522662581683,56.016399784201));
#4450 = CARTESIAN_POINT('',(34.44845421716,56.052786632411));
#4451 = CARTESIAN_POINT('',(34.365514213774,56.076326865233));
#4452 = CARTESIAN_POINT('',(34.27498240894,56.08759765625));
#4453 = CARTESIAN_POINT('',(34.178125,56.08759765625));
#4454 = ( GEOMETRIC_REPRESENTATION_CONTEXT(2) 
PARAMETRIC_REPRESENTATION_CONTEXT() REPRESENTATION_CONTEXT('2D SPACE',''
  ) );
#4455 = PCURVE('',#4456,#4463);
#4456 = SURFACE_OF_LINEAR_EXTRUSION('',#4457,#4461);
#4457 = B_SPLINE_CURVE_WITH_KNOTS('',2,(#4458,#4459,#4460),
  .UNSPECIFIED.,.F.,.F.,(3,3),(0.,1.),.PIECEWISE_BEZIER_KNOTS.);
#4458 = CARTESIAN_POINT('',(34.178125,56.08759765625,7.65));
#4459 = CARTESIAN_POINT('',(34.4666015625,56.08759765625,7.65));
#4460 = CARTESIAN_POINT('',(34.634765625,55.92763671875,7.65));
#4461 = VECTOR('',#4462,1.);
#4462 = DIRECTION('',(-0.,-0.,-1.));
#4463 = DEFINITIONAL_REPRESENTATION('',(#4464),#4475);
#4464 = B_SPLINE_CURVE_WITH_KNOTS('',5,(#4465,#4466,#4467,#4468,#4469,
    #4470,#4471,#4472,#4473,#4474),.UNSPECIFIED.,.F.,.F.,(6,4,6),(0.,
    0.132184127308,1.),.UNSPECIFIED.);
#4465 = CARTESIAN_POINT('',(1.,-0.35));
#4466 = CARTESIAN_POINT('',(0.973221082253,-0.35));
#4467 = CARTESIAN_POINT('',(0.946426360664,-0.35));
#4468 = CARTESIAN_POINT('',(0.919621077748,-0.35));
#4469 = CARTESIAN_POINT('',(0.892810516421,-0.35));
#4470 = CARTESIAN_POINT('',(0.689983467765,-0.35));
#4471 = CARTESIAN_POINT('',(0.513927136748,-0.35));
#4472 = CARTESIAN_POINT('',(0.339484061072,-0.35));
#4473 = CARTESIAN_POINT('',(0.16787743188,-0.35));
#4474 = CARTESIAN_POINT('',(0.,-0.35));
#4475 = ( GEOMETRIC_REPRESENTATION_CONTEXT(2) 
PARAMETRIC_REPRESENTATION_CONTEXT() REPRESENTATION_CONTEXT('2D SPACE',''
  ) );
#4476 = ORIENTED_EDGE('',*,*,#4477,.F.);
#4477 = EDGE_CURVE('',#4478,#4427,#4480,.T.);
#4478 = VERTEX_POINT('',#4479);
#4479 = CARTESIAN_POINT('',(34.8029296875,55.53115234375,8.));
#4480 = SURFACE_CURVE('',#4481,(#4492,#4506),.PCURVE_S1.);
#4481 = B_SPLINE_CURVE_WITH_KNOTS('',5,(#4482,#4483,#4484,#4485,#4486,
    #4487,#4488,#4489,#4490,#4491),.UNSPECIFIED.,.F.,.F.,(6,4,6),(0.,
    0.530288372736,1.),.UNSPECIFIED.);
#4482 = CARTESIAN_POINT('',(34.8029296875,55.53115234375,8.));
#4483 = CARTESIAN_POINT('',(34.8029296875,55.580766948407,8.));
#4484 = CARTESIAN_POINT('',(34.798304995643,55.628663038047,8.));
#4485 = CARTESIAN_POINT('',(34.788911233086,55.674658521572,8.));
#4486 = CARTESIAN_POINT('',(34.774688834584,55.71859718762,8.));
#4487 = CARTESIAN_POINT('',(34.738866000788,55.797353569576,8.));
#4488 = CARTESIAN_POINT('',(34.718293034285,55.832641902214,8.));
#4489 = CARTESIAN_POINT('',(34.694010195324,55.866143805595,8.));
#4490 = CARTESIAN_POINT('',(34.666117765733,55.897813950735,8.));
#4491 = CARTESIAN_POINT('',(34.634765625,55.92763671875,8.));
#4492 = PCURVE('',#44,#4493);
#4493 = DEFINITIONAL_REPRESENTATION('',(#4494),#4505);
#4494 = B_SPLINE_CURVE_WITH_KNOTS('',5,(#4495,#4496,#4497,#4498,#4499,
    #4500,#4501,#4502,#4503,#4504),.UNSPECIFIED.,.F.,.F.,(6,4,6),(0.,
    0.530288372736,1.),.UNSPECIFIED.);
#4495 = CARTESIAN_POINT('',(34.8029296875,55.53115234375));
#4496 = CARTESIAN_POINT('',(34.8029296875,55.580766948407));
#4497 = CARTESIAN_POINT('',(34.798304995643,55.628663038047));
#4498 = CARTESIAN_POINT('',(34.788911233086,55.674658521572));
#4499 = CARTESIAN_POINT('',(34.774688834584,55.71859718762));
#4500 = CARTESIAN_POINT('',(34.738866000788,55.797353569576));
#4501 = CARTESIAN_POINT('',(34.718293034285,55.832641902214));
#4502 = CARTESIAN_POINT('',(34.694010195324,55.866143805595));
#4503 = CARTESIAN_POINT('',(34.666117765733,55.897813950735));
#4504 = CARTESIAN_POINT('',(34.634765625,55.92763671875));
#4505 = ( GEOMETRIC_REPRESENTATION_CONTEXT(2) 
PARAMETRIC_REPRESENTATION_CONTEXT() REPRESENTATION_CONTEXT('2D SPACE',''
  ) );
#4506 = PCURVE('',#4507,#4514);
#4507 = SURFACE_OF_LINEAR_EXTRUSION('',#4508,#4512);
#4508 = B_SPLINE_CURVE_WITH_KNOTS('',2,(#4509,#4510,#4511),
  .UNSPECIFIED.,.F.,.F.,(3,3),(0.,1.),.PIECEWISE_BEZIER_KNOTS.);
#4509 = CARTESIAN_POINT('',(34.634765625,55.92763671875,7.65));
#4510 = CARTESIAN_POINT('',(34.8029296875,55.76767578125,7.65));
#4511 = CARTESIAN_POINT('',(34.8029296875,55.53115234375,7.65));
#4512 = VECTOR('',#4513,1.);
#4513 = DIRECTION('',(-0.,-0.,-1.));
#4514 = DEFINITIONAL_REPRESENTATION('',(#4515),#4526);
#4515 = B_SPLINE_CURVE_WITH_KNOTS('',5,(#4516,#4517,#4518,#4519,#4520,
    #4521,#4522,#4523,#4524,#4525),.UNSPECIFIED.,.F.,.F.,(6,4,6),(0.,
    0.530288372736,1.),.UNSPECIFIED.);
#4516 = CARTESIAN_POINT('',(1.,-0.35));
#4517 = CARTESIAN_POINT('',(0.895116938131,-0.35));
#4518 = CARTESIAN_POINT('',(0.789415699954,-0.35));
#4519 = CARTESIAN_POINT('',(0.683142260327,-0.35));
#4520 = CARTESIAN_POINT('',(0.576569514465,-0.35));
#4521 = CARTESIAN_POINT('',(0.375604303941,-0.35));
#4522 = CARTESIAN_POINT('',(0.281205865111,-0.35));
#4523 = CARTESIAN_POINT('',(0.187013286714,-0.35));
#4524 = CARTESIAN_POINT('',(9.321890856805E-02,-0.35));
#4525 = CARTESIAN_POINT('',(0.,-0.35));
#4526 = ( GEOMETRIC_REPRESENTATION_CONTEXT(2) 
PARAMETRIC_REPRESENTATION_CONTEXT() REPRESENTATION_CONTEXT('2D SPACE',''
  ) );
#4527 = ORIENTED_EDGE('',*,*,#4528,.F.);
#4528 = EDGE_CURVE('',#4529,#4478,#4531,.T.);
#4529 = VERTEX_POINT('',#4530);
#4530 = CARTESIAN_POINT('',(34.7537109375,55.29462890625,8.));
#4531 = SURFACE_CURVE('',#4532,(#4541,#4553),.PCURVE_S1.);
#4532 = B_SPLINE_CURVE_WITH_KNOTS('',4,(#4533,#4534,#4535,#4536,#4537,
    #4538,#4539,#4540),.UNSPECIFIED.,.F.,.F.,(5,3,5),(0.,0.800145631554,
    1.),.UNSPECIFIED.);
#4533 = CARTESIAN_POINT('',(34.7537109375,55.29462890625,8.));
#4534 = CARTESIAN_POINT('',(34.773360026295,55.341022588128,8.));
#4535 = CARTESIAN_POINT('',(34.787817941001,55.387942496953,8.));
#4536 = CARTESIAN_POINT('',(34.797019600225,55.435347951,8.));
#4537 = CARTESIAN_POINT('',(34.801945375133,55.495141385299,8.));
#4538 = CARTESIAN_POINT('',(34.802601644611,55.507118694768,8.));
#4539 = CARTESIAN_POINT('',(34.8029296875,55.519122598943,8.));
#4540 = CARTESIAN_POINT('',(34.8029296875,55.53115234375,8.));
#4541 = PCURVE('',#44,#4542);
#4542 = DEFINITIONAL_REPRESENTATION('',(#4543),#4552);
#4543 = B_SPLINE_CURVE_WITH_KNOTS('',4,(#4544,#4545,#4546,#4547,#4548,
    #4549,#4550,#4551),.UNSPECIFIED.,.F.,.F.,(5,3,5),(0.,0.800145631554,
    1.),.UNSPECIFIED.);
#4544 = CARTESIAN_POINT('',(34.7537109375,55.29462890625));
#4545 = CARTESIAN_POINT('',(34.773360026295,55.341022588128));
#4546 = CARTESIAN_POINT('',(34.787817941001,55.387942496953));
#4547 = CARTESIAN_POINT('',(34.797019600225,55.435347951));
#4548 = CARTESIAN_POINT('',(34.801945375133,55.495141385299));
#4549 = CARTESIAN_POINT('',(34.802601644611,55.507118694768));
#4550 = CARTESIAN_POINT('',(34.8029296875,55.519122598943));
#4551 = CARTESIAN_POINT('',(34.8029296875,55.53115234375));
#4552 = ( GEOMETRIC_REPRESENTATION_CONTEXT(2) 
PARAMETRIC_REPRESENTATION_CONTEXT() REPRESENTATION_CONTEXT('2D SPACE',''
  ) );
#4553 = PCURVE('',#4554,#4561);
#4554 = SURFACE_OF_LINEAR_EXTRUSION('',#4555,#4559);
#4555 = B_SPLINE_CURVE_WITH_KNOTS('',2,(#4556,#4557,#4558),
  .UNSPECIFIED.,.F.,.F.,(3,3),(0.,1.),.PIECEWISE_BEZIER_KNOTS.);
#4556 = CARTESIAN_POINT('',(34.8029296875,55.53115234375,7.65));
#4557 = CARTESIAN_POINT('',(34.8029296875,55.41083984375,7.65));
#4558 = CARTESIAN_POINT('',(34.7537109375,55.29462890625,7.65));
#4559 = VECTOR('',#4560,1.);
#4560 = DIRECTION('',(-0.,-0.,-1.));
#4561 = DEFINITIONAL_REPRESENTATION('',(#4562),#4571);
#4562 = B_SPLINE_CURVE_WITH_KNOTS('',4,(#4563,#4564,#4565,#4566,#4567,
    #4568,#4569,#4570),.UNSPECIFIED.,.F.,.F.,(5,3,5),(0.,0.800145631554,
    1.),.UNSPECIFIED.);
#4563 = CARTESIAN_POINT('',(1.,-0.35));
#4564 = CARTESIAN_POINT('',(0.800390209063,-0.35));
#4565 = CARTESIAN_POINT('',(0.600391310153,-0.35));
#4566 = CARTESIAN_POINT('',(0.400194909185,-0.35));
#4567 = CARTESIAN_POINT('',(0.149996818625,-0.35));
#4568 = CARTESIAN_POINT('',(9.999370759353E-02,-0.35));
#4569 = CARTESIAN_POINT('',(4.999374465041E-02,-0.35));
#4570 = CARTESIAN_POINT('',(0.,-0.35));
#4571 = ( GEOMETRIC_REPRESENTATION_CONTEXT(2) 
PARAMETRIC_REPRESENTATION_CONTEXT() REPRESENTATION_CONTEXT('2D SPACE',''
  ) );
#4572 = ORIENTED_EDGE('',*,*,#4573,.F.);
#4573 = EDGE_CURVE('',#4574,#4529,#4576,.T.);
#4574 = VERTEX_POINT('',#4575);
#4575 = CARTESIAN_POINT('',(34.59033203125,55.04990234375,8.));
#4576 = SURFACE_CURVE('',#4577,(#4584,#4594),.PCURVE_S1.);
#4577 = B_SPLINE_CURVE_WITH_KNOTS('',5,(#4578,#4579,#4580,#4581,#4582,
    #4583),.UNSPECIFIED.,.F.,.F.,(6,6),(0.,1.),
  .PIECEWISE_BEZIER_KNOTS.);
#4578 = CARTESIAN_POINT('',(34.59033203125,55.04990234375,8.));
#4579 = CARTESIAN_POINT('',(34.635374884014,55.10060926782,8.));
#4580 = CARTESIAN_POINT('',(34.674456834944,55.150521725467,8.));
#4581 = CARTESIAN_POINT('',(34.707334388835,55.19955345792,8.));
#4582 = CARTESIAN_POINT('',(34.73380010069,55.247617208227,8.));
#4583 = CARTESIAN_POINT('',(34.7537109375,55.29462890625,8.));
#4584 = PCURVE('',#44,#4585);
#4585 = DEFINITIONAL_REPRESENTATION('',(#4586),#4593);
#4586 = B_SPLINE_CURVE_WITH_KNOTS('',5,(#4587,#4588,#4589,#4590,#4591,
    #4592),.UNSPECIFIED.,.F.,.F.,(6,6),(0.,1.),
  .PIECEWISE_BEZIER_KNOTS.);
#4587 = CARTESIAN_POINT('',(34.59033203125,55.04990234375));
#4588 = CARTESIAN_POINT('',(34.635374884014,55.10060926782));
#4589 = CARTESIAN_POINT('',(34.674456834944,55.150521725467));
#4590 = CARTESIAN_POINT('',(34.707334388835,55.19955345792));
#4591 = CARTESIAN_POINT('',(34.73380010069,55.247617208227));
#4592 = CARTESIAN_POINT('',(34.7537109375,55.29462890625));
#4593 = ( GEOMETRIC_REPRESENTATION_CONTEXT(2) 
PARAMETRIC_REPRESENTATION_CONTEXT() REPRESENTATION_CONTEXT('2D SPACE',''
  ) );
#4594 = PCURVE('',#4595,#4602);
#4595 = SURFACE_OF_LINEAR_EXTRUSION('',#4596,#4600);
#4596 = B_SPLINE_CURVE_WITH_KNOTS('',2,(#4597,#4598,#4599),
  .UNSPECIFIED.,.F.,.F.,(3,3),(0.,1.),.PIECEWISE_BEZIER_KNOTS.);
#4597 = CARTESIAN_POINT('',(34.7537109375,55.29462890625,7.65));
#4598 = CARTESIAN_POINT('',(34.7044921875,55.17841796875,7.65));
#4599 = CARTESIAN_POINT('',(34.59033203125,55.04990234375,7.65));
#4600 = VECTOR('',#4601,1.);
#4601 = DIRECTION('',(-0.,-0.,-1.));
#4602 = DEFINITIONAL_REPRESENTATION('',(#4603),#4610);
#4603 = B_SPLINE_CURVE_WITH_KNOTS('',5,(#4604,#4605,#4606,#4607,#4608,
    #4609),.UNSPECIFIED.,.F.,.F.,(6,6),(0.,1.),
  .PIECEWISE_BEZIER_KNOTS.);
#4604 = CARTESIAN_POINT('',(1.,-0.35));
#4605 = CARTESIAN_POINT('',(0.802720781735,-0.35));
#4606 = CARTESIAN_POINT('',(0.603874614258,-0.35));
#4607 = CARTESIAN_POINT('',(0.4036491887,-0.35));
#4608 = CARTESIAN_POINT('',(0.202268818383,-0.35));
#4609 = CARTESIAN_POINT('',(0.,-0.35));
#4610 = ( GEOMETRIC_REPRESENTATION_CONTEXT(2) 
PARAMETRIC_REPRESENTATION_CONTEXT() REPRESENTATION_CONTEXT('2D SPACE',''
  ) );
#4611 = ORIENTED_EDGE('',*,*,#4612,.F.);
#4612 = EDGE_CURVE('',#4613,#4574,#4615,.T.);
#4613 = VERTEX_POINT('',#4614);
#4614 = CARTESIAN_POINT('',(34.2109375,54.69716796875,8.));
#4615 = SURFACE_CURVE('',#4616,(#4624,#4635),.PCURVE_S1.);
#4616 = B_SPLINE_CURVE_WITH_KNOTS('',6,(#4617,#4618,#4619,#4620,#4621,
    #4622,#4623),.UNSPECIFIED.,.F.,.F.,(7,7),(0.,1.),
  .PIECEWISE_BEZIER_KNOTS.);
#4617 = CARTESIAN_POINT('',(34.2109375,54.69716796875,8.));
#4618 = CARTESIAN_POINT('',(34.292988390446,54.766530577169,8.));
#4619 = CARTESIAN_POINT('',(34.368887720408,54.832530772136,8.));
#4620 = CARTESIAN_POINT('',(34.437739090254,54.894623133549,8.));
#4621 = CARTESIAN_POINT('',(34.498423017603,54.95209831897,8.));
#4622 = CARTESIAN_POINT('',(34.549665236108,55.004121759997,8.));
#4623 = CARTESIAN_POINT('',(34.59033203125,55.04990234375,8.));
#4624 = PCURVE('',#44,#4625);
#4625 = DEFINITIONAL_REPRESENTATION('',(#4626),#4634);
#4626 = B_SPLINE_CURVE_WITH_KNOTS('',6,(#4627,#4628,#4629,#4630,#4631,
    #4632,#4633),.UNSPECIFIED.,.F.,.F.,(7,7),(0.,1.),
  .PIECEWISE_BEZIER_KNOTS.);
#4627 = CARTESIAN_POINT('',(34.2109375,54.69716796875));
#4628 = CARTESIAN_POINT('',(34.292988390446,54.766530577169));
#4629 = CARTESIAN_POINT('',(34.368887720408,54.832530772136));
#4630 = CARTESIAN_POINT('',(34.437739090254,54.894623133549));
#4631 = CARTESIAN_POINT('',(34.498423017603,54.95209831897));
#4632 = CARTESIAN_POINT('',(34.549665236108,55.004121759997));
#4633 = CARTESIAN_POINT('',(34.59033203125,55.04990234375));
#4634 = ( GEOMETRIC_REPRESENTATION_CONTEXT(2) 
PARAMETRIC_REPRESENTATION_CONTEXT() REPRESENTATION_CONTEXT('2D SPACE',''
  ) );
#4635 = PCURVE('',#4636,#4643);
#4636 = SURFACE_OF_LINEAR_EXTRUSION('',#4637,#4641);
#4637 = B_SPLINE_CURVE_WITH_KNOTS('',2,(#4638,#4639,#4640),
  .UNSPECIFIED.,.F.,.F.,(3,3),(0.,1.),.PIECEWISE_BEZIER_KNOTS.);
#4638 = CARTESIAN_POINT('',(34.59033203125,55.04990234375,7.65));
#4639 = CARTESIAN_POINT('',(34.476171875,54.92138671875,7.65));
#4640 = CARTESIAN_POINT('',(34.2109375,54.69716796875,7.65));
#4641 = VECTOR('',#4642,1.);
#4642 = DIRECTION('',(-0.,-0.,-1.));
#4643 = DEFINITIONAL_REPRESENTATION('',(#4644),#4652);
#4644 = B_SPLINE_CURVE_WITH_KNOTS('',6,(#4645,#4646,#4647,#4648,#4649,
    #4650,#4651),.UNSPECIFIED.,.F.,.F.,(7,7),(0.,1.),
  .PIECEWISE_BEZIER_KNOTS.);
#4645 = CARTESIAN_POINT('',(1.,-0.35));
#4646 = CARTESIAN_POINT('',(0.845323800042,-0.35));
#4647 = CARTESIAN_POINT('',(0.685891981991,-0.35));
#4648 = CARTESIAN_POINT('',(0.521504936626,-0.35));
#4649 = CARTESIAN_POINT('',(0.352164159411,-0.35));
#4650 = CARTESIAN_POINT('',(0.178112909433,-0.35));
#4651 = CARTESIAN_POINT('',(0.,-0.35));
#4652 = ( GEOMETRIC_REPRESENTATION_CONTEXT(2) 
PARAMETRIC_REPRESENTATION_CONTEXT() REPRESENTATION_CONTEXT('2D SPACE',''
  ) );
#4653 = ORIENTED_EDGE('',*,*,#4654,.F.);
#4654 = EDGE_CURVE('',#4655,#4613,#4657,.T.);
#4655 = VERTEX_POINT('',#4656);
#4656 = CARTESIAN_POINT('',(33.9265625,54.444921875,8.));
#4657 = SURFACE_CURVE('',#4658,(#4666,#4677),.PCURVE_S1.);
#4658 = B_SPLINE_CURVE_WITH_KNOTS('',6,(#4659,#4660,#4661,#4662,#4663,
    #4664,#4665),.UNSPECIFIED.,.F.,.F.,(7,7),(0.,1.),
  .PIECEWISE_BEZIER_KNOTS.);
#4659 = CARTESIAN_POINT('',(33.9265625,54.444921875,8.));
#4660 = CARTESIAN_POINT('',(33.948736535759,54.468301021399,8.));
#4661 = CARTESIAN_POINT('',(33.982412207767,54.500257619535,8.));
#4662 = CARTESIAN_POINT('',(34.026763960193,54.540118502358,8.));
#4663 = CARTESIAN_POINT('',(34.080469760092,54.586859407727,8.));
#4664 = CARTESIAN_POINT('',(34.142231492098,54.639488851005,8.));
#4665 = CARTESIAN_POINT('',(34.2109375,54.69716796875,8.));
#4666 = PCURVE('',#44,#4667);
#4667 = DEFINITIONAL_REPRESENTATION('',(#4668),#4676);
#4668 = B_SPLINE_CURVE_WITH_KNOTS('',6,(#4669,#4670,#4671,#4672,#4673,
    #4674,#4675),.UNSPECIFIED.,.F.,.F.,(7,7),(0.,1.),
  .PIECEWISE_BEZIER_KNOTS.);
#4669 = CARTESIAN_POINT('',(33.9265625,54.444921875));
#4670 = CARTESIAN_POINT('',(33.948736535759,54.468301021399));
#4671 = CARTESIAN_POINT('',(33.982412207767,54.500257619535));
#4672 = CARTESIAN_POINT('',(34.026763960193,54.540118502358));
#4673 = CARTESIAN_POINT('',(34.080469760092,54.586859407727));
#4674 = CARTESIAN_POINT('',(34.142231492098,54.639488851005));
#4675 = CARTESIAN_POINT('',(34.2109375,54.69716796875));
#4676 = ( GEOMETRIC_REPRESENTATION_CONTEXT(2) 
PARAMETRIC_REPRESENTATION_CONTEXT() REPRESENTATION_CONTEXT('2D SPACE',''
  ) );
#4677 = PCURVE('',#4678,#4685);
#4678 = SURFACE_OF_LINEAR_EXTRUSION('',#4679,#4683);
#4679 = B_SPLINE_CURVE_WITH_KNOTS('',2,(#4680,#4681,#4682),
  .UNSPECIFIED.,.F.,.F.,(3,3),(0.,1.),.PIECEWISE_BEZIER_KNOTS.);
#4680 = CARTESIAN_POINT('',(34.2109375,54.69716796875,7.65));
#4681 = CARTESIAN_POINT('',(33.989453125,54.51123046875,7.65));
#4682 = CARTESIAN_POINT('',(33.9265625,54.444921875,7.65));
#4683 = VECTOR('',#4684,1.);
#4684 = DIRECTION('',(-0.,-0.,-1.));
#4685 = DEFINITIONAL_REPRESENTATION('',(#4686),#4694);
#4686 = B_SPLINE_CURVE_WITH_KNOTS('',6,(#4687,#4688,#4689,#4690,#4691,
    #4692,#4693),.UNSPECIFIED.,.F.,.F.,(7,7),(0.,1.),
  .PIECEWISE_BEZIER_KNOTS.);
#4687 = CARTESIAN_POINT('',(1.,-0.35));
#4688 = CARTESIAN_POINT('',(0.823709529366,-0.35));
#4689 = CARTESIAN_POINT('',(0.650025148809,-0.35));
#4690 = CARTESIAN_POINT('',(0.480283449903,-0.35));
#4691 = CARTESIAN_POINT('',(0.315200904959,-0.35));
#4692 = CARTESIAN_POINT('',(0.155103509903,-0.35));
#4693 = CARTESIAN_POINT('',(0.,-0.35));
#4694 = ( GEOMETRIC_REPRESENTATION_CONTEXT(2) 
PARAMETRIC_REPRESENTATION_CONTEXT() REPRESENTATION_CONTEXT('2D SPACE',''
  ) );
#4695 = ORIENTED_EDGE('',*,*,#4696,.F.);
#4696 = EDGE_CURVE('',#3816,#4655,#4697,.T.);
#4697 = SURFACE_CURVE('',#4698,(#4704,#4713),.PCURVE_S1.);
#4698 = B_SPLINE_CURVE_WITH_KNOTS('',4,(#4699,#4700,#4701,#4702,#4703),
  .UNSPECIFIED.,.F.,.F.,(5,5),(0.,1.),.PIECEWISE_BEZIER_KNOTS.);
#4699 = CARTESIAN_POINT('',(33.82265625,54.31162109375,8.));
#4700 = CARTESIAN_POINT('',(33.843204477961,54.34518319942,8.));
#4701 = CARTESIAN_POINT('',(33.867390133758,54.378593671685,8.));
#4702 = CARTESIAN_POINT('',(33.895188541489,54.411842810048,8.));
#4703 = CARTESIAN_POINT('',(33.9265625,54.444921875,8.));
#4704 = PCURVE('',#44,#4705);
#4705 = DEFINITIONAL_REPRESENTATION('',(#4706),#4712);
#4706 = B_SPLINE_CURVE_WITH_KNOTS('',4,(#4707,#4708,#4709,#4710,#4711),
  .UNSPECIFIED.,.F.,.F.,(5,5),(0.,1.),.PIECEWISE_BEZIER_KNOTS.);
#4707 = CARTESIAN_POINT('',(33.82265625,54.31162109375));
#4708 = CARTESIAN_POINT('',(33.843204477961,54.34518319942));
#4709 = CARTESIAN_POINT('',(33.867390133758,54.378593671685));
#4710 = CARTESIAN_POINT('',(33.895188541489,54.411842810048));
#4711 = CARTESIAN_POINT('',(33.9265625,54.444921875));
#4712 = ( GEOMETRIC_REPRESENTATION_CONTEXT(2) 
PARAMETRIC_REPRESENTATION_CONTEXT() REPRESENTATION_CONTEXT('2D SPACE',''
  ) );
#4713 = PCURVE('',#4714,#4721);
#4714 = SURFACE_OF_LINEAR_EXTRUSION('',#4715,#4719);
#4715 = B_SPLINE_CURVE_WITH_KNOTS('',2,(#4716,#4717,#4718),
  .UNSPECIFIED.,.F.,.F.,(3,3),(0.,1.),.PIECEWISE_BEZIER_KNOTS.);
#4716 = CARTESIAN_POINT('',(33.9265625,54.444921875,7.65));
#4717 = CARTESIAN_POINT('',(33.863671875,54.37861328125,7.65));
#4718 = CARTESIAN_POINT('',(33.82265625,54.31162109375,7.65));
#4719 = VECTOR('',#4720,1.);
#4720 = DIRECTION('',(-0.,-0.,-1.));
#4721 = DEFINITIONAL_REPRESENTATION('',(#4722),#4728);
#4722 = B_SPLINE_CURVE_WITH_KNOTS('',4,(#4723,#4724,#4725,#4726,#4727),
  .UNSPECIFIED.,.F.,.F.,(5,5),(0.,1.),.PIECEWISE_BEZIER_KNOTS.);
#4723 = CARTESIAN_POINT('',(1.,-0.35));
#4724 = CARTESIAN_POINT('',(0.749507316279,-0.35));
#4725 = CARTESIAN_POINT('',(0.499292658065,-0.35));
#4726 = CARTESIAN_POINT('',(0.249432713627,-0.35));
#4727 = CARTESIAN_POINT('',(0.,-0.35));
#4728 = ( GEOMETRIC_REPRESENTATION_CONTEXT(2) 
PARAMETRIC_REPRESENTATION_CONTEXT() REPRESENTATION_CONTEXT('2D SPACE',''
  ) );
#4729 = ADVANCED_FACE('',(#4730),#72,.T.);
#4730 = FACE_BOUND('',#4731,.T.);
#4731 = EDGE_LOOP('',(#4732,#4756,#4777,#4778));
#4732 = ORIENTED_EDGE('',*,*,#4733,.T.);
#4733 = EDGE_CURVE('',#57,#4734,#4736,.T.);
#4734 = VERTEX_POINT('',#4735);
#4735 = CARTESIAN_POINT('',(5.,0.,0.));
#4736 = SURFACE_CURVE('',#4737,(#4742,#4749),.PCURVE_S1.);
#4737 = CIRCLE('',#4738,5.);
#4738 = AXIS2_PLACEMENT_3D('',#4739,#4740,#4741);
#4739 = CARTESIAN_POINT('',(5.,5.,0.));
#4740 = DIRECTION('',(0.,0.,1.));
#4741 = DIRECTION('',(0.,-1.,0.));
#4742 = PCURVE('',#72,#4743);
#4743 = DEFINITIONAL_REPRESENTATION('',(#4744),#4748);
#4744 = LINE('',#4745,#4746);
#4745 = CARTESIAN_POINT('',(-4.712388980385,0.));
#4746 = VECTOR('',#4747,1.);
#4747 = DIRECTION('',(1.,0.));
#4748 = ( GEOMETRIC_REPRESENTATION_CONTEXT(2) 
PARAMETRIC_REPRESENTATION_CONTEXT() REPRESENTATION_CONTEXT('2D SPACE',''
  ) );
#4749 = PCURVE('',#100,#4750);
#4750 = DEFINITIONAL_REPRESENTATION('',(#4751),#4755);
#4751 = CIRCLE('',#4752,5.);
#4752 = AXIS2_PLACEMENT_2D('',#4753,#4754);
#4753 = CARTESIAN_POINT('',(5.,5.));
#4754 = DIRECTION('',(0.,-1.));
#4755 = ( GEOMETRIC_REPRESENTATION_CONTEXT(2) 
PARAMETRIC_REPRESENTATION_CONTEXT() REPRESENTATION_CONTEXT('2D SPACE',''
  ) );
#4756 = ORIENTED_EDGE('',*,*,#4757,.T.);
#4757 = EDGE_CURVE('',#4734,#143,#4758,.T.);
#4758 = SURFACE_CURVE('',#4759,(#4763,#4770),.PCURVE_S1.);
#4759 = LINE('',#4760,#4761);
#4760 = CARTESIAN_POINT('',(5.,0.,0.));
#4761 = VECTOR('',#4762,1.);
#4762 = DIRECTION('',(0.,0.,1.));
#4763 = PCURVE('',#72,#4764);
#4764 = DEFINITIONAL_REPRESENTATION('',(#4765),#4769);
#4765 = LINE('',#4766,#4767);
#4766 = CARTESIAN_POINT('',(1.570796326795,0.));
#4767 = VECTOR('',#4768,1.);
#4768 = DIRECTION('',(0.,1.));
#4769 = ( GEOMETRIC_REPRESENTATION_CONTEXT(2) 
PARAMETRIC_REPRESENTATION_CONTEXT() REPRESENTATION_CONTEXT('2D SPACE',''
  ) );
#4770 = PCURVE('',#182,#4771);
#4771 = DEFINITIONAL_REPRESENTATION('',(#4772),#4776);
#4772 = LINE('',#4773,#4774);
#4773 = CARTESIAN_POINT('',(0.,5.));
#4774 = VECTOR('',#4775,1.);
#4775 = DIRECTION('',(1.,0.));
#4776 = ( GEOMETRIC_REPRESENTATION_CONTEXT(2) 
PARAMETRIC_REPRESENTATION_CONTEXT() REPRESENTATION_CONTEXT('2D SPACE',''
  ) );
#4777 = ORIENTED_EDGE('',*,*,#142,.F.);
#4778 = ORIENTED_EDGE('',*,*,#56,.F.);
#4779 = ADVANCED_FACE('',(#4780),#126,.T.);
#4780 = FACE_BOUND('',#4781,.F.);
#4781 = EDGE_LOOP('',(#4782,#4810,#4831,#4832));
#4782 = ORIENTED_EDGE('',*,*,#4783,.T.);
#4783 = EDGE_CURVE('',#85,#4784,#4786,.T.);
#4784 = VERTEX_POINT('',#4785);
#4785 = CARTESIAN_POINT('',(5.,60.,0.));
#4786 = SURFACE_CURVE('',#4787,(#4792,#4799),.PCURVE_S1.);
#4787 = CIRCLE('',#4788,5.);
#4788 = AXIS2_PLACEMENT_3D('',#4789,#4790,#4791);
#4789 = CARTESIAN_POINT('',(5.,55.,0.));
#4790 = DIRECTION('',(-0.,-0.,-1.));
#4791 = DIRECTION('',(0.,-1.,0.));
#4792 = PCURVE('',#126,#4793);
#4793 = DEFINITIONAL_REPRESENTATION('',(#4794),#4798);
#4794 = LINE('',#4795,#4796);
#4795 = CARTESIAN_POINT('',(1.570796326795,-0.));
#4796 = VECTOR('',#4797,1.);
#4797 = DIRECTION('',(-1.,0.));
#4798 = ( GEOMETRIC_REPRESENTATION_CONTEXT(2) 
PARAMETRIC_REPRESENTATION_CONTEXT() REPRESENTATION_CONTEXT('2D SPACE',''
  ) );
#4799 = PCURVE('',#100,#4800);
#4800 = DEFINITIONAL_REPRESENTATION('',(#4801),#4809);
#4801 = ( BOUNDED_CURVE() B_SPLINE_CURVE(2,(#4802,#4803,#4804,#4805,
#4806,#4807,#4808),.UNSPECIFIED.,.T.,.F.) B_SPLINE_CURVE_WITH_KNOTS((1,2
    ,2,2,2,1),(-2.094395102393,0.,2.094395102393,4.188790204786,
6.28318530718,8.377580409573),.UNSPECIFIED.) CURVE() 
GEOMETRIC_REPRESENTATION_ITEM() RATIONAL_B_SPLINE_CURVE((1.,0.5,1.,0.5,
1.,0.5,1.)) REPRESENTATION_ITEM('') );
#4802 = CARTESIAN_POINT('',(5.,50.));
#4803 = CARTESIAN_POINT('',(-3.660254037844,50.));
#4804 = CARTESIAN_POINT('',(0.669872981078,57.5));
#4805 = CARTESIAN_POINT('',(5.,65.));
#4806 = CARTESIAN_POINT('',(9.330127018922,57.5));
#4807 = CARTESIAN_POINT('',(13.660254037844,50.));
#4808 = CARTESIAN_POINT('',(5.,50.));
#4809 = ( GEOMETRIC_REPRESENTATION_CONTEXT(2) 
PARAMETRIC_REPRESENTATION_CONTEXT() REPRESENTATION_CONTEXT('2D SPACE',''
  ) );
#4810 = ORIENTED_EDGE('',*,*,#4811,.T.);
#4811 = EDGE_CURVE('',#4784,#285,#4812,.T.);
#4812 = SURFACE_CURVE('',#4813,(#4817,#4824),.PCURVE_S1.);
#4813 = LINE('',#4814,#4815);
#4814 = CARTESIAN_POINT('',(5.,60.,0.));
#4815 = VECTOR('',#4816,1.);
#4816 = DIRECTION('',(0.,0.,1.));
#4817 = PCURVE('',#126,#4818);
#4818 = DEFINITIONAL_REPRESENTATION('',(#4819),#4823);
#4819 = LINE('',#4820,#4821);
#4820 = CARTESIAN_POINT('',(-1.570796326795,0.));
#4821 = VECTOR('',#4822,1.);
#4822 = DIRECTION('',(-0.,1.));
#4823 = ( GEOMETRIC_REPRESENTATION_CONTEXT(2) 
PARAMETRIC_REPRESENTATION_CONTEXT() REPRESENTATION_CONTEXT('2D SPACE',''
  ) );
#4824 = PCURVE('',#300,#4825);
#4825 = DEFINITIONAL_REPRESENTATION('',(#4826),#4830);
#4826 = LINE('',#4827,#4828);
#4827 = CARTESIAN_POINT('',(0.,5.));
#4828 = VECTOR('',#4829,1.);
#4829 = DIRECTION('',(1.,0.));
#4830 = ( GEOMETRIC_REPRESENTATION_CONTEXT(2) 
PARAMETRIC_REPRESENTATION_CONTEXT() REPRESENTATION_CONTEXT('2D SPACE',''
  ) );
#4831 = ORIENTED_EDGE('',*,*,#312,.F.);
#4832 = ORIENTED_EDGE('',*,*,#112,.F.);
#4833 = ADVANCED_FACE('',(#4834,#4958,#5078),#100,.F.);
#4834 = FACE_BOUND('',#4835,.F.);
#4835 = EDGE_LOOP('',(#4836,#4837,#4838,#4861,#4889,#4912,#4936,#4957));
#4836 = ORIENTED_EDGE('',*,*,#84,.F.);
#4837 = ORIENTED_EDGE('',*,*,#4733,.T.);
#4838 = ORIENTED_EDGE('',*,*,#4839,.T.);
#4839 = EDGE_CURVE('',#4734,#4840,#4842,.T.);
#4840 = VERTEX_POINT('',#4841);
#4841 = CARTESIAN_POINT('',(55.,0.,0.));
#4842 = SURFACE_CURVE('',#4843,(#4847,#4854),.PCURVE_S1.);
#4843 = LINE('',#4844,#4845);
#4844 = CARTESIAN_POINT('',(0.,0.,0.));
#4845 = VECTOR('',#4846,1.);
#4846 = DIRECTION('',(1.,0.,0.));
#4847 = PCURVE('',#100,#4848);
#4848 = DEFINITIONAL_REPRESENTATION('',(#4849),#4853);
#4849 = LINE('',#4850,#4851);
#4850 = CARTESIAN_POINT('',(0.,0.));
#4851 = VECTOR('',#4852,1.);
#4852 = DIRECTION('',(1.,0.));
#4853 = ( GEOMETRIC_REPRESENTATION_CONTEXT(2) 
PARAMETRIC_REPRESENTATION_CONTEXT() REPRESENTATION_CONTEXT('2D SPACE',''
  ) );
#4854 = PCURVE('',#182,#4855);
#4855 = DEFINITIONAL_REPRESENTATION('',(#4856),#4860);
#4856 = LINE('',#4857,#4858);
#4857 = CARTESIAN_POINT('',(0.,0.));
#4858 = VECTOR('',#4859,1.);
#4859 = DIRECTION('',(0.,1.));
#4860 = ( GEOMETRIC_REPRESENTATION_CONTEXT(2) 
PARAMETRIC_REPRESENTATION_CONTEXT() REPRESENTATION_CONTEXT('2D SPACE',''
  ) );
#4861 = ORIENTED_EDGE('',*,*,#4862,.F.);
#4862 = EDGE_CURVE('',#4863,#4840,#4865,.T.);
#4863 = VERTEX_POINT('',#4864);
#4864 = CARTESIAN_POINT('',(60.,5.,0.));
#4865 = SURFACE_CURVE('',#4866,(#4871,#4882),.PCURVE_S1.);
#4866 = CIRCLE('',#4867,5.);
#4867 = AXIS2_PLACEMENT_3D('',#4868,#4869,#4870);
#4868 = CARTESIAN_POINT('',(55.,5.,0.));
#4869 = DIRECTION('',(-0.,-0.,-1.));
#4870 = DIRECTION('',(0.,-1.,0.));
#4871 = PCURVE('',#100,#4872);
#4872 = DEFINITIONAL_REPRESENTATION('',(#4873),#4881);
#4873 = ( BOUNDED_CURVE() B_SPLINE_CURVE(2,(#4874,#4875,#4876,#4877,
#4878,#4879,#4880),.UNSPECIFIED.,.T.,.F.) B_SPLINE_CURVE_WITH_KNOTS((1,2
    ,2,2,2,1),(-2.094395102393,0.,2.094395102393,4.188790204786,
6.28318530718,8.377580409573),.UNSPECIFIED.) CURVE() 
GEOMETRIC_REPRESENTATION_ITEM() RATIONAL_B_SPLINE_CURVE((1.,0.5,1.,0.5,
1.,0.5,1.)) REPRESENTATION_ITEM('') );
#4874 = CARTESIAN_POINT('',(55.,0.));
#4875 = CARTESIAN_POINT('',(46.339745962156,0.));
#4876 = CARTESIAN_POINT('',(50.669872981078,7.5));
#4877 = CARTESIAN_POINT('',(55.,15.));
#4878 = CARTESIAN_POINT('',(59.330127018922,7.5));
#4879 = CARTESIAN_POINT('',(63.660254037844,7.993605777301E-15));
#4880 = CARTESIAN_POINT('',(55.,0.));
#4881 = ( GEOMETRIC_REPRESENTATION_CONTEXT(2) 
PARAMETRIC_REPRESENTATION_CONTEXT() REPRESENTATION_CONTEXT('2D SPACE',''
  ) );
#4882 = PCURVE('',#215,#4883);
#4883 = DEFINITIONAL_REPRESENTATION('',(#4884),#4888);
#4884 = LINE('',#4885,#4886);
#4885 = CARTESIAN_POINT('',(4.712388980385,-0.));
#4886 = VECTOR('',#4887,1.);
#4887 = DIRECTION('',(-1.,0.));
#4888 = ( GEOMETRIC_REPRESENTATION_CONTEXT(2) 
PARAMETRIC_REPRESENTATION_CONTEXT() REPRESENTATION_CONTEXT('2D SPACE',''
  ) );
#4889 = ORIENTED_EDGE('',*,*,#4890,.T.);
#4890 = EDGE_CURVE('',#4863,#4891,#4893,.T.);
#4891 = VERTEX_POINT('',#4892);
#4892 = CARTESIAN_POINT('',(60.,55.,0.));
#4893 = SURFACE_CURVE('',#4894,(#4898,#4905),.PCURVE_S1.);
#4894 = LINE('',#4895,#4896);
#4895 = CARTESIAN_POINT('',(60.,0.,0.));
#4896 = VECTOR('',#4897,1.);
#4897 = DIRECTION('',(0.,1.,0.));
#4898 = PCURVE('',#100,#4899);
#4899 = DEFINITIONAL_REPRESENTATION('',(#4900),#4904);
#4900 = LINE('',#4901,#4902);
#4901 = CARTESIAN_POINT('',(60.,0.));
#4902 = VECTOR('',#4903,1.);
#4903 = DIRECTION('',(0.,1.));
#4904 = ( GEOMETRIC_REPRESENTATION_CONTEXT(2) 
PARAMETRIC_REPRESENTATION_CONTEXT() REPRESENTATION_CONTEXT('2D SPACE',''
  ) );
#4905 = PCURVE('',#243,#4906);
#4906 = DEFINITIONAL_REPRESENTATION('',(#4907),#4911);
#4907 = LINE('',#4908,#4909);
#4908 = CARTESIAN_POINT('',(0.,0.));
#4909 = VECTOR('',#4910,1.);
#4910 = DIRECTION('',(0.,-1.));
#4911 = ( GEOMETRIC_REPRESENTATION_CONTEXT(2) 
PARAMETRIC_REPRESENTATION_CONTEXT() REPRESENTATION_CONTEXT('2D SPACE',''
  ) );
#4912 = ORIENTED_EDGE('',*,*,#4913,.T.);
#4913 = EDGE_CURVE('',#4891,#4914,#4916,.T.);
#4914 = VERTEX_POINT('',#4915);
#4915 = CARTESIAN_POINT('',(55.,60.,0.));
#4916 = SURFACE_CURVE('',#4917,(#4922,#4929),.PCURVE_S1.);
#4917 = CIRCLE('',#4918,5.);
#4918 = AXIS2_PLACEMENT_3D('',#4919,#4920,#4921);
#4919 = CARTESIAN_POINT('',(55.,55.,0.));
#4920 = DIRECTION('',(0.,0.,1.));
#4921 = DIRECTION('',(0.,-1.,0.));
#4922 = PCURVE('',#100,#4923);
#4923 = DEFINITIONAL_REPRESENTATION('',(#4924),#4928);
#4924 = CIRCLE('',#4925,5.);
#4925 = AXIS2_PLACEMENT_2D('',#4926,#4927);
#4926 = CARTESIAN_POINT('',(55.,55.));
#4927 = DIRECTION('',(0.,-1.));
#4928 = ( GEOMETRIC_REPRESENTATION_CONTEXT(2) 
PARAMETRIC_REPRESENTATION_CONTEXT() REPRESENTATION_CONTEXT('2D SPACE',''
  ) );
#4929 = PCURVE('',#272,#4930);
#4930 = DEFINITIONAL_REPRESENTATION('',(#4931),#4935);
#4931 = LINE('',#4932,#4933);
#4932 = CARTESIAN_POINT('',(-1.570796326795,0.));
#4933 = VECTOR('',#4934,1.);
#4934 = DIRECTION('',(1.,0.));
#4935 = ( GEOMETRIC_REPRESENTATION_CONTEXT(2) 
PARAMETRIC_REPRESENTATION_CONTEXT() REPRESENTATION_CONTEXT('2D SPACE',''
  ) );
#4936 = ORIENTED_EDGE('',*,*,#4937,.F.);
#4937 = EDGE_CURVE('',#4784,#4914,#4938,.T.);
#4938 = SURFACE_CURVE('',#4939,(#4943,#4950),.PCURVE_S1.);
#4939 = LINE('',#4940,#4941);
#4940 = CARTESIAN_POINT('',(0.,60.,0.));
#4941 = VECTOR('',#4942,1.);
#4942 = DIRECTION('',(1.,0.,0.));
#4943 = PCURVE('',#100,#4944);
#4944 = DEFINITIONAL_REPRESENTATION('',(#4945),#4949);
#4945 = LINE('',#4946,#4947);
#4946 = CARTESIAN_POINT('',(0.,60.));
#4947 = VECTOR('',#4948,1.);
#4948 = DIRECTION('',(1.,0.));
#4949 = ( GEOMETRIC_REPRESENTATION_CONTEXT(2) 
PARAMETRIC_REPRESENTATION_CONTEXT() REPRESENTATION_CONTEXT('2D SPACE',''
  ) );
#4950 = PCURVE('',#300,#4951);
#4951 = DEFINITIONAL_REPRESENTATION('',(#4952),#4956);
#4952 = LINE('',#4953,#4954);
#4953 = CARTESIAN_POINT('',(0.,0.));
#4954 = VECTOR('',#4955,1.);
#4955 = DIRECTION('',(0.,1.));
#4956 = ( GEOMETRIC_REPRESENTATION_CONTEXT(2) 
PARAMETRIC_REPRESENTATION_CONTEXT() REPRESENTATION_CONTEXT('2D SPACE',''
  ) );
#4957 = ORIENTED_EDGE('',*,*,#4783,.F.);
#4958 = FACE_BOUND('',#4959,.F.);
#4959 = EDGE_LOOP('',(#4960,#4988,#5021,#5047));
#4960 = ORIENTED_EDGE('',*,*,#4961,.F.);
#4961 = EDGE_CURVE('',#4962,#4964,#4966,.T.);
#4962 = VERTEX_POINT('',#4963);
#4963 = CARTESIAN_POINT('',(9.7,13.7,0.));
#4964 = VERTEX_POINT('',#4965);
#4965 = CARTESIAN_POINT('',(9.7,6.3,0.));
#4966 = SURFACE_CURVE('',#4967,(#4971,#4977),.PCURVE_S1.);
#4967 = LINE('',#4968,#4969);
#4968 = CARTESIAN_POINT('',(9.7,3.15,0.));
#4969 = VECTOR('',#4970,1.);
#4970 = DIRECTION('',(-1.110223024625E-16,-1.,0.));
#4971 = PCURVE('',#100,#4972);
#4972 = DEFINITIONAL_REPRESENTATION('',(#4973),#4976);
#4973 = B_SPLINE_CURVE_WITH_KNOTS('',1,(#4974,#4975),.UNSPECIFIED.,.F.,
  .F.,(2,2),(-10.55,-3.15),.PIECEWISE_BEZIER_KNOTS.);
#4974 = CARTESIAN_POINT('',(9.7,13.7));
#4975 = CARTESIAN_POINT('',(9.7,6.3));
#4976 = ( GEOMETRIC_REPRESENTATION_CONTEXT(2) 
PARAMETRIC_REPRESENTATION_CONTEXT() REPRESENTATION_CONTEXT('2D SPACE',''
  ) );
#4977 = PCURVE('',#4978,#4983);
#4978 = PLANE('',#4979);
#4979 = AXIS2_PLACEMENT_3D('',#4980,#4981,#4982);
#4980 = CARTESIAN_POINT('',(9.7,6.3,-0.5));
#4981 = DIRECTION('',(-1.,1.110223024625E-16,0.));
#4982 = DIRECTION('',(1.110223024625E-16,1.,0.));
#4983 = DEFINITIONAL_REPRESENTATION('',(#4984),#4987);
#4984 = B_SPLINE_CURVE_WITH_KNOTS('',1,(#4985,#4986),.UNSPECIFIED.,.F.,
  .F.,(2,2),(-10.55,-3.15),.PIECEWISE_BEZIER_KNOTS.);
#4985 = CARTESIAN_POINT('',(7.4,-0.5));
#4986 = CARTESIAN_POINT('',(0.,-0.5));
#4987 = ( GEOMETRIC_REPRESENTATION_CONTEXT(2) 
PARAMETRIC_REPRESENTATION_CONTEXT() REPRESENTATION_CONTEXT('2D SPACE',''
  ) );
#4988 = ORIENTED_EDGE('',*,*,#4989,.T.);
#4989 = EDGE_CURVE('',#4962,#4990,#4992,.T.);
#4990 = VERTEX_POINT('',#4991);
#4991 = CARTESIAN_POINT('',(14.3,13.7,0.));
#4992 = SURFACE_CURVE('',#4993,(#4998,#5009),.PCURVE_S1.);
#4993 = CIRCLE('',#4994,2.3);
#4994 = AXIS2_PLACEMENT_3D('',#4995,#4996,#4997);
#4995 = CARTESIAN_POINT('',(12.,13.7,0.));
#4996 = DIRECTION('',(0.,0.,-1.));
#4997 = DIRECTION('',(-1.,1.110223024625E-16,0.));
#4998 = PCURVE('',#100,#4999);
#4999 = DEFINITIONAL_REPRESENTATION('',(#5000),#5008);
#5000 = ( BOUNDED_CURVE() B_SPLINE_CURVE(2,(#5001,#5002,#5003,#5004,
#5005,#5006,#5007),.UNSPECIFIED.,.T.,.F.) B_SPLINE_CURVE_WITH_KNOTS((1,2
    ,2,2,2,1),(-2.094395102393,0.,2.094395102393,4.188790204786,
6.28318530718,8.377580409573),.UNSPECIFIED.) CURVE() 
GEOMETRIC_REPRESENTATION_ITEM() RATIONAL_B_SPLINE_CURVE((1.,0.5,1.,0.5,
1.,0.5,1.)) REPRESENTATION_ITEM('') );
#5001 = CARTESIAN_POINT('',(9.7,13.7));
#5002 = CARTESIAN_POINT('',(9.7,17.683716857408));
#5003 = CARTESIAN_POINT('',(13.15,15.691858428704));
#5004 = CARTESIAN_POINT('',(16.6,13.7));
#5005 = CARTESIAN_POINT('',(13.15,11.708141571296));
#5006 = CARTESIAN_POINT('',(9.7,9.716283142592));
#5007 = CARTESIAN_POINT('',(9.7,13.7));
#5008 = ( GEOMETRIC_REPRESENTATION_CONTEXT(2) 
PARAMETRIC_REPRESENTATION_CONTEXT() REPRESENTATION_CONTEXT('2D SPACE',''
  ) );
#5009 = PCURVE('',#5010,#5015);
#5010 = CYLINDRICAL_SURFACE('',#5011,2.3);
#5011 = AXIS2_PLACEMENT_3D('',#5012,#5013,#5014);
#5012 = CARTESIAN_POINT('',(12.,13.7,-0.5));
#5013 = DIRECTION('',(0.,0.,-1.));
#5014 = DIRECTION('',(-1.,1.110223024625E-16,0.));
#5015 = DEFINITIONAL_REPRESENTATION('',(#5016),#5020);
#5016 = LINE('',#5017,#5018);
#5017 = CARTESIAN_POINT('',(0.,-0.5));
#5018 = VECTOR('',#5019,1.);
#5019 = DIRECTION('',(1.,0.));
#5020 = ( GEOMETRIC_REPRESENTATION_CONTEXT(2) 
PARAMETRIC_REPRESENTATION_CONTEXT() REPRESENTATION_CONTEXT('2D SPACE',''
  ) );
#5021 = ORIENTED_EDGE('',*,*,#5022,.F.);
#5022 = EDGE_CURVE('',#5023,#4990,#5025,.T.);
#5023 = VERTEX_POINT('',#5024);
#5024 = CARTESIAN_POINT('',(14.3,6.3,0.));
#5025 = SURFACE_CURVE('',#5026,(#5030,#5036),.PCURVE_S1.);
#5026 = LINE('',#5027,#5028);
#5027 = CARTESIAN_POINT('',(14.3,6.85,0.));
#5028 = VECTOR('',#5029,1.);
#5029 = DIRECTION('',(1.110223024625E-16,1.,-0.));
#5030 = PCURVE('',#100,#5031);
#5031 = DEFINITIONAL_REPRESENTATION('',(#5032),#5035);
#5032 = B_SPLINE_CURVE_WITH_KNOTS('',1,(#5033,#5034),.UNSPECIFIED.,.F.,
  .F.,(2,2),(-0.55,6.85),.PIECEWISE_BEZIER_KNOTS.);
#5033 = CARTESIAN_POINT('',(14.3,6.3));
#5034 = CARTESIAN_POINT('',(14.3,13.7));
#5035 = ( GEOMETRIC_REPRESENTATION_CONTEXT(2) 
PARAMETRIC_REPRESENTATION_CONTEXT() REPRESENTATION_CONTEXT('2D SPACE',''
  ) );
#5036 = PCURVE('',#5037,#5042);
#5037 = PLANE('',#5038);
#5038 = AXIS2_PLACEMENT_3D('',#5039,#5040,#5041);
#5039 = CARTESIAN_POINT('',(14.3,13.7,-0.5));
#5040 = DIRECTION('',(1.,-1.110223024625E-16,0.));
#5041 = DIRECTION('',(-1.110223024625E-16,-1.,0.));
#5042 = DEFINITIONAL_REPRESENTATION('',(#5043),#5046);
#5043 = B_SPLINE_CURVE_WITH_KNOTS('',1,(#5044,#5045),.UNSPECIFIED.,.F.,
  .F.,(2,2),(-0.55,6.85),.PIECEWISE_BEZIER_KNOTS.);
#5044 = CARTESIAN_POINT('',(7.4,-0.5));
#5045 = CARTESIAN_POINT('',(0.,-0.5));
#5046 = ( GEOMETRIC_REPRESENTATION_CONTEXT(2) 
PARAMETRIC_REPRESENTATION_CONTEXT() REPRESENTATION_CONTEXT('2D SPACE',''
  ) );
#5047 = ORIENTED_EDGE('',*,*,#5048,.T.);
#5048 = EDGE_CURVE('',#5023,#4964,#5049,.T.);
#5049 = SURFACE_CURVE('',#5050,(#5055,#5066),.PCURVE_S1.);
#5050 = CIRCLE('',#5051,2.3);
#5051 = AXIS2_PLACEMENT_3D('',#5052,#5053,#5054);
#5052 = CARTESIAN_POINT('',(12.,6.3,0.));
#5053 = DIRECTION('',(0.,-0.,-1.));
#5054 = DIRECTION('',(1.,-1.110223024625E-16,0.));
#5055 = PCURVE('',#100,#5056);
#5056 = DEFINITIONAL_REPRESENTATION('',(#5057),#5065);
#5057 = ( BOUNDED_CURVE() B_SPLINE_CURVE(2,(#5058,#5059,#5060,#5061,
#5062,#5063,#5064),.UNSPECIFIED.,.T.,.F.) B_SPLINE_CURVE_WITH_KNOTS((1,2
    ,2,2,2,1),(-2.094395102393,0.,2.094395102393,4.188790204786,
6.28318530718,8.377580409573),.UNSPECIFIED.) CURVE() 
GEOMETRIC_REPRESENTATION_ITEM() RATIONAL_B_SPLINE_CURVE((1.,0.5,1.,0.5,
1.,0.5,1.)) REPRESENTATION_ITEM('') );
#5058 = CARTESIAN_POINT('',(14.3,6.3));
#5059 = CARTESIAN_POINT('',(14.3,2.316283142592));
#5060 = CARTESIAN_POINT('',(10.85,4.308141571296));
#5061 = CARTESIAN_POINT('',(7.4,6.3));
#5062 = CARTESIAN_POINT('',(10.85,8.291858428704));
#5063 = CARTESIAN_POINT('',(14.3,10.283716857408));
#5064 = CARTESIAN_POINT('',(14.3,6.3));
#5065 = ( GEOMETRIC_REPRESENTATION_CONTEXT(2) 
PARAMETRIC_REPRESENTATION_CONTEXT() REPRESENTATION_CONTEXT('2D SPACE',''
  ) );
#5066 = PCURVE('',#5067,#5072);
#5067 = CYLINDRICAL_SURFACE('',#5068,2.3);
#5068 = AXIS2_PLACEMENT_3D('',#5069,#5070,#5071);
#5069 = CARTESIAN_POINT('',(12.,6.3,-0.5));
#5070 = DIRECTION('',(0.,-0.,-1.));
#5071 = DIRECTION('',(1.,-1.110223024625E-16,0.));
#5072 = DEFINITIONAL_REPRESENTATION('',(#5073),#5077);
#5073 = LINE('',#5074,#5075);
#5074 = CARTESIAN_POINT('',(0.,-0.5));
#5075 = VECTOR('',#5076,1.);
#5076 = DIRECTION('',(1.,0.));
#5077 = ( GEOMETRIC_REPRESENTATION_CONTEXT(2) 
PARAMETRIC_REPRESENTATION_CONTEXT() REPRESENTATION_CONTEXT('2D SPACE',''
  ) );
#5078 = FACE_BOUND('',#5079,.F.);
#5079 = EDGE_LOOP('',(#5080,#5108,#5141,#5167));
#5080 = ORIENTED_EDGE('',*,*,#5081,.F.);
#5081 = EDGE_CURVE('',#5082,#5084,#5086,.T.);
#5082 = VERTEX_POINT('',#5083);
#5083 = CARTESIAN_POINT('',(45.7,13.7,0.));
#5084 = VERTEX_POINT('',#5085);
#5085 = CARTESIAN_POINT('',(45.7,6.3,0.));
#5086 = SURFACE_CURVE('',#5087,(#5091,#5097),.PCURVE_S1.);
#5087 = LINE('',#5088,#5089);
#5088 = CARTESIAN_POINT('',(45.7,3.15,0.));
#5089 = VECTOR('',#5090,1.);
#5090 = DIRECTION('',(-1.110223024625E-16,-1.,0.));
#5091 = PCURVE('',#100,#5092);
#5092 = DEFINITIONAL_REPRESENTATION('',(#5093),#5096);
#5093 = B_SPLINE_CURVE_WITH_KNOTS('',1,(#5094,#5095),.UNSPECIFIED.,.F.,
  .F.,(2,2),(-10.55,-3.15),.PIECEWISE_BEZIER_KNOTS.);
#5094 = CARTESIAN_POINT('',(45.7,13.7));
#5095 = CARTESIAN_POINT('',(45.7,6.3));
#5096 = ( GEOMETRIC_REPRESENTATION_CONTEXT(2) 
PARAMETRIC_REPRESENTATION_CONTEXT() REPRESENTATION_CONTEXT('2D SPACE',''
  ) );
#5097 = PCURVE('',#5098,#5103);
#5098 = PLANE('',#5099);
#5099 = AXIS2_PLACEMENT_3D('',#5100,#5101,#5102);
#5100 = CARTESIAN_POINT('',(45.7,6.3,-0.5));
#5101 = DIRECTION('',(-1.,1.110223024625E-16,0.));
#5102 = DIRECTION('',(1.110223024625E-16,1.,0.));
#5103 = DEFINITIONAL_REPRESENTATION('',(#5104),#5107);
#5104 = B_SPLINE_CURVE_WITH_KNOTS('',1,(#5105,#5106),.UNSPECIFIED.,.F.,
  .F.,(2,2),(-10.55,-3.15),.PIECEWISE_BEZIER_KNOTS.);
#5105 = CARTESIAN_POINT('',(7.4,-0.5));
#5106 = CARTESIAN_POINT('',(0.,-0.5));
#5107 = ( GEOMETRIC_REPRESENTATION_CONTEXT(2) 
PARAMETRIC_REPRESENTATION_CONTEXT() REPRESENTATION_CONTEXT('2D SPACE',''
  ) );
#5108 = ORIENTED_EDGE('',*,*,#5109,.T.);
#5109 = EDGE_CURVE('',#5082,#5110,#5112,.T.);
#5110 = VERTEX_POINT('',#5111);
#5111 = CARTESIAN_POINT('',(50.3,13.7,0.));
#5112 = SURFACE_CURVE('',#5113,(#5118,#5129),.PCURVE_S1.);
#5113 = CIRCLE('',#5114,2.3);
#5114 = AXIS2_PLACEMENT_3D('',#5115,#5116,#5117);
#5115 = CARTESIAN_POINT('',(48.,13.7,0.));
#5116 = DIRECTION('',(0.,0.,-1.));
#5117 = DIRECTION('',(-1.,1.110223024625E-16,0.));
#5118 = PCURVE('',#100,#5119);
#5119 = DEFINITIONAL_REPRESENTATION('',(#5120),#5128);
#5120 = ( BOUNDED_CURVE() B_SPLINE_CURVE(2,(#5121,#5122,#5123,#5124,
#5125,#5126,#5127),.UNSPECIFIED.,.T.,.F.) B_SPLINE_CURVE_WITH_KNOTS((1,2
    ,2,2,2,1),(-2.094395102393,0.,2.094395102393,4.188790204786,
6.28318530718,8.377580409573),.UNSPECIFIED.) CURVE() 
GEOMETRIC_REPRESENTATION_ITEM() RATIONAL_B_SPLINE_CURVE((1.,0.5,1.,0.5,
1.,0.5,1.)) REPRESENTATION_ITEM('') );
#5121 = CARTESIAN_POINT('',(45.7,13.7));
#5122 = CARTESIAN_POINT('',(45.7,17.683716857408));
#5123 = CARTESIAN_POINT('',(49.15,15.691858428704));
#5124 = CARTESIAN_POINT('',(52.6,13.7));
#5125 = CARTESIAN_POINT('',(49.15,11.708141571296));
#5126 = CARTESIAN_POINT('',(45.7,9.716283142592));
#5127 = CARTESIAN_POINT('',(45.7,13.7));
#5128 = ( GEOMETRIC_REPRESENTATION_CONTEXT(2) 
PARAMETRIC_REPRESENTATION_CONTEXT() REPRESENTATION_CONTEXT('2D SPACE',''
  ) );
#5129 = PCURVE('',#5130,#5135);
#5130 = CYLINDRICAL_SURFACE('',#5131,2.3);
#5131 = AXIS2_PLACEMENT_3D('',#5132,#5133,#5134);
#5132 = CARTESIAN_POINT('',(48.,13.7,-0.5));
#5133 = DIRECTION('',(0.,0.,-1.));
#5134 = DIRECTION('',(-1.,1.110223024625E-16,0.));
#5135 = DEFINITIONAL_REPRESENTATION('',(#5136),#5140);
#5136 = LINE('',#5137,#5138);
#5137 = CARTESIAN_POINT('',(0.,-0.5));
#5138 = VECTOR('',#5139,1.);
#5139 = DIRECTION('',(1.,0.));
#5140 = ( GEOMETRIC_REPRESENTATION_CONTEXT(2) 
PARAMETRIC_REPRESENTATION_CONTEXT() REPRESENTATION_CONTEXT('2D SPACE',''
  ) );
#5141 = ORIENTED_EDGE('',*,*,#5142,.F.);
#5142 = EDGE_CURVE('',#5143,#5110,#5145,.T.);
#5143 = VERTEX_POINT('',#5144);
#5144 = CARTESIAN_POINT('',(50.3,6.3,0.));
#5145 = SURFACE_CURVE('',#5146,(#5150,#5156),.PCURVE_S1.);
#5146 = LINE('',#5147,#5148);
#5147 = CARTESIAN_POINT('',(50.3,6.85,0.));
#5148 = VECTOR('',#5149,1.);
#5149 = DIRECTION('',(1.110223024625E-16,1.,-0.));
#5150 = PCURVE('',#100,#5151);
#5151 = DEFINITIONAL_REPRESENTATION('',(#5152),#5155);
#5152 = B_SPLINE_CURVE_WITH_KNOTS('',1,(#5153,#5154),.UNSPECIFIED.,.F.,
  .F.,(2,2),(-0.55,6.85),.PIECEWISE_BEZIER_KNOTS.);
#5153 = CARTESIAN_POINT('',(50.3,6.3));
#5154 = CARTESIAN_POINT('',(50.3,13.7));
#5155 = ( GEOMETRIC_REPRESENTATION_CONTEXT(2) 
PARAMETRIC_REPRESENTATION_CONTEXT() REPRESENTATION_CONTEXT('2D SPACE',''
  ) );
#5156 = PCURVE('',#5157,#5162);
#5157 = PLANE('',#5158);
#5158 = AXIS2_PLACEMENT_3D('',#5159,#5160,#5161);
#5159 = CARTESIAN_POINT('',(50.3,13.7,-0.5));
#5160 = DIRECTION('',(1.,-1.110223024625E-16,0.));
#5161 = DIRECTION('',(-1.110223024625E-16,-1.,0.));
#5162 = DEFINITIONAL_REPRESENTATION('',(#5163),#5166);
#5163 = B_SPLINE_CURVE_WITH_KNOTS('',1,(#5164,#5165),.UNSPECIFIED.,.F.,
  .F.,(2,2),(-0.55,6.85),.PIECEWISE_BEZIER_KNOTS.);
#5164 = CARTESIAN_POINT('',(7.4,-0.5));
#5165 = CARTESIAN_POINT('',(0.,-0.5));
#5166 = ( GEOMETRIC_REPRESENTATION_CONTEXT(2) 
PARAMETRIC_REPRESENTATION_CONTEXT() REPRESENTATION_CONTEXT('2D SPACE',''
  ) );
#5167 = ORIENTED_EDGE('',*,*,#5168,.T.);
#5168 = EDGE_CURVE('',#5143,#5084,#5169,.T.);
#5169 = SURFACE_CURVE('',#5170,(#5175,#5186),.PCURVE_S1.);
#5170 = CIRCLE('',#5171,2.3);
#5171 = AXIS2_PLACEMENT_3D('',#5172,#5173,#5174);
#5172 = CARTESIAN_POINT('',(48.,6.3,0.));
#5173 = DIRECTION('',(0.,-0.,-1.));
#5174 = DIRECTION('',(1.,-1.110223024625E-16,0.));
#5175 = PCURVE('',#100,#5176);
#5176 = DEFINITIONAL_REPRESENTATION('',(#5177),#5185);
#5177 = ( BOUNDED_CURVE() B_SPLINE_CURVE(2,(#5178,#5179,#5180,#5181,
#5182,#5183,#5184),.UNSPECIFIED.,.T.,.F.) B_SPLINE_CURVE_WITH_KNOTS((1,2
    ,2,2,2,1),(-2.094395102393,0.,2.094395102393,4.188790204786,
6.28318530718,8.377580409573),.UNSPECIFIED.) CURVE() 
GEOMETRIC_REPRESENTATION_ITEM() RATIONAL_B_SPLINE_CURVE((1.,0.5,1.,0.5,
1.,0.5,1.)) REPRESENTATION_ITEM('') );
#5178 = CARTESIAN_POINT('',(50.3,6.3));
#5179 = CARTESIAN_POINT('',(50.3,2.316283142592));
#5180 = CARTESIAN_POINT('',(46.85,4.308141571296));
#5181 = CARTESIAN_POINT('',(43.4,6.3));
#5182 = CARTESIAN_POINT('',(46.85,8.291858428704));
#5183 = CARTESIAN_POINT('',(50.3,10.283716857408));
#5184 = CARTESIAN_POINT('',(50.3,6.3));
#5185 = ( GEOMETRIC_REPRESENTATION_CONTEXT(2) 
PARAMETRIC_REPRESENTATION_CONTEXT() REPRESENTATION_CONTEXT('2D SPACE',''
  ) );
#5186 = PCURVE('',#5187,#5192);
#5187 = CYLINDRICAL_SURFACE('',#5188,2.3);
#5188 = AXIS2_PLACEMENT_3D('',#5189,#5190,#5191);
#5189 = CARTESIAN_POINT('',(48.,6.3,-0.5));
#5190 = DIRECTION('',(0.,-0.,-1.));
#5191 = DIRECTION('',(1.,-1.110223024625E-16,0.));
#5192 = DEFINITIONAL_REPRESENTATION('',(#5193),#5197);
#5193 = LINE('',#5194,#5195);
#5194 = CARTESIAN_POINT('',(0.,-0.5));
#5195 = VECTOR('',#5196,1.);
#5196 = DIRECTION('',(1.,0.));
#5197 = ( GEOMETRIC_REPRESENTATION_CONTEXT(2) 
PARAMETRIC_REPRESENTATION_CONTEXT() REPRESENTATION_CONTEXT('2D SPACE',''
  ) );
#5198 = ADVANCED_FACE('',(#5199),#182,.F.);
#5199 = FACE_BOUND('',#5200,.F.);
#5200 = EDGE_LOOP('',(#5201,#5202,#5203,#5204));
#5201 = ORIENTED_EDGE('',*,*,#4839,.F.);
#5202 = ORIENTED_EDGE('',*,*,#4757,.T.);
#5203 = ORIENTED_EDGE('',*,*,#166,.T.);
#5204 = ORIENTED_EDGE('',*,*,#5205,.F.);
#5205 = EDGE_CURVE('',#4840,#167,#5206,.T.);
#5206 = SURFACE_CURVE('',#5207,(#5211,#5218),.PCURVE_S1.);
#5207 = LINE('',#5208,#5209);
#5208 = CARTESIAN_POINT('',(55.,0.,0.));
#5209 = VECTOR('',#5210,1.);
#5210 = DIRECTION('',(0.,0.,1.));
#5211 = PCURVE('',#182,#5212);
#5212 = DEFINITIONAL_REPRESENTATION('',(#5213),#5217);
#5213 = LINE('',#5214,#5215);
#5214 = CARTESIAN_POINT('',(0.,55.));
#5215 = VECTOR('',#5216,1.);
#5216 = DIRECTION('',(1.,0.));
#5217 = ( GEOMETRIC_REPRESENTATION_CONTEXT(2) 
PARAMETRIC_REPRESENTATION_CONTEXT() REPRESENTATION_CONTEXT('2D SPACE',''
  ) );
#5218 = PCURVE('',#215,#5219);
#5219 = DEFINITIONAL_REPRESENTATION('',(#5220),#5224);
#5220 = LINE('',#5221,#5222);
#5221 = CARTESIAN_POINT('',(-1.570796326795,0.));
#5222 = VECTOR('',#5223,1.);
#5223 = DIRECTION('',(-0.,1.));
#5224 = ( GEOMETRIC_REPRESENTATION_CONTEXT(2) 
PARAMETRIC_REPRESENTATION_CONTEXT() REPRESENTATION_CONTEXT('2D SPACE',''
  ) );
#5225 = ADVANCED_FACE('',(#5226),#300,.T.);
#5226 = FACE_BOUND('',#5227,.T.);
#5227 = EDGE_LOOP('',(#5228,#5229,#5230,#5231));
#5228 = ORIENTED_EDGE('',*,*,#4937,.F.);
#5229 = ORIENTED_EDGE('',*,*,#4811,.T.);
#5230 = ORIENTED_EDGE('',*,*,#284,.T.);
#5231 = ORIENTED_EDGE('',*,*,#5232,.F.);
#5232 = EDGE_CURVE('',#4914,#256,#5233,.T.);
#5233 = SURFACE_CURVE('',#5234,(#5238,#5245),.PCURVE_S1.);
#5234 = LINE('',#5235,#5236);
#5235 = CARTESIAN_POINT('',(55.,60.,0.));
#5236 = VECTOR('',#5237,1.);
#5237 = DIRECTION('',(0.,0.,1.));
#5238 = PCURVE('',#300,#5239);
#5239 = DEFINITIONAL_REPRESENTATION('',(#5240),#5244);
#5240 = LINE('',#5241,#5242);
#5241 = CARTESIAN_POINT('',(0.,55.));
#5242 = VECTOR('',#5243,1.);
#5243 = DIRECTION('',(1.,0.));
#5244 = ( GEOMETRIC_REPRESENTATION_CONTEXT(2) 
PARAMETRIC_REPRESENTATION_CONTEXT() REPRESENTATION_CONTEXT('2D SPACE',''
  ) );
#5245 = PCURVE('',#272,#5246);
#5246 = DEFINITIONAL_REPRESENTATION('',(#5247),#5251);
#5247 = LINE('',#5248,#5249);
#5248 = CARTESIAN_POINT('',(1.570796326795,0.));
#5249 = VECTOR('',#5250,1.);
#5250 = DIRECTION('',(0.,1.));
#5251 = ( GEOMETRIC_REPRESENTATION_CONTEXT(2) 
PARAMETRIC_REPRESENTATION_CONTEXT() REPRESENTATION_CONTEXT('2D SPACE',''
  ) );
#5252 = ADVANCED_FACE('',(#5253),#215,.T.);
#5253 = FACE_BOUND('',#5254,.F.);
#5254 = EDGE_LOOP('',(#5255,#5256,#5257,#5258));
#5255 = ORIENTED_EDGE('',*,*,#4862,.T.);
#5256 = ORIENTED_EDGE('',*,*,#5205,.T.);
#5257 = ORIENTED_EDGE('',*,*,#194,.F.);
#5258 = ORIENTED_EDGE('',*,*,#5259,.F.);
#5259 = EDGE_CURVE('',#4863,#195,#5260,.T.);
#5260 = SURFACE_CURVE('',#5261,(#5265,#5272),.PCURVE_S1.);
#5261 = LINE('',#5262,#5263);
#5262 = CARTESIAN_POINT('',(60.,5.,0.));
#5263 = VECTOR('',#5264,1.);
#5264 = DIRECTION('',(0.,0.,1.));
#5265 = PCURVE('',#215,#5266);
#5266 = DEFINITIONAL_REPRESENTATION('',(#5267),#5271);
#5267 = LINE('',#5268,#5269);
#5268 = CARTESIAN_POINT('',(-0.,0.));
#5269 = VECTOR('',#5270,1.);
#5270 = DIRECTION('',(-0.,1.));
#5271 = ( GEOMETRIC_REPRESENTATION_CONTEXT(2) 
PARAMETRIC_REPRESENTATION_CONTEXT() REPRESENTATION_CONTEXT('2D SPACE',''
  ) );
#5272 = PCURVE('',#243,#5273);
#5273 = DEFINITIONAL_REPRESENTATION('',(#5274),#5278);
#5274 = LINE('',#5275,#5276);
#5275 = CARTESIAN_POINT('',(0.,-5.));
#5276 = VECTOR('',#5277,1.);
#5277 = DIRECTION('',(1.,0.));
#5278 = ( GEOMETRIC_REPRESENTATION_CONTEXT(2) 
PARAMETRIC_REPRESENTATION_CONTEXT() REPRESENTATION_CONTEXT('2D SPACE',''
  ) );
#5279 = ADVANCED_FACE('',(#5280),#272,.T.);
#5280 = FACE_BOUND('',#5281,.T.);
#5281 = EDGE_LOOP('',(#5282,#5283,#5284,#5285));
#5282 = ORIENTED_EDGE('',*,*,#4913,.T.);
#5283 = ORIENTED_EDGE('',*,*,#5232,.T.);
#5284 = ORIENTED_EDGE('',*,*,#255,.F.);
#5285 = ORIENTED_EDGE('',*,*,#5286,.F.);
#5286 = EDGE_CURVE('',#4891,#228,#5287,.T.);
#5287 = SURFACE_CURVE('',#5288,(#5292,#5299),.PCURVE_S1.);
#5288 = LINE('',#5289,#5290);
#5289 = CARTESIAN_POINT('',(60.,55.,0.));
#5290 = VECTOR('',#5291,1.);
#5291 = DIRECTION('',(0.,0.,1.));
#5292 = PCURVE('',#272,#5293);
#5293 = DEFINITIONAL_REPRESENTATION('',(#5294),#5298);
#5294 = LINE('',#5295,#5296);
#5295 = CARTESIAN_POINT('',(0.,0.));
#5296 = VECTOR('',#5297,1.);
#5297 = DIRECTION('',(0.,1.));
#5298 = ( GEOMETRIC_REPRESENTATION_CONTEXT(2) 
PARAMETRIC_REPRESENTATION_CONTEXT() REPRESENTATION_CONTEXT('2D SPACE',''
  ) );
#5299 = PCURVE('',#243,#5300);
#5300 = DEFINITIONAL_REPRESENTATION('',(#5301),#5305);
#5301 = LINE('',#5302,#5303);
#5302 = CARTESIAN_POINT('',(0.,-55.));
#5303 = VECTOR('',#5304,1.);
#5304 = DIRECTION('',(1.,0.));
#5305 = ( GEOMETRIC_REPRESENTATION_CONTEXT(2) 
PARAMETRIC_REPRESENTATION_CONTEXT() REPRESENTATION_CONTEXT('2D SPACE',''
  ) );
#5306 = ADVANCED_FACE('',(#5307),#243,.T.);
#5307 = FACE_BOUND('',#5308,.T.);
#5308 = EDGE_LOOP('',(#5309,#5310,#5311,#5312));
#5309 = ORIENTED_EDGE('',*,*,#227,.F.);
#5310 = ORIENTED_EDGE('',*,*,#5259,.F.);
#5311 = ORIENTED_EDGE('',*,*,#4890,.T.);
#5312 = ORIENTED_EDGE('',*,*,#5286,.T.);
#5313 = ADVANCED_FACE('',(#5314),#357,.T.);
#5314 = FACE_BOUND('',#5315,.T.);
#5315 = EDGE_LOOP('',(#5316,#5339,#5367,#5388));
#5316 = ORIENTED_EDGE('',*,*,#5317,.F.);
#5317 = EDGE_CURVE('',#5318,#341,#5320,.T.);
#5318 = VERTEX_POINT('',#5319);
#5319 = CARTESIAN_POINT('',(18.85,7.775,7.65));
#5320 = SURFACE_CURVE('',#5321,(#5325,#5332),.PCURVE_S1.);
#5321 = LINE('',#5322,#5323);
#5322 = CARTESIAN_POINT('',(18.85,7.775,7.65));
#5323 = VECTOR('',#5324,1.);
#5324 = DIRECTION('',(0.,0.,1.));
#5325 = PCURVE('',#357,#5326);
#5326 = DEFINITIONAL_REPRESENTATION('',(#5327),#5331);
#5327 = LINE('',#5328,#5329);
#5328 = CARTESIAN_POINT('',(0.,1.8));
#5329 = VECTOR('',#5330,1.);
#5330 = DIRECTION('',(1.,0.));
#5331 = ( GEOMETRIC_REPRESENTATION_CONTEXT(2) 
PARAMETRIC_REPRESENTATION_CONTEXT() REPRESENTATION_CONTEXT('2D SPACE',''
  ) );
#5332 = PCURVE('',#433,#5333);
#5333 = DEFINITIONAL_REPRESENTATION('',(#5334),#5338);
#5334 = LINE('',#5335,#5336);
#5335 = CARTESIAN_POINT('',(0.,0.));
#5336 = VECTOR('',#5337,1.);
#5337 = DIRECTION('',(1.,0.));
#5338 = ( GEOMETRIC_REPRESENTATION_CONTEXT(2) 
PARAMETRIC_REPRESENTATION_CONTEXT() REPRESENTATION_CONTEXT('2D SPACE',''
  ) );
#5339 = ORIENTED_EDGE('',*,*,#5340,.F.);
#5340 = EDGE_CURVE('',#5341,#5318,#5343,.T.);
#5341 = VERTEX_POINT('',#5342);
#5342 = CARTESIAN_POINT('',(17.05,7.775,7.65));
#5343 = SURFACE_CURVE('',#5344,(#5348,#5355),.PCURVE_S1.);
#5344 = LINE('',#5345,#5346);
#5345 = CARTESIAN_POINT('',(17.05,7.775,7.65));
#5346 = VECTOR('',#5347,1.);
#5347 = DIRECTION('',(1.,0.,0.));
#5348 = PCURVE('',#357,#5349);
#5349 = DEFINITIONAL_REPRESENTATION('',(#5350),#5354);
#5350 = LINE('',#5351,#5352);
#5351 = CARTESIAN_POINT('',(0.,0.));
#5352 = VECTOR('',#5353,1.);
#5353 = DIRECTION('',(0.,1.));
#5354 = ( GEOMETRIC_REPRESENTATION_CONTEXT(2) 
PARAMETRIC_REPRESENTATION_CONTEXT() REPRESENTATION_CONTEXT('2D SPACE',''
  ) );
#5355 = PCURVE('',#5356,#5361);
#5356 = PLANE('',#5357);
#5357 = AXIS2_PLACEMENT_3D('',#5358,#5359,#5360);
#5358 = CARTESIAN_POINT('',(17.05,7.775,7.65));
#5359 = DIRECTION('',(0.,0.,1.));
#5360 = DIRECTION('',(1.,0.,0.));
#5361 = DEFINITIONAL_REPRESENTATION('',(#5362),#5366);
#5362 = LINE('',#5363,#5364);
#5363 = CARTESIAN_POINT('',(0.,0.));
#5364 = VECTOR('',#5365,1.);
#5365 = DIRECTION('',(1.,0.));
#5366 = ( GEOMETRIC_REPRESENTATION_CONTEXT(2) 
PARAMETRIC_REPRESENTATION_CONTEXT() REPRESENTATION_CONTEXT('2D SPACE',''
  ) );
#5367 = ORIENTED_EDGE('',*,*,#5368,.T.);
#5368 = EDGE_CURVE('',#5341,#343,#5369,.T.);
#5369 = SURFACE_CURVE('',#5370,(#5374,#5381),.PCURVE_S1.);
#5370 = LINE('',#5371,#5372);
#5371 = CARTESIAN_POINT('',(17.05,7.775,7.65));
#5372 = VECTOR('',#5373,1.);
#5373 = DIRECTION('',(0.,0.,1.));
#5374 = PCURVE('',#357,#5375);
#5375 = DEFINITIONAL_REPRESENTATION('',(#5376),#5380);
#5376 = LINE('',#5377,#5378);
#5377 = CARTESIAN_POINT('',(0.,0.));
#5378 = VECTOR('',#5379,1.);
#5379 = DIRECTION('',(1.,0.));
#5380 = ( GEOMETRIC_REPRESENTATION_CONTEXT(2) 
PARAMETRIC_REPRESENTATION_CONTEXT() REPRESENTATION_CONTEXT('2D SPACE',''
  ) );
#5381 = PCURVE('',#383,#5382);
#5382 = DEFINITIONAL_REPRESENTATION('',(#5383),#5387);
#5383 = LINE('',#5384,#5385);
#5384 = CARTESIAN_POINT('',(0.,0.));
#5385 = VECTOR('',#5386,1.);
#5386 = DIRECTION('',(1.,0.));
#5387 = ( GEOMETRIC_REPRESENTATION_CONTEXT(2) 
PARAMETRIC_REPRESENTATION_CONTEXT() REPRESENTATION_CONTEXT('2D SPACE',''
  ) );
#5388 = ORIENTED_EDGE('',*,*,#340,.F.);
#5389 = ADVANCED_FACE('',(#5390),#433,.F.);
#5390 = FACE_BOUND('',#5391,.F.);
#5391 = EDGE_LOOP('',(#5392,#5393,#5416,#5437));
#5392 = ORIENTED_EDGE('',*,*,#5317,.F.);
#5393 = ORIENTED_EDGE('',*,*,#5394,.T.);
#5394 = EDGE_CURVE('',#5318,#5395,#5397,.T.);
#5395 = VERTEX_POINT('',#5396);
#5396 = CARTESIAN_POINT('',(18.85,8.225,7.65));
#5397 = SURFACE_CURVE('',#5398,(#5402,#5409),.PCURVE_S1.);
#5398 = LINE('',#5399,#5400);
#5399 = CARTESIAN_POINT('',(18.85,7.775,7.65));
#5400 = VECTOR('',#5401,1.);
#5401 = DIRECTION('',(0.,1.,0.));
#5402 = PCURVE('',#433,#5403);
#5403 = DEFINITIONAL_REPRESENTATION('',(#5404),#5408);
#5404 = LINE('',#5405,#5406);
#5405 = CARTESIAN_POINT('',(0.,0.));
#5406 = VECTOR('',#5407,1.);
#5407 = DIRECTION('',(0.,-1.));
#5408 = ( GEOMETRIC_REPRESENTATION_CONTEXT(2) 
PARAMETRIC_REPRESENTATION_CONTEXT() REPRESENTATION_CONTEXT('2D SPACE',''
  ) );
#5409 = PCURVE('',#5356,#5410);
#5410 = DEFINITIONAL_REPRESENTATION('',(#5411),#5415);
#5411 = LINE('',#5412,#5413);
#5412 = CARTESIAN_POINT('',(1.8,0.));
#5413 = VECTOR('',#5414,1.);
#5414 = DIRECTION('',(0.,1.));
#5415 = ( GEOMETRIC_REPRESENTATION_CONTEXT(2) 
PARAMETRIC_REPRESENTATION_CONTEXT() REPRESENTATION_CONTEXT('2D SPACE',''
  ) );
#5416 = ORIENTED_EDGE('',*,*,#5417,.T.);
#5417 = EDGE_CURVE('',#5395,#395,#5418,.T.);
#5418 = SURFACE_CURVE('',#5419,(#5423,#5430),.PCURVE_S1.);
#5419 = LINE('',#5420,#5421);
#5420 = CARTESIAN_POINT('',(18.85,8.225,7.65));
#5421 = VECTOR('',#5422,1.);
#5422 = DIRECTION('',(0.,0.,1.));
#5423 = PCURVE('',#433,#5424);
#5424 = DEFINITIONAL_REPRESENTATION('',(#5425),#5429);
#5425 = LINE('',#5426,#5427);
#5426 = CARTESIAN_POINT('',(0.,-0.45));
#5427 = VECTOR('',#5428,1.);
#5428 = DIRECTION('',(1.,0.));
#5429 = ( GEOMETRIC_REPRESENTATION_CONTEXT(2) 
PARAMETRIC_REPRESENTATION_CONTEXT() REPRESENTATION_CONTEXT('2D SPACE',''
  ) );
#5430 = PCURVE('',#409,#5431);
#5431 = DEFINITIONAL_REPRESENTATION('',(#5432),#5436);
#5432 = LINE('',#5433,#5434);
#5433 = CARTESIAN_POINT('',(0.,1.8));
#5434 = VECTOR('',#5435,1.);
#5435 = DIRECTION('',(1.,0.));
#5436 = ( GEOMETRIC_REPRESENTATION_CONTEXT(2) 
PARAMETRIC_REPRESENTATION_CONTEXT() REPRESENTATION_CONTEXT('2D SPACE',''
  ) );
#5437 = ORIENTED_EDGE('',*,*,#420,.F.);
#5438 = ADVANCED_FACE('',(#5439),#383,.T.);
#5439 = FACE_BOUND('',#5440,.T.);
#5440 = EDGE_LOOP('',(#5441,#5442,#5465,#5486));
#5441 = ORIENTED_EDGE('',*,*,#5368,.F.);
#5442 = ORIENTED_EDGE('',*,*,#5443,.T.);
#5443 = EDGE_CURVE('',#5341,#5444,#5446,.T.);
#5444 = VERTEX_POINT('',#5445);
#5445 = CARTESIAN_POINT('',(17.05,8.225,7.65));
#5446 = SURFACE_CURVE('',#5447,(#5451,#5458),.PCURVE_S1.);
#5447 = LINE('',#5448,#5449);
#5448 = CARTESIAN_POINT('',(17.05,7.775,7.65));
#5449 = VECTOR('',#5450,1.);
#5450 = DIRECTION('',(0.,1.,0.));
#5451 = PCURVE('',#383,#5452);
#5452 = DEFINITIONAL_REPRESENTATION('',(#5453),#5457);
#5453 = LINE('',#5454,#5455);
#5454 = CARTESIAN_POINT('',(0.,0.));
#5455 = VECTOR('',#5456,1.);
#5456 = DIRECTION('',(0.,-1.));
#5457 = ( GEOMETRIC_REPRESENTATION_CONTEXT(2) 
PARAMETRIC_REPRESENTATION_CONTEXT() REPRESENTATION_CONTEXT('2D SPACE',''
  ) );
#5458 = PCURVE('',#5356,#5459);
#5459 = DEFINITIONAL_REPRESENTATION('',(#5460),#5464);
#5460 = LINE('',#5461,#5462);
#5461 = CARTESIAN_POINT('',(0.,0.));
#5462 = VECTOR('',#5463,1.);
#5463 = DIRECTION('',(0.,1.));
#5464 = ( GEOMETRIC_REPRESENTATION_CONTEXT(2) 
PARAMETRIC_REPRESENTATION_CONTEXT() REPRESENTATION_CONTEXT('2D SPACE',''
  ) );
#5465 = ORIENTED_EDGE('',*,*,#5466,.T.);
#5466 = EDGE_CURVE('',#5444,#369,#5467,.T.);
#5467 = SURFACE_CURVE('',#5468,(#5472,#5479),.PCURVE_S1.);
#5468 = LINE('',#5469,#5470);
#5469 = CARTESIAN_POINT('',(17.05,8.225,7.65));
#5470 = VECTOR('',#5471,1.);
#5471 = DIRECTION('',(0.,0.,1.));
#5472 = PCURVE('',#383,#5473);
#5473 = DEFINITIONAL_REPRESENTATION('',(#5474),#5478);
#5474 = LINE('',#5475,#5476);
#5475 = CARTESIAN_POINT('',(0.,-0.45));
#5476 = VECTOR('',#5477,1.);
#5477 = DIRECTION('',(1.,0.));
#5478 = ( GEOMETRIC_REPRESENTATION_CONTEXT(2) 
PARAMETRIC_REPRESENTATION_CONTEXT() REPRESENTATION_CONTEXT('2D SPACE',''
  ) );
#5479 = PCURVE('',#409,#5480);
#5480 = DEFINITIONAL_REPRESENTATION('',(#5481),#5485);
#5481 = LINE('',#5482,#5483);
#5482 = CARTESIAN_POINT('',(0.,0.));
#5483 = VECTOR('',#5484,1.);
#5484 = DIRECTION('',(1.,0.));
#5485 = ( GEOMETRIC_REPRESENTATION_CONTEXT(2) 
PARAMETRIC_REPRESENTATION_CONTEXT() REPRESENTATION_CONTEXT('2D SPACE',''
  ) );
#5486 = ORIENTED_EDGE('',*,*,#368,.F.);
#5487 = ADVANCED_FACE('',(#5488),#409,.F.);
#5488 = FACE_BOUND('',#5489,.F.);
#5489 = EDGE_LOOP('',(#5490,#5491,#5512,#5513));
#5490 = ORIENTED_EDGE('',*,*,#5417,.F.);
#5491 = ORIENTED_EDGE('',*,*,#5492,.F.);
#5492 = EDGE_CURVE('',#5444,#5395,#5493,.T.);
#5493 = SURFACE_CURVE('',#5494,(#5498,#5505),.PCURVE_S1.);
#5494 = LINE('',#5495,#5496);
#5495 = CARTESIAN_POINT('',(17.05,8.225,7.65));
#5496 = VECTOR('',#5497,1.);
#5497 = DIRECTION('',(1.,0.,0.));
#5498 = PCURVE('',#409,#5499);
#5499 = DEFINITIONAL_REPRESENTATION('',(#5500),#5504);
#5500 = LINE('',#5501,#5502);
#5501 = CARTESIAN_POINT('',(0.,0.));
#5502 = VECTOR('',#5503,1.);
#5503 = DIRECTION('',(0.,1.));
#5504 = ( GEOMETRIC_REPRESENTATION_CONTEXT(2) 
PARAMETRIC_REPRESENTATION_CONTEXT() REPRESENTATION_CONTEXT('2D SPACE',''
  ) );
#5505 = PCURVE('',#5356,#5506);
#5506 = DEFINITIONAL_REPRESENTATION('',(#5507),#5511);
#5507 = LINE('',#5508,#5509);
#5508 = CARTESIAN_POINT('',(0.,0.45));
#5509 = VECTOR('',#5510,1.);
#5510 = DIRECTION('',(1.,0.));
#5511 = ( GEOMETRIC_REPRESENTATION_CONTEXT(2) 
PARAMETRIC_REPRESENTATION_CONTEXT() REPRESENTATION_CONTEXT('2D SPACE',''
  ) );
#5512 = ORIENTED_EDGE('',*,*,#5466,.T.);
#5513 = ORIENTED_EDGE('',*,*,#394,.F.);
#5514 = ADVANCED_FACE('',(#5515),#463,.F.);
#5515 = FACE_BOUND('',#5516,.F.);
#5516 = EDGE_LOOP('',(#5517,#5547,#5568,#5569));
#5517 = ORIENTED_EDGE('',*,*,#5518,.F.);
#5518 = EDGE_CURVE('',#5519,#5521,#5523,.T.);
#5519 = VERTEX_POINT('',#5520);
#5520 = CARTESIAN_POINT('',(7.4,6.3,7.4));
#5521 = VERTEX_POINT('',#5522);
#5522 = CARTESIAN_POINT('',(7.4,13.7,7.4));
#5523 = SURFACE_CURVE('',#5524,(#5528,#5535),.PCURVE_S1.);
#5524 = LINE('',#5525,#5526);
#5525 = CARTESIAN_POINT('',(7.4,6.3,7.4));
#5526 = VECTOR('',#5527,1.);
#5527 = DIRECTION('',(1.110223024625E-16,1.,0.));
#5528 = PCURVE('',#463,#5529);
#5529 = DEFINITIONAL_REPRESENTATION('',(#5530),#5534);
#5530 = LINE('',#5531,#5532);
#5531 = CARTESIAN_POINT('',(0.,0.));
#5532 = VECTOR('',#5533,1.);
#5533 = DIRECTION('',(1.,0.));
#5534 = ( GEOMETRIC_REPRESENTATION_CONTEXT(2) 
PARAMETRIC_REPRESENTATION_CONTEXT() REPRESENTATION_CONTEXT('2D SPACE',''
  ) );
#5535 = PCURVE('',#5536,#5541);
#5536 = PLANE('',#5537);
#5537 = AXIS2_PLACEMENT_3D('',#5538,#5539,#5540);
#5538 = CARTESIAN_POINT('',(12.,10.,7.4));
#5539 = DIRECTION('',(-0.,-0.,-1.));
#5540 = DIRECTION('',(-1.,0.,0.));
#5541 = DEFINITIONAL_REPRESENTATION('',(#5542),#5546);
#5542 = LINE('',#5543,#5544);
#5543 = CARTESIAN_POINT('',(4.6,-3.7));
#5544 = VECTOR('',#5545,1.);
#5545 = DIRECTION('',(-1.110223024625E-16,1.));
#5546 = ( GEOMETRIC_REPRESENTATION_CONTEXT(2) 
PARAMETRIC_REPRESENTATION_CONTEXT() REPRESENTATION_CONTEXT('2D SPACE',''
  ) );
#5547 = ORIENTED_EDGE('',*,*,#5548,.T.);
#5548 = EDGE_CURVE('',#5519,#449,#5549,.T.);
#5549 = SURFACE_CURVE('',#5550,(#5554,#5561),.PCURVE_S1.);
#5550 = LINE('',#5551,#5552);
#5551 = CARTESIAN_POINT('',(7.4,6.3,7.4));
#5552 = VECTOR('',#5553,1.);
#5553 = DIRECTION('',(0.,0.,1.));
#5554 = PCURVE('',#463,#5555);
#5555 = DEFINITIONAL_REPRESENTATION('',(#5556),#5560);
#5556 = LINE('',#5557,#5558);
#5557 = CARTESIAN_POINT('',(0.,0.));
#5558 = VECTOR('',#5559,1.);
#5559 = DIRECTION('',(0.,-1.));
#5560 = ( GEOMETRIC_REPRESENTATION_CONTEXT(2) 
PARAMETRIC_REPRESENTATION_CONTEXT() REPRESENTATION_CONTEXT('2D SPACE',''
  ) );
#5561 = PCURVE('',#552,#5562);
#5562 = DEFINITIONAL_REPRESENTATION('',(#5563),#5567);
#5563 = LINE('',#5564,#5565);
#5564 = CARTESIAN_POINT('',(3.14159265359,0.));
#5565 = VECTOR('',#5566,1.);
#5566 = DIRECTION('',(0.,-1.));
#5567 = ( GEOMETRIC_REPRESENTATION_CONTEXT(2) 
PARAMETRIC_REPRESENTATION_CONTEXT() REPRESENTATION_CONTEXT('2D SPACE',''
  ) );
#5568 = ORIENTED_EDGE('',*,*,#446,.F.);
#5569 = ORIENTED_EDGE('',*,*,#5570,.F.);
#5570 = EDGE_CURVE('',#5521,#447,#5571,.T.);
#5571 = SURFACE_CURVE('',#5572,(#5576,#5583),.PCURVE_S1.);
#5572 = LINE('',#5573,#5574);
#5573 = CARTESIAN_POINT('',(7.4,13.7,7.4));
#5574 = VECTOR('',#5575,1.);
#5575 = DIRECTION('',(0.,0.,1.));
#5576 = PCURVE('',#463,#5577);
#5577 = DEFINITIONAL_REPRESENTATION('',(#5578),#5582);
#5578 = LINE('',#5579,#5580);
#5579 = CARTESIAN_POINT('',(7.4,0.));
#5580 = VECTOR('',#5581,1.);
#5581 = DIRECTION('',(0.,-1.));
#5582 = ( GEOMETRIC_REPRESENTATION_CONTEXT(2) 
PARAMETRIC_REPRESENTATION_CONTEXT() REPRESENTATION_CONTEXT('2D SPACE',''
  ) );
#5583 = PCURVE('',#495,#5584);
#5584 = DEFINITIONAL_REPRESENTATION('',(#5585),#5589);
#5585 = LINE('',#5586,#5587);
#5586 = CARTESIAN_POINT('',(0.,0.));
#5587 = VECTOR('',#5588,1.);
#5588 = DIRECTION('',(0.,-1.));
#5589 = ( GEOMETRIC_REPRESENTATION_CONTEXT(2) 
PARAMETRIC_REPRESENTATION_CONTEXT() REPRESENTATION_CONTEXT('2D SPACE',''
  ) );
#5590 = ADVANCED_FACE('',(#5591),#495,.F.);
#5591 = FACE_BOUND('',#5592,.F.);
#5592 = EDGE_LOOP('',(#5593,#5617,#5618,#5619));
#5593 = ORIENTED_EDGE('',*,*,#5594,.F.);
#5594 = EDGE_CURVE('',#5521,#5595,#5597,.T.);
#5595 = VERTEX_POINT('',#5596);
#5596 = CARTESIAN_POINT('',(16.6,13.7,7.4));
#5597 = SURFACE_CURVE('',#5598,(#5603,#5610),.PCURVE_S1.);
#5598 = CIRCLE('',#5599,4.6);
#5599 = AXIS2_PLACEMENT_3D('',#5600,#5601,#5602);
#5600 = CARTESIAN_POINT('',(12.,13.7,7.4));
#5601 = DIRECTION('',(0.,0.,-1.));
#5602 = DIRECTION('',(-1.,1.110223024625E-16,0.));
#5603 = PCURVE('',#495,#5604);
#5604 = DEFINITIONAL_REPRESENTATION('',(#5605),#5609);
#5605 = LINE('',#5606,#5607);
#5606 = CARTESIAN_POINT('',(0.,0.));
#5607 = VECTOR('',#5608,1.);
#5608 = DIRECTION('',(1.,0.));
#5609 = ( GEOMETRIC_REPRESENTATION_CONTEXT(2) 
PARAMETRIC_REPRESENTATION_CONTEXT() REPRESENTATION_CONTEXT('2D SPACE',''
  ) );
#5610 = PCURVE('',#5536,#5611);
#5611 = DEFINITIONAL_REPRESENTATION('',(#5612),#5616);
#5612 = CIRCLE('',#5613,4.6);
#5613 = AXIS2_PLACEMENT_2D('',#5614,#5615);
#5614 = CARTESIAN_POINT('',(0.,3.7));
#5615 = DIRECTION('',(1.,1.110223024625E-16));
#5616 = ( GEOMETRIC_REPRESENTATION_CONTEXT(2) 
PARAMETRIC_REPRESENTATION_CONTEXT() REPRESENTATION_CONTEXT('2D SPACE',''
  ) );
#5617 = ORIENTED_EDGE('',*,*,#5570,.T.);
#5618 = ORIENTED_EDGE('',*,*,#474,.T.);
#5619 = ORIENTED_EDGE('',*,*,#5620,.F.);
#5620 = EDGE_CURVE('',#5595,#475,#5621,.T.);
#5621 = SURFACE_CURVE('',#5622,(#5626,#5633),.PCURVE_S1.);
#5622 = LINE('',#5623,#5624);
#5623 = CARTESIAN_POINT('',(16.6,13.7,7.4));
#5624 = VECTOR('',#5625,1.);
#5625 = DIRECTION('',(0.,0.,1.));
#5626 = PCURVE('',#495,#5627);
#5627 = DEFINITIONAL_REPRESENTATION('',(#5628),#5632);
#5628 = LINE('',#5629,#5630);
#5629 = CARTESIAN_POINT('',(3.14159265359,0.));
#5630 = VECTOR('',#5631,1.);
#5631 = DIRECTION('',(0.,-1.));
#5632 = ( GEOMETRIC_REPRESENTATION_CONTEXT(2) 
PARAMETRIC_REPRESENTATION_CONTEXT() REPRESENTATION_CONTEXT('2D SPACE',''
  ) );
#5633 = PCURVE('',#522,#5634);
#5634 = DEFINITIONAL_REPRESENTATION('',(#5635),#5639);
#5635 = LINE('',#5636,#5637);
#5636 = CARTESIAN_POINT('',(0.,0.));
#5637 = VECTOR('',#5638,1.);
#5638 = DIRECTION('',(0.,-1.));
#5639 = ( GEOMETRIC_REPRESENTATION_CONTEXT(2) 
PARAMETRIC_REPRESENTATION_CONTEXT() REPRESENTATION_CONTEXT('2D SPACE',''
  ) );
#5640 = ADVANCED_FACE('',(#5641),#552,.F.);
#5641 = FACE_BOUND('',#5642,.F.);
#5642 = EDGE_LOOP('',(#5643,#5667,#5688,#5689));
#5643 = ORIENTED_EDGE('',*,*,#5644,.F.);
#5644 = EDGE_CURVE('',#5645,#5519,#5647,.T.);
#5645 = VERTEX_POINT('',#5646);
#5646 = CARTESIAN_POINT('',(16.6,6.3,7.4));
#5647 = SURFACE_CURVE('',#5648,(#5653,#5660),.PCURVE_S1.);
#5648 = CIRCLE('',#5649,4.6);
#5649 = AXIS2_PLACEMENT_3D('',#5650,#5651,#5652);
#5650 = CARTESIAN_POINT('',(12.,6.3,7.4));
#5651 = DIRECTION('',(0.,-0.,-1.));
#5652 = DIRECTION('',(1.,-1.110223024625E-16,0.));
#5653 = PCURVE('',#552,#5654);
#5654 = DEFINITIONAL_REPRESENTATION('',(#5655),#5659);
#5655 = LINE('',#5656,#5657);
#5656 = CARTESIAN_POINT('',(0.,0.));
#5657 = VECTOR('',#5658,1.);
#5658 = DIRECTION('',(1.,0.));
#5659 = ( GEOMETRIC_REPRESENTATION_CONTEXT(2) 
PARAMETRIC_REPRESENTATION_CONTEXT() REPRESENTATION_CONTEXT('2D SPACE',''
  ) );
#5660 = PCURVE('',#5536,#5661);
#5661 = DEFINITIONAL_REPRESENTATION('',(#5662),#5666);
#5662 = CIRCLE('',#5663,4.6);
#5663 = AXIS2_PLACEMENT_2D('',#5664,#5665);
#5664 = CARTESIAN_POINT('',(0.,-3.7));
#5665 = DIRECTION('',(-1.,-1.110223024625E-16));
#5666 = ( GEOMETRIC_REPRESENTATION_CONTEXT(2) 
PARAMETRIC_REPRESENTATION_CONTEXT() REPRESENTATION_CONTEXT('2D SPACE',''
  ) );
#5667 = ORIENTED_EDGE('',*,*,#5668,.T.);
#5668 = EDGE_CURVE('',#5645,#508,#5669,.T.);
#5669 = SURFACE_CURVE('',#5670,(#5674,#5681),.PCURVE_S1.);
#5670 = LINE('',#5671,#5672);
#5671 = CARTESIAN_POINT('',(16.6,6.3,7.4));
#5672 = VECTOR('',#5673,1.);
#5673 = DIRECTION('',(0.,0.,1.));
#5674 = PCURVE('',#552,#5675);
#5675 = DEFINITIONAL_REPRESENTATION('',(#5676),#5680);
#5676 = LINE('',#5677,#5678);
#5677 = CARTESIAN_POINT('',(0.,0.));
#5678 = VECTOR('',#5679,1.);
#5679 = DIRECTION('',(0.,-1.));
#5680 = ( GEOMETRIC_REPRESENTATION_CONTEXT(2) 
PARAMETRIC_REPRESENTATION_CONTEXT() REPRESENTATION_CONTEXT('2D SPACE',''
  ) );
#5681 = PCURVE('',#522,#5682);
#5682 = DEFINITIONAL_REPRESENTATION('',(#5683),#5687);
#5683 = LINE('',#5684,#5685);
#5684 = CARTESIAN_POINT('',(7.4,0.));
#5685 = VECTOR('',#5686,1.);
#5686 = DIRECTION('',(0.,-1.));
#5687 = ( GEOMETRIC_REPRESENTATION_CONTEXT(2) 
PARAMETRIC_REPRESENTATION_CONTEXT() REPRESENTATION_CONTEXT('2D SPACE',''
  ) );
#5688 = ORIENTED_EDGE('',*,*,#533,.T.);
#5689 = ORIENTED_EDGE('',*,*,#5548,.F.);
#5690 = ADVANCED_FACE('',(#5691),#522,.F.);
#5691 = FACE_BOUND('',#5692,.F.);
#5692 = EDGE_LOOP('',(#5693,#5714,#5715,#5716));
#5693 = ORIENTED_EDGE('',*,*,#5694,.F.);
#5694 = EDGE_CURVE('',#5595,#5645,#5695,.T.);
#5695 = SURFACE_CURVE('',#5696,(#5700,#5707),.PCURVE_S1.);
#5696 = LINE('',#5697,#5698);
#5697 = CARTESIAN_POINT('',(16.6,13.7,7.4));
#5698 = VECTOR('',#5699,1.);
#5699 = DIRECTION('',(-1.110223024625E-16,-1.,0.));
#5700 = PCURVE('',#522,#5701);
#5701 = DEFINITIONAL_REPRESENTATION('',(#5702),#5706);
#5702 = LINE('',#5703,#5704);
#5703 = CARTESIAN_POINT('',(0.,0.));
#5704 = VECTOR('',#5705,1.);
#5705 = DIRECTION('',(1.,0.));
#5706 = ( GEOMETRIC_REPRESENTATION_CONTEXT(2) 
PARAMETRIC_REPRESENTATION_CONTEXT() REPRESENTATION_CONTEXT('2D SPACE',''
  ) );
#5707 = PCURVE('',#5536,#5708);
#5708 = DEFINITIONAL_REPRESENTATION('',(#5709),#5713);
#5709 = LINE('',#5710,#5711);
#5710 = CARTESIAN_POINT('',(-4.6,3.7));
#5711 = VECTOR('',#5712,1.);
#5712 = DIRECTION('',(1.110223024625E-16,-1.));
#5713 = ( GEOMETRIC_REPRESENTATION_CONTEXT(2) 
PARAMETRIC_REPRESENTATION_CONTEXT() REPRESENTATION_CONTEXT('2D SPACE',''
  ) );
#5714 = ORIENTED_EDGE('',*,*,#5620,.T.);
#5715 = ORIENTED_EDGE('',*,*,#507,.F.);
#5716 = ORIENTED_EDGE('',*,*,#5668,.F.);
#5717 = ADVANCED_FACE('',(#5718),#583,.T.);
#5718 = FACE_BOUND('',#5719,.T.);
#5719 = EDGE_LOOP('',(#5720,#5743,#5771,#5792));
#5720 = ORIENTED_EDGE('',*,*,#5721,.F.);
#5721 = EDGE_CURVE('',#5722,#567,#5724,.T.);
#5722 = VERTEX_POINT('',#5723);
#5723 = CARTESIAN_POINT('',(20.05,9.775,7.65));
#5724 = SURFACE_CURVE('',#5725,(#5729,#5736),.PCURVE_S1.);
#5725 = LINE('',#5726,#5727);
#5726 = CARTESIAN_POINT('',(20.05,9.775,7.65));
#5727 = VECTOR('',#5728,1.);
#5728 = DIRECTION('',(0.,0.,1.));
#5729 = PCURVE('',#583,#5730);
#5730 = DEFINITIONAL_REPRESENTATION('',(#5731),#5735);
#5731 = LINE('',#5732,#5733);
#5732 = CARTESIAN_POINT('',(0.,3.));
#5733 = VECTOR('',#5734,1.);
#5734 = DIRECTION('',(1.,0.));
#5735 = ( GEOMETRIC_REPRESENTATION_CONTEXT(2) 
PARAMETRIC_REPRESENTATION_CONTEXT() REPRESENTATION_CONTEXT('2D SPACE',''
  ) );
#5736 = PCURVE('',#659,#5737);
#5737 = DEFINITIONAL_REPRESENTATION('',(#5738),#5742);
#5738 = LINE('',#5739,#5740);
#5739 = CARTESIAN_POINT('',(0.,0.));
#5740 = VECTOR('',#5741,1.);
#5741 = DIRECTION('',(1.,0.));
#5742 = ( GEOMETRIC_REPRESENTATION_CONTEXT(2) 
PARAMETRIC_REPRESENTATION_CONTEXT() REPRESENTATION_CONTEXT('2D SPACE',''
  ) );
#5743 = ORIENTED_EDGE('',*,*,#5744,.F.);
#5744 = EDGE_CURVE('',#5745,#5722,#5747,.T.);
#5745 = VERTEX_POINT('',#5746);
#5746 = CARTESIAN_POINT('',(17.05,9.775,7.65));
#5747 = SURFACE_CURVE('',#5748,(#5752,#5759),.PCURVE_S1.);
#5748 = LINE('',#5749,#5750);
#5749 = CARTESIAN_POINT('',(17.05,9.775,7.65));
#5750 = VECTOR('',#5751,1.);
#5751 = DIRECTION('',(1.,0.,0.));
#5752 = PCURVE('',#583,#5753);
#5753 = DEFINITIONAL_REPRESENTATION('',(#5754),#5758);
#5754 = LINE('',#5755,#5756);
#5755 = CARTESIAN_POINT('',(0.,0.));
#5756 = VECTOR('',#5757,1.);
#5757 = DIRECTION('',(0.,1.));
#5758 = ( GEOMETRIC_REPRESENTATION_CONTEXT(2) 
PARAMETRIC_REPRESENTATION_CONTEXT() REPRESENTATION_CONTEXT('2D SPACE',''
  ) );
#5759 = PCURVE('',#5760,#5765);
#5760 = PLANE('',#5761);
#5761 = AXIS2_PLACEMENT_3D('',#5762,#5763,#5764);
#5762 = CARTESIAN_POINT('',(17.05,9.775,7.65));
#5763 = DIRECTION('',(0.,0.,1.));
#5764 = DIRECTION('',(1.,0.,0.));
#5765 = DEFINITIONAL_REPRESENTATION('',(#5766),#5770);
#5766 = LINE('',#5767,#5768);
#5767 = CARTESIAN_POINT('',(0.,0.));
#5768 = VECTOR('',#5769,1.);
#5769 = DIRECTION('',(1.,0.));
#5770 = ( GEOMETRIC_REPRESENTATION_CONTEXT(2) 
PARAMETRIC_REPRESENTATION_CONTEXT() REPRESENTATION_CONTEXT('2D SPACE',''
  ) );
#5771 = ORIENTED_EDGE('',*,*,#5772,.T.);
#5772 = EDGE_CURVE('',#5745,#569,#5773,.T.);
#5773 = SURFACE_CURVE('',#5774,(#5778,#5785),.PCURVE_S1.);
#5774 = LINE('',#5775,#5776);
#5775 = CARTESIAN_POINT('',(17.05,9.775,7.65));
#5776 = VECTOR('',#5777,1.);
#5777 = DIRECTION('',(0.,0.,1.));
#5778 = PCURVE('',#583,#5779);
#5779 = DEFINITIONAL_REPRESENTATION('',(#5780),#5784);
#5780 = LINE('',#5781,#5782);
#5781 = CARTESIAN_POINT('',(0.,0.));
#5782 = VECTOR('',#5783,1.);
#5783 = DIRECTION('',(1.,0.));
#5784 = ( GEOMETRIC_REPRESENTATION_CONTEXT(2) 
PARAMETRIC_REPRESENTATION_CONTEXT() REPRESENTATION_CONTEXT('2D SPACE',''
  ) );
#5785 = PCURVE('',#609,#5786);
#5786 = DEFINITIONAL_REPRESENTATION('',(#5787),#5791);
#5787 = LINE('',#5788,#5789);
#5788 = CARTESIAN_POINT('',(0.,0.));
#5789 = VECTOR('',#5790,1.);
#5790 = DIRECTION('',(1.,0.));
#5791 = ( GEOMETRIC_REPRESENTATION_CONTEXT(2) 
PARAMETRIC_REPRESENTATION_CONTEXT() REPRESENTATION_CONTEXT('2D SPACE',''
  ) );
#5792 = ORIENTED_EDGE('',*,*,#566,.F.);
#5793 = ADVANCED_FACE('',(#5794),#659,.F.);
#5794 = FACE_BOUND('',#5795,.F.);
#5795 = EDGE_LOOP('',(#5796,#5797,#5820,#5841));
#5796 = ORIENTED_EDGE('',*,*,#5721,.F.);
#5797 = ORIENTED_EDGE('',*,*,#5798,.T.);
#5798 = EDGE_CURVE('',#5722,#5799,#5801,.T.);
#5799 = VERTEX_POINT('',#5800);
#5800 = CARTESIAN_POINT('',(20.05,10.225,7.65));
#5801 = SURFACE_CURVE('',#5802,(#5806,#5813),.PCURVE_S1.);
#5802 = LINE('',#5803,#5804);
#5803 = CARTESIAN_POINT('',(20.05,9.775,7.65));
#5804 = VECTOR('',#5805,1.);
#5805 = DIRECTION('',(0.,1.,0.));
#5806 = PCURVE('',#659,#5807);
#5807 = DEFINITIONAL_REPRESENTATION('',(#5808),#5812);
#5808 = LINE('',#5809,#5810);
#5809 = CARTESIAN_POINT('',(0.,0.));
#5810 = VECTOR('',#5811,1.);
#5811 = DIRECTION('',(0.,-1.));
#5812 = ( GEOMETRIC_REPRESENTATION_CONTEXT(2) 
PARAMETRIC_REPRESENTATION_CONTEXT() REPRESENTATION_CONTEXT('2D SPACE',''
  ) );
#5813 = PCURVE('',#5760,#5814);
#5814 = DEFINITIONAL_REPRESENTATION('',(#5815),#5819);
#5815 = LINE('',#5816,#5817);
#5816 = CARTESIAN_POINT('',(3.,0.));
#5817 = VECTOR('',#5818,1.);
#5818 = DIRECTION('',(0.,1.));
#5819 = ( GEOMETRIC_REPRESENTATION_CONTEXT(2) 
PARAMETRIC_REPRESENTATION_CONTEXT() REPRESENTATION_CONTEXT('2D SPACE',''
  ) );
#5820 = ORIENTED_EDGE('',*,*,#5821,.T.);
#5821 = EDGE_CURVE('',#5799,#621,#5822,.T.);
#5822 = SURFACE_CURVE('',#5823,(#5827,#5834),.PCURVE_S1.);
#5823 = LINE('',#5824,#5825);
#5824 = CARTESIAN_POINT('',(20.05,10.225,7.65));
#5825 = VECTOR('',#5826,1.);
#5826 = DIRECTION('',(0.,0.,1.));
#5827 = PCURVE('',#659,#5828);
#5828 = DEFINITIONAL_REPRESENTATION('',(#5829),#5833);
#5829 = LINE('',#5830,#5831);
#5830 = CARTESIAN_POINT('',(0.,-0.45));
#5831 = VECTOR('',#5832,1.);
#5832 = DIRECTION('',(1.,0.));
#5833 = ( GEOMETRIC_REPRESENTATION_CONTEXT(2) 
PARAMETRIC_REPRESENTATION_CONTEXT() REPRESENTATION_CONTEXT('2D SPACE',''
  ) );
#5834 = PCURVE('',#635,#5835);
#5835 = DEFINITIONAL_REPRESENTATION('',(#5836),#5840);
#5836 = LINE('',#5837,#5838);
#5837 = CARTESIAN_POINT('',(0.,3.));
#5838 = VECTOR('',#5839,1.);
#5839 = DIRECTION('',(1.,0.));
#5840 = ( GEOMETRIC_REPRESENTATION_CONTEXT(2) 
PARAMETRIC_REPRESENTATION_CONTEXT() REPRESENTATION_CONTEXT('2D SPACE',''
  ) );
#5841 = ORIENTED_EDGE('',*,*,#646,.F.);
#5842 = ADVANCED_FACE('',(#5843),#609,.T.);
#5843 = FACE_BOUND('',#5844,.T.);
#5844 = EDGE_LOOP('',(#5845,#5846,#5869,#5890));
#5845 = ORIENTED_EDGE('',*,*,#5772,.F.);
#5846 = ORIENTED_EDGE('',*,*,#5847,.T.);
#5847 = EDGE_CURVE('',#5745,#5848,#5850,.T.);
#5848 = VERTEX_POINT('',#5849);
#5849 = CARTESIAN_POINT('',(17.05,10.225,7.65));
#5850 = SURFACE_CURVE('',#5851,(#5855,#5862),.PCURVE_S1.);
#5851 = LINE('',#5852,#5853);
#5852 = CARTESIAN_POINT('',(17.05,9.775,7.65));
#5853 = VECTOR('',#5854,1.);
#5854 = DIRECTION('',(0.,1.,0.));
#5855 = PCURVE('',#609,#5856);
#5856 = DEFINITIONAL_REPRESENTATION('',(#5857),#5861);
#5857 = LINE('',#5858,#5859);
#5858 = CARTESIAN_POINT('',(0.,0.));
#5859 = VECTOR('',#5860,1.);
#5860 = DIRECTION('',(0.,-1.));
#5861 = ( GEOMETRIC_REPRESENTATION_CONTEXT(2) 
PARAMETRIC_REPRESENTATION_CONTEXT() REPRESENTATION_CONTEXT('2D SPACE',''
  ) );
#5862 = PCURVE('',#5760,#5863);
#5863 = DEFINITIONAL_REPRESENTATION('',(#5864),#5868);
#5864 = LINE('',#5865,#5866);
#5865 = CARTESIAN_POINT('',(0.,0.));
#5866 = VECTOR('',#5867,1.);
#5867 = DIRECTION('',(0.,1.));
#5868 = ( GEOMETRIC_REPRESENTATION_CONTEXT(2) 
PARAMETRIC_REPRESENTATION_CONTEXT() REPRESENTATION_CONTEXT('2D SPACE',''
  ) );
#5869 = ORIENTED_EDGE('',*,*,#5870,.T.);
#5870 = EDGE_CURVE('',#5848,#595,#5871,.T.);
#5871 = SURFACE_CURVE('',#5872,(#5876,#5883),.PCURVE_S1.);
#5872 = LINE('',#5873,#5874);
#5873 = CARTESIAN_POINT('',(17.05,10.225,7.65));
#5874 = VECTOR('',#5875,1.);
#5875 = DIRECTION('',(0.,0.,1.));
#5876 = PCURVE('',#609,#5877);
#5877 = DEFINITIONAL_REPRESENTATION('',(#5878),#5882);
#5878 = LINE('',#5879,#5880);
#5879 = CARTESIAN_POINT('',(0.,-0.45));
#5880 = VECTOR('',#5881,1.);
#5881 = DIRECTION('',(1.,0.));
#5882 = ( GEOMETRIC_REPRESENTATION_CONTEXT(2) 
PARAMETRIC_REPRESENTATION_CONTEXT() REPRESENTATION_CONTEXT('2D SPACE',''
  ) );
#5883 = PCURVE('',#635,#5884);
#5884 = DEFINITIONAL_REPRESENTATION('',(#5885),#5889);
#5885 = LINE('',#5886,#5887);
#5886 = CARTESIAN_POINT('',(0.,0.));
#5887 = VECTOR('',#5888,1.);
#5888 = DIRECTION('',(1.,0.));
#5889 = ( GEOMETRIC_REPRESENTATION_CONTEXT(2) 
PARAMETRIC_REPRESENTATION_CONTEXT() REPRESENTATION_CONTEXT('2D SPACE',''
  ) );
#5890 = ORIENTED_EDGE('',*,*,#594,.F.);
#5891 = ADVANCED_FACE('',(#5892),#635,.F.);
#5892 = FACE_BOUND('',#5893,.F.);
#5893 = EDGE_LOOP('',(#5894,#5895,#5916,#5917));
#5894 = ORIENTED_EDGE('',*,*,#5821,.F.);
#5895 = ORIENTED_EDGE('',*,*,#5896,.F.);
#5896 = EDGE_CURVE('',#5848,#5799,#5897,.T.);
#5897 = SURFACE_CURVE('',#5898,(#5902,#5909),.PCURVE_S1.);
#5898 = LINE('',#5899,#5900);
#5899 = CARTESIAN_POINT('',(17.05,10.225,7.65));
#5900 = VECTOR('',#5901,1.);
#5901 = DIRECTION('',(1.,0.,0.));
#5902 = PCURVE('',#635,#5903);
#5903 = DEFINITIONAL_REPRESENTATION('',(#5904),#5908);
#5904 = LINE('',#5905,#5906);
#5905 = CARTESIAN_POINT('',(0.,0.));
#5906 = VECTOR('',#5907,1.);
#5907 = DIRECTION('',(0.,1.));
#5908 = ( GEOMETRIC_REPRESENTATION_CONTEXT(2) 
PARAMETRIC_REPRESENTATION_CONTEXT() REPRESENTATION_CONTEXT('2D SPACE',''
  ) );
#5909 = PCURVE('',#5760,#5910);
#5910 = DEFINITIONAL_REPRESENTATION('',(#5911),#5915);
#5911 = LINE('',#5912,#5913);
#5912 = CARTESIAN_POINT('',(0.,0.45));
#5913 = VECTOR('',#5914,1.);
#5914 = DIRECTION('',(1.,0.));
#5915 = ( GEOMETRIC_REPRESENTATION_CONTEXT(2) 
PARAMETRIC_REPRESENTATION_CONTEXT() REPRESENTATION_CONTEXT('2D SPACE',''
  ) );
#5916 = ORIENTED_EDGE('',*,*,#5870,.T.);
#5917 = ORIENTED_EDGE('',*,*,#620,.F.);
#5918 = ADVANCED_FACE('',(#5919),#689,.T.);
#5919 = FACE_BOUND('',#5920,.T.);
#5920 = EDGE_LOOP('',(#5921,#5944,#5972,#5993));
#5921 = ORIENTED_EDGE('',*,*,#5922,.F.);
#5922 = EDGE_CURVE('',#5923,#673,#5925,.T.);
#5923 = VERTEX_POINT('',#5924);
#5924 = CARTESIAN_POINT('',(18.85,11.775,7.65));
#5925 = SURFACE_CURVE('',#5926,(#5930,#5937),.PCURVE_S1.);
#5926 = LINE('',#5927,#5928);
#5927 = CARTESIAN_POINT('',(18.85,11.775,7.65));
#5928 = VECTOR('',#5929,1.);
#5929 = DIRECTION('',(0.,0.,1.));
#5930 = PCURVE('',#689,#5931);
#5931 = DEFINITIONAL_REPRESENTATION('',(#5932),#5936);
#5932 = LINE('',#5933,#5934);
#5933 = CARTESIAN_POINT('',(0.,1.8));
#5934 = VECTOR('',#5935,1.);
#5935 = DIRECTION('',(1.,0.));
#5936 = ( GEOMETRIC_REPRESENTATION_CONTEXT(2) 
PARAMETRIC_REPRESENTATION_CONTEXT() REPRESENTATION_CONTEXT('2D SPACE',''
  ) );
#5937 = PCURVE('',#765,#5938);
#5938 = DEFINITIONAL_REPRESENTATION('',(#5939),#5943);
#5939 = LINE('',#5940,#5941);
#5940 = CARTESIAN_POINT('',(0.,0.));
#5941 = VECTOR('',#5942,1.);
#5942 = DIRECTION('',(1.,0.));
#5943 = ( GEOMETRIC_REPRESENTATION_CONTEXT(2) 
PARAMETRIC_REPRESENTATION_CONTEXT() REPRESENTATION_CONTEXT('2D SPACE',''
  ) );
#5944 = ORIENTED_EDGE('',*,*,#5945,.F.);
#5945 = EDGE_CURVE('',#5946,#5923,#5948,.T.);
#5946 = VERTEX_POINT('',#5947);
#5947 = CARTESIAN_POINT('',(17.05,11.775,7.65));
#5948 = SURFACE_CURVE('',#5949,(#5953,#5960),.PCURVE_S1.);
#5949 = LINE('',#5950,#5951);
#5950 = CARTESIAN_POINT('',(17.05,11.775,7.65));
#5951 = VECTOR('',#5952,1.);
#5952 = DIRECTION('',(1.,0.,0.));
#5953 = PCURVE('',#689,#5954);
#5954 = DEFINITIONAL_REPRESENTATION('',(#5955),#5959);
#5955 = LINE('',#5956,#5957);
#5956 = CARTESIAN_POINT('',(0.,0.));
#5957 = VECTOR('',#5958,1.);
#5958 = DIRECTION('',(0.,1.));
#5959 = ( GEOMETRIC_REPRESENTATION_CONTEXT(2) 
PARAMETRIC_REPRESENTATION_CONTEXT() REPRESENTATION_CONTEXT('2D SPACE',''
  ) );
#5960 = PCURVE('',#5961,#5966);
#5961 = PLANE('',#5962);
#5962 = AXIS2_PLACEMENT_3D('',#5963,#5964,#5965);
#5963 = CARTESIAN_POINT('',(17.05,11.775,7.65));
#5964 = DIRECTION('',(0.,0.,1.));
#5965 = DIRECTION('',(1.,0.,0.));
#5966 = DEFINITIONAL_REPRESENTATION('',(#5967),#5971);
#5967 = LINE('',#5968,#5969);
#5968 = CARTESIAN_POINT('',(0.,0.));
#5969 = VECTOR('',#5970,1.);
#5970 = DIRECTION('',(1.,0.));
#5971 = ( GEOMETRIC_REPRESENTATION_CONTEXT(2) 
PARAMETRIC_REPRESENTATION_CONTEXT() REPRESENTATION_CONTEXT('2D SPACE',''
  ) );
#5972 = ORIENTED_EDGE('',*,*,#5973,.T.);
#5973 = EDGE_CURVE('',#5946,#675,#5974,.T.);
#5974 = SURFACE_CURVE('',#5975,(#5979,#5986),.PCURVE_S1.);
#5975 = LINE('',#5976,#5977);
#5976 = CARTESIAN_POINT('',(17.05,11.775,7.65));
#5977 = VECTOR('',#5978,1.);
#5978 = DIRECTION('',(0.,0.,1.));
#5979 = PCURVE('',#689,#5980);
#5980 = DEFINITIONAL_REPRESENTATION('',(#5981),#5985);
#5981 = LINE('',#5982,#5983);
#5982 = CARTESIAN_POINT('',(0.,0.));
#5983 = VECTOR('',#5984,1.);
#5984 = DIRECTION('',(1.,0.));
#5985 = ( GEOMETRIC_REPRESENTATION_CONTEXT(2) 
PARAMETRIC_REPRESENTATION_CONTEXT() REPRESENTATION_CONTEXT('2D SPACE',''
  ) );
#5986 = PCURVE('',#715,#5987);
#5987 = DEFINITIONAL_REPRESENTATION('',(#5988),#5992);
#5988 = LINE('',#5989,#5990);
#5989 = CARTESIAN_POINT('',(0.,0.));
#5990 = VECTOR('',#5991,1.);
#5991 = DIRECTION('',(1.,0.));
#5992 = ( GEOMETRIC_REPRESENTATION_CONTEXT(2) 
PARAMETRIC_REPRESENTATION_CONTEXT() REPRESENTATION_CONTEXT('2D SPACE',''
  ) );
#5993 = ORIENTED_EDGE('',*,*,#672,.F.);
#5994 = ADVANCED_FACE('',(#5995),#765,.F.);
#5995 = FACE_BOUND('',#5996,.F.);
#5996 = EDGE_LOOP('',(#5997,#5998,#6021,#6042));
#5997 = ORIENTED_EDGE('',*,*,#5922,.F.);
#5998 = ORIENTED_EDGE('',*,*,#5999,.T.);
#5999 = EDGE_CURVE('',#5923,#6000,#6002,.T.);
#6000 = VERTEX_POINT('',#6001);
#6001 = CARTESIAN_POINT('',(18.85,12.225,7.65));
#6002 = SURFACE_CURVE('',#6003,(#6007,#6014),.PCURVE_S1.);
#6003 = LINE('',#6004,#6005);
#6004 = CARTESIAN_POINT('',(18.85,11.775,7.65));
#6005 = VECTOR('',#6006,1.);
#6006 = DIRECTION('',(0.,1.,0.));
#6007 = PCURVE('',#765,#6008);
#6008 = DEFINITIONAL_REPRESENTATION('',(#6009),#6013);
#6009 = LINE('',#6010,#6011);
#6010 = CARTESIAN_POINT('',(0.,0.));
#6011 = VECTOR('',#6012,1.);
#6012 = DIRECTION('',(0.,-1.));
#6013 = ( GEOMETRIC_REPRESENTATION_CONTEXT(2) 
PARAMETRIC_REPRESENTATION_CONTEXT() REPRESENTATION_CONTEXT('2D SPACE',''
  ) );
#6014 = PCURVE('',#5961,#6015);
#6015 = DEFINITIONAL_REPRESENTATION('',(#6016),#6020);
#6016 = LINE('',#6017,#6018);
#6017 = CARTESIAN_POINT('',(1.8,0.));
#6018 = VECTOR('',#6019,1.);
#6019 = DIRECTION('',(0.,1.));
#6020 = ( GEOMETRIC_REPRESENTATION_CONTEXT(2) 
PARAMETRIC_REPRESENTATION_CONTEXT() REPRESENTATION_CONTEXT('2D SPACE',''
  ) );
#6021 = ORIENTED_EDGE('',*,*,#6022,.T.);
#6022 = EDGE_CURVE('',#6000,#727,#6023,.T.);
#6023 = SURFACE_CURVE('',#6024,(#6028,#6035),.PCURVE_S1.);
#6024 = LINE('',#6025,#6026);
#6025 = CARTESIAN_POINT('',(18.85,12.225,7.65));
#6026 = VECTOR('',#6027,1.);
#6027 = DIRECTION('',(0.,0.,1.));
#6028 = PCURVE('',#765,#6029);
#6029 = DEFINITIONAL_REPRESENTATION('',(#6030),#6034);
#6030 = LINE('',#6031,#6032);
#6031 = CARTESIAN_POINT('',(0.,-0.45));
#6032 = VECTOR('',#6033,1.);
#6033 = DIRECTION('',(1.,0.));
#6034 = ( GEOMETRIC_REPRESENTATION_CONTEXT(2) 
PARAMETRIC_REPRESENTATION_CONTEXT() REPRESENTATION_CONTEXT('2D SPACE',''
  ) );
#6035 = PCURVE('',#741,#6036);
#6036 = DEFINITIONAL_REPRESENTATION('',(#6037),#6041);
#6037 = LINE('',#6038,#6039);
#6038 = CARTESIAN_POINT('',(0.,1.8));
#6039 = VECTOR('',#6040,1.);
#6040 = DIRECTION('',(1.,0.));
#6041 = ( GEOMETRIC_REPRESENTATION_CONTEXT(2) 
PARAMETRIC_REPRESENTATION_CONTEXT() REPRESENTATION_CONTEXT('2D SPACE',''
  ) );
#6042 = ORIENTED_EDGE('',*,*,#752,.F.);
#6043 = ADVANCED_FACE('',(#6044),#715,.T.);
#6044 = FACE_BOUND('',#6045,.T.);
#6045 = EDGE_LOOP('',(#6046,#6047,#6070,#6091));
#6046 = ORIENTED_EDGE('',*,*,#5973,.F.);
#6047 = ORIENTED_EDGE('',*,*,#6048,.T.);
#6048 = EDGE_CURVE('',#5946,#6049,#6051,.T.);
#6049 = VERTEX_POINT('',#6050);
#6050 = CARTESIAN_POINT('',(17.05,12.225,7.65));
#6051 = SURFACE_CURVE('',#6052,(#6056,#6063),.PCURVE_S1.);
#6052 = LINE('',#6053,#6054);
#6053 = CARTESIAN_POINT('',(17.05,11.775,7.65));
#6054 = VECTOR('',#6055,1.);
#6055 = DIRECTION('',(0.,1.,0.));
#6056 = PCURVE('',#715,#6057);
#6057 = DEFINITIONAL_REPRESENTATION('',(#6058),#6062);
#6058 = LINE('',#6059,#6060);
#6059 = CARTESIAN_POINT('',(0.,0.));
#6060 = VECTOR('',#6061,1.);
#6061 = DIRECTION('',(0.,-1.));
#6062 = ( GEOMETRIC_REPRESENTATION_CONTEXT(2) 
PARAMETRIC_REPRESENTATION_CONTEXT() REPRESENTATION_CONTEXT('2D SPACE',''
  ) );
#6063 = PCURVE('',#5961,#6064);
#6064 = DEFINITIONAL_REPRESENTATION('',(#6065),#6069);
#6065 = LINE('',#6066,#6067);
#6066 = CARTESIAN_POINT('',(0.,0.));
#6067 = VECTOR('',#6068,1.);
#6068 = DIRECTION('',(0.,1.));
#6069 = ( GEOMETRIC_REPRESENTATION_CONTEXT(2) 
PARAMETRIC_REPRESENTATION_CONTEXT() REPRESENTATION_CONTEXT('2D SPACE',''
  ) );
#6070 = ORIENTED_EDGE('',*,*,#6071,.T.);
#6071 = EDGE_CURVE('',#6049,#701,#6072,.T.);
#6072 = SURFACE_CURVE('',#6073,(#6077,#6084),.PCURVE_S1.);
#6073 = LINE('',#6074,#6075);
#6074 = CARTESIAN_POINT('',(17.05,12.225,7.65));
#6075 = VECTOR('',#6076,1.);
#6076 = DIRECTION('',(0.,0.,1.));
#6077 = PCURVE('',#715,#6078);
#6078 = DEFINITIONAL_REPRESENTATION('',(#6079),#6083);
#6079 = LINE('',#6080,#6081);
#6080 = CARTESIAN_POINT('',(0.,-0.45));
#6081 = VECTOR('',#6082,1.);
#6082 = DIRECTION('',(1.,0.));
#6083 = ( GEOMETRIC_REPRESENTATION_CONTEXT(2) 
PARAMETRIC_REPRESENTATION_CONTEXT() REPRESENTATION_CONTEXT('2D SPACE',''
  ) );
#6084 = PCURVE('',#741,#6085);
#6085 = DEFINITIONAL_REPRESENTATION('',(#6086),#6090);
#6086 = LINE('',#6087,#6088);
#6087 = CARTESIAN_POINT('',(0.,0.));
#6088 = VECTOR('',#6089,1.);
#6089 = DIRECTION('',(1.,0.));
#6090 = ( GEOMETRIC_REPRESENTATION_CONTEXT(2) 
PARAMETRIC_REPRESENTATION_CONTEXT() REPRESENTATION_CONTEXT('2D SPACE',''
  ) );
#6091 = ORIENTED_EDGE('',*,*,#700,.F.);
#6092 = ADVANCED_FACE('',(#6093),#741,.F.);
#6093 = FACE_BOUND('',#6094,.F.);
#6094 = EDGE_LOOP('',(#6095,#6096,#6117,#6118));
#6095 = ORIENTED_EDGE('',*,*,#6022,.F.);
#6096 = ORIENTED_EDGE('',*,*,#6097,.F.);
#6097 = EDGE_CURVE('',#6049,#6000,#6098,.T.);
#6098 = SURFACE_CURVE('',#6099,(#6103,#6110),.PCURVE_S1.);
#6099 = LINE('',#6100,#6101);
#6100 = CARTESIAN_POINT('',(17.05,12.225,7.65));
#6101 = VECTOR('',#6102,1.);
#6102 = DIRECTION('',(1.,0.,0.));
#6103 = PCURVE('',#741,#6104);
#6104 = DEFINITIONAL_REPRESENTATION('',(#6105),#6109);
#6105 = LINE('',#6106,#6107);
#6106 = CARTESIAN_POINT('',(0.,0.));
#6107 = VECTOR('',#6108,1.);
#6108 = DIRECTION('',(0.,1.));
#6109 = ( GEOMETRIC_REPRESENTATION_CONTEXT(2) 
PARAMETRIC_REPRESENTATION_CONTEXT() REPRESENTATION_CONTEXT('2D SPACE',''
  ) );
#6110 = PCURVE('',#5961,#6111);
#6111 = DEFINITIONAL_REPRESENTATION('',(#6112),#6116);
#6112 = LINE('',#6113,#6114);
#6113 = CARTESIAN_POINT('',(0.,0.45));
#6114 = VECTOR('',#6115,1.);
#6115 = DIRECTION('',(1.,0.));
#6116 = ( GEOMETRIC_REPRESENTATION_CONTEXT(2) 
PARAMETRIC_REPRESENTATION_CONTEXT() REPRESENTATION_CONTEXT('2D SPACE',''
  ) );
#6117 = ORIENTED_EDGE('',*,*,#6071,.T.);
#6118 = ORIENTED_EDGE('',*,*,#726,.F.);
#6119 = ADVANCED_FACE('',(#6120),#795,.T.);
#6120 = FACE_BOUND('',#6121,.T.);
#6121 = EDGE_LOOP('',(#6122,#6145,#6173,#6194));
#6122 = ORIENTED_EDGE('',*,*,#6123,.F.);
#6123 = EDGE_CURVE('',#6124,#779,#6126,.T.);
#6124 = VERTEX_POINT('',#6125);
#6125 = CARTESIAN_POINT('',(42.95,7.775,7.65));
#6126 = SURFACE_CURVE('',#6127,(#6131,#6138),.PCURVE_S1.);
#6127 = LINE('',#6128,#6129);
#6128 = CARTESIAN_POINT('',(42.95,7.775,7.65));
#6129 = VECTOR('',#6130,1.);
#6130 = DIRECTION('',(0.,0.,1.));
#6131 = PCURVE('',#795,#6132);
#6132 = DEFINITIONAL_REPRESENTATION('',(#6133),#6137);
#6133 = LINE('',#6134,#6135);
#6134 = CARTESIAN_POINT('',(0.,1.8));
#6135 = VECTOR('',#6136,1.);
#6136 = DIRECTION('',(1.,0.));
#6137 = ( GEOMETRIC_REPRESENTATION_CONTEXT(2) 
PARAMETRIC_REPRESENTATION_CONTEXT() REPRESENTATION_CONTEXT('2D SPACE',''
  ) );
#6138 = PCURVE('',#871,#6139);
#6139 = DEFINITIONAL_REPRESENTATION('',(#6140),#6144);
#6140 = LINE('',#6141,#6142);
#6141 = CARTESIAN_POINT('',(0.,0.));
#6142 = VECTOR('',#6143,1.);
#6143 = DIRECTION('',(1.,0.));
#6144 = ( GEOMETRIC_REPRESENTATION_CONTEXT(2) 
PARAMETRIC_REPRESENTATION_CONTEXT() REPRESENTATION_CONTEXT('2D SPACE',''
  ) );
#6145 = ORIENTED_EDGE('',*,*,#6146,.F.);
#6146 = EDGE_CURVE('',#6147,#6124,#6149,.T.);
#6147 = VERTEX_POINT('',#6148);
#6148 = CARTESIAN_POINT('',(41.15,7.775,7.65));
#6149 = SURFACE_CURVE('',#6150,(#6154,#6161),.PCURVE_S1.);
#6150 = LINE('',#6151,#6152);
#6151 = CARTESIAN_POINT('',(41.15,7.775,7.65));
#6152 = VECTOR('',#6153,1.);
#6153 = DIRECTION('',(1.,0.,0.));
#6154 = PCURVE('',#795,#6155);
#6155 = DEFINITIONAL_REPRESENTATION('',(#6156),#6160);
#6156 = LINE('',#6157,#6158);
#6157 = CARTESIAN_POINT('',(0.,0.));
#6158 = VECTOR('',#6159,1.);
#6159 = DIRECTION('',(0.,1.));
#6160 = ( GEOMETRIC_REPRESENTATION_CONTEXT(2) 
PARAMETRIC_REPRESENTATION_CONTEXT() REPRESENTATION_CONTEXT('2D SPACE',''
  ) );
#6161 = PCURVE('',#6162,#6167);
#6162 = PLANE('',#6163);
#6163 = AXIS2_PLACEMENT_3D('',#6164,#6165,#6166);
#6164 = CARTESIAN_POINT('',(41.15,7.775,7.65));
#6165 = DIRECTION('',(0.,0.,1.));
#6166 = DIRECTION('',(1.,0.,0.));
#6167 = DEFINITIONAL_REPRESENTATION('',(#6168),#6172);
#6168 = LINE('',#6169,#6170);
#6169 = CARTESIAN_POINT('',(0.,0.));
#6170 = VECTOR('',#6171,1.);
#6171 = DIRECTION('',(1.,0.));
#6172 = ( GEOMETRIC_REPRESENTATION_CONTEXT(2) 
PARAMETRIC_REPRESENTATION_CONTEXT() REPRESENTATION_CONTEXT('2D SPACE',''
  ) );
#6173 = ORIENTED_EDGE('',*,*,#6174,.T.);
#6174 = EDGE_CURVE('',#6147,#781,#6175,.T.);
#6175 = SURFACE_CURVE('',#6176,(#6180,#6187),.PCURVE_S1.);
#6176 = LINE('',#6177,#6178);
#6177 = CARTESIAN_POINT('',(41.15,7.775,7.65));
#6178 = VECTOR('',#6179,1.);
#6179 = DIRECTION('',(0.,0.,1.));
#6180 = PCURVE('',#795,#6181);
#6181 = DEFINITIONAL_REPRESENTATION('',(#6182),#6186);
#6182 = LINE('',#6183,#6184);
#6183 = CARTESIAN_POINT('',(0.,0.));
#6184 = VECTOR('',#6185,1.);
#6185 = DIRECTION('',(1.,0.));
#6186 = ( GEOMETRIC_REPRESENTATION_CONTEXT(2) 
PARAMETRIC_REPRESENTATION_CONTEXT() REPRESENTATION_CONTEXT('2D SPACE',''
  ) );
#6187 = PCURVE('',#821,#6188);
#6188 = DEFINITIONAL_REPRESENTATION('',(#6189),#6193);
#6189 = LINE('',#6190,#6191);
#6190 = CARTESIAN_POINT('',(0.,0.));
#6191 = VECTOR('',#6192,1.);
#6192 = DIRECTION('',(1.,0.));
#6193 = ( GEOMETRIC_REPRESENTATION_CONTEXT(2) 
PARAMETRIC_REPRESENTATION_CONTEXT() REPRESENTATION_CONTEXT('2D SPACE',''
  ) );
#6194 = ORIENTED_EDGE('',*,*,#778,.F.);
#6195 = ADVANCED_FACE('',(#6196),#871,.F.);
#6196 = FACE_BOUND('',#6197,.F.);
#6197 = EDGE_LOOP('',(#6198,#6199,#6222,#6243));
#6198 = ORIENTED_EDGE('',*,*,#6123,.F.);
#6199 = ORIENTED_EDGE('',*,*,#6200,.T.);
#6200 = EDGE_CURVE('',#6124,#6201,#6203,.T.);
#6201 = VERTEX_POINT('',#6202);
#6202 = CARTESIAN_POINT('',(42.95,8.225,7.65));
#6203 = SURFACE_CURVE('',#6204,(#6208,#6215),.PCURVE_S1.);
#6204 = LINE('',#6205,#6206);
#6205 = CARTESIAN_POINT('',(42.95,7.775,7.65));
#6206 = VECTOR('',#6207,1.);
#6207 = DIRECTION('',(0.,1.,0.));
#6208 = PCURVE('',#871,#6209);
#6209 = DEFINITIONAL_REPRESENTATION('',(#6210),#6214);
#6210 = LINE('',#6211,#6212);
#6211 = CARTESIAN_POINT('',(0.,0.));
#6212 = VECTOR('',#6213,1.);
#6213 = DIRECTION('',(0.,-1.));
#6214 = ( GEOMETRIC_REPRESENTATION_CONTEXT(2) 
PARAMETRIC_REPRESENTATION_CONTEXT() REPRESENTATION_CONTEXT('2D SPACE',''
  ) );
#6215 = PCURVE('',#6162,#6216);
#6216 = DEFINITIONAL_REPRESENTATION('',(#6217),#6221);
#6217 = LINE('',#6218,#6219);
#6218 = CARTESIAN_POINT('',(1.8,0.));
#6219 = VECTOR('',#6220,1.);
#6220 = DIRECTION('',(0.,1.));
#6221 = ( GEOMETRIC_REPRESENTATION_CONTEXT(2) 
PARAMETRIC_REPRESENTATION_CONTEXT() REPRESENTATION_CONTEXT('2D SPACE',''
  ) );
#6222 = ORIENTED_EDGE('',*,*,#6223,.T.);
#6223 = EDGE_CURVE('',#6201,#833,#6224,.T.);
#6224 = SURFACE_CURVE('',#6225,(#6229,#6236),.PCURVE_S1.);
#6225 = LINE('',#6226,#6227);
#6226 = CARTESIAN_POINT('',(42.95,8.225,7.65));
#6227 = VECTOR('',#6228,1.);
#6228 = DIRECTION('',(0.,0.,1.));
#6229 = PCURVE('',#871,#6230);
#6230 = DEFINITIONAL_REPRESENTATION('',(#6231),#6235);
#6231 = LINE('',#6232,#6233);
#6232 = CARTESIAN_POINT('',(0.,-0.45));
#6233 = VECTOR('',#6234,1.);
#6234 = DIRECTION('',(1.,0.));
#6235 = ( GEOMETRIC_REPRESENTATION_CONTEXT(2) 
PARAMETRIC_REPRESENTATION_CONTEXT() REPRESENTATION_CONTEXT('2D SPACE',''
  ) );
#6236 = PCURVE('',#847,#6237);
#6237 = DEFINITIONAL_REPRESENTATION('',(#6238),#6242);
#6238 = LINE('',#6239,#6240);
#6239 = CARTESIAN_POINT('',(0.,1.8));
#6240 = VECTOR('',#6241,1.);
#6241 = DIRECTION('',(1.,0.));
#6242 = ( GEOMETRIC_REPRESENTATION_CONTEXT(2) 
PARAMETRIC_REPRESENTATION_CONTEXT() REPRESENTATION_CONTEXT('2D SPACE',''
  ) );
#6243 = ORIENTED_EDGE('',*,*,#858,.F.);
#6244 = ADVANCED_FACE('',(#6245),#821,.T.);
#6245 = FACE_BOUND('',#6246,.T.);
#6246 = EDGE_LOOP('',(#6247,#6248,#6271,#6292));
#6247 = ORIENTED_EDGE('',*,*,#6174,.F.);
#6248 = ORIENTED_EDGE('',*,*,#6249,.T.);
#6249 = EDGE_CURVE('',#6147,#6250,#6252,.T.);
#6250 = VERTEX_POINT('',#6251);
#6251 = CARTESIAN_POINT('',(41.15,8.225,7.65));
#6252 = SURFACE_CURVE('',#6253,(#6257,#6264),.PCURVE_S1.);
#6253 = LINE('',#6254,#6255);
#6254 = CARTESIAN_POINT('',(41.15,7.775,7.65));
#6255 = VECTOR('',#6256,1.);
#6256 = DIRECTION('',(0.,1.,0.));
#6257 = PCURVE('',#821,#6258);
#6258 = DEFINITIONAL_REPRESENTATION('',(#6259),#6263);
#6259 = LINE('',#6260,#6261);
#6260 = CARTESIAN_POINT('',(0.,0.));
#6261 = VECTOR('',#6262,1.);
#6262 = DIRECTION('',(0.,-1.));
#6263 = ( GEOMETRIC_REPRESENTATION_CONTEXT(2) 
PARAMETRIC_REPRESENTATION_CONTEXT() REPRESENTATION_CONTEXT('2D SPACE',''
  ) );
#6264 = PCURVE('',#6162,#6265);
#6265 = DEFINITIONAL_REPRESENTATION('',(#6266),#6270);
#6266 = LINE('',#6267,#6268);
#6267 = CARTESIAN_POINT('',(0.,0.));
#6268 = VECTOR('',#6269,1.);
#6269 = DIRECTION('',(0.,1.));
#6270 = ( GEOMETRIC_REPRESENTATION_CONTEXT(2) 
PARAMETRIC_REPRESENTATION_CONTEXT() REPRESENTATION_CONTEXT('2D SPACE',''
  ) );
#6271 = ORIENTED_EDGE('',*,*,#6272,.T.);
#6272 = EDGE_CURVE('',#6250,#807,#6273,.T.);
#6273 = SURFACE_CURVE('',#6274,(#6278,#6285),.PCURVE_S1.);
#6274 = LINE('',#6275,#6276);
#6275 = CARTESIAN_POINT('',(41.15,8.225,7.65));
#6276 = VECTOR('',#6277,1.);
#6277 = DIRECTION('',(0.,0.,1.));
#6278 = PCURVE('',#821,#6279);
#6279 = DEFINITIONAL_REPRESENTATION('',(#6280),#6284);
#6280 = LINE('',#6281,#6282);
#6281 = CARTESIAN_POINT('',(0.,-0.45));
#6282 = VECTOR('',#6283,1.);
#6283 = DIRECTION('',(1.,0.));
#6284 = ( GEOMETRIC_REPRESENTATION_CONTEXT(2) 
PARAMETRIC_REPRESENTATION_CONTEXT() REPRESENTATION_CONTEXT('2D SPACE',''
  ) );
#6285 = PCURVE('',#847,#6286);
#6286 = DEFINITIONAL_REPRESENTATION('',(#6287),#6291);
#6287 = LINE('',#6288,#6289);
#6288 = CARTESIAN_POINT('',(0.,0.));
#6289 = VECTOR('',#6290,1.);
#6290 = DIRECTION('',(1.,0.));
#6291 = ( GEOMETRIC_REPRESENTATION_CONTEXT(2) 
PARAMETRIC_REPRESENTATION_CONTEXT() REPRESENTATION_CONTEXT('2D SPACE',''
  ) );
#6292 = ORIENTED_EDGE('',*,*,#806,.F.);
#6293 = ADVANCED_FACE('',(#6294),#847,.F.);
#6294 = FACE_BOUND('',#6295,.F.);
#6295 = EDGE_LOOP('',(#6296,#6297,#6318,#6319));
#6296 = ORIENTED_EDGE('',*,*,#6223,.F.);
#6297 = ORIENTED_EDGE('',*,*,#6298,.F.);
#6298 = EDGE_CURVE('',#6250,#6201,#6299,.T.);
#6299 = SURFACE_CURVE('',#6300,(#6304,#6311),.PCURVE_S1.);
#6300 = LINE('',#6301,#6302);
#6301 = CARTESIAN_POINT('',(41.15,8.225,7.65));
#6302 = VECTOR('',#6303,1.);
#6303 = DIRECTION('',(1.,0.,0.));
#6304 = PCURVE('',#847,#6305);
#6305 = DEFINITIONAL_REPRESENTATION('',(#6306),#6310);
#6306 = LINE('',#6307,#6308);
#6307 = CARTESIAN_POINT('',(0.,0.));
#6308 = VECTOR('',#6309,1.);
#6309 = DIRECTION('',(0.,1.));
#6310 = ( GEOMETRIC_REPRESENTATION_CONTEXT(2) 
PARAMETRIC_REPRESENTATION_CONTEXT() REPRESENTATION_CONTEXT('2D SPACE',''
  ) );
#6311 = PCURVE('',#6162,#6312);
#6312 = DEFINITIONAL_REPRESENTATION('',(#6313),#6317);
#6313 = LINE('',#6314,#6315);
#6314 = CARTESIAN_POINT('',(0.,0.45));
#6315 = VECTOR('',#6316,1.);
#6316 = DIRECTION('',(1.,0.));
#6317 = ( GEOMETRIC_REPRESENTATION_CONTEXT(2) 
PARAMETRIC_REPRESENTATION_CONTEXT() REPRESENTATION_CONTEXT('2D SPACE',''
  ) );
#6318 = ORIENTED_EDGE('',*,*,#6272,.T.);
#6319 = ORIENTED_EDGE('',*,*,#832,.F.);
#6320 = ADVANCED_FACE('',(#6321),#901,.T.);
#6321 = FACE_BOUND('',#6322,.T.);
#6322 = EDGE_LOOP('',(#6323,#6346,#6374,#6395));
#6323 = ORIENTED_EDGE('',*,*,#6324,.F.);
#6324 = EDGE_CURVE('',#6325,#885,#6327,.T.);
#6325 = VERTEX_POINT('',#6326);
#6326 = CARTESIAN_POINT('',(42.95,9.775,7.65));
#6327 = SURFACE_CURVE('',#6328,(#6332,#6339),.PCURVE_S1.);
#6328 = LINE('',#6329,#6330);
#6329 = CARTESIAN_POINT('',(42.95,9.775,7.65));
#6330 = VECTOR('',#6331,1.);
#6331 = DIRECTION('',(0.,0.,1.));
#6332 = PCURVE('',#901,#6333);
#6333 = DEFINITIONAL_REPRESENTATION('',(#6334),#6338);
#6334 = LINE('',#6335,#6336);
#6335 = CARTESIAN_POINT('',(0.,3.));
#6336 = VECTOR('',#6337,1.);
#6337 = DIRECTION('',(1.,0.));
#6338 = ( GEOMETRIC_REPRESENTATION_CONTEXT(2) 
PARAMETRIC_REPRESENTATION_CONTEXT() REPRESENTATION_CONTEXT('2D SPACE',''
  ) );
#6339 = PCURVE('',#977,#6340);
#6340 = DEFINITIONAL_REPRESENTATION('',(#6341),#6345);
#6341 = LINE('',#6342,#6343);
#6342 = CARTESIAN_POINT('',(0.,0.));
#6343 = VECTOR('',#6344,1.);
#6344 = DIRECTION('',(1.,0.));
#6345 = ( GEOMETRIC_REPRESENTATION_CONTEXT(2) 
PARAMETRIC_REPRESENTATION_CONTEXT() REPRESENTATION_CONTEXT('2D SPACE',''
  ) );
#6346 = ORIENTED_EDGE('',*,*,#6347,.F.);
#6347 = EDGE_CURVE('',#6348,#6325,#6350,.T.);
#6348 = VERTEX_POINT('',#6349);
#6349 = CARTESIAN_POINT('',(39.95,9.775,7.65));
#6350 = SURFACE_CURVE('',#6351,(#6355,#6362),.PCURVE_S1.);
#6351 = LINE('',#6352,#6353);
#6352 = CARTESIAN_POINT('',(39.95,9.775,7.65));
#6353 = VECTOR('',#6354,1.);
#6354 = DIRECTION('',(1.,0.,0.));
#6355 = PCURVE('',#901,#6356);
#6356 = DEFINITIONAL_REPRESENTATION('',(#6357),#6361);
#6357 = LINE('',#6358,#6359);
#6358 = CARTESIAN_POINT('',(0.,0.));
#6359 = VECTOR('',#6360,1.);
#6360 = DIRECTION('',(0.,1.));
#6361 = ( GEOMETRIC_REPRESENTATION_CONTEXT(2) 
PARAMETRIC_REPRESENTATION_CONTEXT() REPRESENTATION_CONTEXT('2D SPACE',''
  ) );
#6362 = PCURVE('',#6363,#6368);
#6363 = PLANE('',#6364);
#6364 = AXIS2_PLACEMENT_3D('',#6365,#6366,#6367);
#6365 = CARTESIAN_POINT('',(39.95,9.775,7.65));
#6366 = DIRECTION('',(0.,0.,1.));
#6367 = DIRECTION('',(1.,0.,0.));
#6368 = DEFINITIONAL_REPRESENTATION('',(#6369),#6373);
#6369 = LINE('',#6370,#6371);
#6370 = CARTESIAN_POINT('',(0.,0.));
#6371 = VECTOR('',#6372,1.);
#6372 = DIRECTION('',(1.,0.));
#6373 = ( GEOMETRIC_REPRESENTATION_CONTEXT(2) 
PARAMETRIC_REPRESENTATION_CONTEXT() REPRESENTATION_CONTEXT('2D SPACE',''
  ) );
#6374 = ORIENTED_EDGE('',*,*,#6375,.T.);
#6375 = EDGE_CURVE('',#6348,#887,#6376,.T.);
#6376 = SURFACE_CURVE('',#6377,(#6381,#6388),.PCURVE_S1.);
#6377 = LINE('',#6378,#6379);
#6378 = CARTESIAN_POINT('',(39.95,9.775,7.65));
#6379 = VECTOR('',#6380,1.);
#6380 = DIRECTION('',(0.,0.,1.));
#6381 = PCURVE('',#901,#6382);
#6382 = DEFINITIONAL_REPRESENTATION('',(#6383),#6387);
#6383 = LINE('',#6384,#6385);
#6384 = CARTESIAN_POINT('',(0.,0.));
#6385 = VECTOR('',#6386,1.);
#6386 = DIRECTION('',(1.,0.));
#6387 = ( GEOMETRIC_REPRESENTATION_CONTEXT(2) 
PARAMETRIC_REPRESENTATION_CONTEXT() REPRESENTATION_CONTEXT('2D SPACE',''
  ) );
#6388 = PCURVE('',#927,#6389);
#6389 = DEFINITIONAL_REPRESENTATION('',(#6390),#6394);
#6390 = LINE('',#6391,#6392);
#6391 = CARTESIAN_POINT('',(0.,0.));
#6392 = VECTOR('',#6393,1.);
#6393 = DIRECTION('',(1.,0.));
#6394 = ( GEOMETRIC_REPRESENTATION_CONTEXT(2) 
PARAMETRIC_REPRESENTATION_CONTEXT() REPRESENTATION_CONTEXT('2D SPACE',''
  ) );
#6395 = ORIENTED_EDGE('',*,*,#884,.F.);
#6396 = ADVANCED_FACE('',(#6397),#977,.F.);
#6397 = FACE_BOUND('',#6398,.F.);
#6398 = EDGE_LOOP('',(#6399,#6400,#6423,#6444));
#6399 = ORIENTED_EDGE('',*,*,#6324,.F.);
#6400 = ORIENTED_EDGE('',*,*,#6401,.T.);
#6401 = EDGE_CURVE('',#6325,#6402,#6404,.T.);
#6402 = VERTEX_POINT('',#6403);
#6403 = CARTESIAN_POINT('',(42.95,10.225,7.65));
#6404 = SURFACE_CURVE('',#6405,(#6409,#6416),.PCURVE_S1.);
#6405 = LINE('',#6406,#6407);
#6406 = CARTESIAN_POINT('',(42.95,9.775,7.65));
#6407 = VECTOR('',#6408,1.);
#6408 = DIRECTION('',(0.,1.,0.));
#6409 = PCURVE('',#977,#6410);
#6410 = DEFINITIONAL_REPRESENTATION('',(#6411),#6415);
#6411 = LINE('',#6412,#6413);
#6412 = CARTESIAN_POINT('',(0.,0.));
#6413 = VECTOR('',#6414,1.);
#6414 = DIRECTION('',(0.,-1.));
#6415 = ( GEOMETRIC_REPRESENTATION_CONTEXT(2) 
PARAMETRIC_REPRESENTATION_CONTEXT() REPRESENTATION_CONTEXT('2D SPACE',''
  ) );
#6416 = PCURVE('',#6363,#6417);
#6417 = DEFINITIONAL_REPRESENTATION('',(#6418),#6422);
#6418 = LINE('',#6419,#6420);
#6419 = CARTESIAN_POINT('',(3.,0.));
#6420 = VECTOR('',#6421,1.);
#6421 = DIRECTION('',(0.,1.));
#6422 = ( GEOMETRIC_REPRESENTATION_CONTEXT(2) 
PARAMETRIC_REPRESENTATION_CONTEXT() REPRESENTATION_CONTEXT('2D SPACE',''
  ) );
#6423 = ORIENTED_EDGE('',*,*,#6424,.T.);
#6424 = EDGE_CURVE('',#6402,#939,#6425,.T.);
#6425 = SURFACE_CURVE('',#6426,(#6430,#6437),.PCURVE_S1.);
#6426 = LINE('',#6427,#6428);
#6427 = CARTESIAN_POINT('',(42.95,10.225,7.65));
#6428 = VECTOR('',#6429,1.);
#6429 = DIRECTION('',(0.,0.,1.));
#6430 = PCURVE('',#977,#6431);
#6431 = DEFINITIONAL_REPRESENTATION('',(#6432),#6436);
#6432 = LINE('',#6433,#6434);
#6433 = CARTESIAN_POINT('',(0.,-0.45));
#6434 = VECTOR('',#6435,1.);
#6435 = DIRECTION('',(1.,0.));
#6436 = ( GEOMETRIC_REPRESENTATION_CONTEXT(2) 
PARAMETRIC_REPRESENTATION_CONTEXT() REPRESENTATION_CONTEXT('2D SPACE',''
  ) );
#6437 = PCURVE('',#953,#6438);
#6438 = DEFINITIONAL_REPRESENTATION('',(#6439),#6443);
#6439 = LINE('',#6440,#6441);
#6440 = CARTESIAN_POINT('',(0.,3.));
#6441 = VECTOR('',#6442,1.);
#6442 = DIRECTION('',(1.,0.));
#6443 = ( GEOMETRIC_REPRESENTATION_CONTEXT(2) 
PARAMETRIC_REPRESENTATION_CONTEXT() REPRESENTATION_CONTEXT('2D SPACE',''
  ) );
#6444 = ORIENTED_EDGE('',*,*,#964,.F.);
#6445 = ADVANCED_FACE('',(#6446),#927,.T.);
#6446 = FACE_BOUND('',#6447,.T.);
#6447 = EDGE_LOOP('',(#6448,#6449,#6472,#6493));
#6448 = ORIENTED_EDGE('',*,*,#6375,.F.);
#6449 = ORIENTED_EDGE('',*,*,#6450,.T.);
#6450 = EDGE_CURVE('',#6348,#6451,#6453,.T.);
#6451 = VERTEX_POINT('',#6452);
#6452 = CARTESIAN_POINT('',(39.95,10.225,7.65));
#6453 = SURFACE_CURVE('',#6454,(#6458,#6465),.PCURVE_S1.);
#6454 = LINE('',#6455,#6456);
#6455 = CARTESIAN_POINT('',(39.95,9.775,7.65));
#6456 = VECTOR('',#6457,1.);
#6457 = DIRECTION('',(0.,1.,0.));
#6458 = PCURVE('',#927,#6459);
#6459 = DEFINITIONAL_REPRESENTATION('',(#6460),#6464);
#6460 = LINE('',#6461,#6462);
#6461 = CARTESIAN_POINT('',(0.,0.));
#6462 = VECTOR('',#6463,1.);
#6463 = DIRECTION('',(0.,-1.));
#6464 = ( GEOMETRIC_REPRESENTATION_CONTEXT(2) 
PARAMETRIC_REPRESENTATION_CONTEXT() REPRESENTATION_CONTEXT('2D SPACE',''
  ) );
#6465 = PCURVE('',#6363,#6466);
#6466 = DEFINITIONAL_REPRESENTATION('',(#6467),#6471);
#6467 = LINE('',#6468,#6469);
#6468 = CARTESIAN_POINT('',(0.,0.));
#6469 = VECTOR('',#6470,1.);
#6470 = DIRECTION('',(0.,1.));
#6471 = ( GEOMETRIC_REPRESENTATION_CONTEXT(2) 
PARAMETRIC_REPRESENTATION_CONTEXT() REPRESENTATION_CONTEXT('2D SPACE',''
  ) );
#6472 = ORIENTED_EDGE('',*,*,#6473,.T.);
#6473 = EDGE_CURVE('',#6451,#913,#6474,.T.);
#6474 = SURFACE_CURVE('',#6475,(#6479,#6486),.PCURVE_S1.);
#6475 = LINE('',#6476,#6477);
#6476 = CARTESIAN_POINT('',(39.95,10.225,7.65));
#6477 = VECTOR('',#6478,1.);
#6478 = DIRECTION('',(0.,0.,1.));
#6479 = PCURVE('',#927,#6480);
#6480 = DEFINITIONAL_REPRESENTATION('',(#6481),#6485);
#6481 = LINE('',#6482,#6483);
#6482 = CARTESIAN_POINT('',(0.,-0.45));
#6483 = VECTOR('',#6484,1.);
#6484 = DIRECTION('',(1.,0.));
#6485 = ( GEOMETRIC_REPRESENTATION_CONTEXT(2) 
PARAMETRIC_REPRESENTATION_CONTEXT() REPRESENTATION_CONTEXT('2D SPACE',''
  ) );
#6486 = PCURVE('',#953,#6487);
#6487 = DEFINITIONAL_REPRESENTATION('',(#6488),#6492);
#6488 = LINE('',#6489,#6490);
#6489 = CARTESIAN_POINT('',(0.,0.));
#6490 = VECTOR('',#6491,1.);
#6491 = DIRECTION('',(1.,0.));
#6492 = ( GEOMETRIC_REPRESENTATION_CONTEXT(2) 
PARAMETRIC_REPRESENTATION_CONTEXT() REPRESENTATION_CONTEXT('2D SPACE',''
  ) );
#6493 = ORIENTED_EDGE('',*,*,#912,.F.);
#6494 = ADVANCED_FACE('',(#6495),#953,.F.);
#6495 = FACE_BOUND('',#6496,.F.);
#6496 = EDGE_LOOP('',(#6497,#6498,#6519,#6520));
#6497 = ORIENTED_EDGE('',*,*,#6424,.F.);
#6498 = ORIENTED_EDGE('',*,*,#6499,.F.);
#6499 = EDGE_CURVE('',#6451,#6402,#6500,.T.);
#6500 = SURFACE_CURVE('',#6501,(#6505,#6512),.PCURVE_S1.);
#6501 = LINE('',#6502,#6503);
#6502 = CARTESIAN_POINT('',(39.95,10.225,7.65));
#6503 = VECTOR('',#6504,1.);
#6504 = DIRECTION('',(1.,0.,0.));
#6505 = PCURVE('',#953,#6506);
#6506 = DEFINITIONAL_REPRESENTATION('',(#6507),#6511);
#6507 = LINE('',#6508,#6509);
#6508 = CARTESIAN_POINT('',(0.,0.));
#6509 = VECTOR('',#6510,1.);
#6510 = DIRECTION('',(0.,1.));
#6511 = ( GEOMETRIC_REPRESENTATION_CONTEXT(2) 
PARAMETRIC_REPRESENTATION_CONTEXT() REPRESENTATION_CONTEXT('2D SPACE',''
  ) );
#6512 = PCURVE('',#6363,#6513);
#6513 = DEFINITIONAL_REPRESENTATION('',(#6514),#6518);
#6514 = LINE('',#6515,#6516);
#6515 = CARTESIAN_POINT('',(0.,0.45));
#6516 = VECTOR('',#6517,1.);
#6517 = DIRECTION('',(1.,0.));
#6518 = ( GEOMETRIC_REPRESENTATION_CONTEXT(2) 
PARAMETRIC_REPRESENTATION_CONTEXT() REPRESENTATION_CONTEXT('2D SPACE',''
  ) );
#6519 = ORIENTED_EDGE('',*,*,#6473,.T.);
#6520 = ORIENTED_EDGE('',*,*,#938,.F.);
#6521 = ADVANCED_FACE('',(#6522),#1007,.T.);
#6522 = FACE_BOUND('',#6523,.T.);
#6523 = EDGE_LOOP('',(#6524,#6547,#6575,#6596));
#6524 = ORIENTED_EDGE('',*,*,#6525,.F.);
#6525 = EDGE_CURVE('',#6526,#991,#6528,.T.);
#6526 = VERTEX_POINT('',#6527);
#6527 = CARTESIAN_POINT('',(42.95,11.775,7.65));
#6528 = SURFACE_CURVE('',#6529,(#6533,#6540),.PCURVE_S1.);
#6529 = LINE('',#6530,#6531);
#6530 = CARTESIAN_POINT('',(42.95,11.775,7.65));
#6531 = VECTOR('',#6532,1.);
#6532 = DIRECTION('',(0.,0.,1.));
#6533 = PCURVE('',#1007,#6534);
#6534 = DEFINITIONAL_REPRESENTATION('',(#6535),#6539);
#6535 = LINE('',#6536,#6537);
#6536 = CARTESIAN_POINT('',(0.,1.8));
#6537 = VECTOR('',#6538,1.);
#6538 = DIRECTION('',(1.,0.));
#6539 = ( GEOMETRIC_REPRESENTATION_CONTEXT(2) 
PARAMETRIC_REPRESENTATION_CONTEXT() REPRESENTATION_CONTEXT('2D SPACE',''
  ) );
#6540 = PCURVE('',#1083,#6541);
#6541 = DEFINITIONAL_REPRESENTATION('',(#6542),#6546);
#6542 = LINE('',#6543,#6544);
#6543 = CARTESIAN_POINT('',(0.,0.));
#6544 = VECTOR('',#6545,1.);
#6545 = DIRECTION('',(1.,0.));
#6546 = ( GEOMETRIC_REPRESENTATION_CONTEXT(2) 
PARAMETRIC_REPRESENTATION_CONTEXT() REPRESENTATION_CONTEXT('2D SPACE',''
  ) );
#6547 = ORIENTED_EDGE('',*,*,#6548,.F.);
#6548 = EDGE_CURVE('',#6549,#6526,#6551,.T.);
#6549 = VERTEX_POINT('',#6550);
#6550 = CARTESIAN_POINT('',(41.15,11.775,7.65));
#6551 = SURFACE_CURVE('',#6552,(#6556,#6563),.PCURVE_S1.);
#6552 = LINE('',#6553,#6554);
#6553 = CARTESIAN_POINT('',(41.15,11.775,7.65));
#6554 = VECTOR('',#6555,1.);
#6555 = DIRECTION('',(1.,0.,0.));
#6556 = PCURVE('',#1007,#6557);
#6557 = DEFINITIONAL_REPRESENTATION('',(#6558),#6562);
#6558 = LINE('',#6559,#6560);
#6559 = CARTESIAN_POINT('',(0.,0.));
#6560 = VECTOR('',#6561,1.);
#6561 = DIRECTION('',(0.,1.));
#6562 = ( GEOMETRIC_REPRESENTATION_CONTEXT(2) 
PARAMETRIC_REPRESENTATION_CONTEXT() REPRESENTATION_CONTEXT('2D SPACE',''
  ) );
#6563 = PCURVE('',#6564,#6569);
#6564 = PLANE('',#6565);
#6565 = AXIS2_PLACEMENT_3D('',#6566,#6567,#6568);
#6566 = CARTESIAN_POINT('',(41.15,11.775,7.65));
#6567 = DIRECTION('',(0.,0.,1.));
#6568 = DIRECTION('',(1.,0.,0.));
#6569 = DEFINITIONAL_REPRESENTATION('',(#6570),#6574);
#6570 = LINE('',#6571,#6572);
#6571 = CARTESIAN_POINT('',(0.,0.));
#6572 = VECTOR('',#6573,1.);
#6573 = DIRECTION('',(1.,0.));
#6574 = ( GEOMETRIC_REPRESENTATION_CONTEXT(2) 
PARAMETRIC_REPRESENTATION_CONTEXT() REPRESENTATION_CONTEXT('2D SPACE',''
  ) );
#6575 = ORIENTED_EDGE('',*,*,#6576,.T.);
#6576 = EDGE_CURVE('',#6549,#993,#6577,.T.);
#6577 = SURFACE_CURVE('',#6578,(#6582,#6589),.PCURVE_S1.);
#6578 = LINE('',#6579,#6580);
#6579 = CARTESIAN_POINT('',(41.15,11.775,7.65));
#6580 = VECTOR('',#6581,1.);
#6581 = DIRECTION('',(0.,0.,1.));
#6582 = PCURVE('',#1007,#6583);
#6583 = DEFINITIONAL_REPRESENTATION('',(#6584),#6588);
#6584 = LINE('',#6585,#6586);
#6585 = CARTESIAN_POINT('',(0.,0.));
#6586 = VECTOR('',#6587,1.);
#6587 = DIRECTION('',(1.,0.));
#6588 = ( GEOMETRIC_REPRESENTATION_CONTEXT(2) 
PARAMETRIC_REPRESENTATION_CONTEXT() REPRESENTATION_CONTEXT('2D SPACE',''
  ) );
#6589 = PCURVE('',#1033,#6590);
#6590 = DEFINITIONAL_REPRESENTATION('',(#6591),#6595);
#6591 = LINE('',#6592,#6593);
#6592 = CARTESIAN_POINT('',(0.,0.));
#6593 = VECTOR('',#6594,1.);
#6594 = DIRECTION('',(1.,0.));
#6595 = ( GEOMETRIC_REPRESENTATION_CONTEXT(2) 
PARAMETRIC_REPRESENTATION_CONTEXT() REPRESENTATION_CONTEXT('2D SPACE',''
  ) );
#6596 = ORIENTED_EDGE('',*,*,#990,.F.);
#6597 = ADVANCED_FACE('',(#6598),#1083,.F.);
#6598 = FACE_BOUND('',#6599,.F.);
#6599 = EDGE_LOOP('',(#6600,#6601,#6624,#6645));
#6600 = ORIENTED_EDGE('',*,*,#6525,.F.);
#6601 = ORIENTED_EDGE('',*,*,#6602,.T.);
#6602 = EDGE_CURVE('',#6526,#6603,#6605,.T.);
#6603 = VERTEX_POINT('',#6604);
#6604 = CARTESIAN_POINT('',(42.95,12.225,7.65));
#6605 = SURFACE_CURVE('',#6606,(#6610,#6617),.PCURVE_S1.);
#6606 = LINE('',#6607,#6608);
#6607 = CARTESIAN_POINT('',(42.95,11.775,7.65));
#6608 = VECTOR('',#6609,1.);
#6609 = DIRECTION('',(0.,1.,0.));
#6610 = PCURVE('',#1083,#6611);
#6611 = DEFINITIONAL_REPRESENTATION('',(#6612),#6616);
#6612 = LINE('',#6613,#6614);
#6613 = CARTESIAN_POINT('',(0.,0.));
#6614 = VECTOR('',#6615,1.);
#6615 = DIRECTION('',(0.,-1.));
#6616 = ( GEOMETRIC_REPRESENTATION_CONTEXT(2) 
PARAMETRIC_REPRESENTATION_CONTEXT() REPRESENTATION_CONTEXT('2D SPACE',''
  ) );
#6617 = PCURVE('',#6564,#6618);
#6618 = DEFINITIONAL_REPRESENTATION('',(#6619),#6623);
#6619 = LINE('',#6620,#6621);
#6620 = CARTESIAN_POINT('',(1.8,0.));
#6621 = VECTOR('',#6622,1.);
#6622 = DIRECTION('',(0.,1.));
#6623 = ( GEOMETRIC_REPRESENTATION_CONTEXT(2) 
PARAMETRIC_REPRESENTATION_CONTEXT() REPRESENTATION_CONTEXT('2D SPACE',''
  ) );
#6624 = ORIENTED_EDGE('',*,*,#6625,.T.);
#6625 = EDGE_CURVE('',#6603,#1045,#6626,.T.);
#6626 = SURFACE_CURVE('',#6627,(#6631,#6638),.PCURVE_S1.);
#6627 = LINE('',#6628,#6629);
#6628 = CARTESIAN_POINT('',(42.95,12.225,7.65));
#6629 = VECTOR('',#6630,1.);
#6630 = DIRECTION('',(0.,0.,1.));
#6631 = PCURVE('',#1083,#6632);
#6632 = DEFINITIONAL_REPRESENTATION('',(#6633),#6637);
#6633 = LINE('',#6634,#6635);
#6634 = CARTESIAN_POINT('',(0.,-0.45));
#6635 = VECTOR('',#6636,1.);
#6636 = DIRECTION('',(1.,0.));
#6637 = ( GEOMETRIC_REPRESENTATION_CONTEXT(2) 
PARAMETRIC_REPRESENTATION_CONTEXT() REPRESENTATION_CONTEXT('2D SPACE',''
  ) );
#6638 = PCURVE('',#1059,#6639);
#6639 = DEFINITIONAL_REPRESENTATION('',(#6640),#6644);
#6640 = LINE('',#6641,#6642);
#6641 = CARTESIAN_POINT('',(0.,1.8));
#6642 = VECTOR('',#6643,1.);
#6643 = DIRECTION('',(1.,0.));
#6644 = ( GEOMETRIC_REPRESENTATION_CONTEXT(2) 
PARAMETRIC_REPRESENTATION_CONTEXT() REPRESENTATION_CONTEXT('2D SPACE',''
  ) );
#6645 = ORIENTED_EDGE('',*,*,#1070,.F.);
#6646 = ADVANCED_FACE('',(#6647),#1033,.T.);
#6647 = FACE_BOUND('',#6648,.T.);
#6648 = EDGE_LOOP('',(#6649,#6650,#6673,#6694));
#6649 = ORIENTED_EDGE('',*,*,#6576,.F.);
#6650 = ORIENTED_EDGE('',*,*,#6651,.T.);
#6651 = EDGE_CURVE('',#6549,#6652,#6654,.T.);
#6652 = VERTEX_POINT('',#6653);
#6653 = CARTESIAN_POINT('',(41.15,12.225,7.65));
#6654 = SURFACE_CURVE('',#6655,(#6659,#6666),.PCURVE_S1.);
#6655 = LINE('',#6656,#6657);
#6656 = CARTESIAN_POINT('',(41.15,11.775,7.65));
#6657 = VECTOR('',#6658,1.);
#6658 = DIRECTION('',(0.,1.,0.));
#6659 = PCURVE('',#1033,#6660);
#6660 = DEFINITIONAL_REPRESENTATION('',(#6661),#6665);
#6661 = LINE('',#6662,#6663);
#6662 = CARTESIAN_POINT('',(0.,0.));
#6663 = VECTOR('',#6664,1.);
#6664 = DIRECTION('',(0.,-1.));
#6665 = ( GEOMETRIC_REPRESENTATION_CONTEXT(2) 
PARAMETRIC_REPRESENTATION_CONTEXT() REPRESENTATION_CONTEXT('2D SPACE',''
  ) );
#6666 = PCURVE('',#6564,#6667);
#6667 = DEFINITIONAL_REPRESENTATION('',(#6668),#6672);
#6668 = LINE('',#6669,#6670);
#6669 = CARTESIAN_POINT('',(0.,0.));
#6670 = VECTOR('',#6671,1.);
#6671 = DIRECTION('',(0.,1.));
#6672 = ( GEOMETRIC_REPRESENTATION_CONTEXT(2) 
PARAMETRIC_REPRESENTATION_CONTEXT() REPRESENTATION_CONTEXT('2D SPACE',''
  ) );
#6673 = ORIENTED_EDGE('',*,*,#6674,.T.);
#6674 = EDGE_CURVE('',#6652,#1019,#6675,.T.);
#6675 = SURFACE_CURVE('',#6676,(#6680,#6687),.PCURVE_S1.);
#6676 = LINE('',#6677,#6678);
#6677 = CARTESIAN_POINT('',(41.15,12.225,7.65));
#6678 = VECTOR('',#6679,1.);
#6679 = DIRECTION('',(0.,0.,1.));
#6680 = PCURVE('',#1033,#6681);
#6681 = DEFINITIONAL_REPRESENTATION('',(#6682),#6686);
#6682 = LINE('',#6683,#6684);
#6683 = CARTESIAN_POINT('',(0.,-0.45));
#6684 = VECTOR('',#6685,1.);
#6685 = DIRECTION('',(1.,0.));
#6686 = ( GEOMETRIC_REPRESENTATION_CONTEXT(2) 
PARAMETRIC_REPRESENTATION_CONTEXT() REPRESENTATION_CONTEXT('2D SPACE',''
  ) );
#6687 = PCURVE('',#1059,#6688);
#6688 = DEFINITIONAL_REPRESENTATION('',(#6689),#6693);
#6689 = LINE('',#6690,#6691);
#6690 = CARTESIAN_POINT('',(0.,0.));
#6691 = VECTOR('',#6692,1.);
#6692 = DIRECTION('',(1.,0.));
#6693 = ( GEOMETRIC_REPRESENTATION_CONTEXT(2) 
PARAMETRIC_REPRESENTATION_CONTEXT() REPRESENTATION_CONTEXT('2D SPACE',''
  ) );
#6694 = ORIENTED_EDGE('',*,*,#1018,.F.);
#6695 = ADVANCED_FACE('',(#6696),#1059,.F.);
#6696 = FACE_BOUND('',#6697,.F.);
#6697 = EDGE_LOOP('',(#6698,#6699,#6720,#6721));
#6698 = ORIENTED_EDGE('',*,*,#6625,.F.);
#6699 = ORIENTED_EDGE('',*,*,#6700,.F.);
#6700 = EDGE_CURVE('',#6652,#6603,#6701,.T.);
#6701 = SURFACE_CURVE('',#6702,(#6706,#6713),.PCURVE_S1.);
#6702 = LINE('',#6703,#6704);
#6703 = CARTESIAN_POINT('',(41.15,12.225,7.65));
#6704 = VECTOR('',#6705,1.);
#6705 = DIRECTION('',(1.,0.,0.));
#6706 = PCURVE('',#1059,#6707);
#6707 = DEFINITIONAL_REPRESENTATION('',(#6708),#6712);
#6708 = LINE('',#6709,#6710);
#6709 = CARTESIAN_POINT('',(0.,0.));
#6710 = VECTOR('',#6711,1.);
#6711 = DIRECTION('',(0.,1.));
#6712 = ( GEOMETRIC_REPRESENTATION_CONTEXT(2) 
PARAMETRIC_REPRESENTATION_CONTEXT() REPRESENTATION_CONTEXT('2D SPACE',''
  ) );
#6713 = PCURVE('',#6564,#6714);
#6714 = DEFINITIONAL_REPRESENTATION('',(#6715),#6719);
#6715 = LINE('',#6716,#6717);
#6716 = CARTESIAN_POINT('',(0.,0.45));
#6717 = VECTOR('',#6718,1.);
#6718 = DIRECTION('',(1.,0.));
#6719 = ( GEOMETRIC_REPRESENTATION_CONTEXT(2) 
PARAMETRIC_REPRESENTATION_CONTEXT() REPRESENTATION_CONTEXT('2D SPACE',''
  ) );
#6720 = ORIENTED_EDGE('',*,*,#6674,.T.);
#6721 = ORIENTED_EDGE('',*,*,#1044,.F.);
#6722 = ADVANCED_FACE('',(#6723),#1113,.F.);
#6723 = FACE_BOUND('',#6724,.F.);
#6724 = EDGE_LOOP('',(#6725,#6755,#6776,#6777));
#6725 = ORIENTED_EDGE('',*,*,#6726,.F.);
#6726 = EDGE_CURVE('',#6727,#6729,#6731,.T.);
#6727 = VERTEX_POINT('',#6728);
#6728 = CARTESIAN_POINT('',(43.4,6.3,7.4));
#6729 = VERTEX_POINT('',#6730);
#6730 = CARTESIAN_POINT('',(43.4,13.7,7.4));
#6731 = SURFACE_CURVE('',#6732,(#6736,#6743),.PCURVE_S1.);
#6732 = LINE('',#6733,#6734);
#6733 = CARTESIAN_POINT('',(43.4,6.3,7.4));
#6734 = VECTOR('',#6735,1.);
#6735 = DIRECTION('',(1.110223024625E-16,1.,0.));
#6736 = PCURVE('',#1113,#6737);
#6737 = DEFINITIONAL_REPRESENTATION('',(#6738),#6742);
#6738 = LINE('',#6739,#6740);
#6739 = CARTESIAN_POINT('',(0.,0.));
#6740 = VECTOR('',#6741,1.);
#6741 = DIRECTION('',(1.,0.));
#6742 = ( GEOMETRIC_REPRESENTATION_CONTEXT(2) 
PARAMETRIC_REPRESENTATION_CONTEXT() REPRESENTATION_CONTEXT('2D SPACE',''
  ) );
#6743 = PCURVE('',#6744,#6749);
#6744 = PLANE('',#6745);
#6745 = AXIS2_PLACEMENT_3D('',#6746,#6747,#6748);
#6746 = CARTESIAN_POINT('',(48.,10.,7.4));
#6747 = DIRECTION('',(-0.,-0.,-1.));
#6748 = DIRECTION('',(-1.,0.,0.));
#6749 = DEFINITIONAL_REPRESENTATION('',(#6750),#6754);
#6750 = LINE('',#6751,#6752);
#6751 = CARTESIAN_POINT('',(4.6,-3.7));
#6752 = VECTOR('',#6753,1.);
#6753 = DIRECTION('',(-1.110223024625E-16,1.));
#6754 = ( GEOMETRIC_REPRESENTATION_CONTEXT(2) 
PARAMETRIC_REPRESENTATION_CONTEXT() REPRESENTATION_CONTEXT('2D SPACE',''
  ) );
#6755 = ORIENTED_EDGE('',*,*,#6756,.T.);
#6756 = EDGE_CURVE('',#6727,#1099,#6757,.T.);
#6757 = SURFACE_CURVE('',#6758,(#6762,#6769),.PCURVE_S1.);
#6758 = LINE('',#6759,#6760);
#6759 = CARTESIAN_POINT('',(43.4,6.3,7.4));
#6760 = VECTOR('',#6761,1.);
#6761 = DIRECTION('',(0.,0.,1.));
#6762 = PCURVE('',#1113,#6763);
#6763 = DEFINITIONAL_REPRESENTATION('',(#6764),#6768);
#6764 = LINE('',#6765,#6766);
#6765 = CARTESIAN_POINT('',(0.,0.));
#6766 = VECTOR('',#6767,1.);
#6767 = DIRECTION('',(0.,-1.));
#6768 = ( GEOMETRIC_REPRESENTATION_CONTEXT(2) 
PARAMETRIC_REPRESENTATION_CONTEXT() REPRESENTATION_CONTEXT('2D SPACE',''
  ) );
#6769 = PCURVE('',#1202,#6770);
#6770 = DEFINITIONAL_REPRESENTATION('',(#6771),#6775);
#6771 = LINE('',#6772,#6773);
#6772 = CARTESIAN_POINT('',(3.14159265359,0.));
#6773 = VECTOR('',#6774,1.);
#6774 = DIRECTION('',(0.,-1.));
#6775 = ( GEOMETRIC_REPRESENTATION_CONTEXT(2) 
PARAMETRIC_REPRESENTATION_CONTEXT() REPRESENTATION_CONTEXT('2D SPACE',''
  ) );
#6776 = ORIENTED_EDGE('',*,*,#1096,.F.);
#6777 = ORIENTED_EDGE('',*,*,#6778,.F.);
#6778 = EDGE_CURVE('',#6729,#1097,#6779,.T.);
#6779 = SURFACE_CURVE('',#6780,(#6784,#6791),.PCURVE_S1.);
#6780 = LINE('',#6781,#6782);
#6781 = CARTESIAN_POINT('',(43.4,13.7,7.4));
#6782 = VECTOR('',#6783,1.);
#6783 = DIRECTION('',(0.,0.,1.));
#6784 = PCURVE('',#1113,#6785);
#6785 = DEFINITIONAL_REPRESENTATION('',(#6786),#6790);
#6786 = LINE('',#6787,#6788);
#6787 = CARTESIAN_POINT('',(7.4,0.));
#6788 = VECTOR('',#6789,1.);
#6789 = DIRECTION('',(0.,-1.));
#6790 = ( GEOMETRIC_REPRESENTATION_CONTEXT(2) 
PARAMETRIC_REPRESENTATION_CONTEXT() REPRESENTATION_CONTEXT('2D SPACE',''
  ) );
#6791 = PCURVE('',#1145,#6792);
#6792 = DEFINITIONAL_REPRESENTATION('',(#6793),#6797);
#6793 = LINE('',#6794,#6795);
#6794 = CARTESIAN_POINT('',(0.,0.));
#6795 = VECTOR('',#6796,1.);
#6796 = DIRECTION('',(0.,-1.));
#6797 = ( GEOMETRIC_REPRESENTATION_CONTEXT(2) 
PARAMETRIC_REPRESENTATION_CONTEXT() REPRESENTATION_CONTEXT('2D SPACE',''
  ) );
#6798 = ADVANCED_FACE('',(#6799),#1145,.F.);
#6799 = FACE_BOUND('',#6800,.F.);
#6800 = EDGE_LOOP('',(#6801,#6825,#6826,#6827));
#6801 = ORIENTED_EDGE('',*,*,#6802,.F.);
#6802 = EDGE_CURVE('',#6729,#6803,#6805,.T.);
#6803 = VERTEX_POINT('',#6804);
#6804 = CARTESIAN_POINT('',(52.6,13.7,7.4));
#6805 = SURFACE_CURVE('',#6806,(#6811,#6818),.PCURVE_S1.);
#6806 = CIRCLE('',#6807,4.6);
#6807 = AXIS2_PLACEMENT_3D('',#6808,#6809,#6810);
#6808 = CARTESIAN_POINT('',(48.,13.7,7.4));
#6809 = DIRECTION('',(0.,0.,-1.));
#6810 = DIRECTION('',(-1.,1.110223024625E-16,0.));
#6811 = PCURVE('',#1145,#6812);
#6812 = DEFINITIONAL_REPRESENTATION('',(#6813),#6817);
#6813 = LINE('',#6814,#6815);
#6814 = CARTESIAN_POINT('',(0.,0.));
#6815 = VECTOR('',#6816,1.);
#6816 = DIRECTION('',(1.,0.));
#6817 = ( GEOMETRIC_REPRESENTATION_CONTEXT(2) 
PARAMETRIC_REPRESENTATION_CONTEXT() REPRESENTATION_CONTEXT('2D SPACE',''
  ) );
#6818 = PCURVE('',#6744,#6819);
#6819 = DEFINITIONAL_REPRESENTATION('',(#6820),#6824);
#6820 = CIRCLE('',#6821,4.6);
#6821 = AXIS2_PLACEMENT_2D('',#6822,#6823);
#6822 = CARTESIAN_POINT('',(7.105427357601E-15,3.7));
#6823 = DIRECTION('',(1.,1.110223024625E-16));
#6824 = ( GEOMETRIC_REPRESENTATION_CONTEXT(2) 
PARAMETRIC_REPRESENTATION_CONTEXT() REPRESENTATION_CONTEXT('2D SPACE',''
  ) );
#6825 = ORIENTED_EDGE('',*,*,#6778,.T.);
#6826 = ORIENTED_EDGE('',*,*,#1124,.T.);
#6827 = ORIENTED_EDGE('',*,*,#6828,.F.);
#6828 = EDGE_CURVE('',#6803,#1125,#6829,.T.);
#6829 = SURFACE_CURVE('',#6830,(#6834,#6841),.PCURVE_S1.);
#6830 = LINE('',#6831,#6832);
#6831 = CARTESIAN_POINT('',(52.6,13.7,7.4));
#6832 = VECTOR('',#6833,1.);
#6833 = DIRECTION('',(0.,0.,1.));
#6834 = PCURVE('',#1145,#6835);
#6835 = DEFINITIONAL_REPRESENTATION('',(#6836),#6840);
#6836 = LINE('',#6837,#6838);
#6837 = CARTESIAN_POINT('',(3.14159265359,0.));
#6838 = VECTOR('',#6839,1.);
#6839 = DIRECTION('',(0.,-1.));
#6840 = ( GEOMETRIC_REPRESENTATION_CONTEXT(2) 
PARAMETRIC_REPRESENTATION_CONTEXT() REPRESENTATION_CONTEXT('2D SPACE',''
  ) );
#6841 = PCURVE('',#1172,#6842);
#6842 = DEFINITIONAL_REPRESENTATION('',(#6843),#6847);
#6843 = LINE('',#6844,#6845);
#6844 = CARTESIAN_POINT('',(0.,0.));
#6845 = VECTOR('',#6846,1.);
#6846 = DIRECTION('',(0.,-1.));
#6847 = ( GEOMETRIC_REPRESENTATION_CONTEXT(2) 
PARAMETRIC_REPRESENTATION_CONTEXT() REPRESENTATION_CONTEXT('2D SPACE',''
  ) );
#6848 = ADVANCED_FACE('',(#6849),#1202,.F.);
#6849 = FACE_BOUND('',#6850,.F.);
#6850 = EDGE_LOOP('',(#6851,#6875,#6896,#6897));
#6851 = ORIENTED_EDGE('',*,*,#6852,.F.);
#6852 = EDGE_CURVE('',#6853,#6727,#6855,.T.);
#6853 = VERTEX_POINT('',#6854);
#6854 = CARTESIAN_POINT('',(52.6,6.3,7.4));
#6855 = SURFACE_CURVE('',#6856,(#6861,#6868),.PCURVE_S1.);
#6856 = CIRCLE('',#6857,4.6);
#6857 = AXIS2_PLACEMENT_3D('',#6858,#6859,#6860);
#6858 = CARTESIAN_POINT('',(48.,6.3,7.4));
#6859 = DIRECTION('',(0.,-0.,-1.));
#6860 = DIRECTION('',(1.,-1.110223024625E-16,0.));
#6861 = PCURVE('',#1202,#6862);
#6862 = DEFINITIONAL_REPRESENTATION('',(#6863),#6867);
#6863 = LINE('',#6864,#6865);
#6864 = CARTESIAN_POINT('',(0.,0.));
#6865 = VECTOR('',#6866,1.);
#6866 = DIRECTION('',(1.,0.));
#6867 = ( GEOMETRIC_REPRESENTATION_CONTEXT(2) 
PARAMETRIC_REPRESENTATION_CONTEXT() REPRESENTATION_CONTEXT('2D SPACE',''
  ) );
#6868 = PCURVE('',#6744,#6869);
#6869 = DEFINITIONAL_REPRESENTATION('',(#6870),#6874);
#6870 = CIRCLE('',#6871,4.6);
#6871 = AXIS2_PLACEMENT_2D('',#6872,#6873);
#6872 = CARTESIAN_POINT('',(7.105427357601E-15,-3.7));
#6873 = DIRECTION('',(-1.,-1.110223024625E-16));
#6874 = ( GEOMETRIC_REPRESENTATION_CONTEXT(2) 
PARAMETRIC_REPRESENTATION_CONTEXT() REPRESENTATION_CONTEXT('2D SPACE',''
  ) );
#6875 = ORIENTED_EDGE('',*,*,#6876,.T.);
#6876 = EDGE_CURVE('',#6853,#1158,#6877,.T.);
#6877 = SURFACE_CURVE('',#6878,(#6882,#6889),.PCURVE_S1.);
#6878 = LINE('',#6879,#6880);
#6879 = CARTESIAN_POINT('',(52.6,6.3,7.4));
#6880 = VECTOR('',#6881,1.);
#6881 = DIRECTION('',(0.,0.,1.));
#6882 = PCURVE('',#1202,#6883);
#6883 = DEFINITIONAL_REPRESENTATION('',(#6884),#6888);
#6884 = LINE('',#6885,#6886);
#6885 = CARTESIAN_POINT('',(0.,0.));
#6886 = VECTOR('',#6887,1.);
#6887 = DIRECTION('',(0.,-1.));
#6888 = ( GEOMETRIC_REPRESENTATION_CONTEXT(2) 
PARAMETRIC_REPRESENTATION_CONTEXT() REPRESENTATION_CONTEXT('2D SPACE',''
  ) );
#6889 = PCURVE('',#1172,#6890);
#6890 = DEFINITIONAL_REPRESENTATION('',(#6891),#6895);
#6891 = LINE('',#6892,#6893);
#6892 = CARTESIAN_POINT('',(7.4,0.));
#6893 = VECTOR('',#6894,1.);
#6894 = DIRECTION('',(0.,-1.));
#6895 = ( GEOMETRIC_REPRESENTATION_CONTEXT(2) 
PARAMETRIC_REPRESENTATION_CONTEXT() REPRESENTATION_CONTEXT('2D SPACE',''
  ) );
#6896 = ORIENTED_EDGE('',*,*,#1183,.T.);
#6897 = ORIENTED_EDGE('',*,*,#6756,.F.);
#6898 = ADVANCED_FACE('',(#6899),#1172,.F.);
#6899 = FACE_BOUND('',#6900,.F.);
#6900 = EDGE_LOOP('',(#6901,#6922,#6923,#6924));
#6901 = ORIENTED_EDGE('',*,*,#6902,.F.);
#6902 = EDGE_CURVE('',#6803,#6853,#6903,.T.);
#6903 = SURFACE_CURVE('',#6904,(#6908,#6915),.PCURVE_S1.);
#6904 = LINE('',#6905,#6906);
#6905 = CARTESIAN_POINT('',(52.6,13.7,7.4));
#6906 = VECTOR('',#6907,1.);
#6907 = DIRECTION('',(-1.110223024625E-16,-1.,0.));
#6908 = PCURVE('',#1172,#6909);
#6909 = DEFINITIONAL_REPRESENTATION('',(#6910),#6914);
#6910 = LINE('',#6911,#6912);
#6911 = CARTESIAN_POINT('',(0.,0.));
#6912 = VECTOR('',#6913,1.);
#6913 = DIRECTION('',(1.,0.));
#6914 = ( GEOMETRIC_REPRESENTATION_CONTEXT(2) 
PARAMETRIC_REPRESENTATION_CONTEXT() REPRESENTATION_CONTEXT('2D SPACE',''
  ) );
#6915 = PCURVE('',#6744,#6916);
#6916 = DEFINITIONAL_REPRESENTATION('',(#6917),#6921);
#6917 = LINE('',#6918,#6919);
#6918 = CARTESIAN_POINT('',(-4.6,3.7));
#6919 = VECTOR('',#6920,1.);
#6920 = DIRECTION('',(1.110223024625E-16,-1.));
#6921 = ( GEOMETRIC_REPRESENTATION_CONTEXT(2) 
PARAMETRIC_REPRESENTATION_CONTEXT() REPRESENTATION_CONTEXT('2D SPACE',''
  ) );
#6922 = ORIENTED_EDGE('',*,*,#6828,.T.);
#6923 = ORIENTED_EDGE('',*,*,#1157,.F.);
#6924 = ORIENTED_EDGE('',*,*,#6876,.F.);
#6925 = ADVANCED_FACE('',(#6926),#1233,.F.);
#6926 = FACE_BOUND('',#6927,.F.);
#6927 = EDGE_LOOP('',(#6928,#6958,#6979,#6980));
#6928 = ORIENTED_EDGE('',*,*,#6929,.F.);
#6929 = EDGE_CURVE('',#6930,#6932,#6934,.T.);
#6930 = VERTEX_POINT('',#6931);
#6931 = CARTESIAN_POINT('',(26.037890625,54.07509765625,7.65));
#6932 = VERTEX_POINT('',#6933);
#6933 = CARTESIAN_POINT('',(25.77265625,54.07509765625,7.65));
#6934 = SURFACE_CURVE('',#6935,(#6939,#6946),.PCURVE_S1.);
#6935 = LINE('',#6936,#6937);
#6936 = CARTESIAN_POINT('',(26.037890625,54.07509765625,7.65));
#6937 = VECTOR('',#6938,1.);
#6938 = DIRECTION('',(-1.,0.,0.));
#6939 = PCURVE('',#1233,#6940);
#6940 = DEFINITIONAL_REPRESENTATION('',(#6941),#6945);
#6941 = LINE('',#6942,#6943);
#6942 = CARTESIAN_POINT('',(0.,-0.));
#6943 = VECTOR('',#6944,1.);
#6944 = DIRECTION('',(1.,0.));
#6945 = ( GEOMETRIC_REPRESENTATION_CONTEXT(2) 
PARAMETRIC_REPRESENTATION_CONTEXT() REPRESENTATION_CONTEXT('2D SPACE',''
  ) );
#6946 = PCURVE('',#6947,#6952);
#6947 = PLANE('',#6948);
#6948 = AXIS2_PLACEMENT_3D('',#6949,#6950,#6951);
#6949 = CARTESIAN_POINT('',(25.0466796875,54.07509765625,7.65));
#6950 = DIRECTION('',(0.,0.,1.));
#6951 = DIRECTION('',(1.,0.,0.));
#6952 = DEFINITIONAL_REPRESENTATION('',(#6953),#6957);
#6953 = LINE('',#6954,#6955);
#6954 = CARTESIAN_POINT('',(0.9912109375,0.));
#6955 = VECTOR('',#6956,1.);
#6956 = DIRECTION('',(-1.,0.));
#6957 = ( GEOMETRIC_REPRESENTATION_CONTEXT(2) 
PARAMETRIC_REPRESENTATION_CONTEXT() REPRESENTATION_CONTEXT('2D SPACE',''
  ) );
#6958 = ORIENTED_EDGE('',*,*,#6959,.T.);
#6959 = EDGE_CURVE('',#6930,#1219,#6960,.T.);
#6960 = SURFACE_CURVE('',#6961,(#6965,#6972),.PCURVE_S1.);
#6961 = LINE('',#6962,#6963);
#6962 = CARTESIAN_POINT('',(26.037890625,54.07509765625,7.65));
#6963 = VECTOR('',#6964,1.);
#6964 = DIRECTION('',(0.,0.,1.));
#6965 = PCURVE('',#1233,#6966);
#6966 = DEFINITIONAL_REPRESENTATION('',(#6967),#6971);
#6967 = LINE('',#6968,#6969);
#6968 = CARTESIAN_POINT('',(0.,-0.));
#6969 = VECTOR('',#6970,1.);
#6970 = DIRECTION('',(0.,-1.));
#6971 = ( GEOMETRIC_REPRESENTATION_CONTEXT(2) 
PARAMETRIC_REPRESENTATION_CONTEXT() REPRESENTATION_CONTEXT('2D SPACE',''
  ) );
#6972 = PCURVE('',#1413,#6973);
#6973 = DEFINITIONAL_REPRESENTATION('',(#6974),#6978);
#6974 = LINE('',#6975,#6976);
#6975 = CARTESIAN_POINT('',(1.7677734375,0.));
#6976 = VECTOR('',#6977,1.);
#6977 = DIRECTION('',(0.,-1.));
#6978 = ( GEOMETRIC_REPRESENTATION_CONTEXT(2) 
PARAMETRIC_REPRESENTATION_CONTEXT() REPRESENTATION_CONTEXT('2D SPACE',''
  ) );
#6979 = ORIENTED_EDGE('',*,*,#1216,.F.);
#6980 = ORIENTED_EDGE('',*,*,#6981,.F.);
#6981 = EDGE_CURVE('',#6932,#1217,#6982,.T.);
#6982 = SURFACE_CURVE('',#6983,(#6987,#6994),.PCURVE_S1.);
#6983 = LINE('',#6984,#6985);
#6984 = CARTESIAN_POINT('',(25.77265625,54.07509765625,7.65));
#6985 = VECTOR('',#6986,1.);
#6986 = DIRECTION('',(0.,0.,1.));
#6987 = PCURVE('',#1233,#6988);
#6988 = DEFINITIONAL_REPRESENTATION('',(#6989),#6993);
#6989 = LINE('',#6990,#6991);
#6990 = CARTESIAN_POINT('',(0.265234375,0.));
#6991 = VECTOR('',#6992,1.);
#6992 = DIRECTION('',(0.,-1.));
#6993 = ( GEOMETRIC_REPRESENTATION_CONTEXT(2) 
PARAMETRIC_REPRESENTATION_CONTEXT() REPRESENTATION_CONTEXT('2D SPACE',''
  ) );
#6994 = PCURVE('',#1259,#6995);
#6995 = DEFINITIONAL_REPRESENTATION('',(#6996),#7000);
#6996 = LINE('',#6997,#6998);
#6997 = CARTESIAN_POINT('',(0.,0.));
#6998 = VECTOR('',#6999,1.);
#6999 = DIRECTION('',(0.,-1.));
#7000 = ( GEOMETRIC_REPRESENTATION_CONTEXT(2) 
PARAMETRIC_REPRESENTATION_CONTEXT() REPRESENTATION_CONTEXT('2D SPACE',''
  ) );
#7001 = ADVANCED_FACE('',(#7002),#1413,.F.);
#7002 = FACE_BOUND('',#7003,.F.);
#7003 = EDGE_LOOP('',(#7004,#7027,#7048,#7049));
#7004 = ORIENTED_EDGE('',*,*,#7005,.F.);
#7005 = EDGE_CURVE('',#7006,#6930,#7008,.T.);
#7006 = VERTEX_POINT('',#7007);
#7007 = CARTESIAN_POINT('',(26.037890625,55.84287109375,7.65));
#7008 = SURFACE_CURVE('',#7009,(#7013,#7020),.PCURVE_S1.);
#7009 = LINE('',#7010,#7011);
#7010 = CARTESIAN_POINT('',(26.037890625,55.84287109375,7.65));
#7011 = VECTOR('',#7012,1.);
#7012 = DIRECTION('',(0.,-1.,0.));
#7013 = PCURVE('',#1413,#7014);
#7014 = DEFINITIONAL_REPRESENTATION('',(#7015),#7019);
#7015 = LINE('',#7016,#7017);
#7016 = CARTESIAN_POINT('',(0.,0.));
#7017 = VECTOR('',#7018,1.);
#7018 = DIRECTION('',(1.,0.));
#7019 = ( GEOMETRIC_REPRESENTATION_CONTEXT(2) 
PARAMETRIC_REPRESENTATION_CONTEXT() REPRESENTATION_CONTEXT('2D SPACE',''
  ) );
#7020 = PCURVE('',#6947,#7021);
#7021 = DEFINITIONAL_REPRESENTATION('',(#7022),#7026);
#7022 = LINE('',#7023,#7024);
#7023 = CARTESIAN_POINT('',(0.9912109375,1.7677734375));
#7024 = VECTOR('',#7025,1.);
#7025 = DIRECTION('',(0.,-1.));
#7026 = ( GEOMETRIC_REPRESENTATION_CONTEXT(2) 
PARAMETRIC_REPRESENTATION_CONTEXT() REPRESENTATION_CONTEXT('2D SPACE',''
  ) );
#7027 = ORIENTED_EDGE('',*,*,#7028,.T.);
#7028 = EDGE_CURVE('',#7006,#1375,#7029,.T.);
#7029 = SURFACE_CURVE('',#7030,(#7034,#7041),.PCURVE_S1.);
#7030 = LINE('',#7031,#7032);
#7031 = CARTESIAN_POINT('',(26.037890625,55.84287109375,7.65));
#7032 = VECTOR('',#7033,1.);
#7033 = DIRECTION('',(0.,0.,1.));
#7034 = PCURVE('',#1413,#7035);
#7035 = DEFINITIONAL_REPRESENTATION('',(#7036),#7040);
#7036 = LINE('',#7037,#7038);
#7037 = CARTESIAN_POINT('',(0.,0.));
#7038 = VECTOR('',#7039,1.);
#7039 = DIRECTION('',(0.,-1.));
#7040 = ( GEOMETRIC_REPRESENTATION_CONTEXT(2) 
PARAMETRIC_REPRESENTATION_CONTEXT() REPRESENTATION_CONTEXT('2D SPACE',''
  ) );
#7041 = PCURVE('',#1389,#7042);
#7042 = DEFINITIONAL_REPRESENTATION('',(#7043),#7047);
#7043 = LINE('',#7044,#7045);
#7044 = CARTESIAN_POINT('',(0.6630859375,0.));
#7045 = VECTOR('',#7046,1.);
#7046 = DIRECTION('',(0.,-1.));
#7047 = ( GEOMETRIC_REPRESENTATION_CONTEXT(2) 
PARAMETRIC_REPRESENTATION_CONTEXT() REPRESENTATION_CONTEXT('2D SPACE',''
  ) );
#7048 = ORIENTED_EDGE('',*,*,#1400,.F.);
#7049 = ORIENTED_EDGE('',*,*,#6959,.F.);
#7050 = ADVANCED_FACE('',(#7051),#1389,.F.);
#7051 = FACE_BOUND('',#7052,.F.);
#7052 = EDGE_LOOP('',(#7053,#7076,#7097,#7098));
#7053 = ORIENTED_EDGE('',*,*,#7054,.F.);
#7054 = EDGE_CURVE('',#7055,#7006,#7057,.T.);
#7055 = VERTEX_POINT('',#7056);
#7056 = CARTESIAN_POINT('',(26.7009765625,55.84287109375,7.65));
#7057 = SURFACE_CURVE('',#7058,(#7062,#7069),.PCURVE_S1.);
#7058 = LINE('',#7059,#7060);
#7059 = CARTESIAN_POINT('',(26.7009765625,55.84287109375,7.65));
#7060 = VECTOR('',#7061,1.);
#7061 = DIRECTION('',(-1.,0.,0.));
#7062 = PCURVE('',#1389,#7063);
#7063 = DEFINITIONAL_REPRESENTATION('',(#7064),#7068);
#7064 = LINE('',#7065,#7066);
#7065 = CARTESIAN_POINT('',(0.,-0.));
#7066 = VECTOR('',#7067,1.);
#7067 = DIRECTION('',(1.,0.));
#7068 = ( GEOMETRIC_REPRESENTATION_CONTEXT(2) 
PARAMETRIC_REPRESENTATION_CONTEXT() REPRESENTATION_CONTEXT('2D SPACE',''
  ) );
#7069 = PCURVE('',#6947,#7070);
#7070 = DEFINITIONAL_REPRESENTATION('',(#7071),#7075);
#7071 = LINE('',#7072,#7073);
#7072 = CARTESIAN_POINT('',(1.654296875,1.7677734375));
#7073 = VECTOR('',#7074,1.);
#7074 = DIRECTION('',(-1.,0.));
#7075 = ( GEOMETRIC_REPRESENTATION_CONTEXT(2) 
PARAMETRIC_REPRESENTATION_CONTEXT() REPRESENTATION_CONTEXT('2D SPACE',''
  ) );
#7076 = ORIENTED_EDGE('',*,*,#7077,.T.);
#7077 = EDGE_CURVE('',#7055,#1349,#7078,.T.);
#7078 = SURFACE_CURVE('',#7079,(#7083,#7090),.PCURVE_S1.);
#7079 = LINE('',#7080,#7081);
#7080 = CARTESIAN_POINT('',(26.7009765625,55.84287109375,7.65));
#7081 = VECTOR('',#7082,1.);
#7082 = DIRECTION('',(0.,0.,1.));
#7083 = PCURVE('',#1389,#7084);
#7084 = DEFINITIONAL_REPRESENTATION('',(#7085),#7089);
#7085 = LINE('',#7086,#7087);
#7086 = CARTESIAN_POINT('',(0.,-0.));
#7087 = VECTOR('',#7088,1.);
#7088 = DIRECTION('',(0.,-1.));
#7089 = ( GEOMETRIC_REPRESENTATION_CONTEXT(2) 
PARAMETRIC_REPRESENTATION_CONTEXT() REPRESENTATION_CONTEXT('2D SPACE',''
  ) );
#7090 = PCURVE('',#1363,#7091);
#7091 = DEFINITIONAL_REPRESENTATION('',(#7092),#7096);
#7092 = LINE('',#7093,#7094);
#7093 = CARTESIAN_POINT('',(0.2365234375,0.));
#7094 = VECTOR('',#7095,1.);
#7095 = DIRECTION('',(0.,-1.));
#7096 = ( GEOMETRIC_REPRESENTATION_CONTEXT(2) 
PARAMETRIC_REPRESENTATION_CONTEXT() REPRESENTATION_CONTEXT('2D SPACE',''
  ) );
#7097 = ORIENTED_EDGE('',*,*,#1374,.F.);
#7098 = ORIENTED_EDGE('',*,*,#7028,.F.);
#7099 = ADVANCED_FACE('',(#7100),#1363,.F.);
#7100 = FACE_BOUND('',#7101,.F.);
#7101 = EDGE_LOOP('',(#7102,#7125,#7146,#7147));
#7102 = ORIENTED_EDGE('',*,*,#7103,.F.);
#7103 = EDGE_CURVE('',#7104,#7055,#7106,.T.);
#7104 = VERTEX_POINT('',#7105);
#7105 = CARTESIAN_POINT('',(26.7009765625,56.07939453125,7.65));
#7106 = SURFACE_CURVE('',#7107,(#7111,#7118),.PCURVE_S1.);
#7107 = LINE('',#7108,#7109);
#7108 = CARTESIAN_POINT('',(26.7009765625,56.07939453125,7.65));
#7109 = VECTOR('',#7110,1.);
#7110 = DIRECTION('',(0.,-1.,0.));
#7111 = PCURVE('',#1363,#7112);
#7112 = DEFINITIONAL_REPRESENTATION('',(#7113),#7117);
#7113 = LINE('',#7114,#7115);
#7114 = CARTESIAN_POINT('',(0.,0.));
#7115 = VECTOR('',#7116,1.);
#7116 = DIRECTION('',(1.,0.));
#7117 = ( GEOMETRIC_REPRESENTATION_CONTEXT(2) 
PARAMETRIC_REPRESENTATION_CONTEXT() REPRESENTATION_CONTEXT('2D SPACE',''
  ) );
#7118 = PCURVE('',#6947,#7119);
#7119 = DEFINITIONAL_REPRESENTATION('',(#7120),#7124);
#7120 = LINE('',#7121,#7122);
#7121 = CARTESIAN_POINT('',(1.654296875,2.004296875));
#7122 = VECTOR('',#7123,1.);
#7123 = DIRECTION('',(0.,-1.));
#7124 = ( GEOMETRIC_REPRESENTATION_CONTEXT(2) 
PARAMETRIC_REPRESENTATION_CONTEXT() REPRESENTATION_CONTEXT('2D SPACE',''
  ) );
#7125 = ORIENTED_EDGE('',*,*,#7126,.T.);
#7126 = EDGE_CURVE('',#7104,#1323,#7127,.T.);
#7127 = SURFACE_CURVE('',#7128,(#7132,#7139),.PCURVE_S1.);
#7128 = LINE('',#7129,#7130);
#7129 = CARTESIAN_POINT('',(26.7009765625,56.07939453125,7.65));
#7130 = VECTOR('',#7131,1.);
#7131 = DIRECTION('',(0.,0.,1.));
#7132 = PCURVE('',#1363,#7133);
#7133 = DEFINITIONAL_REPRESENTATION('',(#7134),#7138);
#7134 = LINE('',#7135,#7136);
#7135 = CARTESIAN_POINT('',(0.,0.));
#7136 = VECTOR('',#7137,1.);
#7137 = DIRECTION('',(0.,-1.));
#7138 = ( GEOMETRIC_REPRESENTATION_CONTEXT(2) 
PARAMETRIC_REPRESENTATION_CONTEXT() REPRESENTATION_CONTEXT('2D SPACE',''
  ) );
#7139 = PCURVE('',#1337,#7140);
#7140 = DEFINITIONAL_REPRESENTATION('',(#7141),#7145);
#7141 = LINE('',#7142,#7143);
#7142 = CARTESIAN_POINT('',(1.588671875,0.));
#7143 = VECTOR('',#7144,1.);
#7144 = DIRECTION('',(0.,-1.));
#7145 = ( GEOMETRIC_REPRESENTATION_CONTEXT(2) 
PARAMETRIC_REPRESENTATION_CONTEXT() REPRESENTATION_CONTEXT('2D SPACE',''
  ) );
#7146 = ORIENTED_EDGE('',*,*,#1348,.F.);
#7147 = ORIENTED_EDGE('',*,*,#7077,.F.);
#7148 = ADVANCED_FACE('',(#7149),#1337,.F.);
#7149 = FACE_BOUND('',#7150,.F.);
#7150 = EDGE_LOOP('',(#7151,#7174,#7195,#7196));
#7151 = ORIENTED_EDGE('',*,*,#7152,.F.);
#7152 = EDGE_CURVE('',#7153,#7104,#7155,.T.);
#7153 = VERTEX_POINT('',#7154);
#7154 = CARTESIAN_POINT('',(25.1123046875,56.07939453125,7.65));
#7155 = SURFACE_CURVE('',#7156,(#7160,#7167),.PCURVE_S1.);
#7156 = LINE('',#7157,#7158);
#7157 = CARTESIAN_POINT('',(25.1123046875,56.07939453125,7.65));
#7158 = VECTOR('',#7159,1.);
#7159 = DIRECTION('',(1.,0.,0.));
#7160 = PCURVE('',#1337,#7161);
#7161 = DEFINITIONAL_REPRESENTATION('',(#7162),#7166);
#7162 = LINE('',#7163,#7164);
#7163 = CARTESIAN_POINT('',(0.,0.));
#7164 = VECTOR('',#7165,1.);
#7165 = DIRECTION('',(1.,0.));
#7166 = ( GEOMETRIC_REPRESENTATION_CONTEXT(2) 
PARAMETRIC_REPRESENTATION_CONTEXT() REPRESENTATION_CONTEXT('2D SPACE',''
  ) );
#7167 = PCURVE('',#6947,#7168);
#7168 = DEFINITIONAL_REPRESENTATION('',(#7169),#7173);
#7169 = LINE('',#7170,#7171);
#7170 = CARTESIAN_POINT('',(6.5625E-02,2.004296875));
#7171 = VECTOR('',#7172,1.);
#7172 = DIRECTION('',(1.,0.));
#7173 = ( GEOMETRIC_REPRESENTATION_CONTEXT(2) 
PARAMETRIC_REPRESENTATION_CONTEXT() REPRESENTATION_CONTEXT('2D SPACE',''
  ) );
#7174 = ORIENTED_EDGE('',*,*,#7175,.T.);
#7175 = EDGE_CURVE('',#7153,#1297,#7176,.T.);
#7176 = SURFACE_CURVE('',#7177,(#7181,#7188),.PCURVE_S1.);
#7177 = LINE('',#7178,#7179);
#7178 = CARTESIAN_POINT('',(25.1123046875,56.07939453125,7.65));
#7179 = VECTOR('',#7180,1.);
#7180 = DIRECTION('',(0.,0.,1.));
#7181 = PCURVE('',#1337,#7182);
#7182 = DEFINITIONAL_REPRESENTATION('',(#7183),#7187);
#7183 = LINE('',#7184,#7185);
#7184 = CARTESIAN_POINT('',(0.,0.));
#7185 = VECTOR('',#7186,1.);
#7186 = DIRECTION('',(0.,-1.));
#7187 = ( GEOMETRIC_REPRESENTATION_CONTEXT(2) 
PARAMETRIC_REPRESENTATION_CONTEXT() REPRESENTATION_CONTEXT('2D SPACE',''
  ) );
#7188 = PCURVE('',#1311,#7189);
#7189 = DEFINITIONAL_REPRESENTATION('',(#7190),#7194);
#7190 = LINE('',#7191,#7192);
#7191 = CARTESIAN_POINT('',(0.2365234375,0.));
#7192 = VECTOR('',#7193,1.);
#7193 = DIRECTION('',(0.,-1.));
#7194 = ( GEOMETRIC_REPRESENTATION_CONTEXT(2) 
PARAMETRIC_REPRESENTATION_CONTEXT() REPRESENTATION_CONTEXT('2D SPACE',''
  ) );
#7195 = ORIENTED_EDGE('',*,*,#1322,.F.);
#7196 = ORIENTED_EDGE('',*,*,#7126,.F.);
#7197 = ADVANCED_FACE('',(#7198),#1311,.F.);
#7198 = FACE_BOUND('',#7199,.F.);
#7199 = EDGE_LOOP('',(#7200,#7223,#7244,#7245));
#7200 = ORIENTED_EDGE('',*,*,#7201,.F.);
#7201 = EDGE_CURVE('',#7202,#7153,#7204,.T.);
#7202 = VERTEX_POINT('',#7203);
#7203 = CARTESIAN_POINT('',(25.1123046875,55.84287109375,7.65));
#7204 = SURFACE_CURVE('',#7205,(#7209,#7216),.PCURVE_S1.);
#7205 = LINE('',#7206,#7207);
#7206 = CARTESIAN_POINT('',(25.1123046875,55.84287109375,7.65));
#7207 = VECTOR('',#7208,1.);
#7208 = DIRECTION('',(0.,1.,0.));
#7209 = PCURVE('',#1311,#7210);
#7210 = DEFINITIONAL_REPRESENTATION('',(#7211),#7215);
#7211 = LINE('',#7212,#7213);
#7212 = CARTESIAN_POINT('',(0.,0.));
#7213 = VECTOR('',#7214,1.);
#7214 = DIRECTION('',(1.,0.));
#7215 = ( GEOMETRIC_REPRESENTATION_CONTEXT(2) 
PARAMETRIC_REPRESENTATION_CONTEXT() REPRESENTATION_CONTEXT('2D SPACE',''
  ) );
#7216 = PCURVE('',#6947,#7217);
#7217 = DEFINITIONAL_REPRESENTATION('',(#7218),#7222);
#7218 = LINE('',#7219,#7220);
#7219 = CARTESIAN_POINT('',(6.5625E-02,1.7677734375));
#7220 = VECTOR('',#7221,1.);
#7221 = DIRECTION('',(0.,1.));
#7222 = ( GEOMETRIC_REPRESENTATION_CONTEXT(2) 
PARAMETRIC_REPRESENTATION_CONTEXT() REPRESENTATION_CONTEXT('2D SPACE',''
  ) );
#7223 = ORIENTED_EDGE('',*,*,#7224,.T.);
#7224 = EDGE_CURVE('',#7202,#1271,#7225,.T.);
#7225 = SURFACE_CURVE('',#7226,(#7230,#7237),.PCURVE_S1.);
#7226 = LINE('',#7227,#7228);
#7227 = CARTESIAN_POINT('',(25.1123046875,55.84287109375,7.65));
#7228 = VECTOR('',#7229,1.);
#7229 = DIRECTION('',(0.,0.,1.));
#7230 = PCURVE('',#1311,#7231);
#7231 = DEFINITIONAL_REPRESENTATION('',(#7232),#7236);
#7232 = LINE('',#7233,#7234);
#7233 = CARTESIAN_POINT('',(0.,0.));
#7234 = VECTOR('',#7235,1.);
#7235 = DIRECTION('',(0.,-1.));
#7236 = ( GEOMETRIC_REPRESENTATION_CONTEXT(2) 
PARAMETRIC_REPRESENTATION_CONTEXT() REPRESENTATION_CONTEXT('2D SPACE',''
  ) );
#7237 = PCURVE('',#1285,#7238);
#7238 = DEFINITIONAL_REPRESENTATION('',(#7239),#7243);
#7239 = LINE('',#7240,#7241);
#7240 = CARTESIAN_POINT('',(0.6603515625,0.));
#7241 = VECTOR('',#7242,1.);
#7242 = DIRECTION('',(0.,-1.));
#7243 = ( GEOMETRIC_REPRESENTATION_CONTEXT(2) 
PARAMETRIC_REPRESENTATION_CONTEXT() REPRESENTATION_CONTEXT('2D SPACE',''
  ) );
#7244 = ORIENTED_EDGE('',*,*,#1296,.F.);
#7245 = ORIENTED_EDGE('',*,*,#7175,.F.);
#7246 = ADVANCED_FACE('',(#7247),#1285,.F.);
#7247 = FACE_BOUND('',#7248,.F.);
#7248 = EDGE_LOOP('',(#7249,#7272,#7293,#7294));
#7249 = ORIENTED_EDGE('',*,*,#7250,.F.);
#7250 = EDGE_CURVE('',#7251,#7202,#7253,.T.);
#7251 = VERTEX_POINT('',#7252);
#7252 = CARTESIAN_POINT('',(25.77265625,55.84287109375,7.65));
#7253 = SURFACE_CURVE('',#7254,(#7258,#7265),.PCURVE_S1.);
#7254 = LINE('',#7255,#7256);
#7255 = CARTESIAN_POINT('',(25.77265625,55.84287109375,7.65));
#7256 = VECTOR('',#7257,1.);
#7257 = DIRECTION('',(-1.,0.,0.));
#7258 = PCURVE('',#1285,#7259);
#7259 = DEFINITIONAL_REPRESENTATION('',(#7260),#7264);
#7260 = LINE('',#7261,#7262);
#7261 = CARTESIAN_POINT('',(0.,-0.));
#7262 = VECTOR('',#7263,1.);
#7263 = DIRECTION('',(1.,0.));
#7264 = ( GEOMETRIC_REPRESENTATION_CONTEXT(2) 
PARAMETRIC_REPRESENTATION_CONTEXT() REPRESENTATION_CONTEXT('2D SPACE',''
  ) );
#7265 = PCURVE('',#6947,#7266);
#7266 = DEFINITIONAL_REPRESENTATION('',(#7267),#7271);
#7267 = LINE('',#7268,#7269);
#7268 = CARTESIAN_POINT('',(0.7259765625,1.7677734375));
#7269 = VECTOR('',#7270,1.);
#7270 = DIRECTION('',(-1.,0.));
#7271 = ( GEOMETRIC_REPRESENTATION_CONTEXT(2) 
PARAMETRIC_REPRESENTATION_CONTEXT() REPRESENTATION_CONTEXT('2D SPACE',''
  ) );
#7272 = ORIENTED_EDGE('',*,*,#7273,.T.);
#7273 = EDGE_CURVE('',#7251,#1245,#7274,.T.);
#7274 = SURFACE_CURVE('',#7275,(#7279,#7286),.PCURVE_S1.);
#7275 = LINE('',#7276,#7277);
#7276 = CARTESIAN_POINT('',(25.77265625,55.84287109375,7.65));
#7277 = VECTOR('',#7278,1.);
#7278 = DIRECTION('',(0.,0.,1.));
#7279 = PCURVE('',#1285,#7280);
#7280 = DEFINITIONAL_REPRESENTATION('',(#7281),#7285);
#7281 = LINE('',#7282,#7283);
#7282 = CARTESIAN_POINT('',(0.,-0.));
#7283 = VECTOR('',#7284,1.);
#7284 = DIRECTION('',(0.,-1.));
#7285 = ( GEOMETRIC_REPRESENTATION_CONTEXT(2) 
PARAMETRIC_REPRESENTATION_CONTEXT() REPRESENTATION_CONTEXT('2D SPACE',''
  ) );
#7286 = PCURVE('',#1259,#7287);
#7287 = DEFINITIONAL_REPRESENTATION('',(#7288),#7292);
#7288 = LINE('',#7289,#7290);
#7289 = CARTESIAN_POINT('',(1.7677734375,0.));
#7290 = VECTOR('',#7291,1.);
#7291 = DIRECTION('',(0.,-1.));
#7292 = ( GEOMETRIC_REPRESENTATION_CONTEXT(2) 
PARAMETRIC_REPRESENTATION_CONTEXT() REPRESENTATION_CONTEXT('2D SPACE',''
  ) );
#7293 = ORIENTED_EDGE('',*,*,#1270,.F.);
#7294 = ORIENTED_EDGE('',*,*,#7224,.F.);
#7295 = ADVANCED_FACE('',(#7296),#1259,.F.);
#7296 = FACE_BOUND('',#7297,.F.);
#7297 = EDGE_LOOP('',(#7298,#7319,#7320,#7321));
#7298 = ORIENTED_EDGE('',*,*,#7299,.F.);
#7299 = EDGE_CURVE('',#6932,#7251,#7300,.T.);
#7300 = SURFACE_CURVE('',#7301,(#7305,#7312),.PCURVE_S1.);
#7301 = LINE('',#7302,#7303);
#7302 = CARTESIAN_POINT('',(25.77265625,54.07509765625,7.65));
#7303 = VECTOR('',#7304,1.);
#7304 = DIRECTION('',(0.,1.,0.));
#7305 = PCURVE('',#1259,#7306);
#7306 = DEFINITIONAL_REPRESENTATION('',(#7307),#7311);
#7307 = LINE('',#7308,#7309);
#7308 = CARTESIAN_POINT('',(0.,0.));
#7309 = VECTOR('',#7310,1.);
#7310 = DIRECTION('',(1.,0.));
#7311 = ( GEOMETRIC_REPRESENTATION_CONTEXT(2) 
PARAMETRIC_REPRESENTATION_CONTEXT() REPRESENTATION_CONTEXT('2D SPACE',''
  ) );
#7312 = PCURVE('',#6947,#7313);
#7313 = DEFINITIONAL_REPRESENTATION('',(#7314),#7318);
#7314 = LINE('',#7315,#7316);
#7315 = CARTESIAN_POINT('',(0.7259765625,0.));
#7316 = VECTOR('',#7317,1.);
#7317 = DIRECTION('',(0.,1.));
#7318 = ( GEOMETRIC_REPRESENTATION_CONTEXT(2) 
PARAMETRIC_REPRESENTATION_CONTEXT() REPRESENTATION_CONTEXT('2D SPACE',''
  ) );
#7319 = ORIENTED_EDGE('',*,*,#6981,.T.);
#7320 = ORIENTED_EDGE('',*,*,#1244,.F.);
#7321 = ORIENTED_EDGE('',*,*,#7273,.F.);
#7322 = ADVANCED_FACE('',(#7323),#1443,.F.);
#7323 = FACE_BOUND('',#7324,.F.);
#7324 = EDGE_LOOP('',(#7325,#7355,#7376,#7377));
#7325 = ORIENTED_EDGE('',*,*,#7326,.F.);
#7326 = EDGE_CURVE('',#7327,#7329,#7331,.T.);
#7327 = VERTEX_POINT('',#7328);
#7328 = CARTESIAN_POINT('',(28.403125,54.77783203125,7.65));
#7329 = VERTEX_POINT('',#7330);
#7330 = CARTESIAN_POINT('',(28.668359375,54.71083984375,7.65));
#7331 = SURFACE_CURVE('',#7332,(#7336,#7343),.PCURVE_S1.);
#7332 = LINE('',#7333,#7334);
#7333 = CARTESIAN_POINT('',(28.403125,54.77783203125,7.65));
#7334 = VECTOR('',#7335,1.);
#7335 = DIRECTION('',(0.969551685994,-0.24488676605,0.));
#7336 = PCURVE('',#1443,#7337);
#7337 = DEFINITIONAL_REPRESENTATION('',(#7338),#7342);
#7338 = LINE('',#7339,#7340);
#7339 = CARTESIAN_POINT('',(0.,0.));
#7340 = VECTOR('',#7341,1.);
#7341 = DIRECTION('',(1.,0.));
#7342 = ( GEOMETRIC_REPRESENTATION_CONTEXT(2) 
PARAMETRIC_REPRESENTATION_CONTEXT() REPRESENTATION_CONTEXT('2D SPACE',''
  ) );
#7343 = PCURVE('',#7344,#7349);
#7344 = PLANE('',#7345);
#7345 = AXIS2_PLACEMENT_3D('',#7346,#7347,#7348);
#7346 = CARTESIAN_POINT('',(26.75703125,54.07509765625,7.65));
#7347 = DIRECTION('',(0.,0.,1.));
#7348 = DIRECTION('',(1.,0.,0.));
#7349 = DEFINITIONAL_REPRESENTATION('',(#7350),#7354);
#7350 = LINE('',#7351,#7352);
#7351 = CARTESIAN_POINT('',(1.64609375,0.702734375));
#7352 = VECTOR('',#7353,1.);
#7353 = DIRECTION('',(0.969551685994,-0.24488676605));
#7354 = ( GEOMETRIC_REPRESENTATION_CONTEXT(2) 
PARAMETRIC_REPRESENTATION_CONTEXT() REPRESENTATION_CONTEXT('2D SPACE',''
  ) );
#7355 = ORIENTED_EDGE('',*,*,#7356,.T.);
#7356 = EDGE_CURVE('',#7327,#1429,#7357,.T.);
#7357 = SURFACE_CURVE('',#7358,(#7362,#7369),.PCURVE_S1.);
#7358 = LINE('',#7359,#7360);
#7359 = CARTESIAN_POINT('',(28.403125,54.77783203125,7.65));
#7360 = VECTOR('',#7361,1.);
#7361 = DIRECTION('',(0.,0.,1.));
#7362 = PCURVE('',#1443,#7363);
#7363 = DEFINITIONAL_REPRESENTATION('',(#7364),#7368);
#7364 = LINE('',#7365,#7366);
#7365 = CARTESIAN_POINT('',(0.,0.));
#7366 = VECTOR('',#7367,1.);
#7367 = DIRECTION('',(0.,-1.));
#7368 = ( GEOMETRIC_REPRESENTATION_CONTEXT(2) 
PARAMETRIC_REPRESENTATION_CONTEXT() REPRESENTATION_CONTEXT('2D SPACE',''
  ) );
#7369 = PCURVE('',#2394,#7370);
#7370 = DEFINITIONAL_REPRESENTATION('',(#7371),#7375);
#7371 = LINE('',#7372,#7373);
#7372 = CARTESIAN_POINT('',(1.,0.));
#7373 = VECTOR('',#7374,1.);
#7374 = DIRECTION('',(0.,-1.));
#7375 = ( GEOMETRIC_REPRESENTATION_CONTEXT(2) 
PARAMETRIC_REPRESENTATION_CONTEXT() REPRESENTATION_CONTEXT('2D SPACE',''
  ) );
#7376 = ORIENTED_EDGE('',*,*,#1426,.F.);
#7377 = ORIENTED_EDGE('',*,*,#7378,.F.);
#7378 = EDGE_CURVE('',#7329,#1427,#7379,.T.);
#7379 = SURFACE_CURVE('',#7380,(#7384,#7391),.PCURVE_S1.);
#7380 = LINE('',#7381,#7382);
#7381 = CARTESIAN_POINT('',(28.668359375,54.71083984375,7.65));
#7382 = VECTOR('',#7383,1.);
#7383 = DIRECTION('',(0.,0.,1.));
#7384 = PCURVE('',#1443,#7385);
#7385 = DEFINITIONAL_REPRESENTATION('',(#7386),#7390);
#7386 = LINE('',#7387,#7388);
#7387 = CARTESIAN_POINT('',(0.273563935612,0.));
#7388 = VECTOR('',#7389,1.);
#7389 = DIRECTION('',(0.,-1.));
#7390 = ( GEOMETRIC_REPRESENTATION_CONTEXT(2) 
PARAMETRIC_REPRESENTATION_CONTEXT() REPRESENTATION_CONTEXT('2D SPACE',''
  ) );
#7391 = PCURVE('',#1492,#7392);
#7392 = DEFINITIONAL_REPRESENTATION('',(#7393),#7397);
#7393 = LINE('',#7394,#7395);
#7394 = CARTESIAN_POINT('',(0.,0.));
#7395 = VECTOR('',#7396,1.);
#7396 = DIRECTION('',(0.,-1.));
#7397 = ( GEOMETRIC_REPRESENTATION_CONTEXT(2) 
PARAMETRIC_REPRESENTATION_CONTEXT() REPRESENTATION_CONTEXT('2D SPACE',''
  ) );
#7398 = ADVANCED_FACE('',(#7399),#2394,.F.);
#7399 = FACE_BOUND('',#7400,.F.);
#7400 = EDGE_LOOP('',(#7401,#7424,#7445,#7446));
#7401 = ORIENTED_EDGE('',*,*,#7402,.F.);
#7402 = EDGE_CURVE('',#7403,#7327,#7405,.T.);
#7403 = VERTEX_POINT('',#7404);
#7404 = CARTESIAN_POINT('',(28.1939453125,54.39638671875,7.65));
#7405 = SURFACE_CURVE('',#7406,(#7410,#7417),.PCURVE_S1.);
#7406 = B_SPLINE_CURVE_WITH_KNOTS('',2,(#7407,#7408,#7409),
  .UNSPECIFIED.,.F.,.F.,(3,3),(0.,1.),.PIECEWISE_BEZIER_KNOTS.);
#7407 = CARTESIAN_POINT('',(28.1939453125,54.39638671875,7.65));
#7408 = CARTESIAN_POINT('',(28.3484375,54.52490234375,7.65));
#7409 = CARTESIAN_POINT('',(28.403125,54.77783203125,7.65));
#7410 = PCURVE('',#2394,#7411);
#7411 = DEFINITIONAL_REPRESENTATION('',(#7412),#7416);
#7412 = LINE('',#7413,#7414);
#7413 = CARTESIAN_POINT('',(0.,0.));
#7414 = VECTOR('',#7415,1.);
#7415 = DIRECTION('',(1.,0.));
#7416 = ( GEOMETRIC_REPRESENTATION_CONTEXT(2) 
PARAMETRIC_REPRESENTATION_CONTEXT() REPRESENTATION_CONTEXT('2D SPACE',''
  ) );
#7417 = PCURVE('',#7344,#7418);
#7418 = DEFINITIONAL_REPRESENTATION('',(#7419),#7423);
#7419 = B_SPLINE_CURVE_WITH_KNOTS('',2,(#7420,#7421,#7422),
  .UNSPECIFIED.,.F.,.F.,(3,3),(0.,1.),.PIECEWISE_BEZIER_KNOTS.);
#7420 = CARTESIAN_POINT('',(1.4369140625,0.3212890625));
#7421 = CARTESIAN_POINT('',(1.59140625,0.4498046875));
#7422 = CARTESIAN_POINT('',(1.64609375,0.702734375));
#7423 = ( GEOMETRIC_REPRESENTATION_CONTEXT(2) 
PARAMETRIC_REPRESENTATION_CONTEXT() REPRESENTATION_CONTEXT('2D SPACE',''
  ) );
#7424 = ORIENTED_EDGE('',*,*,#7425,.T.);
#7425 = EDGE_CURVE('',#7403,#2324,#7426,.T.);
#7426 = SURFACE_CURVE('',#7427,(#7431,#7438),.PCURVE_S1.);
#7427 = LINE('',#7428,#7429);
#7428 = CARTESIAN_POINT('',(28.1939453125,54.39638671875,7.65));
#7429 = VECTOR('',#7430,1.);
#7430 = DIRECTION('',(0.,0.,1.));
#7431 = PCURVE('',#2394,#7432);
#7432 = DEFINITIONAL_REPRESENTATION('',(#7433),#7437);
#7433 = LINE('',#7434,#7435);
#7434 = CARTESIAN_POINT('',(0.,0.));
#7435 = VECTOR('',#7436,1.);
#7436 = DIRECTION('',(0.,-1.));
#7437 = ( GEOMETRIC_REPRESENTATION_CONTEXT(2) 
PARAMETRIC_REPRESENTATION_CONTEXT() REPRESENTATION_CONTEXT('2D SPACE',''
  ) );
#7438 = PCURVE('',#2353,#7439);
#7439 = DEFINITIONAL_REPRESENTATION('',(#7440),#7444);
#7440 = LINE('',#7441,#7442);
#7441 = CARTESIAN_POINT('',(1.,0.));
#7442 = VECTOR('',#7443,1.);
#7443 = DIRECTION('',(0.,-1.));
#7444 = ( GEOMETRIC_REPRESENTATION_CONTEXT(2) 
PARAMETRIC_REPRESENTATION_CONTEXT() REPRESENTATION_CONTEXT('2D SPACE',''
  ) );
#7445 = ORIENTED_EDGE('',*,*,#2374,.F.);
#7446 = ORIENTED_EDGE('',*,*,#7356,.F.);
#7447 = ADVANCED_FACE('',(#7448),#2353,.F.);
#7448 = FACE_BOUND('',#7449,.F.);
#7449 = EDGE_LOOP('',(#7450,#7473,#7494,#7495));
#7450 = ORIENTED_EDGE('',*,*,#7451,.F.);
#7451 = EDGE_CURVE('',#7452,#7403,#7454,.T.);
#7452 = VERTEX_POINT('',#7453);
#7453 = CARTESIAN_POINT('',(27.8166015625,54.26787109375,7.65));
#7454 = SURFACE_CURVE('',#7455,(#7459,#7466),.PCURVE_S1.);
#7455 = B_SPLINE_CURVE_WITH_KNOTS('',2,(#7456,#7457,#7458),
  .UNSPECIFIED.,.F.,.F.,(3,3),(0.,1.),.PIECEWISE_BEZIER_KNOTS.);
#7456 = CARTESIAN_POINT('',(27.8166015625,54.26787109375,7.65));
#7457 = CARTESIAN_POINT('',(28.039453125,54.26787109375,7.65));
#7458 = CARTESIAN_POINT('',(28.1939453125,54.39638671875,7.65));
#7459 = PCURVE('',#2353,#7460);
#7460 = DEFINITIONAL_REPRESENTATION('',(#7461),#7465);
#7461 = LINE('',#7462,#7463);
#7462 = CARTESIAN_POINT('',(0.,0.));
#7463 = VECTOR('',#7464,1.);
#7464 = DIRECTION('',(1.,0.));
#7465 = ( GEOMETRIC_REPRESENTATION_CONTEXT(2) 
PARAMETRIC_REPRESENTATION_CONTEXT() REPRESENTATION_CONTEXT('2D SPACE',''
  ) );
#7466 = PCURVE('',#7344,#7467);
#7467 = DEFINITIONAL_REPRESENTATION('',(#7468),#7472);
#7468 = B_SPLINE_CURVE_WITH_KNOTS('',2,(#7469,#7470,#7471),
  .UNSPECIFIED.,.F.,.F.,(3,3),(0.,1.),.PIECEWISE_BEZIER_KNOTS.);
#7469 = CARTESIAN_POINT('',(1.0595703125,0.1927734375));
#7470 = CARTESIAN_POINT('',(1.282421875,0.1927734375));
#7471 = CARTESIAN_POINT('',(1.4369140625,0.3212890625));
#7472 = ( GEOMETRIC_REPRESENTATION_CONTEXT(2) 
PARAMETRIC_REPRESENTATION_CONTEXT() REPRESENTATION_CONTEXT('2D SPACE',''
  ) );
#7473 = ORIENTED_EDGE('',*,*,#7474,.T.);
#7474 = EDGE_CURVE('',#7452,#2279,#7475,.T.);
#7475 = SURFACE_CURVE('',#7476,(#7480,#7487),.PCURVE_S1.);
#7476 = LINE('',#7477,#7478);
#7477 = CARTESIAN_POINT('',(27.8166015625,54.26787109375,7.65));
#7478 = VECTOR('',#7479,1.);
#7479 = DIRECTION('',(0.,0.,1.));
#7480 = PCURVE('',#2353,#7481);
#7481 = DEFINITIONAL_REPRESENTATION('',(#7482),#7486);
#7482 = LINE('',#7483,#7484);
#7483 = CARTESIAN_POINT('',(0.,0.));
#7484 = VECTOR('',#7485,1.);
#7485 = DIRECTION('',(0.,-1.));
#7486 = ( GEOMETRIC_REPRESENTATION_CONTEXT(2) 
PARAMETRIC_REPRESENTATION_CONTEXT() REPRESENTATION_CONTEXT('2D SPACE',''
  ) );
#7487 = PCURVE('',#2304,#7488);
#7488 = DEFINITIONAL_REPRESENTATION('',(#7489),#7493);
#7489 = LINE('',#7490,#7491);
#7490 = CARTESIAN_POINT('',(1.,0.));
#7491 = VECTOR('',#7492,1.);
#7492 = DIRECTION('',(0.,-1.));
#7493 = ( GEOMETRIC_REPRESENTATION_CONTEXT(2) 
PARAMETRIC_REPRESENTATION_CONTEXT() REPRESENTATION_CONTEXT('2D SPACE',''
  ) );
#7494 = ORIENTED_EDGE('',*,*,#2323,.F.);
#7495 = ORIENTED_EDGE('',*,*,#7425,.F.);
#7496 = ADVANCED_FACE('',(#7497),#2304,.F.);
#7497 = FACE_BOUND('',#7498,.F.);
#7498 = EDGE_LOOP('',(#7499,#7522,#7543,#7544));
#7499 = ORIENTED_EDGE('',*,*,#7500,.F.);
#7500 = EDGE_CURVE('',#7501,#7452,#7503,.T.);
#7501 = VERTEX_POINT('',#7502);
#7502 = CARTESIAN_POINT('',(27.476171875,54.36220703125,7.65));
#7503 = SURFACE_CURVE('',#7504,(#7508,#7515),.PCURVE_S1.);
#7504 = B_SPLINE_CURVE_WITH_KNOTS('',2,(#7505,#7506,#7507),
  .UNSPECIFIED.,.F.,.F.,(3,3),(0.,1.),.PIECEWISE_BEZIER_KNOTS.);
#7505 = CARTESIAN_POINT('',(27.476171875,54.36220703125,7.65));
#7506 = CARTESIAN_POINT('',(27.6333984375,54.26787109375,7.65));
#7507 = CARTESIAN_POINT('',(27.8166015625,54.26787109375,7.65));
#7508 = PCURVE('',#2304,#7509);
#7509 = DEFINITIONAL_REPRESENTATION('',(#7510),#7514);
#7510 = LINE('',#7511,#7512);
#7511 = CARTESIAN_POINT('',(0.,0.));
#7512 = VECTOR('',#7513,1.);
#7513 = DIRECTION('',(1.,0.));
#7514 = ( GEOMETRIC_REPRESENTATION_CONTEXT(2) 
PARAMETRIC_REPRESENTATION_CONTEXT() REPRESENTATION_CONTEXT('2D SPACE',''
  ) );
#7515 = PCURVE('',#7344,#7516);
#7516 = DEFINITIONAL_REPRESENTATION('',(#7517),#7521);
#7517 = B_SPLINE_CURVE_WITH_KNOTS('',2,(#7518,#7519,#7520),
  .UNSPECIFIED.,.F.,.F.,(3,3),(0.,1.),.PIECEWISE_BEZIER_KNOTS.);
#7518 = CARTESIAN_POINT('',(0.719140625,0.287109375));
#7519 = CARTESIAN_POINT('',(0.8763671875,0.1927734375));
#7520 = CARTESIAN_POINT('',(1.0595703125,0.1927734375));
#7521 = ( GEOMETRIC_REPRESENTATION_CONTEXT(2) 
PARAMETRIC_REPRESENTATION_CONTEXT() REPRESENTATION_CONTEXT('2D SPACE',''
  ) );
#7522 = ORIENTED_EDGE('',*,*,#7523,.T.);
#7523 = EDGE_CURVE('',#7501,#2228,#7524,.T.);
#7524 = SURFACE_CURVE('',#7525,(#7529,#7536),.PCURVE_S1.);
#7525 = LINE('',#7526,#7527);
#7526 = CARTESIAN_POINT('',(27.476171875,54.36220703125,7.65));
#7527 = VECTOR('',#7528,1.);
#7528 = DIRECTION('',(0.,0.,1.));
#7529 = PCURVE('',#2304,#7530);
#7530 = DEFINITIONAL_REPRESENTATION('',(#7531),#7535);
#7531 = LINE('',#7532,#7533);
#7532 = CARTESIAN_POINT('',(0.,0.));
#7533 = VECTOR('',#7534,1.);
#7534 = DIRECTION('',(0.,-1.));
#7535 = ( GEOMETRIC_REPRESENTATION_CONTEXT(2) 
PARAMETRIC_REPRESENTATION_CONTEXT() REPRESENTATION_CONTEXT('2D SPACE',''
  ) );
#7536 = PCURVE('',#2257,#7537);
#7537 = DEFINITIONAL_REPRESENTATION('',(#7538),#7542);
#7538 = LINE('',#7539,#7540);
#7539 = CARTESIAN_POINT('',(1.,0.));
#7540 = VECTOR('',#7541,1.);
#7541 = DIRECTION('',(0.,-1.));
#7542 = ( GEOMETRIC_REPRESENTATION_CONTEXT(2) 
PARAMETRIC_REPRESENTATION_CONTEXT() REPRESENTATION_CONTEXT('2D SPACE',''
  ) );
#7543 = ORIENTED_EDGE('',*,*,#2278,.F.);
#7544 = ORIENTED_EDGE('',*,*,#7474,.F.);
#7545 = ADVANCED_FACE('',(#7546),#2257,.F.);
#7546 = FACE_BOUND('',#7547,.F.);
#7547 = EDGE_LOOP('',(#7548,#7571,#7592,#7593));
#7548 = ORIENTED_EDGE('',*,*,#7549,.F.);
#7549 = EDGE_CURVE('',#7550,#7501,#7552,.T.);
#7550 = VERTEX_POINT('',#7551);
#7551 = CARTESIAN_POINT('',(27.24443359375,54.647265625,7.65));
#7552 = SURFACE_CURVE('',#7553,(#7557,#7564),.PCURVE_S1.);
#7553 = B_SPLINE_CURVE_WITH_KNOTS('',2,(#7554,#7555,#7556),
  .UNSPECIFIED.,.F.,.F.,(3,3),(0.,1.),.PIECEWISE_BEZIER_KNOTS.);
#7554 = CARTESIAN_POINT('',(27.24443359375,54.647265625,7.65));
#7555 = CARTESIAN_POINT('',(27.3189453125,54.45654296875,7.65));
#7556 = CARTESIAN_POINT('',(27.476171875,54.36220703125,7.65));
#7557 = PCURVE('',#2257,#7558);
#7558 = DEFINITIONAL_REPRESENTATION('',(#7559),#7563);
#7559 = LINE('',#7560,#7561);
#7560 = CARTESIAN_POINT('',(0.,0.));
#7561 = VECTOR('',#7562,1.);
#7562 = DIRECTION('',(1.,0.));
#7563 = ( GEOMETRIC_REPRESENTATION_CONTEXT(2) 
PARAMETRIC_REPRESENTATION_CONTEXT() REPRESENTATION_CONTEXT('2D SPACE',''
  ) );
#7564 = PCURVE('',#7344,#7565);
#7565 = DEFINITIONAL_REPRESENTATION('',(#7566),#7570);
#7566 = B_SPLINE_CURVE_WITH_KNOTS('',2,(#7567,#7568,#7569),
  .UNSPECIFIED.,.F.,.F.,(3,3),(0.,1.),.PIECEWISE_BEZIER_KNOTS.);
#7567 = CARTESIAN_POINT('',(0.48740234375,0.57216796875));
#7568 = CARTESIAN_POINT('',(0.5619140625,0.3814453125));
#7569 = CARTESIAN_POINT('',(0.719140625,0.287109375));
#7570 = ( GEOMETRIC_REPRESENTATION_CONTEXT(2) 
PARAMETRIC_REPRESENTATION_CONTEXT() REPRESENTATION_CONTEXT('2D SPACE',''
  ) );
#7571 = ORIENTED_EDGE('',*,*,#7572,.T.);
#7572 = EDGE_CURVE('',#7550,#2189,#7573,.T.);
#7573 = SURFACE_CURVE('',#7574,(#7578,#7585),.PCURVE_S1.);
#7574 = LINE('',#7575,#7576);
#7575 = CARTESIAN_POINT('',(27.24443359375,54.647265625,7.65));
#7576 = VECTOR('',#7577,1.);
#7577 = DIRECTION('',(0.,0.,1.));
#7578 = PCURVE('',#2257,#7579);
#7579 = DEFINITIONAL_REPRESENTATION('',(#7580),#7584);
#7580 = LINE('',#7581,#7582);
#7581 = CARTESIAN_POINT('',(0.,0.));
#7582 = VECTOR('',#7583,1.);
#7583 = DIRECTION('',(0.,-1.));
#7584 = ( GEOMETRIC_REPRESENTATION_CONTEXT(2) 
PARAMETRIC_REPRESENTATION_CONTEXT() REPRESENTATION_CONTEXT('2D SPACE',''
  ) );
#7585 = PCURVE('',#2210,#7586);
#7586 = DEFINITIONAL_REPRESENTATION('',(#7587),#7591);
#7587 = LINE('',#7588,#7589);
#7588 = CARTESIAN_POINT('',(1.,0.));
#7589 = VECTOR('',#7590,1.);
#7590 = DIRECTION('',(0.,-1.));
#7591 = ( GEOMETRIC_REPRESENTATION_CONTEXT(2) 
PARAMETRIC_REPRESENTATION_CONTEXT() REPRESENTATION_CONTEXT('2D SPACE',''
  ) );
#7592 = ORIENTED_EDGE('',*,*,#2227,.F.);
#7593 = ORIENTED_EDGE('',*,*,#7523,.F.);
#7594 = ADVANCED_FACE('',(#7595),#2210,.F.);
#7595 = FACE_BOUND('',#7596,.F.);
#7596 = EDGE_LOOP('',(#7597,#7620,#7641,#7642));
#7597 = ORIENTED_EDGE('',*,*,#7598,.F.);
#7598 = EDGE_CURVE('',#7599,#7550,#7601,.T.);
#7599 = VERTEX_POINT('',#7600);
#7600 = CARTESIAN_POINT('',(27.169921875,55.09365234375,7.65));
#7601 = SURFACE_CURVE('',#7602,(#7606,#7613),.PCURVE_S1.);
#7602 = B_SPLINE_CURVE_WITH_KNOTS('',2,(#7603,#7604,#7605),
  .UNSPECIFIED.,.F.,.F.,(3,3),(0.,1.),.PIECEWISE_BEZIER_KNOTS.);
#7603 = CARTESIAN_POINT('',(27.169921875,55.09365234375,7.65));
#7604 = CARTESIAN_POINT('',(27.169921875,54.83798828125,7.65));
#7605 = CARTESIAN_POINT('',(27.24443359375,54.647265625,7.65));
#7606 = PCURVE('',#2210,#7607);
#7607 = DEFINITIONAL_REPRESENTATION('',(#7608),#7612);
#7608 = LINE('',#7609,#7610);
#7609 = CARTESIAN_POINT('',(0.,0.));
#7610 = VECTOR('',#7611,1.);
#7611 = DIRECTION('',(1.,0.));
#7612 = ( GEOMETRIC_REPRESENTATION_CONTEXT(2) 
PARAMETRIC_REPRESENTATION_CONTEXT() REPRESENTATION_CONTEXT('2D SPACE',''
  ) );
#7613 = PCURVE('',#7344,#7614);
#7614 = DEFINITIONAL_REPRESENTATION('',(#7615),#7619);
#7615 = B_SPLINE_CURVE_WITH_KNOTS('',2,(#7616,#7617,#7618),
  .UNSPECIFIED.,.F.,.F.,(3,3),(0.,1.),.PIECEWISE_BEZIER_KNOTS.);
#7616 = CARTESIAN_POINT('',(0.412890625,1.0185546875));
#7617 = CARTESIAN_POINT('',(0.412890625,0.762890625));
#7618 = CARTESIAN_POINT('',(0.48740234375,0.57216796875));
#7619 = ( GEOMETRIC_REPRESENTATION_CONTEXT(2) 
PARAMETRIC_REPRESENTATION_CONTEXT() REPRESENTATION_CONTEXT('2D SPACE',''
  ) );
#7620 = ORIENTED_EDGE('',*,*,#7621,.T.);
#7621 = EDGE_CURVE('',#7599,#2144,#7622,.T.);
#7622 = SURFACE_CURVE('',#7623,(#7627,#7634),.PCURVE_S1.);
#7623 = LINE('',#7624,#7625);
#7624 = CARTESIAN_POINT('',(27.169921875,55.09365234375,7.65));
#7625 = VECTOR('',#7626,1.);
#7626 = DIRECTION('',(0.,0.,1.));
#7627 = PCURVE('',#2210,#7628);
#7628 = DEFINITIONAL_REPRESENTATION('',(#7629),#7633);
#7629 = LINE('',#7630,#7631);
#7630 = CARTESIAN_POINT('',(0.,0.));
#7631 = VECTOR('',#7632,1.);
#7632 = DIRECTION('',(0.,-1.));
#7633 = ( GEOMETRIC_REPRESENTATION_CONTEXT(2) 
PARAMETRIC_REPRESENTATION_CONTEXT() REPRESENTATION_CONTEXT('2D SPACE',''
  ) );
#7634 = PCURVE('',#2169,#7635);
#7635 = DEFINITIONAL_REPRESENTATION('',(#7636),#7640);
#7636 = LINE('',#7637,#7638);
#7637 = CARTESIAN_POINT('',(1.,0.));
#7638 = VECTOR('',#7639,1.);
#7639 = DIRECTION('',(0.,-1.));
#7640 = ( GEOMETRIC_REPRESENTATION_CONTEXT(2) 
PARAMETRIC_REPRESENTATION_CONTEXT() REPRESENTATION_CONTEXT('2D SPACE',''
  ) );
#7641 = ORIENTED_EDGE('',*,*,#2188,.F.);
#7642 = ORIENTED_EDGE('',*,*,#7572,.F.);
#7643 = ADVANCED_FACE('',(#7644),#2169,.F.);
#7644 = FACE_BOUND('',#7645,.F.);
#7645 = EDGE_LOOP('',(#7646,#7669,#7690,#7691));
#7646 = ORIENTED_EDGE('',*,*,#7647,.F.);
#7647 = EDGE_CURVE('',#7648,#7599,#7650,.T.);
#7648 = VERTEX_POINT('',#7649);
#7649 = CARTESIAN_POINT('',(27.2328125,55.478515625,7.65));
#7650 = SURFACE_CURVE('',#7651,(#7655,#7662),.PCURVE_S1.);
#7651 = B_SPLINE_CURVE_WITH_KNOTS('',2,(#7652,#7653,#7654),
  .UNSPECIFIED.,.F.,.F.,(3,3),(0.,1.),.PIECEWISE_BEZIER_KNOTS.);
#7652 = CARTESIAN_POINT('',(27.2328125,55.478515625,7.65));
#7653 = CARTESIAN_POINT('',(27.169921875,55.29189453125,7.65));
#7654 = CARTESIAN_POINT('',(27.169921875,55.09365234375,7.65));
#7655 = PCURVE('',#2169,#7656);
#7656 = DEFINITIONAL_REPRESENTATION('',(#7657),#7661);
#7657 = LINE('',#7658,#7659);
#7658 = CARTESIAN_POINT('',(0.,0.));
#7659 = VECTOR('',#7660,1.);
#7660 = DIRECTION('',(1.,0.));
#7661 = ( GEOMETRIC_REPRESENTATION_CONTEXT(2) 
PARAMETRIC_REPRESENTATION_CONTEXT() REPRESENTATION_CONTEXT('2D SPACE',''
  ) );
#7662 = PCURVE('',#7344,#7663);
#7663 = DEFINITIONAL_REPRESENTATION('',(#7664),#7668);
#7664 = B_SPLINE_CURVE_WITH_KNOTS('',2,(#7665,#7666,#7667),
  .UNSPECIFIED.,.F.,.F.,(3,3),(0.,1.),.PIECEWISE_BEZIER_KNOTS.);
#7665 = CARTESIAN_POINT('',(0.47578125,1.40341796875));
#7666 = CARTESIAN_POINT('',(0.412890625,1.216796875));
#7667 = CARTESIAN_POINT('',(0.412890625,1.0185546875));
#7668 = ( GEOMETRIC_REPRESENTATION_CONTEXT(2) 
PARAMETRIC_REPRESENTATION_CONTEXT() REPRESENTATION_CONTEXT('2D SPACE',''
  ) );
#7669 = ORIENTED_EDGE('',*,*,#7670,.T.);
#7670 = EDGE_CURVE('',#7648,#2099,#7671,.T.);
#7671 = SURFACE_CURVE('',#7672,(#7676,#7683),.PCURVE_S1.);
#7672 = LINE('',#7673,#7674);
#7673 = CARTESIAN_POINT('',(27.2328125,55.478515625,7.65));
#7674 = VECTOR('',#7675,1.);
#7675 = DIRECTION('',(0.,0.,1.));
#7676 = PCURVE('',#2169,#7677);
#7677 = DEFINITIONAL_REPRESENTATION('',(#7678),#7682);
#7678 = LINE('',#7679,#7680);
#7679 = CARTESIAN_POINT('',(0.,0.));
#7680 = VECTOR('',#7681,1.);
#7681 = DIRECTION('',(0.,-1.));
#7682 = ( GEOMETRIC_REPRESENTATION_CONTEXT(2) 
PARAMETRIC_REPRESENTATION_CONTEXT() REPRESENTATION_CONTEXT('2D SPACE',''
  ) );
#7683 = PCURVE('',#2124,#7684);
#7684 = DEFINITIONAL_REPRESENTATION('',(#7685),#7689);
#7685 = LINE('',#7686,#7687);
#7686 = CARTESIAN_POINT('',(1.,0.));
#7687 = VECTOR('',#7688,1.);
#7688 = DIRECTION('',(0.,-1.));
#7689 = ( GEOMETRIC_REPRESENTATION_CONTEXT(2) 
PARAMETRIC_REPRESENTATION_CONTEXT() REPRESENTATION_CONTEXT('2D SPACE',''
  ) );
#7690 = ORIENTED_EDGE('',*,*,#2143,.F.);
#7691 = ORIENTED_EDGE('',*,*,#7621,.F.);
#7692 = ADVANCED_FACE('',(#7693),#2124,.F.);
#7693 = FACE_BOUND('',#7694,.F.);
#7694 = EDGE_LOOP('',(#7695,#7718,#7739,#7740));
#7695 = ORIENTED_EDGE('',*,*,#7696,.F.);
#7696 = EDGE_CURVE('',#7697,#7648,#7699,.T.);
#7697 = VERTEX_POINT('',#7698);
#7698 = CARTESIAN_POINT('',(27.45087890625,55.77587890625,7.65));
#7699 = SURFACE_CURVE('',#7700,(#7704,#7711),.PCURVE_S1.);
#7700 = B_SPLINE_CURVE_WITH_KNOTS('',2,(#7701,#7702,#7703),
  .UNSPECIFIED.,.F.,.F.,(3,3),(0.,1.),.PIECEWISE_BEZIER_KNOTS.);
#7701 = CARTESIAN_POINT('',(27.45087890625,55.77587890625,7.65));
#7702 = CARTESIAN_POINT('',(27.295703125,55.66513671875,7.65));
#7703 = CARTESIAN_POINT('',(27.2328125,55.478515625,7.65));
#7704 = PCURVE('',#2124,#7705);
#7705 = DEFINITIONAL_REPRESENTATION('',(#7706),#7710);
#7706 = LINE('',#7707,#7708);
#7707 = CARTESIAN_POINT('',(0.,0.));
#7708 = VECTOR('',#7709,1.);
#7709 = DIRECTION('',(1.,0.));
#7710 = ( GEOMETRIC_REPRESENTATION_CONTEXT(2) 
PARAMETRIC_REPRESENTATION_CONTEXT() REPRESENTATION_CONTEXT('2D SPACE',''
  ) );
#7711 = PCURVE('',#7344,#7712);
#7712 = DEFINITIONAL_REPRESENTATION('',(#7713),#7717);
#7713 = B_SPLINE_CURVE_WITH_KNOTS('',2,(#7714,#7715,#7716),
  .UNSPECIFIED.,.F.,.F.,(3,3),(0.,1.),.PIECEWISE_BEZIER_KNOTS.);
#7714 = CARTESIAN_POINT('',(0.69384765625,1.70078125));
#7715 = CARTESIAN_POINT('',(0.538671875,1.5900390625));
#7716 = CARTESIAN_POINT('',(0.47578125,1.40341796875));
#7717 = ( GEOMETRIC_REPRESENTATION_CONTEXT(2) 
PARAMETRIC_REPRESENTATION_CONTEXT() REPRESENTATION_CONTEXT('2D SPACE',''
  ) );
#7718 = ORIENTED_EDGE('',*,*,#7719,.T.);
#7719 = EDGE_CURVE('',#7697,#2060,#7720,.T.);
#7720 = SURFACE_CURVE('',#7721,(#7725,#7732),.PCURVE_S1.);
#7721 = LINE('',#7722,#7723);
#7722 = CARTESIAN_POINT('',(27.45087890625,55.77587890625,7.65));
#7723 = VECTOR('',#7724,1.);
#7724 = DIRECTION('',(0.,0.,1.));
#7725 = PCURVE('',#2124,#7726);
#7726 = DEFINITIONAL_REPRESENTATION('',(#7727),#7731);
#7727 = LINE('',#7728,#7729);
#7728 = CARTESIAN_POINT('',(0.,0.));
#7729 = VECTOR('',#7730,1.);
#7730 = DIRECTION('',(0.,-1.));
#7731 = ( GEOMETRIC_REPRESENTATION_CONTEXT(2) 
PARAMETRIC_REPRESENTATION_CONTEXT() REPRESENTATION_CONTEXT('2D SPACE',''
  ) );
#7732 = PCURVE('',#2081,#7733);
#7733 = DEFINITIONAL_REPRESENTATION('',(#7734),#7738);
#7734 = LINE('',#7735,#7736);
#7735 = CARTESIAN_POINT('',(1.,0.));
#7736 = VECTOR('',#7737,1.);
#7737 = DIRECTION('',(0.,-1.));
#7738 = ( GEOMETRIC_REPRESENTATION_CONTEXT(2) 
PARAMETRIC_REPRESENTATION_CONTEXT() REPRESENTATION_CONTEXT('2D SPACE',''
  ) );
#7739 = ORIENTED_EDGE('',*,*,#2098,.F.);
#7740 = ORIENTED_EDGE('',*,*,#7670,.F.);
#7741 = ADVANCED_FACE('',(#7742),#2081,.F.);
#7742 = FACE_BOUND('',#7743,.F.);
#7743 = EDGE_LOOP('',(#7744,#7767,#7788,#7789));
#7744 = ORIENTED_EDGE('',*,*,#7745,.F.);
#7745 = EDGE_CURVE('',#7746,#7697,#7748,.T.);
#7746 = VERTEX_POINT('',#7747);
#7747 = CARTESIAN_POINT('',(27.837109375,55.88662109375,7.65));
#7748 = SURFACE_CURVE('',#7749,(#7753,#7760),.PCURVE_S1.);
#7749 = B_SPLINE_CURVE_WITH_KNOTS('',2,(#7750,#7751,#7752),
  .UNSPECIFIED.,.F.,.F.,(3,3),(0.,1.),.PIECEWISE_BEZIER_KNOTS.);
#7750 = CARTESIAN_POINT('',(27.837109375,55.88662109375,7.65));
#7751 = CARTESIAN_POINT('',(27.6060546875,55.88662109375,7.65));
#7752 = CARTESIAN_POINT('',(27.45087890625,55.77587890625,7.65));
#7753 = PCURVE('',#2081,#7754);
#7754 = DEFINITIONAL_REPRESENTATION('',(#7755),#7759);
#7755 = LINE('',#7756,#7757);
#7756 = CARTESIAN_POINT('',(0.,0.));
#7757 = VECTOR('',#7758,1.);
#7758 = DIRECTION('',(1.,0.));
#7759 = ( GEOMETRIC_REPRESENTATION_CONTEXT(2) 
PARAMETRIC_REPRESENTATION_CONTEXT() REPRESENTATION_CONTEXT('2D SPACE',''
  ) );
#7760 = PCURVE('',#7344,#7761);
#7761 = DEFINITIONAL_REPRESENTATION('',(#7762),#7766);
#7762 = B_SPLINE_CURVE_WITH_KNOTS('',2,(#7763,#7764,#7765),
  .UNSPECIFIED.,.F.,.F.,(3,3),(0.,1.),.PIECEWISE_BEZIER_KNOTS.);
#7763 = CARTESIAN_POINT('',(1.080078125,1.8115234375));
#7764 = CARTESIAN_POINT('',(0.8490234375,1.8115234375));
#7765 = CARTESIAN_POINT('',(0.69384765625,1.70078125));
#7766 = ( GEOMETRIC_REPRESENTATION_CONTEXT(2) 
PARAMETRIC_REPRESENTATION_CONTEXT() REPRESENTATION_CONTEXT('2D SPACE',''
  ) );
#7767 = ORIENTED_EDGE('',*,*,#7768,.T.);
#7768 = EDGE_CURVE('',#7746,#2021,#7769,.T.);
#7769 = SURFACE_CURVE('',#7770,(#7774,#7781),.PCURVE_S1.);
#7770 = LINE('',#7771,#7772);
#7771 = CARTESIAN_POINT('',(27.837109375,55.88662109375,7.65));
#7772 = VECTOR('',#7773,1.);
#7773 = DIRECTION('',(0.,0.,1.));
#7774 = PCURVE('',#2081,#7775);
#7775 = DEFINITIONAL_REPRESENTATION('',(#7776),#7780);
#7776 = LINE('',#7777,#7778);
#7777 = CARTESIAN_POINT('',(0.,0.));
#7778 = VECTOR('',#7779,1.);
#7779 = DIRECTION('',(0.,-1.));
#7780 = ( GEOMETRIC_REPRESENTATION_CONTEXT(2) 
PARAMETRIC_REPRESENTATION_CONTEXT() REPRESENTATION_CONTEXT('2D SPACE',''
  ) );
#7781 = PCURVE('',#2042,#7782);
#7782 = DEFINITIONAL_REPRESENTATION('',(#7783),#7787);
#7783 = LINE('',#7784,#7785);
#7784 = CARTESIAN_POINT('',(1.,0.));
#7785 = VECTOR('',#7786,1.);
#7786 = DIRECTION('',(0.,-1.));
#7787 = ( GEOMETRIC_REPRESENTATION_CONTEXT(2) 
PARAMETRIC_REPRESENTATION_CONTEXT() REPRESENTATION_CONTEXT('2D SPACE',''
  ) );
#7788 = ORIENTED_EDGE('',*,*,#2059,.F.);
#7789 = ORIENTED_EDGE('',*,*,#7719,.F.);
#7790 = ADVANCED_FACE('',(#7791),#2042,.F.);
#7791 = FACE_BOUND('',#7792,.F.);
#7792 = EDGE_LOOP('',(#7793,#7816,#7837,#7838));
#7793 = ORIENTED_EDGE('',*,*,#7794,.F.);
#7794 = EDGE_CURVE('',#7795,#7746,#7797,.T.);
#7795 = VERTEX_POINT('',#7796);
#7796 = CARTESIAN_POINT('',(28.170703125,55.78681640625,7.65));
#7797 = SURFACE_CURVE('',#7798,(#7802,#7809),.PCURVE_S1.);
#7798 = B_SPLINE_CURVE_WITH_KNOTS('',2,(#7799,#7800,#7801),
  .UNSPECIFIED.,.F.,.F.,(3,3),(0.,1.),.PIECEWISE_BEZIER_KNOTS.);
#7799 = CARTESIAN_POINT('',(28.170703125,55.78681640625,7.65));
#7800 = CARTESIAN_POINT('',(28.0380859375,55.88662109375,7.65));
#7801 = CARTESIAN_POINT('',(27.837109375,55.88662109375,7.65));
#7802 = PCURVE('',#2042,#7803);
#7803 = DEFINITIONAL_REPRESENTATION('',(#7804),#7808);
#7804 = LINE('',#7805,#7806);
#7805 = CARTESIAN_POINT('',(0.,0.));
#7806 = VECTOR('',#7807,1.);
#7807 = DIRECTION('',(1.,0.));
#7808 = ( GEOMETRIC_REPRESENTATION_CONTEXT(2) 
PARAMETRIC_REPRESENTATION_CONTEXT() REPRESENTATION_CONTEXT('2D SPACE',''
  ) );
#7809 = PCURVE('',#7344,#7810);
#7810 = DEFINITIONAL_REPRESENTATION('',(#7811),#7815);
#7811 = B_SPLINE_CURVE_WITH_KNOTS('',2,(#7812,#7813,#7814),
  .UNSPECIFIED.,.F.,.F.,(3,3),(0.,1.),.PIECEWISE_BEZIER_KNOTS.);
#7812 = CARTESIAN_POINT('',(1.413671875,1.71171875));
#7813 = CARTESIAN_POINT('',(1.2810546875,1.8115234375));
#7814 = CARTESIAN_POINT('',(1.080078125,1.8115234375));
#7815 = ( GEOMETRIC_REPRESENTATION_CONTEXT(2) 
PARAMETRIC_REPRESENTATION_CONTEXT() REPRESENTATION_CONTEXT('2D SPACE',''
  ) );
#7816 = ORIENTED_EDGE('',*,*,#7817,.T.);
#7817 = EDGE_CURVE('',#7795,#1982,#7818,.T.);
#7818 = SURFACE_CURVE('',#7819,(#7823,#7830),.PCURVE_S1.);
#7819 = LINE('',#7820,#7821);
#7820 = CARTESIAN_POINT('',(28.170703125,55.78681640625,7.65));
#7821 = VECTOR('',#7822,1.);
#7822 = DIRECTION('',(0.,0.,1.));
#7823 = PCURVE('',#2042,#7824);
#7824 = DEFINITIONAL_REPRESENTATION('',(#7825),#7829);
#7825 = LINE('',#7826,#7827);
#7826 = CARTESIAN_POINT('',(0.,0.));
#7827 = VECTOR('',#7828,1.);
#7828 = DIRECTION('',(0.,-1.));
#7829 = ( GEOMETRIC_REPRESENTATION_CONTEXT(2) 
PARAMETRIC_REPRESENTATION_CONTEXT() REPRESENTATION_CONTEXT('2D SPACE',''
  ) );
#7830 = PCURVE('',#2003,#7831);
#7831 = DEFINITIONAL_REPRESENTATION('',(#7832),#7836);
#7832 = LINE('',#7833,#7834);
#7833 = CARTESIAN_POINT('',(1.,0.));
#7834 = VECTOR('',#7835,1.);
#7835 = DIRECTION('',(0.,-1.));
#7836 = ( GEOMETRIC_REPRESENTATION_CONTEXT(2) 
PARAMETRIC_REPRESENTATION_CONTEXT() REPRESENTATION_CONTEXT('2D SPACE',''
  ) );
#7837 = ORIENTED_EDGE('',*,*,#2020,.F.);
#7838 = ORIENTED_EDGE('',*,*,#7768,.F.);
#7839 = ADVANCED_FACE('',(#7840),#2003,.F.);
#7840 = FACE_BOUND('',#7841,.F.);
#7841 = EDGE_LOOP('',(#7842,#7865,#7886,#7887));
#7842 = ORIENTED_EDGE('',*,*,#7843,.F.);
#7843 = EDGE_CURVE('',#7844,#7795,#7846,.T.);
#7844 = VERTEX_POINT('',#7845);
#7845 = CARTESIAN_POINT('',(28.373046875,55.46826171875,7.65));
#7846 = SURFACE_CURVE('',#7847,(#7851,#7858),.PCURVE_S1.);
#7847 = B_SPLINE_CURVE_WITH_KNOTS('',2,(#7848,#7849,#7850),
  .UNSPECIFIED.,.F.,.F.,(3,3),(0.,1.),.PIECEWISE_BEZIER_KNOTS.);
#7848 = CARTESIAN_POINT('',(28.373046875,55.46826171875,7.65));
#7849 = CARTESIAN_POINT('',(28.3033203125,55.68701171875,7.65));
#7850 = CARTESIAN_POINT('',(28.170703125,55.78681640625,7.65));
#7851 = PCURVE('',#2003,#7852);
#7852 = DEFINITIONAL_REPRESENTATION('',(#7853),#7857);
#7853 = LINE('',#7854,#7855);
#7854 = CARTESIAN_POINT('',(0.,0.));
#7855 = VECTOR('',#7856,1.);
#7856 = DIRECTION('',(1.,0.));
#7857 = ( GEOMETRIC_REPRESENTATION_CONTEXT(2) 
PARAMETRIC_REPRESENTATION_CONTEXT() REPRESENTATION_CONTEXT('2D SPACE',''
  ) );
#7858 = PCURVE('',#7344,#7859);
#7859 = DEFINITIONAL_REPRESENTATION('',(#7860),#7864);
#7860 = B_SPLINE_CURVE_WITH_KNOTS('',2,(#7861,#7862,#7863),
  .UNSPECIFIED.,.F.,.F.,(3,3),(0.,1.),.PIECEWISE_BEZIER_KNOTS.);
#7861 = CARTESIAN_POINT('',(1.616015625,1.3931640625));
#7862 = CARTESIAN_POINT('',(1.5462890625,1.6119140625));
#7863 = CARTESIAN_POINT('',(1.413671875,1.71171875));
#7864 = ( GEOMETRIC_REPRESENTATION_CONTEXT(2) 
PARAMETRIC_REPRESENTATION_CONTEXT() REPRESENTATION_CONTEXT('2D SPACE',''
  ) );
#7865 = ORIENTED_EDGE('',*,*,#7866,.T.);
#7866 = EDGE_CURVE('',#7844,#1956,#7867,.T.);
#7867 = SURFACE_CURVE('',#7868,(#7872,#7879),.PCURVE_S1.);
#7868 = LINE('',#7869,#7870);
#7869 = CARTESIAN_POINT('',(28.373046875,55.46826171875,7.65));
#7870 = VECTOR('',#7871,1.);
#7871 = DIRECTION('',(0.,0.,1.));
#7872 = PCURVE('',#2003,#7873);
#7873 = DEFINITIONAL_REPRESENTATION('',(#7874),#7878);
#7874 = LINE('',#7875,#7876);
#7875 = CARTESIAN_POINT('',(0.,0.));
#7876 = VECTOR('',#7877,1.);
#7877 = DIRECTION('',(0.,-1.));
#7878 = ( GEOMETRIC_REPRESENTATION_CONTEXT(2) 
PARAMETRIC_REPRESENTATION_CONTEXT() REPRESENTATION_CONTEXT('2D SPACE',''
  ) );
#7879 = PCURVE('',#1970,#7880);
#7880 = DEFINITIONAL_REPRESENTATION('',(#7881),#7885);
#7881 = LINE('',#7882,#7883);
#7882 = CARTESIAN_POINT('',(0.268282461458,0.));
#7883 = VECTOR('',#7884,1.);
#7884 = DIRECTION('',(0.,-1.));
#7885 = ( GEOMETRIC_REPRESENTATION_CONTEXT(2) 
PARAMETRIC_REPRESENTATION_CONTEXT() REPRESENTATION_CONTEXT('2D SPACE',''
  ) );
#7886 = ORIENTED_EDGE('',*,*,#1981,.F.);
#7887 = ORIENTED_EDGE('',*,*,#7817,.F.);
#7888 = ADVANCED_FACE('',(#7889),#1970,.F.);
#7889 = FACE_BOUND('',#7890,.F.);
#7890 = EDGE_LOOP('',(#7891,#7914,#7935,#7936));
#7891 = ORIENTED_EDGE('',*,*,#7892,.F.);
#7892 = EDGE_CURVE('',#7893,#7844,#7895,.T.);
#7893 = VERTEX_POINT('',#7894);
#7894 = CARTESIAN_POINT('',(28.6341796875,55.52978515625,7.65));
#7895 = SURFACE_CURVE('',#7896,(#7900,#7907),.PCURVE_S1.);
#7896 = LINE('',#7897,#7898);
#7897 = CARTESIAN_POINT('',(28.6341796875,55.52978515625,7.65));
#7898 = VECTOR('',#7899,1.);
#7899 = DIRECTION('',(-0.973350293123,-0.22932336749,0.));
#7900 = PCURVE('',#1970,#7901);
#7901 = DEFINITIONAL_REPRESENTATION('',(#7902),#7906);
#7902 = LINE('',#7903,#7904);
#7903 = CARTESIAN_POINT('',(0.,0.));
#7904 = VECTOR('',#7905,1.);
#7905 = DIRECTION('',(1.,0.));
#7906 = ( GEOMETRIC_REPRESENTATION_CONTEXT(2) 
PARAMETRIC_REPRESENTATION_CONTEXT() REPRESENTATION_CONTEXT('2D SPACE',''
  ) );
#7907 = PCURVE('',#7344,#7908);
#7908 = DEFINITIONAL_REPRESENTATION('',(#7909),#7913);
#7909 = LINE('',#7910,#7911);
#7910 = CARTESIAN_POINT('',(1.8771484375,1.4546875));
#7911 = VECTOR('',#7912,1.);
#7912 = DIRECTION('',(-0.973350293123,-0.22932336749));
#7913 = ( GEOMETRIC_REPRESENTATION_CONTEXT(2) 
PARAMETRIC_REPRESENTATION_CONTEXT() REPRESENTATION_CONTEXT('2D SPACE',''
  ) );
#7914 = ORIENTED_EDGE('',*,*,#7915,.T.);
#7915 = EDGE_CURVE('',#7893,#1905,#7916,.T.);
#7916 = SURFACE_CURVE('',#7917,(#7921,#7928),.PCURVE_S1.);
#7917 = LINE('',#7918,#7919);
#7918 = CARTESIAN_POINT('',(28.6341796875,55.52978515625,7.65));
#7919 = VECTOR('',#7920,1.);
#7920 = DIRECTION('',(0.,0.,1.));
#7921 = PCURVE('',#1970,#7922);
#7922 = DEFINITIONAL_REPRESENTATION('',(#7923),#7927);
#7923 = LINE('',#7924,#7925);
#7924 = CARTESIAN_POINT('',(0.,0.));
#7925 = VECTOR('',#7926,1.);
#7926 = DIRECTION('',(0.,-1.));
#7927 = ( GEOMETRIC_REPRESENTATION_CONTEXT(2) 
PARAMETRIC_REPRESENTATION_CONTEXT() REPRESENTATION_CONTEXT('2D SPACE',''
  ) );
#7928 = PCURVE('',#1934,#7929);
#7929 = DEFINITIONAL_REPRESENTATION('',(#7930),#7934);
#7930 = LINE('',#7931,#7932);
#7931 = CARTESIAN_POINT('',(1.,0.));
#7932 = VECTOR('',#7933,1.);
#7933 = DIRECTION('',(0.,-1.));
#7934 = ( GEOMETRIC_REPRESENTATION_CONTEXT(2) 
PARAMETRIC_REPRESENTATION_CONTEXT() REPRESENTATION_CONTEXT('2D SPACE',''
  ) );
#7935 = ORIENTED_EDGE('',*,*,#1955,.F.);
#7936 = ORIENTED_EDGE('',*,*,#7866,.F.);
#7937 = ADVANCED_FACE('',(#7938),#1934,.F.);
#7938 = FACE_BOUND('',#7939,.F.);
#7939 = EDGE_LOOP('',(#7940,#7963,#7984,#7985));
#7940 = ORIENTED_EDGE('',*,*,#7941,.F.);
#7941 = EDGE_CURVE('',#7942,#7893,#7944,.T.);
#7942 = VERTEX_POINT('',#7943);
#7943 = CARTESIAN_POINT('',(28.3484375,55.96044921875,7.65));
#7944 = SURFACE_CURVE('',#7945,(#7949,#7956),.PCURVE_S1.);
#7945 = B_SPLINE_CURVE_WITH_KNOTS('',2,(#7946,#7947,#7948),
  .UNSPECIFIED.,.F.,.F.,(3,3),(0.,1.),.PIECEWISE_BEZIER_KNOTS.);
#7946 = CARTESIAN_POINT('',(28.3484375,55.96044921875,7.65));
#7947 = CARTESIAN_POINT('',(28.553515625,55.80732421875,7.65));
#7948 = CARTESIAN_POINT('',(28.6341796875,55.52978515625,7.65));
#7949 = PCURVE('',#1934,#7950);
#7950 = DEFINITIONAL_REPRESENTATION('',(#7951),#7955);
#7951 = LINE('',#7952,#7953);
#7952 = CARTESIAN_POINT('',(0.,0.));
#7953 = VECTOR('',#7954,1.);
#7954 = DIRECTION('',(1.,0.));
#7955 = ( GEOMETRIC_REPRESENTATION_CONTEXT(2) 
PARAMETRIC_REPRESENTATION_CONTEXT() REPRESENTATION_CONTEXT('2D SPACE',''
  ) );
#7956 = PCURVE('',#7344,#7957);
#7957 = DEFINITIONAL_REPRESENTATION('',(#7958),#7962);
#7958 = B_SPLINE_CURVE_WITH_KNOTS('',2,(#7959,#7960,#7961),
  .UNSPECIFIED.,.F.,.F.,(3,3),(0.,1.),.PIECEWISE_BEZIER_KNOTS.);
#7959 = CARTESIAN_POINT('',(1.59140625,1.8853515625));
#7960 = CARTESIAN_POINT('',(1.796484375,1.7322265625));
#7961 = CARTESIAN_POINT('',(1.8771484375,1.4546875));
#7962 = ( GEOMETRIC_REPRESENTATION_CONTEXT(2) 
PARAMETRIC_REPRESENTATION_CONTEXT() REPRESENTATION_CONTEXT('2D SPACE',''
  ) );
#7963 = ORIENTED_EDGE('',*,*,#7964,.T.);
#7964 = EDGE_CURVE('',#7942,#1854,#7965,.T.);
#7965 = SURFACE_CURVE('',#7966,(#7970,#7977),.PCURVE_S1.);
#7966 = LINE('',#7967,#7968);
#7967 = CARTESIAN_POINT('',(28.3484375,55.96044921875,7.65));
#7968 = VECTOR('',#7969,1.);
#7969 = DIRECTION('',(0.,0.,1.));
#7970 = PCURVE('',#1934,#7971);
#7971 = DEFINITIONAL_REPRESENTATION('',(#7972),#7976);
#7972 = LINE('',#7973,#7974);
#7973 = CARTESIAN_POINT('',(0.,0.));
#7974 = VECTOR('',#7975,1.);
#7975 = DIRECTION('',(0.,-1.));
#7976 = ( GEOMETRIC_REPRESENTATION_CONTEXT(2) 
PARAMETRIC_REPRESENTATION_CONTEXT() REPRESENTATION_CONTEXT('2D SPACE',''
  ) );
#7977 = PCURVE('',#1883,#7978);
#7978 = DEFINITIONAL_REPRESENTATION('',(#7979),#7983);
#7979 = LINE('',#7980,#7981);
#7980 = CARTESIAN_POINT('',(1.,0.));
#7981 = VECTOR('',#7982,1.);
#7982 = DIRECTION('',(0.,-1.));
#7983 = ( GEOMETRIC_REPRESENTATION_CONTEXT(2) 
PARAMETRIC_REPRESENTATION_CONTEXT() REPRESENTATION_CONTEXT('2D SPACE',''
  ) );
#7984 = ORIENTED_EDGE('',*,*,#1904,.F.);
#7985 = ORIENTED_EDGE('',*,*,#7915,.F.);
#7986 = ADVANCED_FACE('',(#7987),#1883,.F.);
#7987 = FACE_BOUND('',#7988,.F.);
#7988 = EDGE_LOOP('',(#7989,#8012,#8033,#8034));
#7989 = ORIENTED_EDGE('',*,*,#7990,.F.);
#7990 = EDGE_CURVE('',#7991,#7942,#7993,.T.);
#7991 = VERTEX_POINT('',#7992);
#7992 = CARTESIAN_POINT('',(27.842578125,56.11357421875,7.65));
#7993 = SURFACE_CURVE('',#7994,(#7998,#8005),.PCURVE_S1.);
#7994 = B_SPLINE_CURVE_WITH_KNOTS('',2,(#7995,#7996,#7997),
  .UNSPECIFIED.,.F.,.F.,(3,3),(0.,1.),.PIECEWISE_BEZIER_KNOTS.);
#7995 = CARTESIAN_POINT('',(27.842578125,56.11357421875,7.65));
#7996 = CARTESIAN_POINT('',(28.143359375,56.11357421875,7.65));
#7997 = CARTESIAN_POINT('',(28.3484375,55.96044921875,7.65));
#7998 = PCURVE('',#1883,#7999);
#7999 = DEFINITIONAL_REPRESENTATION('',(#8000),#8004);
#8000 = LINE('',#8001,#8002);
#8001 = CARTESIAN_POINT('',(0.,0.));
#8002 = VECTOR('',#8003,1.);
#8003 = DIRECTION('',(1.,0.));
#8004 = ( GEOMETRIC_REPRESENTATION_CONTEXT(2) 
PARAMETRIC_REPRESENTATION_CONTEXT() REPRESENTATION_CONTEXT('2D SPACE',''
  ) );
#8005 = PCURVE('',#7344,#8006);
#8006 = DEFINITIONAL_REPRESENTATION('',(#8007),#8011);
#8007 = B_SPLINE_CURVE_WITH_KNOTS('',2,(#8008,#8009,#8010),
  .UNSPECIFIED.,.F.,.F.,(3,3),(0.,1.),.PIECEWISE_BEZIER_KNOTS.);
#8008 = CARTESIAN_POINT('',(1.085546875,2.0384765625));
#8009 = CARTESIAN_POINT('',(1.386328125,2.0384765625));
#8010 = CARTESIAN_POINT('',(1.59140625,1.8853515625));
#8011 = ( GEOMETRIC_REPRESENTATION_CONTEXT(2) 
PARAMETRIC_REPRESENTATION_CONTEXT() REPRESENTATION_CONTEXT('2D SPACE',''
  ) );
#8012 = ORIENTED_EDGE('',*,*,#8013,.T.);
#8013 = EDGE_CURVE('',#7991,#1803,#8014,.T.);
#8014 = SURFACE_CURVE('',#8015,(#8019,#8026),.PCURVE_S1.);
#8015 = LINE('',#8016,#8017);
#8016 = CARTESIAN_POINT('',(27.842578125,56.11357421875,7.65));
#8017 = VECTOR('',#8018,1.);
#8018 = DIRECTION('',(0.,0.,1.));
#8019 = PCURVE('',#1883,#8020);
#8020 = DEFINITIONAL_REPRESENTATION('',(#8021),#8025);
#8021 = LINE('',#8022,#8023);
#8022 = CARTESIAN_POINT('',(0.,0.));
#8023 = VECTOR('',#8024,1.);
#8024 = DIRECTION('',(0.,-1.));
#8025 = ( GEOMETRIC_REPRESENTATION_CONTEXT(2) 
PARAMETRIC_REPRESENTATION_CONTEXT() REPRESENTATION_CONTEXT('2D SPACE',''
  ) );
#8026 = PCURVE('',#1832,#8027);
#8027 = DEFINITIONAL_REPRESENTATION('',(#8028),#8032);
#8028 = LINE('',#8029,#8030);
#8029 = CARTESIAN_POINT('',(1.,0.));
#8030 = VECTOR('',#8031,1.);
#8031 = DIRECTION('',(0.,-1.));
#8032 = ( GEOMETRIC_REPRESENTATION_CONTEXT(2) 
PARAMETRIC_REPRESENTATION_CONTEXT() REPRESENTATION_CONTEXT('2D SPACE',''
  ) );
#8033 = ORIENTED_EDGE('',*,*,#1853,.F.);
#8034 = ORIENTED_EDGE('',*,*,#7964,.F.);
#8035 = ADVANCED_FACE('',(#8036),#1832,.F.);
#8036 = FACE_BOUND('',#8037,.F.);
#8037 = EDGE_LOOP('',(#8038,#8061,#8082,#8083));
#8038 = ORIENTED_EDGE('',*,*,#8039,.F.);
#8039 = EDGE_CURVE('',#8040,#7991,#8042,.T.);
#8040 = VERTEX_POINT('',#8041);
#8041 = CARTESIAN_POINT('',(27.35654296875,55.992578125,7.65));
#8042 = SURFACE_CURVE('',#8043,(#8047,#8054),.PCURVE_S1.);
#8043 = B_SPLINE_CURVE_WITH_KNOTS('',2,(#8044,#8045,#8046),
  .UNSPECIFIED.,.F.,.F.,(3,3),(0.,1.),.PIECEWISE_BEZIER_KNOTS.);
#8044 = CARTESIAN_POINT('',(27.35654296875,55.992578125,7.65));
#8045 = CARTESIAN_POINT('',(27.57734375,56.11357421875,7.65));
#8046 = CARTESIAN_POINT('',(27.842578125,56.11357421875,7.65));
#8047 = PCURVE('',#1832,#8048);
#8048 = DEFINITIONAL_REPRESENTATION('',(#8049),#8053);
#8049 = LINE('',#8050,#8051);
#8050 = CARTESIAN_POINT('',(0.,0.));
#8051 = VECTOR('',#8052,1.);
#8052 = DIRECTION('',(1.,0.));
#8053 = ( GEOMETRIC_REPRESENTATION_CONTEXT(2) 
PARAMETRIC_REPRESENTATION_CONTEXT() REPRESENTATION_CONTEXT('2D SPACE',''
  ) );
#8054 = PCURVE('',#7344,#8055);
#8055 = DEFINITIONAL_REPRESENTATION('',(#8056),#8060);
#8056 = B_SPLINE_CURVE_WITH_KNOTS('',2,(#8057,#8058,#8059),
  .UNSPECIFIED.,.F.,.F.,(3,3),(0.,1.),.PIECEWISE_BEZIER_KNOTS.);
#8057 = CARTESIAN_POINT('',(0.59951171875,1.91748046875));
#8058 = CARTESIAN_POINT('',(0.8203125,2.0384765625));
#8059 = CARTESIAN_POINT('',(1.085546875,2.0384765625));
#8060 = ( GEOMETRIC_REPRESENTATION_CONTEXT(2) 
PARAMETRIC_REPRESENTATION_CONTEXT() REPRESENTATION_CONTEXT('2D SPACE',''
  ) );
#8061 = ORIENTED_EDGE('',*,*,#8062,.T.);
#8062 = EDGE_CURVE('',#8040,#1752,#8063,.T.);
#8063 = SURFACE_CURVE('',#8064,(#8068,#8075),.PCURVE_S1.);
#8064 = LINE('',#8065,#8066);
#8065 = CARTESIAN_POINT('',(27.35654296875,55.992578125,7.65));
#8066 = VECTOR('',#8067,1.);
#8067 = DIRECTION('',(0.,0.,1.));
#8068 = PCURVE('',#1832,#8069);
#8069 = DEFINITIONAL_REPRESENTATION('',(#8070),#8074);
#8070 = LINE('',#8071,#8072);
#8071 = CARTESIAN_POINT('',(0.,0.));
#8072 = VECTOR('',#8073,1.);
#8073 = DIRECTION('',(0.,-1.));
#8074 = ( GEOMETRIC_REPRESENTATION_CONTEXT(2) 
PARAMETRIC_REPRESENTATION_CONTEXT() REPRESENTATION_CONTEXT('2D SPACE',''
  ) );
#8075 = PCURVE('',#1781,#8076);
#8076 = DEFINITIONAL_REPRESENTATION('',(#8077),#8081);
#8077 = LINE('',#8078,#8079);
#8078 = CARTESIAN_POINT('',(1.,0.));
#8079 = VECTOR('',#8080,1.);
#8080 = DIRECTION('',(0.,-1.));
#8081 = ( GEOMETRIC_REPRESENTATION_CONTEXT(2) 
PARAMETRIC_REPRESENTATION_CONTEXT() REPRESENTATION_CONTEXT('2D SPACE',''
  ) );
#8082 = ORIENTED_EDGE('',*,*,#1802,.F.);
#8083 = ORIENTED_EDGE('',*,*,#8013,.F.);
#8084 = ADVANCED_FACE('',(#8085),#1781,.F.);
#8085 = FACE_BOUND('',#8086,.F.);
#8086 = EDGE_LOOP('',(#8087,#8110,#8131,#8132));
#8087 = ORIENTED_EDGE('',*,*,#8088,.F.);
#8088 = EDGE_CURVE('',#8089,#8040,#8091,.T.);
#8089 = VERTEX_POINT('',#8090);
#8090 = CARTESIAN_POINT('',(27.01611328125,55.6384765625,7.65));
#8091 = SURFACE_CURVE('',#8092,(#8096,#8103),.PCURVE_S1.);
#8092 = B_SPLINE_CURVE_WITH_KNOTS('',2,(#8093,#8094,#8095),
  .UNSPECIFIED.,.F.,.F.,(3,3),(0.,1.),.PIECEWISE_BEZIER_KNOTS.);
#8093 = CARTESIAN_POINT('',(27.01611328125,55.6384765625,7.65));
#8094 = CARTESIAN_POINT('',(27.1357421875,55.87158203125,7.65));
#8095 = CARTESIAN_POINT('',(27.35654296875,55.992578125,7.65));
#8096 = PCURVE('',#1781,#8097);
#8097 = DEFINITIONAL_REPRESENTATION('',(#8098),#8102);
#8098 = LINE('',#8099,#8100);
#8099 = CARTESIAN_POINT('',(0.,0.));
#8100 = VECTOR('',#8101,1.);
#8101 = DIRECTION('',(1.,0.));
#8102 = ( GEOMETRIC_REPRESENTATION_CONTEXT(2) 
PARAMETRIC_REPRESENTATION_CONTEXT() REPRESENTATION_CONTEXT('2D SPACE',''
  ) );
#8103 = PCURVE('',#7344,#8104);
#8104 = DEFINITIONAL_REPRESENTATION('',(#8105),#8109);
#8105 = B_SPLINE_CURVE_WITH_KNOTS('',2,(#8106,#8107,#8108),
  .UNSPECIFIED.,.F.,.F.,(3,3),(0.,1.),.PIECEWISE_BEZIER_KNOTS.);
#8106 = CARTESIAN_POINT('',(0.25908203125,1.56337890625));
#8107 = CARTESIAN_POINT('',(0.3787109375,1.796484375));
#8108 = CARTESIAN_POINT('',(0.59951171875,1.91748046875));
#8109 = ( GEOMETRIC_REPRESENTATION_CONTEXT(2) 
PARAMETRIC_REPRESENTATION_CONTEXT() REPRESENTATION_CONTEXT('2D SPACE',''
  ) );
#8110 = ORIENTED_EDGE('',*,*,#8111,.T.);
#8111 = EDGE_CURVE('',#8089,#1713,#8112,.T.);
#8112 = SURFACE_CURVE('',#8113,(#8117,#8124),.PCURVE_S1.);
#8113 = LINE('',#8114,#8115);
#8114 = CARTESIAN_POINT('',(27.01611328125,55.6384765625,7.65));
#8115 = VECTOR('',#8116,1.);
#8116 = DIRECTION('',(0.,0.,1.));
#8117 = PCURVE('',#1781,#8118);
#8118 = DEFINITIONAL_REPRESENTATION('',(#8119),#8123);
#8119 = LINE('',#8120,#8121);
#8120 = CARTESIAN_POINT('',(0.,0.));
#8121 = VECTOR('',#8122,1.);
#8122 = DIRECTION('',(0.,-1.));
#8123 = ( GEOMETRIC_REPRESENTATION_CONTEXT(2) 
PARAMETRIC_REPRESENTATION_CONTEXT() REPRESENTATION_CONTEXT('2D SPACE',''
  ) );
#8124 = PCURVE('',#1734,#8125);
#8125 = DEFINITIONAL_REPRESENTATION('',(#8126),#8130);
#8126 = LINE('',#8127,#8128);
#8127 = CARTESIAN_POINT('',(1.,0.));
#8128 = VECTOR('',#8129,1.);
#8129 = DIRECTION('',(0.,-1.));
#8130 = ( GEOMETRIC_REPRESENTATION_CONTEXT(2) 
PARAMETRIC_REPRESENTATION_CONTEXT() REPRESENTATION_CONTEXT('2D SPACE',''
  ) );
#8131 = ORIENTED_EDGE('',*,*,#1751,.F.);
#8132 = ORIENTED_EDGE('',*,*,#8062,.F.);
#8133 = ADVANCED_FACE('',(#8134),#1734,.F.);
#8134 = FACE_BOUND('',#8135,.F.);
#8135 = EDGE_LOOP('',(#8136,#8159,#8180,#8181));
#8136 = ORIENTED_EDGE('',*,*,#8137,.F.);
#8137 = EDGE_CURVE('',#8138,#8089,#8140,.T.);
#8138 = VERTEX_POINT('',#8139);
#8139 = CARTESIAN_POINT('',(26.896484375,55.09228515625,7.65));
#8140 = SURFACE_CURVE('',#8141,(#8145,#8152),.PCURVE_S1.);
#8141 = B_SPLINE_CURVE_WITH_KNOTS('',2,(#8142,#8143,#8144),
  .UNSPECIFIED.,.F.,.F.,(3,3),(0.,1.),.PIECEWISE_BEZIER_KNOTS.);
#8142 = CARTESIAN_POINT('',(26.896484375,55.09228515625,7.65));
#8143 = CARTESIAN_POINT('',(26.896484375,55.40537109375,7.65));
#8144 = CARTESIAN_POINT('',(27.01611328125,55.6384765625,7.65));
#8145 = PCURVE('',#1734,#8146);
#8146 = DEFINITIONAL_REPRESENTATION('',(#8147),#8151);
#8147 = LINE('',#8148,#8149);
#8148 = CARTESIAN_POINT('',(0.,0.));
#8149 = VECTOR('',#8150,1.);
#8150 = DIRECTION('',(1.,0.));
#8151 = ( GEOMETRIC_REPRESENTATION_CONTEXT(2) 
PARAMETRIC_REPRESENTATION_CONTEXT() REPRESENTATION_CONTEXT('2D SPACE',''
  ) );
#8152 = PCURVE('',#7344,#8153);
#8153 = DEFINITIONAL_REPRESENTATION('',(#8154),#8158);
#8154 = B_SPLINE_CURVE_WITH_KNOTS('',2,(#8155,#8156,#8157),
  .UNSPECIFIED.,.F.,.F.,(3,3),(0.,1.),.PIECEWISE_BEZIER_KNOTS.);
#8155 = CARTESIAN_POINT('',(0.139453125,1.0171875));
#8156 = CARTESIAN_POINT('',(0.139453125,1.3302734375));
#8157 = CARTESIAN_POINT('',(0.25908203125,1.56337890625));
#8158 = ( GEOMETRIC_REPRESENTATION_CONTEXT(2) 
PARAMETRIC_REPRESENTATION_CONTEXT() REPRESENTATION_CONTEXT('2D SPACE',''
  ) );
#8159 = ORIENTED_EDGE('',*,*,#8160,.T.);
#8160 = EDGE_CURVE('',#8138,#1662,#8161,.T.);
#8161 = SURFACE_CURVE('',#8162,(#8166,#8173),.PCURVE_S1.);
#8162 = LINE('',#8163,#8164);
#8163 = CARTESIAN_POINT('',(26.896484375,55.09228515625,7.65));
#8164 = VECTOR('',#8165,1.);
#8165 = DIRECTION('',(0.,0.,1.));
#8166 = PCURVE('',#1734,#8167);
#8167 = DEFINITIONAL_REPRESENTATION('',(#8168),#8172);
#8168 = LINE('',#8169,#8170);
#8169 = CARTESIAN_POINT('',(0.,0.));
#8170 = VECTOR('',#8171,1.);
#8171 = DIRECTION('',(0.,-1.));
#8172 = ( GEOMETRIC_REPRESENTATION_CONTEXT(2) 
PARAMETRIC_REPRESENTATION_CONTEXT() REPRESENTATION_CONTEXT('2D SPACE',''
  ) );
#8173 = PCURVE('',#1691,#8174);
#8174 = DEFINITIONAL_REPRESENTATION('',(#8175),#8179);
#8175 = LINE('',#8176,#8177);
#8176 = CARTESIAN_POINT('',(1.,0.));
#8177 = VECTOR('',#8178,1.);
#8178 = DIRECTION('',(0.,-1.));
#8179 = ( GEOMETRIC_REPRESENTATION_CONTEXT(2) 
PARAMETRIC_REPRESENTATION_CONTEXT() REPRESENTATION_CONTEXT('2D SPACE',''
  ) );
#8180 = ORIENTED_EDGE('',*,*,#1712,.F.);
#8181 = ORIENTED_EDGE('',*,*,#8111,.F.);
#8182 = ADVANCED_FACE('',(#8183),#1691,.F.);
#8183 = FACE_BOUND('',#8184,.F.);
#8184 = EDGE_LOOP('',(#8185,#8208,#8229,#8230));
#8185 = ORIENTED_EDGE('',*,*,#8186,.F.);
#8186 = EDGE_CURVE('',#8187,#8138,#8189,.T.);
#8187 = VERTEX_POINT('',#8188);
#8188 = CARTESIAN_POINT('',(27.00244140625,54.55498046875,7.65));
#8189 = SURFACE_CURVE('',#8190,(#8194,#8201),.PCURVE_S1.);
#8190 = B_SPLINE_CURVE_WITH_KNOTS('',2,(#8191,#8192,#8193),
  .UNSPECIFIED.,.F.,.F.,(3,3),(0.,1.),.PIECEWISE_BEZIER_KNOTS.);
#8191 = CARTESIAN_POINT('',(27.00244140625,54.55498046875,7.65));
#8192 = CARTESIAN_POINT('',(26.896484375,54.80517578125,7.65));
#8193 = CARTESIAN_POINT('',(26.896484375,55.09228515625,7.65));
#8194 = PCURVE('',#1691,#8195);
#8195 = DEFINITIONAL_REPRESENTATION('',(#8196),#8200);
#8196 = LINE('',#8197,#8198);
#8197 = CARTESIAN_POINT('',(0.,0.));
#8198 = VECTOR('',#8199,1.);
#8199 = DIRECTION('',(1.,0.));
#8200 = ( GEOMETRIC_REPRESENTATION_CONTEXT(2) 
PARAMETRIC_REPRESENTATION_CONTEXT() REPRESENTATION_CONTEXT('2D SPACE',''
  ) );
#8201 = PCURVE('',#7344,#8202);
#8202 = DEFINITIONAL_REPRESENTATION('',(#8203),#8207);
#8203 = B_SPLINE_CURVE_WITH_KNOTS('',2,(#8204,#8205,#8206),
  .UNSPECIFIED.,.F.,.F.,(3,3),(0.,1.),.PIECEWISE_BEZIER_KNOTS.);
#8204 = CARTESIAN_POINT('',(0.24541015625,0.4798828125));
#8205 = CARTESIAN_POINT('',(0.139453125,0.730078125));
#8206 = CARTESIAN_POINT('',(0.139453125,1.0171875));
#8207 = ( GEOMETRIC_REPRESENTATION_CONTEXT(2) 
PARAMETRIC_REPRESENTATION_CONTEXT() REPRESENTATION_CONTEXT('2D SPACE',''
  ) );
#8208 = ORIENTED_EDGE('',*,*,#8209,.T.);
#8209 = EDGE_CURVE('',#8187,#1611,#8210,.T.);
#8210 = SURFACE_CURVE('',#8211,(#8215,#8222),.PCURVE_S1.);
#8211 = LINE('',#8212,#8213);
#8212 = CARTESIAN_POINT('',(27.00244140625,54.55498046875,7.65));
#8213 = VECTOR('',#8214,1.);
#8214 = DIRECTION('',(0.,0.,1.));
#8215 = PCURVE('',#1691,#8216);
#8216 = DEFINITIONAL_REPRESENTATION('',(#8217),#8221);
#8217 = LINE('',#8218,#8219);
#8218 = CARTESIAN_POINT('',(0.,0.));
#8219 = VECTOR('',#8220,1.);
#8220 = DIRECTION('',(0.,-1.));
#8221 = ( GEOMETRIC_REPRESENTATION_CONTEXT(2) 
PARAMETRIC_REPRESENTATION_CONTEXT() REPRESENTATION_CONTEXT('2D SPACE',''
  ) );
#8222 = PCURVE('',#1640,#8223);
#8223 = DEFINITIONAL_REPRESENTATION('',(#8224),#8228);
#8224 = LINE('',#8225,#8226);
#8225 = CARTESIAN_POINT('',(1.,0.));
#8226 = VECTOR('',#8227,1.);
#8227 = DIRECTION('',(0.,-1.));
#8228 = ( GEOMETRIC_REPRESENTATION_CONTEXT(2) 
PARAMETRIC_REPRESENTATION_CONTEXT() REPRESENTATION_CONTEXT('2D SPACE',''
  ) );
#8229 = ORIENTED_EDGE('',*,*,#1661,.F.);
#8230 = ORIENTED_EDGE('',*,*,#8160,.F.);
#8231 = ADVANCED_FACE('',(#8232),#1640,.F.);
#8232 = FACE_BOUND('',#8233,.F.);
#8233 = EDGE_LOOP('',(#8234,#8257,#8278,#8279));
#8234 = ORIENTED_EDGE('',*,*,#8235,.F.);
#8235 = EDGE_CURVE('',#8236,#8187,#8238,.T.);
#8236 = VERTEX_POINT('',#8237);
#8237 = CARTESIAN_POINT('',(27.31142578125,54.1728515625,7.65));
#8238 = SURFACE_CURVE('',#8239,(#8243,#8250),.PCURVE_S1.);
#8239 = B_SPLINE_CURVE_WITH_KNOTS('',2,(#8240,#8241,#8242),
  .UNSPECIFIED.,.F.,.F.,(3,3),(0.,1.),.PIECEWISE_BEZIER_KNOTS.);
#8240 = CARTESIAN_POINT('',(27.31142578125,54.1728515625,7.65));
#8241 = CARTESIAN_POINT('',(27.1083984375,54.30478515625,7.65));
#8242 = CARTESIAN_POINT('',(27.00244140625,54.55498046875,7.65));
#8243 = PCURVE('',#1640,#8244);
#8244 = DEFINITIONAL_REPRESENTATION('',(#8245),#8249);
#8245 = LINE('',#8246,#8247);
#8246 = CARTESIAN_POINT('',(0.,0.));
#8247 = VECTOR('',#8248,1.);
#8248 = DIRECTION('',(1.,0.));
#8249 = ( GEOMETRIC_REPRESENTATION_CONTEXT(2) 
PARAMETRIC_REPRESENTATION_CONTEXT() REPRESENTATION_CONTEXT('2D SPACE',''
  ) );
#8250 = PCURVE('',#7344,#8251);
#8251 = DEFINITIONAL_REPRESENTATION('',(#8252),#8256);
#8252 = B_SPLINE_CURVE_WITH_KNOTS('',2,(#8253,#8254,#8255),
  .UNSPECIFIED.,.F.,.F.,(3,3),(0.,1.),.PIECEWISE_BEZIER_KNOTS.);
#8253 = CARTESIAN_POINT('',(0.55439453125,9.775390625E-02));
#8254 = CARTESIAN_POINT('',(0.3513671875,0.2296875));
#8255 = CARTESIAN_POINT('',(0.24541015625,0.4798828125));
#8256 = ( GEOMETRIC_REPRESENTATION_CONTEXT(2) 
PARAMETRIC_REPRESENTATION_CONTEXT() REPRESENTATION_CONTEXT('2D SPACE',''
  ) );
#8257 = ORIENTED_EDGE('',*,*,#8258,.T.);
#8258 = EDGE_CURVE('',#8236,#1569,#8259,.T.);
#8259 = SURFACE_CURVE('',#8260,(#8264,#8271),.PCURVE_S1.);
#8260 = LINE('',#8261,#8262);
#8261 = CARTESIAN_POINT('',(27.31142578125,54.1728515625,7.65));
#8262 = VECTOR('',#8263,1.);
#8263 = DIRECTION('',(0.,0.,1.));
#8264 = PCURVE('',#1640,#8265);
#8265 = DEFINITIONAL_REPRESENTATION('',(#8266),#8270);
#8266 = LINE('',#8267,#8268);
#8267 = CARTESIAN_POINT('',(0.,0.));
#8268 = VECTOR('',#8269,1.);
#8269 = DIRECTION('',(0.,-1.));
#8270 = ( GEOMETRIC_REPRESENTATION_CONTEXT(2) 
PARAMETRIC_REPRESENTATION_CONTEXT() REPRESENTATION_CONTEXT('2D SPACE',''
  ) );
#8271 = PCURVE('',#1592,#8272);
#8272 = DEFINITIONAL_REPRESENTATION('',(#8273),#8277);
#8273 = LINE('',#8274,#8275);
#8274 = CARTESIAN_POINT('',(1.,0.));
#8275 = VECTOR('',#8276,1.);
#8276 = DIRECTION('',(0.,-1.));
#8277 = ( GEOMETRIC_REPRESENTATION_CONTEXT(2) 
PARAMETRIC_REPRESENTATION_CONTEXT() REPRESENTATION_CONTEXT('2D SPACE',''
  ) );
#8278 = ORIENTED_EDGE('',*,*,#1610,.F.);
#8279 = ORIENTED_EDGE('',*,*,#8209,.F.);
#8280 = ADVANCED_FACE('',(#8281),#1592,.F.);
#8281 = FACE_BOUND('',#8282,.F.);
#8282 = EDGE_LOOP('',(#8283,#8306,#8327,#8328));
#8283 = ORIENTED_EDGE('',*,*,#8284,.F.);
#8284 = EDGE_CURVE('',#8285,#8236,#8287,.T.);
#8285 = VERTEX_POINT('',#8286);
#8286 = CARTESIAN_POINT('',(27.8384765625,54.04091796875,7.65));
#8287 = SURFACE_CURVE('',#8288,(#8292,#8299),.PCURVE_S1.);
#8288 = B_SPLINE_CURVE_WITH_KNOTS('',2,(#8289,#8290,#8291),
  .UNSPECIFIED.,.F.,.F.,(3,3),(0.,1.),.PIECEWISE_BEZIER_KNOTS.);
#8289 = CARTESIAN_POINT('',(27.8384765625,54.04091796875,7.65));
#8290 = CARTESIAN_POINT('',(27.514453125,54.04091796875,7.65));
#8291 = CARTESIAN_POINT('',(27.31142578125,54.1728515625,7.65));
#8292 = PCURVE('',#1592,#8293);
#8293 = DEFINITIONAL_REPRESENTATION('',(#8294),#8298);
#8294 = LINE('',#8295,#8296);
#8295 = CARTESIAN_POINT('',(0.,0.));
#8296 = VECTOR('',#8297,1.);
#8297 = DIRECTION('',(1.,0.));
#8298 = ( GEOMETRIC_REPRESENTATION_CONTEXT(2) 
PARAMETRIC_REPRESENTATION_CONTEXT() REPRESENTATION_CONTEXT('2D SPACE',''
  ) );
#8299 = PCURVE('',#7344,#8300);
#8300 = DEFINITIONAL_REPRESENTATION('',(#8301),#8305);
#8301 = B_SPLINE_CURVE_WITH_KNOTS('',2,(#8302,#8303,#8304),
  .UNSPECIFIED.,.F.,.F.,(3,3),(0.,1.),.PIECEWISE_BEZIER_KNOTS.);
#8302 = CARTESIAN_POINT('',(1.0814453125,-3.41796875E-02));
#8303 = CARTESIAN_POINT('',(0.757421875,-3.41796875E-02));
#8304 = CARTESIAN_POINT('',(0.55439453125,9.775390625E-02));
#8305 = ( GEOMETRIC_REPRESENTATION_CONTEXT(2) 
PARAMETRIC_REPRESENTATION_CONTEXT() REPRESENTATION_CONTEXT('2D SPACE',''
  ) );
#8306 = ORIENTED_EDGE('',*,*,#8307,.T.);
#8307 = EDGE_CURVE('',#8285,#1518,#8308,.T.);
#8308 = SURFACE_CURVE('',#8309,(#8313,#8320),.PCURVE_S1.);
#8309 = LINE('',#8310,#8311);
#8310 = CARTESIAN_POINT('',(27.8384765625,54.04091796875,7.65));
#8311 = VECTOR('',#8312,1.);
#8312 = DIRECTION('',(0.,0.,1.));
#8313 = PCURVE('',#1592,#8314);
#8314 = DEFINITIONAL_REPRESENTATION('',(#8315),#8319);
#8315 = LINE('',#8316,#8317);
#8316 = CARTESIAN_POINT('',(0.,0.));
#8317 = VECTOR('',#8318,1.);
#8318 = DIRECTION('',(0.,-1.));
#8319 = ( GEOMETRIC_REPRESENTATION_CONTEXT(2) 
PARAMETRIC_REPRESENTATION_CONTEXT() REPRESENTATION_CONTEXT('2D SPACE',''
  ) );
#8320 = PCURVE('',#1547,#8321);
#8321 = DEFINITIONAL_REPRESENTATION('',(#8322),#8326);
#8322 = LINE('',#8323,#8324);
#8323 = CARTESIAN_POINT('',(1.,0.));
#8324 = VECTOR('',#8325,1.);
#8325 = DIRECTION('',(0.,-1.));
#8326 = ( GEOMETRIC_REPRESENTATION_CONTEXT(2) 
PARAMETRIC_REPRESENTATION_CONTEXT() REPRESENTATION_CONTEXT('2D SPACE',''
  ) );
#8327 = ORIENTED_EDGE('',*,*,#1568,.F.);
#8328 = ORIENTED_EDGE('',*,*,#8258,.F.);
#8329 = ADVANCED_FACE('',(#8330),#1547,.F.);
#8330 = FACE_BOUND('',#8331,.F.);
#8331 = EDGE_LOOP('',(#8332,#8355,#8376,#8377));
#8332 = ORIENTED_EDGE('',*,*,#8333,.F.);
#8333 = EDGE_CURVE('',#8334,#8285,#8336,.T.);
#8334 = VERTEX_POINT('',#8335);
#8335 = CARTESIAN_POINT('',(28.36826171875,54.2125,7.65));
#8336 = SURFACE_CURVE('',#8337,(#8341,#8348),.PCURVE_S1.);
#8337 = B_SPLINE_CURVE_WITH_KNOTS('',2,(#8338,#8339,#8340),
  .UNSPECIFIED.,.F.,.F.,(3,3),(0.,1.),.PIECEWISE_BEZIER_KNOTS.);
#8338 = CARTESIAN_POINT('',(28.36826171875,54.2125,7.65));
#8339 = CARTESIAN_POINT('',(28.1515625,54.04091796875,7.65));
#8340 = CARTESIAN_POINT('',(27.8384765625,54.04091796875,7.65));
#8341 = PCURVE('',#1547,#8342);
#8342 = DEFINITIONAL_REPRESENTATION('',(#8343),#8347);
#8343 = LINE('',#8344,#8345);
#8344 = CARTESIAN_POINT('',(0.,0.));
#8345 = VECTOR('',#8346,1.);
#8346 = DIRECTION('',(1.,0.));
#8347 = ( GEOMETRIC_REPRESENTATION_CONTEXT(2) 
PARAMETRIC_REPRESENTATION_CONTEXT() REPRESENTATION_CONTEXT('2D SPACE',''
  ) );
#8348 = PCURVE('',#7344,#8349);
#8349 = DEFINITIONAL_REPRESENTATION('',(#8350),#8354);
#8350 = B_SPLINE_CURVE_WITH_KNOTS('',2,(#8351,#8352,#8353),
  .UNSPECIFIED.,.F.,.F.,(3,3),(0.,1.),.PIECEWISE_BEZIER_KNOTS.);
#8351 = CARTESIAN_POINT('',(1.61123046875,0.13740234375));
#8352 = CARTESIAN_POINT('',(1.39453125,-3.41796875E-02));
#8353 = CARTESIAN_POINT('',(1.0814453125,-3.41796875E-02));
#8354 = ( GEOMETRIC_REPRESENTATION_CONTEXT(2) 
PARAMETRIC_REPRESENTATION_CONTEXT() REPRESENTATION_CONTEXT('2D SPACE',''
  ) );
#8355 = ORIENTED_EDGE('',*,*,#8356,.T.);
#8356 = EDGE_CURVE('',#8334,#1455,#8357,.T.);
#8357 = SURFACE_CURVE('',#8358,(#8362,#8369),.PCURVE_S1.);
#8358 = LINE('',#8359,#8360);
#8359 = CARTESIAN_POINT('',(28.36826171875,54.2125,7.65));
#8360 = VECTOR('',#8361,1.);
#8361 = DIRECTION('',(0.,0.,1.));
#8362 = PCURVE('',#1547,#8363);
#8363 = DEFINITIONAL_REPRESENTATION('',(#8364),#8368);
#8364 = LINE('',#8365,#8366);
#8365 = CARTESIAN_POINT('',(0.,0.));
#8366 = VECTOR('',#8367,1.);
#8367 = DIRECTION('',(0.,-1.));
#8368 = ( GEOMETRIC_REPRESENTATION_CONTEXT(2) 
PARAMETRIC_REPRESENTATION_CONTEXT() REPRESENTATION_CONTEXT('2D SPACE',''
  ) );
#8369 = PCURVE('',#1492,#8370);
#8370 = DEFINITIONAL_REPRESENTATION('',(#8371),#8375);
#8371 = LINE('',#8372,#8373);
#8372 = CARTESIAN_POINT('',(1.,0.));
#8373 = VECTOR('',#8374,1.);
#8374 = DIRECTION('',(0.,-1.));
#8375 = ( GEOMETRIC_REPRESENTATION_CONTEXT(2) 
PARAMETRIC_REPRESENTATION_CONTEXT() REPRESENTATION_CONTEXT('2D SPACE',''
  ) );
#8376 = ORIENTED_EDGE('',*,*,#1517,.F.);
#8377 = ORIENTED_EDGE('',*,*,#8307,.F.);
#8378 = ADVANCED_FACE('',(#8379),#1492,.F.);
#8379 = FACE_BOUND('',#8380,.F.);
#8380 = EDGE_LOOP('',(#8381,#8402,#8403,#8404));
#8381 = ORIENTED_EDGE('',*,*,#8382,.F.);
#8382 = EDGE_CURVE('',#7329,#8334,#8383,.T.);
#8383 = SURFACE_CURVE('',#8384,(#8388,#8395),.PCURVE_S1.);
#8384 = B_SPLINE_CURVE_WITH_KNOTS('',2,(#8385,#8386,#8387),
  .UNSPECIFIED.,.F.,.F.,(3,3),(0.,1.),.PIECEWISE_BEZIER_KNOTS.);
#8385 = CARTESIAN_POINT('',(28.668359375,54.71083984375,7.65));
#8386 = CARTESIAN_POINT('',(28.5849609375,54.38408203125,7.65));
#8387 = CARTESIAN_POINT('',(28.36826171875,54.2125,7.65));
#8388 = PCURVE('',#1492,#8389);
#8389 = DEFINITIONAL_REPRESENTATION('',(#8390),#8394);
#8390 = LINE('',#8391,#8392);
#8391 = CARTESIAN_POINT('',(0.,0.));
#8392 = VECTOR('',#8393,1.);
#8393 = DIRECTION('',(1.,0.));
#8394 = ( GEOMETRIC_REPRESENTATION_CONTEXT(2) 
PARAMETRIC_REPRESENTATION_CONTEXT() REPRESENTATION_CONTEXT('2D SPACE',''
  ) );
#8395 = PCURVE('',#7344,#8396);
#8396 = DEFINITIONAL_REPRESENTATION('',(#8397),#8401);
#8397 = B_SPLINE_CURVE_WITH_KNOTS('',2,(#8398,#8399,#8400),
  .UNSPECIFIED.,.F.,.F.,(3,3),(0.,1.),.PIECEWISE_BEZIER_KNOTS.);
#8398 = CARTESIAN_POINT('',(1.911328125,0.6357421875));
#8399 = CARTESIAN_POINT('',(1.8279296875,0.308984375));
#8400 = CARTESIAN_POINT('',(1.61123046875,0.13740234375));
#8401 = ( GEOMETRIC_REPRESENTATION_CONTEXT(2) 
PARAMETRIC_REPRESENTATION_CONTEXT() REPRESENTATION_CONTEXT('2D SPACE',''
  ) );
#8402 = ORIENTED_EDGE('',*,*,#7378,.T.);
#8403 = ORIENTED_EDGE('',*,*,#1454,.F.);
#8404 = ORIENTED_EDGE('',*,*,#8356,.F.);
#8405 = ADVANCED_FACE('',(#8406),#2430,.F.);
#8406 = FACE_BOUND('',#8407,.F.);
#8407 = EDGE_LOOP('',(#8408,#8438,#8459,#8460));
#8408 = ORIENTED_EDGE('',*,*,#8409,.F.);
#8409 = EDGE_CURVE('',#8410,#8412,#8414,.T.);
#8410 = VERTEX_POINT('',#8411);
#8411 = CARTESIAN_POINT('',(29.2603515625,54.07509765625,7.65));
#8412 = VERTEX_POINT('',#8413);
#8413 = CARTESIAN_POINT('',(28.9951171875,54.07509765625,7.65));
#8414 = SURFACE_CURVE('',#8415,(#8419,#8426),.PCURVE_S1.);
#8415 = LINE('',#8416,#8417);
#8416 = CARTESIAN_POINT('',(29.2603515625,54.07509765625,7.65));
#8417 = VECTOR('',#8418,1.);
#8418 = DIRECTION('',(-1.,0.,0.));
#8419 = PCURVE('',#2430,#8420);
#8420 = DEFINITIONAL_REPRESENTATION('',(#8421),#8425);
#8421 = LINE('',#8422,#8423);
#8422 = CARTESIAN_POINT('',(0.,-0.));
#8423 = VECTOR('',#8424,1.);
#8424 = DIRECTION('',(1.,0.));
#8425 = ( GEOMETRIC_REPRESENTATION_CONTEXT(2) 
PARAMETRIC_REPRESENTATION_CONTEXT() REPRESENTATION_CONTEXT('2D SPACE',''
  ) );
#8426 = PCURVE('',#8427,#8432);
#8427 = PLANE('',#8428);
#8428 = AXIS2_PLACEMENT_3D('',#8429,#8430,#8431);
#8429 = CARTESIAN_POINT('',(28.7791015625,54.07509765625,7.65));
#8430 = DIRECTION('',(0.,0.,1.));
#8431 = DIRECTION('',(1.,0.,0.));
#8432 = DEFINITIONAL_REPRESENTATION('',(#8433),#8437);
#8433 = LINE('',#8434,#8435);
#8434 = CARTESIAN_POINT('',(0.48125,0.));
#8435 = VECTOR('',#8436,1.);
#8436 = DIRECTION('',(-1.,0.));
#8437 = ( GEOMETRIC_REPRESENTATION_CONTEXT(2) 
PARAMETRIC_REPRESENTATION_CONTEXT() REPRESENTATION_CONTEXT('2D SPACE',''
  ) );
#8438 = ORIENTED_EDGE('',*,*,#8439,.T.);
#8439 = EDGE_CURVE('',#8410,#2416,#8440,.T.);
#8440 = SURFACE_CURVE('',#8441,(#8445,#8452),.PCURVE_S1.);
#8441 = LINE('',#8442,#8443);
#8442 = CARTESIAN_POINT('',(29.2603515625,54.07509765625,7.65));
#8443 = VECTOR('',#8444,1.);
#8444 = DIRECTION('',(0.,0.,1.));
#8445 = PCURVE('',#2430,#8446);
#8446 = DEFINITIONAL_REPRESENTATION('',(#8447),#8451);
#8447 = LINE('',#8448,#8449);
#8448 = CARTESIAN_POINT('',(0.,-0.));
#8449 = VECTOR('',#8450,1.);
#8450 = DIRECTION('',(0.,-1.));
#8451 = ( GEOMETRIC_REPRESENTATION_CONTEXT(2) 
PARAMETRIC_REPRESENTATION_CONTEXT() REPRESENTATION_CONTEXT('2D SPACE',''
  ) );
#8452 = PCURVE('',#2802,#8453);
#8453 = DEFINITIONAL_REPRESENTATION('',(#8454),#8458);
#8454 = LINE('',#8455,#8456);
#8455 = CARTESIAN_POINT('',(0.81484375,0.));
#8456 = VECTOR('',#8457,1.);
#8457 = DIRECTION('',(0.,-1.));
#8458 = ( GEOMETRIC_REPRESENTATION_CONTEXT(2) 
PARAMETRIC_REPRESENTATION_CONTEXT() REPRESENTATION_CONTEXT('2D SPACE',''
  ) );
#8459 = ORIENTED_EDGE('',*,*,#2413,.F.);
#8460 = ORIENTED_EDGE('',*,*,#8461,.F.);
#8461 = EDGE_CURVE('',#8412,#2414,#8462,.T.);
#8462 = SURFACE_CURVE('',#8463,(#8467,#8474),.PCURVE_S1.);
#8463 = LINE('',#8464,#8465);
#8464 = CARTESIAN_POINT('',(28.9951171875,54.07509765625,7.65));
#8465 = VECTOR('',#8466,1.);
#8466 = DIRECTION('',(0.,0.,1.));
#8467 = PCURVE('',#2430,#8468);
#8468 = DEFINITIONAL_REPRESENTATION('',(#8469),#8473);
#8469 = LINE('',#8470,#8471);
#8470 = CARTESIAN_POINT('',(0.265234375,0.));
#8471 = VECTOR('',#8472,1.);
#8472 = DIRECTION('',(0.,-1.));
#8473 = ( GEOMETRIC_REPRESENTATION_CONTEXT(2) 
PARAMETRIC_REPRESENTATION_CONTEXT() REPRESENTATION_CONTEXT('2D SPACE',''
  ) );
#8474 = PCURVE('',#2456,#8475);
#8475 = DEFINITIONAL_REPRESENTATION('',(#8476),#8480);
#8476 = LINE('',#8477,#8478);
#8477 = CARTESIAN_POINT('',(0.,0.));
#8478 = VECTOR('',#8479,1.);
#8479 = DIRECTION('',(0.,-1.));
#8480 = ( GEOMETRIC_REPRESENTATION_CONTEXT(2) 
PARAMETRIC_REPRESENTATION_CONTEXT() REPRESENTATION_CONTEXT('2D SPACE',''
  ) );
#8481 = ADVANCED_FACE('',(#8482),#2802,.F.);
#8482 = FACE_BOUND('',#8483,.F.);
#8483 = EDGE_LOOP('',(#8484,#8507,#8528,#8529));
#8484 = ORIENTED_EDGE('',*,*,#8485,.F.);
#8485 = EDGE_CURVE('',#8486,#8410,#8488,.T.);
#8486 = VERTEX_POINT('',#8487);
#8487 = CARTESIAN_POINT('',(29.2603515625,54.88994140625,7.65));
#8488 = SURFACE_CURVE('',#8489,(#8493,#8500),.PCURVE_S1.);
#8489 = LINE('',#8490,#8491);
#8490 = CARTESIAN_POINT('',(29.2603515625,54.88994140625,7.65));
#8491 = VECTOR('',#8492,1.);
#8492 = DIRECTION('',(0.,-1.,0.));
#8493 = PCURVE('',#2802,#8494);
#8494 = DEFINITIONAL_REPRESENTATION('',(#8495),#8499);
#8495 = LINE('',#8496,#8497);
#8496 = CARTESIAN_POINT('',(0.,0.));
#8497 = VECTOR('',#8498,1.);
#8498 = DIRECTION('',(1.,0.));
#8499 = ( GEOMETRIC_REPRESENTATION_CONTEXT(2) 
PARAMETRIC_REPRESENTATION_CONTEXT() REPRESENTATION_CONTEXT('2D SPACE',''
  ) );
#8500 = PCURVE('',#8427,#8501);
#8501 = DEFINITIONAL_REPRESENTATION('',(#8502),#8506);
#8502 = LINE('',#8503,#8504);
#8503 = CARTESIAN_POINT('',(0.48125,0.81484375));
#8504 = VECTOR('',#8505,1.);
#8505 = DIRECTION('',(0.,-1.));
#8506 = ( GEOMETRIC_REPRESENTATION_CONTEXT(2) 
PARAMETRIC_REPRESENTATION_CONTEXT() REPRESENTATION_CONTEXT('2D SPACE',''
  ) );
#8507 = ORIENTED_EDGE('',*,*,#8508,.T.);
#8508 = EDGE_CURVE('',#8486,#2764,#8509,.T.);
#8509 = SURFACE_CURVE('',#8510,(#8514,#8521),.PCURVE_S1.);
#8510 = LINE('',#8511,#8512);
#8511 = CARTESIAN_POINT('',(29.2603515625,54.88994140625,7.65));
#8512 = VECTOR('',#8513,1.);
#8513 = DIRECTION('',(0.,0.,1.));
#8514 = PCURVE('',#2802,#8515);
#8515 = DEFINITIONAL_REPRESENTATION('',(#8516),#8520);
#8516 = LINE('',#8517,#8518);
#8517 = CARTESIAN_POINT('',(0.,0.));
#8518 = VECTOR('',#8519,1.);
#8519 = DIRECTION('',(0.,-1.));
#8520 = ( GEOMETRIC_REPRESENTATION_CONTEXT(2) 
PARAMETRIC_REPRESENTATION_CONTEXT() REPRESENTATION_CONTEXT('2D SPACE',''
  ) );
#8521 = PCURVE('',#2778,#8522);
#8522 = DEFINITIONAL_REPRESENTATION('',(#8523),#8527);
#8523 = LINE('',#8524,#8525);
#8524 = CARTESIAN_POINT('',(0.5140625,0.));
#8525 = VECTOR('',#8526,1.);
#8526 = DIRECTION('',(0.,-1.));
#8527 = ( GEOMETRIC_REPRESENTATION_CONTEXT(2) 
PARAMETRIC_REPRESENTATION_CONTEXT() REPRESENTATION_CONTEXT('2D SPACE',''
  ) );
#8528 = ORIENTED_EDGE('',*,*,#2789,.F.);
#8529 = ORIENTED_EDGE('',*,*,#8439,.F.);
#8530 = ADVANCED_FACE('',(#8531),#2778,.F.);
#8531 = FACE_BOUND('',#8532,.F.);
#8532 = EDGE_LOOP('',(#8533,#8556,#8577,#8578));
#8533 = ORIENTED_EDGE('',*,*,#8534,.F.);
#8534 = EDGE_CURVE('',#8535,#8486,#8537,.T.);
#8535 = VERTEX_POINT('',#8536);
#8536 = CARTESIAN_POINT('',(29.7744140625,54.88994140625,7.65));
#8537 = SURFACE_CURVE('',#8538,(#8542,#8549),.PCURVE_S1.);
#8538 = LINE('',#8539,#8540);
#8539 = CARTESIAN_POINT('',(29.7744140625,54.88994140625,7.65));
#8540 = VECTOR('',#8541,1.);
#8541 = DIRECTION('',(-1.,0.,0.));
#8542 = PCURVE('',#2778,#8543);
#8543 = DEFINITIONAL_REPRESENTATION('',(#8544),#8548);
#8544 = LINE('',#8545,#8546);
#8545 = CARTESIAN_POINT('',(0.,-0.));
#8546 = VECTOR('',#8547,1.);
#8547 = DIRECTION('',(1.,0.));
#8548 = ( GEOMETRIC_REPRESENTATION_CONTEXT(2) 
PARAMETRIC_REPRESENTATION_CONTEXT() REPRESENTATION_CONTEXT('2D SPACE',''
  ) );
#8549 = PCURVE('',#8427,#8550);
#8550 = DEFINITIONAL_REPRESENTATION('',(#8551),#8555);
#8551 = LINE('',#8552,#8553);
#8552 = CARTESIAN_POINT('',(0.9953125,0.81484375));
#8553 = VECTOR('',#8554,1.);
#8554 = DIRECTION('',(-1.,0.));
#8555 = ( GEOMETRIC_REPRESENTATION_CONTEXT(2) 
PARAMETRIC_REPRESENTATION_CONTEXT() REPRESENTATION_CONTEXT('2D SPACE',''
  ) );
#8556 = ORIENTED_EDGE('',*,*,#8557,.T.);
#8557 = EDGE_CURVE('',#8535,#2707,#8558,.T.);
#8558 = SURFACE_CURVE('',#8559,(#8563,#8570),.PCURVE_S1.);
#8559 = LINE('',#8560,#8561);
#8560 = CARTESIAN_POINT('',(29.7744140625,54.88994140625,7.65));
#8561 = VECTOR('',#8562,1.);
#8562 = DIRECTION('',(0.,0.,1.));
#8563 = PCURVE('',#2778,#8564);
#8564 = DEFINITIONAL_REPRESENTATION('',(#8565),#8569);
#8565 = LINE('',#8566,#8567);
#8566 = CARTESIAN_POINT('',(0.,-0.));
#8567 = VECTOR('',#8568,1.);
#8568 = DIRECTION('',(0.,-1.));
#8569 = ( GEOMETRIC_REPRESENTATION_CONTEXT(2) 
PARAMETRIC_REPRESENTATION_CONTEXT() REPRESENTATION_CONTEXT('2D SPACE',''
  ) );
#8570 = PCURVE('',#2740,#8571);
#8571 = DEFINITIONAL_REPRESENTATION('',(#8572),#8576);
#8572 = LINE('',#8573,#8574);
#8573 = CARTESIAN_POINT('',(1.,0.));
#8574 = VECTOR('',#8575,1.);
#8575 = DIRECTION('',(0.,-1.));
#8576 = ( GEOMETRIC_REPRESENTATION_CONTEXT(2) 
PARAMETRIC_REPRESENTATION_CONTEXT() REPRESENTATION_CONTEXT('2D SPACE',''
  ) );
#8577 = ORIENTED_EDGE('',*,*,#2763,.F.);
#8578 = ORIENTED_EDGE('',*,*,#8508,.F.);
#8579 = ADVANCED_FACE('',(#8580),#2740,.F.);
#8580 = FACE_BOUND('',#8581,.F.);
#8581 = EDGE_LOOP('',(#8582,#8605,#8626,#8627));
#8582 = ORIENTED_EDGE('',*,*,#8583,.F.);
#8583 = EDGE_CURVE('',#8584,#8535,#8586,.T.);
#8584 = VERTEX_POINT('',#8585);
#8585 = CARTESIAN_POINT('',(30.3623046875,55.0669921875,7.65));
#8586 = SURFACE_CURVE('',#8587,(#8591,#8598),.PCURVE_S1.);
#8587 = B_SPLINE_CURVE_WITH_KNOTS('',2,(#8588,#8589,#8590),
  .UNSPECIFIED.,.F.,.F.,(3,3),(0.,1.),.PIECEWISE_BEZIER_KNOTS.);
#8588 = CARTESIAN_POINT('',(30.3623046875,55.0669921875,7.65));
#8589 = CARTESIAN_POINT('',(30.199609375,54.88994140625,7.65));
#8590 = CARTESIAN_POINT('',(29.7744140625,54.88994140625,7.65));
#8591 = PCURVE('',#2740,#8592);
#8592 = DEFINITIONAL_REPRESENTATION('',(#8593),#8597);
#8593 = LINE('',#8594,#8595);
#8594 = CARTESIAN_POINT('',(0.,0.));
#8595 = VECTOR('',#8596,1.);
#8596 = DIRECTION('',(1.,0.));
#8597 = ( GEOMETRIC_REPRESENTATION_CONTEXT(2) 
PARAMETRIC_REPRESENTATION_CONTEXT() REPRESENTATION_CONTEXT('2D SPACE',''
  ) );
#8598 = PCURVE('',#8427,#8599);
#8599 = DEFINITIONAL_REPRESENTATION('',(#8600),#8604);
#8600 = B_SPLINE_CURVE_WITH_KNOTS('',2,(#8601,#8602,#8603),
  .UNSPECIFIED.,.F.,.F.,(3,3),(0.,1.),.PIECEWISE_BEZIER_KNOTS.);
#8601 = CARTESIAN_POINT('',(1.583203125,0.99189453125));
#8602 = CARTESIAN_POINT('',(1.4205078125,0.81484375));
#8603 = CARTESIAN_POINT('',(0.9953125,0.81484375));
#8604 = ( GEOMETRIC_REPRESENTATION_CONTEXT(2) 
PARAMETRIC_REPRESENTATION_CONTEXT() REPRESENTATION_CONTEXT('2D SPACE',''
  ) );
#8605 = ORIENTED_EDGE('',*,*,#8606,.T.);
#8606 = EDGE_CURVE('',#8584,#2656,#8607,.T.);
#8607 = SURFACE_CURVE('',#8608,(#8612,#8619),.PCURVE_S1.);
#8608 = LINE('',#8609,#8610);
#8609 = CARTESIAN_POINT('',(30.3623046875,55.0669921875,7.65));
#8610 = VECTOR('',#8611,1.);
#8611 = DIRECTION('',(0.,0.,1.));
#8612 = PCURVE('',#2740,#8613);
#8613 = DEFINITIONAL_REPRESENTATION('',(#8614),#8618);
#8614 = LINE('',#8615,#8616);
#8615 = CARTESIAN_POINT('',(0.,0.));
#8616 = VECTOR('',#8617,1.);
#8617 = DIRECTION('',(0.,-1.));
#8618 = ( GEOMETRIC_REPRESENTATION_CONTEXT(2) 
PARAMETRIC_REPRESENTATION_CONTEXT() REPRESENTATION_CONTEXT('2D SPACE',''
  ) );
#8619 = PCURVE('',#2685,#8620);
#8620 = DEFINITIONAL_REPRESENTATION('',(#8621),#8625);
#8621 = LINE('',#8622,#8623);
#8622 = CARTESIAN_POINT('',(1.,0.));
#8623 = VECTOR('',#8624,1.);
#8624 = DIRECTION('',(0.,-1.));
#8625 = ( GEOMETRIC_REPRESENTATION_CONTEXT(2) 
PARAMETRIC_REPRESENTATION_CONTEXT() REPRESENTATION_CONTEXT('2D SPACE',''
  ) );
#8626 = ORIENTED_EDGE('',*,*,#2706,.F.);
#8627 = ORIENTED_EDGE('',*,*,#8557,.F.);
#8628 = ADVANCED_FACE('',(#8629),#2685,.F.);
#8629 = FACE_BOUND('',#8630,.F.);
#8630 = EDGE_LOOP('',(#8631,#8654,#8675,#8676));
#8631 = ORIENTED_EDGE('',*,*,#8632,.F.);
#8632 = EDGE_CURVE('',#8633,#8584,#8635,.T.);
#8633 = VERTEX_POINT('',#8634);
#8634 = CARTESIAN_POINT('',(30.525,55.49970703125,7.65));
#8635 = SURFACE_CURVE('',#8636,(#8640,#8647),.PCURVE_S1.);
#8636 = B_SPLINE_CURVE_WITH_KNOTS('',2,(#8637,#8638,#8639),
  .UNSPECIFIED.,.F.,.F.,(3,3),(0.,1.),.PIECEWISE_BEZIER_KNOTS.);
#8637 = CARTESIAN_POINT('',(30.525,55.49970703125,7.65));
#8638 = CARTESIAN_POINT('',(30.525,55.24404296875,7.65));
#8639 = CARTESIAN_POINT('',(30.3623046875,55.0669921875,7.65));
#8640 = PCURVE('',#2685,#8641);
#8641 = DEFINITIONAL_REPRESENTATION('',(#8642),#8646);
#8642 = LINE('',#8643,#8644);
#8643 = CARTESIAN_POINT('',(0.,0.));
#8644 = VECTOR('',#8645,1.);
#8645 = DIRECTION('',(1.,0.));
#8646 = ( GEOMETRIC_REPRESENTATION_CONTEXT(2) 
PARAMETRIC_REPRESENTATION_CONTEXT() REPRESENTATION_CONTEXT('2D SPACE',''
  ) );
#8647 = PCURVE('',#8427,#8648);
#8648 = DEFINITIONAL_REPRESENTATION('',(#8649),#8653);
#8649 = B_SPLINE_CURVE_WITH_KNOTS('',2,(#8650,#8651,#8652),
  .UNSPECIFIED.,.F.,.F.,(3,3),(0.,1.),.PIECEWISE_BEZIER_KNOTS.);
#8650 = CARTESIAN_POINT('',(1.7458984375,1.424609375));
#8651 = CARTESIAN_POINT('',(1.7458984375,1.1689453125));
#8652 = CARTESIAN_POINT('',(1.583203125,0.99189453125));
#8653 = ( GEOMETRIC_REPRESENTATION_CONTEXT(2) 
PARAMETRIC_REPRESENTATION_CONTEXT() REPRESENTATION_CONTEXT('2D SPACE',''
  ) );
#8654 = ORIENTED_EDGE('',*,*,#8655,.T.);
#8655 = EDGE_CURVE('',#8633,#2611,#8656,.T.);
#8656 = SURFACE_CURVE('',#8657,(#8661,#8668),.PCURVE_S1.);
#8657 = LINE('',#8658,#8659);
#8658 = CARTESIAN_POINT('',(30.525,55.49970703125,7.65));
#8659 = VECTOR('',#8660,1.);
#8660 = DIRECTION('',(0.,0.,1.));
#8661 = PCURVE('',#2685,#8662);
#8662 = DEFINITIONAL_REPRESENTATION('',(#8663),#8667);
#8663 = LINE('',#8664,#8665);
#8664 = CARTESIAN_POINT('',(0.,0.));
#8665 = VECTOR('',#8666,1.);
#8666 = DIRECTION('',(0.,-1.));
#8667 = ( GEOMETRIC_REPRESENTATION_CONTEXT(2) 
PARAMETRIC_REPRESENTATION_CONTEXT() REPRESENTATION_CONTEXT('2D SPACE',''
  ) );
#8668 = PCURVE('',#2636,#8669);
#8669 = DEFINITIONAL_REPRESENTATION('',(#8670),#8674);
#8670 = LINE('',#8671,#8672);
#8671 = CARTESIAN_POINT('',(1.,0.));
#8672 = VECTOR('',#8673,1.);
#8673 = DIRECTION('',(0.,-1.));
#8674 = ( GEOMETRIC_REPRESENTATION_CONTEXT(2) 
PARAMETRIC_REPRESENTATION_CONTEXT() REPRESENTATION_CONTEXT('2D SPACE',''
  ) );
#8675 = ORIENTED_EDGE('',*,*,#2655,.F.);
#8676 = ORIENTED_EDGE('',*,*,#8606,.F.);
#8677 = ADVANCED_FACE('',(#8678),#2636,.F.);
#8678 = FACE_BOUND('',#8679,.F.);
#8679 = EDGE_LOOP('',(#8680,#8703,#8724,#8725));
#8680 = ORIENTED_EDGE('',*,*,#8681,.F.);
#8681 = EDGE_CURVE('',#8682,#8633,#8684,.T.);
#8682 = VERTEX_POINT('',#8683);
#8683 = CARTESIAN_POINT('',(30.46416015625,55.77314453125,7.65));
#8684 = SURFACE_CURVE('',#8685,(#8689,#8696),.PCURVE_S1.);
#8685 = B_SPLINE_CURVE_WITH_KNOTS('',2,(#8686,#8687,#8688),
  .UNSPECIFIED.,.F.,.F.,(3,3),(0.,1.),.PIECEWISE_BEZIER_KNOTS.);
#8686 = CARTESIAN_POINT('',(30.46416015625,55.77314453125,7.65));
#8687 = CARTESIAN_POINT('',(30.525,55.64873046875,7.65));
#8688 = CARTESIAN_POINT('',(30.525,55.49970703125,7.65));
#8689 = PCURVE('',#2636,#8690);
#8690 = DEFINITIONAL_REPRESENTATION('',(#8691),#8695);
#8691 = LINE('',#8692,#8693);
#8692 = CARTESIAN_POINT('',(0.,0.));
#8693 = VECTOR('',#8694,1.);
#8694 = DIRECTION('',(1.,0.));
#8695 = ( GEOMETRIC_REPRESENTATION_CONTEXT(2) 
PARAMETRIC_REPRESENTATION_CONTEXT() REPRESENTATION_CONTEXT('2D SPACE',''
  ) );
#8696 = PCURVE('',#8427,#8697);
#8697 = DEFINITIONAL_REPRESENTATION('',(#8698),#8702);
#8698 = B_SPLINE_CURVE_WITH_KNOTS('',2,(#8699,#8700,#8701),
  .UNSPECIFIED.,.F.,.F.,(3,3),(0.,1.),.PIECEWISE_BEZIER_KNOTS.);
#8699 = CARTESIAN_POINT('',(1.68505859375,1.698046875));
#8700 = CARTESIAN_POINT('',(1.7458984375,1.5736328125));
#8701 = CARTESIAN_POINT('',(1.7458984375,1.424609375));
#8702 = ( GEOMETRIC_REPRESENTATION_CONTEXT(2) 
PARAMETRIC_REPRESENTATION_CONTEXT() REPRESENTATION_CONTEXT('2D SPACE',''
  ) );
#8703 = ORIENTED_EDGE('',*,*,#8704,.T.);
#8704 = EDGE_CURVE('',#8682,#2572,#8705,.T.);
#8705 = SURFACE_CURVE('',#8706,(#8710,#8717),.PCURVE_S1.);
#8706 = LINE('',#8707,#8708);
#8707 = CARTESIAN_POINT('',(30.46416015625,55.77314453125,7.65));
#8708 = VECTOR('',#8709,1.);
#8709 = DIRECTION('',(0.,0.,1.));
#8710 = PCURVE('',#2636,#8711);
#8711 = DEFINITIONAL_REPRESENTATION('',(#8712),#8716);
#8712 = LINE('',#8713,#8714);
#8713 = CARTESIAN_POINT('',(0.,0.));
#8714 = VECTOR('',#8715,1.);
#8715 = DIRECTION('',(0.,-1.));
#8716 = ( GEOMETRIC_REPRESENTATION_CONTEXT(2) 
PARAMETRIC_REPRESENTATION_CONTEXT() REPRESENTATION_CONTEXT('2D SPACE',''
  ) );
#8717 = PCURVE('',#2593,#8718);
#8718 = DEFINITIONAL_REPRESENTATION('',(#8719),#8723);
#8719 = LINE('',#8720,#8721);
#8720 = CARTESIAN_POINT('',(1.,0.));
#8721 = VECTOR('',#8722,1.);
#8722 = DIRECTION('',(0.,-1.));
#8723 = ( GEOMETRIC_REPRESENTATION_CONTEXT(2) 
PARAMETRIC_REPRESENTATION_CONTEXT() REPRESENTATION_CONTEXT('2D SPACE',''
  ) );
#8724 = ORIENTED_EDGE('',*,*,#2610,.F.);
#8725 = ORIENTED_EDGE('',*,*,#8655,.F.);
#8726 = ADVANCED_FACE('',(#8727),#2593,.F.);
#8727 = FACE_BOUND('',#8728,.F.);
#8728 = EDGE_LOOP('',(#8729,#8752,#8773,#8774));
#8729 = ORIENTED_EDGE('',*,*,#8730,.F.);
#8730 = EDGE_CURVE('',#8731,#8682,#8733,.T.);
#8731 = VERTEX_POINT('',#8732);
#8732 = CARTESIAN_POINT('',(30.303515625,55.9666015625,7.65));
#8733 = SURFACE_CURVE('',#8734,(#8738,#8745),.PCURVE_S1.);
#8734 = B_SPLINE_CURVE_WITH_KNOTS('',2,(#8735,#8736,#8737),
  .UNSPECIFIED.,.F.,.F.,(3,3),(0.,1.),.PIECEWISE_BEZIER_KNOTS.);
#8735 = CARTESIAN_POINT('',(30.303515625,55.9666015625,7.65));
#8736 = CARTESIAN_POINT('',(30.4033203125,55.89755859375,7.65));
#8737 = CARTESIAN_POINT('',(30.46416015625,55.77314453125,7.65));
#8738 = PCURVE('',#2593,#8739);
#8739 = DEFINITIONAL_REPRESENTATION('',(#8740),#8744);
#8740 = LINE('',#8741,#8742);
#8741 = CARTESIAN_POINT('',(0.,0.));
#8742 = VECTOR('',#8743,1.);
#8743 = DIRECTION('',(1.,0.));
#8744 = ( GEOMETRIC_REPRESENTATION_CONTEXT(2) 
PARAMETRIC_REPRESENTATION_CONTEXT() REPRESENTATION_CONTEXT('2D SPACE',''
  ) );
#8745 = PCURVE('',#8427,#8746);
#8746 = DEFINITIONAL_REPRESENTATION('',(#8747),#8751);
#8747 = B_SPLINE_CURVE_WITH_KNOTS('',2,(#8748,#8749,#8750),
  .UNSPECIFIED.,.F.,.F.,(3,3),(0.,1.),.PIECEWISE_BEZIER_KNOTS.);
#8748 = CARTESIAN_POINT('',(1.5244140625,1.89150390625));
#8749 = CARTESIAN_POINT('',(1.62421875,1.8224609375));
#8750 = CARTESIAN_POINT('',(1.68505859375,1.698046875));
#8751 = ( GEOMETRIC_REPRESENTATION_CONTEXT(2) 
PARAMETRIC_REPRESENTATION_CONTEXT() REPRESENTATION_CONTEXT('2D SPACE',''
  ) );
#8752 = ORIENTED_EDGE('',*,*,#8753,.T.);
#8753 = EDGE_CURVE('',#8731,#2533,#8754,.T.);
#8754 = SURFACE_CURVE('',#8755,(#8759,#8766),.PCURVE_S1.);
#8755 = LINE('',#8756,#8757);
#8756 = CARTESIAN_POINT('',(30.303515625,55.9666015625,7.65));
#8757 = VECTOR('',#8758,1.);
#8758 = DIRECTION('',(0.,0.,1.));
#8759 = PCURVE('',#2593,#8760);
#8760 = DEFINITIONAL_REPRESENTATION('',(#8761),#8765);
#8761 = LINE('',#8762,#8763);
#8762 = CARTESIAN_POINT('',(0.,0.));
#8763 = VECTOR('',#8764,1.);
#8764 = DIRECTION('',(0.,-1.));
#8765 = ( GEOMETRIC_REPRESENTATION_CONTEXT(2) 
PARAMETRIC_REPRESENTATION_CONTEXT() REPRESENTATION_CONTEXT('2D SPACE',''
  ) );
#8766 = PCURVE('',#2554,#8767);
#8767 = DEFINITIONAL_REPRESENTATION('',(#8768),#8772);
#8768 = LINE('',#8769,#8770);
#8769 = CARTESIAN_POINT('',(1.,0.));
#8770 = VECTOR('',#8771,1.);
#8771 = DIRECTION('',(0.,-1.));
#8772 = ( GEOMETRIC_REPRESENTATION_CONTEXT(2) 
PARAMETRIC_REPRESENTATION_CONTEXT() REPRESENTATION_CONTEXT('2D SPACE',''
  ) );
#8773 = ORIENTED_EDGE('',*,*,#2571,.F.);
#8774 = ORIENTED_EDGE('',*,*,#8704,.F.);
#8775 = ADVANCED_FACE('',(#8776),#2554,.F.);
#8776 = FACE_BOUND('',#8777,.F.);
#8777 = EDGE_LOOP('',(#8778,#8801,#8822,#8823));
#8778 = ORIENTED_EDGE('',*,*,#8779,.F.);
#8779 = EDGE_CURVE('',#8780,#8731,#8782,.T.);
#8780 = VERTEX_POINT('',#8781);
#8781 = CARTESIAN_POINT('',(30.0560546875,56.06025390625,7.65));
#8782 = SURFACE_CURVE('',#8783,(#8787,#8794),.PCURVE_S1.);
#8783 = B_SPLINE_CURVE_WITH_KNOTS('',2,(#8784,#8785,#8786),
  .UNSPECIFIED.,.F.,.F.,(3,3),(0.,1.),.PIECEWISE_BEZIER_KNOTS.);
#8784 = CARTESIAN_POINT('',(30.0560546875,56.06025390625,7.65));
#8785 = CARTESIAN_POINT('',(30.2037109375,56.03564453125,7.65));
#8786 = CARTESIAN_POINT('',(30.303515625,55.9666015625,7.65));
#8787 = PCURVE('',#2554,#8788);
#8788 = DEFINITIONAL_REPRESENTATION('',(#8789),#8793);
#8789 = LINE('',#8790,#8791);
#8790 = CARTESIAN_POINT('',(0.,0.));
#8791 = VECTOR('',#8792,1.);
#8792 = DIRECTION('',(1.,0.));
#8793 = ( GEOMETRIC_REPRESENTATION_CONTEXT(2) 
PARAMETRIC_REPRESENTATION_CONTEXT() REPRESENTATION_CONTEXT('2D SPACE',''
  ) );
#8794 = PCURVE('',#8427,#8795);
#8795 = DEFINITIONAL_REPRESENTATION('',(#8796),#8800);
#8796 = B_SPLINE_CURVE_WITH_KNOTS('',2,(#8797,#8798,#8799),
  .UNSPECIFIED.,.F.,.F.,(3,3),(0.,1.),.PIECEWISE_BEZIER_KNOTS.);
#8797 = CARTESIAN_POINT('',(1.276953125,1.98515625));
#8798 = CARTESIAN_POINT('',(1.424609375,1.960546875));
#8799 = CARTESIAN_POINT('',(1.5244140625,1.89150390625));
#8800 = ( GEOMETRIC_REPRESENTATION_CONTEXT(2) 
PARAMETRIC_REPRESENTATION_CONTEXT() REPRESENTATION_CONTEXT('2D SPACE',''
  ) );
#8801 = ORIENTED_EDGE('',*,*,#8802,.T.);
#8802 = EDGE_CURVE('',#8780,#2494,#8803,.T.);
#8803 = SURFACE_CURVE('',#8804,(#8808,#8815),.PCURVE_S1.);
#8804 = LINE('',#8805,#8806);
#8805 = CARTESIAN_POINT('',(30.0560546875,56.06025390625,7.65));
#8806 = VECTOR('',#8807,1.);
#8807 = DIRECTION('',(0.,0.,1.));
#8808 = PCURVE('',#2554,#8809);
#8809 = DEFINITIONAL_REPRESENTATION('',(#8810),#8814);
#8810 = LINE('',#8811,#8812);
#8811 = CARTESIAN_POINT('',(0.,0.));
#8812 = VECTOR('',#8813,1.);
#8813 = DIRECTION('',(0.,-1.));
#8814 = ( GEOMETRIC_REPRESENTATION_CONTEXT(2) 
PARAMETRIC_REPRESENTATION_CONTEXT() REPRESENTATION_CONTEXT('2D SPACE',''
  ) );
#8815 = PCURVE('',#2515,#8816);
#8816 = DEFINITIONAL_REPRESENTATION('',(#8817),#8821);
#8817 = LINE('',#8818,#8819);
#8818 = CARTESIAN_POINT('',(1.,0.));
#8819 = VECTOR('',#8820,1.);
#8820 = DIRECTION('',(0.,-1.));
#8821 = ( GEOMETRIC_REPRESENTATION_CONTEXT(2) 
PARAMETRIC_REPRESENTATION_CONTEXT() REPRESENTATION_CONTEXT('2D SPACE',''
  ) );
#8822 = ORIENTED_EDGE('',*,*,#2532,.F.);
#8823 = ORIENTED_EDGE('',*,*,#8753,.F.);
#8824 = ADVANCED_FACE('',(#8825),#2515,.F.);
#8825 = FACE_BOUND('',#8826,.F.);
#8826 = EDGE_LOOP('',(#8827,#8850,#8871,#8872));
#8827 = ORIENTED_EDGE('',*,*,#8828,.F.);
#8828 = EDGE_CURVE('',#8829,#8780,#8831,.T.);
#8829 = VERTEX_POINT('',#8830);
#8830 = CARTESIAN_POINT('',(29.751171875,56.07939453125,7.65));
#8831 = SURFACE_CURVE('',#8832,(#8836,#8843),.PCURVE_S1.);
#8832 = B_SPLINE_CURVE_WITH_KNOTS('',2,(#8833,#8834,#8835),
  .UNSPECIFIED.,.F.,.F.,(3,3),(0.,1.),.PIECEWISE_BEZIER_KNOTS.);
#8833 = CARTESIAN_POINT('',(29.751171875,56.07939453125,7.65));
#8834 = CARTESIAN_POINT('',(29.95078125,56.07939453125,7.65));
#8835 = CARTESIAN_POINT('',(30.0560546875,56.06025390625,7.65));
#8836 = PCURVE('',#2515,#8837);
#8837 = DEFINITIONAL_REPRESENTATION('',(#8838),#8842);
#8838 = LINE('',#8839,#8840);
#8839 = CARTESIAN_POINT('',(0.,0.));
#8840 = VECTOR('',#8841,1.);
#8841 = DIRECTION('',(1.,0.));
#8842 = ( GEOMETRIC_REPRESENTATION_CONTEXT(2) 
PARAMETRIC_REPRESENTATION_CONTEXT() REPRESENTATION_CONTEXT('2D SPACE',''
  ) );
#8843 = PCURVE('',#8427,#8844);
#8844 = DEFINITIONAL_REPRESENTATION('',(#8845),#8849);
#8845 = B_SPLINE_CURVE_WITH_KNOTS('',2,(#8846,#8847,#8848),
  .UNSPECIFIED.,.F.,.F.,(3,3),(0.,1.),.PIECEWISE_BEZIER_KNOTS.);
#8846 = CARTESIAN_POINT('',(0.9720703125,2.004296875));
#8847 = CARTESIAN_POINT('',(1.1716796875,2.004296875));
#8848 = CARTESIAN_POINT('',(1.276953125,1.98515625));
#8849 = ( GEOMETRIC_REPRESENTATION_CONTEXT(2) 
PARAMETRIC_REPRESENTATION_CONTEXT() REPRESENTATION_CONTEXT('2D SPACE',''
  ) );
#8850 = ORIENTED_EDGE('',*,*,#8851,.T.);
#8851 = EDGE_CURVE('',#8829,#2468,#8852,.T.);
#8852 = SURFACE_CURVE('',#8853,(#8857,#8864),.PCURVE_S1.);
#8853 = LINE('',#8854,#8855);
#8854 = CARTESIAN_POINT('',(29.751171875,56.07939453125,7.65));
#8855 = VECTOR('',#8856,1.);
#8856 = DIRECTION('',(0.,0.,1.));
#8857 = PCURVE('',#2515,#8858);
#8858 = DEFINITIONAL_REPRESENTATION('',(#8859),#8863);
#8859 = LINE('',#8860,#8861);
#8860 = CARTESIAN_POINT('',(0.,0.));
#8861 = VECTOR('',#8862,1.);
#8862 = DIRECTION('',(0.,-1.));
#8863 = ( GEOMETRIC_REPRESENTATION_CONTEXT(2) 
PARAMETRIC_REPRESENTATION_CONTEXT() REPRESENTATION_CONTEXT('2D SPACE',''
  ) );
#8864 = PCURVE('',#2482,#8865);
#8865 = DEFINITIONAL_REPRESENTATION('',(#8866),#8870);
#8866 = LINE('',#8867,#8868);
#8867 = CARTESIAN_POINT('',(0.7560546875,0.));
#8868 = VECTOR('',#8869,1.);
#8869 = DIRECTION('',(0.,-1.));
#8870 = ( GEOMETRIC_REPRESENTATION_CONTEXT(2) 
PARAMETRIC_REPRESENTATION_CONTEXT() REPRESENTATION_CONTEXT('2D SPACE',''
  ) );
#8871 = ORIENTED_EDGE('',*,*,#2493,.F.);
#8872 = ORIENTED_EDGE('',*,*,#8802,.F.);
#8873 = ADVANCED_FACE('',(#8874),#2482,.F.);
#8874 = FACE_BOUND('',#8875,.F.);
#8875 = EDGE_LOOP('',(#8876,#8899,#8920,#8921));
#8876 = ORIENTED_EDGE('',*,*,#8877,.F.);
#8877 = EDGE_CURVE('',#8878,#8829,#8880,.T.);
#8878 = VERTEX_POINT('',#8879);
#8879 = CARTESIAN_POINT('',(28.9951171875,56.07939453125,7.65));
#8880 = SURFACE_CURVE('',#8881,(#8885,#8892),.PCURVE_S1.);
#8881 = LINE('',#8882,#8883);
#8882 = CARTESIAN_POINT('',(28.9951171875,56.07939453125,7.65));
#8883 = VECTOR('',#8884,1.);
#8884 = DIRECTION('',(1.,0.,0.));
#8885 = PCURVE('',#2482,#8886);
#8886 = DEFINITIONAL_REPRESENTATION('',(#8887),#8891);
#8887 = LINE('',#8888,#8889);
#8888 = CARTESIAN_POINT('',(0.,0.));
#8889 = VECTOR('',#8890,1.);
#8890 = DIRECTION('',(1.,0.));
#8891 = ( GEOMETRIC_REPRESENTATION_CONTEXT(2) 
PARAMETRIC_REPRESENTATION_CONTEXT() REPRESENTATION_CONTEXT('2D SPACE',''
  ) );
#8892 = PCURVE('',#8427,#8893);
#8893 = DEFINITIONAL_REPRESENTATION('',(#8894),#8898);
#8894 = LINE('',#8895,#8896);
#8895 = CARTESIAN_POINT('',(0.216015625,2.004296875));
#8896 = VECTOR('',#8897,1.);
#8897 = DIRECTION('',(1.,0.));
#8898 = ( GEOMETRIC_REPRESENTATION_CONTEXT(2) 
PARAMETRIC_REPRESENTATION_CONTEXT() REPRESENTATION_CONTEXT('2D SPACE',''
  ) );
#8899 = ORIENTED_EDGE('',*,*,#8900,.T.);
#8900 = EDGE_CURVE('',#8878,#2442,#8901,.T.);
#8901 = SURFACE_CURVE('',#8902,(#8906,#8913),.PCURVE_S1.);
#8902 = LINE('',#8903,#8904);
#8903 = CARTESIAN_POINT('',(28.9951171875,56.07939453125,7.65));
#8904 = VECTOR('',#8905,1.);
#8905 = DIRECTION('',(0.,0.,1.));
#8906 = PCURVE('',#2482,#8907);
#8907 = DEFINITIONAL_REPRESENTATION('',(#8908),#8912);
#8908 = LINE('',#8909,#8910);
#8909 = CARTESIAN_POINT('',(0.,0.));
#8910 = VECTOR('',#8911,1.);
#8911 = DIRECTION('',(0.,-1.));
#8912 = ( GEOMETRIC_REPRESENTATION_CONTEXT(2) 
PARAMETRIC_REPRESENTATION_CONTEXT() REPRESENTATION_CONTEXT('2D SPACE',''
  ) );
#8913 = PCURVE('',#2456,#8914);
#8914 = DEFINITIONAL_REPRESENTATION('',(#8915),#8919);
#8915 = LINE('',#8916,#8917);
#8916 = CARTESIAN_POINT('',(2.004296875,0.));
#8917 = VECTOR('',#8918,1.);
#8918 = DIRECTION('',(0.,-1.));
#8919 = ( GEOMETRIC_REPRESENTATION_CONTEXT(2) 
PARAMETRIC_REPRESENTATION_CONTEXT() REPRESENTATION_CONTEXT('2D SPACE',''
  ) );
#8920 = ORIENTED_EDGE('',*,*,#2467,.F.);
#8921 = ORIENTED_EDGE('',*,*,#8851,.F.);
#8922 = ADVANCED_FACE('',(#8923),#2456,.F.);
#8923 = FACE_BOUND('',#8924,.F.);
#8924 = EDGE_LOOP('',(#8925,#8946,#8947,#8948));
#8925 = ORIENTED_EDGE('',*,*,#8926,.F.);
#8926 = EDGE_CURVE('',#8412,#8878,#8927,.T.);
#8927 = SURFACE_CURVE('',#8928,(#8932,#8939),.PCURVE_S1.);
#8928 = LINE('',#8929,#8930);
#8929 = CARTESIAN_POINT('',(28.9951171875,54.07509765625,7.65));
#8930 = VECTOR('',#8931,1.);
#8931 = DIRECTION('',(0.,1.,0.));
#8932 = PCURVE('',#2456,#8933);
#8933 = DEFINITIONAL_REPRESENTATION('',(#8934),#8938);
#8934 = LINE('',#8935,#8936);
#8935 = CARTESIAN_POINT('',(0.,0.));
#8936 = VECTOR('',#8937,1.);
#8937 = DIRECTION('',(1.,0.));
#8938 = ( GEOMETRIC_REPRESENTATION_CONTEXT(2) 
PARAMETRIC_REPRESENTATION_CONTEXT() REPRESENTATION_CONTEXT('2D SPACE',''
  ) );
#8939 = PCURVE('',#8427,#8940);
#8940 = DEFINITIONAL_REPRESENTATION('',(#8941),#8945);
#8941 = LINE('',#8942,#8943);
#8942 = CARTESIAN_POINT('',(0.216015625,0.));
#8943 = VECTOR('',#8944,1.);
#8944 = DIRECTION('',(0.,1.));
#8945 = ( GEOMETRIC_REPRESENTATION_CONTEXT(2) 
PARAMETRIC_REPRESENTATION_CONTEXT() REPRESENTATION_CONTEXT('2D SPACE',''
  ) );
#8946 = ORIENTED_EDGE('',*,*,#8461,.T.);
#8947 = ORIENTED_EDGE('',*,*,#2441,.F.);
#8948 = ORIENTED_EDGE('',*,*,#8900,.F.);
#8949 = ADVANCED_FACE('',(#8950),#2833,.T.);
#8950 = FACE_BOUND('',#8951,.T.);
#8951 = EDGE_LOOP('',(#8952,#8975,#9003,#9024));
#8952 = ORIENTED_EDGE('',*,*,#8953,.F.);
#8953 = EDGE_CURVE('',#8954,#2816,#8956,.T.);
#8954 = VERTEX_POINT('',#8955);
#8955 = CARTESIAN_POINT('',(9.,29.6,7.2));
#8956 = SURFACE_CURVE('',#8957,(#8961,#8968),.PCURVE_S1.);
#8957 = LINE('',#8958,#8959);
#8958 = CARTESIAN_POINT('',(9.,29.6,7.2));
#8959 = VECTOR('',#8960,1.);
#8960 = DIRECTION('',(0.,0.,1.));
#8961 = PCURVE('',#2833,#8962);
#8962 = DEFINITIONAL_REPRESENTATION('',(#8963),#8967);
#8963 = LINE('',#8964,#8965);
#8964 = CARTESIAN_POINT('',(0.,0.));
#8965 = VECTOR('',#8966,1.);
#8966 = DIRECTION('',(1.,0.));
#8967 = ( GEOMETRIC_REPRESENTATION_CONTEXT(2) 
PARAMETRIC_REPRESENTATION_CONTEXT() REPRESENTATION_CONTEXT('2D SPACE',''
  ) );
#8968 = PCURVE('',#3139,#8969);
#8969 = DEFINITIONAL_REPRESENTATION('',(#8970),#8974);
#8970 = LINE('',#8971,#8972);
#8971 = CARTESIAN_POINT('',(0.,0.));
#8972 = VECTOR('',#8973,1.);
#8973 = DIRECTION('',(1.,0.));
#8974 = ( GEOMETRIC_REPRESENTATION_CONTEXT(2) 
PARAMETRIC_REPRESENTATION_CONTEXT() REPRESENTATION_CONTEXT('2D SPACE',''
  ) );
#8975 = ORIENTED_EDGE('',*,*,#8976,.T.);
#8976 = EDGE_CURVE('',#8954,#8977,#8979,.T.);
#8977 = VERTEX_POINT('',#8978);
#8978 = CARTESIAN_POINT('',(9.,30.4,7.2));
#8979 = SURFACE_CURVE('',#8980,(#8984,#8991),.PCURVE_S1.);
#8980 = LINE('',#8981,#8982);
#8981 = CARTESIAN_POINT('',(9.,29.6,7.2));
#8982 = VECTOR('',#8983,1.);
#8983 = DIRECTION('',(0.,1.,0.));
#8984 = PCURVE('',#2833,#8985);
#8985 = DEFINITIONAL_REPRESENTATION('',(#8986),#8990);
#8986 = LINE('',#8987,#8988);
#8987 = CARTESIAN_POINT('',(0.,0.));
#8988 = VECTOR('',#8989,1.);
#8989 = DIRECTION('',(0.,-1.));
#8990 = ( GEOMETRIC_REPRESENTATION_CONTEXT(2) 
PARAMETRIC_REPRESENTATION_CONTEXT() REPRESENTATION_CONTEXT('2D SPACE',''
  ) );
#8991 = PCURVE('',#8992,#8997);
#8992 = PLANE('',#8993);
#8993 = AXIS2_PLACEMENT_3D('',#8994,#8995,#8996);
#8994 = CARTESIAN_POINT('',(9.,29.6,7.2));
#8995 = DIRECTION('',(0.,0.,1.));
#8996 = DIRECTION('',(1.,0.,0.));
#8997 = DEFINITIONAL_REPRESENTATION('',(#8998),#9002);
#8998 = LINE('',#8999,#9000);
#8999 = CARTESIAN_POINT('',(0.,0.));
#9000 = VECTOR('',#9001,1.);
#9001 = DIRECTION('',(0.,1.));
#9002 = ( GEOMETRIC_REPRESENTATION_CONTEXT(2) 
PARAMETRIC_REPRESENTATION_CONTEXT() REPRESENTATION_CONTEXT('2D SPACE',''
  ) );
#9003 = ORIENTED_EDGE('',*,*,#9004,.T.);
#9004 = EDGE_CURVE('',#8977,#2818,#9005,.T.);
#9005 = SURFACE_CURVE('',#9006,(#9010,#9017),.PCURVE_S1.);
#9006 = LINE('',#9007,#9008);
#9007 = CARTESIAN_POINT('',(9.,30.4,7.2));
#9008 = VECTOR('',#9009,1.);
#9009 = DIRECTION('',(0.,0.,1.));
#9010 = PCURVE('',#2833,#9011);
#9011 = DEFINITIONAL_REPRESENTATION('',(#9012),#9016);
#9012 = LINE('',#9013,#9014);
#9013 = CARTESIAN_POINT('',(0.,-0.8));
#9014 = VECTOR('',#9015,1.);
#9015 = DIRECTION('',(1.,0.));
#9016 = ( GEOMETRIC_REPRESENTATION_CONTEXT(2) 
PARAMETRIC_REPRESENTATION_CONTEXT() REPRESENTATION_CONTEXT('2D SPACE',''
  ) );
#9017 = PCURVE('',#2861,#9018);
#9018 = DEFINITIONAL_REPRESENTATION('',(#9019),#9023);
#9019 = LINE('',#9020,#9021);
#9020 = CARTESIAN_POINT('',(0.,0.));
#9021 = VECTOR('',#9022,1.);
#9022 = DIRECTION('',(1.,0.));
#9023 = ( GEOMETRIC_REPRESENTATION_CONTEXT(2) 
PARAMETRIC_REPRESENTATION_CONTEXT() REPRESENTATION_CONTEXT('2D SPACE',''
  ) );
#9024 = ORIENTED_EDGE('',*,*,#2815,.F.);
#9025 = ADVANCED_FACE('',(#9026),#2861,.F.);
#9026 = FACE_BOUND('',#9027,.F.);
#9027 = EDGE_LOOP('',(#9028,#9051,#9052,#9053,#9074));
#9028 = ORIENTED_EDGE('',*,*,#9029,.F.);
#9029 = EDGE_CURVE('',#8977,#9030,#9032,.T.);
#9030 = VERTEX_POINT('',#9031);
#9031 = CARTESIAN_POINT('',(29.299492247644,30.4,7.2));
#9032 = SURFACE_CURVE('',#9033,(#9037,#9044),.PCURVE_S1.);
#9033 = LINE('',#9034,#9035);
#9034 = CARTESIAN_POINT('',(9.,30.4,7.2));
#9035 = VECTOR('',#9036,1.);
#9036 = DIRECTION('',(1.,0.,0.));
#9037 = PCURVE('',#2861,#9038);
#9038 = DEFINITIONAL_REPRESENTATION('',(#9039),#9043);
#9039 = LINE('',#9040,#9041);
#9040 = CARTESIAN_POINT('',(0.,0.));
#9041 = VECTOR('',#9042,1.);
#9042 = DIRECTION('',(0.,1.));
#9043 = ( GEOMETRIC_REPRESENTATION_CONTEXT(2) 
PARAMETRIC_REPRESENTATION_CONTEXT() REPRESENTATION_CONTEXT('2D SPACE',''
  ) );
#9044 = PCURVE('',#8992,#9045);
#9045 = DEFINITIONAL_REPRESENTATION('',(#9046),#9050);
#9046 = LINE('',#9047,#9048);
#9047 = CARTESIAN_POINT('',(0.,0.8));
#9048 = VECTOR('',#9049,1.);
#9049 = DIRECTION('',(1.,0.));
#9050 = ( GEOMETRIC_REPRESENTATION_CONTEXT(2) 
PARAMETRIC_REPRESENTATION_CONTEXT() REPRESENTATION_CONTEXT('2D SPACE',''
  ) );
#9051 = ORIENTED_EDGE('',*,*,#9004,.T.);
#9052 = ORIENTED_EDGE('',*,*,#2845,.T.);
#9053 = ORIENTED_EDGE('',*,*,#9054,.T.);
#9054 = EDGE_CURVE('',#2846,#9055,#9057,.T.);
#9055 = VERTEX_POINT('',#9056);
#9056 = CARTESIAN_POINT('',(29.6,30.4,7.580496697449));
#9057 = SURFACE_CURVE('',#9058,(#9062,#9068),.PCURVE_S1.);
#9058 = LINE('',#9059,#9060);
#9059 = CARTESIAN_POINT('',(29.6,30.4,7.2));
#9060 = VECTOR('',#9061,1.);
#9061 = DIRECTION('',(0.,0.,-1.));
#9062 = PCURVE('',#2861,#9063);
#9063 = DEFINITIONAL_REPRESENTATION('',(#9064),#9067);
#9064 = B_SPLINE_CURVE_WITH_KNOTS('',1,(#9065,#9066),.UNSPECIFIED.,.F.,
  .F.,(2,2),(-0.8,0.),.PIECEWISE_BEZIER_KNOTS.);
#9065 = CARTESIAN_POINT('',(0.8,20.6));
#9066 = CARTESIAN_POINT('',(0.,20.6));
#9067 = ( GEOMETRIC_REPRESENTATION_CONTEXT(2) 
PARAMETRIC_REPRESENTATION_CONTEXT() REPRESENTATION_CONTEXT('2D SPACE',''
  ) );
#9068 = PCURVE('',#2889,#9069);
#9069 = DEFINITIONAL_REPRESENTATION('',(#9070),#9073);
#9070 = B_SPLINE_CURVE_WITH_KNOTS('',1,(#9071,#9072),.UNSPECIFIED.,.F.,
  .F.,(2,2),(-0.8,0.),.PIECEWISE_BEZIER_KNOTS.);
#9071 = CARTESIAN_POINT('',(0.8,-21.4));
#9072 = CARTESIAN_POINT('',(0.,-21.4));
#9073 = ( GEOMETRIC_REPRESENTATION_CONTEXT(2) 
PARAMETRIC_REPRESENTATION_CONTEXT() REPRESENTATION_CONTEXT('2D SPACE',''
  ) );
#9074 = ORIENTED_EDGE('',*,*,#9075,.T.);
#9075 = EDGE_CURVE('',#9055,#9030,#9076,.T.);
#9076 = SURFACE_CURVE('',#9077,(#9082,#9089),.PCURVE_S1.);
#9077 = HYPERBOLA('',#9078,0.631578947368,0.4);
#9078 = AXIS2_PLACEMENT_3D('',#9079,#9080,#9081);
#9079 = CARTESIAN_POINT('',(30.,30.4,8.473684210526));
#9080 = DIRECTION('',(0.,1.,0.));
#9081 = DIRECTION('',(0.,0.,-1.));
#9082 = PCURVE('',#2861,#9083);
#9083 = DEFINITIONAL_REPRESENTATION('',(#9084),#9088);
#9084 = ( BOUNDED_CURVE() B_SPLINE_CURVE(2,(#9085,#9086,#9087),
.UNSPECIFIED.,.F.,.F.) B_SPLINE_CURVE_WITH_KNOTS((3,3),(-1.396018402935,
1.396018402935),.PIECEWISE_BEZIER_KNOTS.) CURVE() 
GEOMETRIC_REPRESENTATION_ITEM() RATIONAL_B_SPLINE_CURVE((1.,
2.143333333334,1.)) REPRESENTATION_ITEM('') );
#9085 = CARTESIAN_POINT('',(-8.000000000034E-02,21.758301024953));
#9086 = CARTESIAN_POINT('',(0.979012850945,21.));
#9087 = CARTESIAN_POINT('',(-8.000000000034E-02,20.241698975047));
#9088 = ( GEOMETRIC_REPRESENTATION_CONTEXT(2) 
PARAMETRIC_REPRESENTATION_CONTEXT() REPRESENTATION_CONTEXT('2D SPACE',''
  ) );
#9089 = PCURVE('',#9090,#9095);
#9090 = CONICAL_SURFACE('',#9091,2.2,0.564569393668);
#9091 = AXIS2_PLACEMENT_3D('',#9092,#9093,#9094);
#9092 = CARTESIAN_POINT('',(30.,30.,5.));
#9093 = DIRECTION('',(-0.,-0.,-1.));
#9094 = DIRECTION('',(1.,0.,-0.));
#9095 = DEFINITIONAL_REPRESENTATION('',(#9096),#9120);
#9096 = B_SPLINE_CURVE_WITH_KNOTS('',8,(#9097,#9098,#9099,#9100,#9101,
    #9102,#9103,#9104,#9105,#9106,#9107,#9108,#9109,#9110,#9111,#9112,
    #9113,#9114,#9115,#9116,#9117,#9118,#9119),.UNSPECIFIED.,.F.,.F.,(9,
    7,7,9),(-1.396018402935,-0.698009201468,0.349004600734,
    1.396018402935),.UNSPECIFIED.);
#9097 = CARTESIAN_POINT('',(-0.48540089756,-2.12));
#9098 = CARTESIAN_POINT('',(-0.526109054721,-2.224467320967));
#9099 = CARTESIAN_POINT('',(-0.57040797148,-2.317157223154));
#9100 = CARTESIAN_POINT('',(-0.618562440924,-2.399281365923));
#9101 = CARTESIAN_POINT('',(-0.670823887615,-2.471860713381));
#9102 = CARTESIAN_POINT('',(-0.727397880868,-2.535753860226));
#9103 = CARTESIAN_POINT('',(-0.788402022869,-2.591679528215));
#9104 = CARTESIAN_POINT('',(-0.853814211658,-2.640233233303));
#9105 = CARTESIAN_POINT('',(-1.027806879899,-2.744395458562));
#9106 = CARTESIAN_POINT('',(-1.141620507375,-2.79139304539));
#9107 = CARTESIAN_POINT('',(-1.26410402615,-2.824522118603));
#9108 = CARTESIAN_POINT('',(-1.393563688047,-2.844847544546));
#9109 = CARTESIAN_POINT('',(-1.52699077548,-2.852957178687));
#9110 = CARTESIAN_POINT('',(-1.660153227445,-2.848999700717));
#9111 = CARTESIAN_POINT('',(-1.789632796617,-2.832686343635));
#9112 = CARTESIAN_POINT('',(-2.036215772371,-2.773811173711));
#9113 = CARTESIAN_POINT('',(-2.153320092057,-2.73124936002));
#9114 = CARTESIAN_POINT('',(-2.261746751076,-2.674794978931));
#9115 = CARTESIAN_POINT('',(-2.359964140138,-2.603200069711));
#9116 = CARTESIAN_POINT('',(-2.447869853482,-2.514695120696));
#9117 = CARTESIAN_POINT('',(-2.525989110302,-2.406902679375));
#9118 = CARTESIAN_POINT('',(-2.595129520288,-2.27670098145));
#9119 = CARTESIAN_POINT('',(-2.65619175603,-2.12));
#9120 = ( GEOMETRIC_REPRESENTATION_CONTEXT(2) 
PARAMETRIC_REPRESENTATION_CONTEXT() REPRESENTATION_CONTEXT('2D SPACE',''
  ) );
#9121 = ADVANCED_FACE('',(#9122),#3139,.T.);
#9122 = FACE_BOUND('',#9123,.T.);
#9123 = EDGE_LOOP('',(#9124,#9147,#9148,#9149,#9170));
#9124 = ORIENTED_EDGE('',*,*,#9125,.F.);
#9125 = EDGE_CURVE('',#8954,#9126,#9128,.T.);
#9126 = VERTEX_POINT('',#9127);
#9127 = CARTESIAN_POINT('',(29.299492247644,29.6,7.2));
#9128 = SURFACE_CURVE('',#9129,(#9133,#9140),.PCURVE_S1.);
#9129 = LINE('',#9130,#9131);
#9130 = CARTESIAN_POINT('',(9.,29.6,7.2));
#9131 = VECTOR('',#9132,1.);
#9132 = DIRECTION('',(1.,0.,0.));
#9133 = PCURVE('',#3139,#9134);
#9134 = DEFINITIONAL_REPRESENTATION('',(#9135),#9139);
#9135 = LINE('',#9136,#9137);
#9136 = CARTESIAN_POINT('',(0.,0.));
#9137 = VECTOR('',#9138,1.);
#9138 = DIRECTION('',(0.,1.));
#9139 = ( GEOMETRIC_REPRESENTATION_CONTEXT(2) 
PARAMETRIC_REPRESENTATION_CONTEXT() REPRESENTATION_CONTEXT('2D SPACE',''
  ) );
#9140 = PCURVE('',#8992,#9141);
#9141 = DEFINITIONAL_REPRESENTATION('',(#9142),#9146);
#9142 = LINE('',#9143,#9144);
#9143 = CARTESIAN_POINT('',(0.,0.));
#9144 = VECTOR('',#9145,1.);
#9145 = DIRECTION('',(1.,0.));
#9146 = ( GEOMETRIC_REPRESENTATION_CONTEXT(2) 
PARAMETRIC_REPRESENTATION_CONTEXT() REPRESENTATION_CONTEXT('2D SPACE',''
  ) );
#9147 = ORIENTED_EDGE('',*,*,#8953,.T.);
#9148 = ORIENTED_EDGE('',*,*,#3125,.T.);
#9149 = ORIENTED_EDGE('',*,*,#9150,.T.);
#9150 = EDGE_CURVE('',#3098,#9151,#9153,.T.);
#9151 = VERTEX_POINT('',#9152);
#9152 = CARTESIAN_POINT('',(29.6,29.6,7.580496697449));
#9153 = SURFACE_CURVE('',#9154,(#9158,#9164),.PCURVE_S1.);
#9154 = LINE('',#9155,#9156);
#9155 = CARTESIAN_POINT('',(29.6,29.6,7.2));
#9156 = VECTOR('',#9157,1.);
#9157 = DIRECTION('',(0.,0.,-1.));
#9158 = PCURVE('',#3139,#9159);
#9159 = DEFINITIONAL_REPRESENTATION('',(#9160),#9163);
#9160 = B_SPLINE_CURVE_WITH_KNOTS('',1,(#9161,#9162),.UNSPECIFIED.,.F.,
  .F.,(2,2),(-0.8,0.),.PIECEWISE_BEZIER_KNOTS.);
#9161 = CARTESIAN_POINT('',(0.8,20.6));
#9162 = CARTESIAN_POINT('',(0.,20.6));
#9163 = ( GEOMETRIC_REPRESENTATION_CONTEXT(2) 
PARAMETRIC_REPRESENTATION_CONTEXT() REPRESENTATION_CONTEXT('2D SPACE',''
  ) );
#9164 = PCURVE('',#3113,#9165);
#9165 = DEFINITIONAL_REPRESENTATION('',(#9166),#9169);
#9166 = B_SPLINE_CURVE_WITH_KNOTS('',1,(#9167,#9168),.UNSPECIFIED.,.F.,
  .F.,(2,2),(-0.8,0.),.PIECEWISE_BEZIER_KNOTS.);
#9167 = CARTESIAN_POINT('',(0.8,-20.6));
#9168 = CARTESIAN_POINT('',(0.,-20.6));
#9169 = ( GEOMETRIC_REPRESENTATION_CONTEXT(2) 
PARAMETRIC_REPRESENTATION_CONTEXT() REPRESENTATION_CONTEXT('2D SPACE',''
  ) );
#9170 = ORIENTED_EDGE('',*,*,#9171,.T.);
#9171 = EDGE_CURVE('',#9151,#9126,#9172,.T.);
#9172 = SURFACE_CURVE('',#9173,(#9178,#9185),.PCURVE_S1.);
#9173 = HYPERBOLA('',#9174,0.631578947368,0.4);
#9174 = AXIS2_PLACEMENT_3D('',#9175,#9176,#9177);
#9175 = CARTESIAN_POINT('',(30.,29.6,8.473684210526));
#9176 = DIRECTION('',(0.,1.,0.));
#9177 = DIRECTION('',(0.,0.,-1.));
#9178 = PCURVE('',#3139,#9179);
#9179 = DEFINITIONAL_REPRESENTATION('',(#9180),#9184);
#9180 = ( BOUNDED_CURVE() B_SPLINE_CURVE(2,(#9181,#9182,#9183),
.UNSPECIFIED.,.F.,.F.) B_SPLINE_CURVE_WITH_KNOTS((3,3),(-1.396018402935,
1.396018402935),.PIECEWISE_BEZIER_KNOTS.) CURVE() 
GEOMETRIC_REPRESENTATION_ITEM() RATIONAL_B_SPLINE_CURVE((1.,
2.143333333334,1.)) REPRESENTATION_ITEM('') );
#9181 = CARTESIAN_POINT('',(-8.000000000034E-02,21.758301024953));
#9182 = CARTESIAN_POINT('',(0.979012850945,21.));
#9183 = CARTESIAN_POINT('',(-8.000000000034E-02,20.241698975047));
#9184 = ( GEOMETRIC_REPRESENTATION_CONTEXT(2) 
PARAMETRIC_REPRESENTATION_CONTEXT() REPRESENTATION_CONTEXT('2D SPACE',''
  ) );
#9185 = PCURVE('',#9090,#9186);
#9186 = DEFINITIONAL_REPRESENTATION('',(#9187),#9211);
#9187 = B_SPLINE_CURVE_WITH_KNOTS('',8,(#9188,#9189,#9190,#9191,#9192,
    #9193,#9194,#9195,#9196,#9197,#9198,#9199,#9200,#9201,#9202,#9203,
    #9204,#9205,#9206,#9207,#9208,#9209,#9210),.UNSPECIFIED.,.F.,.F.,(9,
    7,7,9),(-1.396018402935,-0.698009201468,0.349004600734,
    1.396018402935),.UNSPECIFIED.);
#9188 = CARTESIAN_POINT('',(-5.79778440962,-2.12));
#9189 = CARTESIAN_POINT('',(-5.757076252458,-2.224467320967));
#9190 = CARTESIAN_POINT('',(-5.7127773357,-2.317157223154));
#9191 = CARTESIAN_POINT('',(-5.664622866256,-2.399281365923));
#9192 = CARTESIAN_POINT('',(-5.612361419564,-2.471860713381));
#9193 = CARTESIAN_POINT('',(-5.555787426312,-2.535753860226));
#9194 = CARTESIAN_POINT('',(-5.494783284311,-2.591679528215));
#9195 = CARTESIAN_POINT('',(-5.429371095522,-2.640233233303));
#9196 = CARTESIAN_POINT('',(-5.255378427281,-2.744395458562));
#9197 = CARTESIAN_POINT('',(-5.141564799801,-2.79139304539));
#9198 = CARTESIAN_POINT('',(-5.019081281027,-2.824522118603));
#9199 = CARTESIAN_POINT('',(-4.88962161911,-2.844847544546));
#9200 = CARTESIAN_POINT('',(-4.756194531696,-2.852957178687));
#9201 = CARTESIAN_POINT('',(-4.623032079729,-2.848999700717));
#9202 = CARTESIAN_POINT('',(-4.493552510563,-2.832686343635));
#9203 = CARTESIAN_POINT('',(-4.246969534809,-2.773811173711));
#9204 = CARTESIAN_POINT('',(-4.129865215116,-2.73124936002));
#9205 = CARTESIAN_POINT('',(-4.021438556121,-2.674794978931));
#9206 = CARTESIAN_POINT('',(-3.923221167013,-2.603200069711));
#9207 = CARTESIAN_POINT('',(-3.835315453716,-2.514695120696));
#9208 = CARTESIAN_POINT('',(-3.757196196871,-2.406902679375));
#9209 = CARTESIAN_POINT('',(-3.688055786892,-2.27670098145));
#9210 = CARTESIAN_POINT('',(-3.626993551149,-2.12));
#9211 = ( GEOMETRIC_REPRESENTATION_CONTEXT(2) 
PARAMETRIC_REPRESENTATION_CONTEXT() REPRESENTATION_CONTEXT('2D SPACE',''
  ) );
#9212 = ADVANCED_FACE('',(#9213),#2889,.T.);
#9213 = FACE_BOUND('',#9214,.T.);
#9214 = EDGE_LOOP('',(#9215,#9216,#9217,#9261,#9289));
#9215 = ORIENTED_EDGE('',*,*,#2873,.F.);
#9216 = ORIENTED_EDGE('',*,*,#9054,.T.);
#9217 = ORIENTED_EDGE('',*,*,#9218,.T.);
#9218 = EDGE_CURVE('',#9055,#9219,#9221,.T.);
#9219 = VERTEX_POINT('',#9220);
#9220 = CARTESIAN_POINT('',(29.6,30.700507752356,7.2));
#9221 = SURFACE_CURVE('',#9222,(#9227,#9234),.PCURVE_S1.);
#9222 = HYPERBOLA('',#9223,0.631578947368,0.4);
#9223 = AXIS2_PLACEMENT_3D('',#9224,#9225,#9226);
#9224 = CARTESIAN_POINT('',(29.6,30.,8.473684210526));
#9225 = DIRECTION('',(1.,0.,0.));
#9226 = DIRECTION('',(0.,0.,-1.));
#9227 = PCURVE('',#2889,#9228);
#9228 = DEFINITIONAL_REPRESENTATION('',(#9229),#9233);
#9229 = ( BOUNDED_CURVE() B_SPLINE_CURVE(2,(#9230,#9231,#9232),
.UNSPECIFIED.,.F.,.F.) B_SPLINE_CURVE_WITH_KNOTS((3,3),(-1.396018402935,
1.396018402935),.PIECEWISE_BEZIER_KNOTS.) CURVE() 
GEOMETRIC_REPRESENTATION_ITEM() RATIONAL_B_SPLINE_CURVE((1.,
2.143333333334,1.)) REPRESENTATION_ITEM('') );
#9230 = CARTESIAN_POINT('',(-8.000000000034E-02,-20.24169897504));
#9231 = CARTESIAN_POINT('',(0.979012850945,-21.));
#9232 = CARTESIAN_POINT('',(-8.000000000034E-02,-21.75830102495));
#9233 = ( GEOMETRIC_REPRESENTATION_CONTEXT(2) 
PARAMETRIC_REPRESENTATION_CONTEXT() REPRESENTATION_CONTEXT('2D SPACE',''
  ) );
#9234 = PCURVE('',#9090,#9235);
#9235 = DEFINITIONAL_REPRESENTATION('',(#9236),#9260);
#9236 = B_SPLINE_CURVE_WITH_KNOTS('',8,(#9237,#9238,#9239,#9240,#9241,
    #9242,#9243,#9244,#9245,#9246,#9247,#9248,#9249,#9250,#9251,#9252,
    #9253,#9254,#9255,#9256,#9257,#9258,#9259),.UNSPECIFIED.,.F.,.F.,(9,
    7,7,9),(-1.396018402935,-0.698009201468,0.349004600734,
    1.396018402935),.UNSPECIFIED.);
#9237 = CARTESIAN_POINT('',(-4.226988082825,-2.12));
#9238 = CARTESIAN_POINT('',(-4.186279925663,-2.224467320967));
#9239 = CARTESIAN_POINT('',(-4.141981008905,-2.317157223154));
#9240 = CARTESIAN_POINT('',(-4.093826539461,-2.399281365923));
#9241 = CARTESIAN_POINT('',(-4.041565092769,-2.471860713381));
#9242 = CARTESIAN_POINT('',(-3.984991099517,-2.535753860226));
#9243 = CARTESIAN_POINT('',(-3.923986957516,-2.591679528215));
#9244 = CARTESIAN_POINT('',(-3.858574768727,-2.640233233303));
#9245 = CARTESIAN_POINT('',(-3.684582100486,-2.744395458562));
#9246 = CARTESIAN_POINT('',(-3.570768473008,-2.79139304539));
#9247 = CARTESIAN_POINT('',(-3.448284954224,-2.824522118603));
#9248 = CARTESIAN_POINT('',(-3.31882529233,-2.844847544546));
#9249 = CARTESIAN_POINT('',(-3.1853982049,-2.852957178687));
#9250 = CARTESIAN_POINT('',(-3.052235752939,-2.848999700717));
#9251 = CARTESIAN_POINT('',(-2.922756183768,-2.832686343635));
#9252 = CARTESIAN_POINT('',(-2.676173208014,-2.773811173711));
#9253 = CARTESIAN_POINT('',(-2.559068888324,-2.73124936002));
#9254 = CARTESIAN_POINT('',(-2.450642229318,-2.674794978931));
#9255 = CARTESIAN_POINT('',(-2.352424840235,-2.603200069711));
#9256 = CARTESIAN_POINT('',(-2.26451912691,-2.514695120696));
#9257 = CARTESIAN_POINT('',(-2.186399870081,-2.406902679375));
#9258 = CARTESIAN_POINT('',(-2.117259460097,-2.27670098145));
#9259 = CARTESIAN_POINT('',(-2.056197224354,-2.12));
#9260 = ( GEOMETRIC_REPRESENTATION_CONTEXT(2) 
PARAMETRIC_REPRESENTATION_CONTEXT() REPRESENTATION_CONTEXT('2D SPACE',''
  ) );
#9261 = ORIENTED_EDGE('',*,*,#9262,.T.);
#9262 = EDGE_CURVE('',#9219,#9263,#9265,.T.);
#9263 = VERTEX_POINT('',#9264);
#9264 = CARTESIAN_POINT('',(29.6,51.,7.2));
#9265 = SURFACE_CURVE('',#9266,(#9270,#9277),.PCURVE_S1.);
#9266 = LINE('',#9267,#9268);
#9267 = CARTESIAN_POINT('',(29.6,9.,7.2));
#9268 = VECTOR('',#9269,1.);
#9269 = DIRECTION('',(0.,1.,0.));
#9270 = PCURVE('',#2889,#9271);
#9271 = DEFINITIONAL_REPRESENTATION('',(#9272),#9276);
#9272 = LINE('',#9273,#9274);
#9273 = CARTESIAN_POINT('',(0.,0.));
#9274 = VECTOR('',#9275,1.);
#9275 = DIRECTION('',(0.,-1.));
#9276 = ( GEOMETRIC_REPRESENTATION_CONTEXT(2) 
PARAMETRIC_REPRESENTATION_CONTEXT() REPRESENTATION_CONTEXT('2D SPACE',''
  ) );
#9277 = PCURVE('',#9278,#9283);
#9278 = PLANE('',#9279);
#9279 = AXIS2_PLACEMENT_3D('',#9280,#9281,#9282);
#9280 = CARTESIAN_POINT('',(9.,29.6,7.2));
#9281 = DIRECTION('',(0.,0.,1.));
#9282 = DIRECTION('',(1.,0.,0.));
#9283 = DEFINITIONAL_REPRESENTATION('',(#9284),#9288);
#9284 = LINE('',#9285,#9286);
#9285 = CARTESIAN_POINT('',(20.6,-20.6));
#9286 = VECTOR('',#9287,1.);
#9287 = DIRECTION('',(0.,1.));
#9288 = ( GEOMETRIC_REPRESENTATION_CONTEXT(2) 
PARAMETRIC_REPRESENTATION_CONTEXT() REPRESENTATION_CONTEXT('2D SPACE',''
  ) );
#9289 = ORIENTED_EDGE('',*,*,#9290,.T.);
#9290 = EDGE_CURVE('',#9263,#2874,#9291,.T.);
#9291 = SURFACE_CURVE('',#9292,(#9296,#9303),.PCURVE_S1.);
#9292 = LINE('',#9293,#9294);
#9293 = CARTESIAN_POINT('',(29.6,51.,7.2));
#9294 = VECTOR('',#9295,1.);
#9295 = DIRECTION('',(0.,0.,1.));
#9296 = PCURVE('',#2889,#9297);
#9297 = DEFINITIONAL_REPRESENTATION('',(#9298),#9302);
#9298 = LINE('',#9299,#9300);
#9299 = CARTESIAN_POINT('',(0.,-42.));
#9300 = VECTOR('',#9301,1.);
#9301 = DIRECTION('',(1.,0.));
#9302 = ( GEOMETRIC_REPRESENTATION_CONTEXT(2) 
PARAMETRIC_REPRESENTATION_CONTEXT() REPRESENTATION_CONTEXT('2D SPACE',''
  ) );
#9303 = PCURVE('',#2917,#9304);
#9304 = DEFINITIONAL_REPRESENTATION('',(#9305),#9309);
#9305 = LINE('',#9306,#9307);
#9306 = CARTESIAN_POINT('',(0.,0.));
#9307 = VECTOR('',#9308,1.);
#9308 = DIRECTION('',(1.,0.));
#9309 = ( GEOMETRIC_REPRESENTATION_CONTEXT(2) 
PARAMETRIC_REPRESENTATION_CONTEXT() REPRESENTATION_CONTEXT('2D SPACE',''
  ) );
#9310 = ADVANCED_FACE('',(#9311),#3113,.T.);
#9311 = FACE_BOUND('',#9312,.T.);
#9312 = EDGE_LOOP('',(#9313,#9314,#9337,#9365,#9407));
#9313 = ORIENTED_EDGE('',*,*,#3097,.F.);
#9314 = ORIENTED_EDGE('',*,*,#9315,.F.);
#9315 = EDGE_CURVE('',#9316,#3070,#9318,.T.);
#9316 = VERTEX_POINT('',#9317);
#9317 = CARTESIAN_POINT('',(29.6,9.,7.2));
#9318 = SURFACE_CURVE('',#9319,(#9323,#9330),.PCURVE_S1.);
#9319 = LINE('',#9320,#9321);
#9320 = CARTESIAN_POINT('',(29.6,9.,7.2));
#9321 = VECTOR('',#9322,1.);
#9322 = DIRECTION('',(0.,0.,1.));
#9323 = PCURVE('',#3113,#9324);
#9324 = DEFINITIONAL_REPRESENTATION('',(#9325),#9329);
#9325 = LINE('',#9326,#9327);
#9326 = CARTESIAN_POINT('',(0.,0.));
#9327 = VECTOR('',#9328,1.);
#9328 = DIRECTION('',(1.,0.));
#9329 = ( GEOMETRIC_REPRESENTATION_CONTEXT(2) 
PARAMETRIC_REPRESENTATION_CONTEXT() REPRESENTATION_CONTEXT('2D SPACE',''
  ) );
#9330 = PCURVE('',#3085,#9331);
#9331 = DEFINITIONAL_REPRESENTATION('',(#9332),#9336);
#9332 = LINE('',#9333,#9334);
#9333 = CARTESIAN_POINT('',(0.,0.));
#9334 = VECTOR('',#9335,1.);
#9335 = DIRECTION('',(1.,0.));
#9336 = ( GEOMETRIC_REPRESENTATION_CONTEXT(2) 
PARAMETRIC_REPRESENTATION_CONTEXT() REPRESENTATION_CONTEXT('2D SPACE',''
  ) );
#9337 = ORIENTED_EDGE('',*,*,#9338,.T.);
#9338 = EDGE_CURVE('',#9316,#9339,#9341,.T.);
#9339 = VERTEX_POINT('',#9340);
#9340 = CARTESIAN_POINT('',(29.6,29.299492247644,7.2));
#9341 = SURFACE_CURVE('',#9342,(#9346,#9353),.PCURVE_S1.);
#9342 = LINE('',#9343,#9344);
#9343 = CARTESIAN_POINT('',(29.6,9.,7.2));
#9344 = VECTOR('',#9345,1.);
#9345 = DIRECTION('',(0.,1.,0.));
#9346 = PCURVE('',#3113,#9347);
#9347 = DEFINITIONAL_REPRESENTATION('',(#9348),#9352);
#9348 = LINE('',#9349,#9350);
#9349 = CARTESIAN_POINT('',(0.,0.));
#9350 = VECTOR('',#9351,1.);
#9351 = DIRECTION('',(0.,-1.));
#9352 = ( GEOMETRIC_REPRESENTATION_CONTEXT(2) 
PARAMETRIC_REPRESENTATION_CONTEXT() REPRESENTATION_CONTEXT('2D SPACE',''
  ) );
#9353 = PCURVE('',#9354,#9359);
#9354 = PLANE('',#9355);
#9355 = AXIS2_PLACEMENT_3D('',#9356,#9357,#9358);
#9356 = CARTESIAN_POINT('',(9.,29.6,7.2));
#9357 = DIRECTION('',(0.,0.,1.));
#9358 = DIRECTION('',(1.,0.,0.));
#9359 = DEFINITIONAL_REPRESENTATION('',(#9360),#9364);
#9360 = LINE('',#9361,#9362);
#9361 = CARTESIAN_POINT('',(20.6,-20.6));
#9362 = VECTOR('',#9363,1.);
#9363 = DIRECTION('',(0.,1.));
#9364 = ( GEOMETRIC_REPRESENTATION_CONTEXT(2) 
PARAMETRIC_REPRESENTATION_CONTEXT() REPRESENTATION_CONTEXT('2D SPACE',''
  ) );
#9365 = ORIENTED_EDGE('',*,*,#9366,.T.);
#9366 = EDGE_CURVE('',#9339,#9151,#9367,.T.);
#9367 = SURFACE_CURVE('',#9368,(#9373,#9380),.PCURVE_S1.);
#9368 = HYPERBOLA('',#9369,0.631578947368,0.4);
#9369 = AXIS2_PLACEMENT_3D('',#9370,#9371,#9372);
#9370 = CARTESIAN_POINT('',(29.6,30.,8.473684210526));
#9371 = DIRECTION('',(1.,0.,0.));
#9372 = DIRECTION('',(0.,0.,-1.));
#9373 = PCURVE('',#3113,#9374);
#9374 = DEFINITIONAL_REPRESENTATION('',(#9375),#9379);
#9375 = ( BOUNDED_CURVE() B_SPLINE_CURVE(2,(#9376,#9377,#9378),
.UNSPECIFIED.,.F.,.F.) B_SPLINE_CURVE_WITH_KNOTS((3,3),(-1.396018402935,
1.396018402935),.PIECEWISE_BEZIER_KNOTS.) CURVE() 
GEOMETRIC_REPRESENTATION_ITEM() RATIONAL_B_SPLINE_CURVE((1.,
2.143333333334,1.)) REPRESENTATION_ITEM('') );
#9376 = CARTESIAN_POINT('',(-8.000000000034E-02,-20.24169897504));
#9377 = CARTESIAN_POINT('',(0.979012850945,-21.));
#9378 = CARTESIAN_POINT('',(-8.000000000034E-02,-21.75830102495));
#9379 = ( GEOMETRIC_REPRESENTATION_CONTEXT(2) 
PARAMETRIC_REPRESENTATION_CONTEXT() REPRESENTATION_CONTEXT('2D SPACE',''
  ) );
#9380 = PCURVE('',#9090,#9381);
#9381 = DEFINITIONAL_REPRESENTATION('',(#9382),#9406);
#9382 = B_SPLINE_CURVE_WITH_KNOTS('',8,(#9383,#9384,#9385,#9386,#9387,
    #9388,#9389,#9390,#9391,#9392,#9393,#9394,#9395,#9396,#9397,#9398,
    #9399,#9400,#9401,#9402,#9403,#9404,#9405),.UNSPECIFIED.,.F.,.F.,(9,
    7,7,9),(-1.396018402935,-0.698009201468,0.349004600734,
    1.396018402935),.UNSPECIFIED.);
#9383 = CARTESIAN_POINT('',(-4.226988082825,-2.12));
#9384 = CARTESIAN_POINT('',(-4.186279925663,-2.224467320967));
#9385 = CARTESIAN_POINT('',(-4.141981008905,-2.317157223154));
#9386 = CARTESIAN_POINT('',(-4.093826539461,-2.399281365923));
#9387 = CARTESIAN_POINT('',(-4.041565092769,-2.471860713381));
#9388 = CARTESIAN_POINT('',(-3.984991099517,-2.535753860226));
#9389 = CARTESIAN_POINT('',(-3.923986957516,-2.591679528215));
#9390 = CARTESIAN_POINT('',(-3.858574768727,-2.640233233303));
#9391 = CARTESIAN_POINT('',(-3.684582100486,-2.744395458562));
#9392 = CARTESIAN_POINT('',(-3.570768473008,-2.79139304539));
#9393 = CARTESIAN_POINT('',(-3.448284954224,-2.824522118603));
#9394 = CARTESIAN_POINT('',(-3.31882529233,-2.844847544546));
#9395 = CARTESIAN_POINT('',(-3.1853982049,-2.852957178687));
#9396 = CARTESIAN_POINT('',(-3.052235752939,-2.848999700717));
#9397 = CARTESIAN_POINT('',(-2.922756183768,-2.832686343635));
#9398 = CARTESIAN_POINT('',(-2.676173208014,-2.773811173711));
#9399 = CARTESIAN_POINT('',(-2.559068888324,-2.73124936002));
#9400 = CARTESIAN_POINT('',(-2.450642229318,-2.674794978931));
#9401 = CARTESIAN_POINT('',(-2.352424840235,-2.603200069711));
#9402 = CARTESIAN_POINT('',(-2.26451912691,-2.514695120696));
#9403 = CARTESIAN_POINT('',(-2.186399870081,-2.406902679375));
#9404 = CARTESIAN_POINT('',(-2.117259460097,-2.27670098145));
#9405 = CARTESIAN_POINT('',(-2.056197224354,-2.12));
#9406 = ( GEOMETRIC_REPRESENTATION_CONTEXT(2) 
PARAMETRIC_REPRESENTATION_CONTEXT() REPRESENTATION_CONTEXT('2D SPACE',''
  ) );
#9407 = ORIENTED_EDGE('',*,*,#9150,.F.);
#9408 = ADVANCED_FACE('',(#9409),#2917,.F.);
#9409 = FACE_BOUND('',#9410,.F.);
#9410 = EDGE_LOOP('',(#9411,#9434,#9435,#9436));
#9411 = ORIENTED_EDGE('',*,*,#9412,.F.);
#9412 = EDGE_CURVE('',#9263,#9413,#9415,.T.);
#9413 = VERTEX_POINT('',#9414);
#9414 = CARTESIAN_POINT('',(30.4,51.,7.2));
#9415 = SURFACE_CURVE('',#9416,(#9420,#9427),.PCURVE_S1.);
#9416 = LINE('',#9417,#9418);
#9417 = CARTESIAN_POINT('',(29.6,51.,7.2));
#9418 = VECTOR('',#9419,1.);
#9419 = DIRECTION('',(1.,0.,0.));
#9420 = PCURVE('',#2917,#9421);
#9421 = DEFINITIONAL_REPRESENTATION('',(#9422),#9426);
#9422 = LINE('',#9423,#9424);
#9423 = CARTESIAN_POINT('',(0.,0.));
#9424 = VECTOR('',#9425,1.);
#9425 = DIRECTION('',(0.,1.));
#9426 = ( GEOMETRIC_REPRESENTATION_CONTEXT(2) 
PARAMETRIC_REPRESENTATION_CONTEXT() REPRESENTATION_CONTEXT('2D SPACE',''
  ) );
#9427 = PCURVE('',#9278,#9428);
#9428 = DEFINITIONAL_REPRESENTATION('',(#9429),#9433);
#9429 = LINE('',#9430,#9431);
#9430 = CARTESIAN_POINT('',(20.6,21.4));
#9431 = VECTOR('',#9432,1.);
#9432 = DIRECTION('',(1.,0.));
#9433 = ( GEOMETRIC_REPRESENTATION_CONTEXT(2) 
PARAMETRIC_REPRESENTATION_CONTEXT() REPRESENTATION_CONTEXT('2D SPACE',''
  ) );
#9434 = ORIENTED_EDGE('',*,*,#9290,.T.);
#9435 = ORIENTED_EDGE('',*,*,#2901,.T.);
#9436 = ORIENTED_EDGE('',*,*,#9437,.F.);
#9437 = EDGE_CURVE('',#9413,#2902,#9438,.T.);
#9438 = SURFACE_CURVE('',#9439,(#9443,#9450),.PCURVE_S1.);
#9439 = LINE('',#9440,#9441);
#9440 = CARTESIAN_POINT('',(30.4,51.,7.2));
#9441 = VECTOR('',#9442,1.);
#9442 = DIRECTION('',(0.,0.,1.));
#9443 = PCURVE('',#2917,#9444);
#9444 = DEFINITIONAL_REPRESENTATION('',(#9445),#9449);
#9445 = LINE('',#9446,#9447);
#9446 = CARTESIAN_POINT('',(0.,0.8));
#9447 = VECTOR('',#9448,1.);
#9448 = DIRECTION('',(1.,0.));
#9449 = ( GEOMETRIC_REPRESENTATION_CONTEXT(2) 
PARAMETRIC_REPRESENTATION_CONTEXT() REPRESENTATION_CONTEXT('2D SPACE',''
  ) );
#9450 = PCURVE('',#2945,#9451);
#9451 = DEFINITIONAL_REPRESENTATION('',(#9452),#9456);
#9452 = LINE('',#9453,#9454);
#9453 = CARTESIAN_POINT('',(0.,-42.));
#9454 = VECTOR('',#9455,1.);
#9455 = DIRECTION('',(1.,0.));
#9456 = ( GEOMETRIC_REPRESENTATION_CONTEXT(2) 
PARAMETRIC_REPRESENTATION_CONTEXT() REPRESENTATION_CONTEXT('2D SPACE',''
  ) );
#9457 = ADVANCED_FACE('',(#9458),#3085,.T.);
#9458 = FACE_BOUND('',#9459,.T.);
#9459 = EDGE_LOOP('',(#9460,#9483,#9484,#9485));
#9460 = ORIENTED_EDGE('',*,*,#9461,.F.);
#9461 = EDGE_CURVE('',#9316,#9462,#9464,.T.);
#9462 = VERTEX_POINT('',#9463);
#9463 = CARTESIAN_POINT('',(30.4,9.,7.2));
#9464 = SURFACE_CURVE('',#9465,(#9469,#9476),.PCURVE_S1.);
#9465 = LINE('',#9466,#9467);
#9466 = CARTESIAN_POINT('',(29.6,9.,7.2));
#9467 = VECTOR('',#9468,1.);
#9468 = DIRECTION('',(1.,0.,0.));
#9469 = PCURVE('',#3085,#9470);
#9470 = DEFINITIONAL_REPRESENTATION('',(#9471),#9475);
#9471 = LINE('',#9472,#9473);
#9472 = CARTESIAN_POINT('',(0.,0.));
#9473 = VECTOR('',#9474,1.);
#9474 = DIRECTION('',(0.,1.));
#9475 = ( GEOMETRIC_REPRESENTATION_CONTEXT(2) 
PARAMETRIC_REPRESENTATION_CONTEXT() REPRESENTATION_CONTEXT('2D SPACE',''
  ) );
#9476 = PCURVE('',#9354,#9477);
#9477 = DEFINITIONAL_REPRESENTATION('',(#9478),#9482);
#9478 = LINE('',#9479,#9480);
#9479 = CARTESIAN_POINT('',(20.6,-20.6));
#9480 = VECTOR('',#9481,1.);
#9481 = DIRECTION('',(1.,0.));
#9482 = ( GEOMETRIC_REPRESENTATION_CONTEXT(2) 
PARAMETRIC_REPRESENTATION_CONTEXT() REPRESENTATION_CONTEXT('2D SPACE',''
  ) );
#9483 = ORIENTED_EDGE('',*,*,#9315,.T.);
#9484 = ORIENTED_EDGE('',*,*,#3069,.T.);
#9485 = ORIENTED_EDGE('',*,*,#9486,.F.);
#9486 = EDGE_CURVE('',#9462,#3042,#9487,.T.);
#9487 = SURFACE_CURVE('',#9488,(#9492,#9499),.PCURVE_S1.);
#9488 = LINE('',#9489,#9490);
#9489 = CARTESIAN_POINT('',(30.4,9.,7.2));
#9490 = VECTOR('',#9491,1.);
#9491 = DIRECTION('',(0.,0.,1.));
#9492 = PCURVE('',#3085,#9493);
#9493 = DEFINITIONAL_REPRESENTATION('',(#9494),#9498);
#9494 = LINE('',#9495,#9496);
#9495 = CARTESIAN_POINT('',(0.,0.8));
#9496 = VECTOR('',#9497,1.);
#9497 = DIRECTION('',(1.,0.));
#9498 = ( GEOMETRIC_REPRESENTATION_CONTEXT(2) 
PARAMETRIC_REPRESENTATION_CONTEXT() REPRESENTATION_CONTEXT('2D SPACE',''
  ) );
#9499 = PCURVE('',#3057,#9500);
#9500 = DEFINITIONAL_REPRESENTATION('',(#9501),#9505);
#9501 = LINE('',#9502,#9503);
#9502 = CARTESIAN_POINT('',(0.,0.));
#9503 = VECTOR('',#9504,1.);
#9504 = DIRECTION('',(1.,0.));
#9505 = ( GEOMETRIC_REPRESENTATION_CONTEXT(2) 
PARAMETRIC_REPRESENTATION_CONTEXT() REPRESENTATION_CONTEXT('2D SPACE',''
  ) );
#9506 = ADVANCED_FACE('',(#9507),#2945,.F.);
#9507 = FACE_BOUND('',#9508,.F.);
#9508 = EDGE_LOOP('',(#9509,#9510,#9531,#9564,#9585));
#9509 = ORIENTED_EDGE('',*,*,#2929,.F.);
#9510 = ORIENTED_EDGE('',*,*,#9511,.T.);
#9511 = EDGE_CURVE('',#2930,#9512,#9514,.T.);
#9512 = VERTEX_POINT('',#9513);
#9513 = CARTESIAN_POINT('',(30.4,30.4,7.580496697449));
#9514 = SURFACE_CURVE('',#9515,(#9519,#9525),.PCURVE_S1.);
#9515 = LINE('',#9516,#9517);
#9516 = CARTESIAN_POINT('',(30.4,30.4,7.2));
#9517 = VECTOR('',#9518,1.);
#9518 = DIRECTION('',(0.,0.,-1.));
#9519 = PCURVE('',#2945,#9520);
#9520 = DEFINITIONAL_REPRESENTATION('',(#9521),#9524);
#9521 = B_SPLINE_CURVE_WITH_KNOTS('',1,(#9522,#9523),.UNSPECIFIED.,.F.,
  .F.,(2,2),(-0.8,0.),.PIECEWISE_BEZIER_KNOTS.);
#9522 = CARTESIAN_POINT('',(0.8,-21.4));
#9523 = CARTESIAN_POINT('',(0.,-21.4));
#9524 = ( GEOMETRIC_REPRESENTATION_CONTEXT(2) 
PARAMETRIC_REPRESENTATION_CONTEXT() REPRESENTATION_CONTEXT('2D SPACE',''
  ) );
#9525 = PCURVE('',#2973,#9526);
#9526 = DEFINITIONAL_REPRESENTATION('',(#9527),#9530);
#9527 = B_SPLINE_CURVE_WITH_KNOTS('',1,(#9528,#9529),.UNSPECIFIED.,.F.,
  .F.,(2,2),(-0.8,0.),.PIECEWISE_BEZIER_KNOTS.);
#9528 = CARTESIAN_POINT('',(0.8,21.4));
#9529 = CARTESIAN_POINT('',(0.,21.4));
#9530 = ( GEOMETRIC_REPRESENTATION_CONTEXT(2) 
PARAMETRIC_REPRESENTATION_CONTEXT() REPRESENTATION_CONTEXT('2D SPACE',''
  ) );
#9531 = ORIENTED_EDGE('',*,*,#9532,.T.);
#9532 = EDGE_CURVE('',#9512,#9533,#9535,.T.);
#9533 = VERTEX_POINT('',#9534);
#9534 = CARTESIAN_POINT('',(30.4,30.700507752356,7.2));
#9535 = SURFACE_CURVE('',#9536,(#9541,#9548),.PCURVE_S1.);
#9536 = HYPERBOLA('',#9537,0.631578947368,0.4);
#9537 = AXIS2_PLACEMENT_3D('',#9538,#9539,#9540);
#9538 = CARTESIAN_POINT('',(30.4,30.,8.473684210526));
#9539 = DIRECTION('',(1.,0.,0.));
#9540 = DIRECTION('',(0.,0.,-1.));
#9541 = PCURVE('',#2945,#9542);
#9542 = DEFINITIONAL_REPRESENTATION('',(#9543),#9547);
#9543 = ( BOUNDED_CURVE() B_SPLINE_CURVE(2,(#9544,#9545,#9546),
.UNSPECIFIED.,.F.,.F.) B_SPLINE_CURVE_WITH_KNOTS((3,3),(0.,
1.396018402935),.PIECEWISE_BEZIER_KNOTS.) CURVE() 
GEOMETRIC_REPRESENTATION_ITEM() RATIONAL_B_SPLINE_CURVE((1.,
1.253661304606,1.)) REPRESENTATION_ITEM('') );
#9544 = CARTESIAN_POINT('',(0.642105263158,-21.));
#9545 = CARTESIAN_POINT('',(0.642105263158,-21.24124104717));
#9546 = CARTESIAN_POINT('',(-8.000000000034E-02,-21.75830102495));
#9547 = ( GEOMETRIC_REPRESENTATION_CONTEXT(2) 
PARAMETRIC_REPRESENTATION_CONTEXT() REPRESENTATION_CONTEXT('2D SPACE',''
  ) );
#9548 = PCURVE('',#9090,#9549);
#9549 = DEFINITIONAL_REPRESENTATION('',(#9550),#9563);
#9550 = B_SPLINE_CURVE_WITH_KNOTS('',6,(#9551,#9552,#9553,#9554,#9555,
    #9556,#9557,#9558,#9559,#9560,#9561,#9562),.UNSPECIFIED.,.F.,.F.,(7,
    5,7),(0.,0.698009201468,1.396018402935),.UNSPECIFIED.);
#9551 = CARTESIAN_POINT('',(0.,-2.842105263158));
#9552 = CARTESIAN_POINT('',(-0.116334866911,-2.842105263158));
#9553 = CARTESIAN_POINT('',(-0.232668770166,-2.831848047401));
#9554 = CARTESIAN_POINT('',(-0.346176564027,-2.811333749176));
#9555 = CARTESIAN_POINT('',(-0.453979768636,-2.780145469345));
#9556 = CARTESIAN_POINT('',(-0.554588958112,-2.737451310211));
#9557 = CARTESIAN_POINT('',(-0.740181137569,-2.626344936602));
#9558 = CARTESIAN_POINT('',(-0.825165454084,-2.557932628493));
#9559 = CARTESIAN_POINT('',(-0.901713126199,-2.475308384911));
#9560 = CARTESIAN_POINT('',(-0.970137592223,-2.376595007524));
#9561 = CARTESIAN_POINT('',(-1.031117886353,-2.259289761289));
#9562 = CARTESIAN_POINT('',(-1.085395429235,-2.12));
#9563 = ( GEOMETRIC_REPRESENTATION_CONTEXT(2) 
PARAMETRIC_REPRESENTATION_CONTEXT() REPRESENTATION_CONTEXT('2D SPACE',''
  ) );
#9564 = ORIENTED_EDGE('',*,*,#9565,.T.);
#9565 = EDGE_CURVE('',#9533,#9413,#9566,.T.);
#9566 = SURFACE_CURVE('',#9567,(#9571,#9578),.PCURVE_S1.);
#9567 = LINE('',#9568,#9569);
#9568 = CARTESIAN_POINT('',(30.4,9.,7.2));
#9569 = VECTOR('',#9570,1.);
#9570 = DIRECTION('',(0.,1.,0.));
#9571 = PCURVE('',#2945,#9572);
#9572 = DEFINITIONAL_REPRESENTATION('',(#9573),#9577);
#9573 = LINE('',#9574,#9575);
#9574 = CARTESIAN_POINT('',(0.,0.));
#9575 = VECTOR('',#9576,1.);
#9576 = DIRECTION('',(0.,-1.));
#9577 = ( GEOMETRIC_REPRESENTATION_CONTEXT(2) 
PARAMETRIC_REPRESENTATION_CONTEXT() REPRESENTATION_CONTEXT('2D SPACE',''
  ) );
#9578 = PCURVE('',#9278,#9579);
#9579 = DEFINITIONAL_REPRESENTATION('',(#9580),#9584);
#9580 = LINE('',#9581,#9582);
#9581 = CARTESIAN_POINT('',(21.4,-20.6));
#9582 = VECTOR('',#9583,1.);
#9583 = DIRECTION('',(0.,1.));
#9584 = ( GEOMETRIC_REPRESENTATION_CONTEXT(2) 
PARAMETRIC_REPRESENTATION_CONTEXT() REPRESENTATION_CONTEXT('2D SPACE',''
  ) );
#9585 = ORIENTED_EDGE('',*,*,#9437,.T.);
#9586 = ADVANCED_FACE('',(#9587),#3057,.F.);
#9587 = FACE_BOUND('',#9588,.F.);
#9588 = EDGE_LOOP('',(#9589,#9590,#9591,#9614,#9647));
#9589 = ORIENTED_EDGE('',*,*,#3041,.F.);
#9590 = ORIENTED_EDGE('',*,*,#9486,.F.);
#9591 = ORIENTED_EDGE('',*,*,#9592,.T.);
#9592 = EDGE_CURVE('',#9462,#9593,#9595,.T.);
#9593 = VERTEX_POINT('',#9594);
#9594 = CARTESIAN_POINT('',(30.4,29.299492247644,7.2));
#9595 = SURFACE_CURVE('',#9596,(#9600,#9607),.PCURVE_S1.);
#9596 = LINE('',#9597,#9598);
#9597 = CARTESIAN_POINT('',(30.4,9.,7.2));
#9598 = VECTOR('',#9599,1.);
#9599 = DIRECTION('',(0.,1.,0.));
#9600 = PCURVE('',#3057,#9601);
#9601 = DEFINITIONAL_REPRESENTATION('',(#9602),#9606);
#9602 = LINE('',#9603,#9604);
#9603 = CARTESIAN_POINT('',(0.,0.));
#9604 = VECTOR('',#9605,1.);
#9605 = DIRECTION('',(0.,-1.));
#9606 = ( GEOMETRIC_REPRESENTATION_CONTEXT(2) 
PARAMETRIC_REPRESENTATION_CONTEXT() REPRESENTATION_CONTEXT('2D SPACE',''
  ) );
#9607 = PCURVE('',#9354,#9608);
#9608 = DEFINITIONAL_REPRESENTATION('',(#9609),#9613);
#9609 = LINE('',#9610,#9611);
#9610 = CARTESIAN_POINT('',(21.4,-20.6));
#9611 = VECTOR('',#9612,1.);
#9612 = DIRECTION('',(0.,1.));
#9613 = ( GEOMETRIC_REPRESENTATION_CONTEXT(2) 
PARAMETRIC_REPRESENTATION_CONTEXT() REPRESENTATION_CONTEXT('2D SPACE',''
  ) );
#9614 = ORIENTED_EDGE('',*,*,#9615,.T.);
#9615 = EDGE_CURVE('',#9593,#9616,#9618,.T.);
#9616 = VERTEX_POINT('',#9617);
#9617 = CARTESIAN_POINT('',(30.4,29.6,7.580496697449));
#9618 = SURFACE_CURVE('',#9619,(#9624,#9631),.PCURVE_S1.);
#9619 = HYPERBOLA('',#9620,0.631578947368,0.4);
#9620 = AXIS2_PLACEMENT_3D('',#9621,#9622,#9623);
#9621 = CARTESIAN_POINT('',(30.4,30.,8.473684210526));
#9622 = DIRECTION('',(1.,0.,0.));
#9623 = DIRECTION('',(0.,0.,-1.));
#9624 = PCURVE('',#3057,#9625);
#9625 = DEFINITIONAL_REPRESENTATION('',(#9626),#9630);
#9626 = ( BOUNDED_CURVE() B_SPLINE_CURVE(2,(#9627,#9628,#9629),
.UNSPECIFIED.,.F.,.F.) B_SPLINE_CURVE_WITH_KNOTS((3,3),(-1.396018402935,
0.),.PIECEWISE_BEZIER_KNOTS.) CURVE() GEOMETRIC_REPRESENTATION_ITEM() 
RATIONAL_B_SPLINE_CURVE((1.,1.253661304606,1.)) REPRESENTATION_ITEM('') 
  );
#9627 = CARTESIAN_POINT('',(-8.000000000034E-02,-20.24169897504));
#9628 = CARTESIAN_POINT('',(0.642105263158,-20.75875895282));
#9629 = CARTESIAN_POINT('',(0.642105263158,-21.));
#9630 = ( GEOMETRIC_REPRESENTATION_CONTEXT(2) 
PARAMETRIC_REPRESENTATION_CONTEXT() REPRESENTATION_CONTEXT('2D SPACE',''
  ) );
#9631 = PCURVE('',#9090,#9632);
#9632 = DEFINITIONAL_REPRESENTATION('',(#9633),#9646);
#9633 = B_SPLINE_CURVE_WITH_KNOTS('',6,(#9634,#9635,#9636,#9637,#9638,
    #9639,#9640,#9641,#9642,#9643,#9644,#9645),.UNSPECIFIED.,.F.,.F.,(7,
    5,7),(-1.396018402935,-0.698009201468,0.),.UNSPECIFIED.);
#9634 = CARTESIAN_POINT('',(-5.197789877944,-2.12));
#9635 = CARTESIAN_POINT('',(-5.252067420827,-2.259289761289));
#9636 = CARTESIAN_POINT('',(-5.313047714956,-2.376595007524));
#9637 = CARTESIAN_POINT('',(-5.381472180981,-2.475308384911));
#9638 = CARTESIAN_POINT('',(-5.458019853095,-2.557932628493));
#9639 = CARTESIAN_POINT('',(-5.54300416961,-2.626344936602));
#9640 = CARTESIAN_POINT('',(-5.728596349067,-2.737451310211));
#9641 = CARTESIAN_POINT('',(-5.829205538544,-2.780145469345));
#9642 = CARTESIAN_POINT('',(-5.937008743152,-2.811333749176));
#9643 = CARTESIAN_POINT('',(-6.050516537014,-2.831848047401));
#9644 = CARTESIAN_POINT('',(-6.166850440268,-2.842105263158));
#9645 = CARTESIAN_POINT('',(-6.28318530718,-2.842105263158));
#9646 = ( GEOMETRIC_REPRESENTATION_CONTEXT(2) 
PARAMETRIC_REPRESENTATION_CONTEXT() REPRESENTATION_CONTEXT('2D SPACE',''
  ) );
#9647 = ORIENTED_EDGE('',*,*,#9648,.F.);
#9648 = EDGE_CURVE('',#3014,#9616,#9649,.T.);
#9649 = SURFACE_CURVE('',#9650,(#9654,#9660),.PCURVE_S1.);
#9650 = LINE('',#9651,#9652);
#9651 = CARTESIAN_POINT('',(30.4,29.6,7.2));
#9652 = VECTOR('',#9653,1.);
#9653 = DIRECTION('',(0.,0.,-1.));
#9654 = PCURVE('',#3057,#9655);
#9655 = DEFINITIONAL_REPRESENTATION('',(#9656),#9659);
#9656 = B_SPLINE_CURVE_WITH_KNOTS('',1,(#9657,#9658),.UNSPECIFIED.,.F.,
  .F.,(2,2),(-0.8,0.),.PIECEWISE_BEZIER_KNOTS.);
#9657 = CARTESIAN_POINT('',(0.8,-20.6));
#9658 = CARTESIAN_POINT('',(0.,-20.6));
#9659 = ( GEOMETRIC_REPRESENTATION_CONTEXT(2) 
PARAMETRIC_REPRESENTATION_CONTEXT() REPRESENTATION_CONTEXT('2D SPACE',''
  ) );
#9660 = PCURVE('',#3029,#9661);
#9661 = DEFINITIONAL_REPRESENTATION('',(#9662),#9665);
#9662 = B_SPLINE_CURVE_WITH_KNOTS('',1,(#9663,#9664),.UNSPECIFIED.,.F.,
  .F.,(2,2),(-0.8,0.),.PIECEWISE_BEZIER_KNOTS.);
#9663 = CARTESIAN_POINT('',(0.8,21.4));
#9664 = CARTESIAN_POINT('',(0.,21.4));
#9665 = ( GEOMETRIC_REPRESENTATION_CONTEXT(2) 
PARAMETRIC_REPRESENTATION_CONTEXT() REPRESENTATION_CONTEXT('2D SPACE',''
  ) );
#9666 = ADVANCED_FACE('',(#9667),#2973,.F.);
#9667 = FACE_BOUND('',#9668,.F.);
#9668 = EDGE_LOOP('',(#9669,#9699,#9741,#9742,#9743));
#9669 = ORIENTED_EDGE('',*,*,#9670,.F.);
#9670 = EDGE_CURVE('',#9671,#9673,#9675,.T.);
#9671 = VERTEX_POINT('',#9672);
#9672 = CARTESIAN_POINT('',(30.700507752356,30.4,7.2));
#9673 = VERTEX_POINT('',#9674);
#9674 = CARTESIAN_POINT('',(51.,30.4,7.2));
#9675 = SURFACE_CURVE('',#9676,(#9680,#9687),.PCURVE_S1.);
#9676 = LINE('',#9677,#9678);
#9677 = CARTESIAN_POINT('',(9.,30.4,7.2));
#9678 = VECTOR('',#9679,1.);
#9679 = DIRECTION('',(1.,0.,0.));
#9680 = PCURVE('',#2973,#9681);
#9681 = DEFINITIONAL_REPRESENTATION('',(#9682),#9686);
#9682 = LINE('',#9683,#9684);
#9683 = CARTESIAN_POINT('',(0.,0.));
#9684 = VECTOR('',#9685,1.);
#9685 = DIRECTION('',(0.,1.));
#9686 = ( GEOMETRIC_REPRESENTATION_CONTEXT(2) 
PARAMETRIC_REPRESENTATION_CONTEXT() REPRESENTATION_CONTEXT('2D SPACE',''
  ) );
#9687 = PCURVE('',#9688,#9693);
#9688 = PLANE('',#9689);
#9689 = AXIS2_PLACEMENT_3D('',#9690,#9691,#9692);
#9690 = CARTESIAN_POINT('',(9.,29.6,7.2));
#9691 = DIRECTION('',(0.,0.,1.));
#9692 = DIRECTION('',(1.,0.,0.));
#9693 = DEFINITIONAL_REPRESENTATION('',(#9694),#9698);
#9694 = LINE('',#9695,#9696);
#9695 = CARTESIAN_POINT('',(0.,0.8));
#9696 = VECTOR('',#9697,1.);
#9697 = DIRECTION('',(1.,0.));
#9698 = ( GEOMETRIC_REPRESENTATION_CONTEXT(2) 
PARAMETRIC_REPRESENTATION_CONTEXT() REPRESENTATION_CONTEXT('2D SPACE',''
  ) );
#9699 = ORIENTED_EDGE('',*,*,#9700,.T.);
#9700 = EDGE_CURVE('',#9671,#9512,#9701,.T.);
#9701 = SURFACE_CURVE('',#9702,(#9707,#9714),.PCURVE_S1.);
#9702 = HYPERBOLA('',#9703,0.631578947368,0.4);
#9703 = AXIS2_PLACEMENT_3D('',#9704,#9705,#9706);
#9704 = CARTESIAN_POINT('',(30.,30.4,8.473684210526));
#9705 = DIRECTION('',(0.,1.,0.));
#9706 = DIRECTION('',(0.,0.,-1.));
#9707 = PCURVE('',#2973,#9708);
#9708 = DEFINITIONAL_REPRESENTATION('',(#9709),#9713);
#9709 = ( BOUNDED_CURVE() B_SPLINE_CURVE(2,(#9710,#9711,#9712),
.UNSPECIFIED.,.F.,.F.) B_SPLINE_CURVE_WITH_KNOTS((3,3),(-1.396018402935,
1.396018402935),.PIECEWISE_BEZIER_KNOTS.) CURVE() 
GEOMETRIC_REPRESENTATION_ITEM() RATIONAL_B_SPLINE_CURVE((1.,
2.143333333334,1.)) REPRESENTATION_ITEM('') );
#9710 = CARTESIAN_POINT('',(-8.000000000034E-02,21.758301024953));
#9711 = CARTESIAN_POINT('',(0.979012850945,21.));
#9712 = CARTESIAN_POINT('',(-8.000000000034E-02,20.241698975047));
#9713 = ( GEOMETRIC_REPRESENTATION_CONTEXT(2) 
PARAMETRIC_REPRESENTATION_CONTEXT() REPRESENTATION_CONTEXT('2D SPACE',''
  ) );
#9714 = PCURVE('',#9090,#9715);
#9715 = DEFINITIONAL_REPRESENTATION('',(#9716),#9740);
#9716 = B_SPLINE_CURVE_WITH_KNOTS('',8,(#9717,#9718,#9719,#9720,#9721,
    #9722,#9723,#9724,#9725,#9726,#9727,#9728,#9729,#9730,#9731,#9732,
    #9733,#9734,#9735,#9736,#9737,#9738,#9739),.UNSPECIFIED.,.F.,.F.,(9,
    7,7,9),(-1.396018402935,-0.698009201468,0.349004600734,
    1.396018402935),.UNSPECIFIED.);
#9717 = CARTESIAN_POINT('',(-0.48540089756,-2.12));
#9718 = CARTESIAN_POINT('',(-0.526109054721,-2.224467320967));
#9719 = CARTESIAN_POINT('',(-0.57040797148,-2.317157223154));
#9720 = CARTESIAN_POINT('',(-0.618562440924,-2.399281365923));
#9721 = CARTESIAN_POINT('',(-0.670823887615,-2.471860713381));
#9722 = CARTESIAN_POINT('',(-0.727397880868,-2.535753860226));
#9723 = CARTESIAN_POINT('',(-0.788402022869,-2.591679528215));
#9724 = CARTESIAN_POINT('',(-0.853814211658,-2.640233233303));
#9725 = CARTESIAN_POINT('',(-1.027806879899,-2.744395458562));
#9726 = CARTESIAN_POINT('',(-1.141620507375,-2.79139304539));
#9727 = CARTESIAN_POINT('',(-1.26410402615,-2.824522118603));
#9728 = CARTESIAN_POINT('',(-1.393563688047,-2.844847544546));
#9729 = CARTESIAN_POINT('',(-1.52699077548,-2.852957178687));
#9730 = CARTESIAN_POINT('',(-1.660153227445,-2.848999700717));
#9731 = CARTESIAN_POINT('',(-1.789632796617,-2.832686343635));
#9732 = CARTESIAN_POINT('',(-2.036215772371,-2.773811173711));
#9733 = CARTESIAN_POINT('',(-2.153320092057,-2.73124936002));
#9734 = CARTESIAN_POINT('',(-2.261746751076,-2.674794978931));
#9735 = CARTESIAN_POINT('',(-2.359964140138,-2.603200069711));
#9736 = CARTESIAN_POINT('',(-2.447869853482,-2.514695120696));
#9737 = CARTESIAN_POINT('',(-2.525989110302,-2.406902679375));
#9738 = CARTESIAN_POINT('',(-2.595129520288,-2.27670098145));
#9739 = CARTESIAN_POINT('',(-2.65619175603,-2.12));
#9740 = ( GEOMETRIC_REPRESENTATION_CONTEXT(2) 
PARAMETRIC_REPRESENTATION_CONTEXT() REPRESENTATION_CONTEXT('2D SPACE',''
  ) );
#9741 = ORIENTED_EDGE('',*,*,#9511,.F.);
#9742 = ORIENTED_EDGE('',*,*,#2957,.T.);
#9743 = ORIENTED_EDGE('',*,*,#9744,.F.);
#9744 = EDGE_CURVE('',#9673,#2958,#9745,.T.);
#9745 = SURFACE_CURVE('',#9746,(#9750,#9757),.PCURVE_S1.);
#9746 = LINE('',#9747,#9748);
#9747 = CARTESIAN_POINT('',(51.,30.4,7.2));
#9748 = VECTOR('',#9749,1.);
#9749 = DIRECTION('',(0.,0.,1.));
#9750 = PCURVE('',#2973,#9751);
#9751 = DEFINITIONAL_REPRESENTATION('',(#9752),#9756);
#9752 = LINE('',#9753,#9754);
#9753 = CARTESIAN_POINT('',(0.,42.));
#9754 = VECTOR('',#9755,1.);
#9755 = DIRECTION('',(1.,0.));
#9756 = ( GEOMETRIC_REPRESENTATION_CONTEXT(2) 
PARAMETRIC_REPRESENTATION_CONTEXT() REPRESENTATION_CONTEXT('2D SPACE',''
  ) );
#9757 = PCURVE('',#3001,#9758);
#9758 = DEFINITIONAL_REPRESENTATION('',(#9759),#9763);
#9759 = LINE('',#9760,#9761);
#9760 = CARTESIAN_POINT('',(0.,-0.8));
#9761 = VECTOR('',#9762,1.);
#9762 = DIRECTION('',(1.,0.));
#9763 = ( GEOMETRIC_REPRESENTATION_CONTEXT(2) 
PARAMETRIC_REPRESENTATION_CONTEXT() REPRESENTATION_CONTEXT('2D SPACE',''
  ) );
#9764 = ADVANCED_FACE('',(#9765),#3029,.T.);
#9765 = FACE_BOUND('',#9766,.T.);
#9766 = EDGE_LOOP('',(#9767,#9792,#9834,#9835,#9836));
#9767 = ORIENTED_EDGE('',*,*,#9768,.F.);
#9768 = EDGE_CURVE('',#9769,#9771,#9773,.T.);
#9769 = VERTEX_POINT('',#9770);
#9770 = CARTESIAN_POINT('',(30.700507752356,29.6,7.2));
#9771 = VERTEX_POINT('',#9772);
#9772 = CARTESIAN_POINT('',(51.,29.6,7.2));
#9773 = SURFACE_CURVE('',#9774,(#9778,#9785),.PCURVE_S1.);
#9774 = LINE('',#9775,#9776);
#9775 = CARTESIAN_POINT('',(9.,29.6,7.2));
#9776 = VECTOR('',#9777,1.);
#9777 = DIRECTION('',(1.,0.,0.));
#9778 = PCURVE('',#3029,#9779);
#9779 = DEFINITIONAL_REPRESENTATION('',(#9780),#9784);
#9780 = LINE('',#9781,#9782);
#9781 = CARTESIAN_POINT('',(0.,0.));
#9782 = VECTOR('',#9783,1.);
#9783 = DIRECTION('',(0.,1.));
#9784 = ( GEOMETRIC_REPRESENTATION_CONTEXT(2) 
PARAMETRIC_REPRESENTATION_CONTEXT() REPRESENTATION_CONTEXT('2D SPACE',''
  ) );
#9785 = PCURVE('',#9688,#9786);
#9786 = DEFINITIONAL_REPRESENTATION('',(#9787),#9791);
#9787 = LINE('',#9788,#9789);
#9788 = CARTESIAN_POINT('',(0.,0.));
#9789 = VECTOR('',#9790,1.);
#9790 = DIRECTION('',(1.,0.));
#9791 = ( GEOMETRIC_REPRESENTATION_CONTEXT(2) 
PARAMETRIC_REPRESENTATION_CONTEXT() REPRESENTATION_CONTEXT('2D SPACE',''
  ) );
#9792 = ORIENTED_EDGE('',*,*,#9793,.T.);
#9793 = EDGE_CURVE('',#9769,#9616,#9794,.T.);
#9794 = SURFACE_CURVE('',#9795,(#9800,#9807),.PCURVE_S1.);
#9795 = HYPERBOLA('',#9796,0.631578947368,0.4);
#9796 = AXIS2_PLACEMENT_3D('',#9797,#9798,#9799);
#9797 = CARTESIAN_POINT('',(30.,29.6,8.473684210526));
#9798 = DIRECTION('',(0.,1.,0.));
#9799 = DIRECTION('',(0.,0.,-1.));
#9800 = PCURVE('',#3029,#9801);
#9801 = DEFINITIONAL_REPRESENTATION('',(#9802),#9806);
#9802 = ( BOUNDED_CURVE() B_SPLINE_CURVE(2,(#9803,#9804,#9805),
.UNSPECIFIED.,.F.,.F.) B_SPLINE_CURVE_WITH_KNOTS((3,3),(-1.396018402935,
1.396018402935),.PIECEWISE_BEZIER_KNOTS.) CURVE() 
GEOMETRIC_REPRESENTATION_ITEM() RATIONAL_B_SPLINE_CURVE((1.,
2.143333333334,1.)) REPRESENTATION_ITEM('') );
#9803 = CARTESIAN_POINT('',(-8.000000000034E-02,21.758301024953));
#9804 = CARTESIAN_POINT('',(0.979012850945,21.));
#9805 = CARTESIAN_POINT('',(-8.000000000034E-02,20.241698975047));
#9806 = ( GEOMETRIC_REPRESENTATION_CONTEXT(2) 
PARAMETRIC_REPRESENTATION_CONTEXT() REPRESENTATION_CONTEXT('2D SPACE',''
  ) );
#9807 = PCURVE('',#9090,#9808);
#9808 = DEFINITIONAL_REPRESENTATION('',(#9809),#9833);
#9809 = B_SPLINE_CURVE_WITH_KNOTS('',8,(#9810,#9811,#9812,#9813,#9814,
    #9815,#9816,#9817,#9818,#9819,#9820,#9821,#9822,#9823,#9824,#9825,
    #9826,#9827,#9828,#9829,#9830,#9831,#9832),.UNSPECIFIED.,.F.,.F.,(9,
    7,7,9),(-1.396018402935,-0.698009201468,0.349004600734,
    1.396018402935),.UNSPECIFIED.);
#9810 = CARTESIAN_POINT('',(-5.79778440962,-2.12));
#9811 = CARTESIAN_POINT('',(-5.757076252458,-2.224467320967));
#9812 = CARTESIAN_POINT('',(-5.7127773357,-2.317157223154));
#9813 = CARTESIAN_POINT('',(-5.664622866256,-2.399281365923));
#9814 = CARTESIAN_POINT('',(-5.612361419564,-2.471860713381));
#9815 = CARTESIAN_POINT('',(-5.555787426312,-2.535753860226));
#9816 = CARTESIAN_POINT('',(-5.494783284311,-2.591679528215));
#9817 = CARTESIAN_POINT('',(-5.429371095522,-2.640233233303));
#9818 = CARTESIAN_POINT('',(-5.255378427281,-2.744395458562));
#9819 = CARTESIAN_POINT('',(-5.141564799801,-2.79139304539));
#9820 = CARTESIAN_POINT('',(-5.019081281027,-2.824522118603));
#9821 = CARTESIAN_POINT('',(-4.88962161911,-2.844847544546));
#9822 = CARTESIAN_POINT('',(-4.756194531696,-2.852957178687));
#9823 = CARTESIAN_POINT('',(-4.623032079729,-2.848999700717));
#9824 = CARTESIAN_POINT('',(-4.493552510563,-2.832686343635));
#9825 = CARTESIAN_POINT('',(-4.246969534809,-2.773811173711));
#9826 = CARTESIAN_POINT('',(-4.129865215116,-2.73124936002));
#9827 = CARTESIAN_POINT('',(-4.021438556121,-2.674794978931));
#9828 = CARTESIAN_POINT('',(-3.923221167013,-2.603200069711));
#9829 = CARTESIAN_POINT('',(-3.835315453716,-2.514695120696));
#9830 = CARTESIAN_POINT('',(-3.757196196871,-2.406902679375));
#9831 = CARTESIAN_POINT('',(-3.688055786892,-2.27670098145));
#9832 = CARTESIAN_POINT('',(-3.626993551149,-2.12));
#9833 = ( GEOMETRIC_REPRESENTATION_CONTEXT(2) 
PARAMETRIC_REPRESENTATION_CONTEXT() REPRESENTATION_CONTEXT('2D SPACE',''
  ) );
#9834 = ORIENTED_EDGE('',*,*,#9648,.F.);
#9835 = ORIENTED_EDGE('',*,*,#3013,.T.);
#9836 = ORIENTED_EDGE('',*,*,#9837,.F.);
#9837 = EDGE_CURVE('',#9771,#2986,#9838,.T.);
#9838 = SURFACE_CURVE('',#9839,(#9843,#9850),.PCURVE_S1.);
#9839 = LINE('',#9840,#9841);
#9840 = CARTESIAN_POINT('',(51.,29.6,7.2));
#9841 = VECTOR('',#9842,1.);
#9842 = DIRECTION('',(0.,0.,1.));
#9843 = PCURVE('',#3029,#9844);
#9844 = DEFINITIONAL_REPRESENTATION('',(#9845),#9849);
#9845 = LINE('',#9846,#9847);
#9846 = CARTESIAN_POINT('',(0.,42.));
#9847 = VECTOR('',#9848,1.);
#9848 = DIRECTION('',(1.,0.));
#9849 = ( GEOMETRIC_REPRESENTATION_CONTEXT(2) 
PARAMETRIC_REPRESENTATION_CONTEXT() REPRESENTATION_CONTEXT('2D SPACE',''
  ) );
#9850 = PCURVE('',#3001,#9851);
#9851 = DEFINITIONAL_REPRESENTATION('',(#9852),#9856);
#9852 = LINE('',#9853,#9854);
#9853 = CARTESIAN_POINT('',(0.,0.));
#9854 = VECTOR('',#9855,1.);
#9855 = DIRECTION('',(1.,0.));
#9856 = ( GEOMETRIC_REPRESENTATION_CONTEXT(2) 
PARAMETRIC_REPRESENTATION_CONTEXT() REPRESENTATION_CONTEXT('2D SPACE',''
  ) );
#9857 = ADVANCED_FACE('',(#9858),#3001,.F.);
#9858 = FACE_BOUND('',#9859,.F.);
#9859 = EDGE_LOOP('',(#9860,#9861,#9882,#9883));
#9860 = ORIENTED_EDGE('',*,*,#9837,.F.);
#9861 = ORIENTED_EDGE('',*,*,#9862,.T.);
#9862 = EDGE_CURVE('',#9771,#9673,#9863,.T.);
#9863 = SURFACE_CURVE('',#9864,(#9868,#9875),.PCURVE_S1.);
#9864 = LINE('',#9865,#9866);
#9865 = CARTESIAN_POINT('',(51.,29.6,7.2));
#9866 = VECTOR('',#9867,1.);
#9867 = DIRECTION('',(0.,1.,0.));
#9868 = PCURVE('',#3001,#9869);
#9869 = DEFINITIONAL_REPRESENTATION('',(#9870),#9874);
#9870 = LINE('',#9871,#9872);
#9871 = CARTESIAN_POINT('',(0.,0.));
#9872 = VECTOR('',#9873,1.);
#9873 = DIRECTION('',(0.,-1.));
#9874 = ( GEOMETRIC_REPRESENTATION_CONTEXT(2) 
PARAMETRIC_REPRESENTATION_CONTEXT() REPRESENTATION_CONTEXT('2D SPACE',''
  ) );
#9875 = PCURVE('',#9688,#9876);
#9876 = DEFINITIONAL_REPRESENTATION('',(#9877),#9881);
#9877 = LINE('',#9878,#9879);
#9878 = CARTESIAN_POINT('',(42.,0.));
#9879 = VECTOR('',#9880,1.);
#9880 = DIRECTION('',(0.,1.));
#9881 = ( GEOMETRIC_REPRESENTATION_CONTEXT(2) 
PARAMETRIC_REPRESENTATION_CONTEXT() REPRESENTATION_CONTEXT('2D SPACE',''
  ) );
#9882 = ORIENTED_EDGE('',*,*,#9744,.T.);
#9883 = ORIENTED_EDGE('',*,*,#2985,.F.);
#9884 = ADVANCED_FACE('',(#9885),#3170,.F.);
#9885 = FACE_BOUND('',#9886,.F.);
#9886 = EDGE_LOOP('',(#9887,#9917,#9938,#9939));
#9887 = ORIENTED_EDGE('',*,*,#9888,.F.);
#9888 = EDGE_CURVE('',#9889,#9891,#9893,.T.);
#9889 = VERTEX_POINT('',#9890);
#9890 = CARTESIAN_POINT('',(31.859375,54.07509765625,7.65));
#9891 = VERTEX_POINT('',#9892);
#9892 = CARTESIAN_POINT('',(31.594140625,54.07509765625,7.65));
#9893 = SURFACE_CURVE('',#9894,(#9898,#9905),.PCURVE_S1.);
#9894 = LINE('',#9895,#9896);
#9895 = CARTESIAN_POINT('',(31.859375,54.07509765625,7.65));
#9896 = VECTOR('',#9897,1.);
#9897 = DIRECTION('',(-1.,0.,0.));
#9898 = PCURVE('',#3170,#9899);
#9899 = DEFINITIONAL_REPRESENTATION('',(#9900),#9904);
#9900 = LINE('',#9901,#9902);
#9901 = CARTESIAN_POINT('',(0.,-0.));
#9902 = VECTOR('',#9903,1.);
#9903 = DIRECTION('',(1.,0.));
#9904 = ( GEOMETRIC_REPRESENTATION_CONTEXT(2) 
PARAMETRIC_REPRESENTATION_CONTEXT() REPRESENTATION_CONTEXT('2D SPACE',''
  ) );
#9905 = PCURVE('',#9906,#9911);
#9906 = PLANE('',#9907);
#9907 = AXIS2_PLACEMENT_3D('',#9908,#9909,#9910);
#9908 = CARTESIAN_POINT('',(31.3740234375,54.07509765625,7.65));
#9909 = DIRECTION('',(0.,0.,1.));
#9910 = DIRECTION('',(1.,0.,0.));
#9911 = DEFINITIONAL_REPRESENTATION('',(#9912),#9916);
#9912 = LINE('',#9913,#9914);
#9913 = CARTESIAN_POINT('',(0.4853515625,0.));
#9914 = VECTOR('',#9915,1.);
#9915 = DIRECTION('',(-1.,0.));
#9916 = ( GEOMETRIC_REPRESENTATION_CONTEXT(2) 
PARAMETRIC_REPRESENTATION_CONTEXT() REPRESENTATION_CONTEXT('2D SPACE',''
  ) );
#9917 = ORIENTED_EDGE('',*,*,#9918,.T.);
#9918 = EDGE_CURVE('',#9889,#3156,#9919,.T.);
#9919 = SURFACE_CURVE('',#9920,(#9924,#9931),.PCURVE_S1.);
#9920 = LINE('',#9921,#9922);
#9921 = CARTESIAN_POINT('',(31.859375,54.07509765625,7.65));
#9922 = VECTOR('',#9923,1.);
#9923 = DIRECTION('',(0.,0.,1.));
#9924 = PCURVE('',#3170,#9925);
#9925 = DEFINITIONAL_REPRESENTATION('',(#9926),#9930);
#9926 = LINE('',#9927,#9928);
#9927 = CARTESIAN_POINT('',(0.,-0.));
#9928 = VECTOR('',#9929,1.);
#9929 = DIRECTION('',(0.,-1.));
#9930 = ( GEOMETRIC_REPRESENTATION_CONTEXT(2) 
PARAMETRIC_REPRESENTATION_CONTEXT() REPRESENTATION_CONTEXT('2D SPACE',''
  ) );
#9931 = PCURVE('',#3800,#9932);
#9932 = DEFINITIONAL_REPRESENTATION('',(#9933),#9937);
#9933 = LINE('',#9934,#9935);
#9934 = CARTESIAN_POINT('',(0.8900390625,0.));
#9935 = VECTOR('',#9936,1.);
#9936 = DIRECTION('',(0.,-1.));
#9937 = ( GEOMETRIC_REPRESENTATION_CONTEXT(2) 
PARAMETRIC_REPRESENTATION_CONTEXT() REPRESENTATION_CONTEXT('2D SPACE',''
  ) );
#9938 = ORIENTED_EDGE('',*,*,#3153,.F.);
#9939 = ORIENTED_EDGE('',*,*,#9940,.F.);
#9940 = EDGE_CURVE('',#9891,#3154,#9941,.T.);
#9941 = SURFACE_CURVE('',#9942,(#9946,#9953),.PCURVE_S1.);
#9942 = LINE('',#9943,#9944);
#9943 = CARTESIAN_POINT('',(31.594140625,54.07509765625,7.65));
#9944 = VECTOR('',#9945,1.);
#9945 = DIRECTION('',(0.,0.,1.));
#9946 = PCURVE('',#3170,#9947);
#9947 = DEFINITIONAL_REPRESENTATION('',(#9948),#9952);
#9948 = LINE('',#9949,#9950);
#9949 = CARTESIAN_POINT('',(0.265234375,0.));
#9950 = VECTOR('',#9951,1.);
#9951 = DIRECTION('',(0.,-1.));
#9952 = ( GEOMETRIC_REPRESENTATION_CONTEXT(2) 
PARAMETRIC_REPRESENTATION_CONTEXT() REPRESENTATION_CONTEXT('2D SPACE',''
  ) );
#9953 = PCURVE('',#3196,#9954);
#9954 = DEFINITIONAL_REPRESENTATION('',(#9955),#9959);
#9955 = LINE('',#9956,#9957);
#9956 = CARTESIAN_POINT('',(0.,0.));
#9957 = VECTOR('',#9958,1.);
#9958 = DIRECTION('',(0.,-1.));
#9959 = ( GEOMETRIC_REPRESENTATION_CONTEXT(2) 
PARAMETRIC_REPRESENTATION_CONTEXT() REPRESENTATION_CONTEXT('2D SPACE',''
  ) );
#9960 = ADVANCED_FACE('',(#9961),#3800,.F.);
#9961 = FACE_BOUND('',#9962,.F.);
#9962 = EDGE_LOOP('',(#9963,#9986,#10007,#10008));
#9963 = ORIENTED_EDGE('',*,*,#9964,.F.);
#9964 = EDGE_CURVE('',#9965,#9889,#9967,.T.);
#9965 = VERTEX_POINT('',#9966);
#9966 = CARTESIAN_POINT('',(31.859375,54.96513671875,7.65));
#9967 = SURFACE_CURVE('',#9968,(#9972,#9979),.PCURVE_S1.);
#9968 = LINE('',#9969,#9970);
#9969 = CARTESIAN_POINT('',(31.859375,54.96513671875,7.65));
#9970 = VECTOR('',#9971,1.);
#9971 = DIRECTION('',(0.,-1.,0.));
#9972 = PCURVE('',#3800,#9973);
#9973 = DEFINITIONAL_REPRESENTATION('',(#9974),#9978);
#9974 = LINE('',#9975,#9976);
#9975 = CARTESIAN_POINT('',(0.,0.));
#9976 = VECTOR('',#9977,1.);
#9977 = DIRECTION('',(1.,0.));
#9978 = ( GEOMETRIC_REPRESENTATION_CONTEXT(2) 
PARAMETRIC_REPRESENTATION_CONTEXT() REPRESENTATION_CONTEXT('2D SPACE',''
  ) );
#9979 = PCURVE('',#9906,#9980);
#9980 = DEFINITIONAL_REPRESENTATION('',(#9981),#9985);
#9981 = LINE('',#9982,#9983);
#9982 = CARTESIAN_POINT('',(0.4853515625,0.8900390625));
#9983 = VECTOR('',#9984,1.);
#9984 = DIRECTION('',(0.,-1.));
#9985 = ( GEOMETRIC_REPRESENTATION_CONTEXT(2) 
PARAMETRIC_REPRESENTATION_CONTEXT() REPRESENTATION_CONTEXT('2D SPACE',''
  ) );
#9986 = ORIENTED_EDGE('',*,*,#9987,.T.);
#9987 = EDGE_CURVE('',#9965,#3762,#9988,.T.);
#9988 = SURFACE_CURVE('',#9989,(#9993,#10000),.PCURVE_S1.);
#9989 = LINE('',#9990,#9991);
#9990 = CARTESIAN_POINT('',(31.859375,54.96513671875,7.65));
#9991 = VECTOR('',#9992,1.);
#9992 = DIRECTION('',(0.,0.,1.));
#9993 = PCURVE('',#3800,#9994);
#9994 = DEFINITIONAL_REPRESENTATION('',(#9995),#9999);
#9995 = LINE('',#9996,#9997);
#9996 = CARTESIAN_POINT('',(0.,0.));
#9997 = VECTOR('',#9998,1.);
#9998 = DIRECTION('',(0.,-1.));
#9999 = ( GEOMETRIC_REPRESENTATION_CONTEXT(2) 
PARAMETRIC_REPRESENTATION_CONTEXT() REPRESENTATION_CONTEXT('2D SPACE',''
  ) );
#10000 = PCURVE('',#3776,#10001);
#10001 = DEFINITIONAL_REPRESENTATION('',(#10002),#10006);
#10002 = LINE('',#10003,#10004);
#10003 = CARTESIAN_POINT('',(0.3076171875,0.));
#10004 = VECTOR('',#10005,1.);
#10005 = DIRECTION('',(0.,-1.));
#10006 = ( GEOMETRIC_REPRESENTATION_CONTEXT(2) 
PARAMETRIC_REPRESENTATION_CONTEXT() REPRESENTATION_CONTEXT('2D SPACE',''
  ) );
#10007 = ORIENTED_EDGE('',*,*,#3787,.F.);
#10008 = ORIENTED_EDGE('',*,*,#9918,.F.);
#10009 = ADVANCED_FACE('',(#10010),#3776,.F.);
#10010 = FACE_BOUND('',#10011,.F.);
#10011 = EDGE_LOOP('',(#10012,#10035,#10056,#10057));
#10012 = ORIENTED_EDGE('',*,*,#10013,.F.);
#10013 = EDGE_CURVE('',#10014,#9965,#10016,.T.);
#10014 = VERTEX_POINT('',#10015);
#10015 = CARTESIAN_POINT('',(32.1669921875,54.96513671875,7.65));
#10016 = SURFACE_CURVE('',#10017,(#10021,#10028),.PCURVE_S1.);
#10017 = LINE('',#10018,#10019);
#10018 = CARTESIAN_POINT('',(32.1669921875,54.96513671875,7.65));
#10019 = VECTOR('',#10020,1.);
#10020 = DIRECTION('',(-1.,0.,0.));
#10021 = PCURVE('',#3776,#10022);
#10022 = DEFINITIONAL_REPRESENTATION('',(#10023),#10027);
#10023 = LINE('',#10024,#10025);
#10024 = CARTESIAN_POINT('',(0.,-0.));
#10025 = VECTOR('',#10026,1.);
#10026 = DIRECTION('',(1.,0.));
#10027 = ( GEOMETRIC_REPRESENTATION_CONTEXT(2) 
PARAMETRIC_REPRESENTATION_CONTEXT() REPRESENTATION_CONTEXT('2D SPACE',''
  ) );
#10028 = PCURVE('',#9906,#10029);
#10029 = DEFINITIONAL_REPRESENTATION('',(#10030),#10034);
#10030 = LINE('',#10031,#10032);
#10031 = CARTESIAN_POINT('',(0.79296875,0.8900390625));
#10032 = VECTOR('',#10033,1.);
#10033 = DIRECTION('',(-1.,0.));
#10034 = ( GEOMETRIC_REPRESENTATION_CONTEXT(2) 
PARAMETRIC_REPRESENTATION_CONTEXT() REPRESENTATION_CONTEXT('2D SPACE',''
  ) );
#10035 = ORIENTED_EDGE('',*,*,#10036,.T.);
#10036 = EDGE_CURVE('',#10014,#3723,#10037,.T.);
#10037 = SURFACE_CURVE('',#10038,(#10042,#10049),.PCURVE_S1.);
#10038 = LINE('',#10039,#10040);
#10039 = CARTESIAN_POINT('',(32.1669921875,54.96513671875,7.65));
#10040 = VECTOR('',#10041,1.);
#10041 = DIRECTION('',(0.,0.,1.));
#10042 = PCURVE('',#3776,#10043);
#10043 = DEFINITIONAL_REPRESENTATION('',(#10044),#10048);
#10044 = LINE('',#10045,#10046);
#10045 = CARTESIAN_POINT('',(0.,-0.));
#10046 = VECTOR('',#10047,1.);
#10047 = DIRECTION('',(0.,-1.));
#10048 = ( GEOMETRIC_REPRESENTATION_CONTEXT(2) 
PARAMETRIC_REPRESENTATION_CONTEXT() REPRESENTATION_CONTEXT('2D SPACE',''
  ) );
#10049 = PCURVE('',#3744,#10050);
#10050 = DEFINITIONAL_REPRESENTATION('',(#10051),#10055);
#10051 = LINE('',#10052,#10053);
#10052 = CARTESIAN_POINT('',(1.,0.));
#10053 = VECTOR('',#10054,1.);
#10054 = DIRECTION('',(0.,-1.));
#10055 = ( GEOMETRIC_REPRESENTATION_CONTEXT(2) 
PARAMETRIC_REPRESENTATION_CONTEXT() REPRESENTATION_CONTEXT('2D SPACE',''
  ) );
#10056 = ORIENTED_EDGE('',*,*,#3761,.F.);
#10057 = ORIENTED_EDGE('',*,*,#9987,.F.);
#10058 = ADVANCED_FACE('',(#10059),#3744,.F.);
#10059 = FACE_BOUND('',#10060,.F.);
#10060 = EDGE_LOOP('',(#10061,#10084,#10105,#10106));
#10061 = ORIENTED_EDGE('',*,*,#10062,.F.);
#10062 = EDGE_CURVE('',#10063,#10014,#10065,.T.);
#10063 = VERTEX_POINT('',#10064);
#10064 = CARTESIAN_POINT('',(32.3146484375,54.95556640625,7.65));
#10065 = SURFACE_CURVE('',#10066,(#10070,#10077),.PCURVE_S1.);
#10066 = B_SPLINE_CURVE_WITH_KNOTS('',2,(#10067,#10068,#10069),
  .UNSPECIFIED.,.F.,.F.,(3,3),(0.,1.),.PIECEWISE_BEZIER_KNOTS.);
#10067 = CARTESIAN_POINT('',(32.3146484375,54.95556640625,7.65));
#10068 = CARTESIAN_POINT('',(32.26953125,54.96513671875,7.65));
#10069 = CARTESIAN_POINT('',(32.1669921875,54.96513671875,7.65));
#10070 = PCURVE('',#3744,#10071);
#10071 = DEFINITIONAL_REPRESENTATION('',(#10072),#10076);
#10072 = LINE('',#10073,#10074);
#10073 = CARTESIAN_POINT('',(0.,0.));
#10074 = VECTOR('',#10075,1.);
#10075 = DIRECTION('',(1.,0.));
#10076 = ( GEOMETRIC_REPRESENTATION_CONTEXT(2) 
PARAMETRIC_REPRESENTATION_CONTEXT() REPRESENTATION_CONTEXT('2D SPACE',''
  ) );
#10077 = PCURVE('',#9906,#10078);
#10078 = DEFINITIONAL_REPRESENTATION('',(#10079),#10083);
#10079 = B_SPLINE_CURVE_WITH_KNOTS('',2,(#10080,#10081,#10082),
  .UNSPECIFIED.,.F.,.F.,(3,3),(0.,1.),.PIECEWISE_BEZIER_KNOTS.);
#10080 = CARTESIAN_POINT('',(0.940625,0.88046875));
#10081 = CARTESIAN_POINT('',(0.8955078125,0.8900390625));
#10082 = CARTESIAN_POINT('',(0.79296875,0.8900390625));
#10083 = ( GEOMETRIC_REPRESENTATION_CONTEXT(2) 
PARAMETRIC_REPRESENTATION_CONTEXT() REPRESENTATION_CONTEXT('2D SPACE',''
  ) );
#10084 = ORIENTED_EDGE('',*,*,#10085,.T.);
#10085 = EDGE_CURVE('',#10063,#3687,#10086,.T.);
#10086 = SURFACE_CURVE('',#10087,(#10091,#10098),.PCURVE_S1.);
#10087 = LINE('',#10088,#10089);
#10088 = CARTESIAN_POINT('',(32.3146484375,54.95556640625,7.65));
#10089 = VECTOR('',#10090,1.);
#10090 = DIRECTION('',(0.,0.,1.));
#10091 = PCURVE('',#3744,#10092);
#10092 = DEFINITIONAL_REPRESENTATION('',(#10093),#10097);
#10093 = LINE('',#10094,#10095);
#10094 = CARTESIAN_POINT('',(0.,0.));
#10095 = VECTOR('',#10096,1.);
#10096 = DIRECTION('',(0.,-1.));
#10097 = ( GEOMETRIC_REPRESENTATION_CONTEXT(2) 
PARAMETRIC_REPRESENTATION_CONTEXT() REPRESENTATION_CONTEXT('2D SPACE',''
  ) );
#10098 = PCURVE('',#3706,#10099);
#10099 = DEFINITIONAL_REPRESENTATION('',(#10100),#10104);
#10100 = LINE('',#10101,#10102);
#10101 = CARTESIAN_POINT('',(1.,0.));
#10102 = VECTOR('',#10103,1.);
#10103 = DIRECTION('',(0.,-1.));
#10104 = ( GEOMETRIC_REPRESENTATION_CONTEXT(2) 
PARAMETRIC_REPRESENTATION_CONTEXT() REPRESENTATION_CONTEXT('2D SPACE',''
  ) );
#10105 = ORIENTED_EDGE('',*,*,#3722,.F.);
#10106 = ORIENTED_EDGE('',*,*,#10036,.F.);
#10107 = ADVANCED_FACE('',(#10108),#3706,.F.);
#10108 = FACE_BOUND('',#10109,.F.);
#10109 = EDGE_LOOP('',(#10110,#10133,#10154,#10155));
#10110 = ORIENTED_EDGE('',*,*,#10111,.F.);
#10111 = EDGE_CURVE('',#10112,#10063,#10114,.T.);
#10112 = VERTEX_POINT('',#10113);
#10113 = CARTESIAN_POINT('',(32.43564453125,54.90224609375,7.65));
#10114 = SURFACE_CURVE('',#10115,(#10119,#10126),.PCURVE_S1.);
#10115 = B_SPLINE_CURVE_WITH_KNOTS('',2,(#10116,#10117,#10118),
  .UNSPECIFIED.,.F.,.F.,(3,3),(0.,1.),.PIECEWISE_BEZIER_KNOTS.);
#10116 = CARTESIAN_POINT('',(32.43564453125,54.90224609375,7.65));
#10117 = CARTESIAN_POINT('',(32.376171875,54.94052734375,7.65));
#10118 = CARTESIAN_POINT('',(32.3146484375,54.95556640625,7.65));
#10119 = PCURVE('',#3706,#10120);
#10120 = DEFINITIONAL_REPRESENTATION('',(#10121),#10125);
#10121 = LINE('',#10122,#10123);
#10122 = CARTESIAN_POINT('',(0.,0.));
#10123 = VECTOR('',#10124,1.);
#10124 = DIRECTION('',(1.,0.));
#10125 = ( GEOMETRIC_REPRESENTATION_CONTEXT(2) 
PARAMETRIC_REPRESENTATION_CONTEXT() REPRESENTATION_CONTEXT('2D SPACE',''
  ) );
#10126 = PCURVE('',#9906,#10127);
#10127 = DEFINITIONAL_REPRESENTATION('',(#10128),#10132);
#10128 = B_SPLINE_CURVE_WITH_KNOTS('',2,(#10129,#10130,#10131),
  .UNSPECIFIED.,.F.,.F.,(3,3),(0.,1.),.PIECEWISE_BEZIER_KNOTS.);
#10129 = CARTESIAN_POINT('',(1.06162109375,0.8271484375));
#10130 = CARTESIAN_POINT('',(1.0021484375,0.8654296875));
#10131 = CARTESIAN_POINT('',(0.940625,0.88046875));
#10132 = ( GEOMETRIC_REPRESENTATION_CONTEXT(2) 
PARAMETRIC_REPRESENTATION_CONTEXT() REPRESENTATION_CONTEXT('2D SPACE',''
  ) );
#10133 = ORIENTED_EDGE('',*,*,#10134,.T.);
#10134 = EDGE_CURVE('',#10112,#3648,#10135,.T.);
#10135 = SURFACE_CURVE('',#10136,(#10140,#10147),.PCURVE_S1.);
#10136 = LINE('',#10137,#10138);
#10137 = CARTESIAN_POINT('',(32.43564453125,54.90224609375,7.65));
#10138 = VECTOR('',#10139,1.);
#10139 = DIRECTION('',(0.,0.,1.));
#10140 = PCURVE('',#3706,#10141);
#10141 = DEFINITIONAL_REPRESENTATION('',(#10142),#10146);
#10142 = LINE('',#10143,#10144);
#10143 = CARTESIAN_POINT('',(0.,0.));
#10144 = VECTOR('',#10145,1.);
#10145 = DIRECTION('',(0.,-1.));
#10146 = ( GEOMETRIC_REPRESENTATION_CONTEXT(2) 
PARAMETRIC_REPRESENTATION_CONTEXT() REPRESENTATION_CONTEXT('2D SPACE',''
  ) );
#10147 = PCURVE('',#3669,#10148);
#10148 = DEFINITIONAL_REPRESENTATION('',(#10149),#10153);
#10149 = LINE('',#10150,#10151);
#10150 = CARTESIAN_POINT('',(1.,0.));
#10151 = VECTOR('',#10152,1.);
#10152 = DIRECTION('',(0.,-1.));
#10153 = ( GEOMETRIC_REPRESENTATION_CONTEXT(2) 
PARAMETRIC_REPRESENTATION_CONTEXT() REPRESENTATION_CONTEXT('2D SPACE',''
  ) );
#10154 = ORIENTED_EDGE('',*,*,#3686,.F.);
#10155 = ORIENTED_EDGE('',*,*,#10085,.F.);
#10156 = ADVANCED_FACE('',(#10157),#3669,.F.);
#10157 = FACE_BOUND('',#10158,.F.);
#10158 = EDGE_LOOP('',(#10159,#10182,#10203,#10204));
#10159 = ORIENTED_EDGE('',*,*,#10160,.F.);
#10160 = EDGE_CURVE('',#10161,#10112,#10163,.T.);
#10161 = VERTEX_POINT('',#10162);
#10162 = CARTESIAN_POINT('',(32.5703125,54.76826171875,7.65));
#10163 = SURFACE_CURVE('',#10164,(#10168,#10175),.PCURVE_S1.);
#10164 = B_SPLINE_CURVE_WITH_KNOTS('',2,(#10165,#10166,#10167),
  .UNSPECIFIED.,.F.,.F.,(3,3),(0.,1.),.PIECEWISE_BEZIER_KNOTS.);
#10165 = CARTESIAN_POINT('',(32.5703125,54.76826171875,7.65));
#10166 = CARTESIAN_POINT('',(32.4951171875,54.86396484375,7.65));
#10167 = CARTESIAN_POINT('',(32.43564453125,54.90224609375,7.65));
#10168 = PCURVE('',#3669,#10169);
#10169 = DEFINITIONAL_REPRESENTATION('',(#10170),#10174);
#10170 = LINE('',#10171,#10172);
#10171 = CARTESIAN_POINT('',(0.,0.));
#10172 = VECTOR('',#10173,1.);
#10173 = DIRECTION('',(1.,0.));
#10174 = ( GEOMETRIC_REPRESENTATION_CONTEXT(2) 
PARAMETRIC_REPRESENTATION_CONTEXT() REPRESENTATION_CONTEXT('2D SPACE',''
  ) );
#10175 = PCURVE('',#9906,#10176);
#10176 = DEFINITIONAL_REPRESENTATION('',(#10177),#10181);
#10177 = B_SPLINE_CURVE_WITH_KNOTS('',2,(#10178,#10179,#10180),
  .UNSPECIFIED.,.F.,.F.,(3,3),(0.,1.),.PIECEWISE_BEZIER_KNOTS.);
#10178 = CARTESIAN_POINT('',(1.1962890625,0.6931640625));
#10179 = CARTESIAN_POINT('',(1.12109375,0.7888671875));
#10180 = CARTESIAN_POINT('',(1.06162109375,0.8271484375));
#10181 = ( GEOMETRIC_REPRESENTATION_CONTEXT(2) 
PARAMETRIC_REPRESENTATION_CONTEXT() REPRESENTATION_CONTEXT('2D SPACE',''
  ) );
#10182 = ORIENTED_EDGE('',*,*,#10183,.T.);
#10183 = EDGE_CURVE('',#10161,#3609,#10184,.T.);
#10184 = SURFACE_CURVE('',#10185,(#10189,#10196),.PCURVE_S1.);
#10185 = LINE('',#10186,#10187);
#10186 = CARTESIAN_POINT('',(32.5703125,54.76826171875,7.65));
#10187 = VECTOR('',#10188,1.);
#10188 = DIRECTION('',(0.,0.,1.));
#10189 = PCURVE('',#3669,#10190);
#10190 = DEFINITIONAL_REPRESENTATION('',(#10191),#10195);
#10191 = LINE('',#10192,#10193);
#10192 = CARTESIAN_POINT('',(0.,0.));
#10193 = VECTOR('',#10194,1.);
#10194 = DIRECTION('',(0.,-1.));
#10195 = ( GEOMETRIC_REPRESENTATION_CONTEXT(2) 
PARAMETRIC_REPRESENTATION_CONTEXT() REPRESENTATION_CONTEXT('2D SPACE',''
  ) );
#10196 = PCURVE('',#3630,#10197);
#10197 = DEFINITIONAL_REPRESENTATION('',(#10198),#10202);
#10198 = LINE('',#10199,#10200);
#10199 = CARTESIAN_POINT('',(1.,0.));
#10200 = VECTOR('',#10201,1.);
#10201 = DIRECTION('',(0.,-1.));
#10202 = ( GEOMETRIC_REPRESENTATION_CONTEXT(2) 
PARAMETRIC_REPRESENTATION_CONTEXT() REPRESENTATION_CONTEXT('2D SPACE',''
  ) );
#10203 = ORIENTED_EDGE('',*,*,#3647,.F.);
#10204 = ORIENTED_EDGE('',*,*,#10134,.F.);
#10205 = ADVANCED_FACE('',(#10206),#3630,.F.);
#10206 = FACE_BOUND('',#10207,.F.);
#10207 = EDGE_LOOP('',(#10208,#10231,#10252,#10253));
#10208 = ORIENTED_EDGE('',*,*,#10209,.F.);
#10209 = EDGE_CURVE('',#10210,#10161,#10212,.T.);
#10210 = VERTEX_POINT('',#10211);
#10211 = CARTESIAN_POINT('',(32.76171875,54.49208984375,7.65));
#10212 = SURFACE_CURVE('',#10213,(#10217,#10224),.PCURVE_S1.);
#10213 = B_SPLINE_CURVE_WITH_KNOTS('',2,(#10214,#10215,#10216),
  .UNSPECIFIED.,.F.,.F.,(3,3),(0.,1.),.PIECEWISE_BEZIER_KNOTS.);
#10214 = CARTESIAN_POINT('',(32.76171875,54.49208984375,7.65));
#10215 = CARTESIAN_POINT('',(32.6455078125,54.67255859375,7.65));
#10216 = CARTESIAN_POINT('',(32.5703125,54.76826171875,7.65));
#10217 = PCURVE('',#3630,#10218);
#10218 = DEFINITIONAL_REPRESENTATION('',(#10219),#10223);
#10219 = LINE('',#10220,#10221);
#10220 = CARTESIAN_POINT('',(0.,0.));
#10221 = VECTOR('',#10222,1.);
#10222 = DIRECTION('',(1.,0.));
#10223 = ( GEOMETRIC_REPRESENTATION_CONTEXT(2) 
PARAMETRIC_REPRESENTATION_CONTEXT() REPRESENTATION_CONTEXT('2D SPACE',''
  ) );
#10224 = PCURVE('',#9906,#10225);
#10225 = DEFINITIONAL_REPRESENTATION('',(#10226),#10230);
#10226 = B_SPLINE_CURVE_WITH_KNOTS('',2,(#10227,#10228,#10229),
  .UNSPECIFIED.,.F.,.F.,(3,3),(0.,1.),.PIECEWISE_BEZIER_KNOTS.);
#10227 = CARTESIAN_POINT('',(1.3876953125,0.4169921875));
#10228 = CARTESIAN_POINT('',(1.271484375,0.5974609375));
#10229 = CARTESIAN_POINT('',(1.1962890625,0.6931640625));
#10230 = ( GEOMETRIC_REPRESENTATION_CONTEXT(2) 
PARAMETRIC_REPRESENTATION_CONTEXT() REPRESENTATION_CONTEXT('2D SPACE',''
  ) );
#10231 = ORIENTED_EDGE('',*,*,#10232,.T.);
#10232 = EDGE_CURVE('',#10210,#3583,#10233,.T.);
#10233 = SURFACE_CURVE('',#10234,(#10238,#10245),.PCURVE_S1.);
#10234 = LINE('',#10235,#10236);
#10235 = CARTESIAN_POINT('',(32.76171875,54.49208984375,7.65));
#10236 = VECTOR('',#10237,1.);
#10237 = DIRECTION('',(0.,0.,1.));
#10238 = PCURVE('',#3630,#10239);
#10239 = DEFINITIONAL_REPRESENTATION('',(#10240),#10244);
#10240 = LINE('',#10241,#10242);
#10241 = CARTESIAN_POINT('',(0.,0.));
#10242 = VECTOR('',#10243,1.);
#10243 = DIRECTION('',(0.,-1.));
#10244 = ( GEOMETRIC_REPRESENTATION_CONTEXT(2) 
PARAMETRIC_REPRESENTATION_CONTEXT() REPRESENTATION_CONTEXT('2D SPACE',''
  ) );
#10245 = PCURVE('',#3597,#10246);
#10246 = DEFINITIONAL_REPRESENTATION('',(#10247),#10251);
#10247 = LINE('',#10248,#10249);
#10248 = CARTESIAN_POINT('',(0.494198096028,0.));
#10249 = VECTOR('',#10250,1.);
#10250 = DIRECTION('',(0.,-1.));
#10251 = ( GEOMETRIC_REPRESENTATION_CONTEXT(2) 
PARAMETRIC_REPRESENTATION_CONTEXT() REPRESENTATION_CONTEXT('2D SPACE',''
  ) );
#10252 = ORIENTED_EDGE('',*,*,#3608,.F.);
#10253 = ORIENTED_EDGE('',*,*,#10183,.F.);
#10254 = ADVANCED_FACE('',(#10255),#3597,.F.);
#10255 = FACE_BOUND('',#10256,.F.);
#10256 = EDGE_LOOP('',(#10257,#10280,#10301,#10302));
#10257 = ORIENTED_EDGE('',*,*,#10258,.F.);
#10258 = EDGE_CURVE('',#10259,#10210,#10261,.T.);
#10259 = VERTEX_POINT('',#10260);
#10260 = CARTESIAN_POINT('',(33.026953125,54.07509765625,7.65));
#10261 = SURFACE_CURVE('',#10262,(#10266,#10273),.PCURVE_S1.);
#10262 = LINE('',#10263,#10264);
#10263 = CARTESIAN_POINT('',(33.026953125,54.07509765625,7.65));
#10264 = VECTOR('',#10265,1.);
#10265 = DIRECTION('',(-0.536696472795,0.843775382486,0.));
#10266 = PCURVE('',#3597,#10267);
#10267 = DEFINITIONAL_REPRESENTATION('',(#10268),#10272);
#10268 = LINE('',#10269,#10270);
#10269 = CARTESIAN_POINT('',(0.,0.));
#10270 = VECTOR('',#10271,1.);
#10271 = DIRECTION('',(1.,0.));
#10272 = ( GEOMETRIC_REPRESENTATION_CONTEXT(2) 
PARAMETRIC_REPRESENTATION_CONTEXT() REPRESENTATION_CONTEXT('2D SPACE',''
  ) );
#10273 = PCURVE('',#9906,#10274);
#10274 = DEFINITIONAL_REPRESENTATION('',(#10275),#10279);
#10275 = LINE('',#10276,#10277);
#10276 = CARTESIAN_POINT('',(1.6529296875,0.));
#10277 = VECTOR('',#10278,1.);
#10278 = DIRECTION('',(-0.536696472795,0.843775382486));
#10279 = ( GEOMETRIC_REPRESENTATION_CONTEXT(2) 
PARAMETRIC_REPRESENTATION_CONTEXT() REPRESENTATION_CONTEXT('2D SPACE',''
  ) );
#10280 = ORIENTED_EDGE('',*,*,#10281,.T.);
#10281 = EDGE_CURVE('',#10259,#3557,#10282,.T.);
#10282 = SURFACE_CURVE('',#10283,(#10287,#10294),.PCURVE_S1.);
#10283 = LINE('',#10284,#10285);
#10284 = CARTESIAN_POINT('',(33.026953125,54.07509765625,7.65));
#10285 = VECTOR('',#10286,1.);
#10286 = DIRECTION('',(0.,0.,1.));
#10287 = PCURVE('',#3597,#10288);
#10288 = DEFINITIONAL_REPRESENTATION('',(#10289),#10293);
#10289 = LINE('',#10290,#10291);
#10290 = CARTESIAN_POINT('',(0.,0.));
#10291 = VECTOR('',#10292,1.);
#10292 = DIRECTION('',(0.,-1.));
#10293 = ( GEOMETRIC_REPRESENTATION_CONTEXT(2) 
PARAMETRIC_REPRESENTATION_CONTEXT() REPRESENTATION_CONTEXT('2D SPACE',''
  ) );
#10294 = PCURVE('',#3571,#10295);
#10295 = DEFINITIONAL_REPRESENTATION('',(#10296),#10300);
#10296 = LINE('',#10297,#10298);
#10297 = CARTESIAN_POINT('',(0.33359375,0.));
#10298 = VECTOR('',#10299,1.);
#10299 = DIRECTION('',(0.,-1.));
#10300 = ( GEOMETRIC_REPRESENTATION_CONTEXT(2) 
PARAMETRIC_REPRESENTATION_CONTEXT() REPRESENTATION_CONTEXT('2D SPACE',''
  ) );
#10301 = ORIENTED_EDGE('',*,*,#3582,.F.);
#10302 = ORIENTED_EDGE('',*,*,#10232,.F.);
#10303 = ADVANCED_FACE('',(#10304),#3571,.F.);
#10304 = FACE_BOUND('',#10305,.F.);
#10305 = EDGE_LOOP('',(#10306,#10329,#10350,#10351));
#10306 = ORIENTED_EDGE('',*,*,#10307,.F.);
#10307 = EDGE_CURVE('',#10308,#10259,#10310,.T.);
#10308 = VERTEX_POINT('',#10309);
#10309 = CARTESIAN_POINT('',(33.360546875,54.07509765625,7.65));
#10310 = SURFACE_CURVE('',#10311,(#10315,#10322),.PCURVE_S1.);
#10311 = LINE('',#10312,#10313);
#10312 = CARTESIAN_POINT('',(33.360546875,54.07509765625,7.65));
#10313 = VECTOR('',#10314,1.);
#10314 = DIRECTION('',(-1.,0.,0.));
#10315 = PCURVE('',#3571,#10316);
#10316 = DEFINITIONAL_REPRESENTATION('',(#10317),#10321);
#10317 = LINE('',#10318,#10319);
#10318 = CARTESIAN_POINT('',(0.,-0.));
#10319 = VECTOR('',#10320,1.);
#10320 = DIRECTION('',(1.,0.));
#10321 = ( GEOMETRIC_REPRESENTATION_CONTEXT(2) 
PARAMETRIC_REPRESENTATION_CONTEXT() REPRESENTATION_CONTEXT('2D SPACE',''
  ) );
#10322 = PCURVE('',#9906,#10323);
#10323 = DEFINITIONAL_REPRESENTATION('',(#10324),#10328);
#10324 = LINE('',#10325,#10326);
#10325 = CARTESIAN_POINT('',(1.9865234375,0.));
#10326 = VECTOR('',#10327,1.);
#10327 = DIRECTION('',(-1.,0.));
#10328 = ( GEOMETRIC_REPRESENTATION_CONTEXT(2) 
PARAMETRIC_REPRESENTATION_CONTEXT() REPRESENTATION_CONTEXT('2D SPACE',''
  ) );
#10329 = ORIENTED_EDGE('',*,*,#10330,.T.);
#10330 = EDGE_CURVE('',#10308,#3531,#10331,.T.);
#10331 = SURFACE_CURVE('',#10332,(#10336,#10343),.PCURVE_S1.);
#10332 = LINE('',#10333,#10334);
#10333 = CARTESIAN_POINT('',(33.360546875,54.07509765625,7.65));
#10334 = VECTOR('',#10335,1.);
#10335 = DIRECTION('',(0.,0.,1.));
#10336 = PCURVE('',#3571,#10337);
#10337 = DEFINITIONAL_REPRESENTATION('',(#10338),#10342);
#10338 = LINE('',#10339,#10340);
#10339 = CARTESIAN_POINT('',(0.,-0.));
#10340 = VECTOR('',#10341,1.);
#10341 = DIRECTION('',(0.,-1.));
#10342 = ( GEOMETRIC_REPRESENTATION_CONTEXT(2) 
PARAMETRIC_REPRESENTATION_CONTEXT() REPRESENTATION_CONTEXT('2D SPACE',''
  ) );
#10343 = PCURVE('',#3545,#10344);
#10344 = DEFINITIONAL_REPRESENTATION('',(#10345),#10349);
#10345 = LINE('',#10346,#10347);
#10346 = CARTESIAN_POINT('',(0.647397568307,0.));
#10347 = VECTOR('',#10348,1.);
#10348 = DIRECTION('',(0.,-1.));
#10349 = ( GEOMETRIC_REPRESENTATION_CONTEXT(2) 
PARAMETRIC_REPRESENTATION_CONTEXT() REPRESENTATION_CONTEXT('2D SPACE',''
  ) );
#10350 = ORIENTED_EDGE('',*,*,#3556,.F.);
#10351 = ORIENTED_EDGE('',*,*,#10281,.F.);
#10352 = ADVANCED_FACE('',(#10353),#3545,.F.);
#10353 = FACE_BOUND('',#10354,.F.);
#10354 = EDGE_LOOP('',(#10355,#10378,#10399,#10400));
#10355 = ORIENTED_EDGE('',*,*,#10356,.F.);
#10356 = EDGE_CURVE('',#10357,#10308,#10359,.T.);
#10357 = VERTEX_POINT('',#10358);
#10358 = CARTESIAN_POINT('',(33.0119140625,54.62060546875,7.65));
#10359 = SURFACE_CURVE('',#10360,(#10364,#10371),.PCURVE_S1.);
#10360 = LINE('',#10361,#10362);
#10361 = CARTESIAN_POINT('',(33.0119140625,54.62060546875,7.65));
#10362 = VECTOR('',#10363,1.);
#10363 = DIRECTION('',(0.538514244673,-0.84261640637,0.));
#10364 = PCURVE('',#3545,#10365);
#10365 = DEFINITIONAL_REPRESENTATION('',(#10366),#10370);
#10366 = LINE('',#10367,#10368);
#10367 = CARTESIAN_POINT('',(0.,0.));
#10368 = VECTOR('',#10369,1.);
#10369 = DIRECTION('',(1.,0.));
#10370 = ( GEOMETRIC_REPRESENTATION_CONTEXT(2) 
PARAMETRIC_REPRESENTATION_CONTEXT() REPRESENTATION_CONTEXT('2D SPACE',''
  ) );
#10371 = PCURVE('',#9906,#10372);
#10372 = DEFINITIONAL_REPRESENTATION('',(#10373),#10377);
#10373 = LINE('',#10374,#10375);
#10374 = CARTESIAN_POINT('',(1.637890625,0.5455078125));
#10375 = VECTOR('',#10376,1.);
#10376 = DIRECTION('',(0.538514244673,-0.84261640637));
#10377 = ( GEOMETRIC_REPRESENTATION_CONTEXT(2) 
PARAMETRIC_REPRESENTATION_CONTEXT() REPRESENTATION_CONTEXT('2D SPACE',''
  ) );
#10378 = ORIENTED_EDGE('',*,*,#10379,.T.);
#10379 = EDGE_CURVE('',#10357,#3492,#10380,.T.);
#10380 = SURFACE_CURVE('',#10381,(#10385,#10392),.PCURVE_S1.);
#10381 = LINE('',#10382,#10383);
#10382 = CARTESIAN_POINT('',(33.0119140625,54.62060546875,7.65));
#10383 = VECTOR('',#10384,1.);
#10384 = DIRECTION('',(0.,0.,1.));
#10385 = PCURVE('',#3545,#10386);
#10386 = DEFINITIONAL_REPRESENTATION('',(#10387),#10391);
#10387 = LINE('',#10388,#10389);
#10388 = CARTESIAN_POINT('',(0.,0.));
#10389 = VECTOR('',#10390,1.);
#10390 = DIRECTION('',(0.,-1.));
#10391 = ( GEOMETRIC_REPRESENTATION_CONTEXT(2) 
PARAMETRIC_REPRESENTATION_CONTEXT() REPRESENTATION_CONTEXT('2D SPACE',''
  ) );
#10392 = PCURVE('',#3513,#10393);
#10393 = DEFINITIONAL_REPRESENTATION('',(#10394),#10398);
#10394 = LINE('',#10395,#10396);
#10395 = CARTESIAN_POINT('',(1.,0.));
#10396 = VECTOR('',#10397,1.);
#10397 = DIRECTION('',(0.,-1.));
#10398 = ( GEOMETRIC_REPRESENTATION_CONTEXT(2) 
PARAMETRIC_REPRESENTATION_CONTEXT() REPRESENTATION_CONTEXT('2D SPACE',''
  ) );
#10399 = ORIENTED_EDGE('',*,*,#3530,.F.);
#10400 = ORIENTED_EDGE('',*,*,#10330,.F.);
#10401 = ADVANCED_FACE('',(#10402),#3513,.F.);
#10402 = FACE_BOUND('',#10403,.F.);
#10403 = EDGE_LOOP('',(#10404,#10427,#10448,#10449));
#10404 = ORIENTED_EDGE('',*,*,#10405,.F.);
#10405 = EDGE_CURVE('',#10406,#10357,#10408,.T.);
#10406 = VERTEX_POINT('',#10407);
#10407 = CARTESIAN_POINT('',(32.791796875,54.88720703125,7.65));
#10408 = SURFACE_CURVE('',#10409,(#10413,#10420),.PCURVE_S1.);
#10409 = B_SPLINE_CURVE_WITH_KNOTS('',2,(#10410,#10411,#10412),
  .UNSPECIFIED.,.F.,.F.,(3,3),(0.,1.),.PIECEWISE_BEZIER_KNOTS.);
#10410 = CARTESIAN_POINT('',(32.791796875,54.88720703125,7.65));
#10411 = CARTESIAN_POINT('',(32.9080078125,54.78056640625,7.65));
#10412 = CARTESIAN_POINT('',(33.0119140625,54.62060546875,7.65));
#10413 = PCURVE('',#3513,#10414);
#10414 = DEFINITIONAL_REPRESENTATION('',(#10415),#10419);
#10415 = LINE('',#10416,#10417);
#10416 = CARTESIAN_POINT('',(0.,0.));
#10417 = VECTOR('',#10418,1.);
#10418 = DIRECTION('',(1.,0.));
#10419 = ( GEOMETRIC_REPRESENTATION_CONTEXT(2) 
PARAMETRIC_REPRESENTATION_CONTEXT() REPRESENTATION_CONTEXT('2D SPACE',''
  ) );
#10420 = PCURVE('',#9906,#10421);
#10421 = DEFINITIONAL_REPRESENTATION('',(#10422),#10426);
#10422 = B_SPLINE_CURVE_WITH_KNOTS('',2,(#10423,#10424,#10425),
  .UNSPECIFIED.,.F.,.F.,(3,3),(0.,1.),.PIECEWISE_BEZIER_KNOTS.);
#10423 = CARTESIAN_POINT('',(1.4177734375,0.812109375));
#10424 = CARTESIAN_POINT('',(1.533984375,0.70546875));
#10425 = CARTESIAN_POINT('',(1.637890625,0.5455078125));
#10426 = ( GEOMETRIC_REPRESENTATION_CONTEXT(2) 
PARAMETRIC_REPRESENTATION_CONTEXT() REPRESENTATION_CONTEXT('2D SPACE',''
  ) );
#10427 = ORIENTED_EDGE('',*,*,#10428,.T.);
#10428 = EDGE_CURVE('',#10406,#3453,#10429,.T.);
#10429 = SURFACE_CURVE('',#10430,(#10434,#10441),.PCURVE_S1.);
#10430 = LINE('',#10431,#10432);
#10431 = CARTESIAN_POINT('',(32.791796875,54.88720703125,7.65));
#10432 = VECTOR('',#10433,1.);
#10433 = DIRECTION('',(0.,0.,1.));
#10434 = PCURVE('',#3513,#10435);
#10435 = DEFINITIONAL_REPRESENTATION('',(#10436),#10440);
#10436 = LINE('',#10437,#10438);
#10437 = CARTESIAN_POINT('',(0.,0.));
#10438 = VECTOR('',#10439,1.);
#10439 = DIRECTION('',(0.,-1.));
#10440 = ( GEOMETRIC_REPRESENTATION_CONTEXT(2) 
PARAMETRIC_REPRESENTATION_CONTEXT() REPRESENTATION_CONTEXT('2D SPACE',''
  ) );
#10441 = PCURVE('',#3474,#10442);
#10442 = DEFINITIONAL_REPRESENTATION('',(#10443),#10447);
#10443 = LINE('',#10444,#10445);
#10444 = CARTESIAN_POINT('',(1.,0.));
#10445 = VECTOR('',#10446,1.);
#10446 = DIRECTION('',(0.,-1.));
#10447 = ( GEOMETRIC_REPRESENTATION_CONTEXT(2) 
PARAMETRIC_REPRESENTATION_CONTEXT() REPRESENTATION_CONTEXT('2D SPACE',''
  ) );
#10448 = ORIENTED_EDGE('',*,*,#3491,.F.);
#10449 = ORIENTED_EDGE('',*,*,#10379,.F.);
#10450 = ADVANCED_FACE('',(#10451),#3474,.F.);
#10451 = FACE_BOUND('',#10452,.F.);
#10452 = EDGE_LOOP('',(#10453,#10476,#10497,#10498));
#10453 = ORIENTED_EDGE('',*,*,#10454,.F.);
#10454 = EDGE_CURVE('',#10455,#10406,#10457,.T.);
#10455 = VERTEX_POINT('',#10456);
#10456 = CARTESIAN_POINT('',(32.6318359375,54.98701171875,7.65));
#10457 = SURFACE_CURVE('',#10458,(#10462,#10469),.PCURVE_S1.);
#10458 = B_SPLINE_CURVE_WITH_KNOTS('',2,(#10459,#10460,#10461),
  .UNSPECIFIED.,.F.,.F.,(3,3),(0.,1.),.PIECEWISE_BEZIER_KNOTS.);
#10459 = CARTESIAN_POINT('',(32.6318359375,54.98701171875,7.65));
#10460 = CARTESIAN_POINT('',(32.737109375,54.93642578125,7.65));
#10461 = CARTESIAN_POINT('',(32.791796875,54.88720703125,7.65));
#10462 = PCURVE('',#3474,#10463);
#10463 = DEFINITIONAL_REPRESENTATION('',(#10464),#10468);
#10464 = LINE('',#10465,#10466);
#10465 = CARTESIAN_POINT('',(0.,0.));
#10466 = VECTOR('',#10467,1.);
#10467 = DIRECTION('',(1.,0.));
#10468 = ( GEOMETRIC_REPRESENTATION_CONTEXT(2) 
PARAMETRIC_REPRESENTATION_CONTEXT() REPRESENTATION_CONTEXT('2D SPACE',''
  ) );
#10469 = PCURVE('',#9906,#10470);
#10470 = DEFINITIONAL_REPRESENTATION('',(#10471),#10475);
#10471 = B_SPLINE_CURVE_WITH_KNOTS('',2,(#10472,#10473,#10474),
  .UNSPECIFIED.,.F.,.F.,(3,3),(0.,1.),.PIECEWISE_BEZIER_KNOTS.);
#10472 = CARTESIAN_POINT('',(1.2578125,0.9119140625));
#10473 = CARTESIAN_POINT('',(1.3630859375,0.861328125));
#10474 = CARTESIAN_POINT('',(1.4177734375,0.812109375));
#10475 = ( GEOMETRIC_REPRESENTATION_CONTEXT(2) 
PARAMETRIC_REPRESENTATION_CONTEXT() REPRESENTATION_CONTEXT('2D SPACE',''
  ) );
#10476 = ORIENTED_EDGE('',*,*,#10477,.T.);
#10477 = EDGE_CURVE('',#10455,#3411,#10478,.T.);
#10478 = SURFACE_CURVE('',#10479,(#10483,#10490),.PCURVE_S1.);
#10479 = LINE('',#10480,#10481);
#10480 = CARTESIAN_POINT('',(32.6318359375,54.98701171875,7.65));
#10481 = VECTOR('',#10482,1.);
#10482 = DIRECTION('',(0.,0.,1.));
#10483 = PCURVE('',#3474,#10484);
#10484 = DEFINITIONAL_REPRESENTATION('',(#10485),#10489);
#10485 = LINE('',#10486,#10487);
#10486 = CARTESIAN_POINT('',(0.,0.));
#10487 = VECTOR('',#10488,1.);
#10488 = DIRECTION('',(0.,-1.));
#10489 = ( GEOMETRIC_REPRESENTATION_CONTEXT(2) 
PARAMETRIC_REPRESENTATION_CONTEXT() REPRESENTATION_CONTEXT('2D SPACE',''
  ) );
#10490 = PCURVE('',#3434,#10491);
#10491 = DEFINITIONAL_REPRESENTATION('',(#10492),#10496);
#10492 = LINE('',#10493,#10494);
#10493 = CARTESIAN_POINT('',(1.,0.));
#10494 = VECTOR('',#10495,1.);
#10495 = DIRECTION('',(0.,-1.));
#10496 = ( GEOMETRIC_REPRESENTATION_CONTEXT(2) 
PARAMETRIC_REPRESENTATION_CONTEXT() REPRESENTATION_CONTEXT('2D SPACE',''
  ) );
#10497 = ORIENTED_EDGE('',*,*,#3452,.F.);
#10498 = ORIENTED_EDGE('',*,*,#10428,.F.);
#10499 = ADVANCED_FACE('',(#10500),#3434,.F.);
#10500 = FACE_BOUND('',#10501,.F.);
#10501 = EDGE_LOOP('',(#10502,#10525,#10546,#10547));
#10502 = ORIENTED_EDGE('',*,*,#10503,.F.);
#10503 = EDGE_CURVE('',#10504,#10455,#10506,.T.);
#10504 = VERTEX_POINT('',#10505);
#10505 = CARTESIAN_POINT('',(33.0583984375,55.17294921875,7.65));
#10506 = SURFACE_CURVE('',#10507,(#10511,#10518),.PCURVE_S1.);
#10507 = B_SPLINE_CURVE_WITH_KNOTS('',2,(#10508,#10509,#10510),
  .UNSPECIFIED.,.F.,.F.,(3,3),(0.,1.),.PIECEWISE_BEZIER_KNOTS.);
#10508 = CARTESIAN_POINT('',(33.0583984375,55.17294921875,7.65));
#10509 = CARTESIAN_POINT('',(32.9203125,55.02666015625,7.65));
#10510 = CARTESIAN_POINT('',(32.6318359375,54.98701171875,7.65));
#10511 = PCURVE('',#3434,#10512);
#10512 = DEFINITIONAL_REPRESENTATION('',(#10513),#10517);
#10513 = LINE('',#10514,#10515);
#10514 = CARTESIAN_POINT('',(0.,0.));
#10515 = VECTOR('',#10516,1.);
#10516 = DIRECTION('',(1.,0.));
#10517 = ( GEOMETRIC_REPRESENTATION_CONTEXT(2) 
PARAMETRIC_REPRESENTATION_CONTEXT() REPRESENTATION_CONTEXT('2D SPACE',''
  ) );
#10518 = PCURVE('',#9906,#10519);
#10519 = DEFINITIONAL_REPRESENTATION('',(#10520),#10524);
#10520 = B_SPLINE_CURVE_WITH_KNOTS('',2,(#10521,#10522,#10523),
  .UNSPECIFIED.,.F.,.F.,(3,3),(0.,1.),.PIECEWISE_BEZIER_KNOTS.);
#10521 = CARTESIAN_POINT('',(1.684375,1.0978515625));
#10522 = CARTESIAN_POINT('',(1.5462890625,0.9515625));
#10523 = CARTESIAN_POINT('',(1.2578125,0.9119140625));
#10524 = ( GEOMETRIC_REPRESENTATION_CONTEXT(2) 
PARAMETRIC_REPRESENTATION_CONTEXT() REPRESENTATION_CONTEXT('2D SPACE',''
  ) );
#10525 = ORIENTED_EDGE('',*,*,#10526,.T.);
#10526 = EDGE_CURVE('',#10504,#3360,#10527,.T.);
#10527 = SURFACE_CURVE('',#10528,(#10532,#10539),.PCURVE_S1.);
#10528 = LINE('',#10529,#10530);
#10529 = CARTESIAN_POINT('',(33.0583984375,55.17294921875,7.65));
#10530 = VECTOR('',#10531,1.);
#10531 = DIRECTION('',(0.,0.,1.));
#10532 = PCURVE('',#3434,#10533);
#10533 = DEFINITIONAL_REPRESENTATION('',(#10534),#10538);
#10534 = LINE('',#10535,#10536);
#10535 = CARTESIAN_POINT('',(0.,0.));
#10536 = VECTOR('',#10537,1.);
#10537 = DIRECTION('',(0.,-1.));
#10538 = ( GEOMETRIC_REPRESENTATION_CONTEXT(2) 
PARAMETRIC_REPRESENTATION_CONTEXT() REPRESENTATION_CONTEXT('2D SPACE',''
  ) );
#10539 = PCURVE('',#3389,#10540);
#10540 = DEFINITIONAL_REPRESENTATION('',(#10541),#10545);
#10541 = LINE('',#10542,#10543);
#10542 = CARTESIAN_POINT('',(1.,0.));
#10543 = VECTOR('',#10544,1.);
#10544 = DIRECTION('',(0.,-1.));
#10545 = ( GEOMETRIC_REPRESENTATION_CONTEXT(2) 
PARAMETRIC_REPRESENTATION_CONTEXT() REPRESENTATION_CONTEXT('2D SPACE',''
  ) );
#10546 = ORIENTED_EDGE('',*,*,#3410,.F.);
#10547 = ORIENTED_EDGE('',*,*,#10477,.F.);
#10548 = ADVANCED_FACE('',(#10549),#3389,.F.);
#10549 = FACE_BOUND('',#10550,.F.);
#10550 = EDGE_LOOP('',(#10551,#10574,#10595,#10596));
#10551 = ORIENTED_EDGE('',*,*,#10552,.F.);
#10552 = EDGE_CURVE('',#10553,#10504,#10555,.T.);
#10553 = VERTEX_POINT('',#10554);
#10554 = CARTESIAN_POINT('',(33.196484375,55.53251953125,7.65));
#10555 = SURFACE_CURVE('',#10556,(#10560,#10567),.PCURVE_S1.);
#10556 = B_SPLINE_CURVE_WITH_KNOTS('',2,(#10557,#10558,#10559),
  .UNSPECIFIED.,.F.,.F.,(3,3),(0.,1.),.PIECEWISE_BEZIER_KNOTS.);
#10557 = CARTESIAN_POINT('',(33.196484375,55.53251953125,7.65));
#10558 = CARTESIAN_POINT('',(33.196484375,55.31923828125,7.65));
#10559 = CARTESIAN_POINT('',(33.0583984375,55.17294921875,7.65));
#10560 = PCURVE('',#3389,#10561);
#10561 = DEFINITIONAL_REPRESENTATION('',(#10562),#10566);
#10562 = LINE('',#10563,#10564);
#10563 = CARTESIAN_POINT('',(0.,0.));
#10564 = VECTOR('',#10565,1.);
#10565 = DIRECTION('',(1.,0.));
#10566 = ( GEOMETRIC_REPRESENTATION_CONTEXT(2) 
PARAMETRIC_REPRESENTATION_CONTEXT() REPRESENTATION_CONTEXT('2D SPACE',''
  ) );
#10567 = PCURVE('',#9906,#10568);
#10568 = DEFINITIONAL_REPRESENTATION('',(#10569),#10573);
#10569 = B_SPLINE_CURVE_WITH_KNOTS('',2,(#10570,#10571,#10572),
  .UNSPECIFIED.,.F.,.F.,(3,3),(0.,1.),.PIECEWISE_BEZIER_KNOTS.);
#10570 = CARTESIAN_POINT('',(1.8224609375,1.457421875));
#10571 = CARTESIAN_POINT('',(1.8224609375,1.244140625));
#10572 = CARTESIAN_POINT('',(1.684375,1.0978515625));
#10573 = ( GEOMETRIC_REPRESENTATION_CONTEXT(2) 
PARAMETRIC_REPRESENTATION_CONTEXT() REPRESENTATION_CONTEXT('2D SPACE',''
  ) );
#10574 = ORIENTED_EDGE('',*,*,#10575,.T.);
#10575 = EDGE_CURVE('',#10553,#3321,#10576,.T.);
#10576 = SURFACE_CURVE('',#10577,(#10581,#10588),.PCURVE_S1.);
#10577 = LINE('',#10578,#10579);
#10578 = CARTESIAN_POINT('',(33.196484375,55.53251953125,7.65));
#10579 = VECTOR('',#10580,1.);
#10580 = DIRECTION('',(0.,0.,1.));
#10581 = PCURVE('',#3389,#10582);
#10582 = DEFINITIONAL_REPRESENTATION('',(#10583),#10587);
#10583 = LINE('',#10584,#10585);
#10584 = CARTESIAN_POINT('',(0.,0.));
#10585 = VECTOR('',#10586,1.);
#10586 = DIRECTION('',(0.,-1.));
#10587 = ( GEOMETRIC_REPRESENTATION_CONTEXT(2) 
PARAMETRIC_REPRESENTATION_CONTEXT() REPRESENTATION_CONTEXT('2D SPACE',''
  ) );
#10588 = PCURVE('',#3342,#10589);
#10589 = DEFINITIONAL_REPRESENTATION('',(#10590),#10594);
#10590 = LINE('',#10591,#10592);
#10591 = CARTESIAN_POINT('',(1.,0.));
#10592 = VECTOR('',#10593,1.);
#10593 = DIRECTION('',(0.,-1.));
#10594 = ( GEOMETRIC_REPRESENTATION_CONTEXT(2) 
PARAMETRIC_REPRESENTATION_CONTEXT() REPRESENTATION_CONTEXT('2D SPACE',''
  ) );
#10595 = ORIENTED_EDGE('',*,*,#3359,.F.);
#10596 = ORIENTED_EDGE('',*,*,#10526,.F.);
#10597 = ADVANCED_FACE('',(#10598),#3342,.F.);
#10598 = FACE_BOUND('',#10599,.F.);
#10599 = EDGE_LOOP('',(#10600,#10623,#10644,#10645));
#10600 = ORIENTED_EDGE('',*,*,#10601,.F.);
#10601 = EDGE_CURVE('',#10602,#10553,#10604,.T.);
#10602 = VERTEX_POINT('',#10603);
#10603 = CARTESIAN_POINT('',(33.1130859375,55.83466796875,7.65));
#10604 = SURFACE_CURVE('',#10605,(#10609,#10616),.PCURVE_S1.);
#10605 = B_SPLINE_CURVE_WITH_KNOTS('',2,(#10606,#10607,#10608),
  .UNSPECIFIED.,.F.,.F.,(3,3),(0.,1.),.PIECEWISE_BEZIER_KNOTS.);
#10606 = CARTESIAN_POINT('',(33.1130859375,55.83466796875,7.65));
#10607 = CARTESIAN_POINT('',(33.196484375,55.69794921875,7.65));
#10608 = CARTESIAN_POINT('',(33.196484375,55.53251953125,7.65));
#10609 = PCURVE('',#3342,#10610);
#10610 = DEFINITIONAL_REPRESENTATION('',(#10611),#10615);
#10611 = LINE('',#10612,#10613);
#10612 = CARTESIAN_POINT('',(0.,0.));
#10613 = VECTOR('',#10614,1.);
#10614 = DIRECTION('',(1.,0.));
#10615 = ( GEOMETRIC_REPRESENTATION_CONTEXT(2) 
PARAMETRIC_REPRESENTATION_CONTEXT() REPRESENTATION_CONTEXT('2D SPACE',''
  ) );
#10616 = PCURVE('',#9906,#10617);
#10617 = DEFINITIONAL_REPRESENTATION('',(#10618),#10622);
#10618 = B_SPLINE_CURVE_WITH_KNOTS('',2,(#10619,#10620,#10621),
  .UNSPECIFIED.,.F.,.F.,(3,3),(0.,1.),.PIECEWISE_BEZIER_KNOTS.);
#10619 = CARTESIAN_POINT('',(1.7390625,1.7595703125));
#10620 = CARTESIAN_POINT('',(1.8224609375,1.6228515625));
#10621 = CARTESIAN_POINT('',(1.8224609375,1.457421875));
#10622 = ( GEOMETRIC_REPRESENTATION_CONTEXT(2) 
PARAMETRIC_REPRESENTATION_CONTEXT() REPRESENTATION_CONTEXT('2D SPACE',''
  ) );
#10623 = ORIENTED_EDGE('',*,*,#10624,.T.);
#10624 = EDGE_CURVE('',#10602,#3276,#10625,.T.);
#10625 = SURFACE_CURVE('',#10626,(#10630,#10637),.PCURVE_S1.);
#10626 = LINE('',#10627,#10628);
#10627 = CARTESIAN_POINT('',(33.1130859375,55.83466796875,7.65));
#10628 = VECTOR('',#10629,1.);
#10629 = DIRECTION('',(0.,0.,1.));
#10630 = PCURVE('',#3342,#10631);
#10631 = DEFINITIONAL_REPRESENTATION('',(#10632),#10636);
#10632 = LINE('',#10633,#10634);
#10633 = CARTESIAN_POINT('',(0.,0.));
#10634 = VECTOR('',#10635,1.);
#10635 = DIRECTION('',(0.,-1.));
#10636 = ( GEOMETRIC_REPRESENTATION_CONTEXT(2) 
PARAMETRIC_REPRESENTATION_CONTEXT() REPRESENTATION_CONTEXT('2D SPACE',''
  ) );
#10637 = PCURVE('',#3301,#10638);
#10638 = DEFINITIONAL_REPRESENTATION('',(#10639),#10643);
#10639 = LINE('',#10640,#10641);
#10640 = CARTESIAN_POINT('',(1.,0.));
#10641 = VECTOR('',#10642,1.);
#10642 = DIRECTION('',(0.,-1.));
#10643 = ( GEOMETRIC_REPRESENTATION_CONTEXT(2) 
PARAMETRIC_REPRESENTATION_CONTEXT() REPRESENTATION_CONTEXT('2D SPACE',''
  ) );
#10644 = ORIENTED_EDGE('',*,*,#3320,.F.);
#10645 = ORIENTED_EDGE('',*,*,#10575,.F.);
#10646 = ADVANCED_FACE('',(#10647),#3301,.F.);
#10647 = FACE_BOUND('',#10648,.F.);
#10648 = EDGE_LOOP('',(#10649,#10672,#10693,#10694));
#10649 = ORIENTED_EDGE('',*,*,#10650,.F.);
#10650 = EDGE_CURVE('',#10651,#10602,#10653,.T.);
#10651 = VERTEX_POINT('',#10652);
#10652 = CARTESIAN_POINT('',(32.890234375,56.025390625,7.65));
#10653 = SURFACE_CURVE('',#10654,(#10658,#10665),.PCURVE_S1.);
#10654 = B_SPLINE_CURVE_WITH_KNOTS('',2,(#10655,#10656,#10657),
  .UNSPECIFIED.,.F.,.F.,(3,3),(0.,1.),.PIECEWISE_BEZIER_KNOTS.);
#10655 = CARTESIAN_POINT('',(32.890234375,56.025390625,7.65));
#10656 = CARTESIAN_POINT('',(33.0296875,55.97138671875,7.65));
#10657 = CARTESIAN_POINT('',(33.1130859375,55.83466796875,7.65));
#10658 = PCURVE('',#3301,#10659);
#10659 = DEFINITIONAL_REPRESENTATION('',(#10660),#10664);
#10660 = LINE('',#10661,#10662);
#10661 = CARTESIAN_POINT('',(0.,0.));
#10662 = VECTOR('',#10663,1.);
#10663 = DIRECTION('',(1.,0.));
#10664 = ( GEOMETRIC_REPRESENTATION_CONTEXT(2) 
PARAMETRIC_REPRESENTATION_CONTEXT() REPRESENTATION_CONTEXT('2D SPACE',''
  ) );
#10665 = PCURVE('',#9906,#10666);
#10666 = DEFINITIONAL_REPRESENTATION('',(#10667),#10671);
#10667 = B_SPLINE_CURVE_WITH_KNOTS('',2,(#10668,#10669,#10670),
  .UNSPECIFIED.,.F.,.F.,(3,3),(0.,1.),.PIECEWISE_BEZIER_KNOTS.);
#10668 = CARTESIAN_POINT('',(1.5162109375,1.95029296875));
#10669 = CARTESIAN_POINT('',(1.6556640625,1.8962890625));
#10670 = CARTESIAN_POINT('',(1.7390625,1.7595703125));
#10671 = ( GEOMETRIC_REPRESENTATION_CONTEXT(2) 
PARAMETRIC_REPRESENTATION_CONTEXT() REPRESENTATION_CONTEXT('2D SPACE',''
  ) );
#10672 = ORIENTED_EDGE('',*,*,#10673,.T.);
#10673 = EDGE_CURVE('',#10651,#3234,#10674,.T.);
#10674 = SURFACE_CURVE('',#10675,(#10679,#10686),.PCURVE_S1.);
#10675 = LINE('',#10676,#10677);
#10676 = CARTESIAN_POINT('',(32.890234375,56.025390625,7.65));
#10677 = VECTOR('',#10678,1.);
#10678 = DIRECTION('',(0.,0.,1.));
#10679 = PCURVE('',#3301,#10680);
#10680 = DEFINITIONAL_REPRESENTATION('',(#10681),#10685);
#10681 = LINE('',#10682,#10683);
#10682 = CARTESIAN_POINT('',(0.,0.));
#10683 = VECTOR('',#10684,1.);
#10684 = DIRECTION('',(0.,-1.));
#10685 = ( GEOMETRIC_REPRESENTATION_CONTEXT(2) 
PARAMETRIC_REPRESENTATION_CONTEXT() REPRESENTATION_CONTEXT('2D SPACE',''
  ) );
#10686 = PCURVE('',#3257,#10687);
#10687 = DEFINITIONAL_REPRESENTATION('',(#10688),#10692);
#10688 = LINE('',#10689,#10690);
#10689 = CARTESIAN_POINT('',(1.,0.));
#10690 = VECTOR('',#10691,1.);
#10691 = DIRECTION('',(0.,-1.));
#10692 = ( GEOMETRIC_REPRESENTATION_CONTEXT(2) 
PARAMETRIC_REPRESENTATION_CONTEXT() REPRESENTATION_CONTEXT('2D SPACE',''
  ) );
#10693 = ORIENTED_EDGE('',*,*,#3275,.F.);
#10694 = ORIENTED_EDGE('',*,*,#10624,.F.);
#10695 = ADVANCED_FACE('',(#10696),#3257,.F.);
#10696 = FACE_BOUND('',#10697,.F.);
#10697 = EDGE_LOOP('',(#10698,#10721,#10742,#10743));
#10698 = ORIENTED_EDGE('',*,*,#10699,.F.);
#10699 = EDGE_CURVE('',#10700,#10651,#10702,.T.);
#10700 = VERTEX_POINT('',#10701);
#10701 = CARTESIAN_POINT('',(32.4828125,56.07939453125,7.65));
#10702 = SURFACE_CURVE('',#10703,(#10707,#10714),.PCURVE_S1.);
#10703 = B_SPLINE_CURVE_WITH_KNOTS('',2,(#10704,#10705,#10706),
  .UNSPECIFIED.,.F.,.F.,(3,3),(0.,1.),.PIECEWISE_BEZIER_KNOTS.);
#10704 = CARTESIAN_POINT('',(32.4828125,56.07939453125,7.65));
#10705 = CARTESIAN_POINT('',(32.75078125,56.07939453125,7.65));
#10706 = CARTESIAN_POINT('',(32.890234375,56.025390625,7.65));
#10707 = PCURVE('',#3257,#10708);
#10708 = DEFINITIONAL_REPRESENTATION('',(#10709),#10713);
#10709 = LINE('',#10710,#10711);
#10710 = CARTESIAN_POINT('',(0.,0.));
#10711 = VECTOR('',#10712,1.);
#10712 = DIRECTION('',(1.,0.));
#10713 = ( GEOMETRIC_REPRESENTATION_CONTEXT(2) 
PARAMETRIC_REPRESENTATION_CONTEXT() REPRESENTATION_CONTEXT('2D SPACE',''
  ) );
#10714 = PCURVE('',#9906,#10715);
#10715 = DEFINITIONAL_REPRESENTATION('',(#10716),#10720);
#10716 = B_SPLINE_CURVE_WITH_KNOTS('',2,(#10717,#10718,#10719),
  .UNSPECIFIED.,.F.,.F.,(3,3),(0.,1.),.PIECEWISE_BEZIER_KNOTS.);
#10717 = CARTESIAN_POINT('',(1.1087890625,2.004296875));
#10718 = CARTESIAN_POINT('',(1.3767578125,2.004296875));
#10719 = CARTESIAN_POINT('',(1.5162109375,1.95029296875));
#10720 = ( GEOMETRIC_REPRESENTATION_CONTEXT(2) 
PARAMETRIC_REPRESENTATION_CONTEXT() REPRESENTATION_CONTEXT('2D SPACE',''
  ) );
#10721 = ORIENTED_EDGE('',*,*,#10722,.T.);
#10722 = EDGE_CURVE('',#10700,#3208,#10723,.T.);
#10723 = SURFACE_CURVE('',#10724,(#10728,#10735),.PCURVE_S1.);
#10724 = LINE('',#10725,#10726);
#10725 = CARTESIAN_POINT('',(32.4828125,56.07939453125,7.65));
#10726 = VECTOR('',#10727,1.);
#10727 = DIRECTION('',(0.,0.,1.));
#10728 = PCURVE('',#3257,#10729);
#10729 = DEFINITIONAL_REPRESENTATION('',(#10730),#10734);
#10730 = LINE('',#10731,#10732);
#10731 = CARTESIAN_POINT('',(0.,0.));
#10732 = VECTOR('',#10733,1.);
#10733 = DIRECTION('',(0.,-1.));
#10734 = ( GEOMETRIC_REPRESENTATION_CONTEXT(2) 
PARAMETRIC_REPRESENTATION_CONTEXT() REPRESENTATION_CONTEXT('2D SPACE',''
  ) );
#10735 = PCURVE('',#3222,#10736);
#10736 = DEFINITIONAL_REPRESENTATION('',(#10737),#10741);
#10737 = LINE('',#10738,#10739);
#10738 = CARTESIAN_POINT('',(0.888671875,0.));
#10739 = VECTOR('',#10740,1.);
#10740 = DIRECTION('',(0.,-1.));
#10741 = ( GEOMETRIC_REPRESENTATION_CONTEXT(2) 
PARAMETRIC_REPRESENTATION_CONTEXT() REPRESENTATION_CONTEXT('2D SPACE',''
  ) );
#10742 = ORIENTED_EDGE('',*,*,#3233,.F.);
#10743 = ORIENTED_EDGE('',*,*,#10673,.F.);
#10744 = ADVANCED_FACE('',(#10745),#3222,.F.);
#10745 = FACE_BOUND('',#10746,.F.);
#10746 = EDGE_LOOP('',(#10747,#10770,#10791,#10792));
#10747 = ORIENTED_EDGE('',*,*,#10748,.F.);
#10748 = EDGE_CURVE('',#10749,#10700,#10751,.T.);
#10749 = VERTEX_POINT('',#10750);
#10750 = CARTESIAN_POINT('',(31.594140625,56.07939453125,7.65));
#10751 = SURFACE_CURVE('',#10752,(#10756,#10763),.PCURVE_S1.);
#10752 = LINE('',#10753,#10754);
#10753 = CARTESIAN_POINT('',(31.594140625,56.07939453125,7.65));
#10754 = VECTOR('',#10755,1.);
#10755 = DIRECTION('',(1.,0.,0.));
#10756 = PCURVE('',#3222,#10757);
#10757 = DEFINITIONAL_REPRESENTATION('',(#10758),#10762);
#10758 = LINE('',#10759,#10760);
#10759 = CARTESIAN_POINT('',(0.,0.));
#10760 = VECTOR('',#10761,1.);
#10761 = DIRECTION('',(1.,0.));
#10762 = ( GEOMETRIC_REPRESENTATION_CONTEXT(2) 
PARAMETRIC_REPRESENTATION_CONTEXT() REPRESENTATION_CONTEXT('2D SPACE',''
  ) );
#10763 = PCURVE('',#9906,#10764);
#10764 = DEFINITIONAL_REPRESENTATION('',(#10765),#10769);
#10765 = LINE('',#10766,#10767);
#10766 = CARTESIAN_POINT('',(0.2201171875,2.004296875));
#10767 = VECTOR('',#10768,1.);
#10768 = DIRECTION('',(1.,0.));
#10769 = ( GEOMETRIC_REPRESENTATION_CONTEXT(2) 
PARAMETRIC_REPRESENTATION_CONTEXT() REPRESENTATION_CONTEXT('2D SPACE',''
  ) );
#10770 = ORIENTED_EDGE('',*,*,#10771,.T.);
#10771 = EDGE_CURVE('',#10749,#3182,#10772,.T.);
#10772 = SURFACE_CURVE('',#10773,(#10777,#10784),.PCURVE_S1.);
#10773 = LINE('',#10774,#10775);
#10774 = CARTESIAN_POINT('',(31.594140625,56.07939453125,7.65));
#10775 = VECTOR('',#10776,1.);
#10776 = DIRECTION('',(0.,0.,1.));
#10777 = PCURVE('',#3222,#10778);
#10778 = DEFINITIONAL_REPRESENTATION('',(#10779),#10783);
#10779 = LINE('',#10780,#10781);
#10780 = CARTESIAN_POINT('',(0.,0.));
#10781 = VECTOR('',#10782,1.);
#10782 = DIRECTION('',(0.,-1.));
#10783 = ( GEOMETRIC_REPRESENTATION_CONTEXT(2) 
PARAMETRIC_REPRESENTATION_CONTEXT() REPRESENTATION_CONTEXT('2D SPACE',''
  ) );
#10784 = PCURVE('',#3196,#10785);
#10785 = DEFINITIONAL_REPRESENTATION('',(#10786),#10790);
#10786 = LINE('',#10787,#10788);
#10787 = CARTESIAN_POINT('',(2.004296875,0.));
#10788 = VECTOR('',#10789,1.);
#10789 = DIRECTION('',(0.,-1.));
#10790 = ( GEOMETRIC_REPRESENTATION_CONTEXT(2) 
PARAMETRIC_REPRESENTATION_CONTEXT() REPRESENTATION_CONTEXT('2D SPACE',''
  ) );
#10791 = ORIENTED_EDGE('',*,*,#3207,.F.);
#10792 = ORIENTED_EDGE('',*,*,#10722,.F.);
#10793 = ADVANCED_FACE('',(#10794),#3196,.F.);
#10794 = FACE_BOUND('',#10795,.F.);
#10795 = EDGE_LOOP('',(#10796,#10817,#10818,#10819));
#10796 = ORIENTED_EDGE('',*,*,#10797,.F.);
#10797 = EDGE_CURVE('',#9891,#10749,#10798,.T.);
#10798 = SURFACE_CURVE('',#10799,(#10803,#10810),.PCURVE_S1.);
#10799 = LINE('',#10800,#10801);
#10800 = CARTESIAN_POINT('',(31.594140625,54.07509765625,7.65));
#10801 = VECTOR('',#10802,1.);
#10802 = DIRECTION('',(0.,1.,0.));
#10803 = PCURVE('',#3196,#10804);
#10804 = DEFINITIONAL_REPRESENTATION('',(#10805),#10809);
#10805 = LINE('',#10806,#10807);
#10806 = CARTESIAN_POINT('',(0.,0.));
#10807 = VECTOR('',#10808,1.);
#10808 = DIRECTION('',(1.,0.));
#10809 = ( GEOMETRIC_REPRESENTATION_CONTEXT(2) 
PARAMETRIC_REPRESENTATION_CONTEXT() REPRESENTATION_CONTEXT('2D SPACE',''
  ) );
#10810 = PCURVE('',#9906,#10811);
#10811 = DEFINITIONAL_REPRESENTATION('',(#10812),#10816);
#10812 = LINE('',#10813,#10814);
#10813 = CARTESIAN_POINT('',(0.2201171875,0.));
#10814 = VECTOR('',#10815,1.);
#10815 = DIRECTION('',(0.,1.));
#10816 = ( GEOMETRIC_REPRESENTATION_CONTEXT(2) 
PARAMETRIC_REPRESENTATION_CONTEXT() REPRESENTATION_CONTEXT('2D SPACE',''
  ) );
#10817 = ORIENTED_EDGE('',*,*,#9940,.T.);
#10818 = ORIENTED_EDGE('',*,*,#3181,.F.);
#10819 = ORIENTED_EDGE('',*,*,#10771,.F.);
#10820 = ADVANCED_FACE('',(#10821),#3830,.F.);
#10821 = FACE_BOUND('',#10822,.F.);
#10822 = EDGE_LOOP('',(#10823,#10853,#10874,#10875));
#10823 = ORIENTED_EDGE('',*,*,#10824,.F.);
#10824 = EDGE_CURVE('',#10825,#10827,#10829,.T.);
#10825 = VERTEX_POINT('',#10826);
#10826 = CARTESIAN_POINT('',(33.82265625,54.31162109375,7.65));
#10827 = VERTEX_POINT('',#10828);
#10828 = CARTESIAN_POINT('',(34.8056640625,54.31162109375,7.65));
#10829 = SURFACE_CURVE('',#10830,(#10834,#10841),.PCURVE_S1.);
#10830 = LINE('',#10831,#10832);
#10831 = CARTESIAN_POINT('',(33.82265625,54.31162109375,7.65));
#10832 = VECTOR('',#10833,1.);
#10833 = DIRECTION('',(1.,0.,0.));
#10834 = PCURVE('',#3830,#10835);
#10835 = DEFINITIONAL_REPRESENTATION('',(#10836),#10840);
#10836 = LINE('',#10837,#10838);
#10837 = CARTESIAN_POINT('',(0.,0.));
#10838 = VECTOR('',#10839,1.);
#10839 = DIRECTION('',(1.,0.));
#10840 = ( GEOMETRIC_REPRESENTATION_CONTEXT(2) 
PARAMETRIC_REPRESENTATION_CONTEXT() REPRESENTATION_CONTEXT('2D SPACE',''
  ) );
#10841 = PCURVE('',#10842,#10847);
#10842 = PLANE('',#10843);
#10843 = AXIS2_PLACEMENT_3D('',#10844,#10845,#10846);
#10844 = CARTESIAN_POINT('',(33.39609375,54.07509765625,7.65));
#10845 = DIRECTION('',(0.,0.,1.));
#10846 = DIRECTION('',(1.,0.,0.));
#10847 = DEFINITIONAL_REPRESENTATION('',(#10848),#10852);
#10848 = LINE('',#10849,#10850);
#10849 = CARTESIAN_POINT('',(0.4265625,0.2365234375));
#10850 = VECTOR('',#10851,1.);
#10851 = DIRECTION('',(1.,0.));
#10852 = ( GEOMETRIC_REPRESENTATION_CONTEXT(2) 
PARAMETRIC_REPRESENTATION_CONTEXT() REPRESENTATION_CONTEXT('2D SPACE',''
  ) );
#10853 = ORIENTED_EDGE('',*,*,#10854,.T.);
#10854 = EDGE_CURVE('',#10825,#3816,#10855,.T.);
#10855 = SURFACE_CURVE('',#10856,(#10860,#10867),.PCURVE_S1.);
#10856 = LINE('',#10857,#10858);
#10857 = CARTESIAN_POINT('',(33.82265625,54.31162109375,7.65));
#10858 = VECTOR('',#10859,1.);
#10859 = DIRECTION('',(0.,0.,1.));
#10860 = PCURVE('',#3830,#10861);
#10861 = DEFINITIONAL_REPRESENTATION('',(#10862),#10866);
#10862 = LINE('',#10863,#10864);
#10863 = CARTESIAN_POINT('',(0.,0.));
#10864 = VECTOR('',#10865,1.);
#10865 = DIRECTION('',(0.,-1.));
#10866 = ( GEOMETRIC_REPRESENTATION_CONTEXT(2) 
PARAMETRIC_REPRESENTATION_CONTEXT() REPRESENTATION_CONTEXT('2D SPACE',''
  ) );
#10867 = PCURVE('',#4714,#10868);
#10868 = DEFINITIONAL_REPRESENTATION('',(#10869),#10873);
#10869 = LINE('',#10870,#10871);
#10870 = CARTESIAN_POINT('',(1.,0.));
#10871 = VECTOR('',#10872,1.);
#10872 = DIRECTION('',(0.,-1.));
#10873 = ( GEOMETRIC_REPRESENTATION_CONTEXT(2) 
PARAMETRIC_REPRESENTATION_CONTEXT() REPRESENTATION_CONTEXT('2D SPACE',''
  ) );
#10874 = ORIENTED_EDGE('',*,*,#3813,.F.);
#10875 = ORIENTED_EDGE('',*,*,#10876,.F.);
#10876 = EDGE_CURVE('',#10827,#3814,#10877,.T.);
#10877 = SURFACE_CURVE('',#10878,(#10882,#10889),.PCURVE_S1.);
#10878 = LINE('',#10879,#10880);
#10879 = CARTESIAN_POINT('',(34.8056640625,54.31162109375,7.65));
#10880 = VECTOR('',#10881,1.);
#10881 = DIRECTION('',(0.,0.,1.));
#10882 = PCURVE('',#3830,#10883);
#10883 = DEFINITIONAL_REPRESENTATION('',(#10884),#10888);
#10884 = LINE('',#10885,#10886);
#10885 = CARTESIAN_POINT('',(0.9830078125,0.));
#10886 = VECTOR('',#10887,1.);
#10887 = DIRECTION('',(0.,-1.));
#10888 = ( GEOMETRIC_REPRESENTATION_CONTEXT(2) 
PARAMETRIC_REPRESENTATION_CONTEXT() REPRESENTATION_CONTEXT('2D SPACE',''
  ) );
#10889 = PCURVE('',#3856,#10890);
#10890 = DEFINITIONAL_REPRESENTATION('',(#10891),#10895);
#10891 = LINE('',#10892,#10893);
#10892 = CARTESIAN_POINT('',(0.,0.));
#10893 = VECTOR('',#10894,1.);
#10894 = DIRECTION('',(0.,-1.));
#10895 = ( GEOMETRIC_REPRESENTATION_CONTEXT(2) 
PARAMETRIC_REPRESENTATION_CONTEXT() REPRESENTATION_CONTEXT('2D SPACE',''
  ) );
#10896 = ADVANCED_FACE('',(#10897),#4714,.F.);
#10897 = FACE_BOUND('',#10898,.F.);
#10898 = EDGE_LOOP('',(#10899,#10922,#10943,#10944));
#10899 = ORIENTED_EDGE('',*,*,#10900,.F.);
#10900 = EDGE_CURVE('',#10901,#10825,#10903,.T.);
#10901 = VERTEX_POINT('',#10902);
#10902 = CARTESIAN_POINT('',(33.9265625,54.444921875,7.65));
#10903 = SURFACE_CURVE('',#10904,(#10908,#10915),.PCURVE_S1.);
#10904 = B_SPLINE_CURVE_WITH_KNOTS('',2,(#10905,#10906,#10907),
  .UNSPECIFIED.,.F.,.F.,(3,3),(0.,1.),.PIECEWISE_BEZIER_KNOTS.);
#10905 = CARTESIAN_POINT('',(33.9265625,54.444921875,7.65));
#10906 = CARTESIAN_POINT('',(33.863671875,54.37861328125,7.65));
#10907 = CARTESIAN_POINT('',(33.82265625,54.31162109375,7.65));
#10908 = PCURVE('',#4714,#10909);
#10909 = DEFINITIONAL_REPRESENTATION('',(#10910),#10914);
#10910 = LINE('',#10911,#10912);
#10911 = CARTESIAN_POINT('',(0.,0.));
#10912 = VECTOR('',#10913,1.);
#10913 = DIRECTION('',(1.,0.));
#10914 = ( GEOMETRIC_REPRESENTATION_CONTEXT(2) 
PARAMETRIC_REPRESENTATION_CONTEXT() REPRESENTATION_CONTEXT('2D SPACE',''
  ) );
#10915 = PCURVE('',#10842,#10916);
#10916 = DEFINITIONAL_REPRESENTATION('',(#10917),#10921);
#10917 = B_SPLINE_CURVE_WITH_KNOTS('',2,(#10918,#10919,#10920),
  .UNSPECIFIED.,.F.,.F.,(3,3),(0.,1.),.PIECEWISE_BEZIER_KNOTS.);
#10918 = CARTESIAN_POINT('',(0.53046875,0.36982421875));
#10919 = CARTESIAN_POINT('',(0.467578125,0.303515625));
#10920 = CARTESIAN_POINT('',(0.4265625,0.2365234375));
#10921 = ( GEOMETRIC_REPRESENTATION_CONTEXT(2) 
PARAMETRIC_REPRESENTATION_CONTEXT() REPRESENTATION_CONTEXT('2D SPACE',''
  ) );
#10922 = ORIENTED_EDGE('',*,*,#10923,.T.);
#10923 = EDGE_CURVE('',#10901,#4655,#10924,.T.);
#10924 = SURFACE_CURVE('',#10925,(#10929,#10936),.PCURVE_S1.);
#10925 = LINE('',#10926,#10927);
#10926 = CARTESIAN_POINT('',(33.9265625,54.444921875,7.65));
#10927 = VECTOR('',#10928,1.);
#10928 = DIRECTION('',(0.,0.,1.));
#10929 = PCURVE('',#4714,#10930);
#10930 = DEFINITIONAL_REPRESENTATION('',(#10931),#10935);
#10931 = LINE('',#10932,#10933);
#10932 = CARTESIAN_POINT('',(0.,0.));
#10933 = VECTOR('',#10934,1.);
#10934 = DIRECTION('',(0.,-1.));
#10935 = ( GEOMETRIC_REPRESENTATION_CONTEXT(2) 
PARAMETRIC_REPRESENTATION_CONTEXT() REPRESENTATION_CONTEXT('2D SPACE',''
  ) );
#10936 = PCURVE('',#4678,#10937);
#10937 = DEFINITIONAL_REPRESENTATION('',(#10938),#10942);
#10938 = LINE('',#10939,#10940);
#10939 = CARTESIAN_POINT('',(1.,0.));
#10940 = VECTOR('',#10941,1.);
#10941 = DIRECTION('',(0.,-1.));
#10942 = ( GEOMETRIC_REPRESENTATION_CONTEXT(2) 
PARAMETRIC_REPRESENTATION_CONTEXT() REPRESENTATION_CONTEXT('2D SPACE',''
  ) );
#10943 = ORIENTED_EDGE('',*,*,#4696,.F.);
#10944 = ORIENTED_EDGE('',*,*,#10854,.F.);
#10945 = ADVANCED_FACE('',(#10946),#4678,.F.);
#10946 = FACE_BOUND('',#10947,.F.);
#10947 = EDGE_LOOP('',(#10948,#10971,#10992,#10993));
#10948 = ORIENTED_EDGE('',*,*,#10949,.F.);
#10949 = EDGE_CURVE('',#10950,#10901,#10952,.T.);
#10950 = VERTEX_POINT('',#10951);
#10951 = CARTESIAN_POINT('',(34.2109375,54.69716796875,7.65));
#10952 = SURFACE_CURVE('',#10953,(#10957,#10964),.PCURVE_S1.);
#10953 = B_SPLINE_CURVE_WITH_KNOTS('',2,(#10954,#10955,#10956),
  .UNSPECIFIED.,.F.,.F.,(3,3),(0.,1.),.PIECEWISE_BEZIER_KNOTS.);
#10954 = CARTESIAN_POINT('',(34.2109375,54.69716796875,7.65));
#10955 = CARTESIAN_POINT('',(33.989453125,54.51123046875,7.65));
#10956 = CARTESIAN_POINT('',(33.9265625,54.444921875,7.65));
#10957 = PCURVE('',#4678,#10958);
#10958 = DEFINITIONAL_REPRESENTATION('',(#10959),#10963);
#10959 = LINE('',#10960,#10961);
#10960 = CARTESIAN_POINT('',(0.,0.));
#10961 = VECTOR('',#10962,1.);
#10962 = DIRECTION('',(1.,0.));
#10963 = ( GEOMETRIC_REPRESENTATION_CONTEXT(2) 
PARAMETRIC_REPRESENTATION_CONTEXT() REPRESENTATION_CONTEXT('2D SPACE',''
  ) );
#10964 = PCURVE('',#10842,#10965);
#10965 = DEFINITIONAL_REPRESENTATION('',(#10966),#10970);
#10966 = B_SPLINE_CURVE_WITH_KNOTS('',2,(#10967,#10968,#10969),
  .UNSPECIFIED.,.F.,.F.,(3,3),(0.,1.),.PIECEWISE_BEZIER_KNOTS.);
#10967 = CARTESIAN_POINT('',(0.81484375,0.6220703125));
#10968 = CARTESIAN_POINT('',(0.593359375,0.4361328125));
#10969 = CARTESIAN_POINT('',(0.53046875,0.36982421875));
#10970 = ( GEOMETRIC_REPRESENTATION_CONTEXT(2) 
PARAMETRIC_REPRESENTATION_CONTEXT() REPRESENTATION_CONTEXT('2D SPACE',''
  ) );
#10971 = ORIENTED_EDGE('',*,*,#10972,.T.);
#10972 = EDGE_CURVE('',#10950,#4613,#10973,.T.);
#10973 = SURFACE_CURVE('',#10974,(#10978,#10985),.PCURVE_S1.);
#10974 = LINE('',#10975,#10976);
#10975 = CARTESIAN_POINT('',(34.2109375,54.69716796875,7.65));
#10976 = VECTOR('',#10977,1.);
#10977 = DIRECTION('',(0.,0.,1.));
#10978 = PCURVE('',#4678,#10979);
#10979 = DEFINITIONAL_REPRESENTATION('',(#10980),#10984);
#10980 = LINE('',#10981,#10982);
#10981 = CARTESIAN_POINT('',(0.,0.));
#10982 = VECTOR('',#10983,1.);
#10983 = DIRECTION('',(0.,-1.));
#10984 = ( GEOMETRIC_REPRESENTATION_CONTEXT(2) 
PARAMETRIC_REPRESENTATION_CONTEXT() REPRESENTATION_CONTEXT('2D SPACE',''
  ) );
#10985 = PCURVE('',#4636,#10986);
#10986 = DEFINITIONAL_REPRESENTATION('',(#10987),#10991);
#10987 = LINE('',#10988,#10989);
#10988 = CARTESIAN_POINT('',(1.,0.));
#10989 = VECTOR('',#10990,1.);
#10990 = DIRECTION('',(0.,-1.));
#10991 = ( GEOMETRIC_REPRESENTATION_CONTEXT(2) 
PARAMETRIC_REPRESENTATION_CONTEXT() REPRESENTATION_CONTEXT('2D SPACE',''
  ) );
#10992 = ORIENTED_EDGE('',*,*,#4654,.F.);
#10993 = ORIENTED_EDGE('',*,*,#10923,.F.);
#10994 = ADVANCED_FACE('',(#10995),#4636,.F.);
#10995 = FACE_BOUND('',#10996,.F.);
#10996 = EDGE_LOOP('',(#10997,#11020,#11041,#11042));
#10997 = ORIENTED_EDGE('',*,*,#10998,.F.);
#10998 = EDGE_CURVE('',#10999,#10950,#11001,.T.);
#10999 = VERTEX_POINT('',#11000);
#11000 = CARTESIAN_POINT('',(34.59033203125,55.04990234375,7.65));
#11001 = SURFACE_CURVE('',#11002,(#11006,#11013),.PCURVE_S1.);
#11002 = B_SPLINE_CURVE_WITH_KNOTS('',2,(#11003,#11004,#11005),
  .UNSPECIFIED.,.F.,.F.,(3,3),(0.,1.),.PIECEWISE_BEZIER_KNOTS.);
#11003 = CARTESIAN_POINT('',(34.59033203125,55.04990234375,7.65));
#11004 = CARTESIAN_POINT('',(34.476171875,54.92138671875,7.65));
#11005 = CARTESIAN_POINT('',(34.2109375,54.69716796875,7.65));
#11006 = PCURVE('',#4636,#11007);
#11007 = DEFINITIONAL_REPRESENTATION('',(#11008),#11012);
#11008 = LINE('',#11009,#11010);
#11009 = CARTESIAN_POINT('',(0.,0.));
#11010 = VECTOR('',#11011,1.);
#11011 = DIRECTION('',(1.,0.));
#11012 = ( GEOMETRIC_REPRESENTATION_CONTEXT(2) 
PARAMETRIC_REPRESENTATION_CONTEXT() REPRESENTATION_CONTEXT('2D SPACE',''
  ) );
#11013 = PCURVE('',#10842,#11014);
#11014 = DEFINITIONAL_REPRESENTATION('',(#11015),#11019);
#11015 = B_SPLINE_CURVE_WITH_KNOTS('',2,(#11016,#11017,#11018),
  .UNSPECIFIED.,.F.,.F.,(3,3),(0.,1.),.PIECEWISE_BEZIER_KNOTS.);
#11016 = CARTESIAN_POINT('',(1.19423828125,0.9748046875));
#11017 = CARTESIAN_POINT('',(1.080078125,0.8462890625));
#11018 = CARTESIAN_POINT('',(0.81484375,0.6220703125));
#11019 = ( GEOMETRIC_REPRESENTATION_CONTEXT(2) 
PARAMETRIC_REPRESENTATION_CONTEXT() REPRESENTATION_CONTEXT('2D SPACE',''
  ) );
#11020 = ORIENTED_EDGE('',*,*,#11021,.T.);
#11021 = EDGE_CURVE('',#10999,#4574,#11022,.T.);
#11022 = SURFACE_CURVE('',#11023,(#11027,#11034),.PCURVE_S1.);
#11023 = LINE('',#11024,#11025);
#11024 = CARTESIAN_POINT('',(34.59033203125,55.04990234375,7.65));
#11025 = VECTOR('',#11026,1.);
#11026 = DIRECTION('',(0.,0.,1.));
#11027 = PCURVE('',#4636,#11028);
#11028 = DEFINITIONAL_REPRESENTATION('',(#11029),#11033);
#11029 = LINE('',#11030,#11031);
#11030 = CARTESIAN_POINT('',(0.,0.));
#11031 = VECTOR('',#11032,1.);
#11032 = DIRECTION('',(0.,-1.));
#11033 = ( GEOMETRIC_REPRESENTATION_CONTEXT(2) 
PARAMETRIC_REPRESENTATION_CONTEXT() REPRESENTATION_CONTEXT('2D SPACE',''
  ) );
#11034 = PCURVE('',#4595,#11035);
#11035 = DEFINITIONAL_REPRESENTATION('',(#11036),#11040);
#11036 = LINE('',#11037,#11038);
#11037 = CARTESIAN_POINT('',(1.,0.));
#11038 = VECTOR('',#11039,1.);
#11039 = DIRECTION('',(0.,-1.));
#11040 = ( GEOMETRIC_REPRESENTATION_CONTEXT(2) 
PARAMETRIC_REPRESENTATION_CONTEXT() REPRESENTATION_CONTEXT('2D SPACE',''
  ) );
#11041 = ORIENTED_EDGE('',*,*,#4612,.F.);
#11042 = ORIENTED_EDGE('',*,*,#10972,.F.);
#11043 = ADVANCED_FACE('',(#11044),#4595,.F.);
#11044 = FACE_BOUND('',#11045,.F.);
#11045 = EDGE_LOOP('',(#11046,#11069,#11090,#11091));
#11046 = ORIENTED_EDGE('',*,*,#11047,.F.);
#11047 = EDGE_CURVE('',#11048,#10999,#11050,.T.);
#11048 = VERTEX_POINT('',#11049);
#11049 = CARTESIAN_POINT('',(34.7537109375,55.29462890625,7.65));
#11050 = SURFACE_CURVE('',#11051,(#11055,#11062),.PCURVE_S1.);
#11051 = B_SPLINE_CURVE_WITH_KNOTS('',2,(#11052,#11053,#11054),
  .UNSPECIFIED.,.F.,.F.,(3,3),(0.,1.),.PIECEWISE_BEZIER_KNOTS.);
#11052 = CARTESIAN_POINT('',(34.7537109375,55.29462890625,7.65));
#11053 = CARTESIAN_POINT('',(34.7044921875,55.17841796875,7.65));
#11054 = CARTESIAN_POINT('',(34.59033203125,55.04990234375,7.65));
#11055 = PCURVE('',#4595,#11056);
#11056 = DEFINITIONAL_REPRESENTATION('',(#11057),#11061);
#11057 = LINE('',#11058,#11059);
#11058 = CARTESIAN_POINT('',(0.,0.));
#11059 = VECTOR('',#11060,1.);
#11060 = DIRECTION('',(1.,0.));
#11061 = ( GEOMETRIC_REPRESENTATION_CONTEXT(2) 
PARAMETRIC_REPRESENTATION_CONTEXT() REPRESENTATION_CONTEXT('2D SPACE',''
  ) );
#11062 = PCURVE('',#10842,#11063);
#11063 = DEFINITIONAL_REPRESENTATION('',(#11064),#11068);
#11064 = B_SPLINE_CURVE_WITH_KNOTS('',2,(#11065,#11066,#11067),
  .UNSPECIFIED.,.F.,.F.,(3,3),(0.,1.),.PIECEWISE_BEZIER_KNOTS.);
#11065 = CARTESIAN_POINT('',(1.3576171875,1.21953125));
#11066 = CARTESIAN_POINT('',(1.3083984375,1.1033203125));
#11067 = CARTESIAN_POINT('',(1.19423828125,0.9748046875));
#11068 = ( GEOMETRIC_REPRESENTATION_CONTEXT(2) 
PARAMETRIC_REPRESENTATION_CONTEXT() REPRESENTATION_CONTEXT('2D SPACE',''
  ) );
#11069 = ORIENTED_EDGE('',*,*,#11070,.T.);
#11070 = EDGE_CURVE('',#11048,#4529,#11071,.T.);
#11071 = SURFACE_CURVE('',#11072,(#11076,#11083),.PCURVE_S1.);
#11072 = LINE('',#11073,#11074);
#11073 = CARTESIAN_POINT('',(34.7537109375,55.29462890625,7.65));
#11074 = VECTOR('',#11075,1.);
#11075 = DIRECTION('',(0.,0.,1.));
#11076 = PCURVE('',#4595,#11077);
#11077 = DEFINITIONAL_REPRESENTATION('',(#11078),#11082);
#11078 = LINE('',#11079,#11080);
#11079 = CARTESIAN_POINT('',(0.,0.));
#11080 = VECTOR('',#11081,1.);
#11081 = DIRECTION('',(0.,-1.));
#11082 = ( GEOMETRIC_REPRESENTATION_CONTEXT(2) 
PARAMETRIC_REPRESENTATION_CONTEXT() REPRESENTATION_CONTEXT('2D SPACE',''
  ) );
#11083 = PCURVE('',#4554,#11084);
#11084 = DEFINITIONAL_REPRESENTATION('',(#11085),#11089);
#11085 = LINE('',#11086,#11087);
#11086 = CARTESIAN_POINT('',(1.,0.));
#11087 = VECTOR('',#11088,1.);
#11088 = DIRECTION('',(0.,-1.));
#11089 = ( GEOMETRIC_REPRESENTATION_CONTEXT(2) 
PARAMETRIC_REPRESENTATION_CONTEXT() REPRESENTATION_CONTEXT('2D SPACE',''
  ) );
#11090 = ORIENTED_EDGE('',*,*,#4573,.F.);
#11091 = ORIENTED_EDGE('',*,*,#11021,.F.);
#11092 = ADVANCED_FACE('',(#11093),#4554,.F.);
#11093 = FACE_BOUND('',#11094,.F.);
#11094 = EDGE_LOOP('',(#11095,#11118,#11139,#11140));
#11095 = ORIENTED_EDGE('',*,*,#11096,.F.);
#11096 = EDGE_CURVE('',#11097,#11048,#11099,.T.);
#11097 = VERTEX_POINT('',#11098);
#11098 = CARTESIAN_POINT('',(34.8029296875,55.53115234375,7.65));
#11099 = SURFACE_CURVE('',#11100,(#11104,#11111),.PCURVE_S1.);
#11100 = B_SPLINE_CURVE_WITH_KNOTS('',2,(#11101,#11102,#11103),
  .UNSPECIFIED.,.F.,.F.,(3,3),(0.,1.),.PIECEWISE_BEZIER_KNOTS.);
#11101 = CARTESIAN_POINT('',(34.8029296875,55.53115234375,7.65));
#11102 = CARTESIAN_POINT('',(34.8029296875,55.41083984375,7.65));
#11103 = CARTESIAN_POINT('',(34.7537109375,55.29462890625,7.65));
#11104 = PCURVE('',#4554,#11105);
#11105 = DEFINITIONAL_REPRESENTATION('',(#11106),#11110);
#11106 = LINE('',#11107,#11108);
#11107 = CARTESIAN_POINT('',(0.,0.));
#11108 = VECTOR('',#11109,1.);
#11109 = DIRECTION('',(1.,0.));
#11110 = ( GEOMETRIC_REPRESENTATION_CONTEXT(2) 
PARAMETRIC_REPRESENTATION_CONTEXT() REPRESENTATION_CONTEXT('2D SPACE',''
  ) );
#11111 = PCURVE('',#10842,#11112);
#11112 = DEFINITIONAL_REPRESENTATION('',(#11113),#11117);
#11113 = B_SPLINE_CURVE_WITH_KNOTS('',2,(#11114,#11115,#11116),
  .UNSPECIFIED.,.F.,.F.,(3,3),(0.,1.),.PIECEWISE_BEZIER_KNOTS.);
#11114 = CARTESIAN_POINT('',(1.4068359375,1.4560546875));
#11115 = CARTESIAN_POINT('',(1.4068359375,1.3357421875));
#11116 = CARTESIAN_POINT('',(1.3576171875,1.21953125));
#11117 = ( GEOMETRIC_REPRESENTATION_CONTEXT(2) 
PARAMETRIC_REPRESENTATION_CONTEXT() REPRESENTATION_CONTEXT('2D SPACE',''
  ) );
#11118 = ORIENTED_EDGE('',*,*,#11119,.T.);
#11119 = EDGE_CURVE('',#11097,#4478,#11120,.T.);
#11120 = SURFACE_CURVE('',#11121,(#11125,#11132),.PCURVE_S1.);
#11121 = LINE('',#11122,#11123);
#11122 = CARTESIAN_POINT('',(34.8029296875,55.53115234375,7.65));
#11123 = VECTOR('',#11124,1.);
#11124 = DIRECTION('',(0.,0.,1.));
#11125 = PCURVE('',#4554,#11126);
#11126 = DEFINITIONAL_REPRESENTATION('',(#11127),#11131);
#11127 = LINE('',#11128,#11129);
#11128 = CARTESIAN_POINT('',(0.,0.));
#11129 = VECTOR('',#11130,1.);
#11130 = DIRECTION('',(0.,-1.));
#11131 = ( GEOMETRIC_REPRESENTATION_CONTEXT(2) 
PARAMETRIC_REPRESENTATION_CONTEXT() REPRESENTATION_CONTEXT('2D SPACE',''
  ) );
#11132 = PCURVE('',#4507,#11133);
#11133 = DEFINITIONAL_REPRESENTATION('',(#11134),#11138);
#11134 = LINE('',#11135,#11136);
#11135 = CARTESIAN_POINT('',(1.,0.));
#11136 = VECTOR('',#11137,1.);
#11137 = DIRECTION('',(0.,-1.));
#11138 = ( GEOMETRIC_REPRESENTATION_CONTEXT(2) 
PARAMETRIC_REPRESENTATION_CONTEXT() REPRESENTATION_CONTEXT('2D SPACE',''
  ) );
#11139 = ORIENTED_EDGE('',*,*,#4528,.F.);
#11140 = ORIENTED_EDGE('',*,*,#11070,.F.);
#11141 = ADVANCED_FACE('',(#11142),#4507,.F.);
#11142 = FACE_BOUND('',#11143,.F.);
#11143 = EDGE_LOOP('',(#11144,#11167,#11188,#11189));
#11144 = ORIENTED_EDGE('',*,*,#11145,.F.);
#11145 = EDGE_CURVE('',#11146,#11097,#11148,.T.);
#11146 = VERTEX_POINT('',#11147);
#11147 = CARTESIAN_POINT('',(34.634765625,55.92763671875,7.65));
#11148 = SURFACE_CURVE('',#11149,(#11153,#11160),.PCURVE_S1.);
#11149 = B_SPLINE_CURVE_WITH_KNOTS('',2,(#11150,#11151,#11152),
  .UNSPECIFIED.,.F.,.F.,(3,3),(0.,1.),.PIECEWISE_BEZIER_KNOTS.);
#11150 = CARTESIAN_POINT('',(34.634765625,55.92763671875,7.65));
#11151 = CARTESIAN_POINT('',(34.8029296875,55.76767578125,7.65));
#11152 = CARTESIAN_POINT('',(34.8029296875,55.53115234375,7.65));
#11153 = PCURVE('',#4507,#11154);
#11154 = DEFINITIONAL_REPRESENTATION('',(#11155),#11159);
#11155 = LINE('',#11156,#11157);
#11156 = CARTESIAN_POINT('',(0.,0.));
#11157 = VECTOR('',#11158,1.);
#11158 = DIRECTION('',(1.,0.));
#11159 = ( GEOMETRIC_REPRESENTATION_CONTEXT(2) 
PARAMETRIC_REPRESENTATION_CONTEXT() REPRESENTATION_CONTEXT('2D SPACE',''
  ) );
#11160 = PCURVE('',#10842,#11161);
#11161 = DEFINITIONAL_REPRESENTATION('',(#11162),#11166);
#11162 = B_SPLINE_CURVE_WITH_KNOTS('',2,(#11163,#11164,#11165),
  .UNSPECIFIED.,.F.,.F.,(3,3),(0.,1.),.PIECEWISE_BEZIER_KNOTS.);
#11163 = CARTESIAN_POINT('',(1.238671875,1.8525390625));
#11164 = CARTESIAN_POINT('',(1.4068359375,1.692578125));
#11165 = CARTESIAN_POINT('',(1.4068359375,1.4560546875));
#11166 = ( GEOMETRIC_REPRESENTATION_CONTEXT(2) 
PARAMETRIC_REPRESENTATION_CONTEXT() REPRESENTATION_CONTEXT('2D SPACE',''
  ) );
#11167 = ORIENTED_EDGE('',*,*,#11168,.T.);
#11168 = EDGE_CURVE('',#11146,#4427,#11169,.T.);
#11169 = SURFACE_CURVE('',#11170,(#11174,#11181),.PCURVE_S1.);
#11170 = LINE('',#11171,#11172);
#11171 = CARTESIAN_POINT('',(34.634765625,55.92763671875,7.65));
#11172 = VECTOR('',#11173,1.);
#11173 = DIRECTION('',(0.,0.,1.));
#11174 = PCURVE('',#4507,#11175);
#11175 = DEFINITIONAL_REPRESENTATION('',(#11176),#11180);
#11176 = LINE('',#11177,#11178);
#11177 = CARTESIAN_POINT('',(0.,0.));
#11178 = VECTOR('',#11179,1.);
#11179 = DIRECTION('',(0.,-1.));
#11180 = ( GEOMETRIC_REPRESENTATION_CONTEXT(2) 
PARAMETRIC_REPRESENTATION_CONTEXT() REPRESENTATION_CONTEXT('2D SPACE',''
  ) );
#11181 = PCURVE('',#4456,#11182);
#11182 = DEFINITIONAL_REPRESENTATION('',(#11183),#11187);
#11183 = LINE('',#11184,#11185);
#11184 = CARTESIAN_POINT('',(1.,0.));
#11185 = VECTOR('',#11186,1.);
#11186 = DIRECTION('',(0.,-1.));
#11187 = ( GEOMETRIC_REPRESENTATION_CONTEXT(2) 
PARAMETRIC_REPRESENTATION_CONTEXT() REPRESENTATION_CONTEXT('2D SPACE',''
  ) );
#11188 = ORIENTED_EDGE('',*,*,#4477,.F.);
#11189 = ORIENTED_EDGE('',*,*,#11119,.F.);
#11190 = ADVANCED_FACE('',(#11191),#4456,.F.);
#11191 = FACE_BOUND('',#11192,.F.);
#11192 = EDGE_LOOP('',(#11193,#11216,#11237,#11238));
#11193 = ORIENTED_EDGE('',*,*,#11194,.F.);
#11194 = EDGE_CURVE('',#11195,#11146,#11197,.T.);
#11195 = VERTEX_POINT('',#11196);
#11196 = CARTESIAN_POINT('',(34.178125,56.08759765625,7.65));
#11197 = SURFACE_CURVE('',#11198,(#11202,#11209),.PCURVE_S1.);
#11198 = B_SPLINE_CURVE_WITH_KNOTS('',2,(#11199,#11200,#11201),
  .UNSPECIFIED.,.F.,.F.,(3,3),(0.,1.),.PIECEWISE_BEZIER_KNOTS.);
#11199 = CARTESIAN_POINT('',(34.178125,56.08759765625,7.65));
#11200 = CARTESIAN_POINT('',(34.4666015625,56.08759765625,7.65));
#11201 = CARTESIAN_POINT('',(34.634765625,55.92763671875,7.65));
#11202 = PCURVE('',#4456,#11203);
#11203 = DEFINITIONAL_REPRESENTATION('',(#11204),#11208);
#11204 = LINE('',#11205,#11206);
#11205 = CARTESIAN_POINT('',(0.,0.));
#11206 = VECTOR('',#11207,1.);
#11207 = DIRECTION('',(1.,0.));
#11208 = ( GEOMETRIC_REPRESENTATION_CONTEXT(2) 
PARAMETRIC_REPRESENTATION_CONTEXT() REPRESENTATION_CONTEXT('2D SPACE',''
  ) );
#11209 = PCURVE('',#10842,#11210);
#11210 = DEFINITIONAL_REPRESENTATION('',(#11211),#11215);
#11211 = B_SPLINE_CURVE_WITH_KNOTS('',2,(#11212,#11213,#11214),
  .UNSPECIFIED.,.F.,.F.,(3,3),(0.,1.),.PIECEWISE_BEZIER_KNOTS.);
#11212 = CARTESIAN_POINT('',(0.78203125,2.0125));
#11213 = CARTESIAN_POINT('',(1.0705078125,2.0125));
#11214 = CARTESIAN_POINT('',(1.238671875,1.8525390625));
#11215 = ( GEOMETRIC_REPRESENTATION_CONTEXT(2) 
PARAMETRIC_REPRESENTATION_CONTEXT() REPRESENTATION_CONTEXT('2D SPACE',''
  ) );
#11216 = ORIENTED_EDGE('',*,*,#11217,.T.);
#11217 = EDGE_CURVE('',#11195,#4376,#11218,.T.);
#11218 = SURFACE_CURVE('',#11219,(#11223,#11230),.PCURVE_S1.);
#11219 = LINE('',#11220,#11221);
#11220 = CARTESIAN_POINT('',(34.178125,56.08759765625,7.65));
#11221 = VECTOR('',#11222,1.);
#11222 = DIRECTION('',(0.,0.,1.));
#11223 = PCURVE('',#4456,#11224);
#11224 = DEFINITIONAL_REPRESENTATION('',(#11225),#11229);
#11225 = LINE('',#11226,#11227);
#11226 = CARTESIAN_POINT('',(0.,0.));
#11227 = VECTOR('',#11228,1.);
#11228 = DIRECTION('',(0.,-1.));
#11229 = ( GEOMETRIC_REPRESENTATION_CONTEXT(2) 
PARAMETRIC_REPRESENTATION_CONTEXT() REPRESENTATION_CONTEXT('2D SPACE',''
  ) );
#11230 = PCURVE('',#4405,#11231);
#11231 = DEFINITIONAL_REPRESENTATION('',(#11232),#11236);
#11232 = LINE('',#11233,#11234);
#11233 = CARTESIAN_POINT('',(1.,0.));
#11234 = VECTOR('',#11235,1.);
#11235 = DIRECTION('',(0.,-1.));
#11236 = ( GEOMETRIC_REPRESENTATION_CONTEXT(2) 
PARAMETRIC_REPRESENTATION_CONTEXT() REPRESENTATION_CONTEXT('2D SPACE',''
  ) );
#11237 = ORIENTED_EDGE('',*,*,#4426,.F.);
#11238 = ORIENTED_EDGE('',*,*,#11168,.F.);
#11239 = ADVANCED_FACE('',(#11240),#4405,.F.);
#11240 = FACE_BOUND('',#11241,.F.);
#11241 = EDGE_LOOP('',(#11242,#11265,#11286,#11287));
#11242 = ORIENTED_EDGE('',*,*,#11243,.F.);
#11243 = EDGE_CURVE('',#11244,#11195,#11246,.T.);
#11244 = VERTEX_POINT('',#11245);
#11245 = CARTESIAN_POINT('',(33.7228515625,55.9392578125,7.65));
#11246 = SURFACE_CURVE('',#11247,(#11251,#11258),.PCURVE_S1.);
#11247 = B_SPLINE_CURVE_WITH_KNOTS('',2,(#11248,#11249,#11250),
  .UNSPECIFIED.,.F.,.F.,(3,3),(0.,1.),.PIECEWISE_BEZIER_KNOTS.);
#11248 = CARTESIAN_POINT('',(33.7228515625,55.9392578125,7.65));
#11249 = CARTESIAN_POINT('',(33.8923828125,56.08759765625,7.65));
#11250 = CARTESIAN_POINT('',(34.178125,56.08759765625,7.65));
#11251 = PCURVE('',#4405,#11252);
#11252 = DEFINITIONAL_REPRESENTATION('',(#11253),#11257);
#11253 = LINE('',#11254,#11255);
#11254 = CARTESIAN_POINT('',(0.,0.));
#11255 = VECTOR('',#11256,1.);
#11256 = DIRECTION('',(1.,0.));
#11257 = ( GEOMETRIC_REPRESENTATION_CONTEXT(2) 
PARAMETRIC_REPRESENTATION_CONTEXT() REPRESENTATION_CONTEXT('2D SPACE',''
  ) );
#11258 = PCURVE('',#10842,#11259);
#11259 = DEFINITIONAL_REPRESENTATION('',(#11260),#11264);
#11260 = B_SPLINE_CURVE_WITH_KNOTS('',2,(#11261,#11262,#11263),
  .UNSPECIFIED.,.F.,.F.,(3,3),(0.,1.),.PIECEWISE_BEZIER_KNOTS.);
#11261 = CARTESIAN_POINT('',(0.3267578125,1.86416015625));
#11262 = CARTESIAN_POINT('',(0.4962890625,2.0125));
#11263 = CARTESIAN_POINT('',(0.78203125,2.0125));
#11264 = ( GEOMETRIC_REPRESENTATION_CONTEXT(2) 
PARAMETRIC_REPRESENTATION_CONTEXT() REPRESENTATION_CONTEXT('2D SPACE',''
  ) );
#11265 = ORIENTED_EDGE('',*,*,#11266,.T.);
#11266 = EDGE_CURVE('',#11244,#4325,#11267,.T.);
#11267 = SURFACE_CURVE('',#11268,(#11272,#11279),.PCURVE_S1.);
#11268 = LINE('',#11269,#11270);
#11269 = CARTESIAN_POINT('',(33.7228515625,55.9392578125,7.65));
#11270 = VECTOR('',#11271,1.);
#11271 = DIRECTION('',(0.,0.,1.));
#11272 = PCURVE('',#4405,#11273);
#11273 = DEFINITIONAL_REPRESENTATION('',(#11274),#11278);
#11274 = LINE('',#11275,#11276);
#11275 = CARTESIAN_POINT('',(0.,0.));
#11276 = VECTOR('',#11277,1.);
#11277 = DIRECTION('',(0.,-1.));
#11278 = ( GEOMETRIC_REPRESENTATION_CONTEXT(2) 
PARAMETRIC_REPRESENTATION_CONTEXT() REPRESENTATION_CONTEXT('2D SPACE',''
  ) );
#11279 = PCURVE('',#4354,#11280);
#11280 = DEFINITIONAL_REPRESENTATION('',(#11281),#11285);
#11281 = LINE('',#11282,#11283);
#11282 = CARTESIAN_POINT('',(1.,0.));
#11283 = VECTOR('',#11284,1.);
#11284 = DIRECTION('',(0.,-1.));
#11285 = ( GEOMETRIC_REPRESENTATION_CONTEXT(2) 
PARAMETRIC_REPRESENTATION_CONTEXT() REPRESENTATION_CONTEXT('2D SPACE',''
  ) );
#11286 = ORIENTED_EDGE('',*,*,#4375,.F.);
#11287 = ORIENTED_EDGE('',*,*,#11217,.F.);
#11288 = ADVANCED_FACE('',(#11289),#4354,.F.);
#11289 = FACE_BOUND('',#11290,.F.);
#11290 = EDGE_LOOP('',(#11291,#11314,#11335,#11336));
#11291 = ORIENTED_EDGE('',*,*,#11292,.F.);
#11292 = EDGE_CURVE('',#11293,#11244,#11295,.T.);
#11293 = VERTEX_POINT('',#11294);
#11294 = CARTESIAN_POINT('',(33.52734375,55.50791015625,7.65));
#11295 = SURFACE_CURVE('',#11296,(#11300,#11307),.PCURVE_S1.);
#11296 = B_SPLINE_CURVE_WITH_KNOTS('',2,(#11297,#11298,#11299),
  .UNSPECIFIED.,.F.,.F.,(3,3),(0.,1.),.PIECEWISE_BEZIER_KNOTS.);
#11297 = CARTESIAN_POINT('',(33.52734375,55.50791015625,7.65));
#11298 = CARTESIAN_POINT('',(33.5533203125,55.79091796875,7.65));
#11299 = CARTESIAN_POINT('',(33.7228515625,55.9392578125,7.65));
#11300 = PCURVE('',#4354,#11301);
#11301 = DEFINITIONAL_REPRESENTATION('',(#11302),#11306);
#11302 = LINE('',#11303,#11304);
#11303 = CARTESIAN_POINT('',(0.,0.));
#11304 = VECTOR('',#11305,1.);
#11305 = DIRECTION('',(1.,0.));
#11306 = ( GEOMETRIC_REPRESENTATION_CONTEXT(2) 
PARAMETRIC_REPRESENTATION_CONTEXT() REPRESENTATION_CONTEXT('2D SPACE',''
  ) );
#11307 = PCURVE('',#10842,#11308);
#11308 = DEFINITIONAL_REPRESENTATION('',(#11309),#11313);
#11309 = B_SPLINE_CURVE_WITH_KNOTS('',2,(#11310,#11311,#11312),
  .UNSPECIFIED.,.F.,.F.,(3,3),(0.,1.),.PIECEWISE_BEZIER_KNOTS.);
#11310 = CARTESIAN_POINT('',(0.13125,1.4328125));
#11311 = CARTESIAN_POINT('',(0.1572265625,1.7158203125));
#11312 = CARTESIAN_POINT('',(0.3267578125,1.86416015625));
#11313 = ( GEOMETRIC_REPRESENTATION_CONTEXT(2) 
PARAMETRIC_REPRESENTATION_CONTEXT() REPRESENTATION_CONTEXT('2D SPACE',''
  ) );
#11314 = ORIENTED_EDGE('',*,*,#11315,.T.);
#11315 = EDGE_CURVE('',#11293,#4299,#11316,.T.);
#11316 = SURFACE_CURVE('',#11317,(#11321,#11328),.PCURVE_S1.);
#11317 = LINE('',#11318,#11319);
#11318 = CARTESIAN_POINT('',(33.52734375,55.50791015625,7.65));
#11319 = VECTOR('',#11320,1.);
#11320 = DIRECTION('',(0.,0.,1.));
#11321 = PCURVE('',#4354,#11322);
#11322 = DEFINITIONAL_REPRESENTATION('',(#11323),#11327);
#11323 = LINE('',#11324,#11325);
#11324 = CARTESIAN_POINT('',(0.,0.));
#11325 = VECTOR('',#11326,1.);
#11326 = DIRECTION('',(0.,-1.));
#11327 = ( GEOMETRIC_REPRESENTATION_CONTEXT(2) 
PARAMETRIC_REPRESENTATION_CONTEXT() REPRESENTATION_CONTEXT('2D SPACE',''
  ) );
#11328 = PCURVE('',#4313,#11329);
#11329 = DEFINITIONAL_REPRESENTATION('',(#11330),#11334);
#11330 = LINE('',#11331,#11332);
#11331 = CARTESIAN_POINT('',(0.254260119992,0.));
#11332 = VECTOR('',#11333,1.);
#11333 = DIRECTION('',(0.,-1.));
#11334 = ( GEOMETRIC_REPRESENTATION_CONTEXT(2) 
PARAMETRIC_REPRESENTATION_CONTEXT() REPRESENTATION_CONTEXT('2D SPACE',''
  ) );
#11335 = ORIENTED_EDGE('',*,*,#4324,.F.);
#11336 = ORIENTED_EDGE('',*,*,#11266,.F.);
#11337 = ADVANCED_FACE('',(#11338),#4313,.F.);
#11338 = FACE_BOUND('',#11339,.F.);
#11339 = EDGE_LOOP('',(#11340,#11363,#11384,#11385));
#11340 = ORIENTED_EDGE('',*,*,#11341,.F.);
#11341 = EDGE_CURVE('',#11342,#11293,#11344,.T.);
#11342 = VERTEX_POINT('',#11343);
#11343 = CARTESIAN_POINT('',(33.7802734375,55.48193359375,7.65));
#11344 = SURFACE_CURVE('',#11345,(#11349,#11356),.PCURVE_S1.);
#11345 = LINE('',#11346,#11347);
#11346 = CARTESIAN_POINT('',(33.7802734375,55.48193359375,7.65));
#11347 = VECTOR('',#11348,1.);
#11348 = DIRECTION('',(-0.994767435445,0.102165304181,0.));
#11349 = PCURVE('',#4313,#11350);
#11350 = DEFINITIONAL_REPRESENTATION('',(#11351),#11355);
#11351 = LINE('',#11352,#11353);
#11352 = CARTESIAN_POINT('',(0.,0.));
#11353 = VECTOR('',#11354,1.);
#11354 = DIRECTION('',(1.,0.));
#11355 = ( GEOMETRIC_REPRESENTATION_CONTEXT(2) 
PARAMETRIC_REPRESENTATION_CONTEXT() REPRESENTATION_CONTEXT('2D SPACE',''
  ) );
#11356 = PCURVE('',#10842,#11357);
#11357 = DEFINITIONAL_REPRESENTATION('',(#11358),#11362);
#11358 = LINE('',#11359,#11360);
#11359 = CARTESIAN_POINT('',(0.3841796875,1.4068359375));
#11360 = VECTOR('',#11361,1.);
#11361 = DIRECTION('',(-0.994767435445,0.102165304181));
#11362 = ( GEOMETRIC_REPRESENTATION_CONTEXT(2) 
PARAMETRIC_REPRESENTATION_CONTEXT() REPRESENTATION_CONTEXT('2D SPACE',''
  ) );
#11363 = ORIENTED_EDGE('',*,*,#11364,.T.);
#11364 = EDGE_CURVE('',#11342,#4248,#11365,.T.);
#11365 = SURFACE_CURVE('',#11366,(#11370,#11377),.PCURVE_S1.);
#11366 = LINE('',#11367,#11368);
#11367 = CARTESIAN_POINT('',(33.7802734375,55.48193359375,7.65));
#11368 = VECTOR('',#11369,1.);
#11369 = DIRECTION('',(0.,0.,1.));
#11370 = PCURVE('',#4313,#11371);
#11371 = DEFINITIONAL_REPRESENTATION('',(#11372),#11376);
#11372 = LINE('',#11373,#11374);
#11373 = CARTESIAN_POINT('',(0.,0.));
#11374 = VECTOR('',#11375,1.);
#11375 = DIRECTION('',(0.,-1.));
#11376 = ( GEOMETRIC_REPRESENTATION_CONTEXT(2) 
PARAMETRIC_REPRESENTATION_CONTEXT() REPRESENTATION_CONTEXT('2D SPACE',''
  ) );
#11377 = PCURVE('',#4277,#11378);
#11378 = DEFINITIONAL_REPRESENTATION('',(#11379),#11383);
#11379 = LINE('',#11380,#11381);
#11380 = CARTESIAN_POINT('',(1.,0.));
#11381 = VECTOR('',#11382,1.);
#11382 = DIRECTION('',(0.,-1.));
#11383 = ( GEOMETRIC_REPRESENTATION_CONTEXT(2) 
PARAMETRIC_REPRESENTATION_CONTEXT() REPRESENTATION_CONTEXT('2D SPACE',''
  ) );
#11384 = ORIENTED_EDGE('',*,*,#4298,.F.);
#11385 = ORIENTED_EDGE('',*,*,#11315,.F.);
#11386 = ADVANCED_FACE('',(#11387),#4277,.F.);
#11387 = FACE_BOUND('',#11388,.F.);
#11388 = EDGE_LOOP('',(#11389,#11412,#11433,#11434));
#11389 = ORIENTED_EDGE('',*,*,#11390,.F.);
#11390 = EDGE_CURVE('',#11391,#11342,#11393,.T.);
#11391 = VERTEX_POINT('',#11392);
#11392 = CARTESIAN_POINT('',(33.88828125,55.77724609375,7.65));
#11393 = SURFACE_CURVE('',#11394,(#11398,#11405),.PCURVE_S1.);
#11394 = B_SPLINE_CURVE_WITH_KNOTS('',2,(#11395,#11396,#11397),
  .UNSPECIFIED.,.F.,.F.,(3,3),(0.,1.),.PIECEWISE_BEZIER_KNOTS.);
#11395 = CARTESIAN_POINT('',(33.88828125,55.77724609375,7.65));
#11396 = CARTESIAN_POINT('',(33.781640625,55.67060546875,7.65));
#11397 = CARTESIAN_POINT('',(33.7802734375,55.48193359375,7.65));
#11398 = PCURVE('',#4277,#11399);
#11399 = DEFINITIONAL_REPRESENTATION('',(#11400),#11404);
#11400 = LINE('',#11401,#11402);
#11401 = CARTESIAN_POINT('',(0.,0.));
#11402 = VECTOR('',#11403,1.);
#11403 = DIRECTION('',(1.,0.));
#11404 = ( GEOMETRIC_REPRESENTATION_CONTEXT(2) 
PARAMETRIC_REPRESENTATION_CONTEXT() REPRESENTATION_CONTEXT('2D SPACE',''
  ) );
#11405 = PCURVE('',#10842,#11406);
#11406 = DEFINITIONAL_REPRESENTATION('',(#11407),#11411);
#11407 = B_SPLINE_CURVE_WITH_KNOTS('',2,(#11408,#11409,#11410),
  .UNSPECIFIED.,.F.,.F.,(3,3),(0.,1.),.PIECEWISE_BEZIER_KNOTS.);
#11408 = CARTESIAN_POINT('',(0.4921875,1.7021484375));
#11409 = CARTESIAN_POINT('',(0.385546875,1.5955078125));
#11410 = CARTESIAN_POINT('',(0.3841796875,1.4068359375));
#11411 = ( GEOMETRIC_REPRESENTATION_CONTEXT(2) 
PARAMETRIC_REPRESENTATION_CONTEXT() REPRESENTATION_CONTEXT('2D SPACE',''
  ) );
#11412 = ORIENTED_EDGE('',*,*,#11413,.T.);
#11413 = EDGE_CURVE('',#11391,#4197,#11414,.T.);
#11414 = SURFACE_CURVE('',#11415,(#11419,#11426),.PCURVE_S1.);
#11415 = LINE('',#11416,#11417);
#11416 = CARTESIAN_POINT('',(33.88828125,55.77724609375,7.65));
#11417 = VECTOR('',#11418,1.);
#11418 = DIRECTION('',(0.,0.,1.));
#11419 = PCURVE('',#4277,#11420);
#11420 = DEFINITIONAL_REPRESENTATION('',(#11421),#11425);
#11421 = LINE('',#11422,#11423);
#11422 = CARTESIAN_POINT('',(0.,0.));
#11423 = VECTOR('',#11424,1.);
#11424 = DIRECTION('',(0.,-1.));
#11425 = ( GEOMETRIC_REPRESENTATION_CONTEXT(2) 
PARAMETRIC_REPRESENTATION_CONTEXT() REPRESENTATION_CONTEXT('2D SPACE',''
  ) );
#11426 = PCURVE('',#4226,#11427);
#11427 = DEFINITIONAL_REPRESENTATION('',(#11428),#11432);
#11428 = LINE('',#11429,#11430);
#11429 = CARTESIAN_POINT('',(1.,0.));
#11430 = VECTOR('',#11431,1.);
#11431 = DIRECTION('',(0.,-1.));
#11432 = ( GEOMETRIC_REPRESENTATION_CONTEXT(2) 
PARAMETRIC_REPRESENTATION_CONTEXT() REPRESENTATION_CONTEXT('2D SPACE',''
  ) );
#11433 = ORIENTED_EDGE('',*,*,#4247,.F.);
#11434 = ORIENTED_EDGE('',*,*,#11364,.F.);
#11435 = ADVANCED_FACE('',(#11436),#4226,.F.);
#11436 = FACE_BOUND('',#11437,.F.);
#11437 = EDGE_LOOP('',(#11438,#11461,#11482,#11483));
#11438 = ORIENTED_EDGE('',*,*,#11439,.F.);
#11439 = EDGE_CURVE('',#11440,#11391,#11442,.T.);
#11440 = VERTEX_POINT('',#11441);
#11441 = CARTESIAN_POINT('',(34.17265625,55.88388671875,7.65));
#11442 = SURFACE_CURVE('',#11443,(#11447,#11454),.PCURVE_S1.);
#11443 = B_SPLINE_CURVE_WITH_KNOTS('',2,(#11444,#11445,#11446),
  .UNSPECIFIED.,.F.,.F.,(3,3),(0.,1.),.PIECEWISE_BEZIER_KNOTS.);
#11444 = CARTESIAN_POINT('',(34.17265625,55.88388671875,7.65));
#11445 = CARTESIAN_POINT('',(33.994921875,55.88388671875,7.65));
#11446 = CARTESIAN_POINT('',(33.88828125,55.77724609375,7.65));
#11447 = PCURVE('',#4226,#11448);
#11448 = DEFINITIONAL_REPRESENTATION('',(#11449),#11453);
#11449 = LINE('',#11450,#11451);
#11450 = CARTESIAN_POINT('',(0.,0.));
#11451 = VECTOR('',#11452,1.);
#11452 = DIRECTION('',(1.,0.));
#11453 = ( GEOMETRIC_REPRESENTATION_CONTEXT(2) 
PARAMETRIC_REPRESENTATION_CONTEXT() REPRESENTATION_CONTEXT('2D SPACE',''
  ) );
#11454 = PCURVE('',#10842,#11455);
#11455 = DEFINITIONAL_REPRESENTATION('',(#11456),#11460);
#11456 = B_SPLINE_CURVE_WITH_KNOTS('',2,(#11457,#11458,#11459),
  .UNSPECIFIED.,.F.,.F.,(3,3),(0.,1.),.PIECEWISE_BEZIER_KNOTS.);
#11457 = CARTESIAN_POINT('',(0.7765625,1.8087890625));
#11458 = CARTESIAN_POINT('',(0.598828125,1.8087890625));
#11459 = CARTESIAN_POINT('',(0.4921875,1.7021484375));
#11460 = ( GEOMETRIC_REPRESENTATION_CONTEXT(2) 
PARAMETRIC_REPRESENTATION_CONTEXT() REPRESENTATION_CONTEXT('2D SPACE',''
  ) );
#11461 = ORIENTED_EDGE('',*,*,#11462,.T.);
#11462 = EDGE_CURVE('',#11440,#4146,#11463,.T.);
#11463 = SURFACE_CURVE('',#11464,(#11468,#11475),.PCURVE_S1.);
#11464 = LINE('',#11465,#11466);
#11465 = CARTESIAN_POINT('',(34.17265625,55.88388671875,7.65));
#11466 = VECTOR('',#11467,1.);
#11467 = DIRECTION('',(0.,0.,1.));
#11468 = PCURVE('',#4226,#11469);
#11469 = DEFINITIONAL_REPRESENTATION('',(#11470),#11474);
#11470 = LINE('',#11471,#11472);
#11471 = CARTESIAN_POINT('',(0.,0.));
#11472 = VECTOR('',#11473,1.);
#11473 = DIRECTION('',(0.,-1.));
#11474 = ( GEOMETRIC_REPRESENTATION_CONTEXT(2) 
PARAMETRIC_REPRESENTATION_CONTEXT() REPRESENTATION_CONTEXT('2D SPACE',''
  ) );
#11475 = PCURVE('',#4175,#11476);
#11476 = DEFINITIONAL_REPRESENTATION('',(#11477),#11481);
#11477 = LINE('',#11478,#11479);
#11478 = CARTESIAN_POINT('',(1.,0.));
#11479 = VECTOR('',#11480,1.);
#11480 = DIRECTION('',(0.,-1.));
#11481 = ( GEOMETRIC_REPRESENTATION_CONTEXT(2) 
PARAMETRIC_REPRESENTATION_CONTEXT() REPRESENTATION_CONTEXT('2D SPACE',''
  ) );
#11482 = ORIENTED_EDGE('',*,*,#4196,.F.);
#11483 = ORIENTED_EDGE('',*,*,#11413,.F.);
#11484 = ADVANCED_FACE('',(#11485),#4175,.F.);
#11485 = FACE_BOUND('',#11486,.F.);
#11486 = EDGE_LOOP('',(#11487,#11510,#11531,#11532));
#11487 = ORIENTED_EDGE('',*,*,#11488,.F.);
#11488 = EDGE_CURVE('',#11489,#11440,#11491,.T.);
#11489 = VERTEX_POINT('',#11490);
#11490 = CARTESIAN_POINT('',(34.44541015625,55.7833984375,7.65));
#11491 = SURFACE_CURVE('',#11492,(#11496,#11503),.PCURVE_S1.);
#11492 = B_SPLINE_CURVE_WITH_KNOTS('',2,(#11493,#11494,#11495),
  .UNSPECIFIED.,.F.,.F.,(3,3),(0.,1.),.PIECEWISE_BEZIER_KNOTS.);
#11493 = CARTESIAN_POINT('',(34.44541015625,55.7833984375,7.65));
#11494 = CARTESIAN_POINT('',(34.3408203125,55.88388671875,7.65));
#11495 = CARTESIAN_POINT('',(34.17265625,55.88388671875,7.65));
#11496 = PCURVE('',#4175,#11497);
#11497 = DEFINITIONAL_REPRESENTATION('',(#11498),#11502);
#11498 = LINE('',#11499,#11500);
#11499 = CARTESIAN_POINT('',(0.,0.));
#11500 = VECTOR('',#11501,1.);
#11501 = DIRECTION('',(1.,0.));
#11502 = ( GEOMETRIC_REPRESENTATION_CONTEXT(2) 
PARAMETRIC_REPRESENTATION_CONTEXT() REPRESENTATION_CONTEXT('2D SPACE',''
  ) );
#11503 = PCURVE('',#10842,#11504);
#11504 = DEFINITIONAL_REPRESENTATION('',(#11505),#11509);
#11505 = B_SPLINE_CURVE_WITH_KNOTS('',2,(#11506,#11507,#11508),
  .UNSPECIFIED.,.F.,.F.,(3,3),(0.,1.),.PIECEWISE_BEZIER_KNOTS.);
#11506 = CARTESIAN_POINT('',(1.04931640625,1.70830078125));
#11507 = CARTESIAN_POINT('',(0.9447265625,1.8087890625));
#11508 = CARTESIAN_POINT('',(0.7765625,1.8087890625));
#11509 = ( GEOMETRIC_REPRESENTATION_CONTEXT(2) 
PARAMETRIC_REPRESENTATION_CONTEXT() REPRESENTATION_CONTEXT('2D SPACE',''
  ) );
#11510 = ORIENTED_EDGE('',*,*,#11511,.T.);
#11511 = EDGE_CURVE('',#11489,#4101,#11512,.T.);
#11512 = SURFACE_CURVE('',#11513,(#11517,#11524),.PCURVE_S1.);
#11513 = LINE('',#11514,#11515);
#11514 = CARTESIAN_POINT('',(34.44541015625,55.7833984375,7.65));
#11515 = VECTOR('',#11516,1.);
#11516 = DIRECTION('',(0.,0.,1.));
#11517 = PCURVE('',#4175,#11518);
#11518 = DEFINITIONAL_REPRESENTATION('',(#11519),#11523);
#11519 = LINE('',#11520,#11521);
#11520 = CARTESIAN_POINT('',(0.,0.));
#11521 = VECTOR('',#11522,1.);
#11522 = DIRECTION('',(0.,-1.));
#11523 = ( GEOMETRIC_REPRESENTATION_CONTEXT(2) 
PARAMETRIC_REPRESENTATION_CONTEXT() REPRESENTATION_CONTEXT('2D SPACE',''
  ) );
#11524 = PCURVE('',#4126,#11525);
#11525 = DEFINITIONAL_REPRESENTATION('',(#11526),#11530);
#11526 = LINE('',#11527,#11528);
#11527 = CARTESIAN_POINT('',(1.,0.));
#11528 = VECTOR('',#11529,1.);
#11529 = DIRECTION('',(0.,-1.));
#11530 = ( GEOMETRIC_REPRESENTATION_CONTEXT(2) 
PARAMETRIC_REPRESENTATION_CONTEXT() REPRESENTATION_CONTEXT('2D SPACE',''
  ) );
#11531 = ORIENTED_EDGE('',*,*,#4145,.F.);
#11532 = ORIENTED_EDGE('',*,*,#11462,.F.);
#11533 = ADVANCED_FACE('',(#11534),#4126,.F.);
#11534 = FACE_BOUND('',#11535,.F.);
#11535 = EDGE_LOOP('',(#11536,#11559,#11580,#11581));
#11536 = ORIENTED_EDGE('',*,*,#11537,.F.);
#11537 = EDGE_CURVE('',#11538,#11489,#11540,.T.);
#11538 = VERTEX_POINT('',#11539);
#11539 = CARTESIAN_POINT('',(34.55,55.53662109375,7.65));
#11540 = SURFACE_CURVE('',#11541,(#11545,#11552),.PCURVE_S1.);
#11541 = B_SPLINE_CURVE_WITH_KNOTS('',2,(#11542,#11543,#11544),
  .UNSPECIFIED.,.F.,.F.,(3,3),(0.,1.),.PIECEWISE_BEZIER_KNOTS.);
#11542 = CARTESIAN_POINT('',(34.55,55.53662109375,7.65));
#11543 = CARTESIAN_POINT('',(34.55,55.68291015625,7.65));
#11544 = CARTESIAN_POINT('',(34.44541015625,55.7833984375,7.65));
#11545 = PCURVE('',#4126,#11546);
#11546 = DEFINITIONAL_REPRESENTATION('',(#11547),#11551);
#11547 = LINE('',#11548,#11549);
#11548 = CARTESIAN_POINT('',(0.,0.));
#11549 = VECTOR('',#11550,1.);
#11550 = DIRECTION('',(1.,0.));
#11551 = ( GEOMETRIC_REPRESENTATION_CONTEXT(2) 
PARAMETRIC_REPRESENTATION_CONTEXT() REPRESENTATION_CONTEXT('2D SPACE',''
  ) );
#11552 = PCURVE('',#10842,#11553);
#11553 = DEFINITIONAL_REPRESENTATION('',(#11554),#11558);
#11554 = B_SPLINE_CURVE_WITH_KNOTS('',2,(#11555,#11556,#11557),
  .UNSPECIFIED.,.F.,.F.,(3,3),(0.,1.),.PIECEWISE_BEZIER_KNOTS.);
#11555 = CARTESIAN_POINT('',(1.15390625,1.4615234375));
#11556 = CARTESIAN_POINT('',(1.15390625,1.6078125));
#11557 = CARTESIAN_POINT('',(1.04931640625,1.70830078125));
#11558 = ( GEOMETRIC_REPRESENTATION_CONTEXT(2) 
PARAMETRIC_REPRESENTATION_CONTEXT() REPRESENTATION_CONTEXT('2D SPACE',''
  ) );
#11559 = ORIENTED_EDGE('',*,*,#11560,.T.);
#11560 = EDGE_CURVE('',#11538,#4062,#11561,.T.);
#11561 = SURFACE_CURVE('',#11562,(#11566,#11573),.PCURVE_S1.);
#11562 = LINE('',#11563,#11564);
#11563 = CARTESIAN_POINT('',(34.55,55.53662109375,7.65));
#11564 = VECTOR('',#11565,1.);
#11565 = DIRECTION('',(0.,0.,1.));
#11566 = PCURVE('',#4126,#11567);
#11567 = DEFINITIONAL_REPRESENTATION('',(#11568),#11572);
#11568 = LINE('',#11569,#11570);
#11569 = CARTESIAN_POINT('',(0.,0.));
#11570 = VECTOR('',#11571,1.);
#11571 = DIRECTION('',(0.,-1.));
#11572 = ( GEOMETRIC_REPRESENTATION_CONTEXT(2) 
PARAMETRIC_REPRESENTATION_CONTEXT() REPRESENTATION_CONTEXT('2D SPACE',''
  ) );
#11573 = PCURVE('',#4083,#11574);
#11574 = DEFINITIONAL_REPRESENTATION('',(#11575),#11579);
#11575 = LINE('',#11576,#11577);
#11576 = CARTESIAN_POINT('',(1.,0.));
#11577 = VECTOR('',#11578,1.);
#11578 = DIRECTION('',(0.,-1.));
#11579 = ( GEOMETRIC_REPRESENTATION_CONTEXT(2) 
PARAMETRIC_REPRESENTATION_CONTEXT() REPRESENTATION_CONTEXT('2D SPACE',''
  ) );
#11580 = ORIENTED_EDGE('',*,*,#4100,.F.);
#11581 = ORIENTED_EDGE('',*,*,#11511,.F.);
#11582 = ADVANCED_FACE('',(#11583),#4083,.F.);
#11583 = FACE_BOUND('',#11584,.F.);
#11584 = EDGE_LOOP('',(#11585,#11608,#11629,#11630));
#11585 = ORIENTED_EDGE('',*,*,#11586,.F.);
#11586 = EDGE_CURVE('',#11587,#11538,#11589,.T.);
#11587 = VERTEX_POINT('',#11588);
#11588 = CARTESIAN_POINT('',(34.43515625,55.240625,7.65));
#11589 = SURFACE_CURVE('',#11590,(#11594,#11601),.PCURVE_S1.);
#11590 = B_SPLINE_CURVE_WITH_KNOTS('',2,(#11591,#11592,#11593),
  .UNSPECIFIED.,.F.,.F.,(3,3),(0.,1.),.PIECEWISE_BEZIER_KNOTS.);
#11591 = CARTESIAN_POINT('',(34.43515625,55.240625,7.65));
#11592 = CARTESIAN_POINT('',(34.55,55.39716796875,7.65));
#11593 = CARTESIAN_POINT('',(34.55,55.53662109375,7.65));
#11594 = PCURVE('',#4083,#11595);
#11595 = DEFINITIONAL_REPRESENTATION('',(#11596),#11600);
#11596 = LINE('',#11597,#11598);
#11597 = CARTESIAN_POINT('',(0.,0.));
#11598 = VECTOR('',#11599,1.);
#11599 = DIRECTION('',(1.,0.));
#11600 = ( GEOMETRIC_REPRESENTATION_CONTEXT(2) 
PARAMETRIC_REPRESENTATION_CONTEXT() REPRESENTATION_CONTEXT('2D SPACE',''
  ) );
#11601 = PCURVE('',#10842,#11602);
#11602 = DEFINITIONAL_REPRESENTATION('',(#11603),#11607);
#11603 = B_SPLINE_CURVE_WITH_KNOTS('',2,(#11604,#11605,#11606),
  .UNSPECIFIED.,.F.,.F.,(3,3),(0.,1.),.PIECEWISE_BEZIER_KNOTS.);
#11604 = CARTESIAN_POINT('',(1.0390625,1.16552734375));
#11605 = CARTESIAN_POINT('',(1.15390625,1.3220703125));
#11606 = CARTESIAN_POINT('',(1.15390625,1.4615234375));
#11607 = ( GEOMETRIC_REPRESENTATION_CONTEXT(2) 
PARAMETRIC_REPRESENTATION_CONTEXT() REPRESENTATION_CONTEXT('2D SPACE',''
  ) );
#11608 = ORIENTED_EDGE('',*,*,#11609,.T.);
#11609 = EDGE_CURVE('',#11587,#4017,#11610,.T.);
#11610 = SURFACE_CURVE('',#11611,(#11615,#11622),.PCURVE_S1.);
#11611 = LINE('',#11612,#11613);
#11612 = CARTESIAN_POINT('',(34.43515625,55.240625,7.65));
#11613 = VECTOR('',#11614,1.);
#11614 = DIRECTION('',(0.,0.,1.));
#11615 = PCURVE('',#4083,#11616);
#11616 = DEFINITIONAL_REPRESENTATION('',(#11617),#11621);
#11617 = LINE('',#11618,#11619);
#11618 = CARTESIAN_POINT('',(0.,0.));
#11619 = VECTOR('',#11620,1.);
#11620 = DIRECTION('',(0.,-1.));
#11621 = ( GEOMETRIC_REPRESENTATION_CONTEXT(2) 
PARAMETRIC_REPRESENTATION_CONTEXT() REPRESENTATION_CONTEXT('2D SPACE',''
  ) );
#11622 = PCURVE('',#4042,#11623);
#11623 = DEFINITIONAL_REPRESENTATION('',(#11624),#11628);
#11624 = LINE('',#11625,#11626);
#11625 = CARTESIAN_POINT('',(1.,0.));
#11626 = VECTOR('',#11627,1.);
#11627 = DIRECTION('',(0.,-1.));
#11628 = ( GEOMETRIC_REPRESENTATION_CONTEXT(2) 
PARAMETRIC_REPRESENTATION_CONTEXT() REPRESENTATION_CONTEXT('2D SPACE',''
  ) );
#11629 = ORIENTED_EDGE('',*,*,#4061,.F.);
#11630 = ORIENTED_EDGE('',*,*,#11560,.F.);
#11631 = ADVANCED_FACE('',(#11632),#4042,.F.);
#11632 = FACE_BOUND('',#11633,.F.);
#11633 = EDGE_LOOP('',(#11634,#11657,#11678,#11679));
#11634 = ORIENTED_EDGE('',*,*,#11635,.F.);
#11635 = EDGE_CURVE('',#11636,#11587,#11638,.T.);
#11636 = VERTEX_POINT('',#11637);
#11637 = CARTESIAN_POINT('',(33.9935546875,54.81611328125,7.65));
#11638 = SURFACE_CURVE('',#11639,(#11643,#11650),.PCURVE_S1.);
#11639 = B_SPLINE_CURVE_WITH_KNOTS('',2,(#11640,#11641,#11642),
  .UNSPECIFIED.,.F.,.F.,(3,3),(0.,1.),.PIECEWISE_BEZIER_KNOTS.);
#11640 = CARTESIAN_POINT('',(33.9935546875,54.81611328125,7.65));
#11641 = CARTESIAN_POINT('',(34.3203125,55.08408203125,7.65));
#11642 = CARTESIAN_POINT('',(34.43515625,55.240625,7.65));
#11643 = PCURVE('',#4042,#11644);
#11644 = DEFINITIONAL_REPRESENTATION('',(#11645),#11649);
#11645 = LINE('',#11646,#11647);
#11646 = CARTESIAN_POINT('',(0.,0.));
#11647 = VECTOR('',#11648,1.);
#11648 = DIRECTION('',(1.,0.));
#11649 = ( GEOMETRIC_REPRESENTATION_CONTEXT(2) 
PARAMETRIC_REPRESENTATION_CONTEXT() REPRESENTATION_CONTEXT('2D SPACE',''
  ) );
#11650 = PCURVE('',#10842,#11651);
#11651 = DEFINITIONAL_REPRESENTATION('',(#11652),#11656);
#11652 = B_SPLINE_CURVE_WITH_KNOTS('',2,(#11653,#11654,#11655),
  .UNSPECIFIED.,.F.,.F.,(3,3),(0.,1.),.PIECEWISE_BEZIER_KNOTS.);
#11653 = CARTESIAN_POINT('',(0.5974609375,0.741015625));
#11654 = CARTESIAN_POINT('',(0.92421875,1.008984375));
#11655 = CARTESIAN_POINT('',(1.0390625,1.16552734375));
#11656 = ( GEOMETRIC_REPRESENTATION_CONTEXT(2) 
PARAMETRIC_REPRESENTATION_CONTEXT() REPRESENTATION_CONTEXT('2D SPACE',''
  ) );
#11657 = ORIENTED_EDGE('',*,*,#11658,.T.);
#11658 = EDGE_CURVE('',#11636,#3978,#11659,.T.);
#11659 = SURFACE_CURVE('',#11660,(#11664,#11671),.PCURVE_S1.);
#11660 = LINE('',#11661,#11662);
#11661 = CARTESIAN_POINT('',(33.9935546875,54.81611328125,7.65));
#11662 = VECTOR('',#11663,1.);
#11663 = DIRECTION('',(0.,0.,1.));
#11664 = PCURVE('',#4042,#11665);
#11665 = DEFINITIONAL_REPRESENTATION('',(#11666),#11670);
#11666 = LINE('',#11667,#11668);
#11667 = CARTESIAN_POINT('',(0.,0.));
#11668 = VECTOR('',#11669,1.);
#11669 = DIRECTION('',(0.,-1.));
#11670 = ( GEOMETRIC_REPRESENTATION_CONTEXT(2) 
PARAMETRIC_REPRESENTATION_CONTEXT() REPRESENTATION_CONTEXT('2D SPACE',''
  ) );
#11671 = PCURVE('',#3999,#11672);
#11672 = DEFINITIONAL_REPRESENTATION('',(#11673),#11677);
#11673 = LINE('',#11674,#11675);
#11674 = CARTESIAN_POINT('',(1.,0.));
#11675 = VECTOR('',#11676,1.);
#11676 = DIRECTION('',(0.,-1.));
#11677 = ( GEOMETRIC_REPRESENTATION_CONTEXT(2) 
PARAMETRIC_REPRESENTATION_CONTEXT() REPRESENTATION_CONTEXT('2D SPACE',''
  ) );
#11678 = ORIENTED_EDGE('',*,*,#4016,.F.);
#11679 = ORIENTED_EDGE('',*,*,#11609,.F.);
#11680 = ADVANCED_FACE('',(#11681),#3999,.F.);
#11681 = FACE_BOUND('',#11682,.F.);
#11682 = EDGE_LOOP('',(#11683,#11706,#11727,#11728));
#11683 = ORIENTED_EDGE('',*,*,#11684,.F.);
#11684 = EDGE_CURVE('',#11685,#11636,#11687,.T.);
#11685 = VERTEX_POINT('',#11686);
#11686 = CARTESIAN_POINT('',(33.67158203125,54.51259765625,7.65));
#11687 = SURFACE_CURVE('',#11688,(#11692,#11699),.PCURVE_S1.);
#11688 = B_SPLINE_CURVE_WITH_KNOTS('',2,(#11689,#11690,#11691),
  .UNSPECIFIED.,.F.,.F.,(3,3),(0.,1.),.PIECEWISE_BEZIER_KNOTS.);
#11689 = CARTESIAN_POINT('',(33.67158203125,54.51259765625,7.65));
#11690 = CARTESIAN_POINT('',(33.7830078125,54.64384765625,7.65));
#11691 = CARTESIAN_POINT('',(33.9935546875,54.81611328125,7.65));
#11692 = PCURVE('',#3999,#11693);
#11693 = DEFINITIONAL_REPRESENTATION('',(#11694),#11698);
#11694 = LINE('',#11695,#11696);
#11695 = CARTESIAN_POINT('',(0.,0.));
#11696 = VECTOR('',#11697,1.);
#11697 = DIRECTION('',(1.,0.));
#11698 = ( GEOMETRIC_REPRESENTATION_CONTEXT(2) 
PARAMETRIC_REPRESENTATION_CONTEXT() REPRESENTATION_CONTEXT('2D SPACE',''
  ) );
#11699 = PCURVE('',#10842,#11700);
#11700 = DEFINITIONAL_REPRESENTATION('',(#11701),#11705);
#11701 = B_SPLINE_CURVE_WITH_KNOTS('',2,(#11702,#11703,#11704),
  .UNSPECIFIED.,.F.,.F.,(3,3),(0.,1.),.PIECEWISE_BEZIER_KNOTS.);
#11702 = CARTESIAN_POINT('',(0.27548828125,0.4375));
#11703 = CARTESIAN_POINT('',(0.3869140625,0.56875));
#11704 = CARTESIAN_POINT('',(0.5974609375,0.741015625));
#11705 = ( GEOMETRIC_REPRESENTATION_CONTEXT(2) 
PARAMETRIC_REPRESENTATION_CONTEXT() REPRESENTATION_CONTEXT('2D SPACE',''
  ) );
#11706 = ORIENTED_EDGE('',*,*,#11707,.T.);
#11707 = EDGE_CURVE('',#11685,#3939,#11708,.T.);
#11708 = SURFACE_CURVE('',#11709,(#11713,#11720),.PCURVE_S1.);
#11709 = LINE('',#11710,#11711);
#11710 = CARTESIAN_POINT('',(33.67158203125,54.51259765625,7.65));
#11711 = VECTOR('',#11712,1.);
#11712 = DIRECTION('',(0.,0.,1.));
#11713 = PCURVE('',#3999,#11714);
#11714 = DEFINITIONAL_REPRESENTATION('',(#11715),#11719);
#11715 = LINE('',#11716,#11717);
#11716 = CARTESIAN_POINT('',(0.,0.));
#11717 = VECTOR('',#11718,1.);
#11718 = DIRECTION('',(0.,-1.));
#11719 = ( GEOMETRIC_REPRESENTATION_CONTEXT(2) 
PARAMETRIC_REPRESENTATION_CONTEXT() REPRESENTATION_CONTEXT('2D SPACE',''
  ) );
#11720 = PCURVE('',#3960,#11721);
#11721 = DEFINITIONAL_REPRESENTATION('',(#11722),#11726);
#11722 = LINE('',#11723,#11724);
#11723 = CARTESIAN_POINT('',(1.,0.));
#11724 = VECTOR('',#11725,1.);
#11725 = DIRECTION('',(0.,-1.));
#11726 = ( GEOMETRIC_REPRESENTATION_CONTEXT(2) 
PARAMETRIC_REPRESENTATION_CONTEXT() REPRESENTATION_CONTEXT('2D SPACE',''
  ) );
#11727 = ORIENTED_EDGE('',*,*,#3977,.F.);
#11728 = ORIENTED_EDGE('',*,*,#11658,.F.);
#11729 = ADVANCED_FACE('',(#11730),#3960,.F.);
#11730 = FACE_BOUND('',#11731,.F.);
#11731 = EDGE_LOOP('',(#11732,#11755,#11776,#11777));
#11732 = ORIENTED_EDGE('',*,*,#11733,.F.);
#11733 = EDGE_CURVE('',#11734,#11685,#11736,.T.);
#11734 = VERTEX_POINT('',#11735);
#11735 = CARTESIAN_POINT('',(33.5095703125,54.24599609375,7.65));
#11736 = SURFACE_CURVE('',#11737,(#11741,#11748),.PCURVE_S1.);
#11737 = B_SPLINE_CURVE_WITH_KNOTS('',2,(#11738,#11739,#11740),
  .UNSPECIFIED.,.F.,.F.,(3,3),(0.,1.),.PIECEWISE_BEZIER_KNOTS.);
#11738 = CARTESIAN_POINT('',(33.5095703125,54.24599609375,7.65));
#11739 = CARTESIAN_POINT('',(33.56015625,54.38134765625,7.65));
#11740 = CARTESIAN_POINT('',(33.67158203125,54.51259765625,7.65));
#11741 = PCURVE('',#3960,#11742);
#11742 = DEFINITIONAL_REPRESENTATION('',(#11743),#11747);
#11743 = LINE('',#11744,#11745);
#11744 = CARTESIAN_POINT('',(0.,0.));
#11745 = VECTOR('',#11746,1.);
#11746 = DIRECTION('',(1.,0.));
#11747 = ( GEOMETRIC_REPRESENTATION_CONTEXT(2) 
PARAMETRIC_REPRESENTATION_CONTEXT() REPRESENTATION_CONTEXT('2D SPACE',''
  ) );
#11748 = PCURVE('',#10842,#11749);
#11749 = DEFINITIONAL_REPRESENTATION('',(#11750),#11754);
#11750 = B_SPLINE_CURVE_WITH_KNOTS('',2,(#11751,#11752,#11753),
  .UNSPECIFIED.,.F.,.F.,(3,3),(0.,1.),.PIECEWISE_BEZIER_KNOTS.);
#11751 = CARTESIAN_POINT('',(0.1134765625,0.1708984375));
#11752 = CARTESIAN_POINT('',(0.1640625,0.30625));
#11753 = CARTESIAN_POINT('',(0.27548828125,0.4375));
#11754 = ( GEOMETRIC_REPRESENTATION_CONTEXT(2) 
PARAMETRIC_REPRESENTATION_CONTEXT() REPRESENTATION_CONTEXT('2D SPACE',''
  ) );
#11755 = ORIENTED_EDGE('',*,*,#11756,.T.);
#11756 = EDGE_CURVE('',#11734,#3894,#11757,.T.);
#11757 = SURFACE_CURVE('',#11758,(#11762,#11769),.PCURVE_S1.);
#11758 = LINE('',#11759,#11760);
#11759 = CARTESIAN_POINT('',(33.5095703125,54.24599609375,7.65));
#11760 = VECTOR('',#11761,1.);
#11761 = DIRECTION('',(0.,0.,1.));
#11762 = PCURVE('',#3960,#11763);
#11763 = DEFINITIONAL_REPRESENTATION('',(#11764),#11768);
#11764 = LINE('',#11765,#11766);
#11765 = CARTESIAN_POINT('',(0.,0.));
#11766 = VECTOR('',#11767,1.);
#11767 = DIRECTION('',(0.,-1.));
#11768 = ( GEOMETRIC_REPRESENTATION_CONTEXT(2) 
PARAMETRIC_REPRESENTATION_CONTEXT() REPRESENTATION_CONTEXT('2D SPACE',''
  ) );
#11769 = PCURVE('',#3919,#11770);
#11770 = DEFINITIONAL_REPRESENTATION('',(#11771),#11775);
#11771 = LINE('',#11772,#11773);
#11772 = CARTESIAN_POINT('',(1.,0.));
#11773 = VECTOR('',#11774,1.);
#11774 = DIRECTION('',(0.,-1.));
#11775 = ( GEOMETRIC_REPRESENTATION_CONTEXT(2) 
PARAMETRIC_REPRESENTATION_CONTEXT() REPRESENTATION_CONTEXT('2D SPACE',''
  ) );
#11776 = ORIENTED_EDGE('',*,*,#3938,.F.);
#11777 = ORIENTED_EDGE('',*,*,#11707,.F.);
#11778 = ADVANCED_FACE('',(#11779),#3919,.F.);
#11779 = FACE_BOUND('',#11780,.F.);
#11780 = EDGE_LOOP('',(#11781,#11804,#11825,#11826));
#11781 = ORIENTED_EDGE('',*,*,#11782,.F.);
#11782 = EDGE_CURVE('',#11783,#11734,#11785,.T.);
#11783 = VERTEX_POINT('',#11784);
#11784 = CARTESIAN_POINT('',(33.480859375,54.07509765625,7.65));
#11785 = SURFACE_CURVE('',#11786,(#11790,#11797),.PCURVE_S1.);
#11786 = B_SPLINE_CURVE_WITH_KNOTS('',2,(#11787,#11788,#11789),
  .UNSPECIFIED.,.F.,.F.,(3,3),(0.,1.),.PIECEWISE_BEZIER_KNOTS.);
#11787 = CARTESIAN_POINT('',(33.480859375,54.07509765625,7.65));
#11788 = CARTESIAN_POINT('',(33.478125,54.16396484375,7.65));
#11789 = CARTESIAN_POINT('',(33.5095703125,54.24599609375,7.65));
#11790 = PCURVE('',#3919,#11791);
#11791 = DEFINITIONAL_REPRESENTATION('',(#11792),#11796);
#11792 = LINE('',#11793,#11794);
#11793 = CARTESIAN_POINT('',(0.,0.));
#11794 = VECTOR('',#11795,1.);
#11795 = DIRECTION('',(1.,0.));
#11796 = ( GEOMETRIC_REPRESENTATION_CONTEXT(2) 
PARAMETRIC_REPRESENTATION_CONTEXT() REPRESENTATION_CONTEXT('2D SPACE',''
  ) );
#11797 = PCURVE('',#10842,#11798);
#11798 = DEFINITIONAL_REPRESENTATION('',(#11799),#11803);
#11799 = B_SPLINE_CURVE_WITH_KNOTS('',2,(#11800,#11801,#11802),
  .UNSPECIFIED.,.F.,.F.,(3,3),(0.,1.),.PIECEWISE_BEZIER_KNOTS.);
#11800 = CARTESIAN_POINT('',(8.4765625E-02,0.));
#11801 = CARTESIAN_POINT('',(8.203125E-02,8.88671875E-02));
#11802 = CARTESIAN_POINT('',(0.1134765625,0.1708984375));
#11803 = ( GEOMETRIC_REPRESENTATION_CONTEXT(2) 
PARAMETRIC_REPRESENTATION_CONTEXT() REPRESENTATION_CONTEXT('2D SPACE',''
  ) );
#11804 = ORIENTED_EDGE('',*,*,#11805,.T.);
#11805 = EDGE_CURVE('',#11783,#3868,#11806,.T.);
#11806 = SURFACE_CURVE('',#11807,(#11811,#11818),.PCURVE_S1.);
#11807 = LINE('',#11808,#11809);
#11808 = CARTESIAN_POINT('',(33.480859375,54.07509765625,7.65));
#11809 = VECTOR('',#11810,1.);
#11810 = DIRECTION('',(0.,0.,1.));
#11811 = PCURVE('',#3919,#11812);
#11812 = DEFINITIONAL_REPRESENTATION('',(#11813),#11817);
#11813 = LINE('',#11814,#11815);
#11814 = CARTESIAN_POINT('',(0.,0.));
#11815 = VECTOR('',#11816,1.);
#11816 = DIRECTION('',(0.,-1.));
#11817 = ( GEOMETRIC_REPRESENTATION_CONTEXT(2) 
PARAMETRIC_REPRESENTATION_CONTEXT() REPRESENTATION_CONTEXT('2D SPACE',''
  ) );
#11818 = PCURVE('',#3882,#11819);
#11819 = DEFINITIONAL_REPRESENTATION('',(#11820),#11824);
#11820 = LINE('',#11821,#11822);
#11821 = CARTESIAN_POINT('',(1.3248046875,0.));
#11822 = VECTOR('',#11823,1.);
#11823 = DIRECTION('',(0.,-1.));
#11824 = ( GEOMETRIC_REPRESENTATION_CONTEXT(2) 
PARAMETRIC_REPRESENTATION_CONTEXT() REPRESENTATION_CONTEXT('2D SPACE',''
  ) );
#11825 = ORIENTED_EDGE('',*,*,#3893,.F.);
#11826 = ORIENTED_EDGE('',*,*,#11756,.F.);
#11827 = ADVANCED_FACE('',(#11828),#3882,.F.);
#11828 = FACE_BOUND('',#11829,.F.);
#11829 = EDGE_LOOP('',(#11830,#11853,#11874,#11875));
#11830 = ORIENTED_EDGE('',*,*,#11831,.F.);
#11831 = EDGE_CURVE('',#11832,#11783,#11834,.T.);
#11832 = VERTEX_POINT('',#11833);
#11833 = CARTESIAN_POINT('',(34.8056640625,54.07509765625,7.65));
#11834 = SURFACE_CURVE('',#11835,(#11839,#11846),.PCURVE_S1.);
#11835 = LINE('',#11836,#11837);
#11836 = CARTESIAN_POINT('',(34.8056640625,54.07509765625,7.65));
#11837 = VECTOR('',#11838,1.);
#11838 = DIRECTION('',(-1.,0.,0.));
#11839 = PCURVE('',#3882,#11840);
#11840 = DEFINITIONAL_REPRESENTATION('',(#11841),#11845);
#11841 = LINE('',#11842,#11843);
#11842 = CARTESIAN_POINT('',(0.,-0.));
#11843 = VECTOR('',#11844,1.);
#11844 = DIRECTION('',(1.,0.));
#11845 = ( GEOMETRIC_REPRESENTATION_CONTEXT(2) 
PARAMETRIC_REPRESENTATION_CONTEXT() REPRESENTATION_CONTEXT('2D SPACE',''
  ) );
#11846 = PCURVE('',#10842,#11847);
#11847 = DEFINITIONAL_REPRESENTATION('',(#11848),#11852);
#11848 = LINE('',#11849,#11850);
#11849 = CARTESIAN_POINT('',(1.4095703125,0.));
#11850 = VECTOR('',#11851,1.);
#11851 = DIRECTION('',(-1.,0.));
#11852 = ( GEOMETRIC_REPRESENTATION_CONTEXT(2) 
PARAMETRIC_REPRESENTATION_CONTEXT() REPRESENTATION_CONTEXT('2D SPACE',''
  ) );
#11853 = ORIENTED_EDGE('',*,*,#11854,.T.);
#11854 = EDGE_CURVE('',#11832,#3842,#11855,.T.);
#11855 = SURFACE_CURVE('',#11856,(#11860,#11867),.PCURVE_S1.);
#11856 = LINE('',#11857,#11858);
#11857 = CARTESIAN_POINT('',(34.8056640625,54.07509765625,7.65));
#11858 = VECTOR('',#11859,1.);
#11859 = DIRECTION('',(0.,0.,1.));
#11860 = PCURVE('',#3882,#11861);
#11861 = DEFINITIONAL_REPRESENTATION('',(#11862),#11866);
#11862 = LINE('',#11863,#11864);
#11863 = CARTESIAN_POINT('',(0.,-0.));
#11864 = VECTOR('',#11865,1.);
#11865 = DIRECTION('',(0.,-1.));
#11866 = ( GEOMETRIC_REPRESENTATION_CONTEXT(2) 
PARAMETRIC_REPRESENTATION_CONTEXT() REPRESENTATION_CONTEXT('2D SPACE',''
  ) );
#11867 = PCURVE('',#3856,#11868);
#11868 = DEFINITIONAL_REPRESENTATION('',(#11869),#11873);
#11869 = LINE('',#11870,#11871);
#11870 = CARTESIAN_POINT('',(0.2365234375,0.));
#11871 = VECTOR('',#11872,1.);
#11872 = DIRECTION('',(0.,-1.));
#11873 = ( GEOMETRIC_REPRESENTATION_CONTEXT(2) 
PARAMETRIC_REPRESENTATION_CONTEXT() REPRESENTATION_CONTEXT('2D SPACE',''
  ) );
#11874 = ORIENTED_EDGE('',*,*,#3867,.F.);
#11875 = ORIENTED_EDGE('',*,*,#11805,.F.);
#11876 = ADVANCED_FACE('',(#11877),#3856,.F.);
#11877 = FACE_BOUND('',#11878,.F.);
#11878 = EDGE_LOOP('',(#11879,#11900,#11901,#11902));
#11879 = ORIENTED_EDGE('',*,*,#11880,.F.);
#11880 = EDGE_CURVE('',#10827,#11832,#11881,.T.);
#11881 = SURFACE_CURVE('',#11882,(#11886,#11893),.PCURVE_S1.);
#11882 = LINE('',#11883,#11884);
#11883 = CARTESIAN_POINT('',(34.8056640625,54.31162109375,7.65));
#11884 = VECTOR('',#11885,1.);
#11885 = DIRECTION('',(0.,-1.,0.));
#11886 = PCURVE('',#3856,#11887);
#11887 = DEFINITIONAL_REPRESENTATION('',(#11888),#11892);
#11888 = LINE('',#11889,#11890);
#11889 = CARTESIAN_POINT('',(0.,0.));
#11890 = VECTOR('',#11891,1.);
#11891 = DIRECTION('',(1.,0.));
#11892 = ( GEOMETRIC_REPRESENTATION_CONTEXT(2) 
PARAMETRIC_REPRESENTATION_CONTEXT() REPRESENTATION_CONTEXT('2D SPACE',''
  ) );
#11893 = PCURVE('',#10842,#11894);
#11894 = DEFINITIONAL_REPRESENTATION('',(#11895),#11899);
#11895 = LINE('',#11896,#11897);
#11896 = CARTESIAN_POINT('',(1.4095703125,0.2365234375));
#11897 = VECTOR('',#11898,1.);
#11898 = DIRECTION('',(0.,-1.));
#11899 = ( GEOMETRIC_REPRESENTATION_CONTEXT(2) 
PARAMETRIC_REPRESENTATION_CONTEXT() REPRESENTATION_CONTEXT('2D SPACE',''
  ) );
#11900 = ORIENTED_EDGE('',*,*,#10876,.T.);
#11901 = ORIENTED_EDGE('',*,*,#3841,.F.);
#11902 = ORIENTED_EDGE('',*,*,#11854,.F.);
#11903 = ADVANCED_FACE('',(#11904),#4978,.F.);
#11904 = FACE_BOUND('',#11905,.F.);
#11905 = EDGE_LOOP('',(#11906,#11929,#11930,#11953));
#11906 = ORIENTED_EDGE('',*,*,#11907,.F.);
#11907 = EDGE_CURVE('',#4962,#11908,#11910,.T.);
#11908 = VERTEX_POINT('',#11909);
#11909 = CARTESIAN_POINT('',(9.7,13.7,7.4));
#11910 = SURFACE_CURVE('',#11911,(#11915,#11922),.PCURVE_S1.);
#11911 = LINE('',#11912,#11913);
#11912 = CARTESIAN_POINT('',(9.7,13.7,-0.5));
#11913 = VECTOR('',#11914,1.);
#11914 = DIRECTION('',(0.,0.,1.));
#11915 = PCURVE('',#4978,#11916);
#11916 = DEFINITIONAL_REPRESENTATION('',(#11917),#11921);
#11917 = LINE('',#11918,#11919);
#11918 = CARTESIAN_POINT('',(7.4,0.));
#11919 = VECTOR('',#11920,1.);
#11920 = DIRECTION('',(0.,-1.));
#11921 = ( GEOMETRIC_REPRESENTATION_CONTEXT(2) 
PARAMETRIC_REPRESENTATION_CONTEXT() REPRESENTATION_CONTEXT('2D SPACE',''
  ) );
#11922 = PCURVE('',#5010,#11923);
#11923 = DEFINITIONAL_REPRESENTATION('',(#11924),#11928);
#11924 = LINE('',#11925,#11926);
#11925 = CARTESIAN_POINT('',(0.,0.));
#11926 = VECTOR('',#11927,1.);
#11927 = DIRECTION('',(0.,-1.));
#11928 = ( GEOMETRIC_REPRESENTATION_CONTEXT(2) 
PARAMETRIC_REPRESENTATION_CONTEXT() REPRESENTATION_CONTEXT('2D SPACE',''
  ) );
#11929 = ORIENTED_EDGE('',*,*,#4961,.T.);
#11930 = ORIENTED_EDGE('',*,*,#11931,.T.);
#11931 = EDGE_CURVE('',#4964,#11932,#11934,.T.);
#11932 = VERTEX_POINT('',#11933);
#11933 = CARTESIAN_POINT('',(9.7,6.3,7.4));
#11934 = SURFACE_CURVE('',#11935,(#11939,#11946),.PCURVE_S1.);
#11935 = LINE('',#11936,#11937);
#11936 = CARTESIAN_POINT('',(9.7,6.3,-0.5));
#11937 = VECTOR('',#11938,1.);
#11938 = DIRECTION('',(0.,0.,1.));
#11939 = PCURVE('',#4978,#11940);
#11940 = DEFINITIONAL_REPRESENTATION('',(#11941),#11945);
#11941 = LINE('',#11942,#11943);
#11942 = CARTESIAN_POINT('',(0.,0.));
#11943 = VECTOR('',#11944,1.);
#11944 = DIRECTION('',(0.,-1.));
#11945 = ( GEOMETRIC_REPRESENTATION_CONTEXT(2) 
PARAMETRIC_REPRESENTATION_CONTEXT() REPRESENTATION_CONTEXT('2D SPACE',''
  ) );
#11946 = PCURVE('',#5067,#11947);
#11947 = DEFINITIONAL_REPRESENTATION('',(#11948),#11952);
#11948 = LINE('',#11949,#11950);
#11949 = CARTESIAN_POINT('',(3.14159265359,0.));
#11950 = VECTOR('',#11951,1.);
#11951 = DIRECTION('',(0.,-1.));
#11952 = ( GEOMETRIC_REPRESENTATION_CONTEXT(2) 
PARAMETRIC_REPRESENTATION_CONTEXT() REPRESENTATION_CONTEXT('2D SPACE',''
  ) );
#11953 = ORIENTED_EDGE('',*,*,#11954,.F.);
#11954 = EDGE_CURVE('',#11908,#11932,#11955,.T.);
#11955 = SURFACE_CURVE('',#11956,(#11960,#11966),.PCURVE_S1.);
#11956 = LINE('',#11957,#11958);
#11957 = CARTESIAN_POINT('',(9.7,8.15,7.4));
#11958 = VECTOR('',#11959,1.);
#11959 = DIRECTION('',(-1.110223024625E-16,-1.,0.));
#11960 = PCURVE('',#4978,#11961);
#11961 = DEFINITIONAL_REPRESENTATION('',(#11962),#11965);
#11962 = B_SPLINE_CURVE_WITH_KNOTS('',1,(#11963,#11964),.UNSPECIFIED.,
  .F.,.F.,(2,2),(-5.55,1.85),.PIECEWISE_BEZIER_KNOTS.);
#11963 = CARTESIAN_POINT('',(7.4,-7.9));
#11964 = CARTESIAN_POINT('',(0.,-7.9));
#11965 = ( GEOMETRIC_REPRESENTATION_CONTEXT(2) 
PARAMETRIC_REPRESENTATION_CONTEXT() REPRESENTATION_CONTEXT('2D SPACE',''
  ) );
#11966 = PCURVE('',#5536,#11967);
#11967 = DEFINITIONAL_REPRESENTATION('',(#11968),#11971);
#11968 = B_SPLINE_CURVE_WITH_KNOTS('',1,(#11969,#11970),.UNSPECIFIED.,
  .F.,.F.,(2,2),(-5.55,1.85),.PIECEWISE_BEZIER_KNOTS.);
#11969 = CARTESIAN_POINT('',(2.3,3.7));
#11970 = CARTESIAN_POINT('',(2.3,-3.7));
#11971 = ( GEOMETRIC_REPRESENTATION_CONTEXT(2) 
PARAMETRIC_REPRESENTATION_CONTEXT() REPRESENTATION_CONTEXT('2D SPACE',''
  ) );
#11972 = ADVANCED_FACE('',(#11973),#5010,.F.);
#11973 = FACE_BOUND('',#11974,.F.);
#11974 = EDGE_LOOP('',(#11975,#11976,#11977,#12001));
#11975 = ORIENTED_EDGE('',*,*,#4989,.F.);
#11976 = ORIENTED_EDGE('',*,*,#11907,.T.);
#11977 = ORIENTED_EDGE('',*,*,#11978,.T.);
#11978 = EDGE_CURVE('',#11908,#11979,#11981,.T.);
#11979 = VERTEX_POINT('',#11980);
#11980 = CARTESIAN_POINT('',(14.3,13.7,7.4));
#11981 = SURFACE_CURVE('',#11982,(#11987,#11994),.PCURVE_S1.);
#11982 = CIRCLE('',#11983,2.3);
#11983 = AXIS2_PLACEMENT_3D('',#11984,#11985,#11986);
#11984 = CARTESIAN_POINT('',(12.,13.7,7.4));
#11985 = DIRECTION('',(0.,0.,-1.));
#11986 = DIRECTION('',(-1.,1.110223024625E-16,0.));
#11987 = PCURVE('',#5010,#11988);
#11988 = DEFINITIONAL_REPRESENTATION('',(#11989),#11993);
#11989 = LINE('',#11990,#11991);
#11990 = CARTESIAN_POINT('',(0.,-7.9));
#11991 = VECTOR('',#11992,1.);
#11992 = DIRECTION('',(1.,0.));
#11993 = ( GEOMETRIC_REPRESENTATION_CONTEXT(2) 
PARAMETRIC_REPRESENTATION_CONTEXT() REPRESENTATION_CONTEXT('2D SPACE',''
  ) );
#11994 = PCURVE('',#5536,#11995);
#11995 = DEFINITIONAL_REPRESENTATION('',(#11996),#12000);
#11996 = CIRCLE('',#11997,2.3);
#11997 = AXIS2_PLACEMENT_2D('',#11998,#11999);
#11998 = CARTESIAN_POINT('',(0.,3.7));
#11999 = DIRECTION('',(1.,1.110223024625E-16));
#12000 = ( GEOMETRIC_REPRESENTATION_CONTEXT(2) 
PARAMETRIC_REPRESENTATION_CONTEXT() REPRESENTATION_CONTEXT('2D SPACE',''
  ) );
#12001 = ORIENTED_EDGE('',*,*,#12002,.F.);
#12002 = EDGE_CURVE('',#4990,#11979,#12003,.T.);
#12003 = SURFACE_CURVE('',#12004,(#12008,#12015),.PCURVE_S1.);
#12004 = LINE('',#12005,#12006);
#12005 = CARTESIAN_POINT('',(14.3,13.7,-0.5));
#12006 = VECTOR('',#12007,1.);
#12007 = DIRECTION('',(0.,0.,1.));
#12008 = PCURVE('',#5010,#12009);
#12009 = DEFINITIONAL_REPRESENTATION('',(#12010),#12014);
#12010 = LINE('',#12011,#12012);
#12011 = CARTESIAN_POINT('',(3.14159265359,0.));
#12012 = VECTOR('',#12013,1.);
#12013 = DIRECTION('',(0.,-1.));
#12014 = ( GEOMETRIC_REPRESENTATION_CONTEXT(2) 
PARAMETRIC_REPRESENTATION_CONTEXT() REPRESENTATION_CONTEXT('2D SPACE',''
  ) );
#12015 = PCURVE('',#5037,#12016);
#12016 = DEFINITIONAL_REPRESENTATION('',(#12017),#12021);
#12017 = LINE('',#12018,#12019);
#12018 = CARTESIAN_POINT('',(0.,0.));
#12019 = VECTOR('',#12020,1.);
#12020 = DIRECTION('',(0.,-1.));
#12021 = ( GEOMETRIC_REPRESENTATION_CONTEXT(2) 
PARAMETRIC_REPRESENTATION_CONTEXT() REPRESENTATION_CONTEXT('2D SPACE',''
  ) );
#12022 = ADVANCED_FACE('',(#12023),#5067,.F.);
#12023 = FACE_BOUND('',#12024,.F.);
#12024 = EDGE_LOOP('',(#12025,#12026,#12049,#12071));
#12025 = ORIENTED_EDGE('',*,*,#5048,.F.);
#12026 = ORIENTED_EDGE('',*,*,#12027,.T.);
#12027 = EDGE_CURVE('',#5023,#12028,#12030,.T.);
#12028 = VERTEX_POINT('',#12029);
#12029 = CARTESIAN_POINT('',(14.3,6.3,7.4));
#12030 = SURFACE_CURVE('',#12031,(#12035,#12042),.PCURVE_S1.);
#12031 = LINE('',#12032,#12033);
#12032 = CARTESIAN_POINT('',(14.3,6.3,-0.5));
#12033 = VECTOR('',#12034,1.);
#12034 = DIRECTION('',(0.,0.,1.));
#12035 = PCURVE('',#5067,#12036);
#12036 = DEFINITIONAL_REPRESENTATION('',(#12037),#12041);
#12037 = LINE('',#12038,#12039);
#12038 = CARTESIAN_POINT('',(0.,0.));
#12039 = VECTOR('',#12040,1.);
#12040 = DIRECTION('',(0.,-1.));
#12041 = ( GEOMETRIC_REPRESENTATION_CONTEXT(2) 
PARAMETRIC_REPRESENTATION_CONTEXT() REPRESENTATION_CONTEXT('2D SPACE',''
  ) );
#12042 = PCURVE('',#5037,#12043);
#12043 = DEFINITIONAL_REPRESENTATION('',(#12044),#12048);
#12044 = LINE('',#12045,#12046);
#12045 = CARTESIAN_POINT('',(7.4,0.));
#12046 = VECTOR('',#12047,1.);
#12047 = DIRECTION('',(0.,-1.));
#12048 = ( GEOMETRIC_REPRESENTATION_CONTEXT(2) 
PARAMETRIC_REPRESENTATION_CONTEXT() REPRESENTATION_CONTEXT('2D SPACE',''
  ) );
#12049 = ORIENTED_EDGE('',*,*,#12050,.T.);
#12050 = EDGE_CURVE('',#12028,#11932,#12051,.T.);
#12051 = SURFACE_CURVE('',#12052,(#12057,#12064),.PCURVE_S1.);
#12052 = CIRCLE('',#12053,2.3);
#12053 = AXIS2_PLACEMENT_3D('',#12054,#12055,#12056);
#12054 = CARTESIAN_POINT('',(12.,6.3,7.4));
#12055 = DIRECTION('',(0.,-0.,-1.));
#12056 = DIRECTION('',(1.,-1.110223024625E-16,0.));
#12057 = PCURVE('',#5067,#12058);
#12058 = DEFINITIONAL_REPRESENTATION('',(#12059),#12063);
#12059 = LINE('',#12060,#12061);
#12060 = CARTESIAN_POINT('',(0.,-7.9));
#12061 = VECTOR('',#12062,1.);
#12062 = DIRECTION('',(1.,0.));
#12063 = ( GEOMETRIC_REPRESENTATION_CONTEXT(2) 
PARAMETRIC_REPRESENTATION_CONTEXT() REPRESENTATION_CONTEXT('2D SPACE',''
  ) );
#12064 = PCURVE('',#5536,#12065);
#12065 = DEFINITIONAL_REPRESENTATION('',(#12066),#12070);
#12066 = CIRCLE('',#12067,2.3);
#12067 = AXIS2_PLACEMENT_2D('',#12068,#12069);
#12068 = CARTESIAN_POINT('',(0.,-3.7));
#12069 = DIRECTION('',(-1.,-1.110223024625E-16));
#12070 = ( GEOMETRIC_REPRESENTATION_CONTEXT(2) 
PARAMETRIC_REPRESENTATION_CONTEXT() REPRESENTATION_CONTEXT('2D SPACE',''
  ) );
#12071 = ORIENTED_EDGE('',*,*,#11931,.F.);
#12072 = ADVANCED_FACE('',(#12073),#5037,.F.);
#12073 = FACE_BOUND('',#12074,.F.);
#12074 = EDGE_LOOP('',(#12075,#12076,#12077,#12078));
#12075 = ORIENTED_EDGE('',*,*,#12027,.F.);
#12076 = ORIENTED_EDGE('',*,*,#5022,.T.);
#12077 = ORIENTED_EDGE('',*,*,#12002,.T.);
#12078 = ORIENTED_EDGE('',*,*,#12079,.F.);
#12079 = EDGE_CURVE('',#12028,#11979,#12080,.T.);
#12080 = SURFACE_CURVE('',#12081,(#12085,#12091),.PCURVE_S1.);
#12081 = LINE('',#12082,#12083);
#12082 = CARTESIAN_POINT('',(14.3,11.85,7.4));
#12083 = VECTOR('',#12084,1.);
#12084 = DIRECTION('',(1.110223024625E-16,1.,-0.));
#12085 = PCURVE('',#5037,#12086);
#12086 = DEFINITIONAL_REPRESENTATION('',(#12087),#12090);
#12087 = B_SPLINE_CURVE_WITH_KNOTS('',1,(#12088,#12089),.UNSPECIFIED.,
  .F.,.F.,(2,2),(-5.55,1.85),.PIECEWISE_BEZIER_KNOTS.);
#12088 = CARTESIAN_POINT('',(7.4,-7.9));
#12089 = CARTESIAN_POINT('',(0.,-7.9));
#12090 = ( GEOMETRIC_REPRESENTATION_CONTEXT(2) 
PARAMETRIC_REPRESENTATION_CONTEXT() REPRESENTATION_CONTEXT('2D SPACE',''
  ) );
#12091 = PCURVE('',#5536,#12092);
#12092 = DEFINITIONAL_REPRESENTATION('',(#12093),#12096);
#12093 = B_SPLINE_CURVE_WITH_KNOTS('',1,(#12094,#12095),.UNSPECIFIED.,
  .F.,.F.,(2,2),(-5.55,1.85),.PIECEWISE_BEZIER_KNOTS.);
#12094 = CARTESIAN_POINT('',(-2.3,-3.7));
#12095 = CARTESIAN_POINT('',(-2.3,3.7));
#12096 = ( GEOMETRIC_REPRESENTATION_CONTEXT(2) 
PARAMETRIC_REPRESENTATION_CONTEXT() REPRESENTATION_CONTEXT('2D SPACE',''
  ) );
#12097 = ADVANCED_FACE('',(#12098),#5098,.F.);
#12098 = FACE_BOUND('',#12099,.F.);
#12099 = EDGE_LOOP('',(#12100,#12123,#12124,#12147));
#12100 = ORIENTED_EDGE('',*,*,#12101,.F.);
#12101 = EDGE_CURVE('',#5082,#12102,#12104,.T.);
#12102 = VERTEX_POINT('',#12103);
#12103 = CARTESIAN_POINT('',(45.7,13.7,7.4));
#12104 = SURFACE_CURVE('',#12105,(#12109,#12116),.PCURVE_S1.);
#12105 = LINE('',#12106,#12107);
#12106 = CARTESIAN_POINT('',(45.7,13.7,-0.5));
#12107 = VECTOR('',#12108,1.);
#12108 = DIRECTION('',(0.,0.,1.));
#12109 = PCURVE('',#5098,#12110);
#12110 = DEFINITIONAL_REPRESENTATION('',(#12111),#12115);
#12111 = LINE('',#12112,#12113);
#12112 = CARTESIAN_POINT('',(7.4,0.));
#12113 = VECTOR('',#12114,1.);
#12114 = DIRECTION('',(0.,-1.));
#12115 = ( GEOMETRIC_REPRESENTATION_CONTEXT(2) 
PARAMETRIC_REPRESENTATION_CONTEXT() REPRESENTATION_CONTEXT('2D SPACE',''
  ) );
#12116 = PCURVE('',#5130,#12117);
#12117 = DEFINITIONAL_REPRESENTATION('',(#12118),#12122);
#12118 = LINE('',#12119,#12120);
#12119 = CARTESIAN_POINT('',(0.,0.));
#12120 = VECTOR('',#12121,1.);
#12121 = DIRECTION('',(0.,-1.));
#12122 = ( GEOMETRIC_REPRESENTATION_CONTEXT(2) 
PARAMETRIC_REPRESENTATION_CONTEXT() REPRESENTATION_CONTEXT('2D SPACE',''
  ) );
#12123 = ORIENTED_EDGE('',*,*,#5081,.T.);
#12124 = ORIENTED_EDGE('',*,*,#12125,.T.);
#12125 = EDGE_CURVE('',#5084,#12126,#12128,.T.);
#12126 = VERTEX_POINT('',#12127);
#12127 = CARTESIAN_POINT('',(45.7,6.3,7.4));
#12128 = SURFACE_CURVE('',#12129,(#12133,#12140),.PCURVE_S1.);
#12129 = LINE('',#12130,#12131);
#12130 = CARTESIAN_POINT('',(45.7,6.3,-0.5));
#12131 = VECTOR('',#12132,1.);
#12132 = DIRECTION('',(0.,0.,1.));
#12133 = PCURVE('',#5098,#12134);
#12134 = DEFINITIONAL_REPRESENTATION('',(#12135),#12139);
#12135 = LINE('',#12136,#12137);
#12136 = CARTESIAN_POINT('',(0.,0.));
#12137 = VECTOR('',#12138,1.);
#12138 = DIRECTION('',(0.,-1.));
#12139 = ( GEOMETRIC_REPRESENTATION_CONTEXT(2) 
PARAMETRIC_REPRESENTATION_CONTEXT() REPRESENTATION_CONTEXT('2D SPACE',''
  ) );
#12140 = PCURVE('',#5187,#12141);
#12141 = DEFINITIONAL_REPRESENTATION('',(#12142),#12146);
#12142 = LINE('',#12143,#12144);
#12143 = CARTESIAN_POINT('',(3.14159265359,0.));
#12144 = VECTOR('',#12145,1.);
#12145 = DIRECTION('',(0.,-1.));
#12146 = ( GEOMETRIC_REPRESENTATION_CONTEXT(2) 
PARAMETRIC_REPRESENTATION_CONTEXT() REPRESENTATION_CONTEXT('2D SPACE',''
  ) );
#12147 = ORIENTED_EDGE('',*,*,#12148,.F.);
#12148 = EDGE_CURVE('',#12102,#12126,#12149,.T.);
#12149 = SURFACE_CURVE('',#12150,(#12154,#12160),.PCURVE_S1.);
#12150 = LINE('',#12151,#12152);
#12151 = CARTESIAN_POINT('',(45.7,8.15,7.4));
#12152 = VECTOR('',#12153,1.);
#12153 = DIRECTION('',(-1.110223024625E-16,-1.,0.));
#12154 = PCURVE('',#5098,#12155);
#12155 = DEFINITIONAL_REPRESENTATION('',(#12156),#12159);
#12156 = B_SPLINE_CURVE_WITH_KNOTS('',1,(#12157,#12158),.UNSPECIFIED.,
  .F.,.F.,(2,2),(-5.55,1.85),.PIECEWISE_BEZIER_KNOTS.);
#12157 = CARTESIAN_POINT('',(7.4,-7.9));
#12158 = CARTESIAN_POINT('',(0.,-7.9));
#12159 = ( GEOMETRIC_REPRESENTATION_CONTEXT(2) 
PARAMETRIC_REPRESENTATION_CONTEXT() REPRESENTATION_CONTEXT('2D SPACE',''
  ) );
#12160 = PCURVE('',#6744,#12161);
#12161 = DEFINITIONAL_REPRESENTATION('',(#12162),#12165);
#12162 = B_SPLINE_CURVE_WITH_KNOTS('',1,(#12163,#12164),.UNSPECIFIED.,
  .F.,.F.,(2,2),(-5.55,1.85),.PIECEWISE_BEZIER_KNOTS.);
#12163 = CARTESIAN_POINT('',(2.3,3.7));
#12164 = CARTESIAN_POINT('',(2.3,-3.7));
#12165 = ( GEOMETRIC_REPRESENTATION_CONTEXT(2) 
PARAMETRIC_REPRESENTATION_CONTEXT() REPRESENTATION_CONTEXT('2D SPACE',''
  ) );
#12166 = ADVANCED_FACE('',(#12167),#5187,.F.);
#12167 = FACE_BOUND('',#12168,.F.);
#12168 = EDGE_LOOP('',(#12169,#12170,#12193,#12215));
#12169 = ORIENTED_EDGE('',*,*,#5168,.F.);
#12170 = ORIENTED_EDGE('',*,*,#12171,.T.);
#12171 = EDGE_CURVE('',#5143,#12172,#12174,.T.);
#12172 = VERTEX_POINT('',#12173);
#12173 = CARTESIAN_POINT('',(50.3,6.3,7.4));
#12174 = SURFACE_CURVE('',#12175,(#12179,#12186),.PCURVE_S1.);
#12175 = LINE('',#12176,#12177);
#12176 = CARTESIAN_POINT('',(50.3,6.3,-0.5));
#12177 = VECTOR('',#12178,1.);
#12178 = DIRECTION('',(0.,0.,1.));
#12179 = PCURVE('',#5187,#12180);
#12180 = DEFINITIONAL_REPRESENTATION('',(#12181),#12185);
#12181 = LINE('',#12182,#12183);
#12182 = CARTESIAN_POINT('',(0.,0.));
#12183 = VECTOR('',#12184,1.);
#12184 = DIRECTION('',(0.,-1.));
#12185 = ( GEOMETRIC_REPRESENTATION_CONTEXT(2) 
PARAMETRIC_REPRESENTATION_CONTEXT() REPRESENTATION_CONTEXT('2D SPACE',''
  ) );
#12186 = PCURVE('',#5157,#12187);
#12187 = DEFINITIONAL_REPRESENTATION('',(#12188),#12192);
#12188 = LINE('',#12189,#12190);
#12189 = CARTESIAN_POINT('',(7.4,0.));
#12190 = VECTOR('',#12191,1.);
#12191 = DIRECTION('',(0.,-1.));
#12192 = ( GEOMETRIC_REPRESENTATION_CONTEXT(2) 
PARAMETRIC_REPRESENTATION_CONTEXT() REPRESENTATION_CONTEXT('2D SPACE',''
  ) );
#12193 = ORIENTED_EDGE('',*,*,#12194,.T.);
#12194 = EDGE_CURVE('',#12172,#12126,#12195,.T.);
#12195 = SURFACE_CURVE('',#12196,(#12201,#12208),.PCURVE_S1.);
#12196 = CIRCLE('',#12197,2.3);
#12197 = AXIS2_PLACEMENT_3D('',#12198,#12199,#12200);
#12198 = CARTESIAN_POINT('',(48.,6.3,7.4));
#12199 = DIRECTION('',(0.,-0.,-1.));
#12200 = DIRECTION('',(1.,-1.110223024625E-16,0.));
#12201 = PCURVE('',#5187,#12202);
#12202 = DEFINITIONAL_REPRESENTATION('',(#12203),#12207);
#12203 = LINE('',#12204,#12205);
#12204 = CARTESIAN_POINT('',(0.,-7.9));
#12205 = VECTOR('',#12206,1.);
#12206 = DIRECTION('',(1.,0.));
#12207 = ( GEOMETRIC_REPRESENTATION_CONTEXT(2) 
PARAMETRIC_REPRESENTATION_CONTEXT() REPRESENTATION_CONTEXT('2D SPACE',''
  ) );
#12208 = PCURVE('',#6744,#12209);
#12209 = DEFINITIONAL_REPRESENTATION('',(#12210),#12214);
#12210 = CIRCLE('',#12211,2.3);
#12211 = AXIS2_PLACEMENT_2D('',#12212,#12213);
#12212 = CARTESIAN_POINT('',(7.105427357601E-15,-3.7));
#12213 = DIRECTION('',(-1.,-1.110223024625E-16));
#12214 = ( GEOMETRIC_REPRESENTATION_CONTEXT(2) 
PARAMETRIC_REPRESENTATION_CONTEXT() REPRESENTATION_CONTEXT('2D SPACE',''
  ) );
#12215 = ORIENTED_EDGE('',*,*,#12125,.F.);
#12216 = ADVANCED_FACE('',(#12217),#5157,.F.);
#12217 = FACE_BOUND('',#12218,.F.);
#12218 = EDGE_LOOP('',(#12219,#12220,#12221,#12244));
#12219 = ORIENTED_EDGE('',*,*,#12171,.F.);
#12220 = ORIENTED_EDGE('',*,*,#5142,.T.);
#12221 = ORIENTED_EDGE('',*,*,#12222,.T.);
#12222 = EDGE_CURVE('',#5110,#12223,#12225,.T.);
#12223 = VERTEX_POINT('',#12224);
#12224 = CARTESIAN_POINT('',(50.3,13.7,7.4));
#12225 = SURFACE_CURVE('',#12226,(#12230,#12237),.PCURVE_S1.);
#12226 = LINE('',#12227,#12228);
#12227 = CARTESIAN_POINT('',(50.3,13.7,-0.5));
#12228 = VECTOR('',#12229,1.);
#12229 = DIRECTION('',(0.,0.,1.));
#12230 = PCURVE('',#5157,#12231);
#12231 = DEFINITIONAL_REPRESENTATION('',(#12232),#12236);
#12232 = LINE('',#12233,#12234);
#12233 = CARTESIAN_POINT('',(0.,0.));
#12234 = VECTOR('',#12235,1.);
#12235 = DIRECTION('',(0.,-1.));
#12236 = ( GEOMETRIC_REPRESENTATION_CONTEXT(2) 
PARAMETRIC_REPRESENTATION_CONTEXT() REPRESENTATION_CONTEXT('2D SPACE',''
  ) );
#12237 = PCURVE('',#5130,#12238);
#12238 = DEFINITIONAL_REPRESENTATION('',(#12239),#12243);
#12239 = LINE('',#12240,#12241);
#12240 = CARTESIAN_POINT('',(3.14159265359,0.));
#12241 = VECTOR('',#12242,1.);
#12242 = DIRECTION('',(0.,-1.));
#12243 = ( GEOMETRIC_REPRESENTATION_CONTEXT(2) 
PARAMETRIC_REPRESENTATION_CONTEXT() REPRESENTATION_CONTEXT('2D SPACE',''
  ) );
#12244 = ORIENTED_EDGE('',*,*,#12245,.F.);
#12245 = EDGE_CURVE('',#12172,#12223,#12246,.T.);
#12246 = SURFACE_CURVE('',#12247,(#12251,#12257),.PCURVE_S1.);
#12247 = LINE('',#12248,#12249);
#12248 = CARTESIAN_POINT('',(50.3,11.85,7.4));
#12249 = VECTOR('',#12250,1.);
#12250 = DIRECTION('',(1.110223024625E-16,1.,-0.));
#12251 = PCURVE('',#5157,#12252);
#12252 = DEFINITIONAL_REPRESENTATION('',(#12253),#12256);
#12253 = B_SPLINE_CURVE_WITH_KNOTS('',1,(#12254,#12255),.UNSPECIFIED.,
  .F.,.F.,(2,2),(-5.55,1.85),.PIECEWISE_BEZIER_KNOTS.);
#12254 = CARTESIAN_POINT('',(7.4,-7.9));
#12255 = CARTESIAN_POINT('',(0.,-7.9));
#12256 = ( GEOMETRIC_REPRESENTATION_CONTEXT(2) 
PARAMETRIC_REPRESENTATION_CONTEXT() REPRESENTATION_CONTEXT('2D SPACE',''
  ) );
#12257 = PCURVE('',#6744,#12258);
#12258 = DEFINITIONAL_REPRESENTATION('',(#12259),#12262);
#12259 = B_SPLINE_CURVE_WITH_KNOTS('',1,(#12260,#12261),.UNSPECIFIED.,
  .F.,.F.,(2,2),(-5.55,1.85),.PIECEWISE_BEZIER_KNOTS.);
#12260 = CARTESIAN_POINT('',(-2.3,-3.7));
#12261 = CARTESIAN_POINT('',(-2.3,3.7));
#12262 = ( GEOMETRIC_REPRESENTATION_CONTEXT(2) 
PARAMETRIC_REPRESENTATION_CONTEXT() REPRESENTATION_CONTEXT('2D SPACE',''
  ) );
#12263 = ADVANCED_FACE('',(#12264),#5130,.F.);
#12264 = FACE_BOUND('',#12265,.F.);
#12265 = EDGE_LOOP('',(#12266,#12267,#12268,#12290));
#12266 = ORIENTED_EDGE('',*,*,#5109,.F.);
#12267 = ORIENTED_EDGE('',*,*,#12101,.T.);
#12268 = ORIENTED_EDGE('',*,*,#12269,.T.);
#12269 = EDGE_CURVE('',#12102,#12223,#12270,.T.);
#12270 = SURFACE_CURVE('',#12271,(#12276,#12283),.PCURVE_S1.);
#12271 = CIRCLE('',#12272,2.3);
#12272 = AXIS2_PLACEMENT_3D('',#12273,#12274,#12275);
#12273 = CARTESIAN_POINT('',(48.,13.7,7.4));
#12274 = DIRECTION('',(0.,0.,-1.));
#12275 = DIRECTION('',(-1.,1.110223024625E-16,0.));
#12276 = PCURVE('',#5130,#12277);
#12277 = DEFINITIONAL_REPRESENTATION('',(#12278),#12282);
#12278 = LINE('',#12279,#12280);
#12279 = CARTESIAN_POINT('',(0.,-7.9));
#12280 = VECTOR('',#12281,1.);
#12281 = DIRECTION('',(1.,0.));
#12282 = ( GEOMETRIC_REPRESENTATION_CONTEXT(2) 
PARAMETRIC_REPRESENTATION_CONTEXT() REPRESENTATION_CONTEXT('2D SPACE',''
  ) );
#12283 = PCURVE('',#6744,#12284);
#12284 = DEFINITIONAL_REPRESENTATION('',(#12285),#12289);
#12285 = CIRCLE('',#12286,2.3);
#12286 = AXIS2_PLACEMENT_2D('',#12287,#12288);
#12287 = CARTESIAN_POINT('',(7.105427357601E-15,3.7));
#12288 = DIRECTION('',(1.,1.110223024625E-16));
#12289 = ( GEOMETRIC_REPRESENTATION_CONTEXT(2) 
PARAMETRIC_REPRESENTATION_CONTEXT() REPRESENTATION_CONTEXT('2D SPACE',''
  ) );
#12290 = ORIENTED_EDGE('',*,*,#12222,.F.);
#12291 = ADVANCED_FACE('',(#12292),#5356,.T.);
#12292 = FACE_BOUND('',#12293,.T.);
#12293 = EDGE_LOOP('',(#12294,#12295,#12296,#12297));
#12294 = ORIENTED_EDGE('',*,*,#5443,.F.);
#12295 = ORIENTED_EDGE('',*,*,#5340,.T.);
#12296 = ORIENTED_EDGE('',*,*,#5394,.T.);
#12297 = ORIENTED_EDGE('',*,*,#5492,.F.);
#12298 = ADVANCED_FACE('',(#12299,#12305),#5536,.F.);
#12299 = FACE_BOUND('',#12300,.F.);
#12300 = EDGE_LOOP('',(#12301,#12302,#12303,#12304));
#12301 = ORIENTED_EDGE('',*,*,#5518,.T.);
#12302 = ORIENTED_EDGE('',*,*,#5594,.T.);
#12303 = ORIENTED_EDGE('',*,*,#5694,.T.);
#12304 = ORIENTED_EDGE('',*,*,#5644,.T.);
#12305 = FACE_BOUND('',#12306,.F.);
#12306 = EDGE_LOOP('',(#12307,#12308,#12309,#12310));
#12307 = ORIENTED_EDGE('',*,*,#11978,.F.);
#12308 = ORIENTED_EDGE('',*,*,#11954,.T.);
#12309 = ORIENTED_EDGE('',*,*,#12050,.F.);
#12310 = ORIENTED_EDGE('',*,*,#12079,.T.);
#12311 = ADVANCED_FACE('',(#12312),#5760,.T.);
#12312 = FACE_BOUND('',#12313,.T.);
#12313 = EDGE_LOOP('',(#12314,#12315,#12316,#12317));
#12314 = ORIENTED_EDGE('',*,*,#5847,.F.);
#12315 = ORIENTED_EDGE('',*,*,#5744,.T.);
#12316 = ORIENTED_EDGE('',*,*,#5798,.T.);
#12317 = ORIENTED_EDGE('',*,*,#5896,.F.);
#12318 = ADVANCED_FACE('',(#12319),#5961,.T.);
#12319 = FACE_BOUND('',#12320,.T.);
#12320 = EDGE_LOOP('',(#12321,#12322,#12323,#12324));
#12321 = ORIENTED_EDGE('',*,*,#6048,.F.);
#12322 = ORIENTED_EDGE('',*,*,#5945,.T.);
#12323 = ORIENTED_EDGE('',*,*,#5999,.T.);
#12324 = ORIENTED_EDGE('',*,*,#6097,.F.);
#12325 = ADVANCED_FACE('',(#12326),#6162,.T.);
#12326 = FACE_BOUND('',#12327,.T.);
#12327 = EDGE_LOOP('',(#12328,#12329,#12330,#12331));
#12328 = ORIENTED_EDGE('',*,*,#6249,.F.);
#12329 = ORIENTED_EDGE('',*,*,#6146,.T.);
#12330 = ORIENTED_EDGE('',*,*,#6200,.T.);
#12331 = ORIENTED_EDGE('',*,*,#6298,.F.);
#12332 = ADVANCED_FACE('',(#12333),#6363,.T.);
#12333 = FACE_BOUND('',#12334,.T.);
#12334 = EDGE_LOOP('',(#12335,#12336,#12337,#12338));
#12335 = ORIENTED_EDGE('',*,*,#6450,.F.);
#12336 = ORIENTED_EDGE('',*,*,#6347,.T.);
#12337 = ORIENTED_EDGE('',*,*,#6401,.T.);
#12338 = ORIENTED_EDGE('',*,*,#6499,.F.);
#12339 = ADVANCED_FACE('',(#12340),#6564,.T.);
#12340 = FACE_BOUND('',#12341,.T.);
#12341 = EDGE_LOOP('',(#12342,#12343,#12344,#12345));
#12342 = ORIENTED_EDGE('',*,*,#6651,.F.);
#12343 = ORIENTED_EDGE('',*,*,#6548,.T.);
#12344 = ORIENTED_EDGE('',*,*,#6602,.T.);
#12345 = ORIENTED_EDGE('',*,*,#6700,.F.);
#12346 = ADVANCED_FACE('',(#12347,#12353),#6744,.F.);
#12347 = FACE_BOUND('',#12348,.F.);
#12348 = EDGE_LOOP('',(#12349,#12350,#12351,#12352));
#12349 = ORIENTED_EDGE('',*,*,#6726,.T.);
#12350 = ORIENTED_EDGE('',*,*,#6802,.T.);
#12351 = ORIENTED_EDGE('',*,*,#6902,.T.);
#12352 = ORIENTED_EDGE('',*,*,#6852,.T.);
#12353 = FACE_BOUND('',#12354,.F.);
#12354 = EDGE_LOOP('',(#12355,#12356,#12357,#12358));
#12355 = ORIENTED_EDGE('',*,*,#12269,.F.);
#12356 = ORIENTED_EDGE('',*,*,#12148,.T.);
#12357 = ORIENTED_EDGE('',*,*,#12194,.F.);
#12358 = ORIENTED_EDGE('',*,*,#12245,.T.);
#12359 = ADVANCED_FACE('',(#12360),#6947,.T.);
#12360 = FACE_BOUND('',#12361,.F.);
#12361 = EDGE_LOOP('',(#12362,#12363,#12364,#12365,#12366,#12367,#12368,
    #12369));
#12362 = ORIENTED_EDGE('',*,*,#6929,.T.);
#12363 = ORIENTED_EDGE('',*,*,#7299,.T.);
#12364 = ORIENTED_EDGE('',*,*,#7250,.T.);
#12365 = ORIENTED_EDGE('',*,*,#7201,.T.);
#12366 = ORIENTED_EDGE('',*,*,#7152,.T.);
#12367 = ORIENTED_EDGE('',*,*,#7103,.T.);
#12368 = ORIENTED_EDGE('',*,*,#7054,.T.);
#12369 = ORIENTED_EDGE('',*,*,#7005,.T.);
#12370 = ADVANCED_FACE('',(#12371),#7344,.T.);
#12371 = FACE_BOUND('',#12372,.F.);
#12372 = EDGE_LOOP('',(#12373,#12374,#12375,#12376,#12377,#12378,#12379,
    #12380,#12381,#12382,#12383,#12384,#12385,#12386,#12387,#12388,
    #12389,#12390,#12391,#12392,#12393,#12394));
#12373 = ORIENTED_EDGE('',*,*,#7326,.T.);
#12374 = ORIENTED_EDGE('',*,*,#8382,.T.);
#12375 = ORIENTED_EDGE('',*,*,#8333,.T.);
#12376 = ORIENTED_EDGE('',*,*,#8284,.T.);
#12377 = ORIENTED_EDGE('',*,*,#8235,.T.);
#12378 = ORIENTED_EDGE('',*,*,#8186,.T.);
#12379 = ORIENTED_EDGE('',*,*,#8137,.T.);
#12380 = ORIENTED_EDGE('',*,*,#8088,.T.);
#12381 = ORIENTED_EDGE('',*,*,#8039,.T.);
#12382 = ORIENTED_EDGE('',*,*,#7990,.T.);
#12383 = ORIENTED_EDGE('',*,*,#7941,.T.);
#12384 = ORIENTED_EDGE('',*,*,#7892,.T.);
#12385 = ORIENTED_EDGE('',*,*,#7843,.T.);
#12386 = ORIENTED_EDGE('',*,*,#7794,.T.);
#12387 = ORIENTED_EDGE('',*,*,#7745,.T.);
#12388 = ORIENTED_EDGE('',*,*,#7696,.T.);
#12389 = ORIENTED_EDGE('',*,*,#7647,.T.);
#12390 = ORIENTED_EDGE('',*,*,#7598,.T.);
#12391 = ORIENTED_EDGE('',*,*,#7549,.T.);
#12392 = ORIENTED_EDGE('',*,*,#7500,.T.);
#12393 = ORIENTED_EDGE('',*,*,#7451,.T.);
#12394 = ORIENTED_EDGE('',*,*,#7402,.T.);
#12395 = ADVANCED_FACE('',(#12396,#12409),#8427,.T.);
#12396 = FACE_BOUND('',#12397,.F.);
#12397 = EDGE_LOOP('',(#12398,#12399,#12400,#12401,#12402,#12403,#12404,
    #12405,#12406,#12407,#12408));
#12398 = ORIENTED_EDGE('',*,*,#8409,.T.);
#12399 = ORIENTED_EDGE('',*,*,#8926,.T.);
#12400 = ORIENTED_EDGE('',*,*,#8877,.T.);
#12401 = ORIENTED_EDGE('',*,*,#8828,.T.);
#12402 = ORIENTED_EDGE('',*,*,#8779,.T.);
#12403 = ORIENTED_EDGE('',*,*,#8730,.T.);
#12404 = ORIENTED_EDGE('',*,*,#8681,.T.);
#12405 = ORIENTED_EDGE('',*,*,#8632,.T.);
#12406 = ORIENTED_EDGE('',*,*,#8583,.T.);
#12407 = ORIENTED_EDGE('',*,*,#8534,.T.);
#12408 = ORIENTED_EDGE('',*,*,#8485,.T.);
#12409 = FACE_BOUND('',#12410,.F.);
#12410 = EDGE_LOOP('',(#12411,#12441,#12469,#12499,#12529,#12559,#12589,
    #12619));
#12411 = ORIENTED_EDGE('',*,*,#12412,.T.);
#12412 = EDGE_CURVE('',#12413,#12415,#12417,.T.);
#12413 = VERTEX_POINT('',#12414);
#12414 = CARTESIAN_POINT('',(29.2603515625,55.84287109375,7.65));
#12415 = VERTEX_POINT('',#12416);
#12416 = CARTESIAN_POINT('',(29.2603515625,55.12646484375,7.65));
#12417 = SURFACE_CURVE('',#12418,(#12422,#12429),.PCURVE_S1.);
#12418 = LINE('',#12419,#12420);
#12419 = CARTESIAN_POINT('',(29.2603515625,55.84287109375,7.65));
#12420 = VECTOR('',#12421,1.);
#12421 = DIRECTION('',(0.,-1.,0.));
#12422 = PCURVE('',#8427,#12423);
#12423 = DEFINITIONAL_REPRESENTATION('',(#12424),#12428);
#12424 = LINE('',#12425,#12426);
#12425 = CARTESIAN_POINT('',(0.48125,1.7677734375));
#12426 = VECTOR('',#12427,1.);
#12427 = DIRECTION('',(0.,-1.));
#12428 = ( GEOMETRIC_REPRESENTATION_CONTEXT(2) 
PARAMETRIC_REPRESENTATION_CONTEXT() REPRESENTATION_CONTEXT('2D SPACE',''
  ) );
#12429 = PCURVE('',#12430,#12435);
#12430 = PLANE('',#12431);
#12431 = AXIS2_PLACEMENT_3D('',#12432,#12433,#12434);
#12432 = CARTESIAN_POINT('',(29.2603515625,55.84287109375,7.65));
#12433 = DIRECTION('',(1.,0.,0.));
#12434 = DIRECTION('',(0.,-1.,0.));
#12435 = DEFINITIONAL_REPRESENTATION('',(#12436),#12440);
#12436 = LINE('',#12437,#12438);
#12437 = CARTESIAN_POINT('',(0.,0.));
#12438 = VECTOR('',#12439,1.);
#12439 = DIRECTION('',(1.,0.));
#12440 = ( GEOMETRIC_REPRESENTATION_CONTEXT(2) 
PARAMETRIC_REPRESENTATION_CONTEXT() REPRESENTATION_CONTEXT('2D SPACE',''
  ) );
#12441 = ORIENTED_EDGE('',*,*,#12442,.T.);
#12442 = EDGE_CURVE('',#12415,#12443,#12445,.T.);
#12443 = VERTEX_POINT('',#12444);
#12444 = CARTESIAN_POINT('',(29.778515625,55.12646484375,7.65));
#12445 = SURFACE_CURVE('',#12446,(#12450,#12457),.PCURVE_S1.);
#12446 = LINE('',#12447,#12448);
#12447 = CARTESIAN_POINT('',(29.2603515625,55.12646484375,7.65));
#12448 = VECTOR('',#12449,1.);
#12449 = DIRECTION('',(1.,0.,0.));
#12450 = PCURVE('',#8427,#12451);
#12451 = DEFINITIONAL_REPRESENTATION('',(#12452),#12456);
#12452 = LINE('',#12453,#12454);
#12453 = CARTESIAN_POINT('',(0.48125,1.0513671875));
#12454 = VECTOR('',#12455,1.);
#12455 = DIRECTION('',(1.,0.));
#12456 = ( GEOMETRIC_REPRESENTATION_CONTEXT(2) 
PARAMETRIC_REPRESENTATION_CONTEXT() REPRESENTATION_CONTEXT('2D SPACE',''
  ) );
#12457 = PCURVE('',#12458,#12463);
#12458 = PLANE('',#12459);
#12459 = AXIS2_PLACEMENT_3D('',#12460,#12461,#12462);
#12460 = CARTESIAN_POINT('',(29.2603515625,55.12646484375,7.65));
#12461 = DIRECTION('',(0.,1.,0.));
#12462 = DIRECTION('',(1.,0.,0.));
#12463 = DEFINITIONAL_REPRESENTATION('',(#12464),#12468);
#12464 = LINE('',#12465,#12466);
#12465 = CARTESIAN_POINT('',(0.,0.));
#12466 = VECTOR('',#12467,1.);
#12467 = DIRECTION('',(1.,0.));
#12468 = ( GEOMETRIC_REPRESENTATION_CONTEXT(2) 
PARAMETRIC_REPRESENTATION_CONTEXT() REPRESENTATION_CONTEXT('2D SPACE',''
  ) );
#12469 = ORIENTED_EDGE('',*,*,#12470,.T.);
#12470 = EDGE_CURVE('',#12443,#12471,#12473,.T.);
#12471 = VERTEX_POINT('',#12472);
#12472 = CARTESIAN_POINT('',(30.1435546875,55.22216796875,7.65));
#12473 = SURFACE_CURVE('',#12474,(#12478,#12485),.PCURVE_S1.);
#12474 = B_SPLINE_CURVE_WITH_KNOTS('',2,(#12475,#12476,#12477),
  .UNSPECIFIED.,.F.,.F.,(3,3),(0.,1.),.PIECEWISE_BEZIER_KNOTS.);
#12475 = CARTESIAN_POINT('',(29.778515625,55.12646484375,7.65));
#12476 = CARTESIAN_POINT('',(30.035546875,55.12646484375,7.65));
#12477 = CARTESIAN_POINT('',(30.1435546875,55.22216796875,7.65));
#12478 = PCURVE('',#8427,#12479);
#12479 = DEFINITIONAL_REPRESENTATION('',(#12480),#12484);
#12480 = B_SPLINE_CURVE_WITH_KNOTS('',2,(#12481,#12482,#12483),
  .UNSPECIFIED.,.F.,.F.,(3,3),(0.,1.),.PIECEWISE_BEZIER_KNOTS.);
#12481 = CARTESIAN_POINT('',(0.9994140625,1.0513671875));
#12482 = CARTESIAN_POINT('',(1.2564453125,1.0513671875));
#12483 = CARTESIAN_POINT('',(1.364453125,1.1470703125));
#12484 = ( GEOMETRIC_REPRESENTATION_CONTEXT(2) 
PARAMETRIC_REPRESENTATION_CONTEXT() REPRESENTATION_CONTEXT('2D SPACE',''
  ) );
#12485 = PCURVE('',#12486,#12493);
#12486 = SURFACE_OF_LINEAR_EXTRUSION('',#12487,#12491);
#12487 = B_SPLINE_CURVE_WITH_KNOTS('',2,(#12488,#12489,#12490),
  .UNSPECIFIED.,.F.,.F.,(3,3),(0.,1.),.PIECEWISE_BEZIER_KNOTS.);
#12488 = CARTESIAN_POINT('',(29.778515625,55.12646484375,7.65));
#12489 = CARTESIAN_POINT('',(30.035546875,55.12646484375,7.65));
#12490 = CARTESIAN_POINT('',(30.1435546875,55.22216796875,7.65));
#12491 = VECTOR('',#12492,1.);
#12492 = DIRECTION('',(-0.,-0.,-1.));
#12493 = DEFINITIONAL_REPRESENTATION('',(#12494),#12498);
#12494 = LINE('',#12495,#12496);
#12495 = CARTESIAN_POINT('',(0.,0.));
#12496 = VECTOR('',#12497,1.);
#12497 = DIRECTION('',(1.,0.));
#12498 = ( GEOMETRIC_REPRESENTATION_CONTEXT(2) 
PARAMETRIC_REPRESENTATION_CONTEXT() REPRESENTATION_CONTEXT('2D SPACE',''
  ) );
#12499 = ORIENTED_EDGE('',*,*,#12500,.T.);
#12500 = EDGE_CURVE('',#12471,#12501,#12503,.T.);
#12501 = VERTEX_POINT('',#12502);
#12502 = CARTESIAN_POINT('',(30.2515625,55.49150390625,7.65));
#12503 = SURFACE_CURVE('',#12504,(#12508,#12515),.PCURVE_S1.);
#12504 = B_SPLINE_CURVE_WITH_KNOTS('',2,(#12505,#12506,#12507),
  .UNSPECIFIED.,.F.,.F.,(3,3),(0.,1.),.PIECEWISE_BEZIER_KNOTS.);
#12505 = CARTESIAN_POINT('',(30.1435546875,55.22216796875,7.65));
#12506 = CARTESIAN_POINT('',(30.2515625,55.31787109375,7.65));
#12507 = CARTESIAN_POINT('',(30.2515625,55.49150390625,7.65));
#12508 = PCURVE('',#8427,#12509);
#12509 = DEFINITIONAL_REPRESENTATION('',(#12510),#12514);
#12510 = B_SPLINE_CURVE_WITH_KNOTS('',2,(#12511,#12512,#12513),
  .UNSPECIFIED.,.F.,.F.,(3,3),(0.,1.),.PIECEWISE_BEZIER_KNOTS.);
#12511 = CARTESIAN_POINT('',(1.364453125,1.1470703125));
#12512 = CARTESIAN_POINT('',(1.4724609375,1.2427734375));
#12513 = CARTESIAN_POINT('',(1.4724609375,1.41640625));
#12514 = ( GEOMETRIC_REPRESENTATION_CONTEXT(2) 
PARAMETRIC_REPRESENTATION_CONTEXT() REPRESENTATION_CONTEXT('2D SPACE',''
  ) );
#12515 = PCURVE('',#12516,#12523);
#12516 = SURFACE_OF_LINEAR_EXTRUSION('',#12517,#12521);
#12517 = B_SPLINE_CURVE_WITH_KNOTS('',2,(#12518,#12519,#12520),
  .UNSPECIFIED.,.F.,.F.,(3,3),(0.,1.),.PIECEWISE_BEZIER_KNOTS.);
#12518 = CARTESIAN_POINT('',(30.1435546875,55.22216796875,7.65));
#12519 = CARTESIAN_POINT('',(30.2515625,55.31787109375,7.65));
#12520 = CARTESIAN_POINT('',(30.2515625,55.49150390625,7.65));
#12521 = VECTOR('',#12522,1.);
#12522 = DIRECTION('',(-0.,-0.,-1.));
#12523 = DEFINITIONAL_REPRESENTATION('',(#12524),#12528);
#12524 = LINE('',#12525,#12526);
#12525 = CARTESIAN_POINT('',(0.,0.));
#12526 = VECTOR('',#12527,1.);
#12527 = DIRECTION('',(1.,0.));
#12528 = ( GEOMETRIC_REPRESENTATION_CONTEXT(2) 
PARAMETRIC_REPRESENTATION_CONTEXT() REPRESENTATION_CONTEXT('2D SPACE',''
  ) );
#12529 = ORIENTED_EDGE('',*,*,#12530,.T.);
#12530 = EDGE_CURVE('',#12501,#12531,#12533,.T.);
#12531 = VERTEX_POINT('',#12532);
#12532 = CARTESIAN_POINT('',(30.18798828125,55.7068359375,7.65));
#12533 = SURFACE_CURVE('',#12534,(#12538,#12545),.PCURVE_S1.);
#12534 = B_SPLINE_CURVE_WITH_KNOTS('',2,(#12535,#12536,#12537),
  .UNSPECIFIED.,.F.,.F.,(3,3),(0.,1.),.PIECEWISE_BEZIER_KNOTS.);
#12535 = CARTESIAN_POINT('',(30.2515625,55.49150390625,7.65));
#12536 = CARTESIAN_POINT('',(30.2515625,55.61728515625,7.65));
#12537 = CARTESIAN_POINT('',(30.18798828125,55.7068359375,7.65));
#12538 = PCURVE('',#8427,#12539);
#12539 = DEFINITIONAL_REPRESENTATION('',(#12540),#12544);
#12540 = B_SPLINE_CURVE_WITH_KNOTS('',2,(#12541,#12542,#12543),
  .UNSPECIFIED.,.F.,.F.,(3,3),(0.,1.),.PIECEWISE_BEZIER_KNOTS.);
#12541 = CARTESIAN_POINT('',(1.4724609375,1.41640625));
#12542 = CARTESIAN_POINT('',(1.4724609375,1.5421875));
#12543 = CARTESIAN_POINT('',(1.40888671875,1.63173828125));
#12544 = ( GEOMETRIC_REPRESENTATION_CONTEXT(2) 
PARAMETRIC_REPRESENTATION_CONTEXT() REPRESENTATION_CONTEXT('2D SPACE',''
  ) );
#12545 = PCURVE('',#12546,#12553);
#12546 = SURFACE_OF_LINEAR_EXTRUSION('',#12547,#12551);
#12547 = B_SPLINE_CURVE_WITH_KNOTS('',2,(#12548,#12549,#12550),
  .UNSPECIFIED.,.F.,.F.,(3,3),(0.,1.),.PIECEWISE_BEZIER_KNOTS.);
#12548 = CARTESIAN_POINT('',(30.2515625,55.49150390625,7.65));
#12549 = CARTESIAN_POINT('',(30.2515625,55.61728515625,7.65));
#12550 = CARTESIAN_POINT('',(30.18798828125,55.7068359375,7.65));
#12551 = VECTOR('',#12552,1.);
#12552 = DIRECTION('',(-0.,-0.,-1.));
#12553 = DEFINITIONAL_REPRESENTATION('',(#12554),#12558);
#12554 = LINE('',#12555,#12556);
#12555 = CARTESIAN_POINT('',(0.,0.));
#12556 = VECTOR('',#12557,1.);
#12557 = DIRECTION('',(1.,0.));
#12558 = ( GEOMETRIC_REPRESENTATION_CONTEXT(2) 
PARAMETRIC_REPRESENTATION_CONTEXT() REPRESENTATION_CONTEXT('2D SPACE',''
  ) );
#12559 = ORIENTED_EDGE('',*,*,#12560,.T.);
#12560 = EDGE_CURVE('',#12531,#12561,#12563,.T.);
#12561 = VERTEX_POINT('',#12562);
#12562 = CARTESIAN_POINT('',(30.0205078125,55.82509765625,7.65));
#12563 = SURFACE_CURVE('',#12564,(#12568,#12575),.PCURVE_S1.);
#12564 = B_SPLINE_CURVE_WITH_KNOTS('',2,(#12565,#12566,#12567),
  .UNSPECIFIED.,.F.,.F.,(3,3),(0.,1.),.PIECEWISE_BEZIER_KNOTS.);
#12565 = CARTESIAN_POINT('',(30.18798828125,55.7068359375,7.65));
#12566 = CARTESIAN_POINT('',(30.1244140625,55.79638671875,7.65));
#12567 = CARTESIAN_POINT('',(30.0205078125,55.82509765625,7.65));
#12568 = PCURVE('',#8427,#12569);
#12569 = DEFINITIONAL_REPRESENTATION('',(#12570),#12574);
#12570 = B_SPLINE_CURVE_WITH_KNOTS('',2,(#12571,#12572,#12573),
  .UNSPECIFIED.,.F.,.F.,(3,3),(0.,1.),.PIECEWISE_BEZIER_KNOTS.);
#12571 = CARTESIAN_POINT('',(1.40888671875,1.63173828125));
#12572 = CARTESIAN_POINT('',(1.3453125,1.7212890625));
#12573 = CARTESIAN_POINT('',(1.24140625,1.75));
#12574 = ( GEOMETRIC_REPRESENTATION_CONTEXT(2) 
PARAMETRIC_REPRESENTATION_CONTEXT() REPRESENTATION_CONTEXT('2D SPACE',''
  ) );
#12575 = PCURVE('',#12576,#12583);
#12576 = SURFACE_OF_LINEAR_EXTRUSION('',#12577,#12581);
#12577 = B_SPLINE_CURVE_WITH_KNOTS('',2,(#12578,#12579,#12580),
  .UNSPECIFIED.,.F.,.F.,(3,3),(0.,1.),.PIECEWISE_BEZIER_KNOTS.);
#12578 = CARTESIAN_POINT('',(30.18798828125,55.7068359375,7.65));
#12579 = CARTESIAN_POINT('',(30.1244140625,55.79638671875,7.65));
#12580 = CARTESIAN_POINT('',(30.0205078125,55.82509765625,7.65));
#12581 = VECTOR('',#12582,1.);
#12582 = DIRECTION('',(-0.,-0.,-1.));
#12583 = DEFINITIONAL_REPRESENTATION('',(#12584),#12588);
#12584 = LINE('',#12585,#12586);
#12585 = CARTESIAN_POINT('',(0.,0.));
#12586 = VECTOR('',#12587,1.);
#12587 = DIRECTION('',(1.,0.));
#12588 = ( GEOMETRIC_REPRESENTATION_CONTEXT(2) 
PARAMETRIC_REPRESENTATION_CONTEXT() REPRESENTATION_CONTEXT('2D SPACE',''
  ) );
#12589 = ORIENTED_EDGE('',*,*,#12590,.T.);
#12590 = EDGE_CURVE('',#12561,#12591,#12593,.T.);
#12591 = VERTEX_POINT('',#12592);
#12592 = CARTESIAN_POINT('',(29.773046875,55.84287109375,7.65));
#12593 = SURFACE_CURVE('',#12594,(#12598,#12605),.PCURVE_S1.);
#12594 = B_SPLINE_CURVE_WITH_KNOTS('',2,(#12595,#12596,#12597),
  .UNSPECIFIED.,.F.,.F.,(3,3),(0.,1.),.PIECEWISE_BEZIER_KNOTS.);
#12595 = CARTESIAN_POINT('',(30.0205078125,55.82509765625,7.65));
#12596 = CARTESIAN_POINT('',(29.953515625,55.84287109375,7.65));
#12597 = CARTESIAN_POINT('',(29.773046875,55.84287109375,7.65));
#12598 = PCURVE('',#8427,#12599);
#12599 = DEFINITIONAL_REPRESENTATION('',(#12600),#12604);
#12600 = B_SPLINE_CURVE_WITH_KNOTS('',2,(#12601,#12602,#12603),
  .UNSPECIFIED.,.F.,.F.,(3,3),(0.,1.),.PIECEWISE_BEZIER_KNOTS.);
#12601 = CARTESIAN_POINT('',(1.24140625,1.75));
#12602 = CARTESIAN_POINT('',(1.1744140625,1.7677734375));
#12603 = CARTESIAN_POINT('',(0.9939453125,1.7677734375));
#12604 = ( GEOMETRIC_REPRESENTATION_CONTEXT(2) 
PARAMETRIC_REPRESENTATION_CONTEXT() REPRESENTATION_CONTEXT('2D SPACE',''
  ) );
#12605 = PCURVE('',#12606,#12613);
#12606 = SURFACE_OF_LINEAR_EXTRUSION('',#12607,#12611);
#12607 = B_SPLINE_CURVE_WITH_KNOTS('',2,(#12608,#12609,#12610),
  .UNSPECIFIED.,.F.,.F.,(3,3),(0.,1.),.PIECEWISE_BEZIER_KNOTS.);
#12608 = CARTESIAN_POINT('',(30.0205078125,55.82509765625,7.65));
#12609 = CARTESIAN_POINT('',(29.953515625,55.84287109375,7.65));
#12610 = CARTESIAN_POINT('',(29.773046875,55.84287109375,7.65));
#12611 = VECTOR('',#12612,1.);
#12612 = DIRECTION('',(-0.,-0.,-1.));
#12613 = DEFINITIONAL_REPRESENTATION('',(#12614),#12618);
#12614 = LINE('',#12615,#12616);
#12615 = CARTESIAN_POINT('',(0.,0.));
#12616 = VECTOR('',#12617,1.);
#12617 = DIRECTION('',(1.,0.));
#12618 = ( GEOMETRIC_REPRESENTATION_CONTEXT(2) 
PARAMETRIC_REPRESENTATION_CONTEXT() REPRESENTATION_CONTEXT('2D SPACE',''
  ) );
#12619 = ORIENTED_EDGE('',*,*,#12620,.T.);
#12620 = EDGE_CURVE('',#12591,#12413,#12621,.T.);
#12621 = SURFACE_CURVE('',#12622,(#12626,#12633),.PCURVE_S1.);
#12622 = LINE('',#12623,#12624);
#12623 = CARTESIAN_POINT('',(29.773046875,55.84287109375,7.65));
#12624 = VECTOR('',#12625,1.);
#12625 = DIRECTION('',(-1.,0.,0.));
#12626 = PCURVE('',#8427,#12627);
#12627 = DEFINITIONAL_REPRESENTATION('',(#12628),#12632);
#12628 = LINE('',#12629,#12630);
#12629 = CARTESIAN_POINT('',(0.9939453125,1.7677734375));
#12630 = VECTOR('',#12631,1.);
#12631 = DIRECTION('',(-1.,0.));
#12632 = ( GEOMETRIC_REPRESENTATION_CONTEXT(2) 
PARAMETRIC_REPRESENTATION_CONTEXT() REPRESENTATION_CONTEXT('2D SPACE',''
  ) );
#12633 = PCURVE('',#12634,#12639);
#12634 = PLANE('',#12635);
#12635 = AXIS2_PLACEMENT_3D('',#12636,#12637,#12638);
#12636 = CARTESIAN_POINT('',(29.773046875,55.84287109375,7.65));
#12637 = DIRECTION('',(0.,-1.,0.));
#12638 = DIRECTION('',(-1.,0.,0.));
#12639 = DEFINITIONAL_REPRESENTATION('',(#12640),#12644);
#12640 = LINE('',#12641,#12642);
#12641 = CARTESIAN_POINT('',(0.,-0.));
#12642 = VECTOR('',#12643,1.);
#12643 = DIRECTION('',(1.,0.));
#12644 = ( GEOMETRIC_REPRESENTATION_CONTEXT(2) 
PARAMETRIC_REPRESENTATION_CONTEXT() REPRESENTATION_CONTEXT('2D SPACE',''
  ) );
#12645 = ADVANCED_FACE('',(#12646),#8992,.T.);
#12646 = FACE_BOUND('',#12647,.T.);
#12647 = EDGE_LOOP('',(#12648,#12649,#12650,#12651));
#12648 = ORIENTED_EDGE('',*,*,#9029,.F.);
#12649 = ORIENTED_EDGE('',*,*,#8976,.F.);
#12650 = ORIENTED_EDGE('',*,*,#9125,.T.);
#12651 = ORIENTED_EDGE('',*,*,#12652,.F.);
#12652 = EDGE_CURVE('',#9030,#9126,#12653,.T.);
#12653 = SURFACE_CURVE('',#12654,(#12659,#12666),.PCURVE_S1.);
#12654 = CIRCLE('',#12655,0.806666666667);
#12655 = AXIS2_PLACEMENT_3D('',#12656,#12657,#12658);
#12656 = CARTESIAN_POINT('',(30.,30.,7.2));
#12657 = DIRECTION('',(0.,0.,1.));
#12658 = DIRECTION('',(1.,0.,-0.));
#12659 = PCURVE('',#8992,#12660);
#12660 = DEFINITIONAL_REPRESENTATION('',(#12661),#12665);
#12661 = CIRCLE('',#12662,0.806666666667);
#12662 = AXIS2_PLACEMENT_2D('',#12663,#12664);
#12663 = CARTESIAN_POINT('',(21.,0.4));
#12664 = DIRECTION('',(1.,0.));
#12665 = ( GEOMETRIC_REPRESENTATION_CONTEXT(2) 
PARAMETRIC_REPRESENTATION_CONTEXT() REPRESENTATION_CONTEXT('2D SPACE',''
  ) );
#12666 = PCURVE('',#9090,#12667);
#12667 = DEFINITIONAL_REPRESENTATION('',(#12668),#12672);
#12668 = LINE('',#12669,#12670);
#12669 = CARTESIAN_POINT('',(-0.,-2.2));
#12670 = VECTOR('',#12671,1.);
#12671 = DIRECTION('',(-1.,-0.));
#12672 = ( GEOMETRIC_REPRESENTATION_CONTEXT(2) 
PARAMETRIC_REPRESENTATION_CONTEXT() REPRESENTATION_CONTEXT('2D SPACE',''
  ) );
#12673 = ADVANCED_FACE('',(#12674),#9090,.F.);
#12674 = FACE_BOUND('',#12675,.F.);
#12675 = EDGE_LOOP('',(#12676,#12700,#12723,#12750,#12751,#12773,#12774,
    #12775,#12797,#12798,#12799,#12800,#12801,#12802,#12824,#12825));
#12676 = ORIENTED_EDGE('',*,*,#12677,.F.);
#12677 = EDGE_CURVE('',#12678,#9671,#12680,.T.);
#12678 = VERTEX_POINT('',#12679);
#12679 = CARTESIAN_POINT('',(30.806666666667,30.,7.2));
#12680 = SURFACE_CURVE('',#12681,(#12686,#12693),.PCURVE_S1.);
#12681 = CIRCLE('',#12682,0.806666666667);
#12682 = AXIS2_PLACEMENT_3D('',#12683,#12684,#12685);
#12683 = CARTESIAN_POINT('',(30.,30.,7.2));
#12684 = DIRECTION('',(0.,0.,1.));
#12685 = DIRECTION('',(1.,0.,-0.));
#12686 = PCURVE('',#9090,#12687);
#12687 = DEFINITIONAL_REPRESENTATION('',(#12688),#12692);
#12688 = LINE('',#12689,#12690);
#12689 = CARTESIAN_POINT('',(-0.,-2.2));
#12690 = VECTOR('',#12691,1.);
#12691 = DIRECTION('',(-1.,-0.));
#12692 = ( GEOMETRIC_REPRESENTATION_CONTEXT(2) 
PARAMETRIC_REPRESENTATION_CONTEXT() REPRESENTATION_CONTEXT('2D SPACE',''
  ) );
#12693 = PCURVE('',#9688,#12694);
#12694 = DEFINITIONAL_REPRESENTATION('',(#12695),#12699);
#12695 = CIRCLE('',#12696,0.806666666667);
#12696 = AXIS2_PLACEMENT_2D('',#12697,#12698);
#12697 = CARTESIAN_POINT('',(21.,0.4));
#12698 = DIRECTION('',(1.,0.));
#12699 = ( GEOMETRIC_REPRESENTATION_CONTEXT(2) 
PARAMETRIC_REPRESENTATION_CONTEXT() REPRESENTATION_CONTEXT('2D SPACE',''
  ) );
#12700 = ORIENTED_EDGE('',*,*,#12701,.F.);
#12701 = EDGE_CURVE('',#12702,#12678,#12704,.T.);
#12702 = VERTEX_POINT('',#12703);
#12703 = CARTESIAN_POINT('',(32.2,30.,5.));
#12704 = SEAM_CURVE('',#12705,(#12709,#12716),.PCURVE_S1.);
#12705 = LINE('',#12706,#12707);
#12706 = CARTESIAN_POINT('',(32.2,30.,5.));
#12707 = VECTOR('',#12708,1.);
#12708 = DIRECTION('',(-0.535052081184,1.310499637199E-16,0.844819075554
    ));
#12709 = PCURVE('',#9090,#12710);
#12710 = DEFINITIONAL_REPRESENTATION('',(#12711),#12715);
#12711 = LINE('',#12712,#12713);
#12712 = CARTESIAN_POINT('',(-6.28318530718,0.));
#12713 = VECTOR('',#12714,1.);
#12714 = DIRECTION('',(-0.,-1.));
#12715 = ( GEOMETRIC_REPRESENTATION_CONTEXT(2) 
PARAMETRIC_REPRESENTATION_CONTEXT() REPRESENTATION_CONTEXT('2D SPACE',''
  ) );
#12716 = PCURVE('',#9090,#12717);
#12717 = DEFINITIONAL_REPRESENTATION('',(#12718),#12722);
#12718 = LINE('',#12719,#12720);
#12719 = CARTESIAN_POINT('',(0.,-0.));
#12720 = VECTOR('',#12721,1.);
#12721 = DIRECTION('',(-0.,-1.));
#12722 = ( GEOMETRIC_REPRESENTATION_CONTEXT(2) 
PARAMETRIC_REPRESENTATION_CONTEXT() REPRESENTATION_CONTEXT('2D SPACE',''
  ) );
#12723 = ORIENTED_EDGE('',*,*,#12724,.T.);
#12724 = EDGE_CURVE('',#12702,#12702,#12725,.T.);
#12725 = SURFACE_CURVE('',#12726,(#12731,#12738),.PCURVE_S1.);
#12726 = CIRCLE('',#12727,2.2);
#12727 = AXIS2_PLACEMENT_3D('',#12728,#12729,#12730);
#12728 = CARTESIAN_POINT('',(30.,30.,5.));
#12729 = DIRECTION('',(0.,0.,1.));
#12730 = DIRECTION('',(1.,0.,-0.));
#12731 = PCURVE('',#9090,#12732);
#12732 = DEFINITIONAL_REPRESENTATION('',(#12733),#12737);
#12733 = LINE('',#12734,#12735);
#12734 = CARTESIAN_POINT('',(-0.,-0.));
#12735 = VECTOR('',#12736,1.);
#12736 = DIRECTION('',(-1.,-0.));
#12737 = ( GEOMETRIC_REPRESENTATION_CONTEXT(2) 
PARAMETRIC_REPRESENTATION_CONTEXT() REPRESENTATION_CONTEXT('2D SPACE',''
  ) );
#12738 = PCURVE('',#12739,#12744);
#12739 = PLANE('',#12740);
#12740 = AXIS2_PLACEMENT_3D('',#12741,#12742,#12743);
#12741 = CARTESIAN_POINT('',(30.,30.,5.));
#12742 = DIRECTION('',(0.,0.,1.));
#12743 = DIRECTION('',(1.,0.,-0.));
#12744 = DEFINITIONAL_REPRESENTATION('',(#12745),#12749);
#12745 = CIRCLE('',#12746,2.2);
#12746 = AXIS2_PLACEMENT_2D('',#12747,#12748);
#12747 = CARTESIAN_POINT('',(0.,0.));
#12748 = DIRECTION('',(1.,0.));
#12749 = ( GEOMETRIC_REPRESENTATION_CONTEXT(2) 
PARAMETRIC_REPRESENTATION_CONTEXT() REPRESENTATION_CONTEXT('2D SPACE',''
  ) );
#12750 = ORIENTED_EDGE('',*,*,#12701,.T.);
#12751 = ORIENTED_EDGE('',*,*,#12752,.F.);
#12752 = EDGE_CURVE('',#9769,#12678,#12753,.T.);
#12753 = SURFACE_CURVE('',#12754,(#12759,#12766),.PCURVE_S1.);
#12754 = CIRCLE('',#12755,0.806666666667);
#12755 = AXIS2_PLACEMENT_3D('',#12756,#12757,#12758);
#12756 = CARTESIAN_POINT('',(30.,30.,7.2));
#12757 = DIRECTION('',(0.,0.,1.));
#12758 = DIRECTION('',(1.,0.,-0.));
#12759 = PCURVE('',#9090,#12760);
#12760 = DEFINITIONAL_REPRESENTATION('',(#12761),#12765);
#12761 = LINE('',#12762,#12763);
#12762 = CARTESIAN_POINT('',(-0.,-2.2));
#12763 = VECTOR('',#12764,1.);
#12764 = DIRECTION('',(-1.,-0.));
#12765 = ( GEOMETRIC_REPRESENTATION_CONTEXT(2) 
PARAMETRIC_REPRESENTATION_CONTEXT() REPRESENTATION_CONTEXT('2D SPACE',''
  ) );
#12766 = PCURVE('',#9688,#12767);
#12767 = DEFINITIONAL_REPRESENTATION('',(#12768),#12772);
#12768 = CIRCLE('',#12769,0.806666666667);
#12769 = AXIS2_PLACEMENT_2D('',#12770,#12771);
#12770 = CARTESIAN_POINT('',(21.,0.4));
#12771 = DIRECTION('',(1.,0.));
#12772 = ( GEOMETRIC_REPRESENTATION_CONTEXT(2) 
PARAMETRIC_REPRESENTATION_CONTEXT() REPRESENTATION_CONTEXT('2D SPACE',''
  ) );
#12773 = ORIENTED_EDGE('',*,*,#9793,.T.);
#12774 = ORIENTED_EDGE('',*,*,#9615,.F.);
#12775 = ORIENTED_EDGE('',*,*,#12776,.F.);
#12776 = EDGE_CURVE('',#9339,#9593,#12777,.T.);
#12777 = SURFACE_CURVE('',#12778,(#12783,#12790),.PCURVE_S1.);
#12778 = CIRCLE('',#12779,0.806666666667);
#12779 = AXIS2_PLACEMENT_3D('',#12780,#12781,#12782);
#12780 = CARTESIAN_POINT('',(30.,30.,7.2));
#12781 = DIRECTION('',(0.,0.,1.));
#12782 = DIRECTION('',(1.,0.,-0.));
#12783 = PCURVE('',#9090,#12784);
#12784 = DEFINITIONAL_REPRESENTATION('',(#12785),#12789);
#12785 = LINE('',#12786,#12787);
#12786 = CARTESIAN_POINT('',(-0.,-2.2));
#12787 = VECTOR('',#12788,1.);
#12788 = DIRECTION('',(-1.,-0.));
#12789 = ( GEOMETRIC_REPRESENTATION_CONTEXT(2) 
PARAMETRIC_REPRESENTATION_CONTEXT() REPRESENTATION_CONTEXT('2D SPACE',''
  ) );
#12790 = PCURVE('',#9354,#12791);
#12791 = DEFINITIONAL_REPRESENTATION('',(#12792),#12796);
#12792 = CIRCLE('',#12793,0.806666666667);
#12793 = AXIS2_PLACEMENT_2D('',#12794,#12795);
#12794 = CARTESIAN_POINT('',(21.,0.4));
#12795 = DIRECTION('',(1.,0.));
#12796 = ( GEOMETRIC_REPRESENTATION_CONTEXT(2) 
PARAMETRIC_REPRESENTATION_CONTEXT() REPRESENTATION_CONTEXT('2D SPACE',''
  ) );
#12797 = ORIENTED_EDGE('',*,*,#9366,.T.);
#12798 = ORIENTED_EDGE('',*,*,#9171,.T.);
#12799 = ORIENTED_EDGE('',*,*,#12652,.F.);
#12800 = ORIENTED_EDGE('',*,*,#9075,.F.);
#12801 = ORIENTED_EDGE('',*,*,#9218,.T.);
#12802 = ORIENTED_EDGE('',*,*,#12803,.F.);
#12803 = EDGE_CURVE('',#9533,#9219,#12804,.T.);
#12804 = SURFACE_CURVE('',#12805,(#12810,#12817),.PCURVE_S1.);
#12805 = CIRCLE('',#12806,0.806666666667);
#12806 = AXIS2_PLACEMENT_3D('',#12807,#12808,#12809);
#12807 = CARTESIAN_POINT('',(30.,30.,7.2));
#12808 = DIRECTION('',(0.,0.,1.));
#12809 = DIRECTION('',(1.,0.,-0.));
#12810 = PCURVE('',#9090,#12811);
#12811 = DEFINITIONAL_REPRESENTATION('',(#12812),#12816);
#12812 = LINE('',#12813,#12814);
#12813 = CARTESIAN_POINT('',(-0.,-2.2));
#12814 = VECTOR('',#12815,1.);
#12815 = DIRECTION('',(-1.,-0.));
#12816 = ( GEOMETRIC_REPRESENTATION_CONTEXT(2) 
PARAMETRIC_REPRESENTATION_CONTEXT() REPRESENTATION_CONTEXT('2D SPACE',''
  ) );
#12817 = PCURVE('',#9278,#12818);
#12818 = DEFINITIONAL_REPRESENTATION('',(#12819),#12823);
#12819 = CIRCLE('',#12820,0.806666666667);
#12820 = AXIS2_PLACEMENT_2D('',#12821,#12822);
#12821 = CARTESIAN_POINT('',(21.,0.4));
#12822 = DIRECTION('',(1.,0.));
#12823 = ( GEOMETRIC_REPRESENTATION_CONTEXT(2) 
PARAMETRIC_REPRESENTATION_CONTEXT() REPRESENTATION_CONTEXT('2D SPACE',''
  ) );
#12824 = ORIENTED_EDGE('',*,*,#9532,.F.);
#12825 = ORIENTED_EDGE('',*,*,#9700,.F.);
#12826 = ADVANCED_FACE('',(#12827),#9278,.T.);
#12827 = FACE_BOUND('',#12828,.T.);
#12828 = EDGE_LOOP('',(#12829,#12830,#12831,#12832));
#12829 = ORIENTED_EDGE('',*,*,#9262,.F.);
#12830 = ORIENTED_EDGE('',*,*,#12803,.F.);
#12831 = ORIENTED_EDGE('',*,*,#9565,.T.);
#12832 = ORIENTED_EDGE('',*,*,#9412,.F.);
#12833 = ADVANCED_FACE('',(#12834),#9354,.T.);
#12834 = FACE_BOUND('',#12835,.T.);
#12835 = EDGE_LOOP('',(#12836,#12837,#12838,#12839));
#12836 = ORIENTED_EDGE('',*,*,#12776,.F.);
#12837 = ORIENTED_EDGE('',*,*,#9338,.F.);
#12838 = ORIENTED_EDGE('',*,*,#9461,.T.);
#12839 = ORIENTED_EDGE('',*,*,#9592,.T.);
#12840 = ADVANCED_FACE('',(#12841),#9688,.T.);
#12841 = FACE_BOUND('',#12842,.T.);
#12842 = EDGE_LOOP('',(#12843,#12844,#12845,#12846,#12847));
#12843 = ORIENTED_EDGE('',*,*,#9670,.F.);
#12844 = ORIENTED_EDGE('',*,*,#12677,.F.);
#12845 = ORIENTED_EDGE('',*,*,#12752,.F.);
#12846 = ORIENTED_EDGE('',*,*,#9768,.T.);
#12847 = ORIENTED_EDGE('',*,*,#9862,.T.);
#12848 = ADVANCED_FACE('',(#12849,#12870),#9906,.T.);
#12849 = FACE_BOUND('',#12850,.F.);
#12850 = EDGE_LOOP('',(#12851,#12852,#12853,#12854,#12855,#12856,#12857,
    #12858,#12859,#12860,#12861,#12862,#12863,#12864,#12865,#12866,
    #12867,#12868,#12869));
#12851 = ORIENTED_EDGE('',*,*,#9888,.T.);
#12852 = ORIENTED_EDGE('',*,*,#10797,.T.);
#12853 = ORIENTED_EDGE('',*,*,#10748,.T.);
#12854 = ORIENTED_EDGE('',*,*,#10699,.T.);
#12855 = ORIENTED_EDGE('',*,*,#10650,.T.);
#12856 = ORIENTED_EDGE('',*,*,#10601,.T.);
#12857 = ORIENTED_EDGE('',*,*,#10552,.T.);
#12858 = ORIENTED_EDGE('',*,*,#10503,.T.);
#12859 = ORIENTED_EDGE('',*,*,#10454,.T.);
#12860 = ORIENTED_EDGE('',*,*,#10405,.T.);
#12861 = ORIENTED_EDGE('',*,*,#10356,.T.);
#12862 = ORIENTED_EDGE('',*,*,#10307,.T.);
#12863 = ORIENTED_EDGE('',*,*,#10258,.T.);
#12864 = ORIENTED_EDGE('',*,*,#10209,.T.);
#12865 = ORIENTED_EDGE('',*,*,#10160,.T.);
#12866 = ORIENTED_EDGE('',*,*,#10111,.T.);
#12867 = ORIENTED_EDGE('',*,*,#10062,.T.);
#12868 = ORIENTED_EDGE('',*,*,#10013,.T.);
#12869 = ORIENTED_EDGE('',*,*,#9964,.T.);
#12870 = FACE_BOUND('',#12871,.F.);
#12871 = EDGE_LOOP('',(#12872,#12902,#12930,#12960,#12990,#13020,#13050,
    #13080));
#12872 = ORIENTED_EDGE('',*,*,#12873,.T.);
#12873 = EDGE_CURVE('',#12874,#12876,#12878,.T.);
#12874 = VERTEX_POINT('',#12875);
#12875 = CARTESIAN_POINT('',(31.859375,55.85791015625,7.65));
#12876 = VERTEX_POINT('',#12877);
#12877 = CARTESIAN_POINT('',(31.859375,55.19482421875,7.65));
#12878 = SURFACE_CURVE('',#12879,(#12883,#12890),.PCURVE_S1.);
#12879 = LINE('',#12880,#12881);
#12880 = CARTESIAN_POINT('',(31.859375,55.85791015625,7.65));
#12881 = VECTOR('',#12882,1.);
#12882 = DIRECTION('',(0.,-1.,0.));
#12883 = PCURVE('',#9906,#12884);
#12884 = DEFINITIONAL_REPRESENTATION('',(#12885),#12889);
#12885 = LINE('',#12886,#12887);
#12886 = CARTESIAN_POINT('',(0.4853515625,1.7828125));
#12887 = VECTOR('',#12888,1.);
#12888 = DIRECTION('',(0.,-1.));
#12889 = ( GEOMETRIC_REPRESENTATION_CONTEXT(2) 
PARAMETRIC_REPRESENTATION_CONTEXT() REPRESENTATION_CONTEXT('2D SPACE',''
  ) );
#12890 = PCURVE('',#12891,#12896);
#12891 = PLANE('',#12892);
#12892 = AXIS2_PLACEMENT_3D('',#12893,#12894,#12895);
#12893 = CARTESIAN_POINT('',(31.859375,55.85791015625,7.65));
#12894 = DIRECTION('',(1.,0.,0.));
#12895 = DIRECTION('',(0.,-1.,0.));
#12896 = DEFINITIONAL_REPRESENTATION('',(#12897),#12901);
#12897 = LINE('',#12898,#12899);
#12898 = CARTESIAN_POINT('',(0.,0.));
#12899 = VECTOR('',#12900,1.);
#12900 = DIRECTION('',(1.,0.));
#12901 = ( GEOMETRIC_REPRESENTATION_CONTEXT(2) 
PARAMETRIC_REPRESENTATION_CONTEXT() REPRESENTATION_CONTEXT('2D SPACE',''
  ) );
#12902 = ORIENTED_EDGE('',*,*,#12903,.T.);
#12903 = EDGE_CURVE('',#12876,#12904,#12906,.T.);
#12904 = VERTEX_POINT('',#12905);
#12905 = CARTESIAN_POINT('',(32.4294921875,55.19482421875,7.65));
#12906 = SURFACE_CURVE('',#12907,(#12911,#12918),.PCURVE_S1.);
#12907 = LINE('',#12908,#12909);
#12908 = CARTESIAN_POINT('',(31.859375,55.19482421875,7.65));
#12909 = VECTOR('',#12910,1.);
#12910 = DIRECTION('',(1.,0.,0.));
#12911 = PCURVE('',#9906,#12912);
#12912 = DEFINITIONAL_REPRESENTATION('',(#12913),#12917);
#12913 = LINE('',#12914,#12915);
#12914 = CARTESIAN_POINT('',(0.4853515625,1.1197265625));
#12915 = VECTOR('',#12916,1.);
#12916 = DIRECTION('',(1.,0.));
#12917 = ( GEOMETRIC_REPRESENTATION_CONTEXT(2) 
PARAMETRIC_REPRESENTATION_CONTEXT() REPRESENTATION_CONTEXT('2D SPACE',''
  ) );
#12918 = PCURVE('',#12919,#12924);
#12919 = PLANE('',#12920);
#12920 = AXIS2_PLACEMENT_3D('',#12921,#12922,#12923);
#12921 = CARTESIAN_POINT('',(31.859375,55.19482421875,7.65));
#12922 = DIRECTION('',(0.,1.,0.));
#12923 = DIRECTION('',(1.,0.,0.));
#12924 = DEFINITIONAL_REPRESENTATION('',(#12925),#12929);
#12925 = LINE('',#12926,#12927);
#12926 = CARTESIAN_POINT('',(0.,0.));
#12927 = VECTOR('',#12928,1.);
#12928 = DIRECTION('',(1.,0.));
#12929 = ( GEOMETRIC_REPRESENTATION_CONTEXT(2) 
PARAMETRIC_REPRESENTATION_CONTEXT() REPRESENTATION_CONTEXT('2D SPACE',''
  ) );
#12930 = ORIENTED_EDGE('',*,*,#12931,.T.);
#12931 = EDGE_CURVE('',#12904,#12932,#12934,.T.);
#12932 = VERTEX_POINT('',#12933);
#12933 = CARTESIAN_POINT('',(32.7138671875,55.232421875,7.65));
#12934 = SURFACE_CURVE('',#12935,(#12939,#12946),.PCURVE_S1.);
#12935 = B_SPLINE_CURVE_WITH_KNOTS('',2,(#12936,#12937,#12938),
  .UNSPECIFIED.,.F.,.F.,(3,3),(0.,1.),.PIECEWISE_BEZIER_KNOTS.);
#12936 = CARTESIAN_POINT('',(32.4294921875,55.19482421875,7.65));
#12937 = CARTESIAN_POINT('',(32.611328125,55.19482421875,7.65));
#12938 = CARTESIAN_POINT('',(32.7138671875,55.232421875,7.65));
#12939 = PCURVE('',#9906,#12940);
#12940 = DEFINITIONAL_REPRESENTATION('',(#12941),#12945);
#12941 = B_SPLINE_CURVE_WITH_KNOTS('',2,(#12942,#12943,#12944),
  .UNSPECIFIED.,.F.,.F.,(3,3),(0.,1.),.PIECEWISE_BEZIER_KNOTS.);
#12942 = CARTESIAN_POINT('',(1.05546875,1.1197265625));
#12943 = CARTESIAN_POINT('',(1.2373046875,1.1197265625));
#12944 = CARTESIAN_POINT('',(1.33984375,1.15732421875));
#12945 = ( GEOMETRIC_REPRESENTATION_CONTEXT(2) 
PARAMETRIC_REPRESENTATION_CONTEXT() REPRESENTATION_CONTEXT('2D SPACE',''
  ) );
#12946 = PCURVE('',#12947,#12954);
#12947 = SURFACE_OF_LINEAR_EXTRUSION('',#12948,#12952);
#12948 = B_SPLINE_CURVE_WITH_KNOTS('',2,(#12949,#12950,#12951),
  .UNSPECIFIED.,.F.,.F.,(3,3),(0.,1.),.PIECEWISE_BEZIER_KNOTS.);
#12949 = CARTESIAN_POINT('',(32.4294921875,55.19482421875,7.65));
#12950 = CARTESIAN_POINT('',(32.611328125,55.19482421875,7.65));
#12951 = CARTESIAN_POINT('',(32.7138671875,55.232421875,7.65));
#12952 = VECTOR('',#12953,1.);
#12953 = DIRECTION('',(-0.,-0.,-1.));
#12954 = DEFINITIONAL_REPRESENTATION('',(#12955),#12959);
#12955 = LINE('',#12956,#12957);
#12956 = CARTESIAN_POINT('',(0.,0.));
#12957 = VECTOR('',#12958,1.);
#12958 = DIRECTION('',(1.,0.));
#12959 = ( GEOMETRIC_REPRESENTATION_CONTEXT(2) 
PARAMETRIC_REPRESENTATION_CONTEXT() REPRESENTATION_CONTEXT('2D SPACE',''
  ) );
#12960 = ORIENTED_EDGE('',*,*,#12961,.T.);
#12961 = EDGE_CURVE('',#12932,#12962,#12964,.T.);
#12962 = VERTEX_POINT('',#12963);
#12963 = CARTESIAN_POINT('',(32.8697265625,55.352734375,7.65));
#12964 = SURFACE_CURVE('',#12965,(#12969,#12976),.PCURVE_S1.);
#12965 = B_SPLINE_CURVE_WITH_KNOTS('',2,(#12966,#12967,#12968),
  .UNSPECIFIED.,.F.,.F.,(3,3),(0.,1.),.PIECEWISE_BEZIER_KNOTS.);
#12966 = CARTESIAN_POINT('',(32.7138671875,55.232421875,7.65));
#12967 = CARTESIAN_POINT('',(32.81640625,55.27001953125,7.65));
#12968 = CARTESIAN_POINT('',(32.8697265625,55.352734375,7.65));
#12969 = PCURVE('',#9906,#12970);
#12970 = DEFINITIONAL_REPRESENTATION('',(#12971),#12975);
#12971 = B_SPLINE_CURVE_WITH_KNOTS('',2,(#12972,#12973,#12974),
  .UNSPECIFIED.,.F.,.F.,(3,3),(0.,1.),.PIECEWISE_BEZIER_KNOTS.);
#12972 = CARTESIAN_POINT('',(1.33984375,1.15732421875));
#12973 = CARTESIAN_POINT('',(1.4423828125,1.194921875));
#12974 = CARTESIAN_POINT('',(1.495703125,1.27763671875));
#12975 = ( GEOMETRIC_REPRESENTATION_CONTEXT(2) 
PARAMETRIC_REPRESENTATION_CONTEXT() REPRESENTATION_CONTEXT('2D SPACE',''
  ) );
#12976 = PCURVE('',#12977,#12984);
#12977 = SURFACE_OF_LINEAR_EXTRUSION('',#12978,#12982);
#12978 = B_SPLINE_CURVE_WITH_KNOTS('',2,(#12979,#12980,#12981),
  .UNSPECIFIED.,.F.,.F.,(3,3),(0.,1.),.PIECEWISE_BEZIER_KNOTS.);
#12979 = CARTESIAN_POINT('',(32.7138671875,55.232421875,7.65));
#12980 = CARTESIAN_POINT('',(32.81640625,55.27001953125,7.65));
#12981 = CARTESIAN_POINT('',(32.8697265625,55.352734375,7.65));
#12982 = VECTOR('',#12983,1.);
#12983 = DIRECTION('',(-0.,-0.,-1.));
#12984 = DEFINITIONAL_REPRESENTATION('',(#12985),#12989);
#12985 = LINE('',#12986,#12987);
#12986 = CARTESIAN_POINT('',(0.,0.));
#12987 = VECTOR('',#12988,1.);
#12988 = DIRECTION('',(1.,0.));
#12989 = ( GEOMETRIC_REPRESENTATION_CONTEXT(2) 
PARAMETRIC_REPRESENTATION_CONTEXT() REPRESENTATION_CONTEXT('2D SPACE',''
  ) );
#12990 = ORIENTED_EDGE('',*,*,#12991,.T.);
#12991 = EDGE_CURVE('',#12962,#12992,#12994,.T.);
#12992 = VERTEX_POINT('',#12993);
#12993 = CARTESIAN_POINT('',(32.923046875,55.53251953125,7.65));
#12994 = SURFACE_CURVE('',#12995,(#12999,#13006),.PCURVE_S1.);
#12995 = B_SPLINE_CURVE_WITH_KNOTS('',2,(#12996,#12997,#12998),
  .UNSPECIFIED.,.F.,.F.,(3,3),(0.,1.),.PIECEWISE_BEZIER_KNOTS.);
#12996 = CARTESIAN_POINT('',(32.8697265625,55.352734375,7.65));
#12997 = CARTESIAN_POINT('',(32.923046875,55.43544921875,7.65));
#12998 = CARTESIAN_POINT('',(32.923046875,55.53251953125,7.65));
#12999 = PCURVE('',#9906,#13000);
#13000 = DEFINITIONAL_REPRESENTATION('',(#13001),#13005);
#13001 = B_SPLINE_CURVE_WITH_KNOTS('',2,(#13002,#13003,#13004),
  .UNSPECIFIED.,.F.,.F.,(3,3),(0.,1.),.PIECEWISE_BEZIER_KNOTS.);
#13002 = CARTESIAN_POINT('',(1.495703125,1.27763671875));
#13003 = CARTESIAN_POINT('',(1.5490234375,1.3603515625));
#13004 = CARTESIAN_POINT('',(1.5490234375,1.457421875));
#13005 = ( GEOMETRIC_REPRESENTATION_CONTEXT(2) 
PARAMETRIC_REPRESENTATION_CONTEXT() REPRESENTATION_CONTEXT('2D SPACE',''
  ) );
#13006 = PCURVE('',#13007,#13014);
#13007 = SURFACE_OF_LINEAR_EXTRUSION('',#13008,#13012);
#13008 = B_SPLINE_CURVE_WITH_KNOTS('',2,(#13009,#13010,#13011),
  .UNSPECIFIED.,.F.,.F.,(3,3),(0.,1.),.PIECEWISE_BEZIER_KNOTS.);
#13009 = CARTESIAN_POINT('',(32.8697265625,55.352734375,7.65));
#13010 = CARTESIAN_POINT('',(32.923046875,55.43544921875,7.65));
#13011 = CARTESIAN_POINT('',(32.923046875,55.53251953125,7.65));
#13012 = VECTOR('',#13013,1.);
#13013 = DIRECTION('',(-0.,-0.,-1.));
#13014 = DEFINITIONAL_REPRESENTATION('',(#13015),#13019);
#13015 = LINE('',#13016,#13017);
#13016 = CARTESIAN_POINT('',(0.,0.));
#13017 = VECTOR('',#13018,1.);
#13018 = DIRECTION('',(1.,0.));
#13019 = ( GEOMETRIC_REPRESENTATION_CONTEXT(2) 
PARAMETRIC_REPRESENTATION_CONTEXT() REPRESENTATION_CONTEXT('2D SPACE',''
  ) );
#13020 = ORIENTED_EDGE('',*,*,#13021,.T.);
#13021 = EDGE_CURVE('',#12992,#13022,#13024,.T.);
#13022 = VERTEX_POINT('',#13023);
#13023 = CARTESIAN_POINT('',(32.81982421875,55.76630859375,7.65));
#13024 = SURFACE_CURVE('',#13025,(#13029,#13036),.PCURVE_S1.);
#13025 = B_SPLINE_CURVE_WITH_KNOTS('',2,(#13026,#13027,#13028),
  .UNSPECIFIED.,.F.,.F.,(3,3),(0.,1.),.PIECEWISE_BEZIER_KNOTS.);
#13026 = CARTESIAN_POINT('',(32.923046875,55.53251953125,7.65));
#13027 = CARTESIAN_POINT('',(32.923046875,55.67470703125,7.65));
#13028 = CARTESIAN_POINT('',(32.81982421875,55.76630859375,7.65));
#13029 = PCURVE('',#9906,#13030);
#13030 = DEFINITIONAL_REPRESENTATION('',(#13031),#13035);
#13031 = B_SPLINE_CURVE_WITH_KNOTS('',2,(#13032,#13033,#13034),
  .UNSPECIFIED.,.F.,.F.,(3,3),(0.,1.),.PIECEWISE_BEZIER_KNOTS.);
#13032 = CARTESIAN_POINT('',(1.5490234375,1.457421875));
#13033 = CARTESIAN_POINT('',(1.5490234375,1.599609375));
#13034 = CARTESIAN_POINT('',(1.44580078125,1.6912109375));
#13035 = ( GEOMETRIC_REPRESENTATION_CONTEXT(2) 
PARAMETRIC_REPRESENTATION_CONTEXT() REPRESENTATION_CONTEXT('2D SPACE',''
  ) );
#13036 = PCURVE('',#13037,#13044);
#13037 = SURFACE_OF_LINEAR_EXTRUSION('',#13038,#13042);
#13038 = B_SPLINE_CURVE_WITH_KNOTS('',2,(#13039,#13040,#13041),
  .UNSPECIFIED.,.F.,.F.,(3,3),(0.,1.),.PIECEWISE_BEZIER_KNOTS.);
#13039 = CARTESIAN_POINT('',(32.923046875,55.53251953125,7.65));
#13040 = CARTESIAN_POINT('',(32.923046875,55.67470703125,7.65));
#13041 = CARTESIAN_POINT('',(32.81982421875,55.76630859375,7.65));
#13042 = VECTOR('',#13043,1.);
#13043 = DIRECTION('',(-0.,-0.,-1.));
#13044 = DEFINITIONAL_REPRESENTATION('',(#13045),#13049);
#13045 = LINE('',#13046,#13047);
#13046 = CARTESIAN_POINT('',(0.,0.));
#13047 = VECTOR('',#13048,1.);
#13048 = DIRECTION('',(1.,0.));
#13049 = ( GEOMETRIC_REPRESENTATION_CONTEXT(2) 
PARAMETRIC_REPRESENTATION_CONTEXT() REPRESENTATION_CONTEXT('2D SPACE',''
  ) );
#13050 = ORIENTED_EDGE('',*,*,#13051,.T.);
#13051 = EDGE_CURVE('',#13022,#13052,#13054,.T.);
#13052 = VERTEX_POINT('',#13053);
#13053 = CARTESIAN_POINT('',(32.49375,55.85791015625,7.65));
#13054 = SURFACE_CURVE('',#13055,(#13059,#13066),.PCURVE_S1.);
#13055 = B_SPLINE_CURVE_WITH_KNOTS('',2,(#13056,#13057,#13058),
  .UNSPECIFIED.,.F.,.F.,(3,3),(0.,1.),.PIECEWISE_BEZIER_KNOTS.);
#13056 = CARTESIAN_POINT('',(32.81982421875,55.76630859375,7.65));
#13057 = CARTESIAN_POINT('',(32.7166015625,55.85791015625,7.65));
#13058 = CARTESIAN_POINT('',(32.49375,55.85791015625,7.65));
#13059 = PCURVE('',#9906,#13060);
#13060 = DEFINITIONAL_REPRESENTATION('',(#13061),#13065);
#13061 = B_SPLINE_CURVE_WITH_KNOTS('',2,(#13062,#13063,#13064),
  .UNSPECIFIED.,.F.,.F.,(3,3),(0.,1.),.PIECEWISE_BEZIER_KNOTS.);
#13062 = CARTESIAN_POINT('',(1.44580078125,1.6912109375));
#13063 = CARTESIAN_POINT('',(1.342578125,1.7828125));
#13064 = CARTESIAN_POINT('',(1.1197265625,1.7828125));
#13065 = ( GEOMETRIC_REPRESENTATION_CONTEXT(2) 
PARAMETRIC_REPRESENTATION_CONTEXT() REPRESENTATION_CONTEXT('2D SPACE',''
  ) );
#13066 = PCURVE('',#13067,#13074);
#13067 = SURFACE_OF_LINEAR_EXTRUSION('',#13068,#13072);
#13068 = B_SPLINE_CURVE_WITH_KNOTS('',2,(#13069,#13070,#13071),
  .UNSPECIFIED.,.F.,.F.,(3,3),(0.,1.),.PIECEWISE_BEZIER_KNOTS.);
#13069 = CARTESIAN_POINT('',(32.81982421875,55.76630859375,7.65));
#13070 = CARTESIAN_POINT('',(32.7166015625,55.85791015625,7.65));
#13071 = CARTESIAN_POINT('',(32.49375,55.85791015625,7.65));
#13072 = VECTOR('',#13073,1.);
#13073 = DIRECTION('',(-0.,-0.,-1.));
#13074 = DEFINITIONAL_REPRESENTATION('',(#13075),#13079);
#13075 = LINE('',#13076,#13077);
#13076 = CARTESIAN_POINT('',(0.,0.));
#13077 = VECTOR('',#13078,1.);
#13078 = DIRECTION('',(1.,0.));
#13079 = ( GEOMETRIC_REPRESENTATION_CONTEXT(2) 
PARAMETRIC_REPRESENTATION_CONTEXT() REPRESENTATION_CONTEXT('2D SPACE',''
  ) );
#13080 = ORIENTED_EDGE('',*,*,#13081,.T.);
#13081 = EDGE_CURVE('',#13052,#12874,#13082,.T.);
#13082 = SURFACE_CURVE('',#13083,(#13087,#13094),.PCURVE_S1.);
#13083 = LINE('',#13084,#13085);
#13084 = CARTESIAN_POINT('',(32.49375,55.85791015625,7.65));
#13085 = VECTOR('',#13086,1.);
#13086 = DIRECTION('',(-1.,0.,0.));
#13087 = PCURVE('',#9906,#13088);
#13088 = DEFINITIONAL_REPRESENTATION('',(#13089),#13093);
#13089 = LINE('',#13090,#13091);
#13090 = CARTESIAN_POINT('',(1.1197265625,1.7828125));
#13091 = VECTOR('',#13092,1.);
#13092 = DIRECTION('',(-1.,0.));
#13093 = ( GEOMETRIC_REPRESENTATION_CONTEXT(2) 
PARAMETRIC_REPRESENTATION_CONTEXT() REPRESENTATION_CONTEXT('2D SPACE',''
  ) );
#13094 = PCURVE('',#13095,#13100);
#13095 = PLANE('',#13096);
#13096 = AXIS2_PLACEMENT_3D('',#13097,#13098,#13099);
#13097 = CARTESIAN_POINT('',(32.49375,55.85791015625,7.65));
#13098 = DIRECTION('',(0.,-1.,0.));
#13099 = DIRECTION('',(-1.,0.,0.));
#13100 = DEFINITIONAL_REPRESENTATION('',(#13101),#13105);
#13101 = LINE('',#13102,#13103);
#13102 = CARTESIAN_POINT('',(0.,-0.));
#13103 = VECTOR('',#13104,1.);
#13104 = DIRECTION('',(1.,0.));
#13105 = ( GEOMETRIC_REPRESENTATION_CONTEXT(2) 
PARAMETRIC_REPRESENTATION_CONTEXT() REPRESENTATION_CONTEXT('2D SPACE',''
  ) );
#13106 = ADVANCED_FACE('',(#13107),#10842,.T.);
#13107 = FACE_BOUND('',#13108,.F.);
#13108 = EDGE_LOOP('',(#13109,#13110,#13111,#13112,#13113,#13114,#13115,
    #13116,#13117,#13118,#13119,#13120,#13121,#13122,#13123,#13124,
    #13125,#13126,#13127,#13128,#13129,#13130));
#13109 = ORIENTED_EDGE('',*,*,#10824,.T.);
#13110 = ORIENTED_EDGE('',*,*,#11880,.T.);
#13111 = ORIENTED_EDGE('',*,*,#11831,.T.);
#13112 = ORIENTED_EDGE('',*,*,#11782,.T.);
#13113 = ORIENTED_EDGE('',*,*,#11733,.T.);
#13114 = ORIENTED_EDGE('',*,*,#11684,.T.);
#13115 = ORIENTED_EDGE('',*,*,#11635,.T.);
#13116 = ORIENTED_EDGE('',*,*,#11586,.T.);
#13117 = ORIENTED_EDGE('',*,*,#11537,.T.);
#13118 = ORIENTED_EDGE('',*,*,#11488,.T.);
#13119 = ORIENTED_EDGE('',*,*,#11439,.T.);
#13120 = ORIENTED_EDGE('',*,*,#11390,.T.);
#13121 = ORIENTED_EDGE('',*,*,#11341,.T.);
#13122 = ORIENTED_EDGE('',*,*,#11292,.T.);
#13123 = ORIENTED_EDGE('',*,*,#11243,.T.);
#13124 = ORIENTED_EDGE('',*,*,#11194,.T.);
#13125 = ORIENTED_EDGE('',*,*,#11145,.T.);
#13126 = ORIENTED_EDGE('',*,*,#11096,.T.);
#13127 = ORIENTED_EDGE('',*,*,#11047,.T.);
#13128 = ORIENTED_EDGE('',*,*,#10998,.T.);
#13129 = ORIENTED_EDGE('',*,*,#10949,.T.);
#13130 = ORIENTED_EDGE('',*,*,#10900,.T.);
#13131 = ADVANCED_FACE('',(#13132),#12430,.F.);
#13132 = FACE_BOUND('',#13133,.F.);
#13133 = EDGE_LOOP('',(#13134,#13135,#13158,#13184));
#13134 = ORIENTED_EDGE('',*,*,#12412,.F.);
#13135 = ORIENTED_EDGE('',*,*,#13136,.T.);
#13136 = EDGE_CURVE('',#12413,#13137,#13139,.T.);
#13137 = VERTEX_POINT('',#13138);
#13138 = CARTESIAN_POINT('',(29.2603515625,55.84287109375,8.));
#13139 = SURFACE_CURVE('',#13140,(#13144,#13151),.PCURVE_S1.);
#13140 = LINE('',#13141,#13142);
#13141 = CARTESIAN_POINT('',(29.2603515625,55.84287109375,7.65));
#13142 = VECTOR('',#13143,1.);
#13143 = DIRECTION('',(0.,0.,1.));
#13144 = PCURVE('',#12430,#13145);
#13145 = DEFINITIONAL_REPRESENTATION('',(#13146),#13150);
#13146 = LINE('',#13147,#13148);
#13147 = CARTESIAN_POINT('',(0.,0.));
#13148 = VECTOR('',#13149,1.);
#13149 = DIRECTION('',(0.,-1.));
#13150 = ( GEOMETRIC_REPRESENTATION_CONTEXT(2) 
PARAMETRIC_REPRESENTATION_CONTEXT() REPRESENTATION_CONTEXT('2D SPACE',''
  ) );
#13151 = PCURVE('',#12634,#13152);
#13152 = DEFINITIONAL_REPRESENTATION('',(#13153),#13157);
#13153 = LINE('',#13154,#13155);
#13154 = CARTESIAN_POINT('',(0.5126953125,0.));
#13155 = VECTOR('',#13156,1.);
#13156 = DIRECTION('',(0.,-1.));
#13157 = ( GEOMETRIC_REPRESENTATION_CONTEXT(2) 
PARAMETRIC_REPRESENTATION_CONTEXT() REPRESENTATION_CONTEXT('2D SPACE',''
  ) );
#13158 = ORIENTED_EDGE('',*,*,#13159,.F.);
#13159 = EDGE_CURVE('',#13160,#13137,#13162,.T.);
#13160 = VERTEX_POINT('',#13161);
#13161 = CARTESIAN_POINT('',(29.2603515625,55.12646484375,8.));
#13162 = SURFACE_CURVE('',#13163,(#13167,#13173),.PCURVE_S1.);
#13163 = LINE('',#13164,#13165);
#13164 = CARTESIAN_POINT('',(29.2603515625,27.921435546875,8.));
#13165 = VECTOR('',#13166,1.);
#13166 = DIRECTION('',(0.,1.,0.));
#13167 = PCURVE('',#12430,#13168);
#13168 = DEFINITIONAL_REPRESENTATION('',(#13169),#13172);
#13169 = B_SPLINE_CURVE_WITH_KNOTS('',1,(#13170,#13171),.UNSPECIFIED.,
  .F.,.F.,(2,2),(27.205029296875,27.921435546875),
  .PIECEWISE_BEZIER_KNOTS.);
#13170 = CARTESIAN_POINT('',(0.71640625,-0.35));
#13171 = CARTESIAN_POINT('',(0.,-0.35));
#13172 = ( GEOMETRIC_REPRESENTATION_CONTEXT(2) 
PARAMETRIC_REPRESENTATION_CONTEXT() REPRESENTATION_CONTEXT('2D SPACE',''
  ) );
#13173 = PCURVE('',#13174,#13179);
#13174 = PLANE('',#13175);
#13175 = AXIS2_PLACEMENT_3D('',#13176,#13177,#13178);
#13176 = CARTESIAN_POINT('',(0.,0.,8.));
#13177 = DIRECTION('',(0.,0.,1.));
#13178 = DIRECTION('',(1.,0.,0.));
#13179 = DEFINITIONAL_REPRESENTATION('',(#13180),#13183);
#13180 = B_SPLINE_CURVE_WITH_KNOTS('',1,(#13181,#13182),.UNSPECIFIED.,
  .F.,.F.,(2,2),(27.205029296875,27.921435546875),
  .PIECEWISE_BEZIER_KNOTS.);
#13181 = CARTESIAN_POINT('',(29.2603515625,55.12646484375));
#13182 = CARTESIAN_POINT('',(29.2603515625,55.84287109375));
#13183 = ( GEOMETRIC_REPRESENTATION_CONTEXT(2) 
PARAMETRIC_REPRESENTATION_CONTEXT() REPRESENTATION_CONTEXT('2D SPACE',''
  ) );
#13184 = ORIENTED_EDGE('',*,*,#13185,.F.);
#13185 = EDGE_CURVE('',#12415,#13160,#13186,.T.);
#13186 = SURFACE_CURVE('',#13187,(#13191,#13198),.PCURVE_S1.);
#13187 = LINE('',#13188,#13189);
#13188 = CARTESIAN_POINT('',(29.2603515625,55.12646484375,7.65));
#13189 = VECTOR('',#13190,1.);
#13190 = DIRECTION('',(0.,0.,1.));
#13191 = PCURVE('',#12430,#13192);
#13192 = DEFINITIONAL_REPRESENTATION('',(#13193),#13197);
#13193 = LINE('',#13194,#13195);
#13194 = CARTESIAN_POINT('',(0.71640625,0.));
#13195 = VECTOR('',#13196,1.);
#13196 = DIRECTION('',(0.,-1.));
#13197 = ( GEOMETRIC_REPRESENTATION_CONTEXT(2) 
PARAMETRIC_REPRESENTATION_CONTEXT() REPRESENTATION_CONTEXT('2D SPACE',''
  ) );
#13198 = PCURVE('',#12458,#13199);
#13199 = DEFINITIONAL_REPRESENTATION('',(#13200),#13204);
#13200 = LINE('',#13201,#13202);
#13201 = CARTESIAN_POINT('',(0.,0.));
#13202 = VECTOR('',#13203,1.);
#13203 = DIRECTION('',(0.,-1.));
#13204 = ( GEOMETRIC_REPRESENTATION_CONTEXT(2) 
PARAMETRIC_REPRESENTATION_CONTEXT() REPRESENTATION_CONTEXT('2D SPACE',''
  ) );
#13205 = ADVANCED_FACE('',(#13206),#12458,.F.);
#13206 = FACE_BOUND('',#13207,.F.);
#13207 = EDGE_LOOP('',(#13208,#13209,#13210,#13231));
#13208 = ORIENTED_EDGE('',*,*,#12442,.F.);
#13209 = ORIENTED_EDGE('',*,*,#13185,.T.);
#13210 = ORIENTED_EDGE('',*,*,#13211,.F.);
#13211 = EDGE_CURVE('',#13212,#13160,#13214,.T.);
#13212 = VERTEX_POINT('',#13213);
#13213 = CARTESIAN_POINT('',(29.778515625,55.12646484375,8.));
#13214 = SURFACE_CURVE('',#13215,(#13219,#13225),.PCURVE_S1.);
#13215 = LINE('',#13216,#13217);
#13216 = CARTESIAN_POINT('',(14.63017578125,55.12646484375,8.));
#13217 = VECTOR('',#13218,1.);
#13218 = DIRECTION('',(-1.,0.,0.));
#13219 = PCURVE('',#12458,#13220);
#13220 = DEFINITIONAL_REPRESENTATION('',(#13221),#13224);
#13221 = B_SPLINE_CURVE_WITH_KNOTS('',1,(#13222,#13223),.UNSPECIFIED.,
  .F.,.F.,(2,2),(-15.14833984375,-14.63017578125),
  .PIECEWISE_BEZIER_KNOTS.);
#13222 = CARTESIAN_POINT('',(0.5181640625,-0.35));
#13223 = CARTESIAN_POINT('',(0.,-0.35));
#13224 = ( GEOMETRIC_REPRESENTATION_CONTEXT(2) 
PARAMETRIC_REPRESENTATION_CONTEXT() REPRESENTATION_CONTEXT('2D SPACE',''
  ) );
#13225 = PCURVE('',#13174,#13226);
#13226 = DEFINITIONAL_REPRESENTATION('',(#13227),#13230);
#13227 = B_SPLINE_CURVE_WITH_KNOTS('',1,(#13228,#13229),.UNSPECIFIED.,
  .F.,.F.,(2,2),(-15.14833984375,-14.63017578125),
  .PIECEWISE_BEZIER_KNOTS.);
#13228 = CARTESIAN_POINT('',(29.778515625,55.12646484375));
#13229 = CARTESIAN_POINT('',(29.2603515625,55.12646484375));
#13230 = ( GEOMETRIC_REPRESENTATION_CONTEXT(2) 
PARAMETRIC_REPRESENTATION_CONTEXT() REPRESENTATION_CONTEXT('2D SPACE',''
  ) );
#13231 = ORIENTED_EDGE('',*,*,#13232,.F.);
#13232 = EDGE_CURVE('',#12443,#13212,#13233,.T.);
#13233 = SURFACE_CURVE('',#13234,(#13238,#13245),.PCURVE_S1.);
#13234 = LINE('',#13235,#13236);
#13235 = CARTESIAN_POINT('',(29.778515625,55.12646484375,7.65));
#13236 = VECTOR('',#13237,1.);
#13237 = DIRECTION('',(0.,0.,1.));
#13238 = PCURVE('',#12458,#13239);
#13239 = DEFINITIONAL_REPRESENTATION('',(#13240),#13244);
#13240 = LINE('',#13241,#13242);
#13241 = CARTESIAN_POINT('',(0.5181640625,0.));
#13242 = VECTOR('',#13243,1.);
#13243 = DIRECTION('',(0.,-1.));
#13244 = ( GEOMETRIC_REPRESENTATION_CONTEXT(2) 
PARAMETRIC_REPRESENTATION_CONTEXT() REPRESENTATION_CONTEXT('2D SPACE',''
  ) );
#13245 = PCURVE('',#12486,#13246);
#13246 = DEFINITIONAL_REPRESENTATION('',(#13247),#13251);
#13247 = LINE('',#13248,#13249);
#13248 = CARTESIAN_POINT('',(0.,0.));
#13249 = VECTOR('',#13250,1.);
#13250 = DIRECTION('',(0.,-1.));
#13251 = ( GEOMETRIC_REPRESENTATION_CONTEXT(2) 
PARAMETRIC_REPRESENTATION_CONTEXT() REPRESENTATION_CONTEXT('2D SPACE',''
  ) );
#13252 = ADVANCED_FACE('',(#13253),#12486,.F.);
#13253 = FACE_BOUND('',#13254,.F.);
#13254 = EDGE_LOOP('',(#13255,#13256,#13257,#13292));
#13255 = ORIENTED_EDGE('',*,*,#12470,.F.);
#13256 = ORIENTED_EDGE('',*,*,#13232,.T.);
#13257 = ORIENTED_EDGE('',*,*,#13258,.F.);
#13258 = EDGE_CURVE('',#13259,#13212,#13261,.T.);
#13259 = VERTEX_POINT('',#13260);
#13260 = CARTESIAN_POINT('',(30.1435546875,55.22216796875,8.));
#13261 = SURFACE_CURVE('',#13262,(#13270,#13281),.PCURVE_S1.);
#13262 = B_SPLINE_CURVE_WITH_KNOTS('',6,(#13263,#13264,#13265,#13266,
    #13267,#13268,#13269),.UNSPECIFIED.,.F.,.F.,(7,7),(0.,1.),
  .PIECEWISE_BEZIER_KNOTS.);
#13263 = CARTESIAN_POINT('',(30.1435546875,55.22216796875,8.));
#13264 = CARTESIAN_POINT('',(30.106424089438,55.189267438821,8.));
#13265 = CARTESIAN_POINT('',(30.058917655093,55.16332268547,8.));
#13266 = CARTESIAN_POINT('',(30.00148090986,55.144416741558,8.));
#13267 = CARTESIAN_POINT('',(29.934949161546,55.132278639203,8.));
#13268 = CARTESIAN_POINT('',(29.860301226093,55.12646484375,8.));
#13269 = CARTESIAN_POINT('',(29.778515625,55.12646484375,8.));
#13270 = PCURVE('',#12486,#13271);
#13271 = DEFINITIONAL_REPRESENTATION('',(#13272),#13280);
#13272 = B_SPLINE_CURVE_WITH_KNOTS('',6,(#13273,#13274,#13275,#13276,
    #13277,#13278,#13279),.UNSPECIFIED.,.F.,.F.,(7,7),(0.,1.),
  .PIECEWISE_BEZIER_KNOTS.);
#13273 = CARTESIAN_POINT('',(1.,-0.35));
#13274 = CARTESIAN_POINT('',(0.828111517108,-0.35));
#13275 = CARTESIAN_POINT('',(0.657108727161,-0.35));
#13276 = CARTESIAN_POINT('',(0.488109819923,-0.35));
#13277 = CARTESIAN_POINT('',(0.321918923496,-0.35));
#13278 = CARTESIAN_POINT('',(0.159096610028,-0.35));
#13279 = CARTESIAN_POINT('',(0.,-0.35));
#13280 = ( GEOMETRIC_REPRESENTATION_CONTEXT(2) 
PARAMETRIC_REPRESENTATION_CONTEXT() REPRESENTATION_CONTEXT('2D SPACE',''
  ) );
#13281 = PCURVE('',#13174,#13282);
#13282 = DEFINITIONAL_REPRESENTATION('',(#13283),#13291);
#13283 = B_SPLINE_CURVE_WITH_KNOTS('',6,(#13284,#13285,#13286,#13287,
    #13288,#13289,#13290),.UNSPECIFIED.,.F.,.F.,(7,7),(0.,1.),
  .PIECEWISE_BEZIER_KNOTS.);
#13284 = CARTESIAN_POINT('',(30.1435546875,55.22216796875));
#13285 = CARTESIAN_POINT('',(30.106424089438,55.189267438821));
#13286 = CARTESIAN_POINT('',(30.058917655093,55.16332268547));
#13287 = CARTESIAN_POINT('',(30.00148090986,55.144416741558));
#13288 = CARTESIAN_POINT('',(29.934949161546,55.132278639203));
#13289 = CARTESIAN_POINT('',(29.860301226093,55.12646484375));
#13290 = CARTESIAN_POINT('',(29.778515625,55.12646484375));
#13291 = ( GEOMETRIC_REPRESENTATION_CONTEXT(2) 
PARAMETRIC_REPRESENTATION_CONTEXT() REPRESENTATION_CONTEXT('2D SPACE',''
  ) );
#13292 = ORIENTED_EDGE('',*,*,#13293,.F.);
#13293 = EDGE_CURVE('',#12471,#13259,#13294,.T.);
#13294 = SURFACE_CURVE('',#13295,(#13299,#13306),.PCURVE_S1.);
#13295 = LINE('',#13296,#13297);
#13296 = CARTESIAN_POINT('',(30.1435546875,55.22216796875,7.65));
#13297 = VECTOR('',#13298,1.);
#13298 = DIRECTION('',(0.,0.,1.));
#13299 = PCURVE('',#12486,#13300);
#13300 = DEFINITIONAL_REPRESENTATION('',(#13301),#13305);
#13301 = LINE('',#13302,#13303);
#13302 = CARTESIAN_POINT('',(1.,0.));
#13303 = VECTOR('',#13304,1.);
#13304 = DIRECTION('',(0.,-1.));
#13305 = ( GEOMETRIC_REPRESENTATION_CONTEXT(2) 
PARAMETRIC_REPRESENTATION_CONTEXT() REPRESENTATION_CONTEXT('2D SPACE',''
  ) );
#13306 = PCURVE('',#12516,#13307);
#13307 = DEFINITIONAL_REPRESENTATION('',(#13308),#13312);
#13308 = LINE('',#13309,#13310);
#13309 = CARTESIAN_POINT('',(0.,0.));
#13310 = VECTOR('',#13311,1.);
#13311 = DIRECTION('',(0.,-1.));
#13312 = ( GEOMETRIC_REPRESENTATION_CONTEXT(2) 
PARAMETRIC_REPRESENTATION_CONTEXT() REPRESENTATION_CONTEXT('2D SPACE',''
  ) );
#13313 = ADVANCED_FACE('',(#13314),#12516,.F.);
#13314 = FACE_BOUND('',#13315,.F.);
#13315 = EDGE_LOOP('',(#13316,#13317,#13318,#13362));
#13316 = ORIENTED_EDGE('',*,*,#12500,.F.);
#13317 = ORIENTED_EDGE('',*,*,#13293,.T.);
#13318 = ORIENTED_EDGE('',*,*,#13319,.F.);
#13319 = EDGE_CURVE('',#13320,#13259,#13322,.T.);
#13320 = VERTEX_POINT('',#13321);
#13321 = CARTESIAN_POINT('',(30.2515625,55.49150390625,8.));
#13322 = SURFACE_CURVE('',#13323,(#13334,#13348),.PCURVE_S1.);
#13323 = B_SPLINE_CURVE_WITH_KNOTS('',5,(#13324,#13325,#13326,#13327,
    #13328,#13329,#13330,#13331,#13332,#13333),.UNSPECIFIED.,.F.,.F.,(6,
    4,6),(0.,0.763032585047,1.),.UNSPECIFIED.);
#13324 = CARTESIAN_POINT('',(30.2515625,55.49150390625,8.));
#13325 = CARTESIAN_POINT('',(30.2515625,55.439235808085,8.));
#13326 = CARTESIAN_POINT('',(30.245445424484,55.390903381711,8.));
#13327 = CARTESIAN_POINT('',(30.232987450574,55.34680905143,8.));
#13328 = CARTESIAN_POINT('',(30.214092987387,55.307181063253,8.));
#13329 = CARTESIAN_POINT('',(30.181008455792,55.261253591123,8.));
#13330 = CARTESIAN_POINT('',(30.172555917558,55.250812205566,8.));
#13331 = CARTESIAN_POINT('',(30.163493246425,55.240816146802,8.));
#13332 = CARTESIAN_POINT('',(30.153824368681,55.231267686252,8.));
#13333 = CARTESIAN_POINT('',(30.1435546875,55.22216796875,8.));
#13334 = PCURVE('',#12516,#13335);
#13335 = DEFINITIONAL_REPRESENTATION('',(#13336),#13347);
#13336 = B_SPLINE_CURVE_WITH_KNOTS('',5,(#13337,#13338,#13339,#13340,
    #13341,#13342,#13343,#13344,#13345,#13346),.UNSPECIFIED.,.F.,.F.,(6,
    4,6),(0.,0.763032585047,1.),.UNSPECIFIED.);
#13337 = CARTESIAN_POINT('',(1.,-0.35));
#13338 = CARTESIAN_POINT('',(0.849486691449,-0.35));
#13339 = CARTESIAN_POINT('',(0.697597161624,-0.35));
#13340 = CARTESIAN_POINT('',(0.544737243512,-0.35));
#13341 = CARTESIAN_POINT('',(0.391365592853,-0.35));
#13342 = CARTESIAN_POINT('',(0.1903707784,-0.35));
#13343 = CARTESIAN_POINT('',(0.142741381209,-0.35));
#13344 = CARTESIAN_POINT('',(9.512668262722E-02,-0.35));
#13345 = CARTESIAN_POINT('',(4.754138123631E-02,-0.35));
#13346 = CARTESIAN_POINT('',(0.,-0.35));
#13347 = ( GEOMETRIC_REPRESENTATION_CONTEXT(2) 
PARAMETRIC_REPRESENTATION_CONTEXT() REPRESENTATION_CONTEXT('2D SPACE',''
  ) );
#13348 = PCURVE('',#13174,#13349);
#13349 = DEFINITIONAL_REPRESENTATION('',(#13350),#13361);
#13350 = B_SPLINE_CURVE_WITH_KNOTS('',5,(#13351,#13352,#13353,#13354,
    #13355,#13356,#13357,#13358,#13359,#13360),.UNSPECIFIED.,.F.,.F.,(6,
    4,6),(0.,0.763032585047,1.),.UNSPECIFIED.);
#13351 = CARTESIAN_POINT('',(30.2515625,55.49150390625));
#13352 = CARTESIAN_POINT('',(30.2515625,55.439235808085));
#13353 = CARTESIAN_POINT('',(30.245445424484,55.390903381711));
#13354 = CARTESIAN_POINT('',(30.232987450574,55.34680905143));
#13355 = CARTESIAN_POINT('',(30.214092987387,55.307181063253));
#13356 = CARTESIAN_POINT('',(30.181008455792,55.261253591123));
#13357 = CARTESIAN_POINT('',(30.172555917558,55.250812205566));
#13358 = CARTESIAN_POINT('',(30.163493246425,55.240816146802));
#13359 = CARTESIAN_POINT('',(30.153824368681,55.231267686252));
#13360 = CARTESIAN_POINT('',(30.1435546875,55.22216796875));
#13361 = ( GEOMETRIC_REPRESENTATION_CONTEXT(2) 
PARAMETRIC_REPRESENTATION_CONTEXT() REPRESENTATION_CONTEXT('2D SPACE',''
  ) );
#13362 = ORIENTED_EDGE('',*,*,#13363,.F.);
#13363 = EDGE_CURVE('',#12501,#13320,#13364,.T.);
#13364 = SURFACE_CURVE('',#13365,(#13369,#13376),.PCURVE_S1.);
#13365 = LINE('',#13366,#13367);
#13366 = CARTESIAN_POINT('',(30.2515625,55.49150390625,7.65));
#13367 = VECTOR('',#13368,1.);
#13368 = DIRECTION('',(0.,0.,1.));
#13369 = PCURVE('',#12516,#13370);
#13370 = DEFINITIONAL_REPRESENTATION('',(#13371),#13375);
#13371 = LINE('',#13372,#13373);
#13372 = CARTESIAN_POINT('',(1.,0.));
#13373 = VECTOR('',#13374,1.);
#13374 = DIRECTION('',(0.,-1.));
#13375 = ( GEOMETRIC_REPRESENTATION_CONTEXT(2) 
PARAMETRIC_REPRESENTATION_CONTEXT() REPRESENTATION_CONTEXT('2D SPACE',''
  ) );
#13376 = PCURVE('',#12546,#13377);
#13377 = DEFINITIONAL_REPRESENTATION('',(#13378),#13382);
#13378 = LINE('',#13379,#13380);
#13379 = CARTESIAN_POINT('',(0.,0.));
#13380 = VECTOR('',#13381,1.);
#13381 = DIRECTION('',(0.,-1.));
#13382 = ( GEOMETRIC_REPRESENTATION_CONTEXT(2) 
PARAMETRIC_REPRESENTATION_CONTEXT() REPRESENTATION_CONTEXT('2D SPACE',''
  ) );
#13383 = ADVANCED_FACE('',(#13384),#12546,.F.);
#13384 = FACE_BOUND('',#13385,.F.);
#13385 = EDGE_LOOP('',(#13386,#13387,#13388,#13426));
#13386 = ORIENTED_EDGE('',*,*,#12530,.F.);
#13387 = ORIENTED_EDGE('',*,*,#13363,.T.);
#13388 = ORIENTED_EDGE('',*,*,#13389,.F.);
#13389 = EDGE_CURVE('',#13390,#13320,#13392,.T.);
#13390 = VERTEX_POINT('',#13391);
#13391 = CARTESIAN_POINT('',(30.18798828125,55.7068359375,8.));
#13392 = SURFACE_CURVE('',#13393,(#13402,#13414),.PCURVE_S1.);
#13393 = B_SPLINE_CURVE_WITH_KNOTS('',4,(#13394,#13395,#13396,#13397,
    #13398,#13399,#13400,#13401),.UNSPECIFIED.,.F.,.F.,(5,3,5),(0.,
    0.14770024466,1.),.UNSPECIFIED.);
#13394 = CARTESIAN_POINT('',(30.18798828125,55.7068359375,8.));
#13395 = CARTESIAN_POINT('',(30.192692065216,55.700210177289,8.));
#13396 = CARTESIAN_POINT('',(30.197164536662,55.693451197248,8.));
#13397 = CARTESIAN_POINT('',(30.201405188486,55.686559401509,8.));
#13398 = CARTESIAN_POINT('',(30.228544830915,55.639003031761,8.));
#13399 = CARTESIAN_POINT('',(30.243946480562,55.594064951323,8.));
#13400 = CARTESIAN_POINT('',(30.2515625,55.544825091187,8.));
#13401 = CARTESIAN_POINT('',(30.2515625,55.49150390625,8.));
#13402 = PCURVE('',#12546,#13403);
#13403 = DEFINITIONAL_REPRESENTATION('',(#13404),#13413);
#13404 = B_SPLINE_CURVE_WITH_KNOTS('',4,(#13405,#13406,#13407,#13408,
    #13409,#13410,#13411,#13412),.UNSPECIFIED.,.F.,.F.,(5,3,5),(0.,
    0.14770024466,1.),.UNSPECIFIED.);
#13405 = CARTESIAN_POINT('',(1.,-0.35));
#13406 = CARTESIAN_POINT('',(0.963005570034,-0.35));
#13407 = CARTESIAN_POINT('',(0.926005588501,-0.35));
#13408 = CARTESIAN_POINT('',(0.889002810686,-0.35));
#13409 = CARTESIAN_POINT('',(0.638476409925,-0.35));
#13410 = CARTESIAN_POINT('',(0.424949494563,-0.35));
#13411 = CARTESIAN_POINT('',(0.211959989812,-0.35));
#13412 = CARTESIAN_POINT('',(0.,-0.35));
#13413 = ( GEOMETRIC_REPRESENTATION_CONTEXT(2) 
PARAMETRIC_REPRESENTATION_CONTEXT() REPRESENTATION_CONTEXT('2D SPACE',''
  ) );
#13414 = PCURVE('',#13174,#13415);
#13415 = DEFINITIONAL_REPRESENTATION('',(#13416),#13425);
#13416 = B_SPLINE_CURVE_WITH_KNOTS('',4,(#13417,#13418,#13419,#13420,
    #13421,#13422,#13423,#13424),.UNSPECIFIED.,.F.,.F.,(5,3,5),(0.,
    0.14770024466,1.),.UNSPECIFIED.);
#13417 = CARTESIAN_POINT('',(30.18798828125,55.7068359375));
#13418 = CARTESIAN_POINT('',(30.192692065216,55.700210177289));
#13419 = CARTESIAN_POINT('',(30.197164536662,55.693451197248));
#13420 = CARTESIAN_POINT('',(30.201405188486,55.686559401509));
#13421 = CARTESIAN_POINT('',(30.228544830915,55.639003031761));
#13422 = CARTESIAN_POINT('',(30.243946480562,55.594064951323));
#13423 = CARTESIAN_POINT('',(30.2515625,55.544825091187));
#13424 = CARTESIAN_POINT('',(30.2515625,55.49150390625));
#13425 = ( GEOMETRIC_REPRESENTATION_CONTEXT(2) 
PARAMETRIC_REPRESENTATION_CONTEXT() REPRESENTATION_CONTEXT('2D SPACE',''
  ) );
#13426 = ORIENTED_EDGE('',*,*,#13427,.F.);
#13427 = EDGE_CURVE('',#12531,#13390,#13428,.T.);
#13428 = SURFACE_CURVE('',#13429,(#13433,#13440),.PCURVE_S1.);
#13429 = LINE('',#13430,#13431);
#13430 = CARTESIAN_POINT('',(30.18798828125,55.7068359375,7.65));
#13431 = VECTOR('',#13432,1.);
#13432 = DIRECTION('',(0.,0.,1.));
#13433 = PCURVE('',#12546,#13434);
#13434 = DEFINITIONAL_REPRESENTATION('',(#13435),#13439);
#13435 = LINE('',#13436,#13437);
#13436 = CARTESIAN_POINT('',(1.,0.));
#13437 = VECTOR('',#13438,1.);
#13438 = DIRECTION('',(0.,-1.));
#13439 = ( GEOMETRIC_REPRESENTATION_CONTEXT(2) 
PARAMETRIC_REPRESENTATION_CONTEXT() REPRESENTATION_CONTEXT('2D SPACE',''
  ) );
#13440 = PCURVE('',#12576,#13441);
#13441 = DEFINITIONAL_REPRESENTATION('',(#13442),#13446);
#13442 = LINE('',#13443,#13444);
#13443 = CARTESIAN_POINT('',(0.,0.));
#13444 = VECTOR('',#13445,1.);
#13445 = DIRECTION('',(0.,-1.));
#13446 = ( GEOMETRIC_REPRESENTATION_CONTEXT(2) 
PARAMETRIC_REPRESENTATION_CONTEXT() REPRESENTATION_CONTEXT('2D SPACE',''
  ) );
#13447 = ADVANCED_FACE('',(#13448),#12576,.F.);
#13448 = FACE_BOUND('',#13449,.F.);
#13449 = EDGE_LOOP('',(#13450,#13451,#13452,#13490));
#13450 = ORIENTED_EDGE('',*,*,#12560,.F.);
#13451 = ORIENTED_EDGE('',*,*,#13427,.T.);
#13452 = ORIENTED_EDGE('',*,*,#13453,.F.);
#13453 = EDGE_CURVE('',#13454,#13390,#13456,.T.);
#13454 = VERTEX_POINT('',#13455);
#13455 = CARTESIAN_POINT('',(30.0205078125,55.82509765625,8.));
#13456 = SURFACE_CURVE('',#13457,(#13466,#13478),.PCURVE_S1.);
#13457 = B_SPLINE_CURVE_WITH_KNOTS('',4,(#13458,#13459,#13460,#13461,
    #13462,#13463,#13464,#13465),.UNSPECIFIED.,.F.,.F.,(5,3,5),(0.,
    0.459929137856,1.),.UNSPECIFIED.);
#13458 = CARTESIAN_POINT('',(30.0205078125,55.82509765625,8.));
#13459 = CARTESIAN_POINT('',(30.044372033347,55.818503595227,8.));
#13460 = CARTESIAN_POINT('',(30.066852114644,55.809760629408,8.));
#13461 = CARTESIAN_POINT('',(30.087921968475,55.798859571948,8.));
#13462 = CARTESIAN_POINT('',(30.130635801097,55.770486311675,8.));
#13463 = CARTESIAN_POINT('',(30.151740147961,55.752200021193,8.));
#13464 = CARTESIAN_POINT('',(30.170857334183,55.730966626379,8.));
#13465 = CARTESIAN_POINT('',(30.18798828125,55.7068359375,8.));
#13466 = PCURVE('',#12576,#13467);
#13467 = DEFINITIONAL_REPRESENTATION('',(#13468),#13477);
#13468 = B_SPLINE_CURVE_WITH_KNOTS('',4,(#13469,#13470,#13471,#13472,
    #13473,#13474,#13475,#13476),.UNSPECIFIED.,.F.,.F.,(5,3,5),(0.,
    0.459929137856,1.),.UNSPECIFIED.);
#13469 = CARTESIAN_POINT('',(1.,-0.35));
#13470 = CARTESIAN_POINT('',(0.885164651564,-0.35));
#13471 = CARTESIAN_POINT('',(0.770164932176,-0.35));
#13472 = CARTESIAN_POINT('',(0.655082173644,-0.35));
#13473 = CARTESIAN_POINT('',(0.404864989796,-0.35));
#13474 = CARTESIAN_POINT('',(0.269730384846,-0.35));
#13475 = CARTESIAN_POINT('',(0.134731872474,-0.35));
#13476 = CARTESIAN_POINT('',(0.,-0.35));
#13477 = ( GEOMETRIC_REPRESENTATION_CONTEXT(2) 
PARAMETRIC_REPRESENTATION_CONTEXT() REPRESENTATION_CONTEXT('2D SPACE',''
  ) );
#13478 = PCURVE('',#13174,#13479);
#13479 = DEFINITIONAL_REPRESENTATION('',(#13480),#13489);
#13480 = B_SPLINE_CURVE_WITH_KNOTS('',4,(#13481,#13482,#13483,#13484,
    #13485,#13486,#13487,#13488),.UNSPECIFIED.,.F.,.F.,(5,3,5),(0.,
    0.459929137856,1.),.UNSPECIFIED.);
#13481 = CARTESIAN_POINT('',(30.0205078125,55.82509765625));
#13482 = CARTESIAN_POINT('',(30.044372033347,55.818503595227));
#13483 = CARTESIAN_POINT('',(30.066852114644,55.809760629408));
#13484 = CARTESIAN_POINT('',(30.087921968475,55.798859571948));
#13485 = CARTESIAN_POINT('',(30.130635801097,55.770486311675));
#13486 = CARTESIAN_POINT('',(30.151740147961,55.752200021193));
#13487 = CARTESIAN_POINT('',(30.170857334183,55.730966626379));
#13488 = CARTESIAN_POINT('',(30.18798828125,55.7068359375));
#13489 = ( GEOMETRIC_REPRESENTATION_CONTEXT(2) 
PARAMETRIC_REPRESENTATION_CONTEXT() REPRESENTATION_CONTEXT('2D SPACE',''
  ) );
#13490 = ORIENTED_EDGE('',*,*,#13491,.F.);
#13491 = EDGE_CURVE('',#12561,#13454,#13492,.T.);
#13492 = SURFACE_CURVE('',#13493,(#13497,#13504),.PCURVE_S1.);
#13493 = LINE('',#13494,#13495);
#13494 = CARTESIAN_POINT('',(30.0205078125,55.82509765625,7.65));
#13495 = VECTOR('',#13496,1.);
#13496 = DIRECTION('',(0.,0.,1.));
#13497 = PCURVE('',#12576,#13498);
#13498 = DEFINITIONAL_REPRESENTATION('',(#13499),#13503);
#13499 = LINE('',#13500,#13501);
#13500 = CARTESIAN_POINT('',(1.,0.));
#13501 = VECTOR('',#13502,1.);
#13502 = DIRECTION('',(0.,-1.));
#13503 = ( GEOMETRIC_REPRESENTATION_CONTEXT(2) 
PARAMETRIC_REPRESENTATION_CONTEXT() REPRESENTATION_CONTEXT('2D SPACE',''
  ) );
#13504 = PCURVE('',#12606,#13505);
#13505 = DEFINITIONAL_REPRESENTATION('',(#13506),#13510);
#13506 = LINE('',#13507,#13508);
#13507 = CARTESIAN_POINT('',(0.,0.));
#13508 = VECTOR('',#13509,1.);
#13509 = DIRECTION('',(0.,-1.));
#13510 = ( GEOMETRIC_REPRESENTATION_CONTEXT(2) 
PARAMETRIC_REPRESENTATION_CONTEXT() REPRESENTATION_CONTEXT('2D SPACE',''
  ) );
#13511 = ADVANCED_FACE('',(#13512),#12606,.F.);
#13512 = FACE_BOUND('',#13513,.F.);
#13513 = EDGE_LOOP('',(#13514,#13515,#13516,#13548));
#13514 = ORIENTED_EDGE('',*,*,#12590,.F.);
#13515 = ORIENTED_EDGE('',*,*,#13491,.T.);
#13516 = ORIENTED_EDGE('',*,*,#13517,.F.);
#13517 = EDGE_CURVE('',#13518,#13454,#13520,.T.);
#13518 = VERTEX_POINT('',#13519);
#13519 = CARTESIAN_POINT('',(29.773046875,55.84287109375,8.));
#13520 = SURFACE_CURVE('',#13521,(#13528,#13538),.PCURVE_S1.);
#13521 = B_SPLINE_CURVE_WITH_KNOTS('',5,(#13522,#13523,#13524,#13525,
    #13526,#13527),.UNSPECIFIED.,.F.,.F.,(6,6),(0.,1.),
  .PIECEWISE_BEZIER_KNOTS.);
#13522 = CARTESIAN_POINT('',(29.773046875,55.84287109375,8.));
#13523 = CARTESIAN_POINT('',(29.843140765221,55.84287109375,8.));
#13524 = CARTESIAN_POINT('',(29.903773275629,55.841195281572,8.));
#13525 = CARTESIAN_POINT('',(29.954039325991,55.837725697309,8.));
#13526 = CARTESIAN_POINT('',(29.993106717931,55.832367334401,8.));
#13527 = CARTESIAN_POINT('',(30.0205078125,55.82509765625,8.));
#13528 = PCURVE('',#12606,#13529);
#13529 = DEFINITIONAL_REPRESENTATION('',(#13530),#13537);
#13530 = B_SPLINE_CURVE_WITH_KNOTS('',5,(#13531,#13532,#13533,#13534,
    #13535,#13536),.UNSPECIFIED.,.F.,.F.,(6,6),(0.,1.),
  .PIECEWISE_BEZIER_KNOTS.);
#13531 = CARTESIAN_POINT('',(1.,-0.35));
#13532 = CARTESIAN_POINT('',(0.805800477309,-0.35));
#13533 = CARTESIAN_POINT('',(0.608170897069,-0.35));
#13534 = CARTESIAN_POINT('',(0.407532250694,-0.35));
#13535 = CARTESIAN_POINT('',(0.204509627105,-0.35));
#13536 = CARTESIAN_POINT('',(0.,-0.35));
#13537 = ( GEOMETRIC_REPRESENTATION_CONTEXT(2) 
PARAMETRIC_REPRESENTATION_CONTEXT() REPRESENTATION_CONTEXT('2D SPACE',''
  ) );
#13538 = PCURVE('',#13174,#13539);
#13539 = DEFINITIONAL_REPRESENTATION('',(#13540),#13547);
#13540 = B_SPLINE_CURVE_WITH_KNOTS('',5,(#13541,#13542,#13543,#13544,
    #13545,#13546),.UNSPECIFIED.,.F.,.F.,(6,6),(0.,1.),
  .PIECEWISE_BEZIER_KNOTS.);
#13541 = CARTESIAN_POINT('',(29.773046875,55.84287109375));
#13542 = CARTESIAN_POINT('',(29.843140765221,55.84287109375));
#13543 = CARTESIAN_POINT('',(29.903773275629,55.841195281572));
#13544 = CARTESIAN_POINT('',(29.954039325991,55.837725697309));
#13545 = CARTESIAN_POINT('',(29.993106717931,55.832367334401));
#13546 = CARTESIAN_POINT('',(30.0205078125,55.82509765625));
#13547 = ( GEOMETRIC_REPRESENTATION_CONTEXT(2) 
PARAMETRIC_REPRESENTATION_CONTEXT() REPRESENTATION_CONTEXT('2D SPACE',''
  ) );
#13548 = ORIENTED_EDGE('',*,*,#13549,.F.);
#13549 = EDGE_CURVE('',#12591,#13518,#13550,.T.);
#13550 = SURFACE_CURVE('',#13551,(#13555,#13562),.PCURVE_S1.);
#13551 = LINE('',#13552,#13553);
#13552 = CARTESIAN_POINT('',(29.773046875,55.84287109375,7.65));
#13553 = VECTOR('',#13554,1.);
#13554 = DIRECTION('',(0.,0.,1.));
#13555 = PCURVE('',#12606,#13556);
#13556 = DEFINITIONAL_REPRESENTATION('',(#13557),#13561);
#13557 = LINE('',#13558,#13559);
#13558 = CARTESIAN_POINT('',(1.,0.));
#13559 = VECTOR('',#13560,1.);
#13560 = DIRECTION('',(0.,-1.));
#13561 = ( GEOMETRIC_REPRESENTATION_CONTEXT(2) 
PARAMETRIC_REPRESENTATION_CONTEXT() REPRESENTATION_CONTEXT('2D SPACE',''
  ) );
#13562 = PCURVE('',#12634,#13563);
#13563 = DEFINITIONAL_REPRESENTATION('',(#13564),#13568);
#13564 = LINE('',#13565,#13566);
#13565 = CARTESIAN_POINT('',(0.,-0.));
#13566 = VECTOR('',#13567,1.);
#13567 = DIRECTION('',(0.,-1.));
#13568 = ( GEOMETRIC_REPRESENTATION_CONTEXT(2) 
PARAMETRIC_REPRESENTATION_CONTEXT() REPRESENTATION_CONTEXT('2D SPACE',''
  ) );
#13569 = ADVANCED_FACE('',(#13570),#12634,.F.);
#13570 = FACE_BOUND('',#13571,.F.);
#13571 = EDGE_LOOP('',(#13572,#13573,#13574,#13593));
#13572 = ORIENTED_EDGE('',*,*,#12620,.F.);
#13573 = ORIENTED_EDGE('',*,*,#13549,.T.);
#13574 = ORIENTED_EDGE('',*,*,#13575,.F.);
#13575 = EDGE_CURVE('',#13137,#13518,#13576,.T.);
#13576 = SURFACE_CURVE('',#13577,(#13581,#13587),.PCURVE_S1.);
#13577 = LINE('',#13578,#13579);
#13578 = CARTESIAN_POINT('',(14.8865234375,55.84287109375,8.));
#13579 = VECTOR('',#13580,1.);
#13580 = DIRECTION('',(1.,0.,-0.));
#13581 = PCURVE('',#12634,#13582);
#13582 = DEFINITIONAL_REPRESENTATION('',(#13583),#13586);
#13583 = B_SPLINE_CURVE_WITH_KNOTS('',1,(#13584,#13585),.UNSPECIFIED.,
  .F.,.F.,(2,2),(14.373828125,14.8865234375),.PIECEWISE_BEZIER_KNOTS.);
#13584 = CARTESIAN_POINT('',(0.5126953125,-0.35));
#13585 = CARTESIAN_POINT('',(0.,-0.35));
#13586 = ( GEOMETRIC_REPRESENTATION_CONTEXT(2) 
PARAMETRIC_REPRESENTATION_CONTEXT() REPRESENTATION_CONTEXT('2D SPACE',''
  ) );
#13587 = PCURVE('',#13174,#13588);
#13588 = DEFINITIONAL_REPRESENTATION('',(#13589),#13592);
#13589 = B_SPLINE_CURVE_WITH_KNOTS('',1,(#13590,#13591),.UNSPECIFIED.,
  .F.,.F.,(2,2),(14.373828125,14.8865234375),.PIECEWISE_BEZIER_KNOTS.);
#13590 = CARTESIAN_POINT('',(29.2603515625,55.84287109375));
#13591 = CARTESIAN_POINT('',(29.773046875,55.84287109375));
#13592 = ( GEOMETRIC_REPRESENTATION_CONTEXT(2) 
PARAMETRIC_REPRESENTATION_CONTEXT() REPRESENTATION_CONTEXT('2D SPACE',''
  ) );
#13593 = ORIENTED_EDGE('',*,*,#13136,.F.);
#13594 = ADVANCED_FACE('',(#13595),#12739,.T.);
#13595 = FACE_BOUND('',#13596,.F.);
#13596 = EDGE_LOOP('',(#13597));
#13597 = ORIENTED_EDGE('',*,*,#12724,.F.);
#13598 = ADVANCED_FACE('',(#13599),#12891,.F.);
#13599 = FACE_BOUND('',#13600,.F.);
#13600 = EDGE_LOOP('',(#13601,#13602,#13625,#13651));
#13601 = ORIENTED_EDGE('',*,*,#12873,.F.);
#13602 = ORIENTED_EDGE('',*,*,#13603,.T.);
#13603 = EDGE_CURVE('',#12874,#13604,#13606,.T.);
#13604 = VERTEX_POINT('',#13605);
#13605 = CARTESIAN_POINT('',(31.859375,55.85791015625,8.));
#13606 = SURFACE_CURVE('',#13607,(#13611,#13618),.PCURVE_S1.);
#13607 = LINE('',#13608,#13609);
#13608 = CARTESIAN_POINT('',(31.859375,55.85791015625,7.65));
#13609 = VECTOR('',#13610,1.);
#13610 = DIRECTION('',(0.,0.,1.));
#13611 = PCURVE('',#12891,#13612);
#13612 = DEFINITIONAL_REPRESENTATION('',(#13613),#13617);
#13613 = LINE('',#13614,#13615);
#13614 = CARTESIAN_POINT('',(0.,0.));
#13615 = VECTOR('',#13616,1.);
#13616 = DIRECTION('',(0.,-1.));
#13617 = ( GEOMETRIC_REPRESENTATION_CONTEXT(2) 
PARAMETRIC_REPRESENTATION_CONTEXT() REPRESENTATION_CONTEXT('2D SPACE',''
  ) );
#13618 = PCURVE('',#13095,#13619);
#13619 = DEFINITIONAL_REPRESENTATION('',(#13620),#13624);
#13620 = LINE('',#13621,#13622);
#13621 = CARTESIAN_POINT('',(0.634375,0.));
#13622 = VECTOR('',#13623,1.);
#13623 = DIRECTION('',(0.,-1.));
#13624 = ( GEOMETRIC_REPRESENTATION_CONTEXT(2) 
PARAMETRIC_REPRESENTATION_CONTEXT() REPRESENTATION_CONTEXT('2D SPACE',''
  ) );
#13625 = ORIENTED_EDGE('',*,*,#13626,.F.);
#13626 = EDGE_CURVE('',#13627,#13604,#13629,.T.);
#13627 = VERTEX_POINT('',#13628);
#13628 = CARTESIAN_POINT('',(31.859375,55.19482421875,8.));
#13629 = SURFACE_CURVE('',#13630,(#13634,#13640),.PCURVE_S1.);
#13630 = LINE('',#13631,#13632);
#13631 = CARTESIAN_POINT('',(31.859375,27.928955078125,8.));
#13632 = VECTOR('',#13633,1.);
#13633 = DIRECTION('',(0.,1.,0.));
#13634 = PCURVE('',#12891,#13635);
#13635 = DEFINITIONAL_REPRESENTATION('',(#13636),#13639);
#13636 = B_SPLINE_CURVE_WITH_KNOTS('',1,(#13637,#13638),.UNSPECIFIED.,
  .F.,.F.,(2,2),(27.265869140625,27.928955078125),
  .PIECEWISE_BEZIER_KNOTS.);
#13637 = CARTESIAN_POINT('',(0.6630859375,-0.35));
#13638 = CARTESIAN_POINT('',(0.,-0.35));
#13639 = ( GEOMETRIC_REPRESENTATION_CONTEXT(2) 
PARAMETRIC_REPRESENTATION_CONTEXT() REPRESENTATION_CONTEXT('2D SPACE',''
  ) );
#13640 = PCURVE('',#13641,#13646);
#13641 = PLANE('',#13642);
#13642 = AXIS2_PLACEMENT_3D('',#13643,#13644,#13645);
#13643 = CARTESIAN_POINT('',(0.,0.,8.));
#13644 = DIRECTION('',(0.,0.,1.));
#13645 = DIRECTION('',(1.,0.,0.));
#13646 = DEFINITIONAL_REPRESENTATION('',(#13647),#13650);
#13647 = B_SPLINE_CURVE_WITH_KNOTS('',1,(#13648,#13649),.UNSPECIFIED.,
  .F.,.F.,(2,2),(27.265869140625,27.928955078125),
  .PIECEWISE_BEZIER_KNOTS.);
#13648 = CARTESIAN_POINT('',(31.859375,55.19482421875));
#13649 = CARTESIAN_POINT('',(31.859375,55.85791015625));
#13650 = ( GEOMETRIC_REPRESENTATION_CONTEXT(2) 
PARAMETRIC_REPRESENTATION_CONTEXT() REPRESENTATION_CONTEXT('2D SPACE',''
  ) );
#13651 = ORIENTED_EDGE('',*,*,#13652,.F.);
#13652 = EDGE_CURVE('',#12876,#13627,#13653,.T.);
#13653 = SURFACE_CURVE('',#13654,(#13658,#13665),.PCURVE_S1.);
#13654 = LINE('',#13655,#13656);
#13655 = CARTESIAN_POINT('',(31.859375,55.19482421875,7.65));
#13656 = VECTOR('',#13657,1.);
#13657 = DIRECTION('',(0.,0.,1.));
#13658 = PCURVE('',#12891,#13659);
#13659 = DEFINITIONAL_REPRESENTATION('',(#13660),#13664);
#13660 = LINE('',#13661,#13662);
#13661 = CARTESIAN_POINT('',(0.6630859375,0.));
#13662 = VECTOR('',#13663,1.);
#13663 = DIRECTION('',(0.,-1.));
#13664 = ( GEOMETRIC_REPRESENTATION_CONTEXT(2) 
PARAMETRIC_REPRESENTATION_CONTEXT() REPRESENTATION_CONTEXT('2D SPACE',''
  ) );
#13665 = PCURVE('',#12919,#13666);
#13666 = DEFINITIONAL_REPRESENTATION('',(#13667),#13671);
#13667 = LINE('',#13668,#13669);
#13668 = CARTESIAN_POINT('',(0.,0.));
#13669 = VECTOR('',#13670,1.);
#13670 = DIRECTION('',(0.,-1.));
#13671 = ( GEOMETRIC_REPRESENTATION_CONTEXT(2) 
PARAMETRIC_REPRESENTATION_CONTEXT() REPRESENTATION_CONTEXT('2D SPACE',''
  ) );
#13672 = ADVANCED_FACE('',(#13673),#12919,.F.);
#13673 = FACE_BOUND('',#13674,.F.);
#13674 = EDGE_LOOP('',(#13675,#13676,#13677,#13698));
#13675 = ORIENTED_EDGE('',*,*,#12903,.F.);
#13676 = ORIENTED_EDGE('',*,*,#13652,.T.);
#13677 = ORIENTED_EDGE('',*,*,#13678,.F.);
#13678 = EDGE_CURVE('',#13679,#13627,#13681,.T.);
#13679 = VERTEX_POINT('',#13680);
#13680 = CARTESIAN_POINT('',(32.4294921875,55.19482421875,8.));
#13681 = SURFACE_CURVE('',#13682,(#13686,#13692),.PCURVE_S1.);
#13682 = LINE('',#13683,#13684);
#13683 = CARTESIAN_POINT('',(15.9296875,55.19482421875,8.));
#13684 = VECTOR('',#13685,1.);
#13685 = DIRECTION('',(-1.,0.,0.));
#13686 = PCURVE('',#12919,#13687);
#13687 = DEFINITIONAL_REPRESENTATION('',(#13688),#13691);
#13688 = B_SPLINE_CURVE_WITH_KNOTS('',1,(#13689,#13690),.UNSPECIFIED.,
  .F.,.F.,(2,2),(-16.4998046875,-15.9296875),.PIECEWISE_BEZIER_KNOTS.);
#13689 = CARTESIAN_POINT('',(0.5701171875,-0.35));
#13690 = CARTESIAN_POINT('',(0.,-0.35));
#13691 = ( GEOMETRIC_REPRESENTATION_CONTEXT(2) 
PARAMETRIC_REPRESENTATION_CONTEXT() REPRESENTATION_CONTEXT('2D SPACE',''
  ) );
#13692 = PCURVE('',#13641,#13693);
#13693 = DEFINITIONAL_REPRESENTATION('',(#13694),#13697);
#13694 = B_SPLINE_CURVE_WITH_KNOTS('',1,(#13695,#13696),.UNSPECIFIED.,
  .F.,.F.,(2,2),(-16.4998046875,-15.9296875),.PIECEWISE_BEZIER_KNOTS.);
#13695 = CARTESIAN_POINT('',(32.4294921875,55.19482421875));
#13696 = CARTESIAN_POINT('',(31.859375,55.19482421875));
#13697 = ( GEOMETRIC_REPRESENTATION_CONTEXT(2) 
PARAMETRIC_REPRESENTATION_CONTEXT() REPRESENTATION_CONTEXT('2D SPACE',''
  ) );
#13698 = ORIENTED_EDGE('',*,*,#13699,.F.);
#13699 = EDGE_CURVE('',#12904,#13679,#13700,.T.);
#13700 = SURFACE_CURVE('',#13701,(#13705,#13712),.PCURVE_S1.);
#13701 = LINE('',#13702,#13703);
#13702 = CARTESIAN_POINT('',(32.4294921875,55.19482421875,7.65));
#13703 = VECTOR('',#13704,1.);
#13704 = DIRECTION('',(0.,0.,1.));
#13705 = PCURVE('',#12919,#13706);
#13706 = DEFINITIONAL_REPRESENTATION('',(#13707),#13711);
#13707 = LINE('',#13708,#13709);
#13708 = CARTESIAN_POINT('',(0.5701171875,0.));
#13709 = VECTOR('',#13710,1.);
#13710 = DIRECTION('',(0.,-1.));
#13711 = ( GEOMETRIC_REPRESENTATION_CONTEXT(2) 
PARAMETRIC_REPRESENTATION_CONTEXT() REPRESENTATION_CONTEXT('2D SPACE',''
  ) );
#13712 = PCURVE('',#12947,#13713);
#13713 = DEFINITIONAL_REPRESENTATION('',(#13714),#13718);
#13714 = LINE('',#13715,#13716);
#13715 = CARTESIAN_POINT('',(0.,0.));
#13716 = VECTOR('',#13717,1.);
#13717 = DIRECTION('',(0.,-1.));
#13718 = ( GEOMETRIC_REPRESENTATION_CONTEXT(2) 
PARAMETRIC_REPRESENTATION_CONTEXT() REPRESENTATION_CONTEXT('2D SPACE',''
  ) );
#13719 = ADVANCED_FACE('',(#13720),#12947,.F.);
#13720 = FACE_BOUND('',#13721,.F.);
#13721 = EDGE_LOOP('',(#13722,#13723,#13724,#13756));
#13722 = ORIENTED_EDGE('',*,*,#12931,.F.);
#13723 = ORIENTED_EDGE('',*,*,#13699,.T.);
#13724 = ORIENTED_EDGE('',*,*,#13725,.F.);
#13725 = EDGE_CURVE('',#13726,#13679,#13728,.T.);
#13726 = VERTEX_POINT('',#13727);
#13727 = CARTESIAN_POINT('',(32.7138671875,55.232421875,8.));
#13728 = SURFACE_CURVE('',#13729,(#13736,#13746),.PCURVE_S1.);
#13729 = B_SPLINE_CURVE_WITH_KNOTS('',5,(#13730,#13731,#13732,#13733,
    #13734,#13735),.UNSPECIFIED.,.F.,.F.,(6,6),(0.,1.),
  .PIECEWISE_BEZIER_KNOTS.);
#13730 = CARTESIAN_POINT('',(32.7138671875,55.232421875,8.));
#13731 = CARTESIAN_POINT('',(32.67213369271,55.217119593577,8.));
#13732 = CARTESIAN_POINT('',(32.622462091353,55.20580949372,8.));
#13733 = CARTESIAN_POINT('',(32.565165315612,55.198426108146,8.));
#13734 = CARTESIAN_POINT('',(32.500682633683,55.19482421875,8.));
#13735 = CARTESIAN_POINT('',(32.4294921875,55.19482421875,8.));
#13736 = PCURVE('',#12947,#13737);
#13737 = DEFINITIONAL_REPRESENTATION('',(#13738),#13745);
#13738 = B_SPLINE_CURVE_WITH_KNOTS('',5,(#13739,#13740,#13741,#13742,
    #13743,#13744),.UNSPECIFIED.,.F.,.F.,(6,6),(0.,1.),
  .PIECEWISE_BEZIER_KNOTS.);
#13739 = CARTESIAN_POINT('',(1.,-0.35));
#13740 = CARTESIAN_POINT('',(0.796499530166,-0.35));
#13741 = CARTESIAN_POINT('',(0.59432379099,-0.35));
#13742 = CARTESIAN_POINT('',(0.393953588772,-0.35));
#13743 = CARTESIAN_POINT('',(0.195754610343,-0.35));
#13744 = CARTESIAN_POINT('',(0.,-0.35));
#13745 = ( GEOMETRIC_REPRESENTATION_CONTEXT(2) 
PARAMETRIC_REPRESENTATION_CONTEXT() REPRESENTATION_CONTEXT('2D SPACE',''
  ) );
#13746 = PCURVE('',#13641,#13747);
#13747 = DEFINITIONAL_REPRESENTATION('',(#13748),#13755);
#13748 = B_SPLINE_CURVE_WITH_KNOTS('',5,(#13749,#13750,#13751,#13752,
    #13753,#13754),.UNSPECIFIED.,.F.,.F.,(6,6),(0.,1.),
  .PIECEWISE_BEZIER_KNOTS.);
#13749 = CARTESIAN_POINT('',(32.7138671875,55.232421875));
#13750 = CARTESIAN_POINT('',(32.67213369271,55.217119593577));
#13751 = CARTESIAN_POINT('',(32.622462091353,55.20580949372));
#13752 = CARTESIAN_POINT('',(32.565165315612,55.198426108146));
#13753 = CARTESIAN_POINT('',(32.500682633683,55.19482421875));
#13754 = CARTESIAN_POINT('',(32.4294921875,55.19482421875));
#13755 = ( GEOMETRIC_REPRESENTATION_CONTEXT(2) 
PARAMETRIC_REPRESENTATION_CONTEXT() REPRESENTATION_CONTEXT('2D SPACE',''
  ) );
#13756 = ORIENTED_EDGE('',*,*,#13757,.F.);
#13757 = EDGE_CURVE('',#12932,#13726,#13758,.T.);
#13758 = SURFACE_CURVE('',#13759,(#13763,#13770),.PCURVE_S1.);
#13759 = LINE('',#13760,#13761);
#13760 = CARTESIAN_POINT('',(32.7138671875,55.232421875,7.65));
#13761 = VECTOR('',#13762,1.);
#13762 = DIRECTION('',(0.,0.,1.));
#13763 = PCURVE('',#12947,#13764);
#13764 = DEFINITIONAL_REPRESENTATION('',(#13765),#13769);
#13765 = LINE('',#13766,#13767);
#13766 = CARTESIAN_POINT('',(1.,0.));
#13767 = VECTOR('',#13768,1.);
#13768 = DIRECTION('',(0.,-1.));
#13769 = ( GEOMETRIC_REPRESENTATION_CONTEXT(2) 
PARAMETRIC_REPRESENTATION_CONTEXT() REPRESENTATION_CONTEXT('2D SPACE',''
  ) );
#13770 = PCURVE('',#12977,#13771);
#13771 = DEFINITIONAL_REPRESENTATION('',(#13772),#13776);
#13772 = LINE('',#13773,#13774);
#13773 = CARTESIAN_POINT('',(0.,0.));
#13774 = VECTOR('',#13775,1.);
#13775 = DIRECTION('',(0.,-1.));
#13776 = ( GEOMETRIC_REPRESENTATION_CONTEXT(2) 
PARAMETRIC_REPRESENTATION_CONTEXT() REPRESENTATION_CONTEXT('2D SPACE',''
  ) );
#13777 = ADVANCED_FACE('',(#13778),#12977,.F.);
#13778 = FACE_BOUND('',#13779,.F.);
#13779 = EDGE_LOOP('',(#13780,#13781,#13782,#13820));
#13780 = ORIENTED_EDGE('',*,*,#12961,.F.);
#13781 = ORIENTED_EDGE('',*,*,#13757,.T.);
#13782 = ORIENTED_EDGE('',*,*,#13783,.F.);
#13783 = EDGE_CURVE('',#13784,#13726,#13786,.T.);
#13784 = VERTEX_POINT('',#13785);
#13785 = CARTESIAN_POINT('',(32.8697265625,55.352734375,8.));
#13786 = SURFACE_CURVE('',#13787,(#13796,#13808),.PCURVE_S1.);
#13787 = B_SPLINE_CURVE_WITH_KNOTS('',4,(#13788,#13789,#13790,#13791,
    #13792,#13793,#13794,#13795),.UNSPECIFIED.,.F.,.F.,(5,3,5),(0.,
    0.247732372869,1.),.UNSPECIFIED.);
#13788 = CARTESIAN_POINT('',(32.8697265625,55.352734375,8.));
#13789 = CARTESIAN_POINT('',(32.863117177321,55.342481354401,8.));
#13790 = CARTESIAN_POINT('',(32.856001293639,55.332686874373,8.));
#13791 = CARTESIAN_POINT('',(32.848379269708,55.323353467029,8.));
#13792 = CARTESIAN_POINT('',(32.815574787542,55.28754560338,8.));
#13793 = CARTESIAN_POINT('',(32.786242860812,55.264874512246,8.));
#13794 = CARTESIAN_POINT('',(32.752298011349,55.246513177078,8.));
#13795 = CARTESIAN_POINT('',(32.7138671875,55.232421875,8.));
#13796 = PCURVE('',#12977,#13797);
#13797 = DEFINITIONAL_REPRESENTATION('',(#13798),#13807);
#13798 = B_SPLINE_CURVE_WITH_KNOTS('',4,(#13799,#13800,#13801,#13802,
    #13803,#13804,#13805,#13806),.UNSPECIFIED.,.F.,.F.,(5,3,5),(0.,
    0.247732372869,1.),.UNSPECIFIED.);
#13799 = CARTESIAN_POINT('',(1.,-0.35));
#13800 = CARTESIAN_POINT('',(0.938021882567,-0.35));
#13801 = CARTESIAN_POINT('',(0.876021918318,-0.35));
#13802 = CARTESIAN_POINT('',(0.814010976142,-0.35));
#13803 = CARTESIAN_POINT('',(0.563696592826,-0.35));
#13804 = CARTESIAN_POINT('',(0.375391957534,-0.35));
#13805 = CARTESIAN_POINT('',(0.187396017243,-0.35));
#13806 = CARTESIAN_POINT('',(0.,-0.35));
#13807 = ( GEOMETRIC_REPRESENTATION_CONTEXT(2) 
PARAMETRIC_REPRESENTATION_CONTEXT() REPRESENTATION_CONTEXT('2D SPACE',''
  ) );
#13808 = PCURVE('',#13641,#13809);
#13809 = DEFINITIONAL_REPRESENTATION('',(#13810),#13819);
#13810 = B_SPLINE_CURVE_WITH_KNOTS('',4,(#13811,#13812,#13813,#13814,
    #13815,#13816,#13817,#13818),.UNSPECIFIED.,.F.,.F.,(5,3,5),(0.,
    0.247732372869,1.),.UNSPECIFIED.);
#13811 = CARTESIAN_POINT('',(32.8697265625,55.352734375));
#13812 = CARTESIAN_POINT('',(32.863117177321,55.342481354401));
#13813 = CARTESIAN_POINT('',(32.856001293639,55.332686874373));
#13814 = CARTESIAN_POINT('',(32.848379269708,55.323353467029));
#13815 = CARTESIAN_POINT('',(32.815574787542,55.28754560338));
#13816 = CARTESIAN_POINT('',(32.786242860812,55.264874512246));
#13817 = CARTESIAN_POINT('',(32.752298011349,55.246513177078));
#13818 = CARTESIAN_POINT('',(32.7138671875,55.232421875));
#13819 = ( GEOMETRIC_REPRESENTATION_CONTEXT(2) 
PARAMETRIC_REPRESENTATION_CONTEXT() REPRESENTATION_CONTEXT('2D SPACE',''
  ) );
#13820 = ORIENTED_EDGE('',*,*,#13821,.F.);
#13821 = EDGE_CURVE('',#12962,#13784,#13822,.T.);
#13822 = SURFACE_CURVE('',#13823,(#13827,#13834),.PCURVE_S1.);
#13823 = LINE('',#13824,#13825);
#13824 = CARTESIAN_POINT('',(32.8697265625,55.352734375,7.65));
#13825 = VECTOR('',#13826,1.);
#13826 = DIRECTION('',(0.,0.,1.));
#13827 = PCURVE('',#12977,#13828);
#13828 = DEFINITIONAL_REPRESENTATION('',(#13829),#13833);
#13829 = LINE('',#13830,#13831);
#13830 = CARTESIAN_POINT('',(1.,0.));
#13831 = VECTOR('',#13832,1.);
#13832 = DIRECTION('',(0.,-1.));
#13833 = ( GEOMETRIC_REPRESENTATION_CONTEXT(2) 
PARAMETRIC_REPRESENTATION_CONTEXT() REPRESENTATION_CONTEXT('2D SPACE',''
  ) );
#13834 = PCURVE('',#13007,#13835);
#13835 = DEFINITIONAL_REPRESENTATION('',(#13836),#13840);
#13836 = LINE('',#13837,#13838);
#13837 = CARTESIAN_POINT('',(0.,0.));
#13838 = VECTOR('',#13839,1.);
#13839 = DIRECTION('',(0.,-1.));
#13840 = ( GEOMETRIC_REPRESENTATION_CONTEXT(2) 
PARAMETRIC_REPRESENTATION_CONTEXT() REPRESENTATION_CONTEXT('2D SPACE',''
  ) );
#13841 = ADVANCED_FACE('',(#13842),#13007,.F.);
#13842 = FACE_BOUND('',#13843,.F.);
#13843 = EDGE_LOOP('',(#13844,#13845,#13846,#13884));
#13844 = ORIENTED_EDGE('',*,*,#12991,.F.);
#13845 = ORIENTED_EDGE('',*,*,#13821,.T.);
#13846 = ORIENTED_EDGE('',*,*,#13847,.F.);
#13847 = EDGE_CURVE('',#13848,#13784,#13850,.T.);
#13848 = VERTEX_POINT('',#13849);
#13849 = CARTESIAN_POINT('',(32.923046875,55.53251953125,8.));
#13850 = SURFACE_CURVE('',#13851,(#13860,#13872),.PCURVE_S1.);
#13851 = B_SPLINE_CURVE_WITH_KNOTS('',4,(#13852,#13853,#13854,#13855,
    #13856,#13857,#13858,#13859),.UNSPECIFIED.,.F.,.F.,(5,3,5),(0.,
    0.455958681139,1.),.UNSPECIFIED.);
#13852 = CARTESIAN_POINT('',(32.923046875,55.53251953125,8.));
#13853 = CARTESIAN_POINT('',(32.923046875,55.510405600209,8.));
#13854 = CARTESIAN_POINT('',(32.921202031022,55.488770310154,8.));
#13855 = CARTESIAN_POINT('',(32.91750554632,55.467624426547,8.));
#13856 = CARTESIAN_POINT('',(32.905342418279,55.422339618075,8.));
#13857 = CARTESIAN_POINT('',(32.896092207477,55.398411612785,8.));
#13858 = CARTESIAN_POINT('',(32.884212922686,55.375206805546,8.));
#13859 = CARTESIAN_POINT('',(32.8697265625,55.352734375,8.));
#13860 = PCURVE('',#13007,#13861);
#13861 = DEFINITIONAL_REPRESENTATION('',(#13862),#13871);
#13862 = B_SPLINE_CURVE_WITH_KNOTS('',4,(#13863,#13864,#13865,#13866,
    #13867,#13868,#13869,#13870),.UNSPECIFIED.,.F.,.F.,(5,3,5),(0.,
    0.455958681139,1.),.UNSPECIFIED.);
#13863 = CARTESIAN_POINT('',(1.,-0.35));
#13864 = CARTESIAN_POINT('',(0.886093232463,-0.35));
#13865 = CARTESIAN_POINT('',(0.772093502534,-0.35));
#13866 = CARTESIAN_POINT('',(0.65804683648,-0.35));
#13867 = CARTESIAN_POINT('',(0.407921460656,-0.35));
#13868 = CARTESIAN_POINT('',(0.271842540239,-0.35));
#13869 = CARTESIAN_POINT('',(0.135842791492,-0.35));
#13870 = CARTESIAN_POINT('',(0.,-0.35));
#13871 = ( GEOMETRIC_REPRESENTATION_CONTEXT(2) 
PARAMETRIC_REPRESENTATION_CONTEXT() REPRESENTATION_CONTEXT('2D SPACE',''
  ) );
#13872 = PCURVE('',#13641,#13873);
#13873 = DEFINITIONAL_REPRESENTATION('',(#13874),#13883);
#13874 = B_SPLINE_CURVE_WITH_KNOTS('',4,(#13875,#13876,#13877,#13878,
    #13879,#13880,#13881,#13882),.UNSPECIFIED.,.F.,.F.,(5,3,5),(0.,
    0.455958681139,1.),.UNSPECIFIED.);
#13875 = CARTESIAN_POINT('',(32.923046875,55.53251953125));
#13876 = CARTESIAN_POINT('',(32.923046875,55.510405600209));
#13877 = CARTESIAN_POINT('',(32.921202031022,55.488770310154));
#13878 = CARTESIAN_POINT('',(32.91750554632,55.467624426547));
#13879 = CARTESIAN_POINT('',(32.905342418279,55.422339618075));
#13880 = CARTESIAN_POINT('',(32.896092207477,55.398411612785));
#13881 = CARTESIAN_POINT('',(32.884212922686,55.375206805546));
#13882 = CARTESIAN_POINT('',(32.8697265625,55.352734375));
#13883 = ( GEOMETRIC_REPRESENTATION_CONTEXT(2) 
PARAMETRIC_REPRESENTATION_CONTEXT() REPRESENTATION_CONTEXT('2D SPACE',''
  ) );
#13884 = ORIENTED_EDGE('',*,*,#13885,.F.);
#13885 = EDGE_CURVE('',#12992,#13848,#13886,.T.);
#13886 = SURFACE_CURVE('',#13887,(#13891,#13898),.PCURVE_S1.);
#13887 = LINE('',#13888,#13889);
#13888 = CARTESIAN_POINT('',(32.923046875,55.53251953125,7.65));
#13889 = VECTOR('',#13890,1.);
#13890 = DIRECTION('',(0.,0.,1.));
#13891 = PCURVE('',#13007,#13892);
#13892 = DEFINITIONAL_REPRESENTATION('',(#13893),#13897);
#13893 = LINE('',#13894,#13895);
#13894 = CARTESIAN_POINT('',(1.,0.));
#13895 = VECTOR('',#13896,1.);
#13896 = DIRECTION('',(0.,-1.));
#13897 = ( GEOMETRIC_REPRESENTATION_CONTEXT(2) 
PARAMETRIC_REPRESENTATION_CONTEXT() REPRESENTATION_CONTEXT('2D SPACE',''
  ) );
#13898 = PCURVE('',#13037,#13899);
#13899 = DEFINITIONAL_REPRESENTATION('',(#13900),#13904);
#13900 = LINE('',#13901,#13902);
#13901 = CARTESIAN_POINT('',(0.,0.));
#13902 = VECTOR('',#13903,1.);
#13903 = DIRECTION('',(0.,-1.));
#13904 = ( GEOMETRIC_REPRESENTATION_CONTEXT(2) 
PARAMETRIC_REPRESENTATION_CONTEXT() REPRESENTATION_CONTEXT('2D SPACE',''
  ) );
#13905 = ADVANCED_FACE('',(#13906),#13037,.F.);
#13906 = FACE_BOUND('',#13907,.F.);
#13907 = EDGE_LOOP('',(#13908,#13909,#13910,#13948));
#13908 = ORIENTED_EDGE('',*,*,#13021,.F.);
#13909 = ORIENTED_EDGE('',*,*,#13885,.T.);
#13910 = ORIENTED_EDGE('',*,*,#13911,.F.);
#13911 = EDGE_CURVE('',#13912,#13848,#13914,.T.);
#13912 = VERTEX_POINT('',#13913);
#13913 = CARTESIAN_POINT('',(32.81982421875,55.76630859375,8.));
#13914 = SURFACE_CURVE('',#13915,(#13924,#13936),.PCURVE_S1.);
#13915 = B_SPLINE_CURVE_WITH_KNOTS('',4,(#13916,#13917,#13918,#13919,
    #13920,#13921,#13922,#13923),.UNSPECIFIED.,.F.,.F.,(5,3,5),(0.,
    0.455818694102,1.),.UNSPECIFIED.);
#13916 = CARTESIAN_POINT('',(32.81982421875,55.76630859375,8.));
#13917 = CARTESIAN_POINT('',(32.843278766689,55.745494624056,8.));
#13918 = CARTESIAN_POINT('',(32.86326014335,55.722868853005,8.));
#13919 = CARTESIAN_POINT('',(32.879674738616,55.69843857641,8.));
#13920 = CARTESIAN_POINT('',(32.907810566632,55.640983176931,8.));
#13921 = CARTESIAN_POINT('',(32.918005203353,55.60720939041,8.));
#13922 = CARTESIAN_POINT('',(32.923046875,55.571007173524,8.));
#13923 = CARTESIAN_POINT('',(32.923046875,55.53251953125,8.));
#13924 = PCURVE('',#13037,#13925);
#13925 = DEFINITIONAL_REPRESENTATION('',(#13926),#13935);
#13926 = B_SPLINE_CURVE_WITH_KNOTS('',4,(#13927,#13928,#13929,#13930,
    #13931,#13932,#13933,#13934),.UNSPECIFIED.,.F.,.F.,(5,3,5),(0.,
    0.455818694102,1.),.UNSPECIFIED.);
#13927 = CARTESIAN_POINT('',(1.,-0.35));
#13928 = CARTESIAN_POINT('',(0.886388566274,-0.35));
#13929 = CARTESIAN_POINT('',(0.772391313055,-0.35));
#13930 = CARTESIAN_POINT('',(0.658195215172,-0.35));
#13931 = CARTESIAN_POINT('',(0.407667501742,-0.35));
#13932 = CARTESIAN_POINT('',(0.271334020755,-0.35));
#13933 = CARTESIAN_POINT('',(0.135341159646,-0.35));
#13934 = CARTESIAN_POINT('',(0.,-0.35));
#13935 = ( GEOMETRIC_REPRESENTATION_CONTEXT(2) 
PARAMETRIC_REPRESENTATION_CONTEXT() REPRESENTATION_CONTEXT('2D SPACE',''
  ) );
#13936 = PCURVE('',#13641,#13937);
#13937 = DEFINITIONAL_REPRESENTATION('',(#13938),#13947);
#13938 = B_SPLINE_CURVE_WITH_KNOTS('',4,(#13939,#13940,#13941,#13942,
    #13943,#13944,#13945,#13946),.UNSPECIFIED.,.F.,.F.,(5,3,5),(0.,
    0.455818694102,1.),.UNSPECIFIED.);
#13939 = CARTESIAN_POINT('',(32.81982421875,55.76630859375));
#13940 = CARTESIAN_POINT('',(32.843278766689,55.745494624056));
#13941 = CARTESIAN_POINT('',(32.86326014335,55.722868853005));
#13942 = CARTESIAN_POINT('',(32.879674738616,55.69843857641));
#13943 = CARTESIAN_POINT('',(32.907810566632,55.640983176931));
#13944 = CARTESIAN_POINT('',(32.918005203353,55.60720939041));
#13945 = CARTESIAN_POINT('',(32.923046875,55.571007173524));
#13946 = CARTESIAN_POINT('',(32.923046875,55.53251953125));
#13947 = ( GEOMETRIC_REPRESENTATION_CONTEXT(2) 
PARAMETRIC_REPRESENTATION_CONTEXT() REPRESENTATION_CONTEXT('2D SPACE',''
  ) );
#13948 = ORIENTED_EDGE('',*,*,#13949,.F.);
#13949 = EDGE_CURVE('',#13022,#13912,#13950,.T.);
#13950 = SURFACE_CURVE('',#13951,(#13955,#13962),.PCURVE_S1.);
#13951 = LINE('',#13952,#13953);
#13952 = CARTESIAN_POINT('',(32.81982421875,55.76630859375,7.65));
#13953 = VECTOR('',#13954,1.);
#13954 = DIRECTION('',(0.,0.,1.));
#13955 = PCURVE('',#13037,#13956);
#13956 = DEFINITIONAL_REPRESENTATION('',(#13957),#13961);
#13957 = LINE('',#13958,#13959);
#13958 = CARTESIAN_POINT('',(1.,0.));
#13959 = VECTOR('',#13960,1.);
#13960 = DIRECTION('',(0.,-1.));
#13961 = ( GEOMETRIC_REPRESENTATION_CONTEXT(2) 
PARAMETRIC_REPRESENTATION_CONTEXT() REPRESENTATION_CONTEXT('2D SPACE',''
  ) );
#13962 = PCURVE('',#13067,#13963);
#13963 = DEFINITIONAL_REPRESENTATION('',(#13964),#13968);
#13964 = LINE('',#13965,#13966);
#13965 = CARTESIAN_POINT('',(0.,0.));
#13966 = VECTOR('',#13967,1.);
#13967 = DIRECTION('',(0.,-1.));
#13968 = ( GEOMETRIC_REPRESENTATION_CONTEXT(2) 
PARAMETRIC_REPRESENTATION_CONTEXT() REPRESENTATION_CONTEXT('2D SPACE',''
  ) );
#13969 = ADVANCED_FACE('',(#13970),#13067,.F.);
#13970 = FACE_BOUND('',#13971,.F.);
#13971 = EDGE_LOOP('',(#13972,#13973,#13974,#14006));
#13972 = ORIENTED_EDGE('',*,*,#13051,.F.);
#13973 = ORIENTED_EDGE('',*,*,#13949,.T.);
#13974 = ORIENTED_EDGE('',*,*,#13975,.F.);
#13975 = EDGE_CURVE('',#13976,#13912,#13978,.T.);
#13976 = VERTEX_POINT('',#13977);
#13977 = CARTESIAN_POINT('',(32.49375,55.85791015625,8.));
#13978 = SURFACE_CURVE('',#13979,(#13986,#13996),.PCURVE_S1.);
#13979 = B_SPLINE_CURVE_WITH_KNOTS('',5,(#13980,#13981,#13982,#13983,
    #13984,#13985),.UNSPECIFIED.,.F.,.F.,(6,6),(0.,1.),
  .PIECEWISE_BEZIER_KNOTS.);
#13980 = CARTESIAN_POINT('',(32.49375,55.85791015625,8.));
#13981 = CARTESIAN_POINT('',(32.579987979201,55.85791015625,8.));
#13982 = CARTESIAN_POINT('',(32.656903542415,55.849336321728,8.));
#13983 = CARTESIAN_POINT('',(32.723188512036,55.831446555356,8.));
#13984 = CARTESIAN_POINT('',(32.777666325536,55.803720234086,8.));
#13985 = CARTESIAN_POINT('',(32.81982421875,55.76630859375,8.));
#13986 = PCURVE('',#13067,#13987);
#13987 = DEFINITIONAL_REPRESENTATION('',(#13988),#13995);
#13988 = B_SPLINE_CURVE_WITH_KNOTS('',5,(#13989,#13990,#13991,#13992,
    #13993,#13994),.UNSPECIFIED.,.F.,.F.,(6,6),(0.,1.),
  .PIECEWISE_BEZIER_KNOTS.);
#13989 = CARTESIAN_POINT('',(1.,-0.35));
#13990 = CARTESIAN_POINT('',(0.806512509418,-0.35));
#13991 = CARTESIAN_POINT('',(0.608818730257,-0.35));
#13992 = CARTESIAN_POINT('',(0.407679304817,-0.35));
#13993 = CARTESIAN_POINT('',(0.204208527207,-0.35));
#13994 = CARTESIAN_POINT('',(0.,-0.35));
#13995 = ( GEOMETRIC_REPRESENTATION_CONTEXT(2) 
PARAMETRIC_REPRESENTATION_CONTEXT() REPRESENTATION_CONTEXT('2D SPACE',''
  ) );
#13996 = PCURVE('',#13641,#13997);
#13997 = DEFINITIONAL_REPRESENTATION('',(#13998),#14005);
#13998 = B_SPLINE_CURVE_WITH_KNOTS('',5,(#13999,#14000,#14001,#14002,
    #14003,#14004),.UNSPECIFIED.,.F.,.F.,(6,6),(0.,1.),
  .PIECEWISE_BEZIER_KNOTS.);
#13999 = CARTESIAN_POINT('',(32.49375,55.85791015625));
#14000 = CARTESIAN_POINT('',(32.579987979201,55.85791015625));
#14001 = CARTESIAN_POINT('',(32.656903542415,55.849336321728));
#14002 = CARTESIAN_POINT('',(32.723188512036,55.831446555356));
#14003 = CARTESIAN_POINT('',(32.777666325536,55.803720234086));
#14004 = CARTESIAN_POINT('',(32.81982421875,55.76630859375));
#14005 = ( GEOMETRIC_REPRESENTATION_CONTEXT(2) 
PARAMETRIC_REPRESENTATION_CONTEXT() REPRESENTATION_CONTEXT('2D SPACE',''
  ) );
#14006 = ORIENTED_EDGE('',*,*,#14007,.F.);
#14007 = EDGE_CURVE('',#13052,#13976,#14008,.T.);
#14008 = SURFACE_CURVE('',#14009,(#14013,#14020),.PCURVE_S1.);
#14009 = LINE('',#14010,#14011);
#14010 = CARTESIAN_POINT('',(32.49375,55.85791015625,7.65));
#14011 = VECTOR('',#14012,1.);
#14012 = DIRECTION('',(0.,0.,1.));
#14013 = PCURVE('',#13067,#14014);
#14014 = DEFINITIONAL_REPRESENTATION('',(#14015),#14019);
#14015 = LINE('',#14016,#14017);
#14016 = CARTESIAN_POINT('',(1.,0.));
#14017 = VECTOR('',#14018,1.);
#14018 = DIRECTION('',(0.,-1.));
#14019 = ( GEOMETRIC_REPRESENTATION_CONTEXT(2) 
PARAMETRIC_REPRESENTATION_CONTEXT() REPRESENTATION_CONTEXT('2D SPACE',''
  ) );
#14020 = PCURVE('',#13095,#14021);
#14021 = DEFINITIONAL_REPRESENTATION('',(#14022),#14026);
#14022 = LINE('',#14023,#14024);
#14023 = CARTESIAN_POINT('',(0.,-0.));
#14024 = VECTOR('',#14025,1.);
#14025 = DIRECTION('',(0.,-1.));
#14026 = ( GEOMETRIC_REPRESENTATION_CONTEXT(2) 
PARAMETRIC_REPRESENTATION_CONTEXT() REPRESENTATION_CONTEXT('2D SPACE',''
  ) );
#14027 = ADVANCED_FACE('',(#14028),#13095,.F.);
#14028 = FACE_BOUND('',#14029,.F.);
#14029 = EDGE_LOOP('',(#14030,#14031,#14032,#14051));
#14030 = ORIENTED_EDGE('',*,*,#13081,.F.);
#14031 = ORIENTED_EDGE('',*,*,#14007,.T.);
#14032 = ORIENTED_EDGE('',*,*,#14033,.F.);
#14033 = EDGE_CURVE('',#13604,#13976,#14034,.T.);
#14034 = SURFACE_CURVE('',#14035,(#14039,#14045),.PCURVE_S1.);
#14035 = LINE('',#14036,#14037);
#14036 = CARTESIAN_POINT('',(16.246875,55.85791015625,8.));
#14037 = VECTOR('',#14038,1.);
#14038 = DIRECTION('',(1.,0.,-0.));
#14039 = PCURVE('',#13095,#14040);
#14040 = DEFINITIONAL_REPRESENTATION('',(#14041),#14044);
#14041 = B_SPLINE_CURVE_WITH_KNOTS('',1,(#14042,#14043),.UNSPECIFIED.,
  .F.,.F.,(2,2),(15.6125,16.246875),.PIECEWISE_BEZIER_KNOTS.);
#14042 = CARTESIAN_POINT('',(0.634375,-0.35));
#14043 = CARTESIAN_POINT('',(0.,-0.35));
#14044 = ( GEOMETRIC_REPRESENTATION_CONTEXT(2) 
PARAMETRIC_REPRESENTATION_CONTEXT() REPRESENTATION_CONTEXT('2D SPACE',''
  ) );
#14045 = PCURVE('',#13641,#14046);
#14046 = DEFINITIONAL_REPRESENTATION('',(#14047),#14050);
#14047 = B_SPLINE_CURVE_WITH_KNOTS('',1,(#14048,#14049),.UNSPECIFIED.,
  .F.,.F.,(2,2),(15.6125,16.246875),.PIECEWISE_BEZIER_KNOTS.);
#14048 = CARTESIAN_POINT('',(31.859375,55.85791015625));
#14049 = CARTESIAN_POINT('',(32.49375,55.85791015625));
#14050 = ( GEOMETRIC_REPRESENTATION_CONTEXT(2) 
PARAMETRIC_REPRESENTATION_CONTEXT() REPRESENTATION_CONTEXT('2D SPACE',''
  ) );
#14051 = ORIENTED_EDGE('',*,*,#13603,.F.);
#14052 = ADVANCED_FACE('',(#14053),#13174,.T.);
#14053 = FACE_BOUND('',#14054,.T.);
#14054 = EDGE_LOOP('',(#14055,#14056,#14057,#14058,#14059,#14060,#14061,
    #14062));
#14055 = ORIENTED_EDGE('',*,*,#13159,.F.);
#14056 = ORIENTED_EDGE('',*,*,#13211,.F.);
#14057 = ORIENTED_EDGE('',*,*,#13258,.F.);
#14058 = ORIENTED_EDGE('',*,*,#13319,.F.);
#14059 = ORIENTED_EDGE('',*,*,#13389,.F.);
#14060 = ORIENTED_EDGE('',*,*,#13453,.F.);
#14061 = ORIENTED_EDGE('',*,*,#13517,.F.);
#14062 = ORIENTED_EDGE('',*,*,#13575,.F.);
#14063 = ADVANCED_FACE('',(#14064),#13641,.T.);
#14064 = FACE_BOUND('',#14065,.T.);
#14065 = EDGE_LOOP('',(#14066,#14067,#14068,#14069,#14070,#14071,#14072,
    #14073));
#14066 = ORIENTED_EDGE('',*,*,#13626,.F.);
#14067 = ORIENTED_EDGE('',*,*,#13678,.F.);
#14068 = ORIENTED_EDGE('',*,*,#13725,.F.);
#14069 = ORIENTED_EDGE('',*,*,#13783,.F.);
#14070 = ORIENTED_EDGE('',*,*,#13847,.F.);
#14071 = ORIENTED_EDGE('',*,*,#13911,.F.);
#14072 = ORIENTED_EDGE('',*,*,#13975,.F.);
#14073 = ORIENTED_EDGE('',*,*,#14033,.F.);
#14074 = ( GEOMETRIC_REPRESENTATION_CONTEXT(3) 
GLOBAL_UNCERTAINTY_ASSIGNED_CONTEXT((#14078)) 
GLOBAL_UNIT_ASSIGNED_CONTEXT((#14075,#14076,#14077)) 
REPRESENTATION_CONTEXT('Context #1',
  '3D Context with UNIT and UNCERTAINTY') );
#14075 = ( LENGTH_UNIT() NAMED_UNIT(*) SI_UNIT(.MILLI.,.METRE.) );
#14076 = ( NAMED_UNIT(*) PLANE_ANGLE_UNIT() SI_UNIT($,.RADIAN.) );
#14077 = ( NAMED_UNIT(*) SI_UNIT($,.STERADIAN.) SOLID_ANGLE_UNIT() );
#14078 = UNCERTAINTY_MEASURE_WITH_UNIT(LENGTH_MEASURE(1.E-06),#14075,
  'distance_accuracy_value','confusion accuracy');
#14079 = PRODUCT_RELATED_PRODUCT_CATEGORY('part',$,(#7));
ENDSEC;
END-ISO-10303-21;
