ISO-10303-21;
HEADER;
FILE_DESCRIPTION(('Open CASCADE Model'),'2;1');
FILE_NAME('Open CASCADE Shape Model','2026-08-30T19:38:29',('Author'),(
    'Open CASCADE'),'Open CASCADE STEP processor 7.7','Open CASCADE 7.7'
  ,'Unknown');
FILE_SCHEMA(('AUTOMOTIVE_DESIGN { 1 0 10303 214 1 1 1 1 }'));
ENDSEC;
DATA;
#1 = APPLICATION_PROTOCOL_DEFINITION('international standard',
  'automotive_design',2000,#2);
#2 = APPLICATION_CONTEXT(
  'core data for automotive mechanical design processes');
#3 = SHAPE_DEFINITION_REPRESENTATION(#4,#10);
#4 = PRODUCT_DEFINITION_SHAPE('','',#5);
#5 = PRODUCT_DEFINITION('design','',#6,#9);
#6 = PRODUCT_DEFINITION_FORMATION('','',#7);
#7 = PRODUCT('Open CASCADE STEP translator 7.7 26',
  'Open CASCADE STEP translator 7.7 26','',(#8));
#8 = PRODUCT_CONTEXT('',#2,'mechanical');
#9 = PRODUCT_DEFINITION_CONTEXT('part definition',#2,'design');
#10 = ADVANCED_BREP_SHAPE_REPRESENTATION('',(#11,#15),#8905);
#11 = AXIS2_PLACEMENT_3D('',#12,#13,#14);
#12 = CARTESIAN_POINT('',(0.,0.,0.));
#13 = DIRECTION('',(0.,0.,1.));
#14 = DIRECTION('',(1.,0.,-0.));
#15 = MANIFOLD_SOLID_BREP('',#16);
#16 = CLOSED_SHELL('',(#17,#137,#2966,#3016,#3070,#3435,#3462,#3489,
    #3516,#3543,#3550,#3626,#3676,#3726,#3753,#3830,#3879,#3926,#3980,
    #4085,#4134,#4183,#4233,#4287,#4314,#4390,#4440,#4490,#4517,#4593,
    #4642,#4691,#4718,#4794,#4843,#4892,#4941,#4990,#5039,#5088,#5137,
    #5186,#5235,#5284,#5311,#5387,#5436,#5485,#5534,#5583,#5632,#5681,
    #5730,#5779,#5828,#5877,#5926,#5975,#6024,#6073,#6122,#6171,#6220,
    #6269,#6318,#6367,#6394,#6470,#6519,#6568,#6617,#6666,#6715,#6764,
    #6813,#6862,#6911,#6960,#6987,#7063,#7112,#7161,#7210,#7259,#7308,
    #7357,#7406,#7455,#7504,#7531,#7600,#7650,#7700,#7725,#7794,#7844,
    #7891,#7919,#7932,#7945,#7949,#7962,#7969,#8280,#8305,#8320,#8334,
    #8408,#8455,#8513,#8571,#8629,#8687,#8748,#8806,#8867,#8892));
#17 = ADVANCED_FACE('',(#18),#32,.F.);
#18 = FACE_BOUND('',#19,.F.);
#19 = EDGE_LOOP('',(#20,#55,#83,#111));
#20 = ORIENTED_EDGE('',*,*,#21,.F.);
#21 = EDGE_CURVE('',#22,#24,#26,.T.);
#22 = VERTEX_POINT('',#23);
#23 = CARTESIAN_POINT('',(0.,4.,4.));
#24 = VERTEX_POINT('',#25);
#25 = CARTESIAN_POINT('',(0.,74.,4.));
#26 = SURFACE_CURVE('',#27,(#31,#43),.PCURVE_S1.);
#27 = LINE('',#28,#29);
#28 = CARTESIAN_POINT('',(0.,0.,4.));
#29 = VECTOR('',#30,1.);
#30 = DIRECTION('',(0.,1.,0.));
#31 = PCURVE('',#32,#37);
#32 = PLANE('',#33);
#33 = AXIS2_PLACEMENT_3D('',#34,#35,#36);
#34 = CARTESIAN_POINT('',(0.,0.,0.));
#35 = DIRECTION('',(1.,0.,0.));
#36 = DIRECTION('',(0.,0.,1.));
#37 = DEFINITIONAL_REPRESENTATION('',(#38),#42);
#38 = LINE('',#39,#40);
#39 = CARTESIAN_POINT('',(4.,0.));
#40 = VECTOR('',#41,1.);
#41 = DIRECTION('',(0.,-1.));
#42 = ( GEOMETRIC_REPRESENTATION_CONTEXT(2) 
PARAMETRIC_REPRESENTATION_CONTEXT() REPRESENTATION_CONTEXT('2D SPACE',''
  ) );
#43 = PCURVE('',#44,#49);
#44 = PLANE('',#45);
#45 = AXIS2_PLACEMENT_3D('',#46,#47,#48);
#46 = CARTESIAN_POINT('',(0.,0.,4.));
#47 = DIRECTION('',(0.,0.,1.));
#48 = DIRECTION('',(1.,0.,0.));
#49 = DEFINITIONAL_REPRESENTATION('',(#50),#54);
#50 = LINE('',#51,#52);
#51 = CARTESIAN_POINT('',(0.,0.));
#52 = VECTOR('',#53,1.);
#53 = DIRECTION('',(0.,1.));
#54 = ( GEOMETRIC_REPRESENTATION_CONTEXT(2) 
PARAMETRIC_REPRESENTATION_CONTEXT() REPRESENTATION_CONTEXT('2D SPACE',''
  ) );
#55 = ORIENTED_EDGE('',*,*,#56,.F.);
#56 = EDGE_CURVE('',#57,#22,#59,.T.);
#57 = VERTEX_POINT('',#58);
#58 = CARTESIAN_POINT('',(0.,4.,0.));
#59 = SURFACE_CURVE('',#60,(#64,#71),.PCURVE_S1.);
#60 = LINE('',#61,#62);
#61 = CARTESIAN_POINT('',(0.,4.,0.));
#62 = VECTOR('',#63,1.);
#63 = DIRECTION('',(0.,0.,1.));
#64 = PCURVE('',#32,#65);
#65 = DEFINITIONAL_REPRESENTATION('',(#66),#70);
#66 = LINE('',#67,#68);
#67 = CARTESIAN_POINT('',(0.,-4.));
#68 = VECTOR('',#69,1.);
#69 = DIRECTION('',(1.,0.));
#70 = ( GEOMETRIC_REPRESENTATION_CONTEXT(2) 
PARAMETRIC_REPRESENTATION_CONTEXT() REPRESENTATION_CONTEXT('2D SPACE',''
  ) );
#71 = PCURVE('',#72,#77);
#72 = CYLINDRICAL_SURFACE('',#73,4.);
#73 = AXIS2_PLACEMENT_3D('',#74,#75,#76);
#74 = CARTESIAN_POINT('',(4.,4.,0.));
#75 = DIRECTION('',(0.,0.,1.));
#76 = DIRECTION('',(-1.,-0.,0.));
#77 = DEFINITIONAL_REPRESENTATION('',(#78),#82);
#78 = LINE('',#79,#80);
#79 = CARTESIAN_POINT('',(0.,0.));
#80 = VECTOR('',#81,1.);
#81 = DIRECTION('',(0.,1.));
#82 = ( GEOMETRIC_REPRESENTATION_CONTEXT(2) 
PARAMETRIC_REPRESENTATION_CONTEXT() REPRESENTATION_CONTEXT('2D SPACE',''
  ) );
#83 = ORIENTED_EDGE('',*,*,#84,.T.);
#84 = EDGE_CURVE('',#57,#85,#87,.T.);
#85 = VERTEX_POINT('',#86);
#86 = CARTESIAN_POINT('',(0.,74.,0.));
#87 = SURFACE_CURVE('',#88,(#92,#99),.PCURVE_S1.);
#88 = LINE('',#89,#90);
#89 = CARTESIAN_POINT('',(0.,0.,0.));
#90 = VECTOR('',#91,1.);
#91 = DIRECTION('',(0.,1.,0.));
#92 = PCURVE('',#32,#93);
#93 = DEFINITIONAL_REPRESENTATION('',(#94),#98);
#94 = LINE('',#95,#96);
#95 = CARTESIAN_POINT('',(0.,0.));
#96 = VECTOR('',#97,1.);
#97 = DIRECTION('',(0.,-1.));
#98 = ( GEOMETRIC_REPRESENTATION_CONTEXT(2) 
PARAMETRIC_REPRESENTATION_CONTEXT() REPRESENTATION_CONTEXT('2D SPACE',''
  ) );
#99 = PCURVE('',#100,#105);
#100 = PLANE('',#101);
#101 = AXIS2_PLACEMENT_3D('',#102,#103,#104);
#102 = CARTESIAN_POINT('',(0.,0.,0.));
#103 = DIRECTION('',(0.,0.,1.));
#104 = DIRECTION('',(1.,0.,0.));
#105 = DEFINITIONAL_REPRESENTATION('',(#106),#110);
#106 = LINE('',#107,#108);
#107 = CARTESIAN_POINT('',(0.,0.));
#108 = VECTOR('',#109,1.);
#109 = DIRECTION('',(0.,1.));
#110 = ( GEOMETRIC_REPRESENTATION_CONTEXT(2) 
PARAMETRIC_REPRESENTATION_CONTEXT() REPRESENTATION_CONTEXT('2D SPACE',''
  ) );
#111 = ORIENTED_EDGE('',*,*,#112,.T.);
#112 = EDGE_CURVE('',#85,#24,#113,.T.);
#113 = SURFACE_CURVE('',#114,(#118,#125),.PCURVE_S1.);
#114 = LINE('',#115,#116);
#115 = CARTESIAN_POINT('',(0.,74.,0.));
#116 = VECTOR('',#117,1.);
#117 = DIRECTION('',(0.,0.,1.));
#118 = PCURVE('',#32,#119);
#119 = DEFINITIONAL_REPRESENTATION('',(#120),#124);
#120 = LINE('',#121,#122);
#121 = CARTESIAN_POINT('',(0.,-74.));
#122 = VECTOR('',#123,1.);
#123 = DIRECTION('',(1.,0.));
#124 = ( GEOMETRIC_REPRESENTATION_CONTEXT(2) 
PARAMETRIC_REPRESENTATION_CONTEXT() REPRESENTATION_CONTEXT('2D SPACE',''
  ) );
#125 = PCURVE('',#126,#131);
#126 = CYLINDRICAL_SURFACE('',#127,4.);
#127 = AXIS2_PLACEMENT_3D('',#128,#129,#130);
#128 = CARTESIAN_POINT('',(4.,74.,0.));
#129 = DIRECTION('',(0.,0.,1.));
#130 = DIRECTION('',(-1.,-0.,0.));
#131 = DEFINITIONAL_REPRESENTATION('',(#132),#136);
#132 = LINE('',#133,#134);
#133 = CARTESIAN_POINT('',(-0.,0.));
#134 = VECTOR('',#135,1.);
#135 = DIRECTION('',(-0.,1.));
#136 = ( GEOMETRIC_REPRESENTATION_CONTEXT(2) 
PARAMETRIC_REPRESENTATION_CONTEXT() REPRESENTATION_CONTEXT('2D SPACE',''
  ) );
#137 = ADVANCED_FACE('',(#138,#337,#457,#756,#876,#982,#1422,#2341,#2655
    ),#44,.T.);
#138 = FACE_BOUND('',#139,.T.);
#139 = EDGE_LOOP('',(#140,#141,#165,#193,#226,#254,#283,#311));
#140 = ORIENTED_EDGE('',*,*,#21,.F.);
#141 = ORIENTED_EDGE('',*,*,#142,.T.);
#142 = EDGE_CURVE('',#22,#143,#145,.T.);
#143 = VERTEX_POINT('',#144);
#144 = CARTESIAN_POINT('',(4.,0.,4.));
#145 = SURFACE_CURVE('',#146,(#151,#158),.PCURVE_S1.);
#146 = CIRCLE('',#147,4.);
#147 = AXIS2_PLACEMENT_3D('',#148,#149,#150);
#148 = CARTESIAN_POINT('',(4.,4.,4.));
#149 = DIRECTION('',(0.,0.,1.));
#150 = DIRECTION('',(0.,-1.,0.));
#151 = PCURVE('',#44,#152);
#152 = DEFINITIONAL_REPRESENTATION('',(#153),#157);
#153 = CIRCLE('',#154,4.);
#154 = AXIS2_PLACEMENT_2D('',#155,#156);
#155 = CARTESIAN_POINT('',(4.,4.));
#156 = DIRECTION('',(0.,-1.));
#157 = ( GEOMETRIC_REPRESENTATION_CONTEXT(2) 
PARAMETRIC_REPRESENTATION_CONTEXT() REPRESENTATION_CONTEXT('2D SPACE',''
  ) );
#158 = PCURVE('',#72,#159);
#159 = DEFINITIONAL_REPRESENTATION('',(#160),#164);
#160 = LINE('',#161,#162);
#161 = CARTESIAN_POINT('',(-4.712388980385,4.));
#162 = VECTOR('',#163,1.);
#163 = DIRECTION('',(1.,0.));
#164 = ( GEOMETRIC_REPRESENTATION_CONTEXT(2) 
PARAMETRIC_REPRESENTATION_CONTEXT() REPRESENTATION_CONTEXT('2D SPACE',''
  ) );
#165 = ORIENTED_EDGE('',*,*,#166,.T.);
#166 = EDGE_CURVE('',#143,#167,#169,.T.);
#167 = VERTEX_POINT('',#168);
#168 = CARTESIAN_POINT('',(74.,0.,4.));
#169 = SURFACE_CURVE('',#170,(#174,#181),.PCURVE_S1.);
#170 = LINE('',#171,#172);
#171 = CARTESIAN_POINT('',(0.,0.,4.));
#172 = VECTOR('',#173,1.);
#173 = DIRECTION('',(1.,0.,0.));
#174 = PCURVE('',#44,#175);
#175 = DEFINITIONAL_REPRESENTATION('',(#176),#180);
#176 = LINE('',#177,#178);
#177 = CARTESIAN_POINT('',(0.,0.));
#178 = VECTOR('',#179,1.);
#179 = DIRECTION('',(1.,0.));
#180 = ( GEOMETRIC_REPRESENTATION_CONTEXT(2) 
PARAMETRIC_REPRESENTATION_CONTEXT() REPRESENTATION_CONTEXT('2D SPACE',''
  ) );
#181 = PCURVE('',#182,#187);
#182 = PLANE('',#183);
#183 = AXIS2_PLACEMENT_3D('',#184,#185,#186);
#184 = CARTESIAN_POINT('',(0.,0.,0.));
#185 = DIRECTION('',(0.,1.,0.));
#186 = DIRECTION('',(0.,0.,1.));
#187 = DEFINITIONAL_REPRESENTATION('',(#188),#192);
#188 = LINE('',#189,#190);
#189 = CARTESIAN_POINT('',(4.,0.));
#190 = VECTOR('',#191,1.);
#191 = DIRECTION('',(0.,1.));
#192 = ( GEOMETRIC_REPRESENTATION_CONTEXT(2) 
PARAMETRIC_REPRESENTATION_CONTEXT() REPRESENTATION_CONTEXT('2D SPACE',''
  ) );
#193 = ORIENTED_EDGE('',*,*,#194,.F.);
#194 = EDGE_CURVE('',#195,#167,#197,.T.);
#195 = VERTEX_POINT('',#196);
#196 = CARTESIAN_POINT('',(78.,4.,4.));
#197 = SURFACE_CURVE('',#198,(#203,#214),.PCURVE_S1.);
#198 = CIRCLE('',#199,4.);
#199 = AXIS2_PLACEMENT_3D('',#200,#201,#202);
#200 = CARTESIAN_POINT('',(74.,4.,4.));
#201 = DIRECTION('',(-0.,-0.,-1.));
#202 = DIRECTION('',(0.,-1.,0.));
#203 = PCURVE('',#44,#204);
#204 = DEFINITIONAL_REPRESENTATION('',(#205),#213);
#205 = ( BOUNDED_CURVE() B_SPLINE_CURVE(2,(#206,#207,#208,#209,#210,#211
,#212),.UNSPECIFIED.,.T.,.F.) B_SPLINE_CURVE_WITH_KNOTS((1,2,2,2,2,1),(
    -2.094395102393,0.,2.094395102393,4.188790204786,6.28318530718,
8.377580409573),.UNSPECIFIED.) CURVE() GEOMETRIC_REPRESENTATION_ITEM() 
RATIONAL_B_SPLINE_CURVE((1.,0.5,1.,0.5,1.,0.5,1.)) REPRESENTATION_ITEM(
  '') );
#206 = CARTESIAN_POINT('',(74.,0.));
#207 = CARTESIAN_POINT('',(67.071796769725,0.));
#208 = CARTESIAN_POINT('',(70.535898384862,6.));
#209 = CARTESIAN_POINT('',(74.,12.));
#210 = CARTESIAN_POINT('',(77.464101615138,6.));
#211 = CARTESIAN_POINT('',(80.928203230276,6.217248937901E-15));
#212 = CARTESIAN_POINT('',(74.,0.));
#213 = ( GEOMETRIC_REPRESENTATION_CONTEXT(2) 
PARAMETRIC_REPRESENTATION_CONTEXT() REPRESENTATION_CONTEXT('2D SPACE',''
  ) );
#214 = PCURVE('',#215,#220);
#215 = CYLINDRICAL_SURFACE('',#216,4.);
#216 = AXIS2_PLACEMENT_3D('',#217,#218,#219);
#217 = CARTESIAN_POINT('',(74.,4.,0.));
#218 = DIRECTION('',(0.,0.,1.));
#219 = DIRECTION('',(1.,0.,-0.));
#220 = DEFINITIONAL_REPRESENTATION('',(#221),#225);
#221 = LINE('',#222,#223);
#222 = CARTESIAN_POINT('',(4.712388980385,4.));
#223 = VECTOR('',#224,1.);
#224 = DIRECTION('',(-1.,0.));
#225 = ( GEOMETRIC_REPRESENTATION_CONTEXT(2) 
PARAMETRIC_REPRESENTATION_CONTEXT() REPRESENTATION_CONTEXT('2D SPACE',''
  ) );
#226 = ORIENTED_EDGE('',*,*,#227,.T.);
#227 = EDGE_CURVE('',#195,#228,#230,.T.);
#228 = VERTEX_POINT('',#229);
#229 = CARTESIAN_POINT('',(78.,74.,4.));
#230 = SURFACE_CURVE('',#231,(#235,#242),.PCURVE_S1.);
#231 = LINE('',#232,#233);
#232 = CARTESIAN_POINT('',(78.,0.,4.));
#233 = VECTOR('',#234,1.);
#234 = DIRECTION('',(0.,1.,0.));
#235 = PCURVE('',#44,#236);
#236 = DEFINITIONAL_REPRESENTATION('',(#237),#241);
#237 = LINE('',#238,#239);
#238 = CARTESIAN_POINT('',(78.,0.));
#239 = VECTOR('',#240,1.);
#240 = DIRECTION('',(0.,1.));
#241 = ( GEOMETRIC_REPRESENTATION_CONTEXT(2) 
PARAMETRIC_REPRESENTATION_CONTEXT() REPRESENTATION_CONTEXT('2D SPACE',''
  ) );
#242 = PCURVE('',#243,#248);
#243 = PLANE('',#244);
#244 = AXIS2_PLACEMENT_3D('',#245,#246,#247);
#245 = CARTESIAN_POINT('',(78.,0.,0.));
#246 = DIRECTION('',(1.,0.,0.));
#247 = DIRECTION('',(0.,0.,1.));
#248 = DEFINITIONAL_REPRESENTATION('',(#249),#253);
#249 = LINE('',#250,#251);
#250 = CARTESIAN_POINT('',(4.,0.));
#251 = VECTOR('',#252,1.);
#252 = DIRECTION('',(0.,-1.));
#253 = ( GEOMETRIC_REPRESENTATION_CONTEXT(2) 
PARAMETRIC_REPRESENTATION_CONTEXT() REPRESENTATION_CONTEXT('2D SPACE',''
  ) );
#254 = ORIENTED_EDGE('',*,*,#255,.T.);
#255 = EDGE_CURVE('',#228,#256,#258,.T.);
#256 = VERTEX_POINT('',#257);
#257 = CARTESIAN_POINT('',(74.,78.,4.));
#258 = SURFACE_CURVE('',#259,(#264,#271),.PCURVE_S1.);
#259 = CIRCLE('',#260,4.);
#260 = AXIS2_PLACEMENT_3D('',#261,#262,#263);
#261 = CARTESIAN_POINT('',(74.,74.,4.));
#262 = DIRECTION('',(0.,0.,1.));
#263 = DIRECTION('',(0.,-1.,0.));
#264 = PCURVE('',#44,#265);
#265 = DEFINITIONAL_REPRESENTATION('',(#266),#270);
#266 = CIRCLE('',#267,4.);
#267 = AXIS2_PLACEMENT_2D('',#268,#269);
#268 = CARTESIAN_POINT('',(74.,74.));
#269 = DIRECTION('',(0.,-1.));
#270 = ( GEOMETRIC_REPRESENTATION_CONTEXT(2) 
PARAMETRIC_REPRESENTATION_CONTEXT() REPRESENTATION_CONTEXT('2D SPACE',''
  ) );
#271 = PCURVE('',#272,#277);
#272 = CYLINDRICAL_SURFACE('',#273,4.);
#273 = AXIS2_PLACEMENT_3D('',#274,#275,#276);
#274 = CARTESIAN_POINT('',(74.,74.,0.));
#275 = DIRECTION('',(0.,0.,1.));
#276 = DIRECTION('',(1.,0.,-0.));
#277 = DEFINITIONAL_REPRESENTATION('',(#278),#282);
#278 = LINE('',#279,#280);
#279 = CARTESIAN_POINT('',(-1.570796326795,4.));
#280 = VECTOR('',#281,1.);
#281 = DIRECTION('',(1.,0.));
#282 = ( GEOMETRIC_REPRESENTATION_CONTEXT(2) 
PARAMETRIC_REPRESENTATION_CONTEXT() REPRESENTATION_CONTEXT('2D SPACE',''
  ) );
#283 = ORIENTED_EDGE('',*,*,#284,.F.);
#284 = EDGE_CURVE('',#285,#256,#287,.T.);
#285 = VERTEX_POINT('',#286);
#286 = CARTESIAN_POINT('',(4.,78.,4.));
#287 = SURFACE_CURVE('',#288,(#292,#299),.PCURVE_S1.);
#288 = LINE('',#289,#290);
#289 = CARTESIAN_POINT('',(0.,78.,4.));
#290 = VECTOR('',#291,1.);
#291 = DIRECTION('',(1.,0.,0.));
#292 = PCURVE('',#44,#293);
#293 = DEFINITIONAL_REPRESENTATION('',(#294),#298);
#294 = LINE('',#295,#296);
#295 = CARTESIAN_POINT('',(0.,78.));
#296 = VECTOR('',#297,1.);
#297 = DIRECTION('',(1.,0.));
#298 = ( GEOMETRIC_REPRESENTATION_CONTEXT(2) 
PARAMETRIC_REPRESENTATION_CONTEXT() REPRESENTATION_CONTEXT('2D SPACE',''
  ) );
#299 = PCURVE('',#300,#305);
#300 = PLANE('',#301);
#301 = AXIS2_PLACEMENT_3D('',#302,#303,#304);
#302 = CARTESIAN_POINT('',(0.,78.,0.));
#303 = DIRECTION('',(0.,1.,0.));
#304 = DIRECTION('',(0.,0.,1.));
#305 = DEFINITIONAL_REPRESENTATION('',(#306),#310);
#306 = LINE('',#307,#308);
#307 = CARTESIAN_POINT('',(4.,0.));
#308 = VECTOR('',#309,1.);
#309 = DIRECTION('',(0.,1.));
#310 = ( GEOMETRIC_REPRESENTATION_CONTEXT(2) 
PARAMETRIC_REPRESENTATION_CONTEXT() REPRESENTATION_CONTEXT('2D SPACE',''
  ) );
#311 = ORIENTED_EDGE('',*,*,#312,.F.);
#312 = EDGE_CURVE('',#24,#285,#313,.T.);
#313 = SURFACE_CURVE('',#314,(#319,#330),.PCURVE_S1.);
#314 = CIRCLE('',#315,4.);
#315 = AXIS2_PLACEMENT_3D('',#316,#317,#318);
#316 = CARTESIAN_POINT('',(4.,74.,4.));
#317 = DIRECTION('',(-0.,-0.,-1.));
#318 = DIRECTION('',(0.,-1.,0.));
#319 = PCURVE('',#44,#320);
#320 = DEFINITIONAL_REPRESENTATION('',(#321),#329);
#321 = ( BOUNDED_CURVE() B_SPLINE_CURVE(2,(#322,#323,#324,#325,#326,#327
,#328),.UNSPECIFIED.,.T.,.F.) B_SPLINE_CURVE_WITH_KNOTS((1,2,2,2,2,1),(
    -2.094395102393,0.,2.094395102393,4.188790204786,6.28318530718,
8.377580409573),.UNSPECIFIED.) CURVE() GEOMETRIC_REPRESENTATION_ITEM() 
RATIONAL_B_SPLINE_CURVE((1.,0.5,1.,0.5,1.,0.5,1.)) REPRESENTATION_ITEM(
  '') );
#322 = CARTESIAN_POINT('',(4.,70.));
#323 = CARTESIAN_POINT('',(-2.928203230276,70.));
#324 = CARTESIAN_POINT('',(0.535898384862,76.));
#325 = CARTESIAN_POINT('',(4.,82.));
#326 = CARTESIAN_POINT('',(7.464101615138,76.));
#327 = CARTESIAN_POINT('',(10.928203230276,70.));
#328 = CARTESIAN_POINT('',(4.,70.));
#329 = ( GEOMETRIC_REPRESENTATION_CONTEXT(2) 
PARAMETRIC_REPRESENTATION_CONTEXT() REPRESENTATION_CONTEXT('2D SPACE',''
  ) );
#330 = PCURVE('',#126,#331);
#331 = DEFINITIONAL_REPRESENTATION('',(#332),#336);
#332 = LINE('',#333,#334);
#333 = CARTESIAN_POINT('',(1.570796326795,4.));
#334 = VECTOR('',#335,1.);
#335 = DIRECTION('',(-1.,0.));
#336 = ( GEOMETRIC_REPRESENTATION_CONTEXT(2) 
PARAMETRIC_REPRESENTATION_CONTEXT() REPRESENTATION_CONTEXT('2D SPACE',''
  ) );
#337 = FACE_BOUND('',#338,.T.);
#338 = EDGE_LOOP('',(#339,#367,#400,#426));
#339 = ORIENTED_EDGE('',*,*,#340,.F.);
#340 = EDGE_CURVE('',#341,#343,#345,.T.);
#341 = VERTEX_POINT('',#342);
#342 = CARTESIAN_POINT('',(1.4,43.7,4.));
#343 = VERTEX_POINT('',#344);
#344 = CARTESIAN_POINT('',(1.4,34.3,4.));
#345 = SURFACE_CURVE('',#346,(#350,#356),.PCURVE_S1.);
#346 = LINE('',#347,#348);
#347 = CARTESIAN_POINT('',(1.4,17.15,4.));
#348 = VECTOR('',#349,1.);
#349 = DIRECTION('',(-1.110223024625E-16,-1.,0.));
#350 = PCURVE('',#44,#351);
#351 = DEFINITIONAL_REPRESENTATION('',(#352),#355);
#352 = B_SPLINE_CURVE_WITH_KNOTS('',1,(#353,#354),.UNSPECIFIED.,.F.,.F.,
  (2,2),(-26.55,-17.15),.PIECEWISE_BEZIER_KNOTS.);
#353 = CARTESIAN_POINT('',(1.4,43.7));
#354 = CARTESIAN_POINT('',(1.4,34.3));
#355 = ( GEOMETRIC_REPRESENTATION_CONTEXT(2) 
PARAMETRIC_REPRESENTATION_CONTEXT() REPRESENTATION_CONTEXT('2D SPACE',''
  ) );
#356 = PCURVE('',#357,#362);
#357 = PLANE('',#358);
#358 = AXIS2_PLACEMENT_3D('',#359,#360,#361);
#359 = CARTESIAN_POINT('',(1.4,34.3,3.5));
#360 = DIRECTION('',(-1.,1.110223024625E-16,0.));
#361 = DIRECTION('',(1.110223024625E-16,1.,0.));
#362 = DEFINITIONAL_REPRESENTATION('',(#363),#366);
#363 = B_SPLINE_CURVE_WITH_KNOTS('',1,(#364,#365),.UNSPECIFIED.,.F.,.F.,
  (2,2),(-26.55,-17.15),.PIECEWISE_BEZIER_KNOTS.);
#364 = CARTESIAN_POINT('',(9.4,-0.5));
#365 = CARTESIAN_POINT('',(0.,-0.5));
#366 = ( GEOMETRIC_REPRESENTATION_CONTEXT(2) 
PARAMETRIC_REPRESENTATION_CONTEXT() REPRESENTATION_CONTEXT('2D SPACE',''
  ) );
#367 = ORIENTED_EDGE('',*,*,#368,.T.);
#368 = EDGE_CURVE('',#341,#369,#371,.T.);
#369 = VERTEX_POINT('',#370);
#370 = CARTESIAN_POINT('',(10.6,43.7,4.));
#371 = SURFACE_CURVE('',#372,(#377,#388),.PCURVE_S1.);
#372 = CIRCLE('',#373,4.6);
#373 = AXIS2_PLACEMENT_3D('',#374,#375,#376);
#374 = CARTESIAN_POINT('',(6.,43.7,4.));
#375 = DIRECTION('',(0.,0.,-1.));
#376 = DIRECTION('',(-1.,1.110223024625E-16,0.));
#377 = PCURVE('',#44,#378);
#378 = DEFINITIONAL_REPRESENTATION('',(#379),#387);
#379 = ( BOUNDED_CURVE() B_SPLINE_CURVE(2,(#380,#381,#382,#383,#384,#385
,#386),.UNSPECIFIED.,.T.,.F.) B_SPLINE_CURVE_WITH_KNOTS((1,2,2,2,2,1),(
    -2.094395102393,0.,2.094395102393,4.188790204786,6.28318530718,
8.377580409573),.UNSPECIFIED.) CURVE() GEOMETRIC_REPRESENTATION_ITEM() 
RATIONAL_B_SPLINE_CURVE((1.,0.5,1.,0.5,1.,0.5,1.)) REPRESENTATION_ITEM(
  '') );
#380 = CARTESIAN_POINT('',(1.4,43.7));
#381 = CARTESIAN_POINT('',(1.4,51.667433714817));
#382 = CARTESIAN_POINT('',(8.3,47.683716857408));
#383 = CARTESIAN_POINT('',(15.2,43.7));
#384 = CARTESIAN_POINT('',(8.3,39.716283142592));
#385 = CARTESIAN_POINT('',(1.4,35.732566285183));
#386 = CARTESIAN_POINT('',(1.4,43.7));
#387 = ( GEOMETRIC_REPRESENTATION_CONTEXT(2) 
PARAMETRIC_REPRESENTATION_CONTEXT() REPRESENTATION_CONTEXT('2D SPACE',''
  ) );
#388 = PCURVE('',#389,#394);
#389 = CYLINDRICAL_SURFACE('',#390,4.6);
#390 = AXIS2_PLACEMENT_3D('',#391,#392,#393);
#391 = CARTESIAN_POINT('',(6.,43.7,3.5));
#392 = DIRECTION('',(0.,0.,-1.));
#393 = DIRECTION('',(-1.,1.110223024625E-16,0.));
#394 = DEFINITIONAL_REPRESENTATION('',(#395),#399);
#395 = LINE('',#396,#397);
#396 = CARTESIAN_POINT('',(0.,-0.5));
#397 = VECTOR('',#398,1.);
#398 = DIRECTION('',(1.,0.));
#399 = ( GEOMETRIC_REPRESENTATION_CONTEXT(2) 
PARAMETRIC_REPRESENTATION_CONTEXT() REPRESENTATION_CONTEXT('2D SPACE',''
  ) );
#400 = ORIENTED_EDGE('',*,*,#401,.F.);
#401 = EDGE_CURVE('',#402,#369,#404,.T.);
#402 = VERTEX_POINT('',#403);
#403 = CARTESIAN_POINT('',(10.6,34.3,4.));
#404 = SURFACE_CURVE('',#405,(#409,#415),.PCURVE_S1.);
#405 = LINE('',#406,#407);
#406 = CARTESIAN_POINT('',(10.6,21.85,4.));
#407 = VECTOR('',#408,1.);
#408 = DIRECTION('',(1.110223024625E-16,1.,-0.));
#409 = PCURVE('',#44,#410);
#410 = DEFINITIONAL_REPRESENTATION('',(#411),#414);
#411 = B_SPLINE_CURVE_WITH_KNOTS('',1,(#412,#413),.UNSPECIFIED.,.F.,.F.,
  (2,2),(12.45,21.85),.PIECEWISE_BEZIER_KNOTS.);
#412 = CARTESIAN_POINT('',(10.6,34.3));
#413 = CARTESIAN_POINT('',(10.6,43.7));
#414 = ( GEOMETRIC_REPRESENTATION_CONTEXT(2) 
PARAMETRIC_REPRESENTATION_CONTEXT() REPRESENTATION_CONTEXT('2D SPACE',''
  ) );
#415 = PCURVE('',#416,#421);
#416 = PLANE('',#417);
#417 = AXIS2_PLACEMENT_3D('',#418,#419,#420);
#418 = CARTESIAN_POINT('',(10.6,43.7,3.5));
#419 = DIRECTION('',(1.,-1.110223024625E-16,0.));
#420 = DIRECTION('',(-1.110223024625E-16,-1.,0.));
#421 = DEFINITIONAL_REPRESENTATION('',(#422),#425);
#422 = B_SPLINE_CURVE_WITH_KNOTS('',1,(#423,#424),.UNSPECIFIED.,.F.,.F.,
  (2,2),(12.45,21.85),.PIECEWISE_BEZIER_KNOTS.);
#423 = CARTESIAN_POINT('',(9.4,-0.5));
#424 = CARTESIAN_POINT('',(0.,-0.5));
#425 = ( GEOMETRIC_REPRESENTATION_CONTEXT(2) 
PARAMETRIC_REPRESENTATION_CONTEXT() REPRESENTATION_CONTEXT('2D SPACE',''
  ) );
#426 = ORIENTED_EDGE('',*,*,#427,.T.);
#427 = EDGE_CURVE('',#402,#343,#428,.T.);
#428 = SURFACE_CURVE('',#429,(#434,#445),.PCURVE_S1.);
#429 = CIRCLE('',#430,4.6);
#430 = AXIS2_PLACEMENT_3D('',#431,#432,#433);
#431 = CARTESIAN_POINT('',(6.,34.3,4.));
#432 = DIRECTION('',(0.,-0.,-1.));
#433 = DIRECTION('',(1.,-1.110223024625E-16,0.));
#434 = PCURVE('',#44,#435);
#435 = DEFINITIONAL_REPRESENTATION('',(#436),#444);
#436 = ( BOUNDED_CURVE() B_SPLINE_CURVE(2,(#437,#438,#439,#440,#441,#442
,#443),.UNSPECIFIED.,.T.,.F.) B_SPLINE_CURVE_WITH_KNOTS((1,2,2,2,2,1),(
    -2.094395102393,0.,2.094395102393,4.188790204786,6.28318530718,
8.377580409573),.UNSPECIFIED.) CURVE() GEOMETRIC_REPRESENTATION_ITEM() 
RATIONAL_B_SPLINE_CURVE((1.,0.5,1.,0.5,1.,0.5,1.)) REPRESENTATION_ITEM(
  '') );
#437 = CARTESIAN_POINT('',(10.6,34.3));
#438 = CARTESIAN_POINT('',(10.6,26.332566285183));
#439 = CARTESIAN_POINT('',(3.7,30.316283142592));
#440 = CARTESIAN_POINT('',(-3.2,34.3));
#441 = CARTESIAN_POINT('',(3.7,38.283716857408));
#442 = CARTESIAN_POINT('',(10.6,42.267433714817));
#443 = CARTESIAN_POINT('',(10.6,34.3));
#444 = ( GEOMETRIC_REPRESENTATION_CONTEXT(2) 
PARAMETRIC_REPRESENTATION_CONTEXT() REPRESENTATION_CONTEXT('2D SPACE',''
  ) );
#445 = PCURVE('',#446,#451);
#446 = CYLINDRICAL_SURFACE('',#447,4.6);
#447 = AXIS2_PLACEMENT_3D('',#448,#449,#450);
#448 = CARTESIAN_POINT('',(6.,34.3,3.5));
#449 = DIRECTION('',(0.,-0.,-1.));
#450 = DIRECTION('',(1.,-1.110223024625E-16,0.));
#451 = DEFINITIONAL_REPRESENTATION('',(#452),#456);
#452 = LINE('',#453,#454);
#453 = CARTESIAN_POINT('',(0.,-0.5));
#454 = VECTOR('',#455,1.);
#455 = DIRECTION('',(1.,0.));
#456 = ( GEOMETRIC_REPRESENTATION_CONTEXT(2) 
PARAMETRIC_REPRESENTATION_CONTEXT() REPRESENTATION_CONTEXT('2D SPACE',''
  ) );
#457 = FACE_BOUND('',#458,.T.);
#458 = EDGE_LOOP('',(#459,#490,#518,#551,#579,#608,#636,#669,#697,#730)
  );
#459 = ORIENTED_EDGE('',*,*,#460,.F.);
#460 = EDGE_CURVE('',#461,#463,#465,.T.);
#461 = VERTEX_POINT('',#462);
#462 = CARTESIAN_POINT('',(11.3,12.8,4.));
#463 = VERTEX_POINT('',#464);
#464 = CARTESIAN_POINT('',(12.8,11.3,4.));
#465 = SURFACE_CURVE('',#466,(#471,#478),.PCURVE_S1.);
#466 = CIRCLE('',#467,1.5);
#467 = AXIS2_PLACEMENT_3D('',#468,#469,#470);
#468 = CARTESIAN_POINT('',(12.8,12.8,4.));
#469 = DIRECTION('',(0.,0.,1.));
#470 = DIRECTION('',(0.,-1.,0.));
#471 = PCURVE('',#44,#472);
#472 = DEFINITIONAL_REPRESENTATION('',(#473),#477);
#473 = CIRCLE('',#474,1.5);
#474 = AXIS2_PLACEMENT_2D('',#475,#476);
#475 = CARTESIAN_POINT('',(12.8,12.8));
#476 = DIRECTION('',(0.,-1.));
#477 = ( GEOMETRIC_REPRESENTATION_CONTEXT(2) 
PARAMETRIC_REPRESENTATION_CONTEXT() REPRESENTATION_CONTEXT('2D SPACE',''
  ) );
#478 = PCURVE('',#479,#484);
#479 = CYLINDRICAL_SURFACE('',#480,1.5);
#480 = AXIS2_PLACEMENT_3D('',#481,#482,#483);
#481 = CARTESIAN_POINT('',(12.8,12.8,3.6));
#482 = DIRECTION('',(0.,0.,1.));
#483 = DIRECTION('',(-1.,-0.,0.));
#484 = DEFINITIONAL_REPRESENTATION('',(#485),#489);
#485 = LINE('',#486,#487);
#486 = CARTESIAN_POINT('',(-4.712388980385,0.4));
#487 = VECTOR('',#488,1.);
#488 = DIRECTION('',(1.,0.));
#489 = ( GEOMETRIC_REPRESENTATION_CONTEXT(2) 
PARAMETRIC_REPRESENTATION_CONTEXT() REPRESENTATION_CONTEXT('2D SPACE',''
  ) );
#490 = ORIENTED_EDGE('',*,*,#491,.T.);
#491 = EDGE_CURVE('',#461,#492,#494,.T.);
#492 = VERTEX_POINT('',#493);
#493 = CARTESIAN_POINT('',(11.3,65.2,4.));
#494 = SURFACE_CURVE('',#495,(#499,#506),.PCURVE_S1.);
#495 = LINE('',#496,#497);
#496 = CARTESIAN_POINT('',(11.3,11.3,4.));
#497 = VECTOR('',#498,1.);
#498 = DIRECTION('',(0.,1.,0.));
#499 = PCURVE('',#44,#500);
#500 = DEFINITIONAL_REPRESENTATION('',(#501),#505);
#501 = LINE('',#502,#503);
#502 = CARTESIAN_POINT('',(11.3,11.3));
#503 = VECTOR('',#504,1.);
#504 = DIRECTION('',(0.,1.));
#505 = ( GEOMETRIC_REPRESENTATION_CONTEXT(2) 
PARAMETRIC_REPRESENTATION_CONTEXT() REPRESENTATION_CONTEXT('2D SPACE',''
  ) );
#506 = PCURVE('',#507,#512);
#507 = PLANE('',#508);
#508 = AXIS2_PLACEMENT_3D('',#509,#510,#511);
#509 = CARTESIAN_POINT('',(11.3,11.3,3.6));
#510 = DIRECTION('',(1.,0.,0.));
#511 = DIRECTION('',(0.,0.,1.));
#512 = DEFINITIONAL_REPRESENTATION('',(#513),#517);
#513 = LINE('',#514,#515);
#514 = CARTESIAN_POINT('',(0.4,0.));
#515 = VECTOR('',#516,1.);
#516 = DIRECTION('',(0.,-1.));
#517 = ( GEOMETRIC_REPRESENTATION_CONTEXT(2) 
PARAMETRIC_REPRESENTATION_CONTEXT() REPRESENTATION_CONTEXT('2D SPACE',''
  ) );
#518 = ORIENTED_EDGE('',*,*,#519,.T.);
#519 = EDGE_CURVE('',#492,#520,#522,.T.);
#520 = VERTEX_POINT('',#521);
#521 = CARTESIAN_POINT('',(12.8,66.7,4.));
#522 = SURFACE_CURVE('',#523,(#528,#539),.PCURVE_S1.);
#523 = CIRCLE('',#524,1.5);
#524 = AXIS2_PLACEMENT_3D('',#525,#526,#527);
#525 = CARTESIAN_POINT('',(12.8,65.2,4.));
#526 = DIRECTION('',(-0.,-0.,-1.));
#527 = DIRECTION('',(0.,-1.,0.));
#528 = PCURVE('',#44,#529);
#529 = DEFINITIONAL_REPRESENTATION('',(#530),#538);
#530 = ( BOUNDED_CURVE() B_SPLINE_CURVE(2,(#531,#532,#533,#534,#535,#536
,#537),.UNSPECIFIED.,.T.,.F.) B_SPLINE_CURVE_WITH_KNOTS((1,2,2,2,2,1),(
    -2.094395102393,0.,2.094395102393,4.188790204786,6.28318530718,
8.377580409573),.UNSPECIFIED.) CURVE() GEOMETRIC_REPRESENTATION_ITEM() 
RATIONAL_B_SPLINE_CURVE((1.,0.5,1.,0.5,1.,0.5,1.)) REPRESENTATION_ITEM(
  '') );
#531 = CARTESIAN_POINT('',(12.8,63.7));
#532 = CARTESIAN_POINT('',(10.201923788647,63.7));
#533 = CARTESIAN_POINT('',(11.500961894323,65.95));
#534 = CARTESIAN_POINT('',(12.8,68.2));
#535 = CARTESIAN_POINT('',(14.099038105677,65.95));
#536 = CARTESIAN_POINT('',(15.398076211353,63.7));
#537 = CARTESIAN_POINT('',(12.8,63.7));
#538 = ( GEOMETRIC_REPRESENTATION_CONTEXT(2) 
PARAMETRIC_REPRESENTATION_CONTEXT() REPRESENTATION_CONTEXT('2D SPACE',''
  ) );
#539 = PCURVE('',#540,#545);
#540 = CYLINDRICAL_SURFACE('',#541,1.5);
#541 = AXIS2_PLACEMENT_3D('',#542,#543,#544);
#542 = CARTESIAN_POINT('',(12.8,65.2,3.6));
#543 = DIRECTION('',(0.,0.,1.));
#544 = DIRECTION('',(-1.,-0.,0.));
#545 = DEFINITIONAL_REPRESENTATION('',(#546),#550);
#546 = LINE('',#547,#548);
#547 = CARTESIAN_POINT('',(1.570796326795,0.4));
#548 = VECTOR('',#549,1.);
#549 = DIRECTION('',(-1.,0.));
#550 = ( GEOMETRIC_REPRESENTATION_CONTEXT(2) 
PARAMETRIC_REPRESENTATION_CONTEXT() REPRESENTATION_CONTEXT('2D SPACE',''
  ) );
#551 = ORIENTED_EDGE('',*,*,#552,.T.);
#552 = EDGE_CURVE('',#520,#553,#555,.T.);
#553 = VERTEX_POINT('',#554);
#554 = CARTESIAN_POINT('',(65.2,66.7,4.));
#555 = SURFACE_CURVE('',#556,(#560,#567),.PCURVE_S1.);
#556 = LINE('',#557,#558);
#557 = CARTESIAN_POINT('',(11.3,66.7,4.));
#558 = VECTOR('',#559,1.);
#559 = DIRECTION('',(1.,0.,0.));
#560 = PCURVE('',#44,#561);
#561 = DEFINITIONAL_REPRESENTATION('',(#562),#566);
#562 = LINE('',#563,#564);
#563 = CARTESIAN_POINT('',(11.3,66.7));
#564 = VECTOR('',#565,1.);
#565 = DIRECTION('',(1.,0.));
#566 = ( GEOMETRIC_REPRESENTATION_CONTEXT(2) 
PARAMETRIC_REPRESENTATION_CONTEXT() REPRESENTATION_CONTEXT('2D SPACE',''
  ) );
#567 = PCURVE('',#568,#573);
#568 = PLANE('',#569);
#569 = AXIS2_PLACEMENT_3D('',#570,#571,#572);
#570 = CARTESIAN_POINT('',(11.3,66.7,3.6));
#571 = DIRECTION('',(0.,1.,0.));
#572 = DIRECTION('',(0.,0.,1.));
#573 = DEFINITIONAL_REPRESENTATION('',(#574),#578);
#574 = LINE('',#575,#576);
#575 = CARTESIAN_POINT('',(0.4,0.));
#576 = VECTOR('',#577,1.);
#577 = DIRECTION('',(0.,1.));
#578 = ( GEOMETRIC_REPRESENTATION_CONTEXT(2) 
PARAMETRIC_REPRESENTATION_CONTEXT() REPRESENTATION_CONTEXT('2D SPACE',''
  ) );
#579 = ORIENTED_EDGE('',*,*,#580,.F.);
#580 = EDGE_CURVE('',#581,#553,#583,.T.);
#581 = VERTEX_POINT('',#582);
#582 = CARTESIAN_POINT('',(66.7,65.2,4.));
#583 = SURFACE_CURVE('',#584,(#589,#596),.PCURVE_S1.);
#584 = CIRCLE('',#585,1.5);
#585 = AXIS2_PLACEMENT_3D('',#586,#587,#588);
#586 = CARTESIAN_POINT('',(65.2,65.2,4.));
#587 = DIRECTION('',(0.,0.,1.));
#588 = DIRECTION('',(0.,-1.,0.));
#589 = PCURVE('',#44,#590);
#590 = DEFINITIONAL_REPRESENTATION('',(#591),#595);
#591 = CIRCLE('',#592,1.5);
#592 = AXIS2_PLACEMENT_2D('',#593,#594);
#593 = CARTESIAN_POINT('',(65.2,65.2));
#594 = DIRECTION('',(0.,-1.));
#595 = ( GEOMETRIC_REPRESENTATION_CONTEXT(2) 
PARAMETRIC_REPRESENTATION_CONTEXT() REPRESENTATION_CONTEXT('2D SPACE',''
  ) );
#596 = PCURVE('',#597,#602);
#597 = CYLINDRICAL_SURFACE('',#598,1.5);
#598 = AXIS2_PLACEMENT_3D('',#599,#600,#601);
#599 = CARTESIAN_POINT('',(65.2,65.2,3.6));
#600 = DIRECTION('',(0.,0.,1.));
#601 = DIRECTION('',(1.,0.,-0.));
#602 = DEFINITIONAL_REPRESENTATION('',(#603),#607);
#603 = LINE('',#604,#605);
#604 = CARTESIAN_POINT('',(-1.570796326795,0.4));
#605 = VECTOR('',#606,1.);
#606 = DIRECTION('',(1.,0.));
#607 = ( GEOMETRIC_REPRESENTATION_CONTEXT(2) 
PARAMETRIC_REPRESENTATION_CONTEXT() REPRESENTATION_CONTEXT('2D SPACE',''
  ) );
#608 = ORIENTED_EDGE('',*,*,#609,.F.);
#609 = EDGE_CURVE('',#610,#581,#612,.T.);
#610 = VERTEX_POINT('',#611);
#611 = CARTESIAN_POINT('',(66.7,12.8,4.));
#612 = SURFACE_CURVE('',#613,(#617,#624),.PCURVE_S1.);
#613 = LINE('',#614,#615);
#614 = CARTESIAN_POINT('',(66.7,11.3,4.));
#615 = VECTOR('',#616,1.);
#616 = DIRECTION('',(0.,1.,0.));
#617 = PCURVE('',#44,#618);
#618 = DEFINITIONAL_REPRESENTATION('',(#619),#623);
#619 = LINE('',#620,#621);
#620 = CARTESIAN_POINT('',(66.7,11.3));
#621 = VECTOR('',#622,1.);
#622 = DIRECTION('',(0.,1.));
#623 = ( GEOMETRIC_REPRESENTATION_CONTEXT(2) 
PARAMETRIC_REPRESENTATION_CONTEXT() REPRESENTATION_CONTEXT('2D SPACE',''
  ) );
#624 = PCURVE('',#625,#630);
#625 = PLANE('',#626);
#626 = AXIS2_PLACEMENT_3D('',#627,#628,#629);
#627 = CARTESIAN_POINT('',(66.7,11.3,3.6));
#628 = DIRECTION('',(1.,0.,0.));
#629 = DIRECTION('',(0.,0.,1.));
#630 = DEFINITIONAL_REPRESENTATION('',(#631),#635);
#631 = LINE('',#632,#633);
#632 = CARTESIAN_POINT('',(0.4,0.));
#633 = VECTOR('',#634,1.);
#634 = DIRECTION('',(0.,-1.));
#635 = ( GEOMETRIC_REPRESENTATION_CONTEXT(2) 
PARAMETRIC_REPRESENTATION_CONTEXT() REPRESENTATION_CONTEXT('2D SPACE',''
  ) );
#636 = ORIENTED_EDGE('',*,*,#637,.T.);
#637 = EDGE_CURVE('',#610,#638,#640,.T.);
#638 = VERTEX_POINT('',#639);
#639 = CARTESIAN_POINT('',(65.2,11.3,4.));
#640 = SURFACE_CURVE('',#641,(#646,#657),.PCURVE_S1.);
#641 = CIRCLE('',#642,1.5);
#642 = AXIS2_PLACEMENT_3D('',#643,#644,#645);
#643 = CARTESIAN_POINT('',(65.2,12.8,4.));
#644 = DIRECTION('',(-0.,-0.,-1.));
#645 = DIRECTION('',(0.,-1.,0.));
#646 = PCURVE('',#44,#647);
#647 = DEFINITIONAL_REPRESENTATION('',(#648),#656);
#648 = ( BOUNDED_CURVE() B_SPLINE_CURVE(2,(#649,#650,#651,#652,#653,#654
,#655),.UNSPECIFIED.,.T.,.F.) B_SPLINE_CURVE_WITH_KNOTS((1,2,2,2,2,1),(
    -2.094395102393,0.,2.094395102393,4.188790204786,6.28318530718,
8.377580409573),.UNSPECIFIED.) CURVE() GEOMETRIC_REPRESENTATION_ITEM() 
RATIONAL_B_SPLINE_CURVE((1.,0.5,1.,0.5,1.,0.5,1.)) REPRESENTATION_ITEM(
  '') );
#649 = CARTESIAN_POINT('',(65.2,11.3));
#650 = CARTESIAN_POINT('',(62.601923788647,11.3));
#651 = CARTESIAN_POINT('',(63.900961894323,13.55));
#652 = CARTESIAN_POINT('',(65.2,15.8));
#653 = CARTESIAN_POINT('',(66.499038105677,13.55));
#654 = CARTESIAN_POINT('',(67.798076211353,11.3));
#655 = CARTESIAN_POINT('',(65.2,11.3));
#656 = ( GEOMETRIC_REPRESENTATION_CONTEXT(2) 
PARAMETRIC_REPRESENTATION_CONTEXT() REPRESENTATION_CONTEXT('2D SPACE',''
  ) );
#657 = PCURVE('',#658,#663);
#658 = CYLINDRICAL_SURFACE('',#659,1.5);
#659 = AXIS2_PLACEMENT_3D('',#660,#661,#662);
#660 = CARTESIAN_POINT('',(65.2,12.8,3.6));
#661 = DIRECTION('',(0.,0.,1.));
#662 = DIRECTION('',(1.,0.,-0.));
#663 = DEFINITIONAL_REPRESENTATION('',(#664),#668);
#664 = LINE('',#665,#666);
#665 = CARTESIAN_POINT('',(4.712388980385,0.4));
#666 = VECTOR('',#667,1.);
#667 = DIRECTION('',(-1.,0.));
#668 = ( GEOMETRIC_REPRESENTATION_CONTEXT(2) 
PARAMETRIC_REPRESENTATION_CONTEXT() REPRESENTATION_CONTEXT('2D SPACE',''
  ) );
#669 = ORIENTED_EDGE('',*,*,#670,.F.);
#670 = EDGE_CURVE('',#671,#638,#673,.T.);
#671 = VERTEX_POINT('',#672);
#672 = CARTESIAN_POINT('',(43.5,11.3,4.));
#673 = SURFACE_CURVE('',#674,(#678,#685),.PCURVE_S1.);
#674 = LINE('',#675,#676);
#675 = CARTESIAN_POINT('',(11.3,11.3,4.));
#676 = VECTOR('',#677,1.);
#677 = DIRECTION('',(1.,0.,0.));
#678 = PCURVE('',#44,#679);
#679 = DEFINITIONAL_REPRESENTATION('',(#680),#684);
#680 = LINE('',#681,#682);
#681 = CARTESIAN_POINT('',(11.3,11.3));
#682 = VECTOR('',#683,1.);
#683 = DIRECTION('',(1.,0.));
#684 = ( GEOMETRIC_REPRESENTATION_CONTEXT(2) 
PARAMETRIC_REPRESENTATION_CONTEXT() REPRESENTATION_CONTEXT('2D SPACE',''
  ) );
#685 = PCURVE('',#686,#691);
#686 = PLANE('',#687);
#687 = AXIS2_PLACEMENT_3D('',#688,#689,#690);
#688 = CARTESIAN_POINT('',(11.3,11.3,3.6));
#689 = DIRECTION('',(0.,1.,0.));
#690 = DIRECTION('',(0.,0.,1.));
#691 = DEFINITIONAL_REPRESENTATION('',(#692),#696);
#692 = LINE('',#693,#694);
#693 = CARTESIAN_POINT('',(0.4,0.));
#694 = VECTOR('',#695,1.);
#695 = DIRECTION('',(0.,1.));
#696 = ( GEOMETRIC_REPRESENTATION_CONTEXT(2) 
PARAMETRIC_REPRESENTATION_CONTEXT() REPRESENTATION_CONTEXT('2D SPACE',''
  ) );
#697 = ORIENTED_EDGE('',*,*,#698,.T.);
#698 = EDGE_CURVE('',#671,#699,#701,.T.);
#699 = VERTEX_POINT('',#700);
#700 = CARTESIAN_POINT('',(34.5,11.3,4.));
#701 = SURFACE_CURVE('',#702,(#707,#718),.PCURVE_S1.);
#702 = CIRCLE('',#703,4.5);
#703 = AXIS2_PLACEMENT_3D('',#704,#705,#706);
#704 = CARTESIAN_POINT('',(39.,11.3,4.));
#705 = DIRECTION('',(0.,0.,-1.));
#706 = DIRECTION('',(1.,0.,0.));
#707 = PCURVE('',#44,#708);
#708 = DEFINITIONAL_REPRESENTATION('',(#709),#717);
#709 = ( BOUNDED_CURVE() B_SPLINE_CURVE(2,(#710,#711,#712,#713,#714,#715
,#716),.UNSPECIFIED.,.T.,.F.) B_SPLINE_CURVE_WITH_KNOTS((1,2,2,2,2,1),(
    -2.094395102393,0.,2.094395102393,4.188790204786,6.28318530718,
8.377580409573),.UNSPECIFIED.) CURVE() GEOMETRIC_REPRESENTATION_ITEM() 
RATIONAL_B_SPLINE_CURVE((1.,0.5,1.,0.5,1.,0.5,1.)) REPRESENTATION_ITEM(
  '') );
#710 = CARTESIAN_POINT('',(43.5,11.3));
#711 = CARTESIAN_POINT('',(43.5,3.50577136594));
#712 = CARTESIAN_POINT('',(36.75,7.40288568297));
#713 = CARTESIAN_POINT('',(30.,11.3));
#714 = CARTESIAN_POINT('',(36.75,15.19711431703));
#715 = CARTESIAN_POINT('',(43.5,19.09422863406));
#716 = CARTESIAN_POINT('',(43.5,11.3));
#717 = ( GEOMETRIC_REPRESENTATION_CONTEXT(2) 
PARAMETRIC_REPRESENTATION_CONTEXT() REPRESENTATION_CONTEXT('2D SPACE',''
  ) );
#718 = PCURVE('',#719,#724);
#719 = CYLINDRICAL_SURFACE('',#720,4.5);
#720 = AXIS2_PLACEMENT_3D('',#721,#722,#723);
#721 = CARTESIAN_POINT('',(39.,11.3,3.));
#722 = DIRECTION('',(-0.,-0.,-1.));
#723 = DIRECTION('',(1.,0.,0.));
#724 = DEFINITIONAL_REPRESENTATION('',(#725),#729);
#725 = LINE('',#726,#727);
#726 = CARTESIAN_POINT('',(-6.28318530718,-1.));
#727 = VECTOR('',#728,1.);
#728 = DIRECTION('',(1.,-0.));
#729 = ( GEOMETRIC_REPRESENTATION_CONTEXT(2) 
PARAMETRIC_REPRESENTATION_CONTEXT() REPRESENTATION_CONTEXT('2D SPACE',''
  ) );
#730 = ORIENTED_EDGE('',*,*,#731,.F.);
#731 = EDGE_CURVE('',#463,#699,#732,.T.);
#732 = SURFACE_CURVE('',#733,(#737,#744),.PCURVE_S1.);
#733 = LINE('',#734,#735);
#734 = CARTESIAN_POINT('',(11.3,11.3,4.));
#735 = VECTOR('',#736,1.);
#736 = DIRECTION('',(1.,0.,0.));
#737 = PCURVE('',#44,#738);
#738 = DEFINITIONAL_REPRESENTATION('',(#739),#743);
#739 = LINE('',#740,#741);
#740 = CARTESIAN_POINT('',(11.3,11.3));
#741 = VECTOR('',#742,1.);
#742 = DIRECTION('',(1.,0.));
#743 = ( GEOMETRIC_REPRESENTATION_CONTEXT(2) 
PARAMETRIC_REPRESENTATION_CONTEXT() REPRESENTATION_CONTEXT('2D SPACE',''
  ) );
#744 = PCURVE('',#745,#750);
#745 = PLANE('',#746);
#746 = AXIS2_PLACEMENT_3D('',#747,#748,#749);
#747 = CARTESIAN_POINT('',(11.3,11.3,3.6));
#748 = DIRECTION('',(0.,1.,0.));
#749 = DIRECTION('',(0.,0.,1.));
#750 = DEFINITIONAL_REPRESENTATION('',(#751),#755);
#751 = LINE('',#752,#753);
#752 = CARTESIAN_POINT('',(0.4,0.));
#753 = VECTOR('',#754,1.);
#754 = DIRECTION('',(0.,1.));
#755 = ( GEOMETRIC_REPRESENTATION_CONTEXT(2) 
PARAMETRIC_REPRESENTATION_CONTEXT() REPRESENTATION_CONTEXT('2D SPACE',''
  ) );
#756 = FACE_BOUND('',#757,.T.);
#757 = EDGE_LOOP('',(#758,#786,#819,#845));
#758 = ORIENTED_EDGE('',*,*,#759,.F.);
#759 = EDGE_CURVE('',#760,#762,#764,.T.);
#760 = VERTEX_POINT('',#761);
#761 = CARTESIAN_POINT('',(67.4,43.7,4.));
#762 = VERTEX_POINT('',#763);
#763 = CARTESIAN_POINT('',(67.4,34.3,4.));
#764 = SURFACE_CURVE('',#765,(#769,#775),.PCURVE_S1.);
#765 = LINE('',#766,#767);
#766 = CARTESIAN_POINT('',(67.4,17.15,4.));
#767 = VECTOR('',#768,1.);
#768 = DIRECTION('',(-1.110223024625E-16,-1.,0.));
#769 = PCURVE('',#44,#770);
#770 = DEFINITIONAL_REPRESENTATION('',(#771),#774);
#771 = B_SPLINE_CURVE_WITH_KNOTS('',1,(#772,#773),.UNSPECIFIED.,.F.,.F.,
  (2,2),(-26.55,-17.15),.PIECEWISE_BEZIER_KNOTS.);
#772 = CARTESIAN_POINT('',(67.4,43.7));
#773 = CARTESIAN_POINT('',(67.4,34.3));
#774 = ( GEOMETRIC_REPRESENTATION_CONTEXT(2) 
PARAMETRIC_REPRESENTATION_CONTEXT() REPRESENTATION_CONTEXT('2D SPACE',''
  ) );
#775 = PCURVE('',#776,#781);
#776 = PLANE('',#777);
#777 = AXIS2_PLACEMENT_3D('',#778,#779,#780);
#778 = CARTESIAN_POINT('',(67.4,34.3,3.5));
#779 = DIRECTION('',(-1.,1.110223024625E-16,0.));
#780 = DIRECTION('',(1.110223024625E-16,1.,0.));
#781 = DEFINITIONAL_REPRESENTATION('',(#782),#785);
#782 = B_SPLINE_CURVE_WITH_KNOTS('',1,(#783,#784),.UNSPECIFIED.,.F.,.F.,
  (2,2),(-26.55,-17.15),.PIECEWISE_BEZIER_KNOTS.);
#783 = CARTESIAN_POINT('',(9.4,-0.5));
#784 = CARTESIAN_POINT('',(0.,-0.5));
#785 = ( GEOMETRIC_REPRESENTATION_CONTEXT(2) 
PARAMETRIC_REPRESENTATION_CONTEXT() REPRESENTATION_CONTEXT('2D SPACE',''
  ) );
#786 = ORIENTED_EDGE('',*,*,#787,.T.);
#787 = EDGE_CURVE('',#760,#788,#790,.T.);
#788 = VERTEX_POINT('',#789);
#789 = CARTESIAN_POINT('',(76.6,43.7,4.));
#790 = SURFACE_CURVE('',#791,(#796,#807),.PCURVE_S1.);
#791 = CIRCLE('',#792,4.6);
#792 = AXIS2_PLACEMENT_3D('',#793,#794,#795);
#793 = CARTESIAN_POINT('',(72.,43.7,4.));
#794 = DIRECTION('',(0.,0.,-1.));
#795 = DIRECTION('',(-1.,1.110223024625E-16,0.));
#796 = PCURVE('',#44,#797);
#797 = DEFINITIONAL_REPRESENTATION('',(#798),#806);
#798 = ( BOUNDED_CURVE() B_SPLINE_CURVE(2,(#799,#800,#801,#802,#803,#804
,#805),.UNSPECIFIED.,.T.,.F.) B_SPLINE_CURVE_WITH_KNOTS((1,2,2,2,2,1),(
    -2.094395102393,0.,2.094395102393,4.188790204786,6.28318530718,
8.377580409573),.UNSPECIFIED.) CURVE() GEOMETRIC_REPRESENTATION_ITEM() 
RATIONAL_B_SPLINE_CURVE((1.,0.5,1.,0.5,1.,0.5,1.)) REPRESENTATION_ITEM(
  '') );
#799 = CARTESIAN_POINT('',(67.4,43.7));
#800 = CARTESIAN_POINT('',(67.4,51.667433714817));
#801 = CARTESIAN_POINT('',(74.3,47.683716857408));
#802 = CARTESIAN_POINT('',(81.2,43.7));
#803 = CARTESIAN_POINT('',(74.3,39.716283142592));
#804 = CARTESIAN_POINT('',(67.4,35.732566285183));
#805 = CARTESIAN_POINT('',(67.4,43.7));
#806 = ( GEOMETRIC_REPRESENTATION_CONTEXT(2) 
PARAMETRIC_REPRESENTATION_CONTEXT() REPRESENTATION_CONTEXT('2D SPACE',''
  ) );
#807 = PCURVE('',#808,#813);
#808 = CYLINDRICAL_SURFACE('',#809,4.6);
#809 = AXIS2_PLACEMENT_3D('',#810,#811,#812);
#810 = CARTESIAN_POINT('',(72.,43.7,3.5));
#811 = DIRECTION('',(0.,0.,-1.));
#812 = DIRECTION('',(-1.,1.110223024625E-16,0.));
#813 = DEFINITIONAL_REPRESENTATION('',(#814),#818);
#814 = LINE('',#815,#816);
#815 = CARTESIAN_POINT('',(0.,-0.5));
#816 = VECTOR('',#817,1.);
#817 = DIRECTION('',(1.,0.));
#818 = ( GEOMETRIC_REPRESENTATION_CONTEXT(2) 
PARAMETRIC_REPRESENTATION_CONTEXT() REPRESENTATION_CONTEXT('2D SPACE',''
  ) );
#819 = ORIENTED_EDGE('',*,*,#820,.F.);
#820 = EDGE_CURVE('',#821,#788,#823,.T.);
#821 = VERTEX_POINT('',#822);
#822 = CARTESIAN_POINT('',(76.6,34.3,4.));
#823 = SURFACE_CURVE('',#824,(#828,#834),.PCURVE_S1.);
#824 = LINE('',#825,#826);
#825 = CARTESIAN_POINT('',(76.6,21.85,4.));
#826 = VECTOR('',#827,1.);
#827 = DIRECTION('',(1.110223024625E-16,1.,-0.));
#828 = PCURVE('',#44,#829);
#829 = DEFINITIONAL_REPRESENTATION('',(#830),#833);
#830 = B_SPLINE_CURVE_WITH_KNOTS('',1,(#831,#832),.UNSPECIFIED.,.F.,.F.,
  (2,2),(12.45,21.85),.PIECEWISE_BEZIER_KNOTS.);
#831 = CARTESIAN_POINT('',(76.6,34.3));
#832 = CARTESIAN_POINT('',(76.6,43.7));
#833 = ( GEOMETRIC_REPRESENTATION_CONTEXT(2) 
PARAMETRIC_REPRESENTATION_CONTEXT() REPRESENTATION_CONTEXT('2D SPACE',''
  ) );
#834 = PCURVE('',#835,#840);
#835 = PLANE('',#836);
#836 = AXIS2_PLACEMENT_3D('',#837,#838,#839);
#837 = CARTESIAN_POINT('',(76.6,43.7,3.5));
#838 = DIRECTION('',(1.,-1.110223024625E-16,0.));
#839 = DIRECTION('',(-1.110223024625E-16,-1.,0.));
#840 = DEFINITIONAL_REPRESENTATION('',(#841),#844);
#841 = B_SPLINE_CURVE_WITH_KNOTS('',1,(#842,#843),.UNSPECIFIED.,.F.,.F.,
  (2,2),(12.45,21.85),.PIECEWISE_BEZIER_KNOTS.);
#842 = CARTESIAN_POINT('',(9.4,-0.5));
#843 = CARTESIAN_POINT('',(0.,-0.5));
#844 = ( GEOMETRIC_REPRESENTATION_CONTEXT(2) 
PARAMETRIC_REPRESENTATION_CONTEXT() REPRESENTATION_CONTEXT('2D SPACE',''
  ) );
#845 = ORIENTED_EDGE('',*,*,#846,.T.);
#846 = EDGE_CURVE('',#821,#762,#847,.T.);
#847 = SURFACE_CURVE('',#848,(#853,#864),.PCURVE_S1.);
#848 = CIRCLE('',#849,4.6);
#849 = AXIS2_PLACEMENT_3D('',#850,#851,#852);
#850 = CARTESIAN_POINT('',(72.,34.3,4.));
#851 = DIRECTION('',(0.,-0.,-1.));
#852 = DIRECTION('',(1.,-1.110223024625E-16,0.));
#853 = PCURVE('',#44,#854);
#854 = DEFINITIONAL_REPRESENTATION('',(#855),#863);
#855 = ( BOUNDED_CURVE() B_SPLINE_CURVE(2,(#856,#857,#858,#859,#860,#861
,#862),.UNSPECIFIED.,.T.,.F.) B_SPLINE_CURVE_WITH_KNOTS((1,2,2,2,2,1),(
    -2.094395102393,0.,2.094395102393,4.188790204786,6.28318530718,
8.377580409573),.UNSPECIFIED.) CURVE() GEOMETRIC_REPRESENTATION_ITEM() 
RATIONAL_B_SPLINE_CURVE((1.,0.5,1.,0.5,1.,0.5,1.)) REPRESENTATION_ITEM(
  '') );
#856 = CARTESIAN_POINT('',(76.6,34.3));
#857 = CARTESIAN_POINT('',(76.6,26.332566285183));
#858 = CARTESIAN_POINT('',(69.7,30.316283142592));
#859 = CARTESIAN_POINT('',(62.8,34.3));
#860 = CARTESIAN_POINT('',(69.7,38.283716857408));
#861 = CARTESIAN_POINT('',(76.6,42.267433714817));
#862 = CARTESIAN_POINT('',(76.6,34.3));
#863 = ( GEOMETRIC_REPRESENTATION_CONTEXT(2) 
PARAMETRIC_REPRESENTATION_CONTEXT() REPRESENTATION_CONTEXT('2D SPACE',''
  ) );
#864 = PCURVE('',#865,#870);
#865 = CYLINDRICAL_SURFACE('',#866,4.6);
#866 = AXIS2_PLACEMENT_3D('',#867,#868,#869);
#867 = CARTESIAN_POINT('',(72.,34.3,3.5));
#868 = DIRECTION('',(0.,-0.,-1.));
#869 = DIRECTION('',(1.,-1.110223024625E-16,0.));
#870 = DEFINITIONAL_REPRESENTATION('',(#871),#875);
#871 = LINE('',#872,#873);
#872 = CARTESIAN_POINT('',(0.,-0.5));
#873 = VECTOR('',#874,1.);
#874 = DIRECTION('',(1.,0.));
#875 = ( GEOMETRIC_REPRESENTATION_CONTEXT(2) 
PARAMETRIC_REPRESENTATION_CONTEXT() REPRESENTATION_CONTEXT('2D SPACE',''
  ) );
#876 = FACE_BOUND('',#877,.T.);
#877 = EDGE_LOOP('',(#878,#906,#932,#958));
#878 = ORIENTED_EDGE('',*,*,#879,.F.);
#879 = EDGE_CURVE('',#880,#882,#884,.T.);
#880 = VERTEX_POINT('',#881);
#881 = CARTESIAN_POINT('',(34.9421875,72.27509765625,4.));
#882 = VERTEX_POINT('',#883);
#883 = CARTESIAN_POINT('',(35.207421875,72.27509765625,4.));
#884 = SURFACE_CURVE('',#885,(#889,#895),.PCURVE_S1.);
#885 = LINE('',#886,#887);
#886 = CARTESIAN_POINT('',(17.6037109375,72.27509765625,4.));
#887 = VECTOR('',#888,1.);
#888 = DIRECTION('',(1.,0.,-0.));
#889 = PCURVE('',#44,#890);
#890 = DEFINITIONAL_REPRESENTATION('',(#891),#894);
#891 = B_SPLINE_CURVE_WITH_KNOTS('',1,(#892,#893),.UNSPECIFIED.,.F.,.F.,
  (2,2),(17.3384765625,17.6037109375),.PIECEWISE_BEZIER_KNOTS.);
#892 = CARTESIAN_POINT('',(34.9421875,72.27509765625));
#893 = CARTESIAN_POINT('',(35.207421875,72.27509765625));
#894 = ( GEOMETRIC_REPRESENTATION_CONTEXT(2) 
PARAMETRIC_REPRESENTATION_CONTEXT() REPRESENTATION_CONTEXT('2D SPACE',''
  ) );
#895 = PCURVE('',#896,#901);
#896 = PLANE('',#897);
#897 = AXIS2_PLACEMENT_3D('',#898,#899,#900);
#898 = CARTESIAN_POINT('',(35.207421875,72.27509765625,3.65));
#899 = DIRECTION('',(0.,-1.,0.));
#900 = DIRECTION('',(-1.,0.,0.));
#901 = DEFINITIONAL_REPRESENTATION('',(#902),#905);
#902 = B_SPLINE_CURVE_WITH_KNOTS('',1,(#903,#904),.UNSPECIFIED.,.F.,.F.,
  (2,2),(17.3384765625,17.6037109375),.PIECEWISE_BEZIER_KNOTS.);
#903 = CARTESIAN_POINT('',(0.265234375,-0.35));
#904 = CARTESIAN_POINT('',(0.,-0.35));
#905 = ( GEOMETRIC_REPRESENTATION_CONTEXT(2) 
PARAMETRIC_REPRESENTATION_CONTEXT() REPRESENTATION_CONTEXT('2D SPACE',''
  ) );
#906 = ORIENTED_EDGE('',*,*,#907,.F.);
#907 = EDGE_CURVE('',#908,#880,#910,.T.);
#908 = VERTEX_POINT('',#909);
#909 = CARTESIAN_POINT('',(34.9421875,74.27939453125,4.));
#910 = SURFACE_CURVE('',#911,(#915,#921),.PCURVE_S1.);
#911 = LINE('',#912,#913);
#912 = CARTESIAN_POINT('',(34.9421875,36.137548828125,4.));
#913 = VECTOR('',#914,1.);
#914 = DIRECTION('',(0.,-1.,0.));
#915 = PCURVE('',#44,#916);
#916 = DEFINITIONAL_REPRESENTATION('',(#917),#920);
#917 = B_SPLINE_CURVE_WITH_KNOTS('',1,(#918,#919),.UNSPECIFIED.,.F.,.F.,
  (2,2),(-38.14184570312,-36.13754882812),.PIECEWISE_BEZIER_KNOTS.);
#918 = CARTESIAN_POINT('',(34.9421875,74.27939453125));
#919 = CARTESIAN_POINT('',(34.9421875,72.27509765625));
#920 = ( GEOMETRIC_REPRESENTATION_CONTEXT(2) 
PARAMETRIC_REPRESENTATION_CONTEXT() REPRESENTATION_CONTEXT('2D SPACE',''
  ) );
#921 = PCURVE('',#922,#927);
#922 = PLANE('',#923);
#923 = AXIS2_PLACEMENT_3D('',#924,#925,#926);
#924 = CARTESIAN_POINT('',(34.9421875,72.27509765625,3.65));
#925 = DIRECTION('',(-1.,0.,0.));
#926 = DIRECTION('',(0.,1.,0.));
#927 = DEFINITIONAL_REPRESENTATION('',(#928),#931);
#928 = B_SPLINE_CURVE_WITH_KNOTS('',1,(#929,#930),.UNSPECIFIED.,.F.,.F.,
  (2,2),(-38.14184570312,-36.13754882812),.PIECEWISE_BEZIER_KNOTS.);
#929 = CARTESIAN_POINT('',(2.004296875,-0.35));
#930 = CARTESIAN_POINT('',(0.,-0.35));
#931 = ( GEOMETRIC_REPRESENTATION_CONTEXT(2) 
PARAMETRIC_REPRESENTATION_CONTEXT() REPRESENTATION_CONTEXT('2D SPACE',''
  ) );
#932 = ORIENTED_EDGE('',*,*,#933,.F.);
#933 = EDGE_CURVE('',#934,#908,#936,.T.);
#934 = VERTEX_POINT('',#935);
#935 = CARTESIAN_POINT('',(35.207421875,74.27939453125,4.));
#936 = SURFACE_CURVE('',#937,(#941,#947),.PCURVE_S1.);
#937 = LINE('',#938,#939);
#938 = CARTESIAN_POINT('',(17.47109375,74.27939453125,4.));
#939 = VECTOR('',#940,1.);
#940 = DIRECTION('',(-1.,0.,0.));
#941 = PCURVE('',#44,#942);
#942 = DEFINITIONAL_REPRESENTATION('',(#943),#946);
#943 = B_SPLINE_CURVE_WITH_KNOTS('',1,(#944,#945),.UNSPECIFIED.,.F.,.F.,
  (2,2),(-17.736328125,-17.47109375),.PIECEWISE_BEZIER_KNOTS.);
#944 = CARTESIAN_POINT('',(35.207421875,74.27939453125));
#945 = CARTESIAN_POINT('',(34.9421875,74.27939453125));
#946 = ( GEOMETRIC_REPRESENTATION_CONTEXT(2) 
PARAMETRIC_REPRESENTATION_CONTEXT() REPRESENTATION_CONTEXT('2D SPACE',''
  ) );
#947 = PCURVE('',#948,#953);
#948 = PLANE('',#949);
#949 = AXIS2_PLACEMENT_3D('',#950,#951,#952);
#950 = CARTESIAN_POINT('',(34.9421875,74.27939453125,3.65));
#951 = DIRECTION('',(0.,1.,0.));
#952 = DIRECTION('',(1.,0.,0.));
#953 = DEFINITIONAL_REPRESENTATION('',(#954),#957);
#954 = B_SPLINE_CURVE_WITH_KNOTS('',1,(#955,#956),.UNSPECIFIED.,.F.,.F.,
  (2,2),(-17.736328125,-17.47109375),.PIECEWISE_BEZIER_KNOTS.);
#955 = CARTESIAN_POINT('',(0.265234375,-0.35));
#956 = CARTESIAN_POINT('',(0.,-0.35));
#957 = ( GEOMETRIC_REPRESENTATION_CONTEXT(2) 
PARAMETRIC_REPRESENTATION_CONTEXT() REPRESENTATION_CONTEXT('2D SPACE',''
  ) );
#958 = ORIENTED_EDGE('',*,*,#959,.F.);
#959 = EDGE_CURVE('',#882,#934,#960,.T.);
#960 = SURFACE_CURVE('',#961,(#965,#971),.PCURVE_S1.);
#961 = LINE('',#962,#963);
#962 = CARTESIAN_POINT('',(35.207421875,37.139697265625,4.));
#963 = VECTOR('',#964,1.);
#964 = DIRECTION('',(0.,1.,0.));
#965 = PCURVE('',#44,#966);
#966 = DEFINITIONAL_REPRESENTATION('',(#967),#970);
#967 = B_SPLINE_CURVE_WITH_KNOTS('',1,(#968,#969),.UNSPECIFIED.,.F.,.F.,
  (2,2),(35.135400390625,37.139697265625),.PIECEWISE_BEZIER_KNOTS.);
#968 = CARTESIAN_POINT('',(35.207421875,72.27509765625));
#969 = CARTESIAN_POINT('',(35.207421875,74.27939453125));
#970 = ( GEOMETRIC_REPRESENTATION_CONTEXT(2) 
PARAMETRIC_REPRESENTATION_CONTEXT() REPRESENTATION_CONTEXT('2D SPACE',''
  ) );
#971 = PCURVE('',#972,#977);
#972 = PLANE('',#973);
#973 = AXIS2_PLACEMENT_3D('',#974,#975,#976);
#974 = CARTESIAN_POINT('',(35.207421875,74.27939453125,3.65));
#975 = DIRECTION('',(1.,0.,0.));
#976 = DIRECTION('',(0.,-1.,0.));
#977 = DEFINITIONAL_REPRESENTATION('',(#978),#981);
#978 = B_SPLINE_CURVE_WITH_KNOTS('',1,(#979,#980),.UNSPECIFIED.,.F.,.F.,
  (2,2),(35.135400390625,37.139697265625),.PIECEWISE_BEZIER_KNOTS.);
#979 = CARTESIAN_POINT('',(2.004296875,-0.35));
#980 = CARTESIAN_POINT('',(0.,-0.35));
#981 = ( GEOMETRIC_REPRESENTATION_CONTEXT(2) 
PARAMETRIC_REPRESENTATION_CONTEXT() REPRESENTATION_CONTEXT('2D SPACE',''
  ) );
#982 = FACE_BOUND('',#983,.T.);
#983 = EDGE_LOOP('',(#984,#1012,#1038,#1064,#1103,#1142,#1193,#1232,
    #1271,#1310,#1346,#1385));
#984 = ORIENTED_EDGE('',*,*,#985,.F.);
#985 = EDGE_CURVE('',#986,#988,#990,.T.);
#986 = VERTEX_POINT('',#987);
#987 = CARTESIAN_POINT('',(35.675,72.27509765625,4.));
#988 = VERTEX_POINT('',#989);
#989 = CARTESIAN_POINT('',(36.3982421875,72.27509765625,4.));
#990 = SURFACE_CURVE('',#991,(#995,#1001),.PCURVE_S1.);
#991 = LINE('',#992,#993);
#992 = CARTESIAN_POINT('',(18.19912109375,72.27509765625,4.));
#993 = VECTOR('',#994,1.);
#994 = DIRECTION('',(1.,0.,-0.));
#995 = PCURVE('',#44,#996);
#996 = DEFINITIONAL_REPRESENTATION('',(#997),#1000);
#997 = B_SPLINE_CURVE_WITH_KNOTS('',1,(#998,#999),.UNSPECIFIED.,.F.,.F.,
  (2,2),(17.47587890625,18.19912109375),.PIECEWISE_BEZIER_KNOTS.);
#998 = CARTESIAN_POINT('',(35.675,72.27509765625));
#999 = CARTESIAN_POINT('',(36.3982421875,72.27509765625));
#1000 = ( GEOMETRIC_REPRESENTATION_CONTEXT(2) 
PARAMETRIC_REPRESENTATION_CONTEXT() REPRESENTATION_CONTEXT('2D SPACE',''
  ) );
#1001 = PCURVE('',#1002,#1007);
#1002 = PLANE('',#1003);
#1003 = AXIS2_PLACEMENT_3D('',#1004,#1005,#1006);
#1004 = CARTESIAN_POINT('',(36.3982421875,72.27509765625,3.65));
#1005 = DIRECTION('',(0.,-1.,0.));
#1006 = DIRECTION('',(-1.,0.,0.));
#1007 = DEFINITIONAL_REPRESENTATION('',(#1008),#1011);
#1008 = B_SPLINE_CURVE_WITH_KNOTS('',1,(#1009,#1010),.UNSPECIFIED.,.F.,
  .F.,(2,2),(17.47587890625,18.19912109375),.PIECEWISE_BEZIER_KNOTS.);
#1009 = CARTESIAN_POINT('',(0.7232421875,-0.35));
#1010 = CARTESIAN_POINT('',(0.,-0.35));
#1011 = ( GEOMETRIC_REPRESENTATION_CONTEXT(2) 
PARAMETRIC_REPRESENTATION_CONTEXT() REPRESENTATION_CONTEXT('2D SPACE',''
  ) );
#1012 = ORIENTED_EDGE('',*,*,#1013,.F.);
#1013 = EDGE_CURVE('',#1014,#986,#1016,.T.);
#1014 = VERTEX_POINT('',#1015);
#1015 = CARTESIAN_POINT('',(35.675,74.27939453125,4.));
#1016 = SURFACE_CURVE('',#1017,(#1021,#1027),.PCURVE_S1.);
#1017 = LINE('',#1018,#1019);
#1018 = CARTESIAN_POINT('',(35.675,36.137548828125,4.));
#1019 = VECTOR('',#1020,1.);
#1020 = DIRECTION('',(0.,-1.,0.));
#1021 = PCURVE('',#44,#1022);
#1022 = DEFINITIONAL_REPRESENTATION('',(#1023),#1026);
#1023 = B_SPLINE_CURVE_WITH_KNOTS('',1,(#1024,#1025),.UNSPECIFIED.,.F.,
  .F.,(2,2),(-38.14184570312,-36.13754882812),.PIECEWISE_BEZIER_KNOTS.);
#1024 = CARTESIAN_POINT('',(35.675,74.27939453125));
#1025 = CARTESIAN_POINT('',(35.675,72.27509765625));
#1026 = ( GEOMETRIC_REPRESENTATION_CONTEXT(2) 
PARAMETRIC_REPRESENTATION_CONTEXT() REPRESENTATION_CONTEXT('2D SPACE',''
  ) );
#1027 = PCURVE('',#1028,#1033);
#1028 = PLANE('',#1029);
#1029 = AXIS2_PLACEMENT_3D('',#1030,#1031,#1032);
#1030 = CARTESIAN_POINT('',(35.675,72.27509765625,3.65));
#1031 = DIRECTION('',(-1.,0.,0.));
#1032 = DIRECTION('',(0.,1.,0.));
#1033 = DEFINITIONAL_REPRESENTATION('',(#1034),#1037);
#1034 = B_SPLINE_CURVE_WITH_KNOTS('',1,(#1035,#1036),.UNSPECIFIED.,.F.,
  .F.,(2,2),(-38.14184570312,-36.13754882812),.PIECEWISE_BEZIER_KNOTS.);
#1035 = CARTESIAN_POINT('',(2.004296875,-0.35));
#1036 = CARTESIAN_POINT('',(0.,-0.35));
#1037 = ( GEOMETRIC_REPRESENTATION_CONTEXT(2) 
PARAMETRIC_REPRESENTATION_CONTEXT() REPRESENTATION_CONTEXT('2D SPACE',''
  ) );
#1038 = ORIENTED_EDGE('',*,*,#1039,.F.);
#1039 = EDGE_CURVE('',#1040,#1014,#1042,.T.);
#1040 = VERTEX_POINT('',#1041);
#1041 = CARTESIAN_POINT('',(36.3654296875,74.27939453125,4.));
#1042 = SURFACE_CURVE('',#1043,(#1047,#1053),.PCURVE_S1.);
#1043 = LINE('',#1044,#1045);
#1044 = CARTESIAN_POINT('',(17.8375,74.27939453125,4.));
#1045 = VECTOR('',#1046,1.);
#1046 = DIRECTION('',(-1.,0.,0.));
#1047 = PCURVE('',#44,#1048);
#1048 = DEFINITIONAL_REPRESENTATION('',(#1049),#1052);
#1049 = B_SPLINE_CURVE_WITH_KNOTS('',1,(#1050,#1051),.UNSPECIFIED.,.F.,
  .F.,(2,2),(-18.5279296875,-17.8375),.PIECEWISE_BEZIER_KNOTS.);
#1050 = CARTESIAN_POINT('',(36.3654296875,74.27939453125));
#1051 = CARTESIAN_POINT('',(35.675,74.27939453125));
#1052 = ( GEOMETRIC_REPRESENTATION_CONTEXT(2) 
PARAMETRIC_REPRESENTATION_CONTEXT() REPRESENTATION_CONTEXT('2D SPACE',''
  ) );
#1053 = PCURVE('',#1054,#1059);
#1054 = PLANE('',#1055);
#1055 = AXIS2_PLACEMENT_3D('',#1056,#1057,#1058);
#1056 = CARTESIAN_POINT('',(35.675,74.27939453125,3.65));
#1057 = DIRECTION('',(0.,1.,0.));
#1058 = DIRECTION('',(1.,0.,0.));
#1059 = DEFINITIONAL_REPRESENTATION('',(#1060),#1063);
#1060 = B_SPLINE_CURVE_WITH_KNOTS('',1,(#1061,#1062),.UNSPECIFIED.,.F.,
  .F.,(2,2),(-18.5279296875,-17.8375),.PIECEWISE_BEZIER_KNOTS.);
#1061 = CARTESIAN_POINT('',(0.6904296875,-0.35));
#1062 = CARTESIAN_POINT('',(0.,-0.35));
#1063 = ( GEOMETRIC_REPRESENTATION_CONTEXT(2) 
PARAMETRIC_REPRESENTATION_CONTEXT() REPRESENTATION_CONTEXT('2D SPACE',''
  ) );
#1064 = ORIENTED_EDGE('',*,*,#1065,.F.);
#1065 = EDGE_CURVE('',#1066,#1040,#1068,.T.);
#1066 = VERTEX_POINT('',#1067);
#1067 = CARTESIAN_POINT('',(36.722265625,74.25068359375,4.));
#1068 = SURFACE_CURVE('',#1069,(#1076,#1086),.PCURVE_S1.);
#1069 = B_SPLINE_CURVE_WITH_KNOTS('',5,(#1070,#1071,#1072,#1073,#1074,
    #1075),.UNSPECIFIED.,.F.,.F.,(6,6),(0.,1.),
  .PIECEWISE_BEZIER_KNOTS.);
#1070 = CARTESIAN_POINT('',(36.722265625,74.25068359375,4.));
#1071 = CARTESIAN_POINT('',(36.671493221331,74.262530487939,4.));
#1072 = CARTESIAN_POINT('',(36.609565981532,74.271174962638,4.));
#1073 = CARTESIAN_POINT('',(36.537255163321,74.276727237363,4.));
#1074 = CARTESIAN_POINT('',(36.455562219324,74.27939453125,4.));
#1075 = CARTESIAN_POINT('',(36.3654296875,74.27939453125,4.));
#1076 = PCURVE('',#44,#1077);
#1077 = DEFINITIONAL_REPRESENTATION('',(#1078),#1085);
#1078 = B_SPLINE_CURVE_WITH_KNOTS('',5,(#1079,#1080,#1081,#1082,#1083,
    #1084),.UNSPECIFIED.,.F.,.F.,(6,6),(0.,1.),
  .PIECEWISE_BEZIER_KNOTS.);
#1079 = CARTESIAN_POINT('',(36.722265625,74.25068359375));
#1080 = CARTESIAN_POINT('',(36.671493221331,74.262530487939));
#1081 = CARTESIAN_POINT('',(36.609565981532,74.271174962638));
#1082 = CARTESIAN_POINT('',(36.537255163321,74.276727237363));
#1083 = CARTESIAN_POINT('',(36.455562219324,74.27939453125));
#1084 = CARTESIAN_POINT('',(36.3654296875,74.27939453125));
#1085 = ( GEOMETRIC_REPRESENTATION_CONTEXT(2) 
PARAMETRIC_REPRESENTATION_CONTEXT() REPRESENTATION_CONTEXT('2D SPACE',''
  ) );
#1086 = PCURVE('',#1087,#1094);
#1087 = SURFACE_OF_LINEAR_EXTRUSION('',#1088,#1092);
#1088 = B_SPLINE_CURVE_WITH_KNOTS('',2,(#1089,#1090,#1091),
  .UNSPECIFIED.,.F.,.F.,(3,3),(0.,1.),.PIECEWISE_BEZIER_KNOTS.);
#1089 = CARTESIAN_POINT('',(36.3654296875,74.27939453125,3.65));
#1090 = CARTESIAN_POINT('',(36.59921875,74.27939453125,3.65));
#1091 = CARTESIAN_POINT('',(36.722265625,74.25068359375,3.65));
#1092 = VECTOR('',#1093,1.);
#1093 = DIRECTION('',(-0.,-0.,-1.));
#1094 = DEFINITIONAL_REPRESENTATION('',(#1095),#1102);
#1095 = B_SPLINE_CURVE_WITH_KNOTS('',5,(#1096,#1097,#1098,#1099,#1100,
    #1101),.UNSPECIFIED.,.F.,.F.,(6,6),(0.,1.),
  .PIECEWISE_BEZIER_KNOTS.);
#1096 = CARTESIAN_POINT('',(1.,-0.35));
#1097 = CARTESIAN_POINT('',(0.793686740649,-0.35));
#1098 = CARTESIAN_POINT('',(0.589934236962,-0.35));
#1099 = CARTESIAN_POINT('',(0.389482740206,-0.35));
#1100 = CARTESIAN_POINT('',(0.192764646174,-0.35));
#1101 = CARTESIAN_POINT('',(0.,-0.35));
#1102 = ( GEOMETRIC_REPRESENTATION_CONTEXT(2) 
PARAMETRIC_REPRESENTATION_CONTEXT() REPRESENTATION_CONTEXT('2D SPACE',''
  ) );
#1103 = ORIENTED_EDGE('',*,*,#1104,.F.);
#1104 = EDGE_CURVE('',#1105,#1066,#1107,.T.);
#1105 = VERTEX_POINT('',#1106);
#1106 = CARTESIAN_POINT('',(37.0162109375,74.10712890625,4.));
#1107 = SURFACE_CURVE('',#1108,(#1115,#1125),.PCURVE_S1.);
#1108 = B_SPLINE_CURVE_WITH_KNOTS('',5,(#1109,#1110,#1111,#1112,#1113,
    #1114),.UNSPECIFIED.,.F.,.F.,(6,6),(0.,1.),
  .PIECEWISE_BEZIER_KNOTS.);
#1109 = CARTESIAN_POINT('',(37.0162109375,74.10712890625,4.));
#1110 = CARTESIAN_POINT('',(36.967388950399,74.148819591865,4.));
#1111 = CARTESIAN_POINT('',(36.913452890992,74.184065515192,4.));
#1112 = CARTESIAN_POINT('',(36.854495069758,74.212766195014,4.));
#1113 = CARTESIAN_POINT('',(36.790687172951,74.234935777158,4.));
#1114 = CARTESIAN_POINT('',(36.722265625,74.25068359375,4.));
#1115 = PCURVE('',#44,#1116);
#1116 = DEFINITIONAL_REPRESENTATION('',(#1117),#1124);
#1117 = B_SPLINE_CURVE_WITH_KNOTS('',5,(#1118,#1119,#1120,#1121,#1122,
    #1123),.UNSPECIFIED.,.F.,.F.,(6,6),(0.,1.),
  .PIECEWISE_BEZIER_KNOTS.);
#1118 = CARTESIAN_POINT('',(37.0162109375,74.10712890625));
#1119 = CARTESIAN_POINT('',(36.967388950399,74.148819591865));
#1120 = CARTESIAN_POINT('',(36.913452890992,74.184065515192));
#1121 = CARTESIAN_POINT('',(36.854495069758,74.212766195014));
#1122 = CARTESIAN_POINT('',(36.790687172951,74.234935777158));
#1123 = CARTESIAN_POINT('',(36.722265625,74.25068359375));
#1124 = ( GEOMETRIC_REPRESENTATION_CONTEXT(2) 
PARAMETRIC_REPRESENTATION_CONTEXT() REPRESENTATION_CONTEXT('2D SPACE',''
  ) );
#1125 = PCURVE('',#1126,#1133);
#1126 = SURFACE_OF_LINEAR_EXTRUSION('',#1127,#1131);
#1127 = B_SPLINE_CURVE_WITH_KNOTS('',2,(#1128,#1129,#1130),
  .UNSPECIFIED.,.F.,.F.,(3,3),(0.,1.),.PIECEWISE_BEZIER_KNOTS.);
#1128 = CARTESIAN_POINT('',(36.722265625,74.25068359375,3.65));
#1129 = CARTESIAN_POINT('',(36.89453125,74.21103515625,3.65));
#1130 = CARTESIAN_POINT('',(37.0162109375,74.10712890625,3.65));
#1131 = VECTOR('',#1132,1.);
#1132 = DIRECTION('',(-0.,-0.,-1.));
#1133 = DEFINITIONAL_REPRESENTATION('',(#1134),#1141);
#1134 = B_SPLINE_CURVE_WITH_KNOTS('',5,(#1135,#1136,#1137,#1138,#1139,
    #1140),.UNSPECIFIED.,.F.,.F.,(6,6),(0.,1.),
  .PIECEWISE_BEZIER_KNOTS.);
#1135 = CARTESIAN_POINT('',(1.,-0.35));
#1136 = CARTESIAN_POINT('',(0.799383166967,-0.35));
#1137 = CARTESIAN_POINT('',(0.598666726136,-0.35));
#1138 = CARTESIAN_POINT('',(0.39827188403,-0.35));
#1139 = CARTESIAN_POINT('',(0.198593155049,-0.35));
#1140 = CARTESIAN_POINT('',(0.,-0.35));
#1141 = ( GEOMETRIC_REPRESENTATION_CONTEXT(2) 
PARAMETRIC_REPRESENTATION_CONTEXT() REPRESENTATION_CONTEXT('2D SPACE',''
  ) );
#1142 = ORIENTED_EDGE('',*,*,#1143,.F.);
#1143 = EDGE_CURVE('',#1144,#1105,#1146,.T.);
#1144 = VERTEX_POINT('',#1145);
#1145 = CARTESIAN_POINT('',(37.25341796875,73.7646484375,4.));
#1146 = SURFACE_CURVE('',#1147,(#1158,#1172),.PCURVE_S1.);
#1147 = B_SPLINE_CURVE_WITH_KNOTS('',5,(#1148,#1149,#1150,#1151,#1152,
    #1153,#1154,#1155,#1156,#1157),.UNSPECIFIED.,.F.,.F.,(6,4,6),(0.,
    0.774647043231,1.),.UNSPECIFIED.);
#1148 = CARTESIAN_POINT('',(37.25341796875,73.7646484375,4.));
#1149 = CARTESIAN_POINT('',(37.229274155054,73.828682030346,4.));
#1150 = CARTESIAN_POINT('',(37.200271729468,73.888703849885,4.));
#1151 = CARTESIAN_POINT('',(37.166342788825,73.94449177258,4.));
#1152 = CARTESIAN_POINT('',(37.127491226427,73.995877567622,4.));
#1153 = CARTESIAN_POINT('',(37.071102969697,74.056401442322,4.));
#1154 = CARTESIAN_POINT('',(37.05798691546,74.069659835995,4.));
#1155 = CARTESIAN_POINT('',(37.044464286858,74.082535011022,4.));
#1156 = CARTESIAN_POINT('',(37.030537853977,74.095025131985,4.));
#1157 = CARTESIAN_POINT('',(37.0162109375,74.10712890625,4.));
#1158 = PCURVE('',#44,#1159);
#1159 = DEFINITIONAL_REPRESENTATION('',(#1160),#1171);
#1160 = B_SPLINE_CURVE_WITH_KNOTS('',5,(#1161,#1162,#1163,#1164,#1165,
    #1166,#1167,#1168,#1169,#1170),.UNSPECIFIED.,.F.,.F.,(6,4,6),(0.,
    0.774647043231,1.),.UNSPECIFIED.);
#1161 = CARTESIAN_POINT('',(37.25341796875,73.7646484375));
#1162 = CARTESIAN_POINT('',(37.229274155054,73.828682030346));
#1163 = CARTESIAN_POINT('',(37.200271729468,73.888703849885));
#1164 = CARTESIAN_POINT('',(37.166342788825,73.94449177258));
#1165 = CARTESIAN_POINT('',(37.127491226427,73.995877567622));
#1166 = CARTESIAN_POINT('',(37.071102969697,74.056401442322));
#1167 = CARTESIAN_POINT('',(37.05798691546,74.069659835995));
#1168 = CARTESIAN_POINT('',(37.044464286858,74.082535011022));
#1169 = CARTESIAN_POINT('',(37.030537853977,74.095025131985));
#1170 = CARTESIAN_POINT('',(37.0162109375,74.10712890625));
#1171 = ( GEOMETRIC_REPRESENTATION_CONTEXT(2) 
PARAMETRIC_REPRESENTATION_CONTEXT() REPRESENTATION_CONTEXT('2D SPACE',''
  ) );
#1172 = PCURVE('',#1173,#1180);
#1173 = SURFACE_OF_LINEAR_EXTRUSION('',#1174,#1178);
#1174 = B_SPLINE_CURVE_WITH_KNOTS('',2,(#1175,#1176,#1177),
  .UNSPECIFIED.,.F.,.F.,(3,3),(0.,1.),.PIECEWISE_BEZIER_KNOTS.);
#1175 = CARTESIAN_POINT('',(37.0162109375,74.10712890625,3.65));
#1176 = CARTESIAN_POINT('',(37.1748046875,73.97314453125,3.65));
#1177 = CARTESIAN_POINT('',(37.25341796875,73.7646484375,3.65));
#1178 = VECTOR('',#1179,1.);
#1179 = DIRECTION('',(-0.,-0.,-1.));
#1180 = DEFINITIONAL_REPRESENTATION('',(#1181),#1192);
#1181 = B_SPLINE_CURVE_WITH_KNOTS('',5,(#1182,#1183,#1184,#1185,#1186,
    #1187,#1188,#1189,#1190,#1191),.UNSPECIFIED.,.F.,.F.,(6,4,6),(0.,
    0.774647043231,1.),.UNSPECIFIED.);
#1182 = CARTESIAN_POINT('',(1.,-0.35));
#1183 = CARTESIAN_POINT('',(0.846439346429,-0.35));
#1184 = CARTESIAN_POINT('',(0.691965374612,-0.35));
#1185 = CARTESIAN_POINT('',(0.536860022934,-0.35));
#1186 = CARTESIAN_POINT('',(0.381428291568,-0.35));
#1187 = CARTESIAN_POINT('',(0.180784278367,-0.35));
#1188 = CARTESIAN_POINT('',(0.135568553729,-0.35));
#1189 = CARTESIAN_POINT('',(9.036071638056E-02,-0.35));
#1190 = CARTESIAN_POINT('',(4.516860367035E-02,-0.35));
#1191 = CARTESIAN_POINT('',(0.,-0.35));
#1192 = ( GEOMETRIC_REPRESENTATION_CONTEXT(2) 
PARAMETRIC_REPRESENTATION_CONTEXT() REPRESENTATION_CONTEXT('2D SPACE',''
  ) );
#1193 = ORIENTED_EDGE('',*,*,#1194,.F.);
#1194 = EDGE_CURVE('',#1195,#1144,#1197,.T.);
#1195 = VERTEX_POINT('',#1196);
#1196 = CARTESIAN_POINT('',(37.33203125,73.28818359375,4.));
#1197 = SURFACE_CURVE('',#1198,(#1205,#1215),.PCURVE_S1.);
#1198 = B_SPLINE_CURVE_WITH_KNOTS('',5,(#1199,#1200,#1201,#1202,#1203,
    #1204),.UNSPECIFIED.,.F.,.F.,(6,6),(0.,1.),
  .PIECEWISE_BEZIER_KNOTS.);
#1199 = CARTESIAN_POINT('',(37.33203125,73.28818359375,4.));
#1200 = CARTESIAN_POINT('',(37.33203125,73.393228548715,4.));
#1201 = CARTESIAN_POINT('',(37.324480973208,73.493839429152,4.));
#1202 = CARTESIAN_POINT('',(37.309013563321,73.589559444394,4.));
#1203 = CARTESIAN_POINT('',(37.285353887513,73.679948826867,4.));
#1204 = CARTESIAN_POINT('',(37.25341796875,73.7646484375,4.));
#1205 = PCURVE('',#44,#1206);
#1206 = DEFINITIONAL_REPRESENTATION('',(#1207),#1214);
#1207 = B_SPLINE_CURVE_WITH_KNOTS('',5,(#1208,#1209,#1210,#1211,#1212,
    #1213),.UNSPECIFIED.,.F.,.F.,(6,6),(0.,1.),
  .PIECEWISE_BEZIER_KNOTS.);
#1208 = CARTESIAN_POINT('',(37.33203125,73.28818359375));
#1209 = CARTESIAN_POINT('',(37.33203125,73.393228548715));
#1210 = CARTESIAN_POINT('',(37.324480973208,73.493839429152));
#1211 = CARTESIAN_POINT('',(37.309013563321,73.589559444394));
#1212 = CARTESIAN_POINT('',(37.285353887513,73.679948826867));
#1213 = CARTESIAN_POINT('',(37.25341796875,73.7646484375));
#1214 = ( GEOMETRIC_REPRESENTATION_CONTEXT(2) 
PARAMETRIC_REPRESENTATION_CONTEXT() REPRESENTATION_CONTEXT('2D SPACE',''
  ) );
#1215 = PCURVE('',#1216,#1223);
#1216 = SURFACE_OF_LINEAR_EXTRUSION('',#1217,#1221);
#1217 = B_SPLINE_CURVE_WITH_KNOTS('',2,(#1218,#1219,#1220),
  .UNSPECIFIED.,.F.,.F.,(3,3),(0.,1.),.PIECEWISE_BEZIER_KNOTS.);
#1218 = CARTESIAN_POINT('',(37.25341796875,73.7646484375,3.65));
#1219 = CARTESIAN_POINT('',(37.33203125,73.55615234375,3.65));
#1220 = CARTESIAN_POINT('',(37.33203125,73.28818359375,3.65));
#1221 = VECTOR('',#1222,1.);
#1222 = DIRECTION('',(-0.,-0.,-1.));
#1223 = DEFINITIONAL_REPRESENTATION('',(#1224),#1231);
#1224 = B_SPLINE_CURVE_WITH_KNOTS('',5,(#1225,#1226,#1227,#1228,#1229,
    #1230),.UNSPECIFIED.,.F.,.F.,(6,6),(0.,1.),
  .PIECEWISE_BEZIER_KNOTS.);
#1225 = CARTESIAN_POINT('',(1.,-0.35));
#1226 = CARTESIAN_POINT('',(0.803997751668,-0.35));
#1227 = CARTESIAN_POINT('',(0.605611132022,-0.35));
#1228 = CARTESIAN_POINT('',(0.40517461271,-0.35));
#1229 = CARTESIAN_POINT('',(0.203120377725,-0.35));
#1230 = CARTESIAN_POINT('',(0.,-0.35));
#1231 = ( GEOMETRIC_REPRESENTATION_CONTEXT(2) 
PARAMETRIC_REPRESENTATION_CONTEXT() REPRESENTATION_CONTEXT('2D SPACE',''
  ) );
#1232 = ORIENTED_EDGE('',*,*,#1233,.F.);
#1233 = EDGE_CURVE('',#1234,#1195,#1236,.T.);
#1234 = VERTEX_POINT('',#1235);
#1235 = CARTESIAN_POINT('',(37.2787109375,72.88349609375,4.));
#1236 = SURFACE_CURVE('',#1237,(#1244,#1254),.PCURVE_S1.);
#1237 = B_SPLINE_CURVE_WITH_KNOTS('',5,(#1238,#1239,#1240,#1241,#1242,
    #1243),.UNSPECIFIED.,.F.,.F.,(6,6),(0.,1.),
  .PIECEWISE_BEZIER_KNOTS.);
#1238 = CARTESIAN_POINT('',(37.2787109375,72.88349609375,4.));
#1239 = CARTESIAN_POINT('',(37.300342713557,72.955047353016,4.));
#1240 = CARTESIAN_POINT('',(37.316367602394,73.031539649985,4.));
#1241 = CARTESIAN_POINT('',(37.326876373283,73.112742997755,4.));
#1242 = CARTESIAN_POINT('',(37.33203125,73.198385692959,4.));
#1243 = CARTESIAN_POINT('',(37.33203125,73.28818359375,4.));
#1244 = PCURVE('',#44,#1245);
#1245 = DEFINITIONAL_REPRESENTATION('',(#1246),#1253);
#1246 = B_SPLINE_CURVE_WITH_KNOTS('',5,(#1247,#1248,#1249,#1250,#1251,
    #1252),.UNSPECIFIED.,.F.,.F.,(6,6),(0.,1.),
  .PIECEWISE_BEZIER_KNOTS.);
#1247 = CARTESIAN_POINT('',(37.2787109375,72.88349609375));
#1248 = CARTESIAN_POINT('',(37.300342713557,72.955047353016));
#1249 = CARTESIAN_POINT('',(37.316367602394,73.031539649985));
#1250 = CARTESIAN_POINT('',(37.326876373283,73.112742997755));
#1251 = CARTESIAN_POINT('',(37.33203125,73.198385692959));
#1252 = CARTESIAN_POINT('',(37.33203125,73.28818359375));
#1253 = ( GEOMETRIC_REPRESENTATION_CONTEXT(2) 
PARAMETRIC_REPRESENTATION_CONTEXT() REPRESENTATION_CONTEXT('2D SPACE',''
  ) );
#1254 = PCURVE('',#1255,#1262);
#1255 = SURFACE_OF_LINEAR_EXTRUSION('',#1256,#1260);
#1256 = B_SPLINE_CURVE_WITH_KNOTS('',2,(#1257,#1258,#1259),
  .UNSPECIFIED.,.F.,.F.,(3,3),(0.,1.),.PIECEWISE_BEZIER_KNOTS.);
#1257 = CARTESIAN_POINT('',(37.33203125,73.28818359375,3.65));
#1258 = CARTESIAN_POINT('',(37.33203125,73.05986328125,3.65));
#1259 = CARTESIAN_POINT('',(37.2787109375,72.88349609375,3.65));
#1260 = VECTOR('',#1261,1.);
#1261 = DIRECTION('',(-0.,-0.,-1.));
#1262 = DEFINITIONAL_REPRESENTATION('',(#1263),#1270);
#1263 = B_SPLINE_CURVE_WITH_KNOTS('',5,(#1264,#1265,#1266,#1267,#1268,
    #1269),.UNSPECIFIED.,.F.,.F.,(6,6),(0.,1.),
  .PIECEWISE_BEZIER_KNOTS.);
#1264 = CARTESIAN_POINT('',(1.,-0.35));
#1265 = CARTESIAN_POINT('',(0.797152576166,-0.35));
#1266 = CARTESIAN_POINT('',(0.595448465368,-0.35));
#1267 = CARTESIAN_POINT('',(0.395197637937,-0.35));
#1268 = CARTESIAN_POINT('',(0.196648952973,-0.35));
#1269 = CARTESIAN_POINT('',(0.,-0.35));
#1270 = ( GEOMETRIC_REPRESENTATION_CONTEXT(2) 
PARAMETRIC_REPRESENTATION_CONTEXT() REPRESENTATION_CONTEXT('2D SPACE',''
  ) );
#1271 = ORIENTED_EDGE('',*,*,#1272,.F.);
#1272 = EDGE_CURVE('',#1273,#1234,#1275,.T.);
#1273 = VERTEX_POINT('',#1274);
#1274 = CARTESIAN_POINT('',(37.1419921875,72.5916015625,4.));
#1275 = SURFACE_CURVE('',#1276,(#1283,#1293),.PCURVE_S1.);
#1276 = B_SPLINE_CURVE_WITH_KNOTS('',5,(#1277,#1278,#1279,#1280,#1281,
    #1282),.UNSPECIFIED.,.F.,.F.,(6,6),(0.,1.),
  .PIECEWISE_BEZIER_KNOTS.);
#1277 = CARTESIAN_POINT('',(37.1419921875,72.5916015625,4.));
#1278 = CARTESIAN_POINT('',(37.175722263976,72.638326012701,4.));
#1279 = CARTESIAN_POINT('',(37.206234949129,72.691073233754,4.));
#1280 = CARTESIAN_POINT('',(37.233535679171,72.749673696952,4.));
#1281 = CARTESIAN_POINT('',(37.257670418537,72.813900531027,4.));
#1282 = CARTESIAN_POINT('',(37.2787109375,72.88349609375,4.));
#1283 = PCURVE('',#44,#1284);
#1284 = DEFINITIONAL_REPRESENTATION('',(#1285),#1292);
#1285 = B_SPLINE_CURVE_WITH_KNOTS('',5,(#1286,#1287,#1288,#1289,#1290,
    #1291),.UNSPECIFIED.,.F.,.F.,(6,6),(0.,1.),
  .PIECEWISE_BEZIER_KNOTS.);
#1286 = CARTESIAN_POINT('',(37.1419921875,72.5916015625));
#1287 = CARTESIAN_POINT('',(37.175722263976,72.638326012701));
#1288 = CARTESIAN_POINT('',(37.206234949129,72.691073233754));
#1289 = CARTESIAN_POINT('',(37.233535679171,72.749673696952));
#1290 = CARTESIAN_POINT('',(37.257670418537,72.813900531027));
#1291 = CARTESIAN_POINT('',(37.2787109375,72.88349609375));
#1292 = ( GEOMETRIC_REPRESENTATION_CONTEXT(2) 
PARAMETRIC_REPRESENTATION_CONTEXT() REPRESENTATION_CONTEXT('2D SPACE',''
  ) );
#1293 = PCURVE('',#1294,#1301);
#1294 = SURFACE_OF_LINEAR_EXTRUSION('',#1295,#1299);
#1295 = B_SPLINE_CURVE_WITH_KNOTS('',2,(#1296,#1297,#1298),
  .UNSPECIFIED.,.F.,.F.,(3,3),(0.,1.),.PIECEWISE_BEZIER_KNOTS.);
#1296 = CARTESIAN_POINT('',(37.2787109375,72.88349609375,3.65));
#1297 = CARTESIAN_POINT('',(37.225390625,72.70712890625,3.65));
#1298 = CARTESIAN_POINT('',(37.1419921875,72.5916015625,3.65));
#1299 = VECTOR('',#1300,1.);
#1300 = DIRECTION('',(-0.,-0.,-1.));
#1301 = DEFINITIONAL_REPRESENTATION('',(#1302),#1309);
#1302 = B_SPLINE_CURVE_WITH_KNOTS('',5,(#1303,#1304,#1305,#1306,#1307,
    #1308),.UNSPECIFIED.,.F.,.F.,(6,6),(0.,1.),
  .PIECEWISE_BEZIER_KNOTS.);
#1303 = CARTESIAN_POINT('',(1.,-0.35));
#1304 = CARTESIAN_POINT('',(0.797777527448,-0.35));
#1305 = CARTESIAN_POINT('',(0.59640850459,-0.35));
#1306 = CARTESIAN_POINT('',(0.396171822658,-0.35));
#1307 = CARTESIAN_POINT('',(0.197303034963,-0.35));
#1308 = CARTESIAN_POINT('',(0.,-0.35));
#1309 = ( GEOMETRIC_REPRESENTATION_CONTEXT(2) 
PARAMETRIC_REPRESENTATION_CONTEXT() REPRESENTATION_CONTEXT('2D SPACE',''
  ) );
#1310 = ORIENTED_EDGE('',*,*,#1311,.F.);
#1311 = EDGE_CURVE('',#1312,#1273,#1314,.T.);
#1312 = VERTEX_POINT('',#1313);
#1313 = CARTESIAN_POINT('',(36.95947265625,72.409765625,4.));
#1314 = SURFACE_CURVE('',#1315,(#1321,#1330),.PCURVE_S1.);
#1315 = B_SPLINE_CURVE_WITH_KNOTS('',4,(#1316,#1317,#1318,#1319,#1320),
  .UNSPECIFIED.,.F.,.F.,(5,5),(0.,1.),.PIECEWISE_BEZIER_KNOTS.);
#1316 = CARTESIAN_POINT('',(36.95947265625,72.409765625,4.));
#1317 = CARTESIAN_POINT('',(37.009275686574,72.443082134941,4.));
#1318 = CARTESIAN_POINT('',(37.056324929022,72.484610901632,4.));
#1319 = CARTESIAN_POINT('',(37.100562920196,72.534211839759,4.));
#1320 = CARTESIAN_POINT('',(37.1419921875,72.5916015625,4.));
#1321 = PCURVE('',#44,#1322);
#1322 = DEFINITIONAL_REPRESENTATION('',(#1323),#1329);
#1323 = B_SPLINE_CURVE_WITH_KNOTS('',4,(#1324,#1325,#1326,#1327,#1328),
  .UNSPECIFIED.,.F.,.F.,(5,5),(0.,1.),.PIECEWISE_BEZIER_KNOTS.);
#1324 = CARTESIAN_POINT('',(36.95947265625,72.409765625));
#1325 = CARTESIAN_POINT('',(37.009275686574,72.443082134941));
#1326 = CARTESIAN_POINT('',(37.056324929022,72.484610901632));
#1327 = CARTESIAN_POINT('',(37.100562920196,72.534211839759));
#1328 = CARTESIAN_POINT('',(37.1419921875,72.5916015625));
#1329 = ( GEOMETRIC_REPRESENTATION_CONTEXT(2) 
PARAMETRIC_REPRESENTATION_CONTEXT() REPRESENTATION_CONTEXT('2D SPACE',''
  ) );
#1330 = PCURVE('',#1331,#1338);
#1331 = SURFACE_OF_LINEAR_EXTRUSION('',#1332,#1336);
#1332 = B_SPLINE_CURVE_WITH_KNOTS('',2,(#1333,#1334,#1335),
  .UNSPECIFIED.,.F.,.F.,(3,3),(0.,1.),.PIECEWISE_BEZIER_KNOTS.);
#1333 = CARTESIAN_POINT('',(37.1419921875,72.5916015625,3.65));
#1334 = CARTESIAN_POINT('',(37.05859375,72.47607421875,3.65));
#1335 = CARTESIAN_POINT('',(36.95947265625,72.409765625,3.65));
#1336 = VECTOR('',#1337,1.);
#1337 = DIRECTION('',(-0.,-0.,-1.));
#1338 = DEFINITIONAL_REPRESENTATION('',(#1339),#1345);
#1339 = B_SPLINE_CURVE_WITH_KNOTS('',4,(#1340,#1341,#1342,#1343,#1344),
  .UNSPECIFIED.,.F.,.F.,(5,5),(0.,1.),.PIECEWISE_BEZIER_KNOTS.);
#1340 = CARTESIAN_POINT('',(1.,-0.35));
#1341 = CARTESIAN_POINT('',(0.748776832257,-0.35));
#1342 = CARTESIAN_POINT('',(0.498095746072,-0.35));
#1343 = CARTESIAN_POINT('',(0.248381555736,-0.35));
#1344 = CARTESIAN_POINT('',(0.,-0.35));
#1345 = ( GEOMETRIC_REPRESENTATION_CONTEXT(2) 
PARAMETRIC_REPRESENTATION_CONTEXT() REPRESENTATION_CONTEXT('2D SPACE',''
  ) );
#1346 = ORIENTED_EDGE('',*,*,#1347,.F.);
#1347 = EDGE_CURVE('',#1348,#1312,#1350,.T.);
#1348 = VERTEX_POINT('',#1349);
#1349 = CARTESIAN_POINT('',(36.72021484375,72.30927734375,4.));
#1350 = SURFACE_CURVE('',#1351,(#1358,#1368),.PCURVE_S1.);
#1351 = B_SPLINE_CURVE_WITH_KNOTS('',5,(#1352,#1353,#1354,#1355,#1356,
    #1357),.UNSPECIFIED.,.F.,.F.,(6,6),(0.,1.),
  .PIECEWISE_BEZIER_KNOTS.);
#1352 = CARTESIAN_POINT('',(36.72021484375,72.30927734375,4.));
#1353 = CARTESIAN_POINT('',(36.775880205936,72.322854261356,4.));
#1354 = CARTESIAN_POINT('',(36.827738273053,72.339657519391,4.));
#1355 = CARTESIAN_POINT('',(36.87567897964,72.359731177965,4.));
#1356 = CARTESIAN_POINT('',(36.919611995331,72.38310021735,4.));
#1357 = CARTESIAN_POINT('',(36.95947265625,72.409765625,4.));
#1358 = PCURVE('',#44,#1359);
#1359 = DEFINITIONAL_REPRESENTATION('',(#1360),#1367);
#1360 = B_SPLINE_CURVE_WITH_KNOTS('',5,(#1361,#1362,#1363,#1364,#1365,
    #1366),.UNSPECIFIED.,.F.,.F.,(6,6),(0.,1.),
  .PIECEWISE_BEZIER_KNOTS.);
#1361 = CARTESIAN_POINT('',(36.72021484375,72.30927734375));
#1362 = CARTESIAN_POINT('',(36.775880205936,72.322854261356));
#1363 = CARTESIAN_POINT('',(36.827738273053,72.339657519391));
#1364 = CARTESIAN_POINT('',(36.87567897964,72.359731177965));
#1365 = CARTESIAN_POINT('',(36.919611995331,72.38310021735));
#1366 = CARTESIAN_POINT('',(36.95947265625,72.409765625));
#1367 = ( GEOMETRIC_REPRESENTATION_CONTEXT(2) 
PARAMETRIC_REPRESENTATION_CONTEXT() REPRESENTATION_CONTEXT('2D SPACE',''
  ) );
#1368 = PCURVE('',#1369,#1376);
#1369 = SURFACE_OF_LINEAR_EXTRUSION('',#1370,#1374);
#1370 = B_SPLINE_CURVE_WITH_KNOTS('',2,(#1371,#1372,#1373),
  .UNSPECIFIED.,.F.,.F.,(3,3),(0.,1.),.PIECEWISE_BEZIER_KNOTS.);
#1371 = CARTESIAN_POINT('',(36.95947265625,72.409765625,3.65));
#1372 = CARTESIAN_POINT('',(36.8603515625,72.34345703125,3.65));
#1373 = CARTESIAN_POINT('',(36.72021484375,72.30927734375,3.65));
#1374 = VECTOR('',#1375,1.);
#1375 = DIRECTION('',(-0.,-0.,-1.));
#1376 = DEFINITIONAL_REPRESENTATION('',(#1377),#1384);
#1377 = B_SPLINE_CURVE_WITH_KNOTS('',5,(#1378,#1379,#1380,#1381,#1382,
    #1383),.UNSPECIFIED.,.F.,.F.,(6,6),(0.,1.),
  .PIECEWISE_BEZIER_KNOTS.);
#1378 = CARTESIAN_POINT('',(1.,-0.35));
#1379 = CARTESIAN_POINT('',(0.801389091017,-0.35));
#1380 = CARTESIAN_POINT('',(0.601930827243,-0.35));
#1381 = CARTESIAN_POINT('',(0.401771637388,-0.35));
#1382 = CARTESIAN_POINT('',(0.201070526017,-0.35));
#1383 = CARTESIAN_POINT('',(0.,-0.35));
#1384 = ( GEOMETRIC_REPRESENTATION_CONTEXT(2) 
PARAMETRIC_REPRESENTATION_CONTEXT() REPRESENTATION_CONTEXT('2D SPACE',''
  ) );
#1385 = ORIENTED_EDGE('',*,*,#1386,.F.);
#1386 = EDGE_CURVE('',#988,#1348,#1387,.T.);
#1387 = SURFACE_CURVE('',#1388,(#1395,#1405),.PCURVE_S1.);
#1388 = B_SPLINE_CURVE_WITH_KNOTS('',5,(#1389,#1390,#1391,#1392,#1393,
    #1394),.UNSPECIFIED.,.F.,.F.,(6,6),(0.,1.),
  .PIECEWISE_BEZIER_KNOTS.);
#1389 = CARTESIAN_POINT('',(36.3982421875,72.27509765625,4.));
#1390 = CARTESIAN_POINT('',(36.4701203435,72.27509765625,4.));
#1391 = CARTESIAN_POINT('',(36.538402069168,72.278435631801,4.));
#1392 = CARTESIAN_POINT('',(36.602935707542,72.28519995342,4.));
#1393 = CARTESIAN_POINT('',(36.663580189991,72.295464013565,4.));
#1394 = CARTESIAN_POINT('',(36.72021484375,72.30927734375,4.));
#1395 = PCURVE('',#44,#1396);
#1396 = DEFINITIONAL_REPRESENTATION('',(#1397),#1404);
#1397 = B_SPLINE_CURVE_WITH_KNOTS('',5,(#1398,#1399,#1400,#1401,#1402,
    #1403),.UNSPECIFIED.,.F.,.F.,(6,6),(0.,1.),
  .PIECEWISE_BEZIER_KNOTS.);
#1398 = CARTESIAN_POINT('',(36.3982421875,72.27509765625));
#1399 = CARTESIAN_POINT('',(36.4701203435,72.27509765625));
#1400 = CARTESIAN_POINT('',(36.538402069168,72.278435631801));
#1401 = CARTESIAN_POINT('',(36.602935707542,72.28519995342));
#1402 = CARTESIAN_POINT('',(36.663580189991,72.295464013565));
#1403 = CARTESIAN_POINT('',(36.72021484375,72.30927734375));
#1404 = ( GEOMETRIC_REPRESENTATION_CONTEXT(2) 
PARAMETRIC_REPRESENTATION_CONTEXT() REPRESENTATION_CONTEXT('2D SPACE',''
  ) );
#1405 = PCURVE('',#1406,#1413);
#1406 = SURFACE_OF_LINEAR_EXTRUSION('',#1407,#1411);
#1407 = B_SPLINE_CURVE_WITH_KNOTS('',2,(#1408,#1409,#1410),
  .UNSPECIFIED.,.F.,.F.,(3,3),(0.,1.),.PIECEWISE_BEZIER_KNOTS.);
#1408 = CARTESIAN_POINT('',(36.72021484375,72.30927734375,3.65));
#1409 = CARTESIAN_POINT('',(36.580078125,72.27509765625,3.65));
#1410 = CARTESIAN_POINT('',(36.3982421875,72.27509765625,3.65));
#1411 = VECTOR('',#1412,1.);
#1412 = DIRECTION('',(-0.,-0.,-1.));
#1413 = DEFINITIONAL_REPRESENTATION('',(#1414),#1421);
#1414 = B_SPLINE_CURVE_WITH_KNOTS('',5,(#1415,#1416,#1417,#1418,#1419,
    #1420),.UNSPECIFIED.,.F.,.F.,(6,6),(0.,1.),
  .PIECEWISE_BEZIER_KNOTS.);
#1415 = CARTESIAN_POINT('',(1.,-0.35));
#1416 = CARTESIAN_POINT('',(0.80235437233,-0.35));
#1417 = CARTESIAN_POINT('',(0.603400147894,-0.35));
#1418 = CARTESIAN_POINT('',(0.403257888478,-0.35));
#1419 = CARTESIAN_POINT('',(0.20206928728,-0.35));
#1420 = CARTESIAN_POINT('',(0.,-0.35));
#1421 = ( GEOMETRIC_REPRESENTATION_CONTEXT(2) 
PARAMETRIC_REPRESENTATION_CONTEXT() REPRESENTATION_CONTEXT('2D SPACE',''
  ) );
#1422 = FACE_BOUND('',#1423,.T.);
#1423 = EDGE_LOOP('',(#1424,#1452,#1491,#1536,#1587,#1638,#1689,#1740,
    #1785,#1830,#1856,#1882,#1908,#1934,#1960,#1986,#2037,#2088,#2139,
    #2190,#2241,#2292));
#1424 = ORIENTED_EDGE('',*,*,#1425,.F.);
#1425 = EDGE_CURVE('',#1426,#1428,#1430,.T.);
#1426 = VERTEX_POINT('',#1427);
#1427 = CARTESIAN_POINT('',(37.8556640625,72.82197265625,4.));
#1428 = VERTEX_POINT('',#1429);
#1429 = CARTESIAN_POINT('',(37.597265625,72.80009765625,4.));
#1430 = SURFACE_CURVE('',#1431,(#1435,#1441),.PCURVE_S1.);
#1431 = LINE('',#1432,#1433);
#1432 = CARTESIAN_POINT('',(15.872838620204,70.960992724627,4.));
#1433 = VECTOR('',#1434,1.);
#1434 = DIRECTION('',(-0.996435819697,-8.43543551066E-02,0.));
#1435 = PCURVE('',#44,#1436);
#1436 = DEFINITIONAL_REPRESENTATION('',(#1437),#1440);
#1437 = B_SPLINE_CURVE_WITH_KNOTS('',1,(#1438,#1439),.UNSPECIFIED.,.F.,
  .F.,(2,2),(-22.06145645084,-21.80213374044),.PIECEWISE_BEZIER_KNOTS.);
#1438 = CARTESIAN_POINT('',(37.8556640625,72.82197265625));
#1439 = CARTESIAN_POINT('',(37.597265625,72.80009765625));
#1440 = ( GEOMETRIC_REPRESENTATION_CONTEXT(2) 
PARAMETRIC_REPRESENTATION_CONTEXT() REPRESENTATION_CONTEXT('2D SPACE',''
  ) );
#1441 = PCURVE('',#1442,#1447);
#1442 = PLANE('',#1443);
#1443 = AXIS2_PLACEMENT_3D('',#1444,#1445,#1446);
#1444 = CARTESIAN_POINT('',(37.597265625,72.80009765625,3.65));
#1445 = DIRECTION('',(-8.43543551066E-02,0.996435819697,0.));
#1446 = DIRECTION('',(0.996435819697,8.43543551066E-02,0.));
#1447 = DEFINITIONAL_REPRESENTATION('',(#1448),#1451);
#1448 = B_SPLINE_CURVE_WITH_KNOTS('',1,(#1449,#1450),.UNSPECIFIED.,.F.,
  .F.,(2,2),(-22.06145645084,-21.80213374044),.PIECEWISE_BEZIER_KNOTS.);
#1449 = CARTESIAN_POINT('',(0.259322710397,-0.35));
#1450 = CARTESIAN_POINT('',(0.,-0.35));
#1451 = ( GEOMETRIC_REPRESENTATION_CONTEXT(2) 
PARAMETRIC_REPRESENTATION_CONTEXT() REPRESENTATION_CONTEXT('2D SPACE',''
  ) );
#1452 = ORIENTED_EDGE('',*,*,#1453,.F.);
#1453 = EDGE_CURVE('',#1454,#1426,#1456,.T.);
#1454 = VERTEX_POINT('',#1455);
#1455 = CARTESIAN_POINT('',(37.98896484375,72.53828125,4.));
#1456 = SURFACE_CURVE('',#1457,(#1464,#1474),.PCURVE_S1.);
#1457 = B_SPLINE_CURVE_WITH_KNOTS('',5,(#1458,#1459,#1460,#1461,#1462,
    #1463),.UNSPECIFIED.,.F.,.F.,(6,6),(0.,1.),
  .PIECEWISE_BEZIER_KNOTS.);
#1458 = CARTESIAN_POINT('',(37.98896484375,72.53828125,4.));
#1459 = CARTESIAN_POINT('',(37.946683803506,72.576693436889,4.));
#1460 = CARTESIAN_POINT('',(37.91218742672,72.624639915087,4.));
#1461 = CARTESIAN_POINT('',(37.885655899938,72.681902791102,4.));
#1462 = CARTESIAN_POINT('',(37.866932203062,72.747924875411,4.));
#1463 = CARTESIAN_POINT('',(37.8556640625,72.82197265625,4.));
#1464 = PCURVE('',#44,#1465);
#1465 = DEFINITIONAL_REPRESENTATION('',(#1466),#1473);
#1466 = B_SPLINE_CURVE_WITH_KNOTS('',5,(#1467,#1468,#1469,#1470,#1471,
    #1472),.UNSPECIFIED.,.F.,.F.,(6,6),(0.,1.),
  .PIECEWISE_BEZIER_KNOTS.);
#1467 = CARTESIAN_POINT('',(37.98896484375,72.53828125));
#1468 = CARTESIAN_POINT('',(37.946683803506,72.576693436889));
#1469 = CARTESIAN_POINT('',(37.91218742672,72.624639915087));
#1470 = CARTESIAN_POINT('',(37.885655899938,72.681902791102));
#1471 = CARTESIAN_POINT('',(37.866932203062,72.747924875411));
#1472 = CARTESIAN_POINT('',(37.8556640625,72.82197265625));
#1473 = ( GEOMETRIC_REPRESENTATION_CONTEXT(2) 
PARAMETRIC_REPRESENTATION_CONTEXT() REPRESENTATION_CONTEXT('2D SPACE',''
  ) );
#1474 = PCURVE('',#1475,#1482);
#1475 = SURFACE_OF_LINEAR_EXTRUSION('',#1476,#1480);
#1476 = B_SPLINE_CURVE_WITH_KNOTS('',2,(#1477,#1478,#1479),
  .UNSPECIFIED.,.F.,.F.,(3,3),(0.,1.),.PIECEWISE_BEZIER_KNOTS.);
#1477 = CARTESIAN_POINT('',(37.8556640625,72.82197265625,3.65));
#1478 = CARTESIAN_POINT('',(37.884375,72.63330078125,3.65));
#1479 = CARTESIAN_POINT('',(37.98896484375,72.53828125,3.65));
#1480 = VECTOR('',#1481,1.);
#1481 = DIRECTION('',(-0.,-0.,-1.));
#1482 = DEFINITIONAL_REPRESENTATION('',(#1483),#1490);
#1483 = B_SPLINE_CURVE_WITH_KNOTS('',5,(#1484,#1485,#1486,#1487,#1488,
    #1489),.UNSPECIFIED.,.F.,.F.,(6,6),(0.,1.),
  .PIECEWISE_BEZIER_KNOTS.);
#1484 = CARTESIAN_POINT('',(1.,-0.35));
#1485 = CARTESIAN_POINT('',(0.797872151212,-0.35));
#1486 = CARTESIAN_POINT('',(0.595908970505,-0.35));
#1487 = CARTESIAN_POINT('',(0.395092765727,-0.35));
#1488 = CARTESIAN_POINT('',(0.196234284625,-0.35));
#1489 = CARTESIAN_POINT('',(0.,-0.35));
#1490 = ( GEOMETRIC_REPRESENTATION_CONTEXT(2) 
PARAMETRIC_REPRESENTATION_CONTEXT() REPRESENTATION_CONTEXT('2D SPACE',''
  ) );
#1491 = ORIENTED_EDGE('',*,*,#1492,.F.);
#1492 = EDGE_CURVE('',#1493,#1454,#1495,.T.);
#1493 = VERTEX_POINT('',#1494);
#1494 = CARTESIAN_POINT('',(38.2412109375,72.44326171875,4.));
#1495 = SURFACE_CURVE('',#1496,(#1505,#1517),.PCURVE_S1.);
#1496 = B_SPLINE_CURVE_WITH_KNOTS('',4,(#1497,#1498,#1499,#1500,#1501,
    #1502,#1503,#1504),.UNSPECIFIED.,.F.,.F.,(5,3,5),(0.,0.585274108754,
    1.),.UNSPECIFIED.);
#1497 = CARTESIAN_POINT('',(38.2412109375,72.44326171875,4.));
#1498 = CARTESIAN_POINT('',(38.198219024957,72.44326171875,4.));
#1499 = CARTESIAN_POINT('',(38.157465252487,72.448631611138,4.));
#1500 = CARTESIAN_POINT('',(38.119094194319,72.459483339281,4.));
#1501 = CARTESIAN_POINT('',(38.057750854671,72.487327452505,4.));
#1502 = CARTESIAN_POINT('',(38.033549319688,72.501608990338,4.));
#1503 = CARTESIAN_POINT('',(38.010616799314,72.518610519128,4.));
#1504 = CARTESIAN_POINT('',(37.98896484375,72.53828125,4.));
#1505 = PCURVE('',#44,#1506);
#1506 = DEFINITIONAL_REPRESENTATION('',(#1507),#1516);
#1507 = B_SPLINE_CURVE_WITH_KNOTS('',4,(#1508,#1509,#1510,#1511,#1512,
    #1513,#1514,#1515),.UNSPECIFIED.,.F.,.F.,(5,3,5),(0.,0.585274108754,
    1.),.UNSPECIFIED.);
#1508 = CARTESIAN_POINT('',(38.2412109375,72.44326171875));
#1509 = CARTESIAN_POINT('',(38.198219024957,72.44326171875));
#1510 = CARTESIAN_POINT('',(38.157465252487,72.448631611138));
#1511 = CARTESIAN_POINT('',(38.119094194319,72.459483339281));
#1512 = CARTESIAN_POINT('',(38.057750854671,72.487327452505));
#1513 = CARTESIAN_POINT('',(38.033549319688,72.501608990338));
#1514 = CARTESIAN_POINT('',(38.010616799314,72.518610519128));
#1515 = CARTESIAN_POINT('',(37.98896484375,72.53828125));
#1516 = ( GEOMETRIC_REPRESENTATION_CONTEXT(2) 
PARAMETRIC_REPRESENTATION_CONTEXT() REPRESENTATION_CONTEXT('2D SPACE',''
  ) );
#1517 = PCURVE('',#1518,#1525);
#1518 = SURFACE_OF_LINEAR_EXTRUSION('',#1519,#1523);
#1519 = B_SPLINE_CURVE_WITH_KNOTS('',2,(#1520,#1521,#1522),
  .UNSPECIFIED.,.F.,.F.,(3,3),(0.,1.),.PIECEWISE_BEZIER_KNOTS.);
#1520 = CARTESIAN_POINT('',(37.98896484375,72.53828125,3.65));
#1521 = CARTESIAN_POINT('',(38.0935546875,72.44326171875,3.65));
#1522 = CARTESIAN_POINT('',(38.2412109375,72.44326171875,3.65));
#1523 = VECTOR('',#1524,1.);
#1524 = DIRECTION('',(-0.,-0.,-1.));
#1525 = DEFINITIONAL_REPRESENTATION('',(#1526),#1535);
#1526 = B_SPLINE_CURVE_WITH_KNOTS('',4,(#1527,#1528,#1529,#1530,#1531,
    #1532,#1533,#1534),.UNSPECIFIED.,.F.,.F.,(5,3,5),(0.,0.585274108754,
    1.),.UNSPECIFIED.);
#1527 = CARTESIAN_POINT('',(1.,-0.35));
#1528 = CARTESIAN_POINT('',(0.85441892049,-0.35));
#1529 = CARTESIAN_POINT('',(0.708175166539,-0.35));
#1530 = CARTESIAN_POINT('',(0.561586494113,-0.35));
#1531 = CARTESIAN_POINT('',(0.311128645524,-0.35));
#1532 = CARTESIAN_POINT('',(0.207257450763,-0.35));
#1533 = CARTESIAN_POINT('',(0.103508881874,-0.35));
#1534 = CARTESIAN_POINT('',(0.,-0.35));
#1535 = ( GEOMETRIC_REPRESENTATION_CONTEXT(2) 
PARAMETRIC_REPRESENTATION_CONTEXT() REPRESENTATION_CONTEXT('2D SPACE',''
  ) );
#1536 = ORIENTED_EDGE('',*,*,#1537,.F.);
#1537 = EDGE_CURVE('',#1538,#1493,#1540,.T.);
#1538 = VERTEX_POINT('',#1539);
#1539 = CARTESIAN_POINT('',(38.5419921875,72.57724609375,4.));
#1540 = SURFACE_CURVE('',#1541,(#1552,#1566),.PCURVE_S1.);
#1541 = B_SPLINE_CURVE_WITH_KNOTS('',5,(#1542,#1543,#1544,#1545,#1546,
    #1547,#1548,#1549,#1550,#1551),.UNSPECIFIED.,.F.,.F.,(6,4,6),(0.,
    0.537218847637,1.),.UNSPECIFIED.);
#1542 = CARTESIAN_POINT('',(38.5419921875,72.57724609375,4.));
#1543 = CARTESIAN_POINT('',(38.515749995593,72.548671262563,4.));
#1544 = CARTESIAN_POINT('',(38.487814014631,72.523753737541,4.));
#1545 = CARTESIAN_POINT('',(38.458194682757,72.502621645449,4.));
#1546 = CARTESIAN_POINT('',(38.426925885084,72.485356780543,4.));
#1547 = CARTESIAN_POINT('',(38.365766040886,72.460463824223,4.));
#1548 = CARTESIAN_POINT('',(38.336283649326,72.451831870236,4.));
#1549 = CARTESIAN_POINT('',(38.305662064989,72.446103027149,4.));
#1550 = CARTESIAN_POINT('',(38.273951126898,72.44326171875,4.));
#1551 = CARTESIAN_POINT('',(38.2412109375,72.44326171875,4.));
#1552 = PCURVE('',#44,#1553);
#1553 = DEFINITIONAL_REPRESENTATION('',(#1554),#1565);
#1554 = B_SPLINE_CURVE_WITH_KNOTS('',5,(#1555,#1556,#1557,#1558,#1559,
    #1560,#1561,#1562,#1563,#1564),.UNSPECIFIED.,.F.,.F.,(6,4,6),(0.,
    0.537218847637,1.),.UNSPECIFIED.);
#1555 = CARTESIAN_POINT('',(38.5419921875,72.57724609375));
#1556 = CARTESIAN_POINT('',(38.515749995593,72.548671262563));
#1557 = CARTESIAN_POINT('',(38.487814014631,72.523753737541));
#1558 = CARTESIAN_POINT('',(38.458194682757,72.502621645449));
#1559 = CARTESIAN_POINT('',(38.426925885084,72.485356780543));
#1560 = CARTESIAN_POINT('',(38.365766040886,72.460463824223));
#1561 = CARTESIAN_POINT('',(38.336283649326,72.451831870236));
#1562 = CARTESIAN_POINT('',(38.305662064989,72.446103027149));
#1563 = CARTESIAN_POINT('',(38.273951126898,72.44326171875));
#1564 = CARTESIAN_POINT('',(38.2412109375,72.44326171875));
#1565 = ( GEOMETRIC_REPRESENTATION_CONTEXT(2) 
PARAMETRIC_REPRESENTATION_CONTEXT() REPRESENTATION_CONTEXT('2D SPACE',''
  ) );
#1566 = PCURVE('',#1567,#1574);
#1567 = SURFACE_OF_LINEAR_EXTRUSION('',#1568,#1572);
#1568 = B_SPLINE_CURVE_WITH_KNOTS('',2,(#1569,#1570,#1571),
  .UNSPECIFIED.,.F.,.F.,(3,3),(0.,1.),.PIECEWISE_BEZIER_KNOTS.);
#1569 = CARTESIAN_POINT('',(38.2412109375,72.44326171875,3.65));
#1570 = CARTESIAN_POINT('',(38.4189453125,72.44326171875,3.65));
#1571 = CARTESIAN_POINT('',(38.5419921875,72.57724609375,3.65));
#1572 = VECTOR('',#1573,1.);
#1573 = DIRECTION('',(-0.,-0.,-1.));
#1574 = DEFINITIONAL_REPRESENTATION('',(#1575),#1586);
#1575 = B_SPLINE_CURVE_WITH_KNOTS('',5,(#1576,#1577,#1578,#1579,#1580,
    #1581,#1582,#1583,#1584,#1585),.UNSPECIFIED.,.F.,.F.,(6,4,6),(0.,
    0.537218847637,1.),.UNSPECIFIED.);
#1576 = CARTESIAN_POINT('',(1.,-0.35));
#1577 = CARTESIAN_POINT('',(0.893365061459,-0.35));
#1578 = CARTESIAN_POINT('',(0.786164641341,-0.35));
#1579 = CARTESIAN_POINT('',(0.678575224311,-0.35));
#1580 = CARTESIAN_POINT('',(0.570786054918,-0.35));
#1581 = CARTESIAN_POINT('',(0.370148911616,-0.35));
#1582 = CARTESIAN_POINT('',(0.277297885795,-0.35));
#1583 = CARTESIAN_POINT('',(0.184575564526,-0.35));
#1584 = CARTESIAN_POINT('',(9.210426907666E-02,-0.35));
#1585 = CARTESIAN_POINT('',(0.,-0.35));
#1586 = ( GEOMETRIC_REPRESENTATION_CONTEXT(2) 
PARAMETRIC_REPRESENTATION_CONTEXT() REPRESENTATION_CONTEXT('2D SPACE',''
  ) );
#1587 = ORIENTED_EDGE('',*,*,#1588,.F.);
#1588 = EDGE_CURVE('',#1589,#1538,#1591,.T.);
#1589 = VERTEX_POINT('',#1590);
#1590 = CARTESIAN_POINT('',(38.6650390625,72.93271484375,4.));
#1591 = SURFACE_CURVE('',#1592,(#1603,#1617),.PCURVE_S1.);
#1592 = B_SPLINE_CURVE_WITH_KNOTS('',5,(#1593,#1594,#1595,#1596,#1597,
    #1598,#1599,#1600,#1601,#1602),.UNSPECIFIED.,.F.,.F.,(6,4,6),(0.,
    0.85018592047,1.),.UNSPECIFIED.);
#1593 = CARTESIAN_POINT('',(38.6650390625,72.93271484375,4.));
#1594 = CARTESIAN_POINT('',(38.6650390625,72.858896975773,4.));
#1595 = CARTESIAN_POINT('',(38.656496506784,72.790147990425,4.));
#1596 = CARTESIAN_POINT('',(38.638945883018,72.727076290083,4.));
#1597 = CARTESIAN_POINT('',(38.612165188258,72.670173722104,4.));
#1598 = CARTESIAN_POINT('',(38.570035066549,72.610811106953,4.));
#1599 = CARTESIAN_POINT('',(38.563442631226,72.602117348559,4.));
#1600 = CARTESIAN_POINT('',(38.556570413678,72.593624556856,4.));
#1601 = CARTESIAN_POINT('',(38.549419718563,72.585333849796,4.));
#1602 = CARTESIAN_POINT('',(38.5419921875,72.57724609375,4.));
#1603 = PCURVE('',#44,#1604);
#1604 = DEFINITIONAL_REPRESENTATION('',(#1605),#1616);
#1605 = B_SPLINE_CURVE_WITH_KNOTS('',5,(#1606,#1607,#1608,#1609,#1610,
    #1611,#1612,#1613,#1614,#1615),.UNSPECIFIED.,.F.,.F.,(6,4,6),(0.,
    0.85018592047,1.),.UNSPECIFIED.);
#1606 = CARTESIAN_POINT('',(38.6650390625,72.93271484375));
#1607 = CARTESIAN_POINT('',(38.6650390625,72.858896975773));
#1608 = CARTESIAN_POINT('',(38.656496506784,72.790147990425));
#1609 = CARTESIAN_POINT('',(38.638945883018,72.727076290083));
#1610 = CARTESIAN_POINT('',(38.612165188258,72.670173722104));
#1611 = CARTESIAN_POINT('',(38.570035066549,72.610811106953));
#1612 = CARTESIAN_POINT('',(38.563442631226,72.602117348559));
#1613 = CARTESIAN_POINT('',(38.556570413678,72.593624556856));
#1614 = CARTESIAN_POINT('',(38.549419718563,72.585333849796));
#1615 = CARTESIAN_POINT('',(38.5419921875,72.57724609375));
#1616 = ( GEOMETRIC_REPRESENTATION_CONTEXT(2) 
PARAMETRIC_REPRESENTATION_CONTEXT() REPRESENTATION_CONTEXT('2D SPACE',''
  ) );
#1617 = PCURVE('',#1618,#1625);
#1618 = SURFACE_OF_LINEAR_EXTRUSION('',#1619,#1623);
#1619 = B_SPLINE_CURVE_WITH_KNOTS('',2,(#1620,#1621,#1622),
  .UNSPECIFIED.,.F.,.F.,(3,3),(0.,1.),.PIECEWISE_BEZIER_KNOTS.);
#1620 = CARTESIAN_POINT('',(38.5419921875,72.57724609375,3.65));
#1621 = CARTESIAN_POINT('',(38.6650390625,72.71123046875,3.65));
#1622 = CARTESIAN_POINT('',(38.6650390625,72.93271484375,3.65));
#1623 = VECTOR('',#1624,1.);
#1624 = DIRECTION('',(-0.,-0.,-1.));
#1625 = DEFINITIONAL_REPRESENTATION('',(#1626),#1637);
#1626 = B_SPLINE_CURVE_WITH_KNOTS('',5,(#1627,#1628,#1629,#1630,#1631,
    #1632,#1633,#1634,#1635,#1636),.UNSPECIFIED.,.F.,.F.,(6,4,6),(0.,
    0.85018592047,1.),.UNSPECIFIED.);
#1627 = CARTESIAN_POINT('',(1.,-0.35));
#1628 = CARTESIAN_POINT('',(0.833356488517,-0.35));
#1629 = CARTESIAN_POINT('',(0.664442334561,-0.35));
#1630 = CARTESIAN_POINT('',(0.49388370281,-0.35));
#1631 = CARTESIAN_POINT('',(0.32243454847,-0.35));
#1632 = CARTESIAN_POINT('',(0.120790949885,-0.35));
#1633 = CARTESIAN_POINT('',(9.058179314092E-02,-0.35));
#1634 = CARTESIAN_POINT('',(6.037717496084E-02,-0.35));
#1635 = CARTESIAN_POINT('',(3.018171352481E-02,-0.35));
#1636 = CARTESIAN_POINT('',(0.,-0.35));
#1637 = ( GEOMETRIC_REPRESENTATION_CONTEXT(2) 
PARAMETRIC_REPRESENTATION_CONTEXT() REPRESENTATION_CONTEXT('2D SPACE',''
  ) );
#1638 = ORIENTED_EDGE('',*,*,#1639,.F.);
#1639 = EDGE_CURVE('',#1640,#1589,#1642,.T.);
#1640 = VERTEX_POINT('',#1641);
#1641 = CARTESIAN_POINT('',(38.54677734375,73.26494140625,4.));
#1642 = SURFACE_CURVE('',#1643,(#1654,#1668),.PCURVE_S1.);
#1643 = B_SPLINE_CURVE_WITH_KNOTS('',5,(#1644,#1645,#1646,#1647,#1648,
    #1649,#1650,#1651,#1652,#1653),.UNSPECIFIED.,.F.,.F.,(6,4,6),(0.,
    0.142876238645,1.),.UNSPECIFIED.);
#1644 = CARTESIAN_POINT('',(38.54677734375,73.26494140625,4.));
#1645 = CARTESIAN_POINT('',(38.553585484108,73.25793649883,4.));
#1646 = CARTESIAN_POINT('',(38.560151454232,73.25074464975,4.));
#1647 = CARTESIAN_POINT('',(38.566473933547,73.243366501815,4.));
#1648 = CARTESIAN_POINT('',(38.572551862738,73.235802902959,4.));
#1649 = CARTESIAN_POINT('',(38.613374473043,73.181574174775,4.));
#1650 = CARTESIAN_POINT('',(38.639538375143,73.128452390307,4.));
#1651 = CARTESIAN_POINT('',(38.65668888372,73.068929222933,4.));
#1652 = CARTESIAN_POINT('',(38.6650390625,73.003482443343,4.));
#1653 = CARTESIAN_POINT('',(38.6650390625,72.93271484375,4.));
#1654 = PCURVE('',#44,#1655);
#1655 = DEFINITIONAL_REPRESENTATION('',(#1656),#1667);
#1656 = B_SPLINE_CURVE_WITH_KNOTS('',5,(#1657,#1658,#1659,#1660,#1661,
    #1662,#1663,#1664,#1665,#1666),.UNSPECIFIED.,.F.,.F.,(6,4,6),(0.,
    0.142876238645,1.),.UNSPECIFIED.);
#1657 = CARTESIAN_POINT('',(38.54677734375,73.26494140625));
#1658 = CARTESIAN_POINT('',(38.553585484108,73.25793649883));
#1659 = CARTESIAN_POINT('',(38.560151454232,73.25074464975));
#1660 = CARTESIAN_POINT('',(38.566473933547,73.243366501815));
#1661 = CARTESIAN_POINT('',(38.572551862738,73.235802902959));
#1662 = CARTESIAN_POINT('',(38.613374473043,73.181574174775));
#1663 = CARTESIAN_POINT('',(38.639538375143,73.128452390307));
#1664 = CARTESIAN_POINT('',(38.65668888372,73.068929222933));
#1665 = CARTESIAN_POINT('',(38.6650390625,73.003482443343));
#1666 = CARTESIAN_POINT('',(38.6650390625,72.93271484375));
#1667 = ( GEOMETRIC_REPRESENTATION_CONTEXT(2) 
PARAMETRIC_REPRESENTATION_CONTEXT() REPRESENTATION_CONTEXT('2D SPACE',''
  ) );
#1668 = PCURVE('',#1669,#1676);
#1669 = SURFACE_OF_LINEAR_EXTRUSION('',#1670,#1674);
#1670 = B_SPLINE_CURVE_WITH_KNOTS('',2,(#1671,#1672,#1673),
  .UNSPECIFIED.,.F.,.F.,(3,3),(0.,1.),.PIECEWISE_BEZIER_KNOTS.);
#1671 = CARTESIAN_POINT('',(38.6650390625,72.93271484375,3.65));
#1672 = CARTESIAN_POINT('',(38.6650390625,73.14326171875,3.65));
#1673 = CARTESIAN_POINT('',(38.54677734375,73.26494140625,3.65));
#1674 = VECTOR('',#1675,1.);
#1675 = DIRECTION('',(-0.,-0.,-1.));
#1676 = DEFINITIONAL_REPRESENTATION('',(#1677),#1688);
#1677 = B_SPLINE_CURVE_WITH_KNOTS('',5,(#1678,#1679,#1680,#1681,#1682,
    #1683,#1684,#1685,#1686,#1687),.UNSPECIFIED.,.F.,.F.,(6,4,6),(0.,
    0.142876238645,1.),.UNSPECIFIED.);
#1678 = CARTESIAN_POINT('',(1.,-0.35));
#1679 = CARTESIAN_POINT('',(0.971215789735,-0.35));
#1680 = CARTESIAN_POINT('',(0.942419791054,-0.35));
#1681 = CARTESIAN_POINT('',(0.913615887048,-0.35));
#1682 = CARTESIAN_POINT('',(0.884807981723,-0.35));
#1683 = CARTESIAN_POINT('',(0.683179061501,-0.35));
#1684 = CARTESIAN_POINT('',(0.510337455209,-0.35));
#1685 = CARTESIAN_POINT('',(0.338378520224,-0.35));
#1686 = CARTESIAN_POINT('',(0.168056637251,-0.35));
#1687 = CARTESIAN_POINT('',(0.,-0.35));
#1688 = ( GEOMETRIC_REPRESENTATION_CONTEXT(2) 
PARAMETRIC_REPRESENTATION_CONTEXT() REPRESENTATION_CONTEXT('2D SPACE',''
  ) );
#1689 = ORIENTED_EDGE('',*,*,#1690,.F.);
#1690 = EDGE_CURVE('',#1691,#1640,#1693,.T.);
#1691 = VERTEX_POINT('',#1692);
#1692 = CARTESIAN_POINT('',(38.237109375,73.38662109375,4.));
#1693 = SURFACE_CURVE('',#1694,(#1705,#1719),.PCURVE_S1.);
#1694 = B_SPLINE_CURVE_WITH_KNOTS('',5,(#1695,#1696,#1697,#1698,#1699,
    #1700,#1701,#1702,#1703,#1704),.UNSPECIFIED.,.F.,.F.,(6,4,6),(0.,
    0.69698309784,1.),.UNSPECIFIED.);
#1695 = CARTESIAN_POINT('',(38.237109375,73.38662109375,4.));
#1696 = CARTESIAN_POINT('',(38.289788883839,73.38662109375,4.));
#1697 = CARTESIAN_POINT('',(38.339450701985,73.38086048822,4.));
#1698 = CARTESIAN_POINT('',(38.38584466649,73.36914447258,4.));
#1699 = CARTESIAN_POINT('',(38.428773008133,73.351391734823,4.));
#1700 = CARTESIAN_POINT('',(38.485218402202,73.317367626281,4.));
#1701 = CARTESIAN_POINT('',(38.501644689847,73.305930723819,4.));
#1702 = CARTESIAN_POINT('',(38.517383712908,73.293372732261,4.));
#1703 = CARTESIAN_POINT('',(38.532429018322,73.279704423164,4.));
#1704 = CARTESIAN_POINT('',(38.54677734375,73.26494140625,4.));
#1705 = PCURVE('',#44,#1706);
#1706 = DEFINITIONAL_REPRESENTATION('',(#1707),#1718);
#1707 = B_SPLINE_CURVE_WITH_KNOTS('',5,(#1708,#1709,#1710,#1711,#1712,
    #1713,#1714,#1715,#1716,#1717),.UNSPECIFIED.,.F.,.F.,(6,4,6),(0.,
    0.69698309784,1.),.UNSPECIFIED.);
#1708 = CARTESIAN_POINT('',(38.237109375,73.38662109375));
#1709 = CARTESIAN_POINT('',(38.289788883839,73.38662109375));
#1710 = CARTESIAN_POINT('',(38.339450701985,73.38086048822));
#1711 = CARTESIAN_POINT('',(38.38584466649,73.36914447258));
#1712 = CARTESIAN_POINT('',(38.428773008133,73.351391734823));
#1713 = CARTESIAN_POINT('',(38.485218402202,73.317367626281));
#1714 = CARTESIAN_POINT('',(38.501644689847,73.305930723819));
#1715 = CARTESIAN_POINT('',(38.517383712908,73.293372732261));
#1716 = CARTESIAN_POINT('',(38.532429018322,73.279704423164));
#1717 = CARTESIAN_POINT('',(38.54677734375,73.26494140625));
#1718 = ( GEOMETRIC_REPRESENTATION_CONTEXT(2) 
PARAMETRIC_REPRESENTATION_CONTEXT() REPRESENTATION_CONTEXT('2D SPACE',''
  ) );
#1719 = PCURVE('',#1720,#1727);
#1720 = SURFACE_OF_LINEAR_EXTRUSION('',#1721,#1725);
#1721 = B_SPLINE_CURVE_WITH_KNOTS('',2,(#1722,#1723,#1724),
  .UNSPECIFIED.,.F.,.F.,(3,3),(0.,1.),.PIECEWISE_BEZIER_KNOTS.);
#1722 = CARTESIAN_POINT('',(38.54677734375,73.26494140625,3.65));
#1723 = CARTESIAN_POINT('',(38.428515625,73.38662109375,3.65));
#1724 = CARTESIAN_POINT('',(38.237109375,73.38662109375,3.65));
#1725 = VECTOR('',#1726,1.);
#1726 = DIRECTION('',(-0.,-0.,-1.));
#1727 = DEFINITIONAL_REPRESENTATION('',(#1728),#1739);
#1728 = B_SPLINE_CURVE_WITH_KNOTS('',5,(#1729,#1730,#1731,#1732,#1733,
    #1734,#1735,#1736,#1737,#1738),.UNSPECIFIED.,.F.,.F.,(6,4,6),(0.,
    0.69698309784,1.),.UNSPECIFIED.);
#1729 = CARTESIAN_POINT('',(1.,-0.35));
#1730 = CARTESIAN_POINT('',(0.86238822181,-0.35));
#1731 = CARTESIAN_POINT('',(0.723613615299,-0.35));
#1732 = CARTESIAN_POINT('',(0.58402376922,-0.35));
#1733 = CARTESIAN_POINT('',(0.444007622429,-0.35));
#1734 = CARTESIAN_POINT('',(0.243130983005,-0.35));
#1735 = CARTESIAN_POINT('',(0.182262334321,-0.35));
#1736 = CARTESIAN_POINT('',(0.121428562962,-0.35));
#1737 = CARTESIAN_POINT('',(6.066344028885E-02,-0.35));
#1738 = CARTESIAN_POINT('',(0.,-0.35));
#1739 = ( GEOMETRIC_REPRESENTATION_CONTEXT(2) 
PARAMETRIC_REPRESENTATION_CONTEXT() REPRESENTATION_CONTEXT('2D SPACE',''
  ) );
#1740 = ORIENTED_EDGE('',*,*,#1741,.F.);
#1741 = EDGE_CURVE('',#1742,#1691,#1744,.T.);
#1742 = VERTEX_POINT('',#1743);
#1743 = CARTESIAN_POINT('',(38.0224609375,73.3326171875,4.));
#1744 = SURFACE_CURVE('',#1745,(#1754,#1766),.PCURVE_S1.);
#1745 = B_SPLINE_CURVE_WITH_KNOTS('',4,(#1746,#1747,#1748,#1749,#1750,
    #1751,#1752,#1753),.UNSPECIFIED.,.F.,.F.,(5,3,5),(0.,0.199789701187,
    1.),.UNSPECIFIED.);
#1746 = CARTESIAN_POINT('',(38.0224609375,73.3326171875,4.));
#1747 = CARTESIAN_POINT('',(38.032029564044,73.338016626764,4.));
#1748 = CARTESIAN_POINT('',(38.041754768297,73.343057117335,4.));
#1749 = CARTESIAN_POINT('',(38.051635833129,73.347737899974,4.));
#1750 = CARTESIAN_POINT('',(38.101868862217,73.369364108683,4.));
#1751 = CARTESIAN_POINT('',(38.144552210314,73.380892971055,4.));
#1752 = CARTESIAN_POINT('',(38.189664273609,73.38662109375,4.));
#1753 = CARTESIAN_POINT('',(38.237109375,73.38662109375,4.));
#1754 = PCURVE('',#44,#1755);
#1755 = DEFINITIONAL_REPRESENTATION('',(#1756),#1765);
#1756 = B_SPLINE_CURVE_WITH_KNOTS('',4,(#1757,#1758,#1759,#1760,#1761,
    #1762,#1763,#1764),.UNSPECIFIED.,.F.,.F.,(5,3,5),(0.,0.199789701187,
    1.),.UNSPECIFIED.);
#1757 = CARTESIAN_POINT('',(38.0224609375,73.3326171875));
#1758 = CARTESIAN_POINT('',(38.032029564044,73.338016626764));
#1759 = CARTESIAN_POINT('',(38.041754768297,73.343057117335));
#1760 = CARTESIAN_POINT('',(38.051635833129,73.347737899974));
#1761 = CARTESIAN_POINT('',(38.101868862217,73.369364108683));
#1762 = CARTESIAN_POINT('',(38.144552210314,73.380892971055));
#1763 = CARTESIAN_POINT('',(38.189664273609,73.38662109375));
#1764 = CARTESIAN_POINT('',(38.237109375,73.38662109375));
#1765 = ( GEOMETRIC_REPRESENTATION_CONTEXT(2) 
PARAMETRIC_REPRESENTATION_CONTEXT() REPRESENTATION_CONTEXT('2D SPACE',''
  ) );
#1766 = PCURVE('',#1767,#1774);
#1767 = SURFACE_OF_LINEAR_EXTRUSION('',#1768,#1772);
#1768 = B_SPLINE_CURVE_WITH_KNOTS('',2,(#1769,#1770,#1771),
  .UNSPECIFIED.,.F.,.F.,(3,3),(0.,1.),.PIECEWISE_BEZIER_KNOTS.);
#1769 = CARTESIAN_POINT('',(38.237109375,73.38662109375,3.65));
#1770 = CARTESIAN_POINT('',(38.1181640625,73.38662109375,3.65));
#1771 = CARTESIAN_POINT('',(38.0224609375,73.3326171875,3.65));
#1772 = VECTOR('',#1773,1.);
#1773 = DIRECTION('',(-0.,-0.,-1.));
#1774 = DEFINITIONAL_REPRESENTATION('',(#1775),#1784);
#1775 = B_SPLINE_CURVE_WITH_KNOTS('',4,(#1776,#1777,#1778,#1779,#1780,
    #1781,#1782,#1783),.UNSPECIFIED.,.F.,.F.,(5,3,5),(0.,0.199789701187,
    1.),.UNSPECIFIED.);
#1776 = CARTESIAN_POINT('',(1.,-0.35));
#1777 = CARTESIAN_POINT('',(0.950008808262,-0.35));
#1778 = CARTESIAN_POINT('',(0.90000881642,-0.35));
#1779 = CARTESIAN_POINT('',(0.850004412593,-0.35));
#1780 = CARTESIAN_POINT('',(0.599719176188,-0.35));
#1781 = CARTESIAN_POINT('',(0.39943748385,-0.35));
#1782 = CARTESIAN_POINT('',(0.199440820298,-0.35));
#1783 = CARTESIAN_POINT('',(0.,-0.35));
#1784 = ( GEOMETRIC_REPRESENTATION_CONTEXT(2) 
PARAMETRIC_REPRESENTATION_CONTEXT() REPRESENTATION_CONTEXT('2D SPACE',''
  ) );
#1785 = ORIENTED_EDGE('',*,*,#1786,.F.);
#1786 = EDGE_CURVE('',#1787,#1742,#1789,.T.);
#1787 = VERTEX_POINT('',#1788);
#1788 = CARTESIAN_POINT('',(37.8720703125,73.19248046875,4.));
#1789 = SURFACE_CURVE('',#1790,(#1799,#1811),.PCURVE_S1.);
#1790 = B_SPLINE_CURVE_WITH_KNOTS('',4,(#1791,#1792,#1793,#1794,#1795,
    #1796,#1797,#1798),.UNSPECIFIED.,.F.,.F.,(5,3,5),(0.,0.19183522363,
    1.),.UNSPECIFIED.);
#1791 = CARTESIAN_POINT('',(37.8720703125,73.19248046875,4.));
#1792 = CARTESIAN_POINT('',(37.877319633923,73.200748149992,4.));
#1793 = CARTESIAN_POINT('',(37.882821566568,73.208819547556,4.));
#1794 = CARTESIAN_POINT('',(37.888575920815,73.216694018119,4.));
#1795 = CARTESIAN_POINT('',(37.919886081541,73.256713001523,4.));
#1796 = CARTESIAN_POINT('',(37.949663066502,73.285551204225,4.));
#1797 = CARTESIAN_POINT('',(37.983883976919,73.310848759744,4.));
#1798 = CARTESIAN_POINT('',(38.0224609375,73.3326171875,4.));
#1799 = PCURVE('',#44,#1800);
#1800 = DEFINITIONAL_REPRESENTATION('',(#1801),#1810);
#1801 = B_SPLINE_CURVE_WITH_KNOTS('',4,(#1802,#1803,#1804,#1805,#1806,
    #1807,#1808,#1809),.UNSPECIFIED.,.F.,.F.,(5,3,5),(0.,0.19183522363,
    1.),.UNSPECIFIED.);
#1802 = CARTESIAN_POINT('',(37.8720703125,73.19248046875));
#1803 = CARTESIAN_POINT('',(37.877319633923,73.200748149992));
#1804 = CARTESIAN_POINT('',(37.882821566568,73.208819547556));
#1805 = CARTESIAN_POINT('',(37.888575920815,73.216694018119));
#1806 = CARTESIAN_POINT('',(37.919886081541,73.256713001523));
#1807 = CARTESIAN_POINT('',(37.949663066502,73.285551204225));
#1808 = CARTESIAN_POINT('',(37.983883976919,73.310848759744));
#1809 = CARTESIAN_POINT('',(38.0224609375,73.3326171875));
#1810 = ( GEOMETRIC_REPRESENTATION_CONTEXT(2) 
PARAMETRIC_REPRESENTATION_CONTEXT() REPRESENTATION_CONTEXT('2D SPACE',''
  ) );
#1811 = PCURVE('',#1812,#1819);
#1812 = SURFACE_OF_LINEAR_EXTRUSION('',#1813,#1817);
#1813 = B_SPLINE_CURVE_WITH_KNOTS('',2,(#1814,#1815,#1816),
  .UNSPECIFIED.,.F.,.F.,(3,3),(0.,1.),.PIECEWISE_BEZIER_KNOTS.);
#1814 = CARTESIAN_POINT('',(38.0224609375,73.3326171875,3.65));
#1815 = CARTESIAN_POINT('',(37.9267578125,73.27861328125,3.65));
#1816 = CARTESIAN_POINT('',(37.8720703125,73.19248046875,3.65));
#1817 = VECTOR('',#1818,1.);
#1818 = DIRECTION('',(-0.,-0.,-1.));
#1819 = DEFINITIONAL_REPRESENTATION('',(#1820),#1829);
#1820 = B_SPLINE_CURVE_WITH_KNOTS('',4,(#1821,#1822,#1823,#1824,#1825,
    #1826,#1827,#1828),.UNSPECIFIED.,.F.,.F.,(5,3,5),(0.,0.19183522363,
    1.),.UNSPECIFIED.);
#1821 = CARTESIAN_POINT('',(1.,-0.35));
#1822 = CARTESIAN_POINT('',(0.952006204129,-0.35));
#1823 = CARTESIAN_POINT('',(0.90400622428,-0.35));
#1824 = CARTESIAN_POINT('',(0.856003130348,-0.35));
#1825 = CARTESIAN_POINT('',(0.605772075594,-0.35));
#1826 = CARTESIAN_POINT('',(0.403543030528,-0.35));
#1827 = CARTESIAN_POINT('',(0.201544936912,-0.35));
#1828 = CARTESIAN_POINT('',(0.,-0.35));
#1829 = ( GEOMETRIC_REPRESENTATION_CONTEXT(2) 
PARAMETRIC_REPRESENTATION_CONTEXT() REPRESENTATION_CONTEXT('2D SPACE',''
  ) );
#1830 = ORIENTED_EDGE('',*,*,#1831,.F.);
#1831 = EDGE_CURVE('',#1832,#1787,#1834,.T.);
#1832 = VERTEX_POINT('',#1833);
#1833 = CARTESIAN_POINT('',(37.641015625,73.22255859375,4.));
#1834 = SURFACE_CURVE('',#1835,(#1839,#1845),.PCURVE_S1.);
#1835 = LINE('',#1836,#1837);
#1836 = CARTESIAN_POINT('',(23.936202558799,75.006617099409,4.));
#1837 = VECTOR('',#1838,1.);
#1838 = DIRECTION('',(0.991633098704,-0.129088332376,0.));
#1839 = PCURVE('',#44,#1840);
#1840 = DEFINITIONAL_REPRESENTATION('',(#1841),#1844);
#1841 = B_SPLINE_CURVE_WITH_KNOTS('',1,(#1842,#1843),.UNSPECIFIED.,.F.,
  .F.,(2,2),(13.820447385347,14.053451596079),.PIECEWISE_BEZIER_KNOTS.);
#1842 = CARTESIAN_POINT('',(37.641015625,73.22255859375));
#1843 = CARTESIAN_POINT('',(37.8720703125,73.19248046875));
#1844 = ( GEOMETRIC_REPRESENTATION_CONTEXT(2) 
PARAMETRIC_REPRESENTATION_CONTEXT() REPRESENTATION_CONTEXT('2D SPACE',''
  ) );
#1845 = PCURVE('',#1846,#1851);
#1846 = PLANE('',#1847);
#1847 = AXIS2_PLACEMENT_3D('',#1848,#1849,#1850);
#1848 = CARTESIAN_POINT('',(37.8720703125,73.19248046875,3.65));
#1849 = DIRECTION('',(-0.129088332376,-0.991633098704,0.));
#1850 = DIRECTION('',(-0.991633098704,0.129088332376,0.));
#1851 = DEFINITIONAL_REPRESENTATION('',(#1852),#1855);
#1852 = B_SPLINE_CURVE_WITH_KNOTS('',1,(#1853,#1854),.UNSPECIFIED.,.F.,
  .F.,(2,2),(13.820447385347,14.053451596079),.PIECEWISE_BEZIER_KNOTS.);
#1853 = CARTESIAN_POINT('',(0.233004210733,-0.35));
#1854 = CARTESIAN_POINT('',(0.,-0.35));
#1855 = ( GEOMETRIC_REPRESENTATION_CONTEXT(2) 
PARAMETRIC_REPRESENTATION_CONTEXT() REPRESENTATION_CONTEXT('2D SPACE',''
  ) );
#1856 = ORIENTED_EDGE('',*,*,#1857,.F.);
#1857 = EDGE_CURVE('',#1858,#1832,#1860,.T.);
#1858 = VERTEX_POINT('',#1859);
#1859 = CARTESIAN_POINT('',(37.83515625,74.25205078125,4.));
#1860 = SURFACE_CURVE('',#1861,(#1865,#1871),.PCURVE_S1.);
#1861 = LINE('',#1862,#1863);
#1862 = CARTESIAN_POINT('',(30.327678040287,34.441268443826,4.));
#1863 = VECTOR('',#1864,1.);
#1864 = DIRECTION('',(-0.18531275207,-0.982679593723,0.));
#1865 = PCURVE('',#44,#1866);
#1866 = DEFINITIONAL_REPRESENTATION('',(#1867),#1870);
#1867 = B_SPLINE_CURVE_WITH_KNOTS('',1,(#1868,#1869),.UNSPECIFIED.,.F.,
  .F.,(2,2),(-40.51247486129,-39.46483716323),.PIECEWISE_BEZIER_KNOTS.);
#1868 = CARTESIAN_POINT('',(37.83515625,74.25205078125));
#1869 = CARTESIAN_POINT('',(37.641015625,73.22255859375));
#1870 = ( GEOMETRIC_REPRESENTATION_CONTEXT(2) 
PARAMETRIC_REPRESENTATION_CONTEXT() REPRESENTATION_CONTEXT('2D SPACE',''
  ) );
#1871 = PCURVE('',#1872,#1877);
#1872 = PLANE('',#1873);
#1873 = AXIS2_PLACEMENT_3D('',#1874,#1875,#1876);
#1874 = CARTESIAN_POINT('',(37.641015625,73.22255859375,3.65));
#1875 = DIRECTION('',(-0.982679593723,0.18531275207,0.));
#1876 = DIRECTION('',(0.18531275207,0.982679593723,0.));
#1877 = DEFINITIONAL_REPRESENTATION('',(#1878),#1881);
#1878 = B_SPLINE_CURVE_WITH_KNOTS('',1,(#1879,#1880),.UNSPECIFIED.,.F.,
  .F.,(2,2),(-40.51247486129,-39.46483716323),.PIECEWISE_BEZIER_KNOTS.);
#1879 = CARTESIAN_POINT('',(1.047637698061,-0.35));
#1880 = CARTESIAN_POINT('',(0.,-0.35));
#1881 = ( GEOMETRIC_REPRESENTATION_CONTEXT(2) 
PARAMETRIC_REPRESENTATION_CONTEXT() REPRESENTATION_CONTEXT('2D SPACE',''
  ) );
#1882 = ORIENTED_EDGE('',*,*,#1883,.F.);
#1883 = EDGE_CURVE('',#1884,#1858,#1886,.T.);
#1884 = VERTEX_POINT('',#1885);
#1885 = CARTESIAN_POINT('',(38.8318359375,74.25205078125,4.));
#1886 = SURFACE_CURVE('',#1887,(#1891,#1897),.PCURVE_S1.);
#1887 = LINE('',#1888,#1889);
#1888 = CARTESIAN_POINT('',(18.917578125,74.25205078125,4.));
#1889 = VECTOR('',#1890,1.);
#1890 = DIRECTION('',(-1.,0.,0.));
#1891 = PCURVE('',#44,#1892);
#1892 = DEFINITIONAL_REPRESENTATION('',(#1893),#1896);
#1893 = B_SPLINE_CURVE_WITH_KNOTS('',1,(#1894,#1895),.UNSPECIFIED.,.F.,
  .F.,(2,2),(-19.9142578125,-18.917578125),.PIECEWISE_BEZIER_KNOTS.);
#1894 = CARTESIAN_POINT('',(38.8318359375,74.25205078125));
#1895 = CARTESIAN_POINT('',(37.83515625,74.25205078125));
#1896 = ( GEOMETRIC_REPRESENTATION_CONTEXT(2) 
PARAMETRIC_REPRESENTATION_CONTEXT() REPRESENTATION_CONTEXT('2D SPACE',''
  ) );
#1897 = PCURVE('',#1898,#1903);
#1898 = PLANE('',#1899);
#1899 = AXIS2_PLACEMENT_3D('',#1900,#1901,#1902);
#1900 = CARTESIAN_POINT('',(37.83515625,74.25205078125,3.65));
#1901 = DIRECTION('',(0.,1.,0.));
#1902 = DIRECTION('',(1.,0.,0.));
#1903 = DEFINITIONAL_REPRESENTATION('',(#1904),#1907);
#1904 = B_SPLINE_CURVE_WITH_KNOTS('',1,(#1905,#1906),.UNSPECIFIED.,.F.,
  .F.,(2,2),(-19.9142578125,-18.917578125),.PIECEWISE_BEZIER_KNOTS.);
#1905 = CARTESIAN_POINT('',(0.9966796875,-0.35));
#1906 = CARTESIAN_POINT('',(0.,-0.35));
#1907 = ( GEOMETRIC_REPRESENTATION_CONTEXT(2) 
PARAMETRIC_REPRESENTATION_CONTEXT() REPRESENTATION_CONTEXT('2D SPACE',''
  ) );
#1908 = ORIENTED_EDGE('',*,*,#1909,.F.);
#1909 = EDGE_CURVE('',#1910,#1884,#1912,.T.);
#1910 = VERTEX_POINT('',#1911);
#1911 = CARTESIAN_POINT('',(38.8318359375,74.01689453125,4.));
#1912 = SURFACE_CURVE('',#1913,(#1917,#1923),.PCURVE_S1.);
#1913 = LINE('',#1914,#1915);
#1914 = CARTESIAN_POINT('',(38.8318359375,37.126025390625,4.));
#1915 = VECTOR('',#1916,1.);
#1916 = DIRECTION('',(0.,1.,0.));
#1917 = PCURVE('',#44,#1918);
#1918 = DEFINITIONAL_REPRESENTATION('',(#1919),#1922);
#1919 = B_SPLINE_CURVE_WITH_KNOTS('',1,(#1920,#1921),.UNSPECIFIED.,.F.,
  .F.,(2,2),(36.890869140625,37.126025390625),.PIECEWISE_BEZIER_KNOTS.);
#1920 = CARTESIAN_POINT('',(38.8318359375,74.01689453125));
#1921 = CARTESIAN_POINT('',(38.8318359375,74.25205078125));
#1922 = ( GEOMETRIC_REPRESENTATION_CONTEXT(2) 
PARAMETRIC_REPRESENTATION_CONTEXT() REPRESENTATION_CONTEXT('2D SPACE',''
  ) );
#1923 = PCURVE('',#1924,#1929);
#1924 = PLANE('',#1925);
#1925 = AXIS2_PLACEMENT_3D('',#1926,#1927,#1928);
#1926 = CARTESIAN_POINT('',(38.8318359375,74.25205078125,3.65));
#1927 = DIRECTION('',(1.,0.,0.));
#1928 = DIRECTION('',(0.,-1.,0.));
#1929 = DEFINITIONAL_REPRESENTATION('',(#1930),#1933);
#1930 = B_SPLINE_CURVE_WITH_KNOTS('',1,(#1931,#1932),.UNSPECIFIED.,.F.,
  .F.,(2,2),(36.890869140625,37.126025390625),.PIECEWISE_BEZIER_KNOTS.);
#1931 = CARTESIAN_POINT('',(0.23515625,-0.35));
#1932 = CARTESIAN_POINT('',(0.,-0.35));
#1933 = ( GEOMETRIC_REPRESENTATION_CONTEXT(2) 
PARAMETRIC_REPRESENTATION_CONTEXT() REPRESENTATION_CONTEXT('2D SPACE',''
  ) );
#1934 = ORIENTED_EDGE('',*,*,#1935,.F.);
#1935 = EDGE_CURVE('',#1936,#1910,#1938,.T.);
#1936 = VERTEX_POINT('',#1937);
#1937 = CARTESIAN_POINT('',(38.03203125,74.01689453125,4.));
#1938 = SURFACE_CURVE('',#1939,(#1943,#1949),.PCURVE_S1.);
#1939 = LINE('',#1940,#1941);
#1940 = CARTESIAN_POINT('',(19.41591796875,74.01689453125,4.));
#1941 = VECTOR('',#1942,1.);
#1942 = DIRECTION('',(1.,0.,-0.));
#1943 = PCURVE('',#44,#1944);
#1944 = DEFINITIONAL_REPRESENTATION('',(#1945),#1948);
#1945 = B_SPLINE_CURVE_WITH_KNOTS('',1,(#1946,#1947),.UNSPECIFIED.,.F.,
  .F.,(2,2),(18.61611328125,19.41591796875),.PIECEWISE_BEZIER_KNOTS.);
#1946 = CARTESIAN_POINT('',(38.03203125,74.01689453125));
#1947 = CARTESIAN_POINT('',(38.8318359375,74.01689453125));
#1948 = ( GEOMETRIC_REPRESENTATION_CONTEXT(2) 
PARAMETRIC_REPRESENTATION_CONTEXT() REPRESENTATION_CONTEXT('2D SPACE',''
  ) );
#1949 = PCURVE('',#1950,#1955);
#1950 = PLANE('',#1951);
#1951 = AXIS2_PLACEMENT_3D('',#1952,#1953,#1954);
#1952 = CARTESIAN_POINT('',(38.8318359375,74.01689453125,3.65));
#1953 = DIRECTION('',(0.,-1.,0.));
#1954 = DIRECTION('',(-1.,0.,0.));
#1955 = DEFINITIONAL_REPRESENTATION('',(#1956),#1959);
#1956 = B_SPLINE_CURVE_WITH_KNOTS('',1,(#1957,#1958),.UNSPECIFIED.,.F.,
  .F.,(2,2),(18.61611328125,19.41591796875),.PIECEWISE_BEZIER_KNOTS.);
#1957 = CARTESIAN_POINT('',(0.7998046875,-0.35));
#1958 = CARTESIAN_POINT('',(0.,-0.35));
#1959 = ( GEOMETRIC_REPRESENTATION_CONTEXT(2) 
PARAMETRIC_REPRESENTATION_CONTEXT() REPRESENTATION_CONTEXT('2D SPACE',''
  ) );
#1960 = ORIENTED_EDGE('',*,*,#1961,.F.);
#1961 = EDGE_CURVE('',#1962,#1936,#1964,.T.);
#1962 = VERTEX_POINT('',#1963);
#1963 = CARTESIAN_POINT('',(37.9240234375,73.47822265625,4.));
#1964 = SURFACE_CURVE('',#1965,(#1969,#1975),.PCURVE_S1.);
#1965 = LINE('',#1966,#1967);
#1966 = CARTESIAN_POINT('',(30.163394335111,34.77331295573,4.));
#1967 = VECTOR('',#1968,1.);
#1968 = DIRECTION('',(0.196594677209,0.980484845825,-0.));
#1969 = PCURVE('',#44,#1970);
#1970 = DEFINITIONAL_REPRESENTATION('',(#1971),#1974);
#1971 = B_SPLINE_CURVE_WITH_KNOTS('',1,(#1972,#1973),.UNSPECIFIED.,.F.,
  .F.,(2,2),(39.47527579372,40.024669165065),.PIECEWISE_BEZIER_KNOTS.);
#1972 = CARTESIAN_POINT('',(37.9240234375,73.47822265625));
#1973 = CARTESIAN_POINT('',(38.03203125,74.01689453125));
#1974 = ( GEOMETRIC_REPRESENTATION_CONTEXT(2) 
PARAMETRIC_REPRESENTATION_CONTEXT() REPRESENTATION_CONTEXT('2D SPACE',''
  ) );
#1975 = PCURVE('',#1976,#1981);
#1976 = PLANE('',#1977);
#1977 = AXIS2_PLACEMENT_3D('',#1978,#1979,#1980);
#1978 = CARTESIAN_POINT('',(38.03203125,74.01689453125,3.65));
#1979 = DIRECTION('',(0.980484845825,-0.196594677209,0.));
#1980 = DIRECTION('',(-0.196594677209,-0.980484845825,0.));
#1981 = DEFINITIONAL_REPRESENTATION('',(#1982),#1985);
#1982 = B_SPLINE_CURVE_WITH_KNOTS('',1,(#1983,#1984),.UNSPECIFIED.,.F.,
  .F.,(2,2),(39.47527579372,40.024669165065),.PIECEWISE_BEZIER_KNOTS.);
#1983 = CARTESIAN_POINT('',(0.549393371344,-0.35));
#1984 = CARTESIAN_POINT('',(0.,-0.35));
#1985 = ( GEOMETRIC_REPRESENTATION_CONTEXT(2) 
PARAMETRIC_REPRESENTATION_CONTEXT() REPRESENTATION_CONTEXT('2D SPACE',''
  ) );
#1986 = ORIENTED_EDGE('',*,*,#1987,.F.);
#1987 = EDGE_CURVE('',#1988,#1962,#1990,.T.);
#1988 = VERTEX_POINT('',#1989);
#1989 = CARTESIAN_POINT('',(38.302734375,73.60400390625,4.));
#1990 = SURFACE_CURVE('',#1991,(#2002,#2016),.PCURVE_S1.);
#1991 = B_SPLINE_CURVE_WITH_KNOTS('',5,(#1992,#1993,#1994,#1995,#1996,
    #1997,#1998,#1999,#2000,#2001),.UNSPECIFIED.,.F.,.F.,(6,4,6),(0.,
    0.218111221463,1.),.UNSPECIFIED.);
#1992 = CARTESIAN_POINT('',(38.302734375,73.60400390625,4.));
#1993 = CARTESIAN_POINT('',(38.285383785514,73.60400390625,4.));
#1994 = CARTESIAN_POINT('',(38.268106723255,73.603401719431,4.));
#1995 = CARTESIAN_POINT('',(38.25090725049,73.602195734802,4.));
#1996 = CARTESIAN_POINT('',(38.233789310725,73.600385418086,4.));
#1997 = CARTESIAN_POINT('',(38.155698041967,73.589317182573,4.));
#1998 = CARTESIAN_POINT('',(38.095733744845,73.572903488383,4.));
#1999 = CARTESIAN_POINT('',(38.037047183117,73.548754998512,4.));
#2000 = CARTESIAN_POINT('',(37.97977642992,73.517080802482,4.));
#2001 = CARTESIAN_POINT('',(37.9240234375,73.47822265625,4.));
#2002 = PCURVE('',#44,#2003);
#2003 = DEFINITIONAL_REPRESENTATION('',(#2004),#2015);
#2004 = B_SPLINE_CURVE_WITH_KNOTS('',5,(#2005,#2006,#2007,#2008,#2009,
    #2010,#2011,#2012,#2013,#2014),.UNSPECIFIED.,.F.,.F.,(6,4,6),(0.,
    0.218111221463,1.),.UNSPECIFIED.);
#2005 = CARTESIAN_POINT('',(38.302734375,73.60400390625));
#2006 = CARTESIAN_POINT('',(38.285383785514,73.60400390625));
#2007 = CARTESIAN_POINT('',(38.268106723255,73.603401719431));
#2008 = CARTESIAN_POINT('',(38.25090725049,73.602195734802));
#2009 = CARTESIAN_POINT('',(38.233789310725,73.600385418086));
#2010 = CARTESIAN_POINT('',(38.155698041967,73.589317182573));
#2011 = CARTESIAN_POINT('',(38.095733744845,73.572903488383));
#2012 = CARTESIAN_POINT('',(38.037047183117,73.548754998512));
#2013 = CARTESIAN_POINT('',(37.97977642992,73.517080802482));
#2014 = CARTESIAN_POINT('',(37.9240234375,73.47822265625));
#2015 = ( GEOMETRIC_REPRESENTATION_CONTEXT(2) 
PARAMETRIC_REPRESENTATION_CONTEXT() REPRESENTATION_CONTEXT('2D SPACE',''
  ) );
#2016 = PCURVE('',#2017,#2024);
#2017 = SURFACE_OF_LINEAR_EXTRUSION('',#2018,#2022);
#2018 = B_SPLINE_CURVE_WITH_KNOTS('',2,(#2019,#2020,#2021),
  .UNSPECIFIED.,.F.,.F.,(3,3),(0.,1.),.PIECEWISE_BEZIER_KNOTS.);
#2019 = CARTESIAN_POINT('',(37.9240234375,73.47822265625,3.65));
#2020 = CARTESIAN_POINT('',(38.1044921875,73.60400390625,3.65));
#2021 = CARTESIAN_POINT('',(38.302734375,73.60400390625,3.65));
#2022 = VECTOR('',#2023,1.);
#2023 = DIRECTION('',(-0.,-0.,-1.));
#2024 = DEFINITIONAL_REPRESENTATION('',(#2025),#2036);
#2025 = B_SPLINE_CURVE_WITH_KNOTS('',5,(#2026,#2027,#2028,#2029,#2030,
    #2031,#2032,#2033,#2034,#2035),.UNSPECIFIED.,.F.,.F.,(6,4,6),(0.,
    0.218111221463,1.),.UNSPECIFIED.);
#2026 = CARTESIAN_POINT('',(1.,-0.35));
#2027 = CARTESIAN_POINT('',(0.956238907307,-0.35));
#2028 = CARTESIAN_POINT('',(0.912448647288,-0.35));
#2029 = CARTESIAN_POINT('',(0.868638891514,-0.35));
#2030 = CARTESIAN_POINT('',(0.824819395759,-0.35));
#2031 = CARTESIAN_POINT('',(0.623915492398,-0.35));
#2032 = CARTESIAN_POINT('',(0.466825762253,-0.35));
#2033 = CARTESIAN_POINT('',(0.310202065949,-0.35));
#2034 = CARTESIAN_POINT('',(0.154467165147,-0.35));
#2035 = CARTESIAN_POINT('',(0.,-0.35));
#2036 = ( GEOMETRIC_REPRESENTATION_CONTEXT(2) 
PARAMETRIC_REPRESENTATION_CONTEXT() REPRESENTATION_CONTEXT('2D SPACE',''
  ) );
#2037 = ORIENTED_EDGE('',*,*,#2038,.F.);
#2038 = EDGE_CURVE('',#2039,#1988,#2041,.T.);
#2039 = VERTEX_POINT('',#2040);
#2040 = CARTESIAN_POINT('',(38.745703125,73.42216796875,4.));
#2041 = SURFACE_CURVE('',#2042,(#2053,#2067),.PCURVE_S1.);
#2042 = B_SPLINE_CURVE_WITH_KNOTS('',5,(#2043,#2044,#2045,#2046,#2047,
    #2048,#2049,#2050,#2051,#2052),.UNSPECIFIED.,.F.,.F.,(6,4,6),(0.,
    0.45757165596,1.),.UNSPECIFIED.);
#2043 = CARTESIAN_POINT('',(38.745703125,73.42216796875,4.));
#2044 = CARTESIAN_POINT('',(38.712935328669,73.455184005962,4.));
#2045 = CARTESIAN_POINT('',(38.678261214606,73.48467105348,4.));
#2046 = CARTESIAN_POINT('',(38.641702144182,73.510463766538,4.));
#2047 = CARTESIAN_POINT('',(38.603312246471,73.532449976021,4.));
#2048 = CARTESIAN_POINT('',(38.515619534142,73.572087653855,4.));
#2049 = CARTESIAN_POINT('',(38.465609373444,73.58818084217,4.));
#2050 = CARTESIAN_POINT('',(38.413315405332,73.59879275784,4.));
#2051 = CARTESIAN_POINT('',(38.358944783946,73.60400390625,4.));
#2052 = CARTESIAN_POINT('',(38.302734375,73.60400390625,4.));
#2053 = PCURVE('',#44,#2054);
#2054 = DEFINITIONAL_REPRESENTATION('',(#2055),#2066);
#2055 = B_SPLINE_CURVE_WITH_KNOTS('',5,(#2056,#2057,#2058,#2059,#2060,
    #2061,#2062,#2063,#2064,#2065),.UNSPECIFIED.,.F.,.F.,(6,4,6),(0.,
    0.45757165596,1.),.UNSPECIFIED.);
#2056 = CARTESIAN_POINT('',(38.745703125,73.42216796875));
#2057 = CARTESIAN_POINT('',(38.712935328669,73.455184005962));
#2058 = CARTESIAN_POINT('',(38.678261214606,73.48467105348));
#2059 = CARTESIAN_POINT('',(38.641702144182,73.510463766538));
#2060 = CARTESIAN_POINT('',(38.603312246471,73.532449976021));
#2061 = CARTESIAN_POINT('',(38.515619534142,73.572087653855));
#2062 = CARTESIAN_POINT('',(38.465609373444,73.58818084217));
#2063 = CARTESIAN_POINT('',(38.413315405332,73.59879275784));
#2064 = CARTESIAN_POINT('',(38.358944783946,73.60400390625));
#2065 = CARTESIAN_POINT('',(38.302734375,73.60400390625));
#2066 = ( GEOMETRIC_REPRESENTATION_CONTEXT(2) 
PARAMETRIC_REPRESENTATION_CONTEXT() REPRESENTATION_CONTEXT('2D SPACE',''
  ) );
#2067 = PCURVE('',#2068,#2075);
#2068 = SURFACE_OF_LINEAR_EXTRUSION('',#2069,#2073);
#2069 = B_SPLINE_CURVE_WITH_KNOTS('',2,(#2070,#2071,#2072),
  .UNSPECIFIED.,.F.,.F.,(3,3),(0.,1.),.PIECEWISE_BEZIER_KNOTS.);
#2070 = CARTESIAN_POINT('',(38.302734375,73.60400390625,3.65));
#2071 = CARTESIAN_POINT('',(38.565234375,73.60400390625,3.65));
#2072 = CARTESIAN_POINT('',(38.745703125,73.42216796875,3.65));
#2073 = VECTOR('',#2074,1.);
#2074 = DIRECTION('',(-0.,-0.,-1.));
#2075 = DEFINITIONAL_REPRESENTATION('',(#2076),#2087);
#2076 = B_SPLINE_CURVE_WITH_KNOTS('',5,(#2077,#2078,#2079,#2080,#2081,
    #2082,#2083,#2084,#2085,#2086),.UNSPECIFIED.,.F.,.F.,(6,4,6),(0.,
    0.45757165596,1.),.UNSPECIFIED.);
#2077 = CARTESIAN_POINT('',(1.,-0.35));
#2078 = CARTESIAN_POINT('',(0.909214763412,-0.35));
#2079 = CARTESIAN_POINT('',(0.817830874814,-0.35));
#2080 = CARTESIAN_POINT('',(0.726031101811,-0.35));
#2081 = CARTESIAN_POINT('',(0.634014933324,-0.35));
#2082 = CARTESIAN_POINT('',(0.432920892368,-0.35));
#2083 = CARTESIAN_POINT('',(0.323834710174,-0.35));
#2084 = CARTESIAN_POINT('',(0.215108427337,-0.35));
#2085 = CARTESIAN_POINT('',(0.107067445612,-0.35));
#2086 = CARTESIAN_POINT('',(0.,-0.35));
#2087 = ( GEOMETRIC_REPRESENTATION_CONTEXT(2) 
PARAMETRIC_REPRESENTATION_CONTEXT() REPRESENTATION_CONTEXT('2D SPACE',''
  ) );
#2088 = ORIENTED_EDGE('',*,*,#2089,.F.);
#2089 = EDGE_CURVE('',#2090,#2039,#2092,.T.);
#2090 = VERTEX_POINT('',#2091);
#2091 = CARTESIAN_POINT('',(38.926171875,72.95458984375,4.));
#2092 = SURFACE_CURVE('',#2093,(#2104,#2118),.PCURVE_S1.);
#2093 = B_SPLINE_CURVE_WITH_KNOTS('',5,(#2094,#2095,#2096,#2097,#2098,
    #2099,#2100,#2101,#2102,#2103),.UNSPECIFIED.,.F.,.F.,(6,4,6),(0.,
    0.685815439322,1.),.UNSPECIFIED.);
#2094 = CARTESIAN_POINT('',(38.926171875,72.95458984375,4.));
#2095 = CARTESIAN_POINT('',(38.926171875,73.03114926599,4.));
#2096 = CARTESIAN_POINT('',(38.918074721829,73.104206495814,4.));
#2097 = CARTESIAN_POINT('',(38.901390009752,73.173166758424,4.));
#2098 = CARTESIAN_POINT('',(38.875875404403,73.237505941291,4.));
#2099 = CARTESIAN_POINT('',(38.826099743277,73.324068665101,4.));
#2100 = CARTESIAN_POINT('',(38.808650296299,73.350223322301,4.));
#2101 = CARTESIAN_POINT('',(38.789408986517,73.375303902436,4.));
#2102 = CARTESIAN_POINT('',(38.768410051212,73.39928902037,4.));
#2103 = CARTESIAN_POINT('',(38.745703125,73.42216796875,4.));
#2104 = PCURVE('',#44,#2105);
#2105 = DEFINITIONAL_REPRESENTATION('',(#2106),#2117);
#2106 = B_SPLINE_CURVE_WITH_KNOTS('',5,(#2107,#2108,#2109,#2110,#2111,
    #2112,#2113,#2114,#2115,#2116),.UNSPECIFIED.,.F.,.F.,(6,4,6),(0.,
    0.685815439322,1.),.UNSPECIFIED.);
#2107 = CARTESIAN_POINT('',(38.926171875,72.95458984375));
#2108 = CARTESIAN_POINT('',(38.926171875,73.03114926599));
#2109 = CARTESIAN_POINT('',(38.918074721829,73.104206495814));
#2110 = CARTESIAN_POINT('',(38.901390009752,73.173166758424));
#2111 = CARTESIAN_POINT('',(38.875875404403,73.237505941291));
#2112 = CARTESIAN_POINT('',(38.826099743277,73.324068665101));
#2113 = CARTESIAN_POINT('',(38.808650296299,73.350223322301));
#2114 = CARTESIAN_POINT('',(38.789408986517,73.375303902436));
#2115 = CARTESIAN_POINT('',(38.768410051212,73.39928902037));
#2116 = CARTESIAN_POINT('',(38.745703125,73.42216796875));
#2117 = ( GEOMETRIC_REPRESENTATION_CONTEXT(2) 
PARAMETRIC_REPRESENTATION_CONTEXT() REPRESENTATION_CONTEXT('2D SPACE',''
  ) );
#2118 = PCURVE('',#2119,#2126);
#2119 = SURFACE_OF_LINEAR_EXTRUSION('',#2120,#2124);
#2120 = B_SPLINE_CURVE_WITH_KNOTS('',2,(#2121,#2122,#2123),
  .UNSPECIFIED.,.F.,.F.,(3,3),(0.,1.),.PIECEWISE_BEZIER_KNOTS.);
#2121 = CARTESIAN_POINT('',(38.745703125,73.42216796875,3.65));
#2122 = CARTESIAN_POINT('',(38.926171875,73.24033203125,3.65));
#2123 = CARTESIAN_POINT('',(38.926171875,72.95458984375,3.65));
#2124 = VECTOR('',#2125,1.);
#2125 = DIRECTION('',(-0.,-0.,-1.));
#2126 = DEFINITIONAL_REPRESENTATION('',(#2127),#2138);
#2127 = B_SPLINE_CURVE_WITH_KNOTS('',5,(#2128,#2129,#2130,#2131,#2132,
    #2133,#2134,#2135,#2136,#2137),.UNSPECIFIED.,.F.,.F.,(6,4,6),(0.,
    0.685815439322,1.),.UNSPECIFIED.);
#2128 = CARTESIAN_POINT('',(1.,-0.35));
#2129 = CARTESIAN_POINT('',(0.866034093689,-0.35));
#2130 = CARTESIAN_POINT('',(0.730038727053,-0.35));
#2131 = CARTESIAN_POINT('',(0.592560581674,-0.35));
#2132 = CARTESIAN_POINT('',(0.454272618527,-0.35));
#2133 = CARTESIAN_POINT('',(0.252654791633,-0.35));
#2134 = CARTESIAN_POINT('',(0.189308687918,-0.35));
#2135 = CARTESIAN_POINT('',(0.126036774299,-0.35));
#2136 = CARTESIAN_POINT('',(6.29109643959E-02,-0.35));
#2137 = CARTESIAN_POINT('',(0.,-0.35));
#2138 = ( GEOMETRIC_REPRESENTATION_CONTEXT(2) 
PARAMETRIC_REPRESENTATION_CONTEXT() REPRESENTATION_CONTEXT('2D SPACE',''
  ) );
#2139 = ORIENTED_EDGE('',*,*,#2140,.F.);
#2140 = EDGE_CURVE('',#2141,#2090,#2143,.T.);
#2141 = VERTEX_POINT('',#2142);
#2142 = CARTESIAN_POINT('',(38.767578125,72.48427734375,4.));
#2143 = SURFACE_CURVE('',#2144,(#2155,#2169),.PCURVE_S1.);
#2144 = B_SPLINE_CURVE_WITH_KNOTS('',5,(#2145,#2146,#2147,#2148,#2149,
    #2150,#2151,#2152,#2153,#2154),.UNSPECIFIED.,.F.,.F.,(6,4,6),(0.,
    0.342858277885,1.),.UNSPECIFIED.);
#2145 = CARTESIAN_POINT('',(38.767578125,72.48427734375,4.));
#2146 = CARTESIAN_POINT('',(38.789316763319,72.511450641649,4.));
#2147 = CARTESIAN_POINT('',(38.80925554477,72.539568857618,4.));
#2148 = CARTESIAN_POINT('',(38.827352682918,72.568616987902,4.));
#2149 = CARTESIAN_POINT('',(38.843580069615,72.598572332216,4.));
#2150 = CARTESIAN_POINT('',(38.885414280163,72.688499172321,4.));
#2151 = CARTESIAN_POINT('',(38.905985755378,72.750818736403,4.));
#2152 = CARTESIAN_POINT('',(38.919532610334,72.816141475286,4.));
#2153 = CARTESIAN_POINT('',(38.926171875,72.884175890355,4.));
#2154 = CARTESIAN_POINT('',(38.926171875,72.95458984375,4.));
#2155 = PCURVE('',#44,#2156);
#2156 = DEFINITIONAL_REPRESENTATION('',(#2157),#2168);
#2157 = B_SPLINE_CURVE_WITH_KNOTS('',5,(#2158,#2159,#2160,#2161,#2162,
    #2163,#2164,#2165,#2166,#2167),.UNSPECIFIED.,.F.,.F.,(6,4,6),(0.,
    0.342858277885,1.),.UNSPECIFIED.);
#2158 = CARTESIAN_POINT('',(38.767578125,72.48427734375));
#2159 = CARTESIAN_POINT('',(38.789316763319,72.511450641649));
#2160 = CARTESIAN_POINT('',(38.80925554477,72.539568857618));
#2161 = CARTESIAN_POINT('',(38.827352682918,72.568616987902));
#2162 = CARTESIAN_POINT('',(38.843580069615,72.598572332216));
#2163 = CARTESIAN_POINT('',(38.885414280163,72.688499172321));
#2164 = CARTESIAN_POINT('',(38.905985755378,72.750818736403));
#2165 = CARTESIAN_POINT('',(38.919532610334,72.816141475286));
#2166 = CARTESIAN_POINT('',(38.926171875,72.884175890355));
#2167 = CARTESIAN_POINT('',(38.926171875,72.95458984375));
#2168 = ( GEOMETRIC_REPRESENTATION_CONTEXT(2) 
PARAMETRIC_REPRESENTATION_CONTEXT() REPRESENTATION_CONTEXT('2D SPACE',''
  ) );
#2169 = PCURVE('',#2170,#2177);
#2170 = SURFACE_OF_LINEAR_EXTRUSION('',#2171,#2175);
#2171 = B_SPLINE_CURVE_WITH_KNOTS('',2,(#2172,#2173,#2174),
  .UNSPECIFIED.,.F.,.F.,(3,3),(0.,1.),.PIECEWISE_BEZIER_KNOTS.);
#2172 = CARTESIAN_POINT('',(38.926171875,72.95458984375,3.65));
#2173 = CARTESIAN_POINT('',(38.926171875,72.68251953125,3.65));
#2174 = CARTESIAN_POINT('',(38.767578125,72.48427734375,3.65));
#2175 = VECTOR('',#2176,1.);
#2176 = DIRECTION('',(-0.,-0.,-1.));
#2177 = DEFINITIONAL_REPRESENTATION('',(#2178),#2189);
#2178 = B_SPLINE_CURVE_WITH_KNOTS('',5,(#2179,#2180,#2181,#2182,#2183,
    #2184,#2185,#2186,#2187,#2188),.UNSPECIFIED.,.F.,.F.,(6,4,6),(0.,
    0.342858277885,1.),.UNSPECIFIED.);
#2179 = CARTESIAN_POINT('',(1.,-0.35));
#2180 = CARTESIAN_POINT('',(0.931464391507,-0.35));
#2181 = CARTESIAN_POINT('',(0.862732044043,-0.35));
#2182 = CARTESIAN_POINT('',(0.793866279589,-0.35));
#2183 = CARTESIAN_POINT('',(0.724932862599,-0.35));
#2184 = CARTESIAN_POINT('',(0.523879345607,-0.35));
#2185 = CARTESIAN_POINT('',(0.391751845523,-0.35));
#2186 = CARTESIAN_POINT('',(0.260114856589,-0.35));
#2187 = CARTESIAN_POINT('',(0.129403963166,-0.35));
#2188 = CARTESIAN_POINT('',(0.,-0.35));
#2189 = ( GEOMETRIC_REPRESENTATION_CONTEXT(2) 
PARAMETRIC_REPRESENTATION_CONTEXT() REPRESENTATION_CONTEXT('2D SPACE',''
  ) );
#2190 = ORIENTED_EDGE('',*,*,#2191,.F.);
#2191 = EDGE_CURVE('',#2192,#2141,#2194,.T.);
#2192 = VERTEX_POINT('',#2193);
#2193 = CARTESIAN_POINT('',(38.2412109375,72.24091796875,4.));
#2194 = SURFACE_CURVE('',#2195,(#2206,#2220),.PCURVE_S1.);
#2195 = B_SPLINE_CURVE_WITH_KNOTS('',5,(#2196,#2197,#2198,#2199,#2200,
    #2201,#2202,#2203,#2204,#2205),.UNSPECIFIED.,.F.,.F.,(6,4,6),(0.,
    0.595742290328,1.),.UNSPECIFIED.);
#2196 = CARTESIAN_POINT('',(38.2412109375,72.24091796875,4.));
#2197 = CARTESIAN_POINT('',(38.318394109246,72.24091796875,4.));
#2198 = CARTESIAN_POINT('',(38.392336484143,72.249060240603,4.));
#2199 = CARTESIAN_POINT('',(38.462307890042,72.265964340303,4.));
#2200 = CARTESIAN_POINT('',(38.527629512739,72.29196500667,4.));
#2201 = CARTESIAN_POINT('',(38.628687176358,72.350411269564,4.));
#2202 = CARTESIAN_POINT('',(38.667191584349,72.378103364176,4.));
#2203 = CARTESIAN_POINT('',(38.703205049908,72.409779443232,4.));
#2204 = CARTESIAN_POINT('',(38.736667393537,72.445255285591,4.));
#2205 = CARTESIAN_POINT('',(38.767578125,72.48427734375,4.));
#2206 = PCURVE('',#44,#2207);
#2207 = DEFINITIONAL_REPRESENTATION('',(#2208),#2219);
#2208 = B_SPLINE_CURVE_WITH_KNOTS('',5,(#2209,#2210,#2211,#2212,#2213,
    #2214,#2215,#2216,#2217,#2218),.UNSPECIFIED.,.F.,.F.,(6,4,6),(0.,
    0.595742290328,1.),.UNSPECIFIED.);
#2209 = CARTESIAN_POINT('',(38.2412109375,72.24091796875));
#2210 = CARTESIAN_POINT('',(38.318394109246,72.24091796875));
#2211 = CARTESIAN_POINT('',(38.392336484143,72.249060240603));
#2212 = CARTESIAN_POINT('',(38.462307890042,72.265964340303));
#2213 = CARTESIAN_POINT('',(38.527629512739,72.29196500667));
#2214 = CARTESIAN_POINT('',(38.628687176358,72.350411269564));
#2215 = CARTESIAN_POINT('',(38.667191584349,72.378103364176));
#2216 = CARTESIAN_POINT('',(38.703205049908,72.409779443232));
#2217 = CARTESIAN_POINT('',(38.736667393537,72.445255285591));
#2218 = CARTESIAN_POINT('',(38.767578125,72.48427734375));
#2219 = ( GEOMETRIC_REPRESENTATION_CONTEXT(2) 
PARAMETRIC_REPRESENTATION_CONTEXT() REPRESENTATION_CONTEXT('2D SPACE',''
  ) );
#2220 = PCURVE('',#2221,#2228);
#2221 = SURFACE_OF_LINEAR_EXTRUSION('',#2222,#2226);
#2222 = B_SPLINE_CURVE_WITH_KNOTS('',2,(#2223,#2224,#2225),
  .UNSPECIFIED.,.F.,.F.,(3,3),(0.,1.),.PIECEWISE_BEZIER_KNOTS.);
#2223 = CARTESIAN_POINT('',(38.767578125,72.48427734375,3.65));
#2224 = CARTESIAN_POINT('',(38.5748046875,72.24091796875,3.65));
#2225 = CARTESIAN_POINT('',(38.2412109375,72.24091796875,3.65));
#2226 = VECTOR('',#2227,1.);
#2227 = DIRECTION('',(-0.,-0.,-1.));
#2228 = DEFINITIONAL_REPRESENTATION('',(#2229),#2240);
#2229 = B_SPLINE_CURVE_WITH_KNOTS('',5,(#2230,#2231,#2232,#2233,#2234,
    #2235,#2236,#2237,#2238,#2239),.UNSPECIFIED.,.F.,.F.,(6,4,6),(0.,
    0.595742290328,1.),.UNSPECIFIED.);
#2230 = CARTESIAN_POINT('',(1.,-0.35));
#2231 = CARTESIAN_POINT('',(0.884315620802,-0.35));
#2232 = CARTESIAN_POINT('',(0.766426850064,-0.35));
#2233 = CARTESIAN_POINT('',(0.646890750119,-0.35));
#2234 = CARTESIAN_POINT('',(0.526434428454,-0.35));
#2235 = CARTESIAN_POINT('',(0.32427582664,-0.35));
#2236 = CARTESIAN_POINT('',(0.24254694951,-0.35));
#2237 = CARTESIAN_POINT('',(0.161096259725,-0.35));
#2238 = CARTESIAN_POINT('',(8.017373104834E-02,-0.35));
#2239 = CARTESIAN_POINT('',(0.,-0.35));
#2240 = ( GEOMETRIC_REPRESENTATION_CONTEXT(2) 
PARAMETRIC_REPRESENTATION_CONTEXT() REPRESENTATION_CONTEXT('2D SPACE',''
  ) );
#2241 = ORIENTED_EDGE('',*,*,#2242,.F.);
#2242 = EDGE_CURVE('',#2243,#2192,#2245,.T.);
#2243 = VERTEX_POINT('',#2244);
#2244 = CARTESIAN_POINT('',(37.79482421875,72.39404296875,4.));
#2245 = SURFACE_CURVE('',#2246,(#2257,#2271),.PCURVE_S1.);
#2246 = B_SPLINE_CURVE_WITH_KNOTS('',5,(#2247,#2248,#2249,#2250,#2251,
    #2252,#2253,#2254,#2255,#2256),.UNSPECIFIED.,.F.,.F.,(6,4,6),(0.,
    0.178301109045,1.),.UNSPECIFIED.);
#2247 = CARTESIAN_POINT('',(37.79482421875,72.39404296875,4.));
#2248 = CARTESIAN_POINT('',(37.807261568928,72.383031243692,4.));
#2249 = CARTESIAN_POINT('',(37.820034904245,72.372504541956,4.));
#2250 = CARTESIAN_POINT('',(37.83314172937,72.362467901518,4.));
#2251 = CARTESIAN_POINT('',(37.84657872699,72.352925212815,4.));
#2252 = CARTESIAN_POINT('',(37.923768548724,72.302190844905,4.));
#2253 = CARTESIAN_POINT('',(37.994129503818,72.271044893857,4.));
#2254 = CARTESIAN_POINT('',(38.070992053571,72.250735969104,4.));
#2255 = CARTESIAN_POINT('',(38.153631018503,72.24091796875,4.));
#2256 = CARTESIAN_POINT('',(38.2412109375,72.24091796875,4.));
#2257 = PCURVE('',#44,#2258);
#2258 = DEFINITIONAL_REPRESENTATION('',(#2259),#2270);
#2259 = B_SPLINE_CURVE_WITH_KNOTS('',5,(#2260,#2261,#2262,#2263,#2264,
    #2265,#2266,#2267,#2268,#2269),.UNSPECIFIED.,.F.,.F.,(6,4,6),(0.,
    0.178301109045,1.),.UNSPECIFIED.);
#2260 = CARTESIAN_POINT('',(37.79482421875,72.39404296875));
#2261 = CARTESIAN_POINT('',(37.807261568928,72.383031243692));
#2262 = CARTESIAN_POINT('',(37.820034904245,72.372504541956));
#2263 = CARTESIAN_POINT('',(37.83314172937,72.362467901518));
#2264 = CARTESIAN_POINT('',(37.84657872699,72.352925212815));
#2265 = CARTESIAN_POINT('',(37.923768548724,72.302190844905));
#2266 = CARTESIAN_POINT('',(37.994129503818,72.271044893857));
#2267 = CARTESIAN_POINT('',(38.070992053571,72.250735969104));
#2268 = CARTESIAN_POINT('',(38.153631018503,72.24091796875));
#2269 = CARTESIAN_POINT('',(38.2412109375,72.24091796875));
#2270 = ( GEOMETRIC_REPRESENTATION_CONTEXT(2) 
PARAMETRIC_REPRESENTATION_CONTEXT() REPRESENTATION_CONTEXT('2D SPACE',''
  ) );
#2271 = PCURVE('',#2272,#2279);
#2272 = SURFACE_OF_LINEAR_EXTRUSION('',#2273,#2277);
#2273 = B_SPLINE_CURVE_WITH_KNOTS('',2,(#2274,#2275,#2276),
  .UNSPECIFIED.,.F.,.F.,(3,3),(0.,1.),.PIECEWISE_BEZIER_KNOTS.);
#2274 = CARTESIAN_POINT('',(38.2412109375,72.24091796875,3.65));
#2275 = CARTESIAN_POINT('',(37.9677734375,72.24091796875,3.65));
#2276 = CARTESIAN_POINT('',(37.79482421875,72.39404296875,3.65));
#2277 = VECTOR('',#2278,1.);
#2278 = DIRECTION('',(-0.,-0.,-1.));
#2279 = DEFINITIONAL_REPRESENTATION('',(#2280),#2291);
#2280 = B_SPLINE_CURVE_WITH_KNOTS('',5,(#2281,#2282,#2283,#2284,#2285,
    #2286,#2287,#2288,#2289,#2290),.UNSPECIFIED.,.F.,.F.,(6,4,6),(0.,
    0.178301109045,1.),.UNSPECIFIED.);
#2281 = CARTESIAN_POINT('',(1.,-0.35));
#2282 = CARTESIAN_POINT('',(0.964043346748,-0.35));
#2283 = CARTESIAN_POINT('',(0.928054348657,-0.35));
#2284 = CARTESIAN_POINT('',(0.892043614188,-0.35));
#2285 = CARTESIAN_POINT('',(0.85602187781,-0.35));
#2286 = CARTESIAN_POINT('',(0.653993533719,-0.35));
#2287 = CARTESIAN_POINT('',(0.48795836029,-0.35));
#2288 = CARTESIAN_POINT('',(0.32303898818,-0.35));
#2289 = CARTESIAN_POINT('',(0.160146137595,-0.35));
#2290 = CARTESIAN_POINT('',(0.,-0.35));
#2291 = ( GEOMETRIC_REPRESENTATION_CONTEXT(2) 
PARAMETRIC_REPRESENTATION_CONTEXT() REPRESENTATION_CONTEXT('2D SPACE',''
  ) );
#2292 = ORIENTED_EDGE('',*,*,#2293,.F.);
#2293 = EDGE_CURVE('',#1428,#2243,#2294,.T.);
#2294 = SURFACE_CURVE('',#2295,(#2306,#2320),.PCURVE_S1.);
#2295 = B_SPLINE_CURVE_WITH_KNOTS('',5,(#2296,#2297,#2298,#2299,#2300,
    #2301,#2302,#2303,#2304,#2305),.UNSPECIFIED.,.F.,.F.,(6,4,6),(0.,
    0.677340358945,1.),.UNSPECIFIED.);
#2296 = CARTESIAN_POINT('',(37.597265625,72.80009765625,4.));
#2297 = CARTESIAN_POINT('',(37.603815980726,72.732774555734,4.));
#2298 = CARTESIAN_POINT('',(37.617010247507,72.669095635031,4.));
#2299 = CARTESIAN_POINT('',(37.637129456489,72.609486177033,4.));
#2300 = CARTESIAN_POINT('',(37.664284764377,72.554296373222,4.));
#2301 = CARTESIAN_POINT('',(37.714540863266,72.479664311321,4.));
#2302 = CARTESIAN_POINT('',(37.73231957889,72.456635217684,4.));
#2303 = CARTESIAN_POINT('',(37.751645773335,72.434680492543,4.));
#2304 = CARTESIAN_POINT('',(37.772493046219,72.413814441663,4.));
#2305 = CARTESIAN_POINT('',(37.79482421875,72.39404296875,4.));
#2306 = PCURVE('',#44,#2307);
#2307 = DEFINITIONAL_REPRESENTATION('',(#2308),#2319);
#2308 = B_SPLINE_CURVE_WITH_KNOTS('',5,(#2309,#2310,#2311,#2312,#2313,
    #2314,#2315,#2316,#2317,#2318),.UNSPECIFIED.,.F.,.F.,(6,4,6),(0.,
    0.677340358945,1.),.UNSPECIFIED.);
#2309 = CARTESIAN_POINT('',(37.597265625,72.80009765625));
#2310 = CARTESIAN_POINT('',(37.603815980726,72.732774555734));
#2311 = CARTESIAN_POINT('',(37.617010247507,72.669095635031));
#2312 = CARTESIAN_POINT('',(37.637129456489,72.609486177033));
#2313 = CARTESIAN_POINT('',(37.664284764377,72.554296373222));
#2314 = CARTESIAN_POINT('',(37.714540863266,72.479664311321));
#2315 = CARTESIAN_POINT('',(37.73231957889,72.456635217684));
#2316 = CARTESIAN_POINT('',(37.751645773335,72.434680492543));
#2317 = CARTESIAN_POINT('',(37.772493046219,72.413814441663));
#2318 = CARTESIAN_POINT('',(37.79482421875,72.39404296875));
#2319 = ( GEOMETRIC_REPRESENTATION_CONTEXT(2) 
PARAMETRIC_REPRESENTATION_CONTEXT() REPRESENTATION_CONTEXT('2D SPACE',''
  ) );
#2320 = PCURVE('',#2321,#2328);
#2321 = SURFACE_OF_LINEAR_EXTRUSION('',#2322,#2326);
#2322 = B_SPLINE_CURVE_WITH_KNOTS('',2,(#2323,#2324,#2325),
  .UNSPECIFIED.,.F.,.F.,(3,3),(0.,1.),.PIECEWISE_BEZIER_KNOTS.);
#2323 = CARTESIAN_POINT('',(37.79482421875,72.39404296875,3.65));
#2324 = CARTESIAN_POINT('',(37.621875,72.54716796875,3.65));
#2325 = CARTESIAN_POINT('',(37.597265625,72.80009765625,3.65));
#2326 = VECTOR('',#2327,1.);
#2327 = DIRECTION('',(-0.,-0.,-1.));
#2328 = DEFINITIONAL_REPRESENTATION('',(#2329),#2340);
#2329 = B_SPLINE_CURVE_WITH_KNOTS('',5,(#2330,#2331,#2332,#2333,#2334,
    #2335,#2336,#2337,#2338,#2339),.UNSPECIFIED.,.F.,.F.,(6,4,6),(0.,
    0.677340358945,1.),.UNSPECIFIED.);
#2330 = CARTESIAN_POINT('',(1.,-0.35));
#2331 = CARTESIAN_POINT('',(0.866913407473,-0.35));
#2332 = CARTESIAN_POINT('',(0.732294428275,-0.35));
#2333 = CARTESIAN_POINT('',(0.596581305991,-0.35));
#2334 = CARTESIAN_POINT('',(0.460285018648,-0.35));
#2335 = CARTESIAN_POINT('',(0.259078908827,-0.35));
#2336 = CARTESIAN_POINT('',(0.194157797549,-0.35));
#2337 = CARTESIAN_POINT('',(0.129298298912,-0.35));
#2338 = CARTESIAN_POINT('',(6.455991155249E-02,-0.35));
#2339 = CARTESIAN_POINT('',(0.,-0.35));
#2340 = ( GEOMETRIC_REPRESENTATION_CONTEXT(2) 
PARAMETRIC_REPRESENTATION_CONTEXT() REPRESENTATION_CONTEXT('2D SPACE',''
  ) );
#2341 = FACE_BOUND('',#2342,.T.);
#2342 = EDGE_LOOP('',(#2343,#2371,#2397,#2423,#2449,#2475,#2501,#2527,
    #2553,#2579,#2605,#2631));
#2343 = ORIENTED_EDGE('',*,*,#2344,.F.);
#2344 = EDGE_CURVE('',#2345,#2347,#2349,.T.);
#2345 = VERTEX_POINT('',#2346);
#2346 = CARTESIAN_POINT('',(40.517578125,72.59912109375,4.));
#2347 = VERTEX_POINT('',#2348);
#2348 = CARTESIAN_POINT('',(40.75,72.59912109375,4.));
#2349 = SURFACE_CURVE('',#2350,(#2354,#2360),.PCURVE_S1.);
#2350 = LINE('',#2351,#2352);
#2351 = CARTESIAN_POINT('',(20.375,72.59912109375,4.));
#2352 = VECTOR('',#2353,1.);
#2353 = DIRECTION('',(1.,0.,-0.));
#2354 = PCURVE('',#44,#2355);
#2355 = DEFINITIONAL_REPRESENTATION('',(#2356),#2359);
#2356 = B_SPLINE_CURVE_WITH_KNOTS('',1,(#2357,#2358),.UNSPECIFIED.,.F.,
  .F.,(2,2),(20.142578125,20.375),.PIECEWISE_BEZIER_KNOTS.);
#2357 = CARTESIAN_POINT('',(40.517578125,72.59912109375));
#2358 = CARTESIAN_POINT('',(40.75,72.59912109375));
#2359 = ( GEOMETRIC_REPRESENTATION_CONTEXT(2) 
PARAMETRIC_REPRESENTATION_CONTEXT() REPRESENTATION_CONTEXT('2D SPACE',''
  ) );
#2360 = PCURVE('',#2361,#2366);
#2361 = PLANE('',#2362);
#2362 = AXIS2_PLACEMENT_3D('',#2363,#2364,#2365);
#2363 = CARTESIAN_POINT('',(40.75,72.59912109375,3.65));
#2364 = DIRECTION('',(0.,-1.,0.));
#2365 = DIRECTION('',(-1.,0.,0.));
#2366 = DEFINITIONAL_REPRESENTATION('',(#2367),#2370);
#2367 = B_SPLINE_CURVE_WITH_KNOTS('',1,(#2368,#2369),.UNSPECIFIED.,.F.,
  .F.,(2,2),(20.142578125,20.375),.PIECEWISE_BEZIER_KNOTS.);
#2368 = CARTESIAN_POINT('',(0.232421875,-0.35));
#2369 = CARTESIAN_POINT('',(0.,-0.35));
#2370 = ( GEOMETRIC_REPRESENTATION_CONTEXT(2) 
PARAMETRIC_REPRESENTATION_CONTEXT() REPRESENTATION_CONTEXT('2D SPACE',''
  ) );
#2371 = ORIENTED_EDGE('',*,*,#2372,.F.);
#2372 = EDGE_CURVE('',#2373,#2345,#2375,.T.);
#2373 = VERTEX_POINT('',#2374);
#2374 = CARTESIAN_POINT('',(40.517578125,73.14873046875,4.));
#2375 = SURFACE_CURVE('',#2376,(#2380,#2386),.PCURVE_S1.);
#2376 = LINE('',#2377,#2378);
#2377 = CARTESIAN_POINT('',(40.517578125,36.299560546875,4.));
#2378 = VECTOR('',#2379,1.);
#2379 = DIRECTION('',(0.,-1.,0.));
#2380 = PCURVE('',#44,#2381);
#2381 = DEFINITIONAL_REPRESENTATION('',(#2382),#2385);
#2382 = B_SPLINE_CURVE_WITH_KNOTS('',1,(#2383,#2384),.UNSPECIFIED.,.F.,
  .F.,(2,2),(-36.84916992187,-36.29956054687),.PIECEWISE_BEZIER_KNOTS.);
#2383 = CARTESIAN_POINT('',(40.517578125,73.14873046875));
#2384 = CARTESIAN_POINT('',(40.517578125,72.59912109375));
#2385 = ( GEOMETRIC_REPRESENTATION_CONTEXT(2) 
PARAMETRIC_REPRESENTATION_CONTEXT() REPRESENTATION_CONTEXT('2D SPACE',''
  ) );
#2386 = PCURVE('',#2387,#2392);
#2387 = PLANE('',#2388);
#2388 = AXIS2_PLACEMENT_3D('',#2389,#2390,#2391);
#2389 = CARTESIAN_POINT('',(40.517578125,72.59912109375,3.65));
#2390 = DIRECTION('',(-1.,0.,0.));
#2391 = DIRECTION('',(0.,1.,0.));
#2392 = DEFINITIONAL_REPRESENTATION('',(#2393),#2396);
#2393 = B_SPLINE_CURVE_WITH_KNOTS('',1,(#2394,#2395),.UNSPECIFIED.,.F.,
  .F.,(2,2),(-36.84916992187,-36.29956054687),.PIECEWISE_BEZIER_KNOTS.);
#2394 = CARTESIAN_POINT('',(0.549609375,-0.35));
#2395 = CARTESIAN_POINT('',(0.,-0.35));
#2396 = ( GEOMETRIC_REPRESENTATION_CONTEXT(2) 
PARAMETRIC_REPRESENTATION_CONTEXT() REPRESENTATION_CONTEXT('2D SPACE',''
  ) );
#2397 = ORIENTED_EDGE('',*,*,#2398,.F.);
#2398 = EDGE_CURVE('',#2399,#2373,#2401,.T.);
#2399 = VERTEX_POINT('',#2400);
#2400 = CARTESIAN_POINT('',(39.9720703125,73.14873046875,4.));
#2401 = SURFACE_CURVE('',#2402,(#2406,#2412),.PCURVE_S1.);
#2402 = LINE('',#2403,#2404);
#2403 = CARTESIAN_POINT('',(20.2587890625,73.14873046875,4.));
#2404 = VECTOR('',#2405,1.);
#2405 = DIRECTION('',(1.,0.,-0.));
#2406 = PCURVE('',#44,#2407);
#2407 = DEFINITIONAL_REPRESENTATION('',(#2408),#2411);
#2408 = B_SPLINE_CURVE_WITH_KNOTS('',1,(#2409,#2410),.UNSPECIFIED.,.F.,
  .F.,(2,2),(19.71328125,20.2587890625),.PIECEWISE_BEZIER_KNOTS.);
#2409 = CARTESIAN_POINT('',(39.9720703125,73.14873046875));
#2410 = CARTESIAN_POINT('',(40.517578125,73.14873046875));
#2411 = ( GEOMETRIC_REPRESENTATION_CONTEXT(2) 
PARAMETRIC_REPRESENTATION_CONTEXT() REPRESENTATION_CONTEXT('2D SPACE',''
  ) );
#2412 = PCURVE('',#2413,#2418);
#2413 = PLANE('',#2414);
#2414 = AXIS2_PLACEMENT_3D('',#2415,#2416,#2417);
#2415 = CARTESIAN_POINT('',(40.517578125,73.14873046875,3.65));
#2416 = DIRECTION('',(0.,-1.,0.));
#2417 = DIRECTION('',(-1.,0.,0.));
#2418 = DEFINITIONAL_REPRESENTATION('',(#2419),#2422);
#2419 = B_SPLINE_CURVE_WITH_KNOTS('',1,(#2420,#2421),.UNSPECIFIED.,.F.,
  .F.,(2,2),(19.71328125,20.2587890625),.PIECEWISE_BEZIER_KNOTS.);
#2420 = CARTESIAN_POINT('',(0.5455078125,-0.35));
#2421 = CARTESIAN_POINT('',(0.,-0.35));
#2422 = ( GEOMETRIC_REPRESENTATION_CONTEXT(2) 
PARAMETRIC_REPRESENTATION_CONTEXT() REPRESENTATION_CONTEXT('2D SPACE',''
  ) );
#2423 = ORIENTED_EDGE('',*,*,#2424,.F.);
#2424 = EDGE_CURVE('',#2425,#2399,#2427,.T.);
#2425 = VERTEX_POINT('',#2426);
#2426 = CARTESIAN_POINT('',(39.9720703125,73.37841796875,4.));
#2427 = SURFACE_CURVE('',#2428,(#2432,#2438),.PCURVE_S1.);
#2428 = LINE('',#2429,#2430);
#2429 = CARTESIAN_POINT('',(39.9720703125,36.574365234375,4.));
#2430 = VECTOR('',#2431,1.);
#2431 = DIRECTION('',(0.,-1.,0.));
#2432 = PCURVE('',#44,#2433);
#2433 = DEFINITIONAL_REPRESENTATION('',(#2434),#2437);
#2434 = B_SPLINE_CURVE_WITH_KNOTS('',1,(#2435,#2436),.UNSPECIFIED.,.F.,
  .F.,(2,2),(-36.80405273437,-36.57436523437),.PIECEWISE_BEZIER_KNOTS.);
#2435 = CARTESIAN_POINT('',(39.9720703125,73.37841796875));
#2436 = CARTESIAN_POINT('',(39.9720703125,73.14873046875));
#2437 = ( GEOMETRIC_REPRESENTATION_CONTEXT(2) 
PARAMETRIC_REPRESENTATION_CONTEXT() REPRESENTATION_CONTEXT('2D SPACE',''
  ) );
#2438 = PCURVE('',#2439,#2444);
#2439 = PLANE('',#2440);
#2440 = AXIS2_PLACEMENT_3D('',#2441,#2442,#2443);
#2441 = CARTESIAN_POINT('',(39.9720703125,73.14873046875,3.65));
#2442 = DIRECTION('',(-1.,0.,0.));
#2443 = DIRECTION('',(0.,1.,0.));
#2444 = DEFINITIONAL_REPRESENTATION('',(#2445),#2448);
#2445 = B_SPLINE_CURVE_WITH_KNOTS('',1,(#2446,#2447),.UNSPECIFIED.,.F.,
  .F.,(2,2),(-36.80405273437,-36.57436523437),.PIECEWISE_BEZIER_KNOTS.);
#2446 = CARTESIAN_POINT('',(0.2296875,-0.35));
#2447 = CARTESIAN_POINT('',(0.,-0.35));
#2448 = ( GEOMETRIC_REPRESENTATION_CONTEXT(2) 
PARAMETRIC_REPRESENTATION_CONTEXT() REPRESENTATION_CONTEXT('2D SPACE',''
  ) );
#2449 = ORIENTED_EDGE('',*,*,#2450,.F.);
#2450 = EDGE_CURVE('',#2451,#2425,#2453,.T.);
#2451 = VERTEX_POINT('',#2452);
#2452 = CARTESIAN_POINT('',(40.517578125,73.37841796875,4.));
#2453 = SURFACE_CURVE('',#2454,(#2458,#2464),.PCURVE_S1.);
#2454 = LINE('',#2455,#2456);
#2455 = CARTESIAN_POINT('',(19.98603515625,73.37841796875,4.));
#2456 = VECTOR('',#2457,1.);
#2457 = DIRECTION('',(-1.,0.,0.));
#2458 = PCURVE('',#44,#2459);
#2459 = DEFINITIONAL_REPRESENTATION('',(#2460),#2463);
#2460 = B_SPLINE_CURVE_WITH_KNOTS('',1,(#2461,#2462),.UNSPECIFIED.,.F.,
  .F.,(2,2),(-20.53154296875,-19.98603515625),.PIECEWISE_BEZIER_KNOTS.);
#2461 = CARTESIAN_POINT('',(40.517578125,73.37841796875));
#2462 = CARTESIAN_POINT('',(39.9720703125,73.37841796875));
#2463 = ( GEOMETRIC_REPRESENTATION_CONTEXT(2) 
PARAMETRIC_REPRESENTATION_CONTEXT() REPRESENTATION_CONTEXT('2D SPACE',''
  ) );
#2464 = PCURVE('',#2465,#2470);
#2465 = PLANE('',#2466);
#2466 = AXIS2_PLACEMENT_3D('',#2467,#2468,#2469);
#2467 = CARTESIAN_POINT('',(39.9720703125,73.37841796875,3.65));
#2468 = DIRECTION('',(0.,1.,0.));
#2469 = DIRECTION('',(1.,0.,0.));
#2470 = DEFINITIONAL_REPRESENTATION('',(#2471),#2474);
#2471 = B_SPLINE_CURVE_WITH_KNOTS('',1,(#2472,#2473),.UNSPECIFIED.,.F.,
  .F.,(2,2),(-20.53154296875,-19.98603515625),.PIECEWISE_BEZIER_KNOTS.);
#2472 = CARTESIAN_POINT('',(0.5455078125,-0.35));
#2473 = CARTESIAN_POINT('',(0.,-0.35));
#2474 = ( GEOMETRIC_REPRESENTATION_CONTEXT(2) 
PARAMETRIC_REPRESENTATION_CONTEXT() REPRESENTATION_CONTEXT('2D SPACE',''
  ) );
#2475 = ORIENTED_EDGE('',*,*,#2476,.F.);
#2476 = EDGE_CURVE('',#2477,#2451,#2479,.T.);
#2477 = VERTEX_POINT('',#2478);
#2478 = CARTESIAN_POINT('',(40.517578125,73.92392578125,4.));
#2479 = SURFACE_CURVE('',#2480,(#2484,#2490),.PCURVE_S1.);
#2480 = LINE('',#2481,#2482);
#2481 = CARTESIAN_POINT('',(40.517578125,36.689208984375,4.));
#2482 = VECTOR('',#2483,1.);
#2483 = DIRECTION('',(0.,-1.,0.));
#2484 = PCURVE('',#44,#2485);
#2485 = DEFINITIONAL_REPRESENTATION('',(#2486),#2489);
#2486 = B_SPLINE_CURVE_WITH_KNOTS('',1,(#2487,#2488),.UNSPECIFIED.,.F.,
  .F.,(2,2),(-37.23471679687,-36.68920898437),.PIECEWISE_BEZIER_KNOTS.);
#2487 = CARTESIAN_POINT('',(40.517578125,73.92392578125));
#2488 = CARTESIAN_POINT('',(40.517578125,73.37841796875));
#2489 = ( GEOMETRIC_REPRESENTATION_CONTEXT(2) 
PARAMETRIC_REPRESENTATION_CONTEXT() REPRESENTATION_CONTEXT('2D SPACE',''
  ) );
#2490 = PCURVE('',#2491,#2496);
#2491 = PLANE('',#2492);
#2492 = AXIS2_PLACEMENT_3D('',#2493,#2494,#2495);
#2493 = CARTESIAN_POINT('',(40.517578125,73.37841796875,3.65));
#2494 = DIRECTION('',(-1.,0.,0.));
#2495 = DIRECTION('',(0.,1.,0.));
#2496 = DEFINITIONAL_REPRESENTATION('',(#2497),#2500);
#2497 = B_SPLINE_CURVE_WITH_KNOTS('',1,(#2498,#2499),.UNSPECIFIED.,.F.,
  .F.,(2,2),(-37.23471679687,-36.68920898437),.PIECEWISE_BEZIER_KNOTS.);
#2498 = CARTESIAN_POINT('',(0.5455078125,-0.35));
#2499 = CARTESIAN_POINT('',(0.,-0.35));
#2500 = ( GEOMETRIC_REPRESENTATION_CONTEXT(2) 
PARAMETRIC_REPRESENTATION_CONTEXT() REPRESENTATION_CONTEXT('2D SPACE',''
  ) );
#2501 = ORIENTED_EDGE('',*,*,#2502,.F.);
#2502 = EDGE_CURVE('',#2503,#2477,#2505,.T.);
#2503 = VERTEX_POINT('',#2504);
#2504 = CARTESIAN_POINT('',(40.75,73.92392578125,4.));
#2505 = SURFACE_CURVE('',#2506,(#2510,#2516),.PCURVE_S1.);
#2506 = LINE('',#2507,#2508);
#2507 = CARTESIAN_POINT('',(20.2587890625,73.92392578125,4.));
#2508 = VECTOR('',#2509,1.);
#2509 = DIRECTION('',(-1.,0.,0.));
#2510 = PCURVE('',#44,#2511);
#2511 = DEFINITIONAL_REPRESENTATION('',(#2512),#2515);
#2512 = B_SPLINE_CURVE_WITH_KNOTS('',1,(#2513,#2514),.UNSPECIFIED.,.F.,
  .F.,(2,2),(-20.4912109375,-20.2587890625),.PIECEWISE_BEZIER_KNOTS.);
#2513 = CARTESIAN_POINT('',(40.75,73.92392578125));
#2514 = CARTESIAN_POINT('',(40.517578125,73.92392578125));
#2515 = ( GEOMETRIC_REPRESENTATION_CONTEXT(2) 
PARAMETRIC_REPRESENTATION_CONTEXT() REPRESENTATION_CONTEXT('2D SPACE',''
  ) );
#2516 = PCURVE('',#2517,#2522);
#2517 = PLANE('',#2518);
#2518 = AXIS2_PLACEMENT_3D('',#2519,#2520,#2521);
#2519 = CARTESIAN_POINT('',(40.517578125,73.92392578125,3.65));
#2520 = DIRECTION('',(0.,1.,0.));
#2521 = DIRECTION('',(1.,0.,0.));
#2522 = DEFINITIONAL_REPRESENTATION('',(#2523),#2526);
#2523 = B_SPLINE_CURVE_WITH_KNOTS('',1,(#2524,#2525),.UNSPECIFIED.,.F.,
  .F.,(2,2),(-20.4912109375,-20.2587890625),.PIECEWISE_BEZIER_KNOTS.);
#2524 = CARTESIAN_POINT('',(0.232421875,-0.35));
#2525 = CARTESIAN_POINT('',(0.,-0.35));
#2526 = ( GEOMETRIC_REPRESENTATION_CONTEXT(2) 
PARAMETRIC_REPRESENTATION_CONTEXT() REPRESENTATION_CONTEXT('2D SPACE',''
  ) );
#2527 = ORIENTED_EDGE('',*,*,#2528,.F.);
#2528 = EDGE_CURVE('',#2529,#2503,#2531,.T.);
#2529 = VERTEX_POINT('',#2530);
#2530 = CARTESIAN_POINT('',(40.75,73.37841796875,4.));
#2531 = SURFACE_CURVE('',#2532,(#2536,#2542),.PCURVE_S1.);
#2532 = LINE('',#2533,#2534);
#2533 = CARTESIAN_POINT('',(40.75,36.961962890625,4.));
#2534 = VECTOR('',#2535,1.);
#2535 = DIRECTION('',(0.,1.,0.));
#2536 = PCURVE('',#44,#2537);
#2537 = DEFINITIONAL_REPRESENTATION('',(#2538),#2541);
#2538 = B_SPLINE_CURVE_WITH_KNOTS('',1,(#2539,#2540),.UNSPECIFIED.,.F.,
  .F.,(2,2),(36.416455078125,36.961962890625),.PIECEWISE_BEZIER_KNOTS.);
#2539 = CARTESIAN_POINT('',(40.75,73.37841796875));
#2540 = CARTESIAN_POINT('',(40.75,73.92392578125));
#2541 = ( GEOMETRIC_REPRESENTATION_CONTEXT(2) 
PARAMETRIC_REPRESENTATION_CONTEXT() REPRESENTATION_CONTEXT('2D SPACE',''
  ) );
#2542 = PCURVE('',#2543,#2548);
#2543 = PLANE('',#2544);
#2544 = AXIS2_PLACEMENT_3D('',#2545,#2546,#2547);
#2545 = CARTESIAN_POINT('',(40.75,73.92392578125,3.65));
#2546 = DIRECTION('',(1.,0.,0.));
#2547 = DIRECTION('',(0.,-1.,0.));
#2548 = DEFINITIONAL_REPRESENTATION('',(#2549),#2552);
#2549 = B_SPLINE_CURVE_WITH_KNOTS('',1,(#2550,#2551),.UNSPECIFIED.,.F.,
  .F.,(2,2),(36.416455078125,36.961962890625),.PIECEWISE_BEZIER_KNOTS.);
#2550 = CARTESIAN_POINT('',(0.5455078125,-0.35));
#2551 = CARTESIAN_POINT('',(0.,-0.35));
#2552 = ( GEOMETRIC_REPRESENTATION_CONTEXT(2) 
PARAMETRIC_REPRESENTATION_CONTEXT() REPRESENTATION_CONTEXT('2D SPACE',''
  ) );
#2553 = ORIENTED_EDGE('',*,*,#2554,.F.);
#2554 = EDGE_CURVE('',#2555,#2529,#2557,.T.);
#2555 = VERTEX_POINT('',#2556);
#2556 = CARTESIAN_POINT('',(41.2955078125,73.37841796875,4.));
#2557 = SURFACE_CURVE('',#2558,(#2562,#2568),.PCURVE_S1.);
#2558 = LINE('',#2559,#2560);
#2559 = CARTESIAN_POINT('',(20.375,73.37841796875,4.));
#2560 = VECTOR('',#2561,1.);
#2561 = DIRECTION('',(-1.,0.,0.));
#2562 = PCURVE('',#44,#2563);
#2563 = DEFINITIONAL_REPRESENTATION('',(#2564),#2567);
#2564 = B_SPLINE_CURVE_WITH_KNOTS('',1,(#2565,#2566),.UNSPECIFIED.,.F.,
  .F.,(2,2),(-20.9205078125,-20.375),.PIECEWISE_BEZIER_KNOTS.);
#2565 = CARTESIAN_POINT('',(41.2955078125,73.37841796875));
#2566 = CARTESIAN_POINT('',(40.75,73.37841796875));
#2567 = ( GEOMETRIC_REPRESENTATION_CONTEXT(2) 
PARAMETRIC_REPRESENTATION_CONTEXT() REPRESENTATION_CONTEXT('2D SPACE',''
  ) );
#2568 = PCURVE('',#2569,#2574);
#2569 = PLANE('',#2570);
#2570 = AXIS2_PLACEMENT_3D('',#2571,#2572,#2573);
#2571 = CARTESIAN_POINT('',(40.75,73.37841796875,3.65));
#2572 = DIRECTION('',(0.,1.,0.));
#2573 = DIRECTION('',(1.,0.,0.));
#2574 = DEFINITIONAL_REPRESENTATION('',(#2575),#2578);
#2575 = B_SPLINE_CURVE_WITH_KNOTS('',1,(#2576,#2577),.UNSPECIFIED.,.F.,
  .F.,(2,2),(-20.9205078125,-20.375),.PIECEWISE_BEZIER_KNOTS.);
#2576 = CARTESIAN_POINT('',(0.5455078125,-0.35));
#2577 = CARTESIAN_POINT('',(0.,-0.35));
#2578 = ( GEOMETRIC_REPRESENTATION_CONTEXT(2) 
PARAMETRIC_REPRESENTATION_CONTEXT() REPRESENTATION_CONTEXT('2D SPACE',''
  ) );
#2579 = ORIENTED_EDGE('',*,*,#2580,.F.);
#2580 = EDGE_CURVE('',#2581,#2555,#2583,.T.);
#2581 = VERTEX_POINT('',#2582);
#2582 = CARTESIAN_POINT('',(41.2955078125,73.14873046875,4.));
#2583 = SURFACE_CURVE('',#2584,(#2588,#2594),.PCURVE_S1.);
#2584 = LINE('',#2585,#2586);
#2585 = CARTESIAN_POINT('',(41.2955078125,36.689208984375,4.));
#2586 = VECTOR('',#2587,1.);
#2587 = DIRECTION('',(0.,1.,0.));
#2588 = PCURVE('',#44,#2589);
#2589 = DEFINITIONAL_REPRESENTATION('',(#2590),#2593);
#2590 = B_SPLINE_CURVE_WITH_KNOTS('',1,(#2591,#2592),.UNSPECIFIED.,.F.,
  .F.,(2,2),(36.459521484375,36.689208984375),.PIECEWISE_BEZIER_KNOTS.);
#2591 = CARTESIAN_POINT('',(41.2955078125,73.14873046875));
#2592 = CARTESIAN_POINT('',(41.2955078125,73.37841796875));
#2593 = ( GEOMETRIC_REPRESENTATION_CONTEXT(2) 
PARAMETRIC_REPRESENTATION_CONTEXT() REPRESENTATION_CONTEXT('2D SPACE',''
  ) );
#2594 = PCURVE('',#2595,#2600);
#2595 = PLANE('',#2596);
#2596 = AXIS2_PLACEMENT_3D('',#2597,#2598,#2599);
#2597 = CARTESIAN_POINT('',(41.2955078125,73.37841796875,3.65));
#2598 = DIRECTION('',(1.,0.,0.));
#2599 = DIRECTION('',(0.,-1.,0.));
#2600 = DEFINITIONAL_REPRESENTATION('',(#2601),#2604);
#2601 = B_SPLINE_CURVE_WITH_KNOTS('',1,(#2602,#2603),.UNSPECIFIED.,.F.,
  .F.,(2,2),(36.459521484375,36.689208984375),.PIECEWISE_BEZIER_KNOTS.);
#2602 = CARTESIAN_POINT('',(0.2296875,-0.35));
#2603 = CARTESIAN_POINT('',(0.,-0.35));
#2604 = ( GEOMETRIC_REPRESENTATION_CONTEXT(2) 
PARAMETRIC_REPRESENTATION_CONTEXT() REPRESENTATION_CONTEXT('2D SPACE',''
  ) );
#2605 = ORIENTED_EDGE('',*,*,#2606,.F.);
#2606 = EDGE_CURVE('',#2607,#2581,#2609,.T.);
#2607 = VERTEX_POINT('',#2608);
#2608 = CARTESIAN_POINT('',(40.75,73.14873046875,4.));
#2609 = SURFACE_CURVE('',#2610,(#2614,#2620),.PCURVE_S1.);
#2610 = LINE('',#2611,#2612);
#2611 = CARTESIAN_POINT('',(20.64775390625,73.14873046875,4.));
#2612 = VECTOR('',#2613,1.);
#2613 = DIRECTION('',(1.,0.,-0.));
#2614 = PCURVE('',#44,#2615);
#2615 = DEFINITIONAL_REPRESENTATION('',(#2616),#2619);
#2616 = B_SPLINE_CURVE_WITH_KNOTS('',1,(#2617,#2618),.UNSPECIFIED.,.F.,
  .F.,(2,2),(20.10224609375,20.64775390625),.PIECEWISE_BEZIER_KNOTS.);
#2617 = CARTESIAN_POINT('',(40.75,73.14873046875));
#2618 = CARTESIAN_POINT('',(41.2955078125,73.14873046875));
#2619 = ( GEOMETRIC_REPRESENTATION_CONTEXT(2) 
PARAMETRIC_REPRESENTATION_CONTEXT() REPRESENTATION_CONTEXT('2D SPACE',''
  ) );
#2620 = PCURVE('',#2621,#2626);
#2621 = PLANE('',#2622);
#2622 = AXIS2_PLACEMENT_3D('',#2623,#2624,#2625);
#2623 = CARTESIAN_POINT('',(41.2955078125,73.14873046875,3.65));
#2624 = DIRECTION('',(0.,-1.,0.));
#2625 = DIRECTION('',(-1.,0.,0.));
#2626 = DEFINITIONAL_REPRESENTATION('',(#2627),#2630);
#2627 = B_SPLINE_CURVE_WITH_KNOTS('',1,(#2628,#2629),.UNSPECIFIED.,.F.,
  .F.,(2,2),(20.10224609375,20.64775390625),.PIECEWISE_BEZIER_KNOTS.);
#2628 = CARTESIAN_POINT('',(0.5455078125,-0.35));
#2629 = CARTESIAN_POINT('',(0.,-0.35));
#2630 = ( GEOMETRIC_REPRESENTATION_CONTEXT(2) 
PARAMETRIC_REPRESENTATION_CONTEXT() REPRESENTATION_CONTEXT('2D SPACE',''
  ) );
#2631 = ORIENTED_EDGE('',*,*,#2632,.F.);
#2632 = EDGE_CURVE('',#2347,#2607,#2633,.T.);
#2633 = SURFACE_CURVE('',#2634,(#2638,#2644),.PCURVE_S1.);
#2634 = LINE('',#2635,#2636);
#2635 = CARTESIAN_POINT('',(40.75,36.574365234375,4.));
#2636 = VECTOR('',#2637,1.);
#2637 = DIRECTION('',(0.,1.,0.));
#2638 = PCURVE('',#44,#2639);
#2639 = DEFINITIONAL_REPRESENTATION('',(#2640),#2643);
#2640 = B_SPLINE_CURVE_WITH_KNOTS('',1,(#2641,#2642),.UNSPECIFIED.,.F.,
  .F.,(2,2),(36.024755859375,36.574365234375),.PIECEWISE_BEZIER_KNOTS.);
#2641 = CARTESIAN_POINT('',(40.75,72.59912109375));
#2642 = CARTESIAN_POINT('',(40.75,73.14873046875));
#2643 = ( GEOMETRIC_REPRESENTATION_CONTEXT(2) 
PARAMETRIC_REPRESENTATION_CONTEXT() REPRESENTATION_CONTEXT('2D SPACE',''
  ) );
#2644 = PCURVE('',#2645,#2650);
#2645 = PLANE('',#2646);
#2646 = AXIS2_PLACEMENT_3D('',#2647,#2648,#2649);
#2647 = CARTESIAN_POINT('',(40.75,73.14873046875,3.65));
#2648 = DIRECTION('',(1.,0.,0.));
#2649 = DIRECTION('',(0.,-1.,0.));
#2650 = DEFINITIONAL_REPRESENTATION('',(#2651),#2654);
#2651 = B_SPLINE_CURVE_WITH_KNOTS('',1,(#2652,#2653),.UNSPECIFIED.,.F.,
  .F.,(2,2),(36.024755859375,36.574365234375),.PIECEWISE_BEZIER_KNOTS.);
#2652 = CARTESIAN_POINT('',(0.549609375,-0.35));
#2653 = CARTESIAN_POINT('',(0.,-0.35));
#2654 = ( GEOMETRIC_REPRESENTATION_CONTEXT(2) 
PARAMETRIC_REPRESENTATION_CONTEXT() REPRESENTATION_CONTEXT('2D SPACE',''
  ) );
#2655 = FACE_BOUND('',#2656,.T.);
#2656 = EDGE_LOOP('',(#2657,#2685,#2711,#2737,#2763,#2789,#2825,#2864,
    #2890,#2916,#2942));
#2657 = ORIENTED_EDGE('',*,*,#2658,.F.);
#2658 = EDGE_CURVE('',#2659,#2661,#2663,.T.);
#2659 = VERTEX_POINT('',#2660);
#2660 = CARTESIAN_POINT('',(42.23203125,72.27509765625,4.));
#2661 = VERTEX_POINT('',#2662);
#2662 = CARTESIAN_POINT('',(42.497265625,72.27509765625,4.));
#2663 = SURFACE_CURVE('',#2664,(#2668,#2674),.PCURVE_S1.);
#2664 = LINE('',#2665,#2666);
#2665 = CARTESIAN_POINT('',(21.2486328125,72.27509765625,4.));
#2666 = VECTOR('',#2667,1.);
#2667 = DIRECTION('',(1.,0.,-0.));
#2668 = PCURVE('',#44,#2669);
#2669 = DEFINITIONAL_REPRESENTATION('',(#2670),#2673);
#2670 = B_SPLINE_CURVE_WITH_KNOTS('',1,(#2671,#2672),.UNSPECIFIED.,.F.,
  .F.,(2,2),(20.9833984375,21.2486328125),.PIECEWISE_BEZIER_KNOTS.);
#2671 = CARTESIAN_POINT('',(42.23203125,72.27509765625));
#2672 = CARTESIAN_POINT('',(42.497265625,72.27509765625));
#2673 = ( GEOMETRIC_REPRESENTATION_CONTEXT(2) 
PARAMETRIC_REPRESENTATION_CONTEXT() REPRESENTATION_CONTEXT('2D SPACE',''
  ) );
#2674 = PCURVE('',#2675,#2680);
#2675 = PLANE('',#2676);
#2676 = AXIS2_PLACEMENT_3D('',#2677,#2678,#2679);
#2677 = CARTESIAN_POINT('',(42.497265625,72.27509765625,3.65));
#2678 = DIRECTION('',(0.,-1.,0.));
#2679 = DIRECTION('',(-1.,0.,0.));
#2680 = DEFINITIONAL_REPRESENTATION('',(#2681),#2684);
#2681 = B_SPLINE_CURVE_WITH_KNOTS('',1,(#2682,#2683),.UNSPECIFIED.,.F.,
  .F.,(2,2),(20.9833984375,21.2486328125),.PIECEWISE_BEZIER_KNOTS.);
#2682 = CARTESIAN_POINT('',(0.265234375,-0.35));
#2683 = CARTESIAN_POINT('',(0.,-0.35));
#2684 = ( GEOMETRIC_REPRESENTATION_CONTEXT(2) 
PARAMETRIC_REPRESENTATION_CONTEXT() REPRESENTATION_CONTEXT('2D SPACE',''
  ) );
#2685 = ORIENTED_EDGE('',*,*,#2686,.F.);
#2686 = EDGE_CURVE('',#2687,#2659,#2689,.T.);
#2687 = VERTEX_POINT('',#2688);
#2688 = CARTESIAN_POINT('',(42.23203125,73.12412109375,4.));
#2689 = SURFACE_CURVE('',#2690,(#2694,#2700),.PCURVE_S1.);
#2690 = LINE('',#2691,#2692);
#2691 = CARTESIAN_POINT('',(42.23203125,36.137548828125,4.));
#2692 = VECTOR('',#2693,1.);
#2693 = DIRECTION('',(0.,-1.,0.));
#2694 = PCURVE('',#44,#2695);
#2695 = DEFINITIONAL_REPRESENTATION('',(#2696),#2699);
#2696 = B_SPLINE_CURVE_WITH_KNOTS('',1,(#2697,#2698),.UNSPECIFIED.,.F.,
  .F.,(2,2),(-36.98657226562,-36.13754882812),.PIECEWISE_BEZIER_KNOTS.);
#2697 = CARTESIAN_POINT('',(42.23203125,73.12412109375));
#2698 = CARTESIAN_POINT('',(42.23203125,72.27509765625));
#2699 = ( GEOMETRIC_REPRESENTATION_CONTEXT(2) 
PARAMETRIC_REPRESENTATION_CONTEXT() REPRESENTATION_CONTEXT('2D SPACE',''
  ) );
#2700 = PCURVE('',#2701,#2706);
#2701 = PLANE('',#2702);
#2702 = AXIS2_PLACEMENT_3D('',#2703,#2704,#2705);
#2703 = CARTESIAN_POINT('',(42.23203125,72.27509765625,3.65));
#2704 = DIRECTION('',(-1.,0.,0.));
#2705 = DIRECTION('',(0.,1.,0.));
#2706 = DEFINITIONAL_REPRESENTATION('',(#2707),#2710);
#2707 = B_SPLINE_CURVE_WITH_KNOTS('',1,(#2708,#2709),.UNSPECIFIED.,.F.,
  .F.,(2,2),(-36.98657226562,-36.13754882812),.PIECEWISE_BEZIER_KNOTS.);
#2708 = CARTESIAN_POINT('',(0.8490234375,-0.35));
#2709 = CARTESIAN_POINT('',(0.,-0.35));
#2710 = ( GEOMETRIC_REPRESENTATION_CONTEXT(2) 
PARAMETRIC_REPRESENTATION_CONTEXT() REPRESENTATION_CONTEXT('2D SPACE',''
  ) );
#2711 = ORIENTED_EDGE('',*,*,#2712,.F.);
#2712 = EDGE_CURVE('',#2713,#2687,#2715,.T.);
#2713 = VERTEX_POINT('',#2714);
#2714 = CARTESIAN_POINT('',(41.4595703125,74.27939453125,4.));
#2715 = SURFACE_CURVE('',#2716,(#2720,#2726),.PCURVE_S1.);
#2716 = LINE('',#2717,#2718);
#2717 = CARTESIAN_POINT('',(52.602107871051,57.614891456957,4.));
#2718 = VECTOR('',#2719,1.);
#2719 = DIRECTION('',(0.555834808973,-0.831292767402,0.));
#2720 = PCURVE('',#44,#2721);
#2721 = DEFINITIONAL_REPRESENTATION('',(#2722),#2725);
#2722 = B_SPLINE_CURVE_WITH_KNOTS('',1,(#2723,#2724),.UNSPECIFIED.,.F.,
  .F.,(2,2),(-20.04649111333,-18.65675998273),.PIECEWISE_BEZIER_KNOTS.);
#2723 = CARTESIAN_POINT('',(41.4595703125,74.27939453125));
#2724 = CARTESIAN_POINT('',(42.23203125,73.12412109375));
#2725 = ( GEOMETRIC_REPRESENTATION_CONTEXT(2) 
PARAMETRIC_REPRESENTATION_CONTEXT() REPRESENTATION_CONTEXT('2D SPACE',''
  ) );
#2726 = PCURVE('',#2727,#2732);
#2727 = PLANE('',#2728);
#2728 = AXIS2_PLACEMENT_3D('',#2729,#2730,#2731);
#2729 = CARTESIAN_POINT('',(42.23203125,73.12412109375,3.65));
#2730 = DIRECTION('',(-0.831292767402,-0.555834808973,0.));
#2731 = DIRECTION('',(-0.555834808973,0.831292767402,0.));
#2732 = DEFINITIONAL_REPRESENTATION('',(#2733),#2736);
#2733 = B_SPLINE_CURVE_WITH_KNOTS('',1,(#2734,#2735),.UNSPECIFIED.,.F.,
  .F.,(2,2),(-20.04649111333,-18.65675998273),.PIECEWISE_BEZIER_KNOTS.);
#2734 = CARTESIAN_POINT('',(1.389731130599,-0.35));
#2735 = CARTESIAN_POINT('',(0.,-0.35));
#2736 = ( GEOMETRIC_REPRESENTATION_CONTEXT(2) 
PARAMETRIC_REPRESENTATION_CONTEXT() REPRESENTATION_CONTEXT('2D SPACE',''
  ) );
#2737 = ORIENTED_EDGE('',*,*,#2738,.F.);
#2738 = EDGE_CURVE('',#2739,#2713,#2741,.T.);
#2739 = VERTEX_POINT('',#2740);
#2740 = CARTESIAN_POINT('',(41.7822265625,74.27939453125,4.));
#2741 = SURFACE_CURVE('',#2742,(#2746,#2752),.PCURVE_S1.);
#2742 = LINE('',#2743,#2744);
#2743 = CARTESIAN_POINT('',(20.72978515625,74.27939453125,4.));
#2744 = VECTOR('',#2745,1.);
#2745 = DIRECTION('',(-1.,0.,0.));
#2746 = PCURVE('',#44,#2747);
#2747 = DEFINITIONAL_REPRESENTATION('',(#2748),#2751);
#2748 = B_SPLINE_CURVE_WITH_KNOTS('',1,(#2749,#2750),.UNSPECIFIED.,.F.,
  .F.,(2,2),(-21.05244140625,-20.72978515625),.PIECEWISE_BEZIER_KNOTS.);
#2749 = CARTESIAN_POINT('',(41.7822265625,74.27939453125));
#2750 = CARTESIAN_POINT('',(41.4595703125,74.27939453125));
#2751 = ( GEOMETRIC_REPRESENTATION_CONTEXT(2) 
PARAMETRIC_REPRESENTATION_CONTEXT() REPRESENTATION_CONTEXT('2D SPACE',''
  ) );
#2752 = PCURVE('',#2753,#2758);
#2753 = PLANE('',#2754);
#2754 = AXIS2_PLACEMENT_3D('',#2755,#2756,#2757);
#2755 = CARTESIAN_POINT('',(41.4595703125,74.27939453125,3.65));
#2756 = DIRECTION('',(0.,1.,0.));
#2757 = DIRECTION('',(1.,0.,0.));
#2758 = DEFINITIONAL_REPRESENTATION('',(#2759),#2762);
#2759 = B_SPLINE_CURVE_WITH_KNOTS('',1,(#2760,#2761),.UNSPECIFIED.,.F.,
  .F.,(2,2),(-21.05244140625,-20.72978515625),.PIECEWISE_BEZIER_KNOTS.);
#2760 = CARTESIAN_POINT('',(0.32265625,-0.35));
#2761 = CARTESIAN_POINT('',(0.,-0.35));
#2762 = ( GEOMETRIC_REPRESENTATION_CONTEXT(2) 
PARAMETRIC_REPRESENTATION_CONTEXT() REPRESENTATION_CONTEXT('2D SPACE',''
  ) );
#2763 = ORIENTED_EDGE('',*,*,#2764,.F.);
#2764 = EDGE_CURVE('',#2765,#2739,#2767,.T.);
#2765 = VERTEX_POINT('',#2766);
#2766 = CARTESIAN_POINT('',(42.17734375,73.67509765625,4.));
#2767 = SURFACE_CURVE('',#2768,(#2772,#2778),.PCURVE_S1.);
#2768 = LINE('',#2769,#2770);
#2769 = CARTESIAN_POINT('',(52.536852938795,57.831142426328,4.));
#2770 = VECTOR('',#2771,1.);
#2771 = DIRECTION('',(-0.547249362983,0.836969613974,0.));
#2772 = PCURVE('',#44,#2773);
#2773 = DEFINITIONAL_REPRESENTATION('',(#2774),#2777);
#2774 = B_SPLINE_CURVE_WITH_KNOTS('',1,(#2775,#2776),.UNSPECIFIED.,.F.,
  .F.,(2,2),(18.930143896984,19.652149648341),.PIECEWISE_BEZIER_KNOTS.);
#2775 = CARTESIAN_POINT('',(42.17734375,73.67509765625));
#2776 = CARTESIAN_POINT('',(41.7822265625,74.27939453125));
#2777 = ( GEOMETRIC_REPRESENTATION_CONTEXT(2) 
PARAMETRIC_REPRESENTATION_CONTEXT() REPRESENTATION_CONTEXT('2D SPACE',''
  ) );
#2778 = PCURVE('',#2779,#2784);
#2779 = PLANE('',#2780);
#2780 = AXIS2_PLACEMENT_3D('',#2781,#2782,#2783);
#2781 = CARTESIAN_POINT('',(41.7822265625,74.27939453125,3.65));
#2782 = DIRECTION('',(0.836969613974,0.547249362983,0.));
#2783 = DIRECTION('',(0.547249362983,-0.836969613974,0.));
#2784 = DEFINITIONAL_REPRESENTATION('',(#2785),#2788);
#2785 = B_SPLINE_CURVE_WITH_KNOTS('',1,(#2786,#2787),.UNSPECIFIED.,.F.,
  .F.,(2,2),(18.930143896984,19.652149648341),.PIECEWISE_BEZIER_KNOTS.);
#2786 = CARTESIAN_POINT('',(0.722005751357,-0.35));
#2787 = CARTESIAN_POINT('',(0.,-0.35));
#2788 = ( GEOMETRIC_REPRESENTATION_CONTEXT(2) 
PARAMETRIC_REPRESENTATION_CONTEXT() REPRESENTATION_CONTEXT('2D SPACE',''
  ) );
#2789 = ORIENTED_EDGE('',*,*,#2790,.F.);
#2790 = EDGE_CURVE('',#2791,#2765,#2793,.T.);
#2791 = VERTEX_POINT('',#2792);
#2792 = CARTESIAN_POINT('',(42.3810546875,73.33603515625,4.));
#2793 = SURFACE_CURVE('',#2794,(#2800,#2809),.PCURVE_S1.);
#2794 = B_SPLINE_CURVE_WITH_KNOTS('',4,(#2795,#2796,#2797,#2798,#2799),
  .UNSPECIFIED.,.F.,.F.,(5,5),(0.,1.),.PIECEWISE_BEZIER_KNOTS.);
#2795 = CARTESIAN_POINT('',(42.3810546875,73.33603515625,4.));
#2796 = CARTESIAN_POINT('',(42.333764428467,73.421020549294,4.));
#2797 = CARTESIAN_POINT('',(42.284032589707,73.50586585739,4.));
#2798 = CARTESIAN_POINT('',(42.231883357545,73.590561264555,4.));
#2799 = CARTESIAN_POINT('',(42.17734375,73.67509765625,4.));
#2800 = PCURVE('',#44,#2801);
#2801 = DEFINITIONAL_REPRESENTATION('',(#2802),#2808);
#2802 = B_SPLINE_CURVE_WITH_KNOTS('',4,(#2803,#2804,#2805,#2806,#2807),
  .UNSPECIFIED.,.F.,.F.,(5,5),(0.,1.),.PIECEWISE_BEZIER_KNOTS.);
#2803 = CARTESIAN_POINT('',(42.3810546875,73.33603515625));
#2804 = CARTESIAN_POINT('',(42.333764428467,73.421020549294));
#2805 = CARTESIAN_POINT('',(42.284032589707,73.50586585739));
#2806 = CARTESIAN_POINT('',(42.231883357545,73.590561264555));
#2807 = CARTESIAN_POINT('',(42.17734375,73.67509765625));
#2808 = ( GEOMETRIC_REPRESENTATION_CONTEXT(2) 
PARAMETRIC_REPRESENTATION_CONTEXT() REPRESENTATION_CONTEXT('2D SPACE',''
  ) );
#2809 = PCURVE('',#2810,#2817);
#2810 = SURFACE_OF_LINEAR_EXTRUSION('',#2811,#2815);
#2811 = B_SPLINE_CURVE_WITH_KNOTS('',2,(#2812,#2813,#2814),
  .UNSPECIFIED.,.F.,.F.,(3,3),(0.,1.),.PIECEWISE_BEZIER_KNOTS.);
#2812 = CARTESIAN_POINT('',(42.17734375,73.67509765625,3.65));
#2813 = CARTESIAN_POINT('',(42.28671875,73.50556640625,3.65));
#2814 = CARTESIAN_POINT('',(42.3810546875,73.33603515625,3.65));
#2815 = VECTOR('',#2816,1.);
#2816 = DIRECTION('',(-0.,-0.,-1.));
#2817 = DEFINITIONAL_REPRESENTATION('',(#2818),#2824);
#2818 = B_SPLINE_CURVE_WITH_KNOTS('',4,(#2819,#2820,#2821,#2822,#2823),
  .UNSPECIFIED.,.F.,.F.,(5,5),(0.,1.),.PIECEWISE_BEZIER_KNOTS.);
#2819 = CARTESIAN_POINT('',(1.,-0.35));
#2820 = CARTESIAN_POINT('',(0.749351836183,-0.35));
#2821 = CARTESIAN_POINT('',(0.49911682613,-0.35));
#2822 = CARTESIAN_POINT('',(0.249323920206,-0.35));
#2823 = CARTESIAN_POINT('',(0.,-0.35));
#2824 = ( GEOMETRIC_REPRESENTATION_CONTEXT(2) 
PARAMETRIC_REPRESENTATION_CONTEXT() REPRESENTATION_CONTEXT('2D SPACE',''
  ) );
#2825 = ORIENTED_EDGE('',*,*,#2826,.F.);
#2826 = EDGE_CURVE('',#2827,#2791,#2829,.T.);
#2827 = VERTEX_POINT('',#2828);
#2828 = CARTESIAN_POINT('',(42.5998046875,73.69013671875,4.));
#2829 = SURFACE_CURVE('',#2830,(#2837,#2847),.PCURVE_S1.);
#2830 = B_SPLINE_CURVE_WITH_KNOTS('',5,(#2831,#2832,#2833,#2834,#2835,
    #2836),.UNSPECIFIED.,.F.,.F.,(6,6),(0.,1.),
  .PIECEWISE_BEZIER_KNOTS.);
#2831 = CARTESIAN_POINT('',(42.5998046875,73.69013671875,4.));
#2832 = CARTESIAN_POINT('',(42.549397345426,73.612916960679,4.));
#2833 = CARTESIAN_POINT('',(42.502155708515,73.538720372155,4.));
#2834 = CARTESIAN_POINT('',(42.45824221543,73.467721188298,4.));
#2835 = CARTESIAN_POINT('',(42.417822580157,73.400100423758,4.));
#2836 = CARTESIAN_POINT('',(42.3810546875,73.33603515625,4.));
#2837 = PCURVE('',#44,#2838);
#2838 = DEFINITIONAL_REPRESENTATION('',(#2839),#2846);
#2839 = B_SPLINE_CURVE_WITH_KNOTS('',5,(#2840,#2841,#2842,#2843,#2844,
    #2845),.UNSPECIFIED.,.F.,.F.,(6,6),(0.,1.),
  .PIECEWISE_BEZIER_KNOTS.);
#2840 = CARTESIAN_POINT('',(42.5998046875,73.69013671875));
#2841 = CARTESIAN_POINT('',(42.549397345426,73.612916960679));
#2842 = CARTESIAN_POINT('',(42.502155708515,73.538720372155));
#2843 = CARTESIAN_POINT('',(42.45824221543,73.467721188298));
#2844 = CARTESIAN_POINT('',(42.417822580157,73.400100423758));
#2845 = CARTESIAN_POINT('',(42.3810546875,73.33603515625));
#2846 = ( GEOMETRIC_REPRESENTATION_CONTEXT(2) 
PARAMETRIC_REPRESENTATION_CONTEXT() REPRESENTATION_CONTEXT('2D SPACE',''
  ) );
#2847 = PCURVE('',#2848,#2855);
#2848 = SURFACE_OF_LINEAR_EXTRUSION('',#2849,#2853);
#2849 = B_SPLINE_CURVE_WITH_KNOTS('',2,(#2850,#2851,#2852),
  .UNSPECIFIED.,.F.,.F.,(3,3),(0.,1.),.PIECEWISE_BEZIER_KNOTS.);
#2850 = CARTESIAN_POINT('',(42.3810546875,73.33603515625,3.65));
#2851 = CARTESIAN_POINT('',(42.4712890625,73.49326171875,3.65));
#2852 = CARTESIAN_POINT('',(42.5998046875,73.69013671875,3.65));
#2853 = VECTOR('',#2854,1.);
#2854 = DIRECTION('',(-0.,-0.,-1.));
#2855 = DEFINITIONAL_REPRESENTATION('',(#2856),#2863);
#2856 = B_SPLINE_CURVE_WITH_KNOTS('',5,(#2857,#2858,#2859,#2860,#2861,
    #2862),.UNSPECIFIED.,.F.,.F.,(6,6),(0.,1.),
  .PIECEWISE_BEZIER_KNOTS.);
#2857 = CARTESIAN_POINT('',(1.,-0.35));
#2858 = CARTESIAN_POINT('',(0.803886328709,-0.35));
#2859 = CARTESIAN_POINT('',(0.605768592865,-0.35));
#2860 = CARTESIAN_POINT('',(0.405693798254,-0.35));
#2861 = CARTESIAN_POINT('',(0.203735509095,-0.35));
#2862 = CARTESIAN_POINT('',(0.,-0.35));
#2863 = ( GEOMETRIC_REPRESENTATION_CONTEXT(2) 
PARAMETRIC_REPRESENTATION_CONTEXT() REPRESENTATION_CONTEXT('2D SPACE',''
  ) );
#2864 = ORIENTED_EDGE('',*,*,#2865,.F.);
#2865 = EDGE_CURVE('',#2866,#2827,#2868,.T.);
#2866 = VERTEX_POINT('',#2867);
#2867 = CARTESIAN_POINT('',(42.9880859375,74.27939453125,4.));
#2868 = SURFACE_CURVE('',#2869,(#2873,#2879),.PCURVE_S1.);
#2869 = LINE('',#2870,#2871);
#2870 = CARTESIAN_POINT('',(19.223110741924,38.21353428726,4.));
#2871 = VECTOR('',#2872,1.);
#2872 = DIRECTION('',(-0.550221267809,-0.835018895865,0.));
#2873 = PCURVE('',#44,#2874);
#2874 = DEFINITIONAL_REPRESENTATION('',(#2875),#2878);
#2875 = B_SPLINE_CURVE_WITH_KNOTS('',1,(#2876,#2877),.UNSPECIFIED.,.F.,
  .F.,(2,2),(-43.19166958089,-42.48598757128),.PIECEWISE_BEZIER_KNOTS.);
#2876 = CARTESIAN_POINT('',(42.9880859375,74.27939453125));
#2877 = CARTESIAN_POINT('',(42.5998046875,73.69013671875));
#2878 = ( GEOMETRIC_REPRESENTATION_CONTEXT(2) 
PARAMETRIC_REPRESENTATION_CONTEXT() REPRESENTATION_CONTEXT('2D SPACE',''
  ) );
#2879 = PCURVE('',#2880,#2885);
#2880 = PLANE('',#2881);
#2881 = AXIS2_PLACEMENT_3D('',#2882,#2883,#2884);
#2882 = CARTESIAN_POINT('',(42.5998046875,73.69013671875,3.65));
#2883 = DIRECTION('',(-0.835018895865,0.550221267809,0.));
#2884 = DIRECTION('',(0.550221267809,0.835018895865,0.));
#2885 = DEFINITIONAL_REPRESENTATION('',(#2886),#2889);
#2886 = B_SPLINE_CURVE_WITH_KNOTS('',1,(#2887,#2888),.UNSPECIFIED.,.F.,
  .F.,(2,2),(-43.19166958089,-42.48598757128),.PIECEWISE_BEZIER_KNOTS.);
#2887 = CARTESIAN_POINT('',(0.705682009615,-0.35));
#2888 = CARTESIAN_POINT('',(0.,-0.35));
#2889 = ( GEOMETRIC_REPRESENTATION_CONTEXT(2) 
PARAMETRIC_REPRESENTATION_CONTEXT() REPRESENTATION_CONTEXT('2D SPACE',''
  ) );
#2890 = ORIENTED_EDGE('',*,*,#2891,.F.);
#2891 = EDGE_CURVE('',#2892,#2866,#2894,.T.);
#2892 = VERTEX_POINT('',#2893);
#2893 = CARTESIAN_POINT('',(43.2970703125,74.27939453125,4.));
#2894 = SURFACE_CURVE('',#2895,(#2899,#2905),.PCURVE_S1.);
#2895 = LINE('',#2896,#2897);
#2896 = CARTESIAN_POINT('',(21.49404296875,74.27939453125,4.));
#2897 = VECTOR('',#2898,1.);
#2898 = DIRECTION('',(-1.,0.,0.));
#2899 = PCURVE('',#44,#2900);
#2900 = DEFINITIONAL_REPRESENTATION('',(#2901),#2904);
#2901 = B_SPLINE_CURVE_WITH_KNOTS('',1,(#2902,#2903),.UNSPECIFIED.,.F.,
  .F.,(2,2),(-21.80302734375,-21.49404296875),.PIECEWISE_BEZIER_KNOTS.);
#2902 = CARTESIAN_POINT('',(43.2970703125,74.27939453125));
#2903 = CARTESIAN_POINT('',(42.9880859375,74.27939453125));
#2904 = ( GEOMETRIC_REPRESENTATION_CONTEXT(2) 
PARAMETRIC_REPRESENTATION_CONTEXT() REPRESENTATION_CONTEXT('2D SPACE',''
  ) );
#2905 = PCURVE('',#2906,#2911);
#2906 = PLANE('',#2907);
#2907 = AXIS2_PLACEMENT_3D('',#2908,#2909,#2910);
#2908 = CARTESIAN_POINT('',(42.9880859375,74.27939453125,3.65));
#2909 = DIRECTION('',(0.,1.,0.));
#2910 = DIRECTION('',(1.,0.,0.));
#2911 = DEFINITIONAL_REPRESENTATION('',(#2912),#2915);
#2912 = B_SPLINE_CURVE_WITH_KNOTS('',1,(#2913,#2914),.UNSPECIFIED.,.F.,
  .F.,(2,2),(-21.80302734375,-21.49404296875),.PIECEWISE_BEZIER_KNOTS.);
#2913 = CARTESIAN_POINT('',(0.308984375,-0.35));
#2914 = CARTESIAN_POINT('',(0.,-0.35));
#2915 = ( GEOMETRIC_REPRESENTATION_CONTEXT(2) 
PARAMETRIC_REPRESENTATION_CONTEXT() REPRESENTATION_CONTEXT('2D SPACE',''
  ) );
#2916 = ORIENTED_EDGE('',*,*,#2917,.F.);
#2917 = EDGE_CURVE('',#2918,#2892,#2920,.T.);
#2918 = VERTEX_POINT('',#2919);
#2919 = CARTESIAN_POINT('',(42.497265625,73.12412109375,4.));
#2920 = SURFACE_CURVE('',#2921,(#2925,#2931),.PCURVE_S1.);
#2921 = LINE('',#2922,#2923);
#2922 = CARTESIAN_POINT('',(18.901566601562,39.041444726563,4.));
#2923 = VECTOR('',#2924,1.);
#2924 = DIRECTION('',(0.56920997883,0.822192191644,-0.));
#2925 = PCURVE('',#44,#2926);
#2926 = DEFINITIONAL_REPRESENTATION('',(#2927),#2930);
#2927 = B_SPLINE_CURVE_WITH_KNOTS('',1,(#2928,#2929),.UNSPECIFIED.,.F.,
  .F.,(2,2),(41.453417721041,42.858531329807),.PIECEWISE_BEZIER_KNOTS.);
#2928 = CARTESIAN_POINT('',(42.497265625,73.12412109375));
#2929 = CARTESIAN_POINT('',(43.2970703125,74.27939453125));
#2930 = ( GEOMETRIC_REPRESENTATION_CONTEXT(2) 
PARAMETRIC_REPRESENTATION_CONTEXT() REPRESENTATION_CONTEXT('2D SPACE',''
  ) );
#2931 = PCURVE('',#2932,#2937);
#2932 = PLANE('',#2933);
#2933 = AXIS2_PLACEMENT_3D('',#2934,#2935,#2936);
#2934 = CARTESIAN_POINT('',(43.2970703125,74.27939453125,3.65));
#2935 = DIRECTION('',(0.822192191644,-0.56920997883,0.));
#2936 = DIRECTION('',(-0.56920997883,-0.822192191644,0.));
#2937 = DEFINITIONAL_REPRESENTATION('',(#2938),#2941);
#2938 = B_SPLINE_CURVE_WITH_KNOTS('',1,(#2939,#2940),.UNSPECIFIED.,.F.,
  .F.,(2,2),(41.453417721041,42.858531329807),.PIECEWISE_BEZIER_KNOTS.);
#2939 = CARTESIAN_POINT('',(1.405113608766,-0.35));
#2940 = CARTESIAN_POINT('',(0.,-0.35));
#2941 = ( GEOMETRIC_REPRESENTATION_CONTEXT(2) 
PARAMETRIC_REPRESENTATION_CONTEXT() REPRESENTATION_CONTEXT('2D SPACE',''
  ) );
#2942 = ORIENTED_EDGE('',*,*,#2943,.F.);
#2943 = EDGE_CURVE('',#2661,#2918,#2944,.T.);
#2944 = SURFACE_CURVE('',#2945,(#2949,#2955),.PCURVE_S1.);
#2945 = LINE('',#2946,#2947);
#2946 = CARTESIAN_POINT('',(42.497265625,36.562060546875,4.));
#2947 = VECTOR('',#2948,1.);
#2948 = DIRECTION('',(0.,1.,0.));
#2949 = PCURVE('',#44,#2950);
#2950 = DEFINITIONAL_REPRESENTATION('',(#2951),#2954);
#2951 = B_SPLINE_CURVE_WITH_KNOTS('',1,(#2952,#2953),.UNSPECIFIED.,.F.,
  .F.,(2,2),(35.713037109375,36.562060546875),.PIECEWISE_BEZIER_KNOTS.);
#2952 = CARTESIAN_POINT('',(42.497265625,72.27509765625));
#2953 = CARTESIAN_POINT('',(42.497265625,73.12412109375));
#2954 = ( GEOMETRIC_REPRESENTATION_CONTEXT(2) 
PARAMETRIC_REPRESENTATION_CONTEXT() REPRESENTATION_CONTEXT('2D SPACE',''
  ) );
#2955 = PCURVE('',#2956,#2961);
#2956 = PLANE('',#2957);
#2957 = AXIS2_PLACEMENT_3D('',#2958,#2959,#2960);
#2958 = CARTESIAN_POINT('',(42.497265625,73.12412109375,3.65));
#2959 = DIRECTION('',(1.,0.,0.));
#2960 = DIRECTION('',(0.,-1.,0.));
#2961 = DEFINITIONAL_REPRESENTATION('',(#2962),#2965);
#2962 = B_SPLINE_CURVE_WITH_KNOTS('',1,(#2963,#2964),.UNSPECIFIED.,.F.,
  .F.,(2,2),(35.713037109375,36.562060546875),.PIECEWISE_BEZIER_KNOTS.);
#2963 = CARTESIAN_POINT('',(0.8490234375,-0.35));
#2964 = CARTESIAN_POINT('',(0.,-0.35));
#2965 = ( GEOMETRIC_REPRESENTATION_CONTEXT(2) 
PARAMETRIC_REPRESENTATION_CONTEXT() REPRESENTATION_CONTEXT('2D SPACE',''
  ) );
#2966 = ADVANCED_FACE('',(#2967),#72,.T.);
#2967 = FACE_BOUND('',#2968,.T.);
#2968 = EDGE_LOOP('',(#2969,#2993,#3014,#3015));
#2969 = ORIENTED_EDGE('',*,*,#2970,.T.);
#2970 = EDGE_CURVE('',#57,#2971,#2973,.T.);
#2971 = VERTEX_POINT('',#2972);
#2972 = CARTESIAN_POINT('',(4.,0.,0.));
#2973 = SURFACE_CURVE('',#2974,(#2979,#2986),.PCURVE_S1.);
#2974 = CIRCLE('',#2975,4.);
#2975 = AXIS2_PLACEMENT_3D('',#2976,#2977,#2978);
#2976 = CARTESIAN_POINT('',(4.,4.,0.));
#2977 = DIRECTION('',(0.,0.,1.));
#2978 = DIRECTION('',(0.,-1.,0.));
#2979 = PCURVE('',#72,#2980);
#2980 = DEFINITIONAL_REPRESENTATION('',(#2981),#2985);
#2981 = LINE('',#2982,#2983);
#2982 = CARTESIAN_POINT('',(-4.712388980385,0.));
#2983 = VECTOR('',#2984,1.);
#2984 = DIRECTION('',(1.,0.));
#2985 = ( GEOMETRIC_REPRESENTATION_CONTEXT(2) 
PARAMETRIC_REPRESENTATION_CONTEXT() REPRESENTATION_CONTEXT('2D SPACE',''
  ) );
#2986 = PCURVE('',#100,#2987);
#2987 = DEFINITIONAL_REPRESENTATION('',(#2988),#2992);
#2988 = CIRCLE('',#2989,4.);
#2989 = AXIS2_PLACEMENT_2D('',#2990,#2991);
#2990 = CARTESIAN_POINT('',(4.,4.));
#2991 = DIRECTION('',(0.,-1.));
#2992 = ( GEOMETRIC_REPRESENTATION_CONTEXT(2) 
PARAMETRIC_REPRESENTATION_CONTEXT() REPRESENTATION_CONTEXT('2D SPACE',''
  ) );
#2993 = ORIENTED_EDGE('',*,*,#2994,.T.);
#2994 = EDGE_CURVE('',#2971,#143,#2995,.T.);
#2995 = SURFACE_CURVE('',#2996,(#3000,#3007),.PCURVE_S1.);
#2996 = LINE('',#2997,#2998);
#2997 = CARTESIAN_POINT('',(4.,0.,0.));
#2998 = VECTOR('',#2999,1.);
#2999 = DIRECTION('',(0.,0.,1.));
#3000 = PCURVE('',#72,#3001);
#3001 = DEFINITIONAL_REPRESENTATION('',(#3002),#3006);
#3002 = LINE('',#3003,#3004);
#3003 = CARTESIAN_POINT('',(1.570796326795,0.));
#3004 = VECTOR('',#3005,1.);
#3005 = DIRECTION('',(0.,1.));
#3006 = ( GEOMETRIC_REPRESENTATION_CONTEXT(2) 
PARAMETRIC_REPRESENTATION_CONTEXT() REPRESENTATION_CONTEXT('2D SPACE',''
  ) );
#3007 = PCURVE('',#182,#3008);
#3008 = DEFINITIONAL_REPRESENTATION('',(#3009),#3013);
#3009 = LINE('',#3010,#3011);
#3010 = CARTESIAN_POINT('',(0.,4.));
#3011 = VECTOR('',#3012,1.);
#3012 = DIRECTION('',(1.,0.));
#3013 = ( GEOMETRIC_REPRESENTATION_CONTEXT(2) 
PARAMETRIC_REPRESENTATION_CONTEXT() REPRESENTATION_CONTEXT('2D SPACE',''
  ) );
#3014 = ORIENTED_EDGE('',*,*,#142,.F.);
#3015 = ORIENTED_EDGE('',*,*,#56,.F.);
#3016 = ADVANCED_FACE('',(#3017),#126,.T.);
#3017 = FACE_BOUND('',#3018,.F.);
#3018 = EDGE_LOOP('',(#3019,#3047,#3068,#3069));
#3019 = ORIENTED_EDGE('',*,*,#3020,.T.);
#3020 = EDGE_CURVE('',#85,#3021,#3023,.T.);
#3021 = VERTEX_POINT('',#3022);
#3022 = CARTESIAN_POINT('',(4.,78.,0.));
#3023 = SURFACE_CURVE('',#3024,(#3029,#3036),.PCURVE_S1.);
#3024 = CIRCLE('',#3025,4.);
#3025 = AXIS2_PLACEMENT_3D('',#3026,#3027,#3028);
#3026 = CARTESIAN_POINT('',(4.,74.,0.));
#3027 = DIRECTION('',(-0.,-0.,-1.));
#3028 = DIRECTION('',(0.,-1.,0.));
#3029 = PCURVE('',#126,#3030);
#3030 = DEFINITIONAL_REPRESENTATION('',(#3031),#3035);
#3031 = LINE('',#3032,#3033);
#3032 = CARTESIAN_POINT('',(1.570796326795,-0.));
#3033 = VECTOR('',#3034,1.);
#3034 = DIRECTION('',(-1.,0.));
#3035 = ( GEOMETRIC_REPRESENTATION_CONTEXT(2) 
PARAMETRIC_REPRESENTATION_CONTEXT() REPRESENTATION_CONTEXT('2D SPACE',''
  ) );
#3036 = PCURVE('',#100,#3037);
#3037 = DEFINITIONAL_REPRESENTATION('',(#3038),#3046);
#3038 = ( BOUNDED_CURVE() B_SPLINE_CURVE(2,(#3039,#3040,#3041,#3042,
#3043,#3044,#3045),.UNSPECIFIED.,.T.,.F.) B_SPLINE_CURVE_WITH_KNOTS((1,2
    ,2,2,2,1),(-2.094395102393,0.,2.094395102393,4.188790204786,
6.28318530718,8.377580409573),.UNSPECIFIED.) CURVE() 
GEOMETRIC_REPRESENTATION_ITEM() RATIONAL_B_SPLINE_CURVE((1.,0.5,1.,0.5,
1.,0.5,1.)) REPRESENTATION_ITEM('') );
#3039 = CARTESIAN_POINT('',(4.,70.));
#3040 = CARTESIAN_POINT('',(-2.928203230276,70.));
#3041 = CARTESIAN_POINT('',(0.535898384862,76.));
#3042 = CARTESIAN_POINT('',(4.,82.));
#3043 = CARTESIAN_POINT('',(7.464101615138,76.));
#3044 = CARTESIAN_POINT('',(10.928203230276,70.));
#3045 = CARTESIAN_POINT('',(4.,70.));
#3046 = ( GEOMETRIC_REPRESENTATION_CONTEXT(2) 
PARAMETRIC_REPRESENTATION_CONTEXT() REPRESENTATION_CONTEXT('2D SPACE',''
  ) );
#3047 = ORIENTED_EDGE('',*,*,#3048,.T.);
#3048 = EDGE_CURVE('',#3021,#285,#3049,.T.);
#3049 = SURFACE_CURVE('',#3050,(#3054,#3061),.PCURVE_S1.);
#3050 = LINE('',#3051,#3052);
#3051 = CARTESIAN_POINT('',(4.,78.,0.));
#3052 = VECTOR('',#3053,1.);
#3053 = DIRECTION('',(0.,0.,1.));
#3054 = PCURVE('',#126,#3055);
#3055 = DEFINITIONAL_REPRESENTATION('',(#3056),#3060);
#3056 = LINE('',#3057,#3058);
#3057 = CARTESIAN_POINT('',(-1.570796326795,0.));
#3058 = VECTOR('',#3059,1.);
#3059 = DIRECTION('',(-0.,1.));
#3060 = ( GEOMETRIC_REPRESENTATION_CONTEXT(2) 
PARAMETRIC_REPRESENTATION_CONTEXT() REPRESENTATION_CONTEXT('2D SPACE',''
  ) );
#3061 = PCURVE('',#300,#3062);
#3062 = DEFINITIONAL_REPRESENTATION('',(#3063),#3067);
#3063 = LINE('',#3064,#3065);
#3064 = CARTESIAN_POINT('',(0.,4.));
#3065 = VECTOR('',#3066,1.);
#3066 = DIRECTION('',(1.,0.));
#3067 = ( GEOMETRIC_REPRESENTATION_CONTEXT(2) 
PARAMETRIC_REPRESENTATION_CONTEXT() REPRESENTATION_CONTEXT('2D SPACE',''
  ) );
#3068 = ORIENTED_EDGE('',*,*,#312,.F.);
#3069 = ORIENTED_EDGE('',*,*,#112,.F.);
#3070 = ADVANCED_FACE('',(#3071,#3195,#3315),#100,.F.);
#3071 = FACE_BOUND('',#3072,.F.);
#3072 = EDGE_LOOP('',(#3073,#3074,#3075,#3098,#3126,#3149,#3173,#3194));
#3073 = ORIENTED_EDGE('',*,*,#84,.F.);
#3074 = ORIENTED_EDGE('',*,*,#2970,.T.);
#3075 = ORIENTED_EDGE('',*,*,#3076,.T.);
#3076 = EDGE_CURVE('',#2971,#3077,#3079,.T.);
#3077 = VERTEX_POINT('',#3078);
#3078 = CARTESIAN_POINT('',(74.,0.,0.));
#3079 = SURFACE_CURVE('',#3080,(#3084,#3091),.PCURVE_S1.);
#3080 = LINE('',#3081,#3082);
#3081 = CARTESIAN_POINT('',(0.,0.,0.));
#3082 = VECTOR('',#3083,1.);
#3083 = DIRECTION('',(1.,0.,0.));
#3084 = PCURVE('',#100,#3085);
#3085 = DEFINITIONAL_REPRESENTATION('',(#3086),#3090);
#3086 = LINE('',#3087,#3088);
#3087 = CARTESIAN_POINT('',(0.,0.));
#3088 = VECTOR('',#3089,1.);
#3089 = DIRECTION('',(1.,0.));
#3090 = ( GEOMETRIC_REPRESENTATION_CONTEXT(2) 
PARAMETRIC_REPRESENTATION_CONTEXT() REPRESENTATION_CONTEXT('2D SPACE',''
  ) );
#3091 = PCURVE('',#182,#3092);
#3092 = DEFINITIONAL_REPRESENTATION('',(#3093),#3097);
#3093 = LINE('',#3094,#3095);
#3094 = CARTESIAN_POINT('',(0.,0.));
#3095 = VECTOR('',#3096,1.);
#3096 = DIRECTION('',(0.,1.));
#3097 = ( GEOMETRIC_REPRESENTATION_CONTEXT(2) 
PARAMETRIC_REPRESENTATION_CONTEXT() REPRESENTATION_CONTEXT('2D SPACE',''
  ) );
#3098 = ORIENTED_EDGE('',*,*,#3099,.F.);
#3099 = EDGE_CURVE('',#3100,#3077,#3102,.T.);
#3100 = VERTEX_POINT('',#3101);
#3101 = CARTESIAN_POINT('',(78.,4.,0.));
#3102 = SURFACE_CURVE('',#3103,(#3108,#3119),.PCURVE_S1.);
#3103 = CIRCLE('',#3104,4.);
#3104 = AXIS2_PLACEMENT_3D('',#3105,#3106,#3107);
#3105 = CARTESIAN_POINT('',(74.,4.,0.));
#3106 = DIRECTION('',(-0.,-0.,-1.));
#3107 = DIRECTION('',(0.,-1.,0.));
#3108 = PCURVE('',#100,#3109);
#3109 = DEFINITIONAL_REPRESENTATION('',(#3110),#3118);
#3110 = ( BOUNDED_CURVE() B_SPLINE_CURVE(2,(#3111,#3112,#3113,#3114,
#3115,#3116,#3117),.UNSPECIFIED.,.T.,.F.) B_SPLINE_CURVE_WITH_KNOTS((1,2
    ,2,2,2,1),(-2.094395102393,0.,2.094395102393,4.188790204786,
6.28318530718,8.377580409573),.UNSPECIFIED.) CURVE() 
GEOMETRIC_REPRESENTATION_ITEM() RATIONAL_B_SPLINE_CURVE((1.,0.5,1.,0.5,
1.,0.5,1.)) REPRESENTATION_ITEM('') );
#3111 = CARTESIAN_POINT('',(74.,0.));
#3112 = CARTESIAN_POINT('',(67.071796769725,0.));
#3113 = CARTESIAN_POINT('',(70.535898384862,6.));
#3114 = CARTESIAN_POINT('',(74.,12.));
#3115 = CARTESIAN_POINT('',(77.464101615138,6.));
#3116 = CARTESIAN_POINT('',(80.928203230276,6.217248937901E-15));
#3117 = CARTESIAN_POINT('',(74.,0.));
#3118 = ( GEOMETRIC_REPRESENTATION_CONTEXT(2) 
PARAMETRIC_REPRESENTATION_CONTEXT() REPRESENTATION_CONTEXT('2D SPACE',''
  ) );
#3119 = PCURVE('',#215,#3120);
#3120 = DEFINITIONAL_REPRESENTATION('',(#3121),#3125);
#3121 = LINE('',#3122,#3123);
#3122 = CARTESIAN_POINT('',(4.712388980385,-0.));
#3123 = VECTOR('',#3124,1.);
#3124 = DIRECTION('',(-1.,0.));
#3125 = ( GEOMETRIC_REPRESENTATION_CONTEXT(2) 
PARAMETRIC_REPRESENTATION_CONTEXT() REPRESENTATION_CONTEXT('2D SPACE',''
  ) );
#3126 = ORIENTED_EDGE('',*,*,#3127,.T.);
#3127 = EDGE_CURVE('',#3100,#3128,#3130,.T.);
#3128 = VERTEX_POINT('',#3129);
#3129 = CARTESIAN_POINT('',(78.,74.,0.));
#3130 = SURFACE_CURVE('',#3131,(#3135,#3142),.PCURVE_S1.);
#3131 = LINE('',#3132,#3133);
#3132 = CARTESIAN_POINT('',(78.,0.,0.));
#3133 = VECTOR('',#3134,1.);
#3134 = DIRECTION('',(0.,1.,0.));
#3135 = PCURVE('',#100,#3136);
#3136 = DEFINITIONAL_REPRESENTATION('',(#3137),#3141);
#3137 = LINE('',#3138,#3139);
#3138 = CARTESIAN_POINT('',(78.,0.));
#3139 = VECTOR('',#3140,1.);
#3140 = DIRECTION('',(0.,1.));
#3141 = ( GEOMETRIC_REPRESENTATION_CONTEXT(2) 
PARAMETRIC_REPRESENTATION_CONTEXT() REPRESENTATION_CONTEXT('2D SPACE',''
  ) );
#3142 = PCURVE('',#243,#3143);
#3143 = DEFINITIONAL_REPRESENTATION('',(#3144),#3148);
#3144 = LINE('',#3145,#3146);
#3145 = CARTESIAN_POINT('',(0.,0.));
#3146 = VECTOR('',#3147,1.);
#3147 = DIRECTION('',(0.,-1.));
#3148 = ( GEOMETRIC_REPRESENTATION_CONTEXT(2) 
PARAMETRIC_REPRESENTATION_CONTEXT() REPRESENTATION_CONTEXT('2D SPACE',''
  ) );
#3149 = ORIENTED_EDGE('',*,*,#3150,.T.);
#3150 = EDGE_CURVE('',#3128,#3151,#3153,.T.);
#3151 = VERTEX_POINT('',#3152);
#3152 = CARTESIAN_POINT('',(74.,78.,0.));
#3153 = SURFACE_CURVE('',#3154,(#3159,#3166),.PCURVE_S1.);
#3154 = CIRCLE('',#3155,4.);
#3155 = AXIS2_PLACEMENT_3D('',#3156,#3157,#3158);
#3156 = CARTESIAN_POINT('',(74.,74.,0.));
#3157 = DIRECTION('',(0.,0.,1.));
#3158 = DIRECTION('',(0.,-1.,0.));
#3159 = PCURVE('',#100,#3160);
#3160 = DEFINITIONAL_REPRESENTATION('',(#3161),#3165);
#3161 = CIRCLE('',#3162,4.);
#3162 = AXIS2_PLACEMENT_2D('',#3163,#3164);
#3163 = CARTESIAN_POINT('',(74.,74.));
#3164 = DIRECTION('',(0.,-1.));
#3165 = ( GEOMETRIC_REPRESENTATION_CONTEXT(2) 
PARAMETRIC_REPRESENTATION_CONTEXT() REPRESENTATION_CONTEXT('2D SPACE',''
  ) );
#3166 = PCURVE('',#272,#3167);
#3167 = DEFINITIONAL_REPRESENTATION('',(#3168),#3172);
#3168 = LINE('',#3169,#3170);
#3169 = CARTESIAN_POINT('',(-1.570796326795,0.));
#3170 = VECTOR('',#3171,1.);
#3171 = DIRECTION('',(1.,0.));
#3172 = ( GEOMETRIC_REPRESENTATION_CONTEXT(2) 
PARAMETRIC_REPRESENTATION_CONTEXT() REPRESENTATION_CONTEXT('2D SPACE',''
  ) );
#3173 = ORIENTED_EDGE('',*,*,#3174,.F.);
#3174 = EDGE_CURVE('',#3021,#3151,#3175,.T.);
#3175 = SURFACE_CURVE('',#3176,(#3180,#3187),.PCURVE_S1.);
#3176 = LINE('',#3177,#3178);
#3177 = CARTESIAN_POINT('',(0.,78.,0.));
#3178 = VECTOR('',#3179,1.);
#3179 = DIRECTION('',(1.,0.,0.));
#3180 = PCURVE('',#100,#3181);
#3181 = DEFINITIONAL_REPRESENTATION('',(#3182),#3186);
#3182 = LINE('',#3183,#3184);
#3183 = CARTESIAN_POINT('',(0.,78.));
#3184 = VECTOR('',#3185,1.);
#3185 = DIRECTION('',(1.,0.));
#3186 = ( GEOMETRIC_REPRESENTATION_CONTEXT(2) 
PARAMETRIC_REPRESENTATION_CONTEXT() REPRESENTATION_CONTEXT('2D SPACE',''
  ) );
#3187 = PCURVE('',#300,#3188);
#3188 = DEFINITIONAL_REPRESENTATION('',(#3189),#3193);
#3189 = LINE('',#3190,#3191);
#3190 = CARTESIAN_POINT('',(0.,0.));
#3191 = VECTOR('',#3192,1.);
#3192 = DIRECTION('',(0.,1.));
#3193 = ( GEOMETRIC_REPRESENTATION_CONTEXT(2) 
PARAMETRIC_REPRESENTATION_CONTEXT() REPRESENTATION_CONTEXT('2D SPACE',''
  ) );
#3194 = ORIENTED_EDGE('',*,*,#3020,.F.);
#3195 = FACE_BOUND('',#3196,.F.);
#3196 = EDGE_LOOP('',(#3197,#3225,#3258,#3284));
#3197 = ORIENTED_EDGE('',*,*,#3198,.F.);
#3198 = EDGE_CURVE('',#3199,#3201,#3203,.T.);
#3199 = VERTEX_POINT('',#3200);
#3200 = CARTESIAN_POINT('',(3.7,43.7,0.));
#3201 = VERTEX_POINT('',#3202);
#3202 = CARTESIAN_POINT('',(3.7,34.3,0.));
#3203 = SURFACE_CURVE('',#3204,(#3208,#3214),.PCURVE_S1.);
#3204 = LINE('',#3205,#3206);
#3205 = CARTESIAN_POINT('',(3.7,17.15,0.));
#3206 = VECTOR('',#3207,1.);
#3207 = DIRECTION('',(-1.110223024625E-16,-1.,0.));
#3208 = PCURVE('',#100,#3209);
#3209 = DEFINITIONAL_REPRESENTATION('',(#3210),#3213);
#3210 = B_SPLINE_CURVE_WITH_KNOTS('',1,(#3211,#3212),.UNSPECIFIED.,.F.,
  .F.,(2,2),(-26.55,-17.15),.PIECEWISE_BEZIER_KNOTS.);
#3211 = CARTESIAN_POINT('',(3.7,43.7));
#3212 = CARTESIAN_POINT('',(3.7,34.3));
#3213 = ( GEOMETRIC_REPRESENTATION_CONTEXT(2) 
PARAMETRIC_REPRESENTATION_CONTEXT() REPRESENTATION_CONTEXT('2D SPACE',''
  ) );
#3214 = PCURVE('',#3215,#3220);
#3215 = PLANE('',#3216);
#3216 = AXIS2_PLACEMENT_3D('',#3217,#3218,#3219);
#3217 = CARTESIAN_POINT('',(3.7,34.3,-0.5));
#3218 = DIRECTION('',(-1.,1.110223024625E-16,0.));
#3219 = DIRECTION('',(1.110223024625E-16,1.,0.));
#3220 = DEFINITIONAL_REPRESENTATION('',(#3221),#3224);
#3221 = B_SPLINE_CURVE_WITH_KNOTS('',1,(#3222,#3223),.UNSPECIFIED.,.F.,
  .F.,(2,2),(-26.55,-17.15),.PIECEWISE_BEZIER_KNOTS.);
#3222 = CARTESIAN_POINT('',(9.4,-0.5));
#3223 = CARTESIAN_POINT('',(0.,-0.5));
#3224 = ( GEOMETRIC_REPRESENTATION_CONTEXT(2) 
PARAMETRIC_REPRESENTATION_CONTEXT() REPRESENTATION_CONTEXT('2D SPACE',''
  ) );
#3225 = ORIENTED_EDGE('',*,*,#3226,.T.);
#3226 = EDGE_CURVE('',#3199,#3227,#3229,.T.);
#3227 = VERTEX_POINT('',#3228);
#3228 = CARTESIAN_POINT('',(8.3,43.7,0.));
#3229 = SURFACE_CURVE('',#3230,(#3235,#3246),.PCURVE_S1.);
#3230 = CIRCLE('',#3231,2.3);
#3231 = AXIS2_PLACEMENT_3D('',#3232,#3233,#3234);
#3232 = CARTESIAN_POINT('',(6.,43.7,0.));
#3233 = DIRECTION('',(0.,0.,-1.));
#3234 = DIRECTION('',(-1.,4.971868327669E-16,0.));
#3235 = PCURVE('',#100,#3236);
#3236 = DEFINITIONAL_REPRESENTATION('',(#3237),#3245);
#3237 = ( BOUNDED_CURVE() B_SPLINE_CURVE(2,(#3238,#3239,#3240,#3241,
#3242,#3243,#3244),.UNSPECIFIED.,.T.,.F.) B_SPLINE_CURVE_WITH_KNOTS((1,2
    ,2,2,2,1),(-2.094395102393,0.,2.094395102393,4.188790204786,
6.28318530718,8.377580409573),.UNSPECIFIED.) CURVE() 
GEOMETRIC_REPRESENTATION_ITEM() RATIONAL_B_SPLINE_CURVE((1.,0.5,1.,0.5,
1.,0.5,1.)) REPRESENTATION_ITEM('') );
#3238 = CARTESIAN_POINT('',(3.7,43.7));
#3239 = CARTESIAN_POINT('',(3.7,47.683716857408));
#3240 = CARTESIAN_POINT('',(7.15,45.691858428704));
#3241 = CARTESIAN_POINT('',(10.6,43.7));
#3242 = CARTESIAN_POINT('',(7.15,41.708141571296));
#3243 = CARTESIAN_POINT('',(3.7,39.716283142592));
#3244 = CARTESIAN_POINT('',(3.7,43.7));
#3245 = ( GEOMETRIC_REPRESENTATION_CONTEXT(2) 
PARAMETRIC_REPRESENTATION_CONTEXT() REPRESENTATION_CONTEXT('2D SPACE',''
  ) );
#3246 = PCURVE('',#3247,#3252);
#3247 = CYLINDRICAL_SURFACE('',#3248,2.3);
#3248 = AXIS2_PLACEMENT_3D('',#3249,#3250,#3251);
#3249 = CARTESIAN_POINT('',(6.,43.7,-0.5));
#3250 = DIRECTION('',(0.,0.,-1.));
#3251 = DIRECTION('',(-1.,4.971868327669E-16,0.));
#3252 = DEFINITIONAL_REPRESENTATION('',(#3253),#3257);
#3253 = LINE('',#3254,#3255);
#3254 = CARTESIAN_POINT('',(0.,-0.5));
#3255 = VECTOR('',#3256,1.);
#3256 = DIRECTION('',(1.,0.));
#3257 = ( GEOMETRIC_REPRESENTATION_CONTEXT(2) 
PARAMETRIC_REPRESENTATION_CONTEXT() REPRESENTATION_CONTEXT('2D SPACE',''
  ) );
#3258 = ORIENTED_EDGE('',*,*,#3259,.F.);
#3259 = EDGE_CURVE('',#3260,#3227,#3262,.T.);
#3260 = VERTEX_POINT('',#3261);
#3261 = CARTESIAN_POINT('',(8.3,34.3,0.));
#3262 = SURFACE_CURVE('',#3263,(#3267,#3273),.PCURVE_S1.);
#3263 = LINE('',#3264,#3265);
#3264 = CARTESIAN_POINT('',(8.3,21.85,0.));
#3265 = VECTOR('',#3266,1.);
#3266 = DIRECTION('',(1.110223024625E-16,1.,-0.));
#3267 = PCURVE('',#100,#3268);
#3268 = DEFINITIONAL_REPRESENTATION('',(#3269),#3272);
#3269 = B_SPLINE_CURVE_WITH_KNOTS('',1,(#3270,#3271),.UNSPECIFIED.,.F.,
  .F.,(2,2),(12.45,21.85),.PIECEWISE_BEZIER_KNOTS.);
#3270 = CARTESIAN_POINT('',(8.3,34.3));
#3271 = CARTESIAN_POINT('',(8.3,43.7));
#3272 = ( GEOMETRIC_REPRESENTATION_CONTEXT(2) 
PARAMETRIC_REPRESENTATION_CONTEXT() REPRESENTATION_CONTEXT('2D SPACE',''
  ) );
#3273 = PCURVE('',#3274,#3279);
#3274 = PLANE('',#3275);
#3275 = AXIS2_PLACEMENT_3D('',#3276,#3277,#3278);
#3276 = CARTESIAN_POINT('',(8.3,43.7,-0.5));
#3277 = DIRECTION('',(1.,-1.110223024625E-16,0.));
#3278 = DIRECTION('',(-1.110223024625E-16,-1.,0.));
#3279 = DEFINITIONAL_REPRESENTATION('',(#3280),#3283);
#3280 = B_SPLINE_CURVE_WITH_KNOTS('',1,(#3281,#3282),.UNSPECIFIED.,.F.,
  .F.,(2,2),(12.45,21.85),.PIECEWISE_BEZIER_KNOTS.);
#3281 = CARTESIAN_POINT('',(9.4,-0.5));
#3282 = CARTESIAN_POINT('',(0.,-0.5));
#3283 = ( GEOMETRIC_REPRESENTATION_CONTEXT(2) 
PARAMETRIC_REPRESENTATION_CONTEXT() REPRESENTATION_CONTEXT('2D SPACE',''
  ) );
#3284 = ORIENTED_EDGE('',*,*,#3285,.T.);
#3285 = EDGE_CURVE('',#3260,#3201,#3286,.T.);
#3286 = SURFACE_CURVE('',#3287,(#3292,#3303),.PCURVE_S1.);
#3287 = CIRCLE('',#3288,2.3);
#3288 = AXIS2_PLACEMENT_3D('',#3289,#3290,#3291);
#3289 = CARTESIAN_POINT('',(6.,34.3,0.));
#3290 = DIRECTION('',(-0.,0.,-1.));
#3291 = DIRECTION('',(1.,-4.971868327669E-16,-0.));
#3292 = PCURVE('',#100,#3293);
#3293 = DEFINITIONAL_REPRESENTATION('',(#3294),#3302);
#3294 = ( BOUNDED_CURVE() B_SPLINE_CURVE(2,(#3295,#3296,#3297,#3298,
#3299,#3300,#3301),.UNSPECIFIED.,.T.,.F.) B_SPLINE_CURVE_WITH_KNOTS((1,2
    ,2,2,2,1),(-2.094395102393,0.,2.094395102393,4.188790204786,
6.28318530718,8.377580409573),.UNSPECIFIED.) CURVE() 
GEOMETRIC_REPRESENTATION_ITEM() RATIONAL_B_SPLINE_CURVE((1.,0.5,1.,0.5,
1.,0.5,1.)) REPRESENTATION_ITEM('') );
#3295 = CARTESIAN_POINT('',(8.3,34.3));
#3296 = CARTESIAN_POINT('',(8.3,30.316283142592));
#3297 = CARTESIAN_POINT('',(4.85,32.308141571296));
#3298 = CARTESIAN_POINT('',(1.4,34.3));
#3299 = CARTESIAN_POINT('',(4.85,36.291858428704));
#3300 = CARTESIAN_POINT('',(8.3,38.283716857408));
#3301 = CARTESIAN_POINT('',(8.3,34.3));
#3302 = ( GEOMETRIC_REPRESENTATION_CONTEXT(2) 
PARAMETRIC_REPRESENTATION_CONTEXT() REPRESENTATION_CONTEXT('2D SPACE',''
  ) );
#3303 = PCURVE('',#3304,#3309);
#3304 = CYLINDRICAL_SURFACE('',#3305,2.3);
#3305 = AXIS2_PLACEMENT_3D('',#3306,#3307,#3308);
#3306 = CARTESIAN_POINT('',(6.,34.3,-0.5));
#3307 = DIRECTION('',(-0.,0.,-1.));
#3308 = DIRECTION('',(1.,-4.971868327669E-16,-0.));
#3309 = DEFINITIONAL_REPRESENTATION('',(#3310),#3314);
#3310 = LINE('',#3311,#3312);
#3311 = CARTESIAN_POINT('',(0.,-0.5));
#3312 = VECTOR('',#3313,1.);
#3313 = DIRECTION('',(1.,0.));
#3314 = ( GEOMETRIC_REPRESENTATION_CONTEXT(2) 
PARAMETRIC_REPRESENTATION_CONTEXT() REPRESENTATION_CONTEXT('2D SPACE',''
  ) );
#3315 = FACE_BOUND('',#3316,.F.);
#3316 = EDGE_LOOP('',(#3317,#3345,#3378,#3404));
#3317 = ORIENTED_EDGE('',*,*,#3318,.F.);
#3318 = EDGE_CURVE('',#3319,#3321,#3323,.T.);
#3319 = VERTEX_POINT('',#3320);
#3320 = CARTESIAN_POINT('',(69.7,43.7,0.));
#3321 = VERTEX_POINT('',#3322);
#3322 = CARTESIAN_POINT('',(69.7,34.3,0.));
#3323 = SURFACE_CURVE('',#3324,(#3328,#3334),.PCURVE_S1.);
#3324 = LINE('',#3325,#3326);
#3325 = CARTESIAN_POINT('',(69.7,17.15,0.));
#3326 = VECTOR('',#3327,1.);
#3327 = DIRECTION('',(-1.110223024625E-16,-1.,0.));
#3328 = PCURVE('',#100,#3329);
#3329 = DEFINITIONAL_REPRESENTATION('',(#3330),#3333);
#3330 = B_SPLINE_CURVE_WITH_KNOTS('',1,(#3331,#3332),.UNSPECIFIED.,.F.,
  .F.,(2,2),(-26.55,-17.15),.PIECEWISE_BEZIER_KNOTS.);
#3331 = CARTESIAN_POINT('',(69.7,43.7));
#3332 = CARTESIAN_POINT('',(69.7,34.3));
#3333 = ( GEOMETRIC_REPRESENTATION_CONTEXT(2) 
PARAMETRIC_REPRESENTATION_CONTEXT() REPRESENTATION_CONTEXT('2D SPACE',''
  ) );
#3334 = PCURVE('',#3335,#3340);
#3335 = PLANE('',#3336);
#3336 = AXIS2_PLACEMENT_3D('',#3337,#3338,#3339);
#3337 = CARTESIAN_POINT('',(69.7,34.3,-0.5));
#3338 = DIRECTION('',(-1.,1.110223024625E-16,0.));
#3339 = DIRECTION('',(1.110223024625E-16,1.,0.));
#3340 = DEFINITIONAL_REPRESENTATION('',(#3341),#3344);
#3341 = B_SPLINE_CURVE_WITH_KNOTS('',1,(#3342,#3343),.UNSPECIFIED.,.F.,
  .F.,(2,2),(-26.55,-17.15),.PIECEWISE_BEZIER_KNOTS.);
#3342 = CARTESIAN_POINT('',(9.4,-0.5));
#3343 = CARTESIAN_POINT('',(0.,-0.5));
#3344 = ( GEOMETRIC_REPRESENTATION_CONTEXT(2) 
PARAMETRIC_REPRESENTATION_CONTEXT() REPRESENTATION_CONTEXT('2D SPACE',''
  ) );
#3345 = ORIENTED_EDGE('',*,*,#3346,.T.);
#3346 = EDGE_CURVE('',#3319,#3347,#3349,.T.);
#3347 = VERTEX_POINT('',#3348);
#3348 = CARTESIAN_POINT('',(74.3,43.7,0.));
#3349 = SURFACE_CURVE('',#3350,(#3355,#3366),.PCURVE_S1.);
#3350 = CIRCLE('',#3351,2.3);
#3351 = AXIS2_PLACEMENT_3D('',#3352,#3353,#3354);
#3352 = CARTESIAN_POINT('',(72.,43.7,0.));
#3353 = DIRECTION('',(0.,0.,-1.));
#3354 = DIRECTION('',(-1.,4.971868327669E-16,0.));
#3355 = PCURVE('',#100,#3356);
#3356 = DEFINITIONAL_REPRESENTATION('',(#3357),#3365);
#3357 = ( BOUNDED_CURVE() B_SPLINE_CURVE(2,(#3358,#3359,#3360,#3361,
#3362,#3363,#3364),.UNSPECIFIED.,.T.,.F.) B_SPLINE_CURVE_WITH_KNOTS((1,2
    ,2,2,2,1),(-2.094395102393,0.,2.094395102393,4.188790204786,
6.28318530718,8.377580409573),.UNSPECIFIED.) CURVE() 
GEOMETRIC_REPRESENTATION_ITEM() RATIONAL_B_SPLINE_CURVE((1.,0.5,1.,0.5,
1.,0.5,1.)) REPRESENTATION_ITEM('') );
#3358 = CARTESIAN_POINT('',(69.7,43.7));
#3359 = CARTESIAN_POINT('',(69.7,47.683716857408));
#3360 = CARTESIAN_POINT('',(73.15,45.691858428704));
#3361 = CARTESIAN_POINT('',(76.6,43.7));
#3362 = CARTESIAN_POINT('',(73.15,41.708141571296));
#3363 = CARTESIAN_POINT('',(69.7,39.716283142592));
#3364 = CARTESIAN_POINT('',(69.7,43.7));
#3365 = ( GEOMETRIC_REPRESENTATION_CONTEXT(2) 
PARAMETRIC_REPRESENTATION_CONTEXT() REPRESENTATION_CONTEXT('2D SPACE',''
  ) );
#3366 = PCURVE('',#3367,#3372);
#3367 = CYLINDRICAL_SURFACE('',#3368,2.3);
#3368 = AXIS2_PLACEMENT_3D('',#3369,#3370,#3371);
#3369 = CARTESIAN_POINT('',(72.,43.7,-0.5));
#3370 = DIRECTION('',(0.,0.,-1.));
#3371 = DIRECTION('',(-1.,4.971868327669E-16,0.));
#3372 = DEFINITIONAL_REPRESENTATION('',(#3373),#3377);
#3373 = LINE('',#3374,#3375);
#3374 = CARTESIAN_POINT('',(0.,-0.5));
#3375 = VECTOR('',#3376,1.);
#3376 = DIRECTION('',(1.,0.));
#3377 = ( GEOMETRIC_REPRESENTATION_CONTEXT(2) 
PARAMETRIC_REPRESENTATION_CONTEXT() REPRESENTATION_CONTEXT('2D SPACE',''
  ) );
#3378 = ORIENTED_EDGE('',*,*,#3379,.F.);
#3379 = EDGE_CURVE('',#3380,#3347,#3382,.T.);
#3380 = VERTEX_POINT('',#3381);
#3381 = CARTESIAN_POINT('',(74.3,34.3,0.));
#3382 = SURFACE_CURVE('',#3383,(#3387,#3393),.PCURVE_S1.);
#3383 = LINE('',#3384,#3385);
#3384 = CARTESIAN_POINT('',(74.3,21.85,0.));
#3385 = VECTOR('',#3386,1.);
#3386 = DIRECTION('',(1.110223024625E-16,1.,-0.));
#3387 = PCURVE('',#100,#3388);
#3388 = DEFINITIONAL_REPRESENTATION('',(#3389),#3392);
#3389 = B_SPLINE_CURVE_WITH_KNOTS('',1,(#3390,#3391),.UNSPECIFIED.,.F.,
  .F.,(2,2),(12.45,21.85),.PIECEWISE_BEZIER_KNOTS.);
#3390 = CARTESIAN_POINT('',(74.3,34.3));
#3391 = CARTESIAN_POINT('',(74.3,43.7));
#3392 = ( GEOMETRIC_REPRESENTATION_CONTEXT(2) 
PARAMETRIC_REPRESENTATION_CONTEXT() REPRESENTATION_CONTEXT('2D SPACE',''
  ) );
#3393 = PCURVE('',#3394,#3399);
#3394 = PLANE('',#3395);
#3395 = AXIS2_PLACEMENT_3D('',#3396,#3397,#3398);
#3396 = CARTESIAN_POINT('',(74.3,43.7,-0.5));
#3397 = DIRECTION('',(1.,-1.110223024625E-16,0.));
#3398 = DIRECTION('',(-1.110223024625E-16,-1.,0.));
#3399 = DEFINITIONAL_REPRESENTATION('',(#3400),#3403);
#3400 = B_SPLINE_CURVE_WITH_KNOTS('',1,(#3401,#3402),.UNSPECIFIED.,.F.,
  .F.,(2,2),(12.45,21.85),.PIECEWISE_BEZIER_KNOTS.);
#3401 = CARTESIAN_POINT('',(9.4,-0.5));
#3402 = CARTESIAN_POINT('',(0.,-0.5));
#3403 = ( GEOMETRIC_REPRESENTATION_CONTEXT(2) 
PARAMETRIC_REPRESENTATION_CONTEXT() REPRESENTATION_CONTEXT('2D SPACE',''
  ) );
#3404 = ORIENTED_EDGE('',*,*,#3405,.T.);
#3405 = EDGE_CURVE('',#3380,#3321,#3406,.T.);
#3406 = SURFACE_CURVE('',#3407,(#3412,#3423),.PCURVE_S1.);
#3407 = CIRCLE('',#3408,2.3);
#3408 = AXIS2_PLACEMENT_3D('',#3409,#3410,#3411);
#3409 = CARTESIAN_POINT('',(72.,34.3,0.));
#3410 = DIRECTION('',(-0.,0.,-1.));
#3411 = DIRECTION('',(1.,-4.971868327669E-16,-0.));
#3412 = PCURVE('',#100,#3413);
#3413 = DEFINITIONAL_REPRESENTATION('',(#3414),#3422);
#3414 = ( BOUNDED_CURVE() B_SPLINE_CURVE(2,(#3415,#3416,#3417,#3418,
#3419,#3420,#3421),.UNSPECIFIED.,.T.,.F.) B_SPLINE_CURVE_WITH_KNOTS((1,2
    ,2,2,2,1),(-2.094395102393,0.,2.094395102393,4.188790204786,
6.28318530718,8.377580409573),.UNSPECIFIED.) CURVE() 
GEOMETRIC_REPRESENTATION_ITEM() RATIONAL_B_SPLINE_CURVE((1.,0.5,1.,0.5,
1.,0.5,1.)) REPRESENTATION_ITEM('') );
#3415 = CARTESIAN_POINT('',(74.3,34.3));
#3416 = CARTESIAN_POINT('',(74.3,30.316283142592));
#3417 = CARTESIAN_POINT('',(70.85,32.308141571296));
#3418 = CARTESIAN_POINT('',(67.4,34.3));
#3419 = CARTESIAN_POINT('',(70.85,36.291858428704));
#3420 = CARTESIAN_POINT('',(74.3,38.283716857408));
#3421 = CARTESIAN_POINT('',(74.3,34.3));
#3422 = ( GEOMETRIC_REPRESENTATION_CONTEXT(2) 
PARAMETRIC_REPRESENTATION_CONTEXT() REPRESENTATION_CONTEXT('2D SPACE',''
  ) );
#3423 = PCURVE('',#3424,#3429);
#3424 = CYLINDRICAL_SURFACE('',#3425,2.3);
#3425 = AXIS2_PLACEMENT_3D('',#3426,#3427,#3428);
#3426 = CARTESIAN_POINT('',(72.,34.3,-0.5));
#3427 = DIRECTION('',(-0.,0.,-1.));
#3428 = DIRECTION('',(1.,-4.971868327669E-16,-0.));
#3429 = DEFINITIONAL_REPRESENTATION('',(#3430),#3434);
#3430 = LINE('',#3431,#3432);
#3431 = CARTESIAN_POINT('',(0.,-0.5));
#3432 = VECTOR('',#3433,1.);
#3433 = DIRECTION('',(1.,0.));
#3434 = ( GEOMETRIC_REPRESENTATION_CONTEXT(2) 
PARAMETRIC_REPRESENTATION_CONTEXT() REPRESENTATION_CONTEXT('2D SPACE',''
  ) );
#3435 = ADVANCED_FACE('',(#3436),#182,.F.);
#3436 = FACE_BOUND('',#3437,.F.);
#3437 = EDGE_LOOP('',(#3438,#3439,#3440,#3441));
#3438 = ORIENTED_EDGE('',*,*,#3076,.F.);
#3439 = ORIENTED_EDGE('',*,*,#2994,.T.);
#3440 = ORIENTED_EDGE('',*,*,#166,.T.);
#3441 = ORIENTED_EDGE('',*,*,#3442,.F.);
#3442 = EDGE_CURVE('',#3077,#167,#3443,.T.);
#3443 = SURFACE_CURVE('',#3444,(#3448,#3455),.PCURVE_S1.);
#3444 = LINE('',#3445,#3446);
#3445 = CARTESIAN_POINT('',(74.,0.,0.));
#3446 = VECTOR('',#3447,1.);
#3447 = DIRECTION('',(0.,0.,1.));
#3448 = PCURVE('',#182,#3449);
#3449 = DEFINITIONAL_REPRESENTATION('',(#3450),#3454);
#3450 = LINE('',#3451,#3452);
#3451 = CARTESIAN_POINT('',(0.,74.));
#3452 = VECTOR('',#3453,1.);
#3453 = DIRECTION('',(1.,0.));
#3454 = ( GEOMETRIC_REPRESENTATION_CONTEXT(2) 
PARAMETRIC_REPRESENTATION_CONTEXT() REPRESENTATION_CONTEXT('2D SPACE',''
  ) );
#3455 = PCURVE('',#215,#3456);
#3456 = DEFINITIONAL_REPRESENTATION('',(#3457),#3461);
#3457 = LINE('',#3458,#3459);
#3458 = CARTESIAN_POINT('',(-1.570796326795,0.));
#3459 = VECTOR('',#3460,1.);
#3460 = DIRECTION('',(-0.,1.));
#3461 = ( GEOMETRIC_REPRESENTATION_CONTEXT(2) 
PARAMETRIC_REPRESENTATION_CONTEXT() REPRESENTATION_CONTEXT('2D SPACE',''
  ) );
#3462 = ADVANCED_FACE('',(#3463),#300,.T.);
#3463 = FACE_BOUND('',#3464,.T.);
#3464 = EDGE_LOOP('',(#3465,#3466,#3467,#3468));
#3465 = ORIENTED_EDGE('',*,*,#3174,.F.);
#3466 = ORIENTED_EDGE('',*,*,#3048,.T.);
#3467 = ORIENTED_EDGE('',*,*,#284,.T.);
#3468 = ORIENTED_EDGE('',*,*,#3469,.F.);
#3469 = EDGE_CURVE('',#3151,#256,#3470,.T.);
#3470 = SURFACE_CURVE('',#3471,(#3475,#3482),.PCURVE_S1.);
#3471 = LINE('',#3472,#3473);
#3472 = CARTESIAN_POINT('',(74.,78.,0.));
#3473 = VECTOR('',#3474,1.);
#3474 = DIRECTION('',(0.,0.,1.));
#3475 = PCURVE('',#300,#3476);
#3476 = DEFINITIONAL_REPRESENTATION('',(#3477),#3481);
#3477 = LINE('',#3478,#3479);
#3478 = CARTESIAN_POINT('',(0.,74.));
#3479 = VECTOR('',#3480,1.);
#3480 = DIRECTION('',(1.,0.));
#3481 = ( GEOMETRIC_REPRESENTATION_CONTEXT(2) 
PARAMETRIC_REPRESENTATION_CONTEXT() REPRESENTATION_CONTEXT('2D SPACE',''
  ) );
#3482 = PCURVE('',#272,#3483);
#3483 = DEFINITIONAL_REPRESENTATION('',(#3484),#3488);
#3484 = LINE('',#3485,#3486);
#3485 = CARTESIAN_POINT('',(1.570796326795,0.));
#3486 = VECTOR('',#3487,1.);
#3487 = DIRECTION('',(0.,1.));
#3488 = ( GEOMETRIC_REPRESENTATION_CONTEXT(2) 
PARAMETRIC_REPRESENTATION_CONTEXT() REPRESENTATION_CONTEXT('2D SPACE',''
  ) );
#3489 = ADVANCED_FACE('',(#3490),#215,.T.);
#3490 = FACE_BOUND('',#3491,.F.);
#3491 = EDGE_LOOP('',(#3492,#3493,#3494,#3495));
#3492 = ORIENTED_EDGE('',*,*,#3099,.T.);
#3493 = ORIENTED_EDGE('',*,*,#3442,.T.);
#3494 = ORIENTED_EDGE('',*,*,#194,.F.);
#3495 = ORIENTED_EDGE('',*,*,#3496,.F.);
#3496 = EDGE_CURVE('',#3100,#195,#3497,.T.);
#3497 = SURFACE_CURVE('',#3498,(#3502,#3509),.PCURVE_S1.);
#3498 = LINE('',#3499,#3500);
#3499 = CARTESIAN_POINT('',(78.,4.,0.));
#3500 = VECTOR('',#3501,1.);
#3501 = DIRECTION('',(0.,0.,1.));
#3502 = PCURVE('',#215,#3503);
#3503 = DEFINITIONAL_REPRESENTATION('',(#3504),#3508);
#3504 = LINE('',#3505,#3506);
#3505 = CARTESIAN_POINT('',(-0.,0.));
#3506 = VECTOR('',#3507,1.);
#3507 = DIRECTION('',(-0.,1.));
#3508 = ( GEOMETRIC_REPRESENTATION_CONTEXT(2) 
PARAMETRIC_REPRESENTATION_CONTEXT() REPRESENTATION_CONTEXT('2D SPACE',''
  ) );
#3509 = PCURVE('',#243,#3510);
#3510 = DEFINITIONAL_REPRESENTATION('',(#3511),#3515);
#3511 = LINE('',#3512,#3513);
#3512 = CARTESIAN_POINT('',(0.,-4.));
#3513 = VECTOR('',#3514,1.);
#3514 = DIRECTION('',(1.,0.));
#3515 = ( GEOMETRIC_REPRESENTATION_CONTEXT(2) 
PARAMETRIC_REPRESENTATION_CONTEXT() REPRESENTATION_CONTEXT('2D SPACE',''
  ) );
#3516 = ADVANCED_FACE('',(#3517),#272,.T.);
#3517 = FACE_BOUND('',#3518,.T.);
#3518 = EDGE_LOOP('',(#3519,#3520,#3521,#3522));
#3519 = ORIENTED_EDGE('',*,*,#3150,.T.);
#3520 = ORIENTED_EDGE('',*,*,#3469,.T.);
#3521 = ORIENTED_EDGE('',*,*,#255,.F.);
#3522 = ORIENTED_EDGE('',*,*,#3523,.F.);
#3523 = EDGE_CURVE('',#3128,#228,#3524,.T.);
#3524 = SURFACE_CURVE('',#3525,(#3529,#3536),.PCURVE_S1.);
#3525 = LINE('',#3526,#3527);
#3526 = CARTESIAN_POINT('',(78.,74.,0.));
#3527 = VECTOR('',#3528,1.);
#3528 = DIRECTION('',(0.,0.,1.));
#3529 = PCURVE('',#272,#3530);
#3530 = DEFINITIONAL_REPRESENTATION('',(#3531),#3535);
#3531 = LINE('',#3532,#3533);
#3532 = CARTESIAN_POINT('',(0.,0.));
#3533 = VECTOR('',#3534,1.);
#3534 = DIRECTION('',(0.,1.));
#3535 = ( GEOMETRIC_REPRESENTATION_CONTEXT(2) 
PARAMETRIC_REPRESENTATION_CONTEXT() REPRESENTATION_CONTEXT('2D SPACE',''
  ) );
#3536 = PCURVE('',#243,#3537);
#3537 = DEFINITIONAL_REPRESENTATION('',(#3538),#3542);
#3538 = LINE('',#3539,#3540);
#3539 = CARTESIAN_POINT('',(0.,-74.));
#3540 = VECTOR('',#3541,1.);
#3541 = DIRECTION('',(1.,0.));
#3542 = ( GEOMETRIC_REPRESENTATION_CONTEXT(2) 
PARAMETRIC_REPRESENTATION_CONTEXT() REPRESENTATION_CONTEXT('2D SPACE',''
  ) );
#3543 = ADVANCED_FACE('',(#3544),#243,.T.);
#3544 = FACE_BOUND('',#3545,.T.);
#3545 = EDGE_LOOP('',(#3546,#3547,#3548,#3549));
#3546 = ORIENTED_EDGE('',*,*,#227,.F.);
#3547 = ORIENTED_EDGE('',*,*,#3496,.F.);
#3548 = ORIENTED_EDGE('',*,*,#3127,.T.);
#3549 = ORIENTED_EDGE('',*,*,#3523,.T.);
#3550 = ADVANCED_FACE('',(#3551),#357,.F.);
#3551 = FACE_BOUND('',#3552,.F.);
#3552 = EDGE_LOOP('',(#3553,#3583,#3604,#3605));
#3553 = ORIENTED_EDGE('',*,*,#3554,.F.);
#3554 = EDGE_CURVE('',#3555,#3557,#3559,.T.);
#3555 = VERTEX_POINT('',#3556);
#3556 = CARTESIAN_POINT('',(1.4,34.3,3.5));
#3557 = VERTEX_POINT('',#3558);
#3558 = CARTESIAN_POINT('',(1.4,43.7,3.5));
#3559 = SURFACE_CURVE('',#3560,(#3564,#3571),.PCURVE_S1.);
#3560 = LINE('',#3561,#3562);
#3561 = CARTESIAN_POINT('',(1.4,34.3,3.5));
#3562 = VECTOR('',#3563,1.);
#3563 = DIRECTION('',(1.110223024625E-16,1.,0.));
#3564 = PCURVE('',#357,#3565);
#3565 = DEFINITIONAL_REPRESENTATION('',(#3566),#3570);
#3566 = LINE('',#3567,#3568);
#3567 = CARTESIAN_POINT('',(0.,0.));
#3568 = VECTOR('',#3569,1.);
#3569 = DIRECTION('',(1.,0.));
#3570 = ( GEOMETRIC_REPRESENTATION_CONTEXT(2) 
PARAMETRIC_REPRESENTATION_CONTEXT() REPRESENTATION_CONTEXT('2D SPACE',''
  ) );
#3571 = PCURVE('',#3572,#3577);
#3572 = PLANE('',#3573);
#3573 = AXIS2_PLACEMENT_3D('',#3574,#3575,#3576);
#3574 = CARTESIAN_POINT('',(6.,39.,3.5));
#3575 = DIRECTION('',(-0.,-0.,-1.));
#3576 = DIRECTION('',(-1.,0.,0.));
#3577 = DEFINITIONAL_REPRESENTATION('',(#3578),#3582);
#3578 = LINE('',#3579,#3580);
#3579 = CARTESIAN_POINT('',(4.6,-4.7));
#3580 = VECTOR('',#3581,1.);
#3581 = DIRECTION('',(-1.110223024625E-16,1.));
#3582 = ( GEOMETRIC_REPRESENTATION_CONTEXT(2) 
PARAMETRIC_REPRESENTATION_CONTEXT() REPRESENTATION_CONTEXT('2D SPACE',''
  ) );
#3583 = ORIENTED_EDGE('',*,*,#3584,.T.);
#3584 = EDGE_CURVE('',#3555,#343,#3585,.T.);
#3585 = SURFACE_CURVE('',#3586,(#3590,#3597),.PCURVE_S1.);
#3586 = LINE('',#3587,#3588);
#3587 = CARTESIAN_POINT('',(1.4,34.3,3.5));
#3588 = VECTOR('',#3589,1.);
#3589 = DIRECTION('',(0.,0.,1.));
#3590 = PCURVE('',#357,#3591);
#3591 = DEFINITIONAL_REPRESENTATION('',(#3592),#3596);
#3592 = LINE('',#3593,#3594);
#3593 = CARTESIAN_POINT('',(0.,0.));
#3594 = VECTOR('',#3595,1.);
#3595 = DIRECTION('',(0.,-1.));
#3596 = ( GEOMETRIC_REPRESENTATION_CONTEXT(2) 
PARAMETRIC_REPRESENTATION_CONTEXT() REPRESENTATION_CONTEXT('2D SPACE',''
  ) );
#3597 = PCURVE('',#446,#3598);
#3598 = DEFINITIONAL_REPRESENTATION('',(#3599),#3603);
#3599 = LINE('',#3600,#3601);
#3600 = CARTESIAN_POINT('',(3.14159265359,0.));
#3601 = VECTOR('',#3602,1.);
#3602 = DIRECTION('',(0.,-1.));
#3603 = ( GEOMETRIC_REPRESENTATION_CONTEXT(2) 
PARAMETRIC_REPRESENTATION_CONTEXT() REPRESENTATION_CONTEXT('2D SPACE',''
  ) );
#3604 = ORIENTED_EDGE('',*,*,#340,.F.);
#3605 = ORIENTED_EDGE('',*,*,#3606,.F.);
#3606 = EDGE_CURVE('',#3557,#341,#3607,.T.);
#3607 = SURFACE_CURVE('',#3608,(#3612,#3619),.PCURVE_S1.);
#3608 = LINE('',#3609,#3610);
#3609 = CARTESIAN_POINT('',(1.4,43.7,3.5));
#3610 = VECTOR('',#3611,1.);
#3611 = DIRECTION('',(0.,0.,1.));
#3612 = PCURVE('',#357,#3613);
#3613 = DEFINITIONAL_REPRESENTATION('',(#3614),#3618);
#3614 = LINE('',#3615,#3616);
#3615 = CARTESIAN_POINT('',(9.4,0.));
#3616 = VECTOR('',#3617,1.);
#3617 = DIRECTION('',(0.,-1.));
#3618 = ( GEOMETRIC_REPRESENTATION_CONTEXT(2) 
PARAMETRIC_REPRESENTATION_CONTEXT() REPRESENTATION_CONTEXT('2D SPACE',''
  ) );
#3619 = PCURVE('',#389,#3620);
#3620 = DEFINITIONAL_REPRESENTATION('',(#3621),#3625);
#3621 = LINE('',#3622,#3623);
#3622 = CARTESIAN_POINT('',(0.,0.));
#3623 = VECTOR('',#3624,1.);
#3624 = DIRECTION('',(0.,-1.));
#3625 = ( GEOMETRIC_REPRESENTATION_CONTEXT(2) 
PARAMETRIC_REPRESENTATION_CONTEXT() REPRESENTATION_CONTEXT('2D SPACE',''
  ) );
#3626 = ADVANCED_FACE('',(#3627),#389,.F.);
#3627 = FACE_BOUND('',#3628,.F.);
#3628 = EDGE_LOOP('',(#3629,#3653,#3654,#3655));
#3629 = ORIENTED_EDGE('',*,*,#3630,.F.);
#3630 = EDGE_CURVE('',#3557,#3631,#3633,.T.);
#3631 = VERTEX_POINT('',#3632);
#3632 = CARTESIAN_POINT('',(10.6,43.7,3.5));
#3633 = SURFACE_CURVE('',#3634,(#3639,#3646),.PCURVE_S1.);
#3634 = CIRCLE('',#3635,4.6);
#3635 = AXIS2_PLACEMENT_3D('',#3636,#3637,#3638);
#3636 = CARTESIAN_POINT('',(6.,43.7,3.5));
#3637 = DIRECTION('',(0.,0.,-1.));
#3638 = DIRECTION('',(-1.,1.110223024625E-16,0.));
#3639 = PCURVE('',#389,#3640);
#3640 = DEFINITIONAL_REPRESENTATION('',(#3641),#3645);
#3641 = LINE('',#3642,#3643);
#3642 = CARTESIAN_POINT('',(0.,0.));
#3643 = VECTOR('',#3644,1.);
#3644 = DIRECTION('',(1.,0.));
#3645 = ( GEOMETRIC_REPRESENTATION_CONTEXT(2) 
PARAMETRIC_REPRESENTATION_CONTEXT() REPRESENTATION_CONTEXT('2D SPACE',''
  ) );
#3646 = PCURVE('',#3572,#3647);
#3647 = DEFINITIONAL_REPRESENTATION('',(#3648),#3652);
#3648 = CIRCLE('',#3649,4.6);
#3649 = AXIS2_PLACEMENT_2D('',#3650,#3651);
#3650 = CARTESIAN_POINT('',(-1.7763568394E-15,4.7));
#3651 = DIRECTION('',(1.,1.110223024625E-16));
#3652 = ( GEOMETRIC_REPRESENTATION_CONTEXT(2) 
PARAMETRIC_REPRESENTATION_CONTEXT() REPRESENTATION_CONTEXT('2D SPACE',''
  ) );
#3653 = ORIENTED_EDGE('',*,*,#3606,.T.);
#3654 = ORIENTED_EDGE('',*,*,#368,.T.);
#3655 = ORIENTED_EDGE('',*,*,#3656,.F.);
#3656 = EDGE_CURVE('',#3631,#369,#3657,.T.);
#3657 = SURFACE_CURVE('',#3658,(#3662,#3669),.PCURVE_S1.);
#3658 = LINE('',#3659,#3660);
#3659 = CARTESIAN_POINT('',(10.6,43.7,3.5));
#3660 = VECTOR('',#3661,1.);
#3661 = DIRECTION('',(0.,0.,1.));
#3662 = PCURVE('',#389,#3663);
#3663 = DEFINITIONAL_REPRESENTATION('',(#3664),#3668);
#3664 = LINE('',#3665,#3666);
#3665 = CARTESIAN_POINT('',(3.14159265359,0.));
#3666 = VECTOR('',#3667,1.);
#3667 = DIRECTION('',(0.,-1.));
#3668 = ( GEOMETRIC_REPRESENTATION_CONTEXT(2) 
PARAMETRIC_REPRESENTATION_CONTEXT() REPRESENTATION_CONTEXT('2D SPACE',''
  ) );
#3669 = PCURVE('',#416,#3670);
#3670 = DEFINITIONAL_REPRESENTATION('',(#3671),#3675);
#3671 = LINE('',#3672,#3673);
#3672 = CARTESIAN_POINT('',(0.,0.));
#3673 = VECTOR('',#3674,1.);
#3674 = DIRECTION('',(0.,-1.));
#3675 = ( GEOMETRIC_REPRESENTATION_CONTEXT(2) 
PARAMETRIC_REPRESENTATION_CONTEXT() REPRESENTATION_CONTEXT('2D SPACE',''
  ) );
#3676 = ADVANCED_FACE('',(#3677),#446,.F.);
#3677 = FACE_BOUND('',#3678,.F.);
#3678 = EDGE_LOOP('',(#3679,#3703,#3724,#3725));
#3679 = ORIENTED_EDGE('',*,*,#3680,.F.);
#3680 = EDGE_CURVE('',#3681,#3555,#3683,.T.);
#3681 = VERTEX_POINT('',#3682);
#3682 = CARTESIAN_POINT('',(10.6,34.3,3.5));
#3683 = SURFACE_CURVE('',#3684,(#3689,#3696),.PCURVE_S1.);
#3684 = CIRCLE('',#3685,4.6);
#3685 = AXIS2_PLACEMENT_3D('',#3686,#3687,#3688);
#3686 = CARTESIAN_POINT('',(6.,34.3,3.5));
#3687 = DIRECTION('',(0.,-0.,-1.));
#3688 = DIRECTION('',(1.,-1.110223024625E-16,0.));
#3689 = PCURVE('',#446,#3690);
#3690 = DEFINITIONAL_REPRESENTATION('',(#3691),#3695);
#3691 = LINE('',#3692,#3693);
#3692 = CARTESIAN_POINT('',(0.,0.));
#3693 = VECTOR('',#3694,1.);
#3694 = DIRECTION('',(1.,0.));
#3695 = ( GEOMETRIC_REPRESENTATION_CONTEXT(2) 
PARAMETRIC_REPRESENTATION_CONTEXT() REPRESENTATION_CONTEXT('2D SPACE',''
  ) );
#3696 = PCURVE('',#3572,#3697);
#3697 = DEFINITIONAL_REPRESENTATION('',(#3698),#3702);
#3698 = CIRCLE('',#3699,4.6);
#3699 = AXIS2_PLACEMENT_2D('',#3700,#3701);
#3700 = CARTESIAN_POINT('',(0.,-4.7));
#3701 = DIRECTION('',(-1.,-1.110223024625E-16));
#3702 = ( GEOMETRIC_REPRESENTATION_CONTEXT(2) 
PARAMETRIC_REPRESENTATION_CONTEXT() REPRESENTATION_CONTEXT('2D SPACE',''
  ) );
#3703 = ORIENTED_EDGE('',*,*,#3704,.T.);
#3704 = EDGE_CURVE('',#3681,#402,#3705,.T.);
#3705 = SURFACE_CURVE('',#3706,(#3710,#3717),.PCURVE_S1.);
#3706 = LINE('',#3707,#3708);
#3707 = CARTESIAN_POINT('',(10.6,34.3,3.5));
#3708 = VECTOR('',#3709,1.);
#3709 = DIRECTION('',(0.,0.,1.));
#3710 = PCURVE('',#446,#3711);
#3711 = DEFINITIONAL_REPRESENTATION('',(#3712),#3716);
#3712 = LINE('',#3713,#3714);
#3713 = CARTESIAN_POINT('',(0.,0.));
#3714 = VECTOR('',#3715,1.);
#3715 = DIRECTION('',(0.,-1.));
#3716 = ( GEOMETRIC_REPRESENTATION_CONTEXT(2) 
PARAMETRIC_REPRESENTATION_CONTEXT() REPRESENTATION_CONTEXT('2D SPACE',''
  ) );
#3717 = PCURVE('',#416,#3718);
#3718 = DEFINITIONAL_REPRESENTATION('',(#3719),#3723);
#3719 = LINE('',#3720,#3721);
#3720 = CARTESIAN_POINT('',(9.4,0.));
#3721 = VECTOR('',#3722,1.);
#3722 = DIRECTION('',(0.,-1.));
#3723 = ( GEOMETRIC_REPRESENTATION_CONTEXT(2) 
PARAMETRIC_REPRESENTATION_CONTEXT() REPRESENTATION_CONTEXT('2D SPACE',''
  ) );
#3724 = ORIENTED_EDGE('',*,*,#427,.T.);
#3725 = ORIENTED_EDGE('',*,*,#3584,.F.);
#3726 = ADVANCED_FACE('',(#3727),#416,.F.);
#3727 = FACE_BOUND('',#3728,.F.);
#3728 = EDGE_LOOP('',(#3729,#3750,#3751,#3752));
#3729 = ORIENTED_EDGE('',*,*,#3730,.F.);
#3730 = EDGE_CURVE('',#3631,#3681,#3731,.T.);
#3731 = SURFACE_CURVE('',#3732,(#3736,#3743),.PCURVE_S1.);
#3732 = LINE('',#3733,#3734);
#3733 = CARTESIAN_POINT('',(10.6,43.7,3.5));
#3734 = VECTOR('',#3735,1.);
#3735 = DIRECTION('',(-1.110223024625E-16,-1.,0.));
#3736 = PCURVE('',#416,#3737);
#3737 = DEFINITIONAL_REPRESENTATION('',(#3738),#3742);
#3738 = LINE('',#3739,#3740);
#3739 = CARTESIAN_POINT('',(0.,0.));
#3740 = VECTOR('',#3741,1.);
#3741 = DIRECTION('',(1.,0.));
#3742 = ( GEOMETRIC_REPRESENTATION_CONTEXT(2) 
PARAMETRIC_REPRESENTATION_CONTEXT() REPRESENTATION_CONTEXT('2D SPACE',''
  ) );
#3743 = PCURVE('',#3572,#3744);
#3744 = DEFINITIONAL_REPRESENTATION('',(#3745),#3749);
#3745 = LINE('',#3746,#3747);
#3746 = CARTESIAN_POINT('',(-4.6,4.7));
#3747 = VECTOR('',#3748,1.);
#3748 = DIRECTION('',(1.110223024625E-16,-1.));
#3749 = ( GEOMETRIC_REPRESENTATION_CONTEXT(2) 
PARAMETRIC_REPRESENTATION_CONTEXT() REPRESENTATION_CONTEXT('2D SPACE',''
  ) );
#3750 = ORIENTED_EDGE('',*,*,#3656,.T.);
#3751 = ORIENTED_EDGE('',*,*,#401,.F.);
#3752 = ORIENTED_EDGE('',*,*,#3704,.F.);
#3753 = ADVANCED_FACE('',(#3754),#479,.F.);
#3754 = FACE_BOUND('',#3755,.F.);
#3755 = EDGE_LOOP('',(#3756,#3787,#3808,#3809));
#3756 = ORIENTED_EDGE('',*,*,#3757,.T.);
#3757 = EDGE_CURVE('',#3758,#3760,#3762,.T.);
#3758 = VERTEX_POINT('',#3759);
#3759 = CARTESIAN_POINT('',(11.3,12.8,3.6));
#3760 = VERTEX_POINT('',#3761);
#3761 = CARTESIAN_POINT('',(12.8,11.3,3.6));
#3762 = SURFACE_CURVE('',#3763,(#3768,#3775),.PCURVE_S1.);
#3763 = CIRCLE('',#3764,1.5);
#3764 = AXIS2_PLACEMENT_3D('',#3765,#3766,#3767);
#3765 = CARTESIAN_POINT('',(12.8,12.8,3.6));
#3766 = DIRECTION('',(0.,0.,1.));
#3767 = DIRECTION('',(0.,-1.,0.));
#3768 = PCURVE('',#479,#3769);
#3769 = DEFINITIONAL_REPRESENTATION('',(#3770),#3774);
#3770 = LINE('',#3771,#3772);
#3771 = CARTESIAN_POINT('',(-4.712388980385,0.));
#3772 = VECTOR('',#3773,1.);
#3773 = DIRECTION('',(1.,0.));
#3774 = ( GEOMETRIC_REPRESENTATION_CONTEXT(2) 
PARAMETRIC_REPRESENTATION_CONTEXT() REPRESENTATION_CONTEXT('2D SPACE',''
  ) );
#3775 = PCURVE('',#3776,#3781);
#3776 = PLANE('',#3777);
#3777 = AXIS2_PLACEMENT_3D('',#3778,#3779,#3780);
#3778 = CARTESIAN_POINT('',(11.3,11.3,3.6));
#3779 = DIRECTION('',(0.,0.,1.));
#3780 = DIRECTION('',(1.,0.,0.));
#3781 = DEFINITIONAL_REPRESENTATION('',(#3782),#3786);
#3782 = CIRCLE('',#3783,1.5);
#3783 = AXIS2_PLACEMENT_2D('',#3784,#3785);
#3784 = CARTESIAN_POINT('',(1.5,1.5));
#3785 = DIRECTION('',(0.,-1.));
#3786 = ( GEOMETRIC_REPRESENTATION_CONTEXT(2) 
PARAMETRIC_REPRESENTATION_CONTEXT() REPRESENTATION_CONTEXT('2D SPACE',''
  ) );
#3787 = ORIENTED_EDGE('',*,*,#3788,.T.);
#3788 = EDGE_CURVE('',#3760,#463,#3789,.T.);
#3789 = SURFACE_CURVE('',#3790,(#3794,#3801),.PCURVE_S1.);
#3790 = LINE('',#3791,#3792);
#3791 = CARTESIAN_POINT('',(12.8,11.3,3.6));
#3792 = VECTOR('',#3793,1.);
#3793 = DIRECTION('',(0.,0.,1.));
#3794 = PCURVE('',#479,#3795);
#3795 = DEFINITIONAL_REPRESENTATION('',(#3796),#3800);
#3796 = LINE('',#3797,#3798);
#3797 = CARTESIAN_POINT('',(1.570796326795,0.));
#3798 = VECTOR('',#3799,1.);
#3799 = DIRECTION('',(0.,1.));
#3800 = ( GEOMETRIC_REPRESENTATION_CONTEXT(2) 
PARAMETRIC_REPRESENTATION_CONTEXT() REPRESENTATION_CONTEXT('2D SPACE',''
  ) );
#3801 = PCURVE('',#745,#3802);
#3802 = DEFINITIONAL_REPRESENTATION('',(#3803),#3807);
#3803 = LINE('',#3804,#3805);
#3804 = CARTESIAN_POINT('',(0.,1.5));
#3805 = VECTOR('',#3806,1.);
#3806 = DIRECTION('',(1.,0.));
#3807 = ( GEOMETRIC_REPRESENTATION_CONTEXT(2) 
PARAMETRIC_REPRESENTATION_CONTEXT() REPRESENTATION_CONTEXT('2D SPACE',''
  ) );
#3808 = ORIENTED_EDGE('',*,*,#460,.F.);
#3809 = ORIENTED_EDGE('',*,*,#3810,.F.);
#3810 = EDGE_CURVE('',#3758,#461,#3811,.T.);
#3811 = SURFACE_CURVE('',#3812,(#3816,#3823),.PCURVE_S1.);
#3812 = LINE('',#3813,#3814);
#3813 = CARTESIAN_POINT('',(11.3,12.8,3.6));
#3814 = VECTOR('',#3815,1.);
#3815 = DIRECTION('',(0.,0.,1.));
#3816 = PCURVE('',#479,#3817);
#3817 = DEFINITIONAL_REPRESENTATION('',(#3818),#3822);
#3818 = LINE('',#3819,#3820);
#3819 = CARTESIAN_POINT('',(0.,0.));
#3820 = VECTOR('',#3821,1.);
#3821 = DIRECTION('',(0.,1.));
#3822 = ( GEOMETRIC_REPRESENTATION_CONTEXT(2) 
PARAMETRIC_REPRESENTATION_CONTEXT() REPRESENTATION_CONTEXT('2D SPACE',''
  ) );
#3823 = PCURVE('',#507,#3824);
#3824 = DEFINITIONAL_REPRESENTATION('',(#3825),#3829);
#3825 = LINE('',#3826,#3827);
#3826 = CARTESIAN_POINT('',(0.,-1.5));
#3827 = VECTOR('',#3828,1.);
#3828 = DIRECTION('',(1.,0.));
#3829 = ( GEOMETRIC_REPRESENTATION_CONTEXT(2) 
PARAMETRIC_REPRESENTATION_CONTEXT() REPRESENTATION_CONTEXT('2D SPACE',''
  ) );
#3830 = ADVANCED_FACE('',(#3831),#507,.T.);
#3831 = FACE_BOUND('',#3832,.T.);
#3832 = EDGE_LOOP('',(#3833,#3834,#3835,#3858));
#3833 = ORIENTED_EDGE('',*,*,#491,.F.);
#3834 = ORIENTED_EDGE('',*,*,#3810,.F.);
#3835 = ORIENTED_EDGE('',*,*,#3836,.T.);
#3836 = EDGE_CURVE('',#3758,#3837,#3839,.T.);
#3837 = VERTEX_POINT('',#3838);
#3838 = CARTESIAN_POINT('',(11.3,65.2,3.6));
#3839 = SURFACE_CURVE('',#3840,(#3844,#3851),.PCURVE_S1.);
#3840 = LINE('',#3841,#3842);
#3841 = CARTESIAN_POINT('',(11.3,11.3,3.6));
#3842 = VECTOR('',#3843,1.);
#3843 = DIRECTION('',(0.,1.,0.));
#3844 = PCURVE('',#507,#3845);
#3845 = DEFINITIONAL_REPRESENTATION('',(#3846),#3850);
#3846 = LINE('',#3847,#3848);
#3847 = CARTESIAN_POINT('',(0.,0.));
#3848 = VECTOR('',#3849,1.);
#3849 = DIRECTION('',(0.,-1.));
#3850 = ( GEOMETRIC_REPRESENTATION_CONTEXT(2) 
PARAMETRIC_REPRESENTATION_CONTEXT() REPRESENTATION_CONTEXT('2D SPACE',''
  ) );
#3851 = PCURVE('',#3776,#3852);
#3852 = DEFINITIONAL_REPRESENTATION('',(#3853),#3857);
#3853 = LINE('',#3854,#3855);
#3854 = CARTESIAN_POINT('',(0.,0.));
#3855 = VECTOR('',#3856,1.);
#3856 = DIRECTION('',(0.,1.));
#3857 = ( GEOMETRIC_REPRESENTATION_CONTEXT(2) 
PARAMETRIC_REPRESENTATION_CONTEXT() REPRESENTATION_CONTEXT('2D SPACE',''
  ) );
#3858 = ORIENTED_EDGE('',*,*,#3859,.T.);
#3859 = EDGE_CURVE('',#3837,#492,#3860,.T.);
#3860 = SURFACE_CURVE('',#3861,(#3865,#3872),.PCURVE_S1.);
#3861 = LINE('',#3862,#3863);
#3862 = CARTESIAN_POINT('',(11.3,65.2,3.6));
#3863 = VECTOR('',#3864,1.);
#3864 = DIRECTION('',(0.,0.,1.));
#3865 = PCURVE('',#507,#3866);
#3866 = DEFINITIONAL_REPRESENTATION('',(#3867),#3871);
#3867 = LINE('',#3868,#3869);
#3868 = CARTESIAN_POINT('',(0.,-53.9));
#3869 = VECTOR('',#3870,1.);
#3870 = DIRECTION('',(1.,0.));
#3871 = ( GEOMETRIC_REPRESENTATION_CONTEXT(2) 
PARAMETRIC_REPRESENTATION_CONTEXT() REPRESENTATION_CONTEXT('2D SPACE',''
  ) );
#3872 = PCURVE('',#540,#3873);
#3873 = DEFINITIONAL_REPRESENTATION('',(#3874),#3878);
#3874 = LINE('',#3875,#3876);
#3875 = CARTESIAN_POINT('',(-0.,0.));
#3876 = VECTOR('',#3877,1.);
#3877 = DIRECTION('',(-0.,1.));
#3878 = ( GEOMETRIC_REPRESENTATION_CONTEXT(2) 
PARAMETRIC_REPRESENTATION_CONTEXT() REPRESENTATION_CONTEXT('2D SPACE',''
  ) );
#3879 = ADVANCED_FACE('',(#3880),#745,.T.);
#3880 = FACE_BOUND('',#3881,.T.);
#3881 = EDGE_LOOP('',(#3882,#3903,#3924,#3925));
#3882 = ORIENTED_EDGE('',*,*,#3883,.T.);
#3883 = EDGE_CURVE('',#699,#3884,#3886,.T.);
#3884 = VERTEX_POINT('',#3885);
#3885 = CARTESIAN_POINT('',(34.5,11.3,3.6));
#3886 = SURFACE_CURVE('',#3887,(#3891,#3897),.PCURVE_S1.);
#3887 = LINE('',#3888,#3889);
#3888 = CARTESIAN_POINT('',(34.5,11.3,3.));
#3889 = VECTOR('',#3890,1.);
#3890 = DIRECTION('',(-0.,-0.,-1.));
#3891 = PCURVE('',#745,#3892);
#3892 = DEFINITIONAL_REPRESENTATION('',(#3893),#3896);
#3893 = B_SPLINE_CURVE_WITH_KNOTS('',1,(#3894,#3895),.UNSPECIFIED.,.F.,
  .F.,(2,2),(-1.04,-0.56),.PIECEWISE_BEZIER_KNOTS.);
#3894 = CARTESIAN_POINT('',(0.44,23.2));
#3895 = CARTESIAN_POINT('',(-4.E-02,23.2));
#3896 = ( GEOMETRIC_REPRESENTATION_CONTEXT(2) 
PARAMETRIC_REPRESENTATION_CONTEXT() REPRESENTATION_CONTEXT('2D SPACE',''
  ) );
#3897 = PCURVE('',#719,#3898);
#3898 = DEFINITIONAL_REPRESENTATION('',(#3899),#3902);
#3899 = B_SPLINE_CURVE_WITH_KNOTS('',1,(#3900,#3901),.UNSPECIFIED.,.F.,
  .F.,(2,2),(-1.04,-0.56),.PIECEWISE_BEZIER_KNOTS.);
#3900 = CARTESIAN_POINT('',(-3.14159265359,-1.04));
#3901 = CARTESIAN_POINT('',(-3.14159265359,-0.56));
#3902 = ( GEOMETRIC_REPRESENTATION_CONTEXT(2) 
PARAMETRIC_REPRESENTATION_CONTEXT() REPRESENTATION_CONTEXT('2D SPACE',''
  ) );
#3903 = ORIENTED_EDGE('',*,*,#3904,.F.);
#3904 = EDGE_CURVE('',#3760,#3884,#3905,.T.);
#3905 = SURFACE_CURVE('',#3906,(#3910,#3917),.PCURVE_S1.);
#3906 = LINE('',#3907,#3908);
#3907 = CARTESIAN_POINT('',(11.3,11.3,3.6));
#3908 = VECTOR('',#3909,1.);
#3909 = DIRECTION('',(1.,0.,0.));
#3910 = PCURVE('',#745,#3911);
#3911 = DEFINITIONAL_REPRESENTATION('',(#3912),#3916);
#3912 = LINE('',#3913,#3914);
#3913 = CARTESIAN_POINT('',(0.,0.));
#3914 = VECTOR('',#3915,1.);
#3915 = DIRECTION('',(0.,1.));
#3916 = ( GEOMETRIC_REPRESENTATION_CONTEXT(2) 
PARAMETRIC_REPRESENTATION_CONTEXT() REPRESENTATION_CONTEXT('2D SPACE',''
  ) );
#3917 = PCURVE('',#3776,#3918);
#3918 = DEFINITIONAL_REPRESENTATION('',(#3919),#3923);
#3919 = LINE('',#3920,#3921);
#3920 = CARTESIAN_POINT('',(0.,0.));
#3921 = VECTOR('',#3922,1.);
#3922 = DIRECTION('',(1.,0.));
#3923 = ( GEOMETRIC_REPRESENTATION_CONTEXT(2) 
PARAMETRIC_REPRESENTATION_CONTEXT() REPRESENTATION_CONTEXT('2D SPACE',''
  ) );
#3924 = ORIENTED_EDGE('',*,*,#3788,.T.);
#3925 = ORIENTED_EDGE('',*,*,#731,.T.);
#3926 = ADVANCED_FACE('',(#3927),#540,.F.);
#3927 = FACE_BOUND('',#3928,.T.);
#3928 = EDGE_LOOP('',(#3929,#3957,#3978,#3979));
#3929 = ORIENTED_EDGE('',*,*,#3930,.T.);
#3930 = EDGE_CURVE('',#3837,#3931,#3933,.T.);
#3931 = VERTEX_POINT('',#3932);
#3932 = CARTESIAN_POINT('',(12.8,66.7,3.6));
#3933 = SURFACE_CURVE('',#3934,(#3939,#3946),.PCURVE_S1.);
#3934 = CIRCLE('',#3935,1.5);
#3935 = AXIS2_PLACEMENT_3D('',#3936,#3937,#3938);
#3936 = CARTESIAN_POINT('',(12.8,65.2,3.6));
#3937 = DIRECTION('',(-0.,-0.,-1.));
#3938 = DIRECTION('',(0.,-1.,0.));
#3939 = PCURVE('',#540,#3940);
#3940 = DEFINITIONAL_REPRESENTATION('',(#3941),#3945);
#3941 = LINE('',#3942,#3943);
#3942 = CARTESIAN_POINT('',(1.570796326795,-0.));
#3943 = VECTOR('',#3944,1.);
#3944 = DIRECTION('',(-1.,0.));
#3945 = ( GEOMETRIC_REPRESENTATION_CONTEXT(2) 
PARAMETRIC_REPRESENTATION_CONTEXT() REPRESENTATION_CONTEXT('2D SPACE',''
  ) );
#3946 = PCURVE('',#3776,#3947);
#3947 = DEFINITIONAL_REPRESENTATION('',(#3948),#3956);
#3948 = ( BOUNDED_CURVE() B_SPLINE_CURVE(2,(#3949,#3950,#3951,#3952,
#3953,#3954,#3955),.UNSPECIFIED.,.T.,.F.) B_SPLINE_CURVE_WITH_KNOTS((1,2
    ,2,2,2,1),(-2.094395102393,0.,2.094395102393,4.188790204786,
6.28318530718,8.377580409573),.UNSPECIFIED.) CURVE() 
GEOMETRIC_REPRESENTATION_ITEM() RATIONAL_B_SPLINE_CURVE((1.,0.5,1.,0.5,
1.,0.5,1.)) REPRESENTATION_ITEM('') );
#3949 = CARTESIAN_POINT('',(1.5,52.4));
#3950 = CARTESIAN_POINT('',(-1.098076211353,52.4));
#3951 = CARTESIAN_POINT('',(0.200961894323,54.65));
#3952 = CARTESIAN_POINT('',(1.5,56.9));
#3953 = CARTESIAN_POINT('',(2.799038105677,54.65));
#3954 = CARTESIAN_POINT('',(4.098076211353,52.4));
#3955 = CARTESIAN_POINT('',(1.5,52.4));
#3956 = ( GEOMETRIC_REPRESENTATION_CONTEXT(2) 
PARAMETRIC_REPRESENTATION_CONTEXT() REPRESENTATION_CONTEXT('2D SPACE',''
  ) );
#3957 = ORIENTED_EDGE('',*,*,#3958,.T.);
#3958 = EDGE_CURVE('',#3931,#520,#3959,.T.);
#3959 = SURFACE_CURVE('',#3960,(#3964,#3971),.PCURVE_S1.);
#3960 = LINE('',#3961,#3962);
#3961 = CARTESIAN_POINT('',(12.8,66.7,3.6));
#3962 = VECTOR('',#3963,1.);
#3963 = DIRECTION('',(0.,0.,1.));
#3964 = PCURVE('',#540,#3965);
#3965 = DEFINITIONAL_REPRESENTATION('',(#3966),#3970);
#3966 = LINE('',#3967,#3968);
#3967 = CARTESIAN_POINT('',(-1.570796326795,0.));
#3968 = VECTOR('',#3969,1.);
#3969 = DIRECTION('',(-0.,1.));
#3970 = ( GEOMETRIC_REPRESENTATION_CONTEXT(2) 
PARAMETRIC_REPRESENTATION_CONTEXT() REPRESENTATION_CONTEXT('2D SPACE',''
  ) );
#3971 = PCURVE('',#568,#3972);
#3972 = DEFINITIONAL_REPRESENTATION('',(#3973),#3977);
#3973 = LINE('',#3974,#3975);
#3974 = CARTESIAN_POINT('',(0.,1.5));
#3975 = VECTOR('',#3976,1.);
#3976 = DIRECTION('',(1.,0.));
#3977 = ( GEOMETRIC_REPRESENTATION_CONTEXT(2) 
PARAMETRIC_REPRESENTATION_CONTEXT() REPRESENTATION_CONTEXT('2D SPACE',''
  ) );
#3978 = ORIENTED_EDGE('',*,*,#519,.F.);
#3979 = ORIENTED_EDGE('',*,*,#3859,.F.);
#3980 = ADVANCED_FACE('',(#3981),#719,.F.);
#3981 = FACE_BOUND('',#3982,.T.);
#3982 = EDGE_LOOP('',(#3983,#4012,#4035,#4061,#4062,#4063,#4084));
#3983 = ORIENTED_EDGE('',*,*,#3984,.F.);
#3984 = EDGE_CURVE('',#3985,#3985,#3987,.T.);
#3985 = VERTEX_POINT('',#3986);
#3986 = CARTESIAN_POINT('',(43.5,11.3,3.));
#3987 = SURFACE_CURVE('',#3988,(#3993,#4000),.PCURVE_S1.);
#3988 = CIRCLE('',#3989,4.5);
#3989 = AXIS2_PLACEMENT_3D('',#3990,#3991,#3992);
#3990 = CARTESIAN_POINT('',(39.,11.3,3.));
#3991 = DIRECTION('',(0.,0.,1.));
#3992 = DIRECTION('',(1.,0.,0.));
#3993 = PCURVE('',#719,#3994);
#3994 = DEFINITIONAL_REPRESENTATION('',(#3995),#3999);
#3995 = LINE('',#3996,#3997);
#3996 = CARTESIAN_POINT('',(-0.,0.));
#3997 = VECTOR('',#3998,1.);
#3998 = DIRECTION('',(-1.,0.));
#3999 = ( GEOMETRIC_REPRESENTATION_CONTEXT(2) 
PARAMETRIC_REPRESENTATION_CONTEXT() REPRESENTATION_CONTEXT('2D SPACE',''
  ) );
#4000 = PCURVE('',#4001,#4006);
#4001 = PLANE('',#4002);
#4002 = AXIS2_PLACEMENT_3D('',#4003,#4004,#4005);
#4003 = CARTESIAN_POINT('',(39.,11.3,3.));
#4004 = DIRECTION('',(0.,0.,1.));
#4005 = DIRECTION('',(1.,0.,-0.));
#4006 = DEFINITIONAL_REPRESENTATION('',(#4007),#4011);
#4007 = CIRCLE('',#4008,4.5);
#4008 = AXIS2_PLACEMENT_2D('',#4009,#4010);
#4009 = CARTESIAN_POINT('',(0.,1.7763568394E-15));
#4010 = DIRECTION('',(1.,0.));
#4011 = ( GEOMETRIC_REPRESENTATION_CONTEXT(2) 
PARAMETRIC_REPRESENTATION_CONTEXT() REPRESENTATION_CONTEXT('2D SPACE',''
  ) );
#4012 = ORIENTED_EDGE('',*,*,#4013,.T.);
#4013 = EDGE_CURVE('',#3985,#4014,#4016,.T.);
#4014 = VERTEX_POINT('',#4015);
#4015 = CARTESIAN_POINT('',(43.5,11.3,3.6));
#4016 = SEAM_CURVE('',#4017,(#4021,#4028),.PCURVE_S1.);
#4017 = LINE('',#4018,#4019);
#4018 = CARTESIAN_POINT('',(43.5,11.3,3.));
#4019 = VECTOR('',#4020,1.);
#4020 = DIRECTION('',(0.,0.,1.));
#4021 = PCURVE('',#719,#4022);
#4022 = DEFINITIONAL_REPRESENTATION('',(#4023),#4027);
#4023 = LINE('',#4024,#4025);
#4024 = CARTESIAN_POINT('',(-6.28318530718,0.));
#4025 = VECTOR('',#4026,1.);
#4026 = DIRECTION('',(-0.,-1.));
#4027 = ( GEOMETRIC_REPRESENTATION_CONTEXT(2) 
PARAMETRIC_REPRESENTATION_CONTEXT() REPRESENTATION_CONTEXT('2D SPACE',''
  ) );
#4028 = PCURVE('',#719,#4029);
#4029 = DEFINITIONAL_REPRESENTATION('',(#4030),#4034);
#4030 = LINE('',#4031,#4032);
#4031 = CARTESIAN_POINT('',(-0.,0.));
#4032 = VECTOR('',#4033,1.);
#4033 = DIRECTION('',(-0.,-1.));
#4034 = ( GEOMETRIC_REPRESENTATION_CONTEXT(2) 
PARAMETRIC_REPRESENTATION_CONTEXT() REPRESENTATION_CONTEXT('2D SPACE',''
  ) );
#4035 = ORIENTED_EDGE('',*,*,#4036,.F.);
#4036 = EDGE_CURVE('',#3884,#4014,#4037,.T.);
#4037 = SURFACE_CURVE('',#4038,(#4043,#4050),.PCURVE_S1.);
#4038 = CIRCLE('',#4039,4.5);
#4039 = AXIS2_PLACEMENT_3D('',#4040,#4041,#4042);
#4040 = CARTESIAN_POINT('',(39.,11.3,3.6));
#4041 = DIRECTION('',(0.,0.,-1.));
#4042 = DIRECTION('',(1.,0.,0.));
#4043 = PCURVE('',#719,#4044);
#4044 = DEFINITIONAL_REPRESENTATION('',(#4045),#4049);
#4045 = LINE('',#4046,#4047);
#4046 = CARTESIAN_POINT('',(-6.28318530718,-0.6));
#4047 = VECTOR('',#4048,1.);
#4048 = DIRECTION('',(1.,-0.));
#4049 = ( GEOMETRIC_REPRESENTATION_CONTEXT(2) 
PARAMETRIC_REPRESENTATION_CONTEXT() REPRESENTATION_CONTEXT('2D SPACE',''
  ) );
#4050 = PCURVE('',#3776,#4051);
#4051 = DEFINITIONAL_REPRESENTATION('',(#4052),#4060);
#4052 = ( BOUNDED_CURVE() B_SPLINE_CURVE(2,(#4053,#4054,#4055,#4056,
#4057,#4058,#4059),.UNSPECIFIED.,.T.,.F.) B_SPLINE_CURVE_WITH_KNOTS((1,2
    ,2,2,2,1),(-2.094395102393,0.,2.094395102393,4.188790204786,
6.28318530718,8.377580409573),.UNSPECIFIED.) CURVE() 
GEOMETRIC_REPRESENTATION_ITEM() RATIONAL_B_SPLINE_CURVE((1.,0.5,1.,0.5,
1.,0.5,1.)) REPRESENTATION_ITEM('') );
#4053 = CARTESIAN_POINT('',(32.2,0.));
#4054 = CARTESIAN_POINT('',(32.2,-7.79422863406));
#4055 = CARTESIAN_POINT('',(25.45,-3.89711431703));
#4056 = CARTESIAN_POINT('',(18.7,-1.102182119233E-15));
#4057 = CARTESIAN_POINT('',(25.45,3.89711431703));
#4058 = CARTESIAN_POINT('',(32.2,7.79422863406));
#4059 = CARTESIAN_POINT('',(32.2,0.));
#4060 = ( GEOMETRIC_REPRESENTATION_CONTEXT(2) 
PARAMETRIC_REPRESENTATION_CONTEXT() REPRESENTATION_CONTEXT('2D SPACE',''
  ) );
#4061 = ORIENTED_EDGE('',*,*,#3883,.F.);
#4062 = ORIENTED_EDGE('',*,*,#698,.F.);
#4063 = ORIENTED_EDGE('',*,*,#4064,.F.);
#4064 = EDGE_CURVE('',#4014,#671,#4065,.T.);
#4065 = SURFACE_CURVE('',#4066,(#4070,#4077),.PCURVE_S1.);
#4066 = LINE('',#4067,#4068);
#4067 = CARTESIAN_POINT('',(43.5,11.3,3.));
#4068 = VECTOR('',#4069,1.);
#4069 = DIRECTION('',(0.,0.,1.));
#4070 = PCURVE('',#719,#4071);
#4071 = DEFINITIONAL_REPRESENTATION('',(#4072),#4076);
#4072 = LINE('',#4073,#4074);
#4073 = CARTESIAN_POINT('',(-6.28318530718,0.));
#4074 = VECTOR('',#4075,1.);
#4075 = DIRECTION('',(-0.,-1.));
#4076 = ( GEOMETRIC_REPRESENTATION_CONTEXT(2) 
PARAMETRIC_REPRESENTATION_CONTEXT() REPRESENTATION_CONTEXT('2D SPACE',''
  ) );
#4077 = PCURVE('',#686,#4078);
#4078 = DEFINITIONAL_REPRESENTATION('',(#4079),#4083);
#4079 = LINE('',#4080,#4081);
#4080 = CARTESIAN_POINT('',(-0.6,32.2));
#4081 = VECTOR('',#4082,1.);
#4082 = DIRECTION('',(1.,0.));
#4083 = ( GEOMETRIC_REPRESENTATION_CONTEXT(2) 
PARAMETRIC_REPRESENTATION_CONTEXT() REPRESENTATION_CONTEXT('2D SPACE',''
  ) );
#4084 = ORIENTED_EDGE('',*,*,#4013,.F.);
#4085 = ADVANCED_FACE('',(#4086),#568,.F.);
#4086 = FACE_BOUND('',#4087,.F.);
#4087 = EDGE_LOOP('',(#4088,#4111,#4112,#4113));
#4088 = ORIENTED_EDGE('',*,*,#4089,.F.);
#4089 = EDGE_CURVE('',#3931,#4090,#4092,.T.);
#4090 = VERTEX_POINT('',#4091);
#4091 = CARTESIAN_POINT('',(65.2,66.7,3.6));
#4092 = SURFACE_CURVE('',#4093,(#4097,#4104),.PCURVE_S1.);
#4093 = LINE('',#4094,#4095);
#4094 = CARTESIAN_POINT('',(11.3,66.7,3.6));
#4095 = VECTOR('',#4096,1.);
#4096 = DIRECTION('',(1.,0.,0.));
#4097 = PCURVE('',#568,#4098);
#4098 = DEFINITIONAL_REPRESENTATION('',(#4099),#4103);
#4099 = LINE('',#4100,#4101);
#4100 = CARTESIAN_POINT('',(0.,0.));
#4101 = VECTOR('',#4102,1.);
#4102 = DIRECTION('',(0.,1.));
#4103 = ( GEOMETRIC_REPRESENTATION_CONTEXT(2) 
PARAMETRIC_REPRESENTATION_CONTEXT() REPRESENTATION_CONTEXT('2D SPACE',''
  ) );
#4104 = PCURVE('',#3776,#4105);
#4105 = DEFINITIONAL_REPRESENTATION('',(#4106),#4110);
#4106 = LINE('',#4107,#4108);
#4107 = CARTESIAN_POINT('',(0.,55.4));
#4108 = VECTOR('',#4109,1.);
#4109 = DIRECTION('',(1.,0.));
#4110 = ( GEOMETRIC_REPRESENTATION_CONTEXT(2) 
PARAMETRIC_REPRESENTATION_CONTEXT() REPRESENTATION_CONTEXT('2D SPACE',''
  ) );
#4111 = ORIENTED_EDGE('',*,*,#3958,.T.);
#4112 = ORIENTED_EDGE('',*,*,#552,.T.);
#4113 = ORIENTED_EDGE('',*,*,#4114,.F.);
#4114 = EDGE_CURVE('',#4090,#553,#4115,.T.);
#4115 = SURFACE_CURVE('',#4116,(#4120,#4127),.PCURVE_S1.);
#4116 = LINE('',#4117,#4118);
#4117 = CARTESIAN_POINT('',(65.2,66.7,3.6));
#4118 = VECTOR('',#4119,1.);
#4119 = DIRECTION('',(0.,0.,1.));
#4120 = PCURVE('',#568,#4121);
#4121 = DEFINITIONAL_REPRESENTATION('',(#4122),#4126);
#4122 = LINE('',#4123,#4124);
#4123 = CARTESIAN_POINT('',(0.,53.9));
#4124 = VECTOR('',#4125,1.);
#4125 = DIRECTION('',(1.,0.));
#4126 = ( GEOMETRIC_REPRESENTATION_CONTEXT(2) 
PARAMETRIC_REPRESENTATION_CONTEXT() REPRESENTATION_CONTEXT('2D SPACE',''
  ) );
#4127 = PCURVE('',#597,#4128);
#4128 = DEFINITIONAL_REPRESENTATION('',(#4129),#4133);
#4129 = LINE('',#4130,#4131);
#4130 = CARTESIAN_POINT('',(1.570796326795,0.));
#4131 = VECTOR('',#4132,1.);
#4132 = DIRECTION('',(0.,1.));
#4133 = ( GEOMETRIC_REPRESENTATION_CONTEXT(2) 
PARAMETRIC_REPRESENTATION_CONTEXT() REPRESENTATION_CONTEXT('2D SPACE',''
  ) );
#4134 = ADVANCED_FACE('',(#4135),#686,.T.);
#4135 = FACE_BOUND('',#4136,.T.);
#4136 = EDGE_LOOP('',(#4137,#4160,#4161,#4162));
#4137 = ORIENTED_EDGE('',*,*,#4138,.F.);
#4138 = EDGE_CURVE('',#4014,#4139,#4141,.T.);
#4139 = VERTEX_POINT('',#4140);
#4140 = CARTESIAN_POINT('',(65.2,11.3,3.6));
#4141 = SURFACE_CURVE('',#4142,(#4146,#4153),.PCURVE_S1.);
#4142 = LINE('',#4143,#4144);
#4143 = CARTESIAN_POINT('',(11.3,11.3,3.6));
#4144 = VECTOR('',#4145,1.);
#4145 = DIRECTION('',(1.,0.,0.));
#4146 = PCURVE('',#686,#4147);
#4147 = DEFINITIONAL_REPRESENTATION('',(#4148),#4152);
#4148 = LINE('',#4149,#4150);
#4149 = CARTESIAN_POINT('',(0.,0.));
#4150 = VECTOR('',#4151,1.);
#4151 = DIRECTION('',(0.,1.));
#4152 = ( GEOMETRIC_REPRESENTATION_CONTEXT(2) 
PARAMETRIC_REPRESENTATION_CONTEXT() REPRESENTATION_CONTEXT('2D SPACE',''
  ) );
#4153 = PCURVE('',#3776,#4154);
#4154 = DEFINITIONAL_REPRESENTATION('',(#4155),#4159);
#4155 = LINE('',#4156,#4157);
#4156 = CARTESIAN_POINT('',(0.,0.));
#4157 = VECTOR('',#4158,1.);
#4158 = DIRECTION('',(1.,0.));
#4159 = ( GEOMETRIC_REPRESENTATION_CONTEXT(2) 
PARAMETRIC_REPRESENTATION_CONTEXT() REPRESENTATION_CONTEXT('2D SPACE',''
  ) );
#4160 = ORIENTED_EDGE('',*,*,#4064,.T.);
#4161 = ORIENTED_EDGE('',*,*,#670,.T.);
#4162 = ORIENTED_EDGE('',*,*,#4163,.F.);
#4163 = EDGE_CURVE('',#4139,#638,#4164,.T.);
#4164 = SURFACE_CURVE('',#4165,(#4169,#4176),.PCURVE_S1.);
#4165 = LINE('',#4166,#4167);
#4166 = CARTESIAN_POINT('',(65.2,11.3,3.6));
#4167 = VECTOR('',#4168,1.);
#4168 = DIRECTION('',(0.,0.,1.));
#4169 = PCURVE('',#686,#4170);
#4170 = DEFINITIONAL_REPRESENTATION('',(#4171),#4175);
#4171 = LINE('',#4172,#4173);
#4172 = CARTESIAN_POINT('',(0.,53.9));
#4173 = VECTOR('',#4174,1.);
#4174 = DIRECTION('',(1.,0.));
#4175 = ( GEOMETRIC_REPRESENTATION_CONTEXT(2) 
PARAMETRIC_REPRESENTATION_CONTEXT() REPRESENTATION_CONTEXT('2D SPACE',''
  ) );
#4176 = PCURVE('',#658,#4177);
#4177 = DEFINITIONAL_REPRESENTATION('',(#4178),#4182);
#4178 = LINE('',#4179,#4180);
#4179 = CARTESIAN_POINT('',(-1.570796326795,0.));
#4180 = VECTOR('',#4181,1.);
#4181 = DIRECTION('',(-0.,1.));
#4182 = ( GEOMETRIC_REPRESENTATION_CONTEXT(2) 
PARAMETRIC_REPRESENTATION_CONTEXT() REPRESENTATION_CONTEXT('2D SPACE',''
  ) );
#4183 = ADVANCED_FACE('',(#4184),#597,.F.);
#4184 = FACE_BOUND('',#4185,.F.);
#4185 = EDGE_LOOP('',(#4186,#4210,#4211,#4212));
#4186 = ORIENTED_EDGE('',*,*,#4187,.T.);
#4187 = EDGE_CURVE('',#4188,#4090,#4190,.T.);
#4188 = VERTEX_POINT('',#4189);
#4189 = CARTESIAN_POINT('',(66.7,65.2,3.6));
#4190 = SURFACE_CURVE('',#4191,(#4196,#4203),.PCURVE_S1.);
#4191 = CIRCLE('',#4192,1.5);
#4192 = AXIS2_PLACEMENT_3D('',#4193,#4194,#4195);
#4193 = CARTESIAN_POINT('',(65.2,65.2,3.6));
#4194 = DIRECTION('',(0.,0.,1.));
#4195 = DIRECTION('',(0.,-1.,0.));
#4196 = PCURVE('',#597,#4197);
#4197 = DEFINITIONAL_REPRESENTATION('',(#4198),#4202);
#4198 = LINE('',#4199,#4200);
#4199 = CARTESIAN_POINT('',(-1.570796326795,0.));
#4200 = VECTOR('',#4201,1.);
#4201 = DIRECTION('',(1.,0.));
#4202 = ( GEOMETRIC_REPRESENTATION_CONTEXT(2) 
PARAMETRIC_REPRESENTATION_CONTEXT() REPRESENTATION_CONTEXT('2D SPACE',''
  ) );
#4203 = PCURVE('',#3776,#4204);
#4204 = DEFINITIONAL_REPRESENTATION('',(#4205),#4209);
#4205 = CIRCLE('',#4206,1.5);
#4206 = AXIS2_PLACEMENT_2D('',#4207,#4208);
#4207 = CARTESIAN_POINT('',(53.9,53.9));
#4208 = DIRECTION('',(0.,-1.));
#4209 = ( GEOMETRIC_REPRESENTATION_CONTEXT(2) 
PARAMETRIC_REPRESENTATION_CONTEXT() REPRESENTATION_CONTEXT('2D SPACE',''
  ) );
#4210 = ORIENTED_EDGE('',*,*,#4114,.T.);
#4211 = ORIENTED_EDGE('',*,*,#580,.F.);
#4212 = ORIENTED_EDGE('',*,*,#4213,.F.);
#4213 = EDGE_CURVE('',#4188,#581,#4214,.T.);
#4214 = SURFACE_CURVE('',#4215,(#4219,#4226),.PCURVE_S1.);
#4215 = LINE('',#4216,#4217);
#4216 = CARTESIAN_POINT('',(66.7,65.2,3.6));
#4217 = VECTOR('',#4218,1.);
#4218 = DIRECTION('',(0.,0.,1.));
#4219 = PCURVE('',#597,#4220);
#4220 = DEFINITIONAL_REPRESENTATION('',(#4221),#4225);
#4221 = LINE('',#4222,#4223);
#4222 = CARTESIAN_POINT('',(0.,0.));
#4223 = VECTOR('',#4224,1.);
#4224 = DIRECTION('',(0.,1.));
#4225 = ( GEOMETRIC_REPRESENTATION_CONTEXT(2) 
PARAMETRIC_REPRESENTATION_CONTEXT() REPRESENTATION_CONTEXT('2D SPACE',''
  ) );
#4226 = PCURVE('',#625,#4227);
#4227 = DEFINITIONAL_REPRESENTATION('',(#4228),#4232);
#4228 = LINE('',#4229,#4230);
#4229 = CARTESIAN_POINT('',(0.,-53.9));
#4230 = VECTOR('',#4231,1.);
#4231 = DIRECTION('',(1.,0.));
#4232 = ( GEOMETRIC_REPRESENTATION_CONTEXT(2) 
PARAMETRIC_REPRESENTATION_CONTEXT() REPRESENTATION_CONTEXT('2D SPACE',''
  ) );
#4233 = ADVANCED_FACE('',(#4234),#658,.F.);
#4234 = FACE_BOUND('',#4235,.T.);
#4235 = EDGE_LOOP('',(#4236,#4264,#4265,#4266));
#4236 = ORIENTED_EDGE('',*,*,#4237,.T.);
#4237 = EDGE_CURVE('',#4238,#4139,#4240,.T.);
#4238 = VERTEX_POINT('',#4239);
#4239 = CARTESIAN_POINT('',(66.7,12.8,3.6));
#4240 = SURFACE_CURVE('',#4241,(#4246,#4253),.PCURVE_S1.);
#4241 = CIRCLE('',#4242,1.5);
#4242 = AXIS2_PLACEMENT_3D('',#4243,#4244,#4245);
#4243 = CARTESIAN_POINT('',(65.2,12.8,3.6));
#4244 = DIRECTION('',(-0.,-0.,-1.));
#4245 = DIRECTION('',(0.,-1.,0.));
#4246 = PCURVE('',#658,#4247);
#4247 = DEFINITIONAL_REPRESENTATION('',(#4248),#4252);
#4248 = LINE('',#4249,#4250);
#4249 = CARTESIAN_POINT('',(4.712388980385,-0.));
#4250 = VECTOR('',#4251,1.);
#4251 = DIRECTION('',(-1.,0.));
#4252 = ( GEOMETRIC_REPRESENTATION_CONTEXT(2) 
PARAMETRIC_REPRESENTATION_CONTEXT() REPRESENTATION_CONTEXT('2D SPACE',''
  ) );
#4253 = PCURVE('',#3776,#4254);
#4254 = DEFINITIONAL_REPRESENTATION('',(#4255),#4263);
#4255 = ( BOUNDED_CURVE() B_SPLINE_CURVE(2,(#4256,#4257,#4258,#4259,
#4260,#4261,#4262),.UNSPECIFIED.,.T.,.F.) B_SPLINE_CURVE_WITH_KNOTS((1,2
    ,2,2,2,1),(-2.094395102393,0.,2.094395102393,4.188790204786,
6.28318530718,8.377580409573),.UNSPECIFIED.) CURVE() 
GEOMETRIC_REPRESENTATION_ITEM() RATIONAL_B_SPLINE_CURVE((1.,0.5,1.,0.5,
1.,0.5,1.)) REPRESENTATION_ITEM('') );
#4256 = CARTESIAN_POINT('',(53.9,0.));
#4257 = CARTESIAN_POINT('',(51.301923788647,0.));
#4258 = CARTESIAN_POINT('',(52.600961894323,2.25));
#4259 = CARTESIAN_POINT('',(53.9,4.5));
#4260 = CARTESIAN_POINT('',(55.199038105677,2.25));
#4261 = CARTESIAN_POINT('',(56.498076211353,2.22044604925E-15));
#4262 = CARTESIAN_POINT('',(53.9,0.));
#4263 = ( GEOMETRIC_REPRESENTATION_CONTEXT(2) 
PARAMETRIC_REPRESENTATION_CONTEXT() REPRESENTATION_CONTEXT('2D SPACE',''
  ) );
#4264 = ORIENTED_EDGE('',*,*,#4163,.T.);
#4265 = ORIENTED_EDGE('',*,*,#637,.F.);
#4266 = ORIENTED_EDGE('',*,*,#4267,.F.);
#4267 = EDGE_CURVE('',#4238,#610,#4268,.T.);
#4268 = SURFACE_CURVE('',#4269,(#4273,#4280),.PCURVE_S1.);
#4269 = LINE('',#4270,#4271);
#4270 = CARTESIAN_POINT('',(66.7,12.8,3.6));
#4271 = VECTOR('',#4272,1.);
#4272 = DIRECTION('',(0.,0.,1.));
#4273 = PCURVE('',#658,#4274);
#4274 = DEFINITIONAL_REPRESENTATION('',(#4275),#4279);
#4275 = LINE('',#4276,#4277);
#4276 = CARTESIAN_POINT('',(-0.,0.));
#4277 = VECTOR('',#4278,1.);
#4278 = DIRECTION('',(-0.,1.));
#4279 = ( GEOMETRIC_REPRESENTATION_CONTEXT(2) 
PARAMETRIC_REPRESENTATION_CONTEXT() REPRESENTATION_CONTEXT('2D SPACE',''
  ) );
#4280 = PCURVE('',#625,#4281);
#4281 = DEFINITIONAL_REPRESENTATION('',(#4282),#4286);
#4282 = LINE('',#4283,#4284);
#4283 = CARTESIAN_POINT('',(0.,-1.5));
#4284 = VECTOR('',#4285,1.);
#4285 = DIRECTION('',(1.,0.));
#4286 = ( GEOMETRIC_REPRESENTATION_CONTEXT(2) 
PARAMETRIC_REPRESENTATION_CONTEXT() REPRESENTATION_CONTEXT('2D SPACE',''
  ) );
#4287 = ADVANCED_FACE('',(#4288),#625,.F.);
#4288 = FACE_BOUND('',#4289,.F.);
#4289 = EDGE_LOOP('',(#4290,#4291,#4292,#4313));
#4290 = ORIENTED_EDGE('',*,*,#609,.F.);
#4291 = ORIENTED_EDGE('',*,*,#4267,.F.);
#4292 = ORIENTED_EDGE('',*,*,#4293,.T.);
#4293 = EDGE_CURVE('',#4238,#4188,#4294,.T.);
#4294 = SURFACE_CURVE('',#4295,(#4299,#4306),.PCURVE_S1.);
#4295 = LINE('',#4296,#4297);
#4296 = CARTESIAN_POINT('',(66.7,11.3,3.6));
#4297 = VECTOR('',#4298,1.);
#4298 = DIRECTION('',(0.,1.,0.));
#4299 = PCURVE('',#625,#4300);
#4300 = DEFINITIONAL_REPRESENTATION('',(#4301),#4305);
#4301 = LINE('',#4302,#4303);
#4302 = CARTESIAN_POINT('',(0.,0.));
#4303 = VECTOR('',#4304,1.);
#4304 = DIRECTION('',(0.,-1.));
#4305 = ( GEOMETRIC_REPRESENTATION_CONTEXT(2) 
PARAMETRIC_REPRESENTATION_CONTEXT() REPRESENTATION_CONTEXT('2D SPACE',''
  ) );
#4306 = PCURVE('',#3776,#4307);
#4307 = DEFINITIONAL_REPRESENTATION('',(#4308),#4312);
#4308 = LINE('',#4309,#4310);
#4309 = CARTESIAN_POINT('',(55.4,0.));
#4310 = VECTOR('',#4311,1.);
#4311 = DIRECTION('',(0.,1.));
#4312 = ( GEOMETRIC_REPRESENTATION_CONTEXT(2) 
PARAMETRIC_REPRESENTATION_CONTEXT() REPRESENTATION_CONTEXT('2D SPACE',''
  ) );
#4313 = ORIENTED_EDGE('',*,*,#4213,.T.);
#4314 = ADVANCED_FACE('',(#4315),#776,.F.);
#4315 = FACE_BOUND('',#4316,.F.);
#4316 = EDGE_LOOP('',(#4317,#4347,#4368,#4369));
#4317 = ORIENTED_EDGE('',*,*,#4318,.F.);
#4318 = EDGE_CURVE('',#4319,#4321,#4323,.T.);
#4319 = VERTEX_POINT('',#4320);
#4320 = CARTESIAN_POINT('',(67.4,34.3,3.5));
#4321 = VERTEX_POINT('',#4322);
#4322 = CARTESIAN_POINT('',(67.4,43.7,3.5));
#4323 = SURFACE_CURVE('',#4324,(#4328,#4335),.PCURVE_S1.);
#4324 = LINE('',#4325,#4326);
#4325 = CARTESIAN_POINT('',(67.4,34.3,3.5));
#4326 = VECTOR('',#4327,1.);
#4327 = DIRECTION('',(1.110223024625E-16,1.,0.));
#4328 = PCURVE('',#776,#4329);
#4329 = DEFINITIONAL_REPRESENTATION('',(#4330),#4334);
#4330 = LINE('',#4331,#4332);
#4331 = CARTESIAN_POINT('',(0.,0.));
#4332 = VECTOR('',#4333,1.);
#4333 = DIRECTION('',(1.,0.));
#4334 = ( GEOMETRIC_REPRESENTATION_CONTEXT(2) 
PARAMETRIC_REPRESENTATION_CONTEXT() REPRESENTATION_CONTEXT('2D SPACE',''
  ) );
#4335 = PCURVE('',#4336,#4341);
#4336 = PLANE('',#4337);
#4337 = AXIS2_PLACEMENT_3D('',#4338,#4339,#4340);
#4338 = CARTESIAN_POINT('',(72.,39.,3.5));
#4339 = DIRECTION('',(-0.,-0.,-1.));
#4340 = DIRECTION('',(-1.,0.,0.));
#4341 = DEFINITIONAL_REPRESENTATION('',(#4342),#4346);
#4342 = LINE('',#4343,#4344);
#4343 = CARTESIAN_POINT('',(4.6,-4.7));
#4344 = VECTOR('',#4345,1.);
#4345 = DIRECTION('',(-1.110223024625E-16,1.));
#4346 = ( GEOMETRIC_REPRESENTATION_CONTEXT(2) 
PARAMETRIC_REPRESENTATION_CONTEXT() REPRESENTATION_CONTEXT('2D SPACE',''
  ) );
#4347 = ORIENTED_EDGE('',*,*,#4348,.T.);
#4348 = EDGE_CURVE('',#4319,#762,#4349,.T.);
#4349 = SURFACE_CURVE('',#4350,(#4354,#4361),.PCURVE_S1.);
#4350 = LINE('',#4351,#4352);
#4351 = CARTESIAN_POINT('',(67.4,34.3,3.5));
#4352 = VECTOR('',#4353,1.);
#4353 = DIRECTION('',(0.,0.,1.));
#4354 = PCURVE('',#776,#4355);
#4355 = DEFINITIONAL_REPRESENTATION('',(#4356),#4360);
#4356 = LINE('',#4357,#4358);
#4357 = CARTESIAN_POINT('',(0.,0.));
#4358 = VECTOR('',#4359,1.);
#4359 = DIRECTION('',(0.,-1.));
#4360 = ( GEOMETRIC_REPRESENTATION_CONTEXT(2) 
PARAMETRIC_REPRESENTATION_CONTEXT() REPRESENTATION_CONTEXT('2D SPACE',''
  ) );
#4361 = PCURVE('',#865,#4362);
#4362 = DEFINITIONAL_REPRESENTATION('',(#4363),#4367);
#4363 = LINE('',#4364,#4365);
#4364 = CARTESIAN_POINT('',(3.14159265359,0.));
#4365 = VECTOR('',#4366,1.);
#4366 = DIRECTION('',(0.,-1.));
#4367 = ( GEOMETRIC_REPRESENTATION_CONTEXT(2) 
PARAMETRIC_REPRESENTATION_CONTEXT() REPRESENTATION_CONTEXT('2D SPACE',''
  ) );
#4368 = ORIENTED_EDGE('',*,*,#759,.F.);
#4369 = ORIENTED_EDGE('',*,*,#4370,.F.);
#4370 = EDGE_CURVE('',#4321,#760,#4371,.T.);
#4371 = SURFACE_CURVE('',#4372,(#4376,#4383),.PCURVE_S1.);
#4372 = LINE('',#4373,#4374);
#4373 = CARTESIAN_POINT('',(67.4,43.7,3.5));
#4374 = VECTOR('',#4375,1.);
#4375 = DIRECTION('',(0.,0.,1.));
#4376 = PCURVE('',#776,#4377);
#4377 = DEFINITIONAL_REPRESENTATION('',(#4378),#4382);
#4378 = LINE('',#4379,#4380);
#4379 = CARTESIAN_POINT('',(9.4,0.));
#4380 = VECTOR('',#4381,1.);
#4381 = DIRECTION('',(0.,-1.));
#4382 = ( GEOMETRIC_REPRESENTATION_CONTEXT(2) 
PARAMETRIC_REPRESENTATION_CONTEXT() REPRESENTATION_CONTEXT('2D SPACE',''
  ) );
#4383 = PCURVE('',#808,#4384);
#4384 = DEFINITIONAL_REPRESENTATION('',(#4385),#4389);
#4385 = LINE('',#4386,#4387);
#4386 = CARTESIAN_POINT('',(0.,0.));
#4387 = VECTOR('',#4388,1.);
#4388 = DIRECTION('',(0.,-1.));
#4389 = ( GEOMETRIC_REPRESENTATION_CONTEXT(2) 
PARAMETRIC_REPRESENTATION_CONTEXT() REPRESENTATION_CONTEXT('2D SPACE',''
  ) );
#4390 = ADVANCED_FACE('',(#4391),#808,.F.);
#4391 = FACE_BOUND('',#4392,.F.);
#4392 = EDGE_LOOP('',(#4393,#4417,#4418,#4419));
#4393 = ORIENTED_EDGE('',*,*,#4394,.F.);
#4394 = EDGE_CURVE('',#4321,#4395,#4397,.T.);
#4395 = VERTEX_POINT('',#4396);
#4396 = CARTESIAN_POINT('',(76.6,43.7,3.5));
#4397 = SURFACE_CURVE('',#4398,(#4403,#4410),.PCURVE_S1.);
#4398 = CIRCLE('',#4399,4.6);
#4399 = AXIS2_PLACEMENT_3D('',#4400,#4401,#4402);
#4400 = CARTESIAN_POINT('',(72.,43.7,3.5));
#4401 = DIRECTION('',(0.,0.,-1.));
#4402 = DIRECTION('',(-1.,1.110223024625E-16,0.));
#4403 = PCURVE('',#808,#4404);
#4404 = DEFINITIONAL_REPRESENTATION('',(#4405),#4409);
#4405 = LINE('',#4406,#4407);
#4406 = CARTESIAN_POINT('',(0.,0.));
#4407 = VECTOR('',#4408,1.);
#4408 = DIRECTION('',(1.,0.));
#4409 = ( GEOMETRIC_REPRESENTATION_CONTEXT(2) 
PARAMETRIC_REPRESENTATION_CONTEXT() REPRESENTATION_CONTEXT('2D SPACE',''
  ) );
#4410 = PCURVE('',#4336,#4411);
#4411 = DEFINITIONAL_REPRESENTATION('',(#4412),#4416);
#4412 = CIRCLE('',#4413,4.6);
#4413 = AXIS2_PLACEMENT_2D('',#4414,#4415);
#4414 = CARTESIAN_POINT('',(1.42108547152E-14,4.7));
#4415 = DIRECTION('',(1.,1.110223024625E-16));
#4416 = ( GEOMETRIC_REPRESENTATION_CONTEXT(2) 
PARAMETRIC_REPRESENTATION_CONTEXT() REPRESENTATION_CONTEXT('2D SPACE',''
  ) );
#4417 = ORIENTED_EDGE('',*,*,#4370,.T.);
#4418 = ORIENTED_EDGE('',*,*,#787,.T.);
#4419 = ORIENTED_EDGE('',*,*,#4420,.F.);
#4420 = EDGE_CURVE('',#4395,#788,#4421,.T.);
#4421 = SURFACE_CURVE('',#4422,(#4426,#4433),.PCURVE_S1.);
#4422 = LINE('',#4423,#4424);
#4423 = CARTESIAN_POINT('',(76.6,43.7,3.5));
#4424 = VECTOR('',#4425,1.);
#4425 = DIRECTION('',(0.,0.,1.));
#4426 = PCURVE('',#808,#4427);
#4427 = DEFINITIONAL_REPRESENTATION('',(#4428),#4432);
#4428 = LINE('',#4429,#4430);
#4429 = CARTESIAN_POINT('',(3.14159265359,0.));
#4430 = VECTOR('',#4431,1.);
#4431 = DIRECTION('',(0.,-1.));
#4432 = ( GEOMETRIC_REPRESENTATION_CONTEXT(2) 
PARAMETRIC_REPRESENTATION_CONTEXT() REPRESENTATION_CONTEXT('2D SPACE',''
  ) );
#4433 = PCURVE('',#835,#4434);
#4434 = DEFINITIONAL_REPRESENTATION('',(#4435),#4439);
#4435 = LINE('',#4436,#4437);
#4436 = CARTESIAN_POINT('',(0.,0.));
#4437 = VECTOR('',#4438,1.);
#4438 = DIRECTION('',(0.,-1.));
#4439 = ( GEOMETRIC_REPRESENTATION_CONTEXT(2) 
PARAMETRIC_REPRESENTATION_CONTEXT() REPRESENTATION_CONTEXT('2D SPACE',''
  ) );
#4440 = ADVANCED_FACE('',(#4441),#865,.F.);
#4441 = FACE_BOUND('',#4442,.F.);
#4442 = EDGE_LOOP('',(#4443,#4467,#4488,#4489));
#4443 = ORIENTED_EDGE('',*,*,#4444,.F.);
#4444 = EDGE_CURVE('',#4445,#4319,#4447,.T.);
#4445 = VERTEX_POINT('',#4446);
#4446 = CARTESIAN_POINT('',(76.6,34.3,3.5));
#4447 = SURFACE_CURVE('',#4448,(#4453,#4460),.PCURVE_S1.);
#4448 = CIRCLE('',#4449,4.6);
#4449 = AXIS2_PLACEMENT_3D('',#4450,#4451,#4452);
#4450 = CARTESIAN_POINT('',(72.,34.3,3.5));
#4451 = DIRECTION('',(0.,-0.,-1.));
#4452 = DIRECTION('',(1.,-1.110223024625E-16,0.));
#4453 = PCURVE('',#865,#4454);
#4454 = DEFINITIONAL_REPRESENTATION('',(#4455),#4459);
#4455 = LINE('',#4456,#4457);
#4456 = CARTESIAN_POINT('',(0.,0.));
#4457 = VECTOR('',#4458,1.);
#4458 = DIRECTION('',(1.,0.));
#4459 = ( GEOMETRIC_REPRESENTATION_CONTEXT(2) 
PARAMETRIC_REPRESENTATION_CONTEXT() REPRESENTATION_CONTEXT('2D SPACE',''
  ) );
#4460 = PCURVE('',#4336,#4461);
#4461 = DEFINITIONAL_REPRESENTATION('',(#4462),#4466);
#4462 = CIRCLE('',#4463,4.6);
#4463 = AXIS2_PLACEMENT_2D('',#4464,#4465);
#4464 = CARTESIAN_POINT('',(1.42108547152E-14,-4.7));
#4465 = DIRECTION('',(-1.,-1.110223024625E-16));
#4466 = ( GEOMETRIC_REPRESENTATION_CONTEXT(2) 
PARAMETRIC_REPRESENTATION_CONTEXT() REPRESENTATION_CONTEXT('2D SPACE',''
  ) );
#4467 = ORIENTED_EDGE('',*,*,#4468,.T.);
#4468 = EDGE_CURVE('',#4445,#821,#4469,.T.);
#4469 = SURFACE_CURVE('',#4470,(#4474,#4481),.PCURVE_S1.);
#4470 = LINE('',#4471,#4472);
#4471 = CARTESIAN_POINT('',(76.6,34.3,3.5));
#4472 = VECTOR('',#4473,1.);
#4473 = DIRECTION('',(0.,0.,1.));
#4474 = PCURVE('',#865,#4475);
#4475 = DEFINITIONAL_REPRESENTATION('',(#4476),#4480);
#4476 = LINE('',#4477,#4478);
#4477 = CARTESIAN_POINT('',(0.,0.));
#4478 = VECTOR('',#4479,1.);
#4479 = DIRECTION('',(0.,-1.));
#4480 = ( GEOMETRIC_REPRESENTATION_CONTEXT(2) 
PARAMETRIC_REPRESENTATION_CONTEXT() REPRESENTATION_CONTEXT('2D SPACE',''
  ) );
#4481 = PCURVE('',#835,#4482);
#4482 = DEFINITIONAL_REPRESENTATION('',(#4483),#4487);
#4483 = LINE('',#4484,#4485);
#4484 = CARTESIAN_POINT('',(9.4,0.));
#4485 = VECTOR('',#4486,1.);
#4486 = DIRECTION('',(0.,-1.));
#4487 = ( GEOMETRIC_REPRESENTATION_CONTEXT(2) 
PARAMETRIC_REPRESENTATION_CONTEXT() REPRESENTATION_CONTEXT('2D SPACE',''
  ) );
#4488 = ORIENTED_EDGE('',*,*,#846,.T.);
#4489 = ORIENTED_EDGE('',*,*,#4348,.F.);
#4490 = ADVANCED_FACE('',(#4491),#835,.F.);
#4491 = FACE_BOUND('',#4492,.F.);
#4492 = EDGE_LOOP('',(#4493,#4514,#4515,#4516));
#4493 = ORIENTED_EDGE('',*,*,#4494,.F.);
#4494 = EDGE_CURVE('',#4395,#4445,#4495,.T.);
#4495 = SURFACE_CURVE('',#4496,(#4500,#4507),.PCURVE_S1.);
#4496 = LINE('',#4497,#4498);
#4497 = CARTESIAN_POINT('',(76.6,43.7,3.5));
#4498 = VECTOR('',#4499,1.);
#4499 = DIRECTION('',(-1.110223024625E-16,-1.,0.));
#4500 = PCURVE('',#835,#4501);
#4501 = DEFINITIONAL_REPRESENTATION('',(#4502),#4506);
#4502 = LINE('',#4503,#4504);
#4503 = CARTESIAN_POINT('',(0.,0.));
#4504 = VECTOR('',#4505,1.);
#4505 = DIRECTION('',(1.,0.));
#4506 = ( GEOMETRIC_REPRESENTATION_CONTEXT(2) 
PARAMETRIC_REPRESENTATION_CONTEXT() REPRESENTATION_CONTEXT('2D SPACE',''
  ) );
#4507 = PCURVE('',#4336,#4508);
#4508 = DEFINITIONAL_REPRESENTATION('',(#4509),#4513);
#4509 = LINE('',#4510,#4511);
#4510 = CARTESIAN_POINT('',(-4.6,4.7));
#4511 = VECTOR('',#4512,1.);
#4512 = DIRECTION('',(1.110223024625E-16,-1.));
#4513 = ( GEOMETRIC_REPRESENTATION_CONTEXT(2) 
PARAMETRIC_REPRESENTATION_CONTEXT() REPRESENTATION_CONTEXT('2D SPACE',''
  ) );
#4514 = ORIENTED_EDGE('',*,*,#4420,.T.);
#4515 = ORIENTED_EDGE('',*,*,#820,.F.);
#4516 = ORIENTED_EDGE('',*,*,#4468,.F.);
#4517 = ADVANCED_FACE('',(#4518),#896,.F.);
#4518 = FACE_BOUND('',#4519,.F.);
#4519 = EDGE_LOOP('',(#4520,#4550,#4571,#4572));
#4520 = ORIENTED_EDGE('',*,*,#4521,.F.);
#4521 = EDGE_CURVE('',#4522,#4524,#4526,.T.);
#4522 = VERTEX_POINT('',#4523);
#4523 = CARTESIAN_POINT('',(35.207421875,72.27509765625,3.65));
#4524 = VERTEX_POINT('',#4525);
#4525 = CARTESIAN_POINT('',(34.9421875,72.27509765625,3.65));
#4526 = SURFACE_CURVE('',#4527,(#4531,#4538),.PCURVE_S1.);
#4527 = LINE('',#4528,#4529);
#4528 = CARTESIAN_POINT('',(35.207421875,72.27509765625,3.65));
#4529 = VECTOR('',#4530,1.);
#4530 = DIRECTION('',(-1.,0.,0.));
#4531 = PCURVE('',#896,#4532);
#4532 = DEFINITIONAL_REPRESENTATION('',(#4533),#4537);
#4533 = LINE('',#4534,#4535);
#4534 = CARTESIAN_POINT('',(0.,-0.));
#4535 = VECTOR('',#4536,1.);
#4536 = DIRECTION('',(1.,0.));
#4537 = ( GEOMETRIC_REPRESENTATION_CONTEXT(2) 
PARAMETRIC_REPRESENTATION_CONTEXT() REPRESENTATION_CONTEXT('2D SPACE',''
  ) );
#4538 = PCURVE('',#4539,#4544);
#4539 = PLANE('',#4540);
#4540 = AXIS2_PLACEMENT_3D('',#4541,#4542,#4543);
#4541 = CARTESIAN_POINT('',(34.6810546875,72.27509765625,3.65));
#4542 = DIRECTION('',(0.,0.,1.));
#4543 = DIRECTION('',(1.,0.,0.));
#4544 = DEFINITIONAL_REPRESENTATION('',(#4545),#4549);
#4545 = LINE('',#4546,#4547);
#4546 = CARTESIAN_POINT('',(0.5263671875,0.));
#4547 = VECTOR('',#4548,1.);
#4548 = DIRECTION('',(-1.,0.));
#4549 = ( GEOMETRIC_REPRESENTATION_CONTEXT(2) 
PARAMETRIC_REPRESENTATION_CONTEXT() REPRESENTATION_CONTEXT('2D SPACE',''
  ) );
#4550 = ORIENTED_EDGE('',*,*,#4551,.T.);
#4551 = EDGE_CURVE('',#4522,#882,#4552,.T.);
#4552 = SURFACE_CURVE('',#4553,(#4557,#4564),.PCURVE_S1.);
#4553 = LINE('',#4554,#4555);
#4554 = CARTESIAN_POINT('',(35.207421875,72.27509765625,3.65));
#4555 = VECTOR('',#4556,1.);
#4556 = DIRECTION('',(0.,0.,1.));
#4557 = PCURVE('',#896,#4558);
#4558 = DEFINITIONAL_REPRESENTATION('',(#4559),#4563);
#4559 = LINE('',#4560,#4561);
#4560 = CARTESIAN_POINT('',(0.,-0.));
#4561 = VECTOR('',#4562,1.);
#4562 = DIRECTION('',(0.,-1.));
#4563 = ( GEOMETRIC_REPRESENTATION_CONTEXT(2) 
PARAMETRIC_REPRESENTATION_CONTEXT() REPRESENTATION_CONTEXT('2D SPACE',''
  ) );
#4564 = PCURVE('',#972,#4565);
#4565 = DEFINITIONAL_REPRESENTATION('',(#4566),#4570);
#4566 = LINE('',#4567,#4568);
#4567 = CARTESIAN_POINT('',(2.004296875,0.));
#4568 = VECTOR('',#4569,1.);
#4569 = DIRECTION('',(0.,-1.));
#4570 = ( GEOMETRIC_REPRESENTATION_CONTEXT(2) 
PARAMETRIC_REPRESENTATION_CONTEXT() REPRESENTATION_CONTEXT('2D SPACE',''
  ) );
#4571 = ORIENTED_EDGE('',*,*,#879,.F.);
#4572 = ORIENTED_EDGE('',*,*,#4573,.F.);
#4573 = EDGE_CURVE('',#4524,#880,#4574,.T.);
#4574 = SURFACE_CURVE('',#4575,(#4579,#4586),.PCURVE_S1.);
#4575 = LINE('',#4576,#4577);
#4576 = CARTESIAN_POINT('',(34.9421875,72.27509765625,3.65));
#4577 = VECTOR('',#4578,1.);
#4578 = DIRECTION('',(0.,0.,1.));
#4579 = PCURVE('',#896,#4580);
#4580 = DEFINITIONAL_REPRESENTATION('',(#4581),#4585);
#4581 = LINE('',#4582,#4583);
#4582 = CARTESIAN_POINT('',(0.265234375,0.));
#4583 = VECTOR('',#4584,1.);
#4584 = DIRECTION('',(0.,-1.));
#4585 = ( GEOMETRIC_REPRESENTATION_CONTEXT(2) 
PARAMETRIC_REPRESENTATION_CONTEXT() REPRESENTATION_CONTEXT('2D SPACE',''
  ) );
#4586 = PCURVE('',#922,#4587);
#4587 = DEFINITIONAL_REPRESENTATION('',(#4588),#4592);
#4588 = LINE('',#4589,#4590);
#4589 = CARTESIAN_POINT('',(0.,0.));
#4590 = VECTOR('',#4591,1.);
#4591 = DIRECTION('',(0.,-1.));
#4592 = ( GEOMETRIC_REPRESENTATION_CONTEXT(2) 
PARAMETRIC_REPRESENTATION_CONTEXT() REPRESENTATION_CONTEXT('2D SPACE',''
  ) );
#4593 = ADVANCED_FACE('',(#4594),#972,.F.);
#4594 = FACE_BOUND('',#4595,.F.);
#4595 = EDGE_LOOP('',(#4596,#4619,#4640,#4641));
#4596 = ORIENTED_EDGE('',*,*,#4597,.F.);
#4597 = EDGE_CURVE('',#4598,#4522,#4600,.T.);
#4598 = VERTEX_POINT('',#4599);
#4599 = CARTESIAN_POINT('',(35.207421875,74.27939453125,3.65));
#4600 = SURFACE_CURVE('',#4601,(#4605,#4612),.PCURVE_S1.);
#4601 = LINE('',#4602,#4603);
#4602 = CARTESIAN_POINT('',(35.207421875,74.27939453125,3.65));
#4603 = VECTOR('',#4604,1.);
#4604 = DIRECTION('',(0.,-1.,0.));
#4605 = PCURVE('',#972,#4606);
#4606 = DEFINITIONAL_REPRESENTATION('',(#4607),#4611);
#4607 = LINE('',#4608,#4609);
#4608 = CARTESIAN_POINT('',(0.,0.));
#4609 = VECTOR('',#4610,1.);
#4610 = DIRECTION('',(1.,0.));
#4611 = ( GEOMETRIC_REPRESENTATION_CONTEXT(2) 
PARAMETRIC_REPRESENTATION_CONTEXT() REPRESENTATION_CONTEXT('2D SPACE',''
  ) );
#4612 = PCURVE('',#4539,#4613);
#4613 = DEFINITIONAL_REPRESENTATION('',(#4614),#4618);
#4614 = LINE('',#4615,#4616);
#4615 = CARTESIAN_POINT('',(0.5263671875,2.004296875));
#4616 = VECTOR('',#4617,1.);
#4617 = DIRECTION('',(0.,-1.));
#4618 = ( GEOMETRIC_REPRESENTATION_CONTEXT(2) 
PARAMETRIC_REPRESENTATION_CONTEXT() REPRESENTATION_CONTEXT('2D SPACE',''
  ) );
#4619 = ORIENTED_EDGE('',*,*,#4620,.T.);
#4620 = EDGE_CURVE('',#4598,#934,#4621,.T.);
#4621 = SURFACE_CURVE('',#4622,(#4626,#4633),.PCURVE_S1.);
#4622 = LINE('',#4623,#4624);
#4623 = CARTESIAN_POINT('',(35.207421875,74.27939453125,3.65));
#4624 = VECTOR('',#4625,1.);
#4625 = DIRECTION('',(0.,0.,1.));
#4626 = PCURVE('',#972,#4627);
#4627 = DEFINITIONAL_REPRESENTATION('',(#4628),#4632);
#4628 = LINE('',#4629,#4630);
#4629 = CARTESIAN_POINT('',(0.,0.));
#4630 = VECTOR('',#4631,1.);
#4631 = DIRECTION('',(0.,-1.));
#4632 = ( GEOMETRIC_REPRESENTATION_CONTEXT(2) 
PARAMETRIC_REPRESENTATION_CONTEXT() REPRESENTATION_CONTEXT('2D SPACE',''
  ) );
#4633 = PCURVE('',#948,#4634);
#4634 = DEFINITIONAL_REPRESENTATION('',(#4635),#4639);
#4635 = LINE('',#4636,#4637);
#4636 = CARTESIAN_POINT('',(0.265234375,0.));
#4637 = VECTOR('',#4638,1.);
#4638 = DIRECTION('',(0.,-1.));
#4639 = ( GEOMETRIC_REPRESENTATION_CONTEXT(2) 
PARAMETRIC_REPRESENTATION_CONTEXT() REPRESENTATION_CONTEXT('2D SPACE',''
  ) );
#4640 = ORIENTED_EDGE('',*,*,#959,.F.);
#4641 = ORIENTED_EDGE('',*,*,#4551,.F.);
#4642 = ADVANCED_FACE('',(#4643),#948,.F.);
#4643 = FACE_BOUND('',#4644,.F.);
#4644 = EDGE_LOOP('',(#4645,#4668,#4689,#4690));
#4645 = ORIENTED_EDGE('',*,*,#4646,.F.);
#4646 = EDGE_CURVE('',#4647,#4598,#4649,.T.);
#4647 = VERTEX_POINT('',#4648);
#4648 = CARTESIAN_POINT('',(34.9421875,74.27939453125,3.65));
#4649 = SURFACE_CURVE('',#4650,(#4654,#4661),.PCURVE_S1.);
#4650 = LINE('',#4651,#4652);
#4651 = CARTESIAN_POINT('',(34.9421875,74.27939453125,3.65));
#4652 = VECTOR('',#4653,1.);
#4653 = DIRECTION('',(1.,0.,0.));
#4654 = PCURVE('',#948,#4655);
#4655 = DEFINITIONAL_REPRESENTATION('',(#4656),#4660);
#4656 = LINE('',#4657,#4658);
#4657 = CARTESIAN_POINT('',(0.,0.));
#4658 = VECTOR('',#4659,1.);
#4659 = DIRECTION('',(1.,0.));
#4660 = ( GEOMETRIC_REPRESENTATION_CONTEXT(2) 
PARAMETRIC_REPRESENTATION_CONTEXT() REPRESENTATION_CONTEXT('2D SPACE',''
  ) );
#4661 = PCURVE('',#4539,#4662);
#4662 = DEFINITIONAL_REPRESENTATION('',(#4663),#4667);
#4663 = LINE('',#4664,#4665);
#4664 = CARTESIAN_POINT('',(0.2611328125,2.004296875));
#4665 = VECTOR('',#4666,1.);
#4666 = DIRECTION('',(1.,0.));
#4667 = ( GEOMETRIC_REPRESENTATION_CONTEXT(2) 
PARAMETRIC_REPRESENTATION_CONTEXT() REPRESENTATION_CONTEXT('2D SPACE',''
  ) );
#4668 = ORIENTED_EDGE('',*,*,#4669,.T.);
#4669 = EDGE_CURVE('',#4647,#908,#4670,.T.);
#4670 = SURFACE_CURVE('',#4671,(#4675,#4682),.PCURVE_S1.);
#4671 = LINE('',#4672,#4673);
#4672 = CARTESIAN_POINT('',(34.9421875,74.27939453125,3.65));
#4673 = VECTOR('',#4674,1.);
#4674 = DIRECTION('',(0.,0.,1.));
#4675 = PCURVE('',#948,#4676);
#4676 = DEFINITIONAL_REPRESENTATION('',(#4677),#4681);
#4677 = LINE('',#4678,#4679);
#4678 = CARTESIAN_POINT('',(0.,0.));
#4679 = VECTOR('',#4680,1.);
#4680 = DIRECTION('',(0.,-1.));
#4681 = ( GEOMETRIC_REPRESENTATION_CONTEXT(2) 
PARAMETRIC_REPRESENTATION_CONTEXT() REPRESENTATION_CONTEXT('2D SPACE',''
  ) );
#4682 = PCURVE('',#922,#4683);
#4683 = DEFINITIONAL_REPRESENTATION('',(#4684),#4688);
#4684 = LINE('',#4685,#4686);
#4685 = CARTESIAN_POINT('',(2.004296875,0.));
#4686 = VECTOR('',#4687,1.);
#4687 = DIRECTION('',(0.,-1.));
#4688 = ( GEOMETRIC_REPRESENTATION_CONTEXT(2) 
PARAMETRIC_REPRESENTATION_CONTEXT() REPRESENTATION_CONTEXT('2D SPACE',''
  ) );
#4689 = ORIENTED_EDGE('',*,*,#933,.F.);
#4690 = ORIENTED_EDGE('',*,*,#4620,.F.);
#4691 = ADVANCED_FACE('',(#4692),#922,.F.);
#4692 = FACE_BOUND('',#4693,.F.);
#4693 = EDGE_LOOP('',(#4694,#4715,#4716,#4717));
#4694 = ORIENTED_EDGE('',*,*,#4695,.F.);
#4695 = EDGE_CURVE('',#4524,#4647,#4696,.T.);
#4696 = SURFACE_CURVE('',#4697,(#4701,#4708),.PCURVE_S1.);
#4697 = LINE('',#4698,#4699);
#4698 = CARTESIAN_POINT('',(34.9421875,72.27509765625,3.65));
#4699 = VECTOR('',#4700,1.);
#4700 = DIRECTION('',(0.,1.,0.));
#4701 = PCURVE('',#922,#4702);
#4702 = DEFINITIONAL_REPRESENTATION('',(#4703),#4707);
#4703 = LINE('',#4704,#4705);
#4704 = CARTESIAN_POINT('',(0.,0.));
#4705 = VECTOR('',#4706,1.);
#4706 = DIRECTION('',(1.,0.));
#4707 = ( GEOMETRIC_REPRESENTATION_CONTEXT(2) 
PARAMETRIC_REPRESENTATION_CONTEXT() REPRESENTATION_CONTEXT('2D SPACE',''
  ) );
#4708 = PCURVE('',#4539,#4709);
#4709 = DEFINITIONAL_REPRESENTATION('',(#4710),#4714);
#4710 = LINE('',#4711,#4712);
#4711 = CARTESIAN_POINT('',(0.2611328125,0.));
#4712 = VECTOR('',#4713,1.);
#4713 = DIRECTION('',(0.,1.));
#4714 = ( GEOMETRIC_REPRESENTATION_CONTEXT(2) 
PARAMETRIC_REPRESENTATION_CONTEXT() REPRESENTATION_CONTEXT('2D SPACE',''
  ) );
#4715 = ORIENTED_EDGE('',*,*,#4573,.T.);
#4716 = ORIENTED_EDGE('',*,*,#907,.F.);
#4717 = ORIENTED_EDGE('',*,*,#4669,.F.);
#4718 = ADVANCED_FACE('',(#4719),#1002,.F.);
#4719 = FACE_BOUND('',#4720,.F.);
#4720 = EDGE_LOOP('',(#4721,#4751,#4772,#4773));
#4721 = ORIENTED_EDGE('',*,*,#4722,.F.);
#4722 = EDGE_CURVE('',#4723,#4725,#4727,.T.);
#4723 = VERTEX_POINT('',#4724);
#4724 = CARTESIAN_POINT('',(36.3982421875,72.27509765625,3.65));
#4725 = VERTEX_POINT('',#4726);
#4726 = CARTESIAN_POINT('',(35.675,72.27509765625,3.65));
#4727 = SURFACE_CURVE('',#4728,(#4732,#4739),.PCURVE_S1.);
#4728 = LINE('',#4729,#4730);
#4729 = CARTESIAN_POINT('',(36.3982421875,72.27509765625,3.65));
#4730 = VECTOR('',#4731,1.);
#4731 = DIRECTION('',(-1.,0.,0.));
#4732 = PCURVE('',#1002,#4733);
#4733 = DEFINITIONAL_REPRESENTATION('',(#4734),#4738);
#4734 = LINE('',#4735,#4736);
#4735 = CARTESIAN_POINT('',(0.,-0.));
#4736 = VECTOR('',#4737,1.);
#4737 = DIRECTION('',(1.,0.));
#4738 = ( GEOMETRIC_REPRESENTATION_CONTEXT(2) 
PARAMETRIC_REPRESENTATION_CONTEXT() REPRESENTATION_CONTEXT('2D SPACE',''
  ) );
#4739 = PCURVE('',#4740,#4745);
#4740 = PLANE('',#4741);
#4741 = AXIS2_PLACEMENT_3D('',#4742,#4743,#4744);
#4742 = CARTESIAN_POINT('',(35.458984375,72.27509765625,3.65));
#4743 = DIRECTION('',(0.,0.,1.));
#4744 = DIRECTION('',(1.,0.,0.));
#4745 = DEFINITIONAL_REPRESENTATION('',(#4746),#4750);
#4746 = LINE('',#4747,#4748);
#4747 = CARTESIAN_POINT('',(0.9392578125,0.));
#4748 = VECTOR('',#4749,1.);
#4749 = DIRECTION('',(-1.,0.));
#4750 = ( GEOMETRIC_REPRESENTATION_CONTEXT(2) 
PARAMETRIC_REPRESENTATION_CONTEXT() REPRESENTATION_CONTEXT('2D SPACE',''
  ) );
#4751 = ORIENTED_EDGE('',*,*,#4752,.T.);
#4752 = EDGE_CURVE('',#4723,#988,#4753,.T.);
#4753 = SURFACE_CURVE('',#4754,(#4758,#4765),.PCURVE_S1.);
#4754 = LINE('',#4755,#4756);
#4755 = CARTESIAN_POINT('',(36.3982421875,72.27509765625,3.65));
#4756 = VECTOR('',#4757,1.);
#4757 = DIRECTION('',(0.,0.,1.));
#4758 = PCURVE('',#1002,#4759);
#4759 = DEFINITIONAL_REPRESENTATION('',(#4760),#4764);
#4760 = LINE('',#4761,#4762);
#4761 = CARTESIAN_POINT('',(0.,-0.));
#4762 = VECTOR('',#4763,1.);
#4763 = DIRECTION('',(0.,-1.));
#4764 = ( GEOMETRIC_REPRESENTATION_CONTEXT(2) 
PARAMETRIC_REPRESENTATION_CONTEXT() REPRESENTATION_CONTEXT('2D SPACE',''
  ) );
#4765 = PCURVE('',#1406,#4766);
#4766 = DEFINITIONAL_REPRESENTATION('',(#4767),#4771);
#4767 = LINE('',#4768,#4769);
#4768 = CARTESIAN_POINT('',(1.,0.));
#4769 = VECTOR('',#4770,1.);
#4770 = DIRECTION('',(0.,-1.));
#4771 = ( GEOMETRIC_REPRESENTATION_CONTEXT(2) 
PARAMETRIC_REPRESENTATION_CONTEXT() REPRESENTATION_CONTEXT('2D SPACE',''
  ) );
#4772 = ORIENTED_EDGE('',*,*,#985,.F.);
#4773 = ORIENTED_EDGE('',*,*,#4774,.F.);
#4774 = EDGE_CURVE('',#4725,#986,#4775,.T.);
#4775 = SURFACE_CURVE('',#4776,(#4780,#4787),.PCURVE_S1.);
#4776 = LINE('',#4777,#4778);
#4777 = CARTESIAN_POINT('',(35.675,72.27509765625,3.65));
#4778 = VECTOR('',#4779,1.);
#4779 = DIRECTION('',(0.,0.,1.));
#4780 = PCURVE('',#1002,#4781);
#4781 = DEFINITIONAL_REPRESENTATION('',(#4782),#4786);
#4782 = LINE('',#4783,#4784);
#4783 = CARTESIAN_POINT('',(0.7232421875,0.));
#4784 = VECTOR('',#4785,1.);
#4785 = DIRECTION('',(0.,-1.));
#4786 = ( GEOMETRIC_REPRESENTATION_CONTEXT(2) 
PARAMETRIC_REPRESENTATION_CONTEXT() REPRESENTATION_CONTEXT('2D SPACE',''
  ) );
#4787 = PCURVE('',#1028,#4788);
#4788 = DEFINITIONAL_REPRESENTATION('',(#4789),#4793);
#4789 = LINE('',#4790,#4791);
#4790 = CARTESIAN_POINT('',(0.,0.));
#4791 = VECTOR('',#4792,1.);
#4792 = DIRECTION('',(0.,-1.));
#4793 = ( GEOMETRIC_REPRESENTATION_CONTEXT(2) 
PARAMETRIC_REPRESENTATION_CONTEXT() REPRESENTATION_CONTEXT('2D SPACE',''
  ) );
#4794 = ADVANCED_FACE('',(#4795),#1406,.F.);
#4795 = FACE_BOUND('',#4796,.F.);
#4796 = EDGE_LOOP('',(#4797,#4820,#4841,#4842));
#4797 = ORIENTED_EDGE('',*,*,#4798,.F.);
#4798 = EDGE_CURVE('',#4799,#4723,#4801,.T.);
#4799 = VERTEX_POINT('',#4800);
#4800 = CARTESIAN_POINT('',(36.72021484375,72.30927734375,3.65));
#4801 = SURFACE_CURVE('',#4802,(#4806,#4813),.PCURVE_S1.);
#4802 = B_SPLINE_CURVE_WITH_KNOTS('',2,(#4803,#4804,#4805),
  .UNSPECIFIED.,.F.,.F.,(3,3),(0.,1.),.PIECEWISE_BEZIER_KNOTS.);
#4803 = CARTESIAN_POINT('',(36.72021484375,72.30927734375,3.65));
#4804 = CARTESIAN_POINT('',(36.580078125,72.27509765625,3.65));
#4805 = CARTESIAN_POINT('',(36.3982421875,72.27509765625,3.65));
#4806 = PCURVE('',#1406,#4807);
#4807 = DEFINITIONAL_REPRESENTATION('',(#4808),#4812);
#4808 = LINE('',#4809,#4810);
#4809 = CARTESIAN_POINT('',(0.,0.));
#4810 = VECTOR('',#4811,1.);
#4811 = DIRECTION('',(1.,0.));
#4812 = ( GEOMETRIC_REPRESENTATION_CONTEXT(2) 
PARAMETRIC_REPRESENTATION_CONTEXT() REPRESENTATION_CONTEXT('2D SPACE',''
  ) );
#4813 = PCURVE('',#4740,#4814);
#4814 = DEFINITIONAL_REPRESENTATION('',(#4815),#4819);
#4815 = B_SPLINE_CURVE_WITH_KNOTS('',2,(#4816,#4817,#4818),
  .UNSPECIFIED.,.F.,.F.,(3,3),(0.,1.),.PIECEWISE_BEZIER_KNOTS.);
#4816 = CARTESIAN_POINT('',(1.26123046875,3.41796875E-02));
#4817 = CARTESIAN_POINT('',(1.12109375,0.));
#4818 = CARTESIAN_POINT('',(0.9392578125,0.));
#4819 = ( GEOMETRIC_REPRESENTATION_CONTEXT(2) 
PARAMETRIC_REPRESENTATION_CONTEXT() REPRESENTATION_CONTEXT('2D SPACE',''
  ) );
#4820 = ORIENTED_EDGE('',*,*,#4821,.T.);
#4821 = EDGE_CURVE('',#4799,#1348,#4822,.T.);
#4822 = SURFACE_CURVE('',#4823,(#4827,#4834),.PCURVE_S1.);
#4823 = LINE('',#4824,#4825);
#4824 = CARTESIAN_POINT('',(36.72021484375,72.30927734375,3.65));
#4825 = VECTOR('',#4826,1.);
#4826 = DIRECTION('',(0.,0.,1.));
#4827 = PCURVE('',#1406,#4828);
#4828 = DEFINITIONAL_REPRESENTATION('',(#4829),#4833);
#4829 = LINE('',#4830,#4831);
#4830 = CARTESIAN_POINT('',(0.,0.));
#4831 = VECTOR('',#4832,1.);
#4832 = DIRECTION('',(0.,-1.));
#4833 = ( GEOMETRIC_REPRESENTATION_CONTEXT(2) 
PARAMETRIC_REPRESENTATION_CONTEXT() REPRESENTATION_CONTEXT('2D SPACE',''
  ) );
#4834 = PCURVE('',#1369,#4835);
#4835 = DEFINITIONAL_REPRESENTATION('',(#4836),#4840);
#4836 = LINE('',#4837,#4838);
#4837 = CARTESIAN_POINT('',(1.,0.));
#4838 = VECTOR('',#4839,1.);
#4839 = DIRECTION('',(0.,-1.));
#4840 = ( GEOMETRIC_REPRESENTATION_CONTEXT(2) 
PARAMETRIC_REPRESENTATION_CONTEXT() REPRESENTATION_CONTEXT('2D SPACE',''
  ) );
#4841 = ORIENTED_EDGE('',*,*,#1386,.F.);
#4842 = ORIENTED_EDGE('',*,*,#4752,.F.);
#4843 = ADVANCED_FACE('',(#4844),#1369,.F.);
#4844 = FACE_BOUND('',#4845,.F.);
#4845 = EDGE_LOOP('',(#4846,#4869,#4890,#4891));
#4846 = ORIENTED_EDGE('',*,*,#4847,.F.);
#4847 = EDGE_CURVE('',#4848,#4799,#4850,.T.);
#4848 = VERTEX_POINT('',#4849);
#4849 = CARTESIAN_POINT('',(36.95947265625,72.409765625,3.65));
#4850 = SURFACE_CURVE('',#4851,(#4855,#4862),.PCURVE_S1.);
#4851 = B_SPLINE_CURVE_WITH_KNOTS('',2,(#4852,#4853,#4854),
  .UNSPECIFIED.,.F.,.F.,(3,3),(0.,1.),.PIECEWISE_BEZIER_KNOTS.);
#4852 = CARTESIAN_POINT('',(36.95947265625,72.409765625,3.65));
#4853 = CARTESIAN_POINT('',(36.8603515625,72.34345703125,3.65));
#4854 = CARTESIAN_POINT('',(36.72021484375,72.30927734375,3.65));
#4855 = PCURVE('',#1369,#4856);
#4856 = DEFINITIONAL_REPRESENTATION('',(#4857),#4861);
#4857 = LINE('',#4858,#4859);
#4858 = CARTESIAN_POINT('',(0.,0.));
#4859 = VECTOR('',#4860,1.);
#4860 = DIRECTION('',(1.,0.));
#4861 = ( GEOMETRIC_REPRESENTATION_CONTEXT(2) 
PARAMETRIC_REPRESENTATION_CONTEXT() REPRESENTATION_CONTEXT('2D SPACE',''
  ) );
#4862 = PCURVE('',#4740,#4863);
#4863 = DEFINITIONAL_REPRESENTATION('',(#4864),#4868);
#4864 = B_SPLINE_CURVE_WITH_KNOTS('',2,(#4865,#4866,#4867),
  .UNSPECIFIED.,.F.,.F.,(3,3),(0.,1.),.PIECEWISE_BEZIER_KNOTS.);
#4865 = CARTESIAN_POINT('',(1.50048828125,0.13466796875));
#4866 = CARTESIAN_POINT('',(1.4013671875,6.8359375E-02));
#4867 = CARTESIAN_POINT('',(1.26123046875,3.41796875E-02));
#4868 = ( GEOMETRIC_REPRESENTATION_CONTEXT(2) 
PARAMETRIC_REPRESENTATION_CONTEXT() REPRESENTATION_CONTEXT('2D SPACE',''
  ) );
#4869 = ORIENTED_EDGE('',*,*,#4870,.T.);
#4870 = EDGE_CURVE('',#4848,#1312,#4871,.T.);
#4871 = SURFACE_CURVE('',#4872,(#4876,#4883),.PCURVE_S1.);
#4872 = LINE('',#4873,#4874);
#4873 = CARTESIAN_POINT('',(36.95947265625,72.409765625,3.65));
#4874 = VECTOR('',#4875,1.);
#4875 = DIRECTION('',(0.,0.,1.));
#4876 = PCURVE('',#1369,#4877);
#4877 = DEFINITIONAL_REPRESENTATION('',(#4878),#4882);
#4878 = LINE('',#4879,#4880);
#4879 = CARTESIAN_POINT('',(0.,0.));
#4880 = VECTOR('',#4881,1.);
#4881 = DIRECTION('',(0.,-1.));
#4882 = ( GEOMETRIC_REPRESENTATION_CONTEXT(2) 
PARAMETRIC_REPRESENTATION_CONTEXT() REPRESENTATION_CONTEXT('2D SPACE',''
  ) );
#4883 = PCURVE('',#1331,#4884);
#4884 = DEFINITIONAL_REPRESENTATION('',(#4885),#4889);
#4885 = LINE('',#4886,#4887);
#4886 = CARTESIAN_POINT('',(1.,0.));
#4887 = VECTOR('',#4888,1.);
#4888 = DIRECTION('',(0.,-1.));
#4889 = ( GEOMETRIC_REPRESENTATION_CONTEXT(2) 
PARAMETRIC_REPRESENTATION_CONTEXT() REPRESENTATION_CONTEXT('2D SPACE',''
  ) );
#4890 = ORIENTED_EDGE('',*,*,#1347,.F.);
#4891 = ORIENTED_EDGE('',*,*,#4821,.F.);
#4892 = ADVANCED_FACE('',(#4893),#1331,.F.);
#4893 = FACE_BOUND('',#4894,.F.);
#4894 = EDGE_LOOP('',(#4895,#4918,#4939,#4940));
#4895 = ORIENTED_EDGE('',*,*,#4896,.F.);
#4896 = EDGE_CURVE('',#4897,#4848,#4899,.T.);
#4897 = VERTEX_POINT('',#4898);
#4898 = CARTESIAN_POINT('',(37.1419921875,72.5916015625,3.65));
#4899 = SURFACE_CURVE('',#4900,(#4904,#4911),.PCURVE_S1.);
#4900 = B_SPLINE_CURVE_WITH_KNOTS('',2,(#4901,#4902,#4903),
  .UNSPECIFIED.,.F.,.F.,(3,3),(0.,1.),.PIECEWISE_BEZIER_KNOTS.);
#4901 = CARTESIAN_POINT('',(37.1419921875,72.5916015625,3.65));
#4902 = CARTESIAN_POINT('',(37.05859375,72.47607421875,3.65));
#4903 = CARTESIAN_POINT('',(36.95947265625,72.409765625,3.65));
#4904 = PCURVE('',#1331,#4905);
#4905 = DEFINITIONAL_REPRESENTATION('',(#4906),#4910);
#4906 = LINE('',#4907,#4908);
#4907 = CARTESIAN_POINT('',(0.,0.));
#4908 = VECTOR('',#4909,1.);
#4909 = DIRECTION('',(1.,0.));
#4910 = ( GEOMETRIC_REPRESENTATION_CONTEXT(2) 
PARAMETRIC_REPRESENTATION_CONTEXT() REPRESENTATION_CONTEXT('2D SPACE',''
  ) );
#4911 = PCURVE('',#4740,#4912);
#4912 = DEFINITIONAL_REPRESENTATION('',(#4913),#4917);
#4913 = B_SPLINE_CURVE_WITH_KNOTS('',2,(#4914,#4915,#4916),
  .UNSPECIFIED.,.F.,.F.,(3,3),(0.,1.),.PIECEWISE_BEZIER_KNOTS.);
#4914 = CARTESIAN_POINT('',(1.6830078125,0.31650390625));
#4915 = CARTESIAN_POINT('',(1.599609375,0.2009765625));
#4916 = CARTESIAN_POINT('',(1.50048828125,0.13466796875));
#4917 = ( GEOMETRIC_REPRESENTATION_CONTEXT(2) 
PARAMETRIC_REPRESENTATION_CONTEXT() REPRESENTATION_CONTEXT('2D SPACE',''
  ) );
#4918 = ORIENTED_EDGE('',*,*,#4919,.T.);
#4919 = EDGE_CURVE('',#4897,#1273,#4920,.T.);
#4920 = SURFACE_CURVE('',#4921,(#4925,#4932),.PCURVE_S1.);
#4921 = LINE('',#4922,#4923);
#4922 = CARTESIAN_POINT('',(37.1419921875,72.5916015625,3.65));
#4923 = VECTOR('',#4924,1.);
#4924 = DIRECTION('',(0.,0.,1.));
#4925 = PCURVE('',#1331,#4926);
#4926 = DEFINITIONAL_REPRESENTATION('',(#4927),#4931);
#4927 = LINE('',#4928,#4929);
#4928 = CARTESIAN_POINT('',(0.,0.));
#4929 = VECTOR('',#4930,1.);
#4930 = DIRECTION('',(0.,-1.));
#4931 = ( GEOMETRIC_REPRESENTATION_CONTEXT(2) 
PARAMETRIC_REPRESENTATION_CONTEXT() REPRESENTATION_CONTEXT('2D SPACE',''
  ) );
#4932 = PCURVE('',#1294,#4933);
#4933 = DEFINITIONAL_REPRESENTATION('',(#4934),#4938);
#4934 = LINE('',#4935,#4936);
#4935 = CARTESIAN_POINT('',(1.,0.));
#4936 = VECTOR('',#4937,1.);
#4937 = DIRECTION('',(0.,-1.));
#4938 = ( GEOMETRIC_REPRESENTATION_CONTEXT(2) 
PARAMETRIC_REPRESENTATION_CONTEXT() REPRESENTATION_CONTEXT('2D SPACE',''
  ) );
#4939 = ORIENTED_EDGE('',*,*,#1311,.F.);
#4940 = ORIENTED_EDGE('',*,*,#4870,.F.);
#4941 = ADVANCED_FACE('',(#4942),#1294,.F.);
#4942 = FACE_BOUND('',#4943,.F.);
#4943 = EDGE_LOOP('',(#4944,#4967,#4988,#4989));
#4944 = ORIENTED_EDGE('',*,*,#4945,.F.);
#4945 = EDGE_CURVE('',#4946,#4897,#4948,.T.);
#4946 = VERTEX_POINT('',#4947);
#4947 = CARTESIAN_POINT('',(37.2787109375,72.88349609375,3.65));
#4948 = SURFACE_CURVE('',#4949,(#4953,#4960),.PCURVE_S1.);
#4949 = B_SPLINE_CURVE_WITH_KNOTS('',2,(#4950,#4951,#4952),
  .UNSPECIFIED.,.F.,.F.,(3,3),(0.,1.),.PIECEWISE_BEZIER_KNOTS.);
#4950 = CARTESIAN_POINT('',(37.2787109375,72.88349609375,3.65));
#4951 = CARTESIAN_POINT('',(37.225390625,72.70712890625,3.65));
#4952 = CARTESIAN_POINT('',(37.1419921875,72.5916015625,3.65));
#4953 = PCURVE('',#1294,#4954);
#4954 = DEFINITIONAL_REPRESENTATION('',(#4955),#4959);
#4955 = LINE('',#4956,#4957);
#4956 = CARTESIAN_POINT('',(0.,0.));
#4957 = VECTOR('',#4958,1.);
#4958 = DIRECTION('',(1.,0.));
#4959 = ( GEOMETRIC_REPRESENTATION_CONTEXT(2) 
PARAMETRIC_REPRESENTATION_CONTEXT() REPRESENTATION_CONTEXT('2D SPACE',''
  ) );
#4960 = PCURVE('',#4740,#4961);
#4961 = DEFINITIONAL_REPRESENTATION('',(#4962),#4966);
#4962 = B_SPLINE_CURVE_WITH_KNOTS('',2,(#4963,#4964,#4965),
  .UNSPECIFIED.,.F.,.F.,(3,3),(0.,1.),.PIECEWISE_BEZIER_KNOTS.);
#4963 = CARTESIAN_POINT('',(1.8197265625,0.6083984375));
#4964 = CARTESIAN_POINT('',(1.76640625,0.43203125));
#4965 = CARTESIAN_POINT('',(1.6830078125,0.31650390625));
#4966 = ( GEOMETRIC_REPRESENTATION_CONTEXT(2) 
PARAMETRIC_REPRESENTATION_CONTEXT() REPRESENTATION_CONTEXT('2D SPACE',''
  ) );
#4967 = ORIENTED_EDGE('',*,*,#4968,.T.);
#4968 = EDGE_CURVE('',#4946,#1234,#4969,.T.);
#4969 = SURFACE_CURVE('',#4970,(#4974,#4981),.PCURVE_S1.);
#4970 = LINE('',#4971,#4972);
#4971 = CARTESIAN_POINT('',(37.2787109375,72.88349609375,3.65));
#4972 = VECTOR('',#4973,1.);
#4973 = DIRECTION('',(0.,0.,1.));
#4974 = PCURVE('',#1294,#4975);
#4975 = DEFINITIONAL_REPRESENTATION('',(#4976),#4980);
#4976 = LINE('',#4977,#4978);
#4977 = CARTESIAN_POINT('',(0.,0.));
#4978 = VECTOR('',#4979,1.);
#4979 = DIRECTION('',(0.,-1.));
#4980 = ( GEOMETRIC_REPRESENTATION_CONTEXT(2) 
PARAMETRIC_REPRESENTATION_CONTEXT() REPRESENTATION_CONTEXT('2D SPACE',''
  ) );
#4981 = PCURVE('',#1255,#4982);
#4982 = DEFINITIONAL_REPRESENTATION('',(#4983),#4987);
#4983 = LINE('',#4984,#4985);
#4984 = CARTESIAN_POINT('',(1.,0.));
#4985 = VECTOR('',#4986,1.);
#4986 = DIRECTION('',(0.,-1.));
#4987 = ( GEOMETRIC_REPRESENTATION_CONTEXT(2) 
PARAMETRIC_REPRESENTATION_CONTEXT() REPRESENTATION_CONTEXT('2D SPACE',''
  ) );
#4988 = ORIENTED_EDGE('',*,*,#1272,.F.);
#4989 = ORIENTED_EDGE('',*,*,#4919,.F.);
#4990 = ADVANCED_FACE('',(#4991),#1255,.F.);
#4991 = FACE_BOUND('',#4992,.F.);
#4992 = EDGE_LOOP('',(#4993,#5016,#5037,#5038));
#4993 = ORIENTED_EDGE('',*,*,#4994,.F.);
#4994 = EDGE_CURVE('',#4995,#4946,#4997,.T.);
#4995 = VERTEX_POINT('',#4996);
#4996 = CARTESIAN_POINT('',(37.33203125,73.28818359375,3.65));
#4997 = SURFACE_CURVE('',#4998,(#5002,#5009),.PCURVE_S1.);
#4998 = B_SPLINE_CURVE_WITH_KNOTS('',2,(#4999,#5000,#5001),
  .UNSPECIFIED.,.F.,.F.,(3,3),(0.,1.),.PIECEWISE_BEZIER_KNOTS.);
#4999 = CARTESIAN_POINT('',(37.33203125,73.28818359375,3.65));
#5000 = CARTESIAN_POINT('',(37.33203125,73.05986328125,3.65));
#5001 = CARTESIAN_POINT('',(37.2787109375,72.88349609375,3.65));
#5002 = PCURVE('',#1255,#5003);
#5003 = DEFINITIONAL_REPRESENTATION('',(#5004),#5008);
#5004 = LINE('',#5005,#5006);
#5005 = CARTESIAN_POINT('',(0.,0.));
#5006 = VECTOR('',#5007,1.);
#5007 = DIRECTION('',(1.,0.));
#5008 = ( GEOMETRIC_REPRESENTATION_CONTEXT(2) 
PARAMETRIC_REPRESENTATION_CONTEXT() REPRESENTATION_CONTEXT('2D SPACE',''
  ) );
#5009 = PCURVE('',#4740,#5010);
#5010 = DEFINITIONAL_REPRESENTATION('',(#5011),#5015);
#5011 = B_SPLINE_CURVE_WITH_KNOTS('',2,(#5012,#5013,#5014),
  .UNSPECIFIED.,.F.,.F.,(3,3),(0.,1.),.PIECEWISE_BEZIER_KNOTS.);
#5012 = CARTESIAN_POINT('',(1.873046875,1.0130859375));
#5013 = CARTESIAN_POINT('',(1.873046875,0.784765625));
#5014 = CARTESIAN_POINT('',(1.8197265625,0.6083984375));
#5015 = ( GEOMETRIC_REPRESENTATION_CONTEXT(2) 
PARAMETRIC_REPRESENTATION_CONTEXT() REPRESENTATION_CONTEXT('2D SPACE',''
  ) );
#5016 = ORIENTED_EDGE('',*,*,#5017,.T.);
#5017 = EDGE_CURVE('',#4995,#1195,#5018,.T.);
#5018 = SURFACE_CURVE('',#5019,(#5023,#5030),.PCURVE_S1.);
#5019 = LINE('',#5020,#5021);
#5020 = CARTESIAN_POINT('',(37.33203125,73.28818359375,3.65));
#5021 = VECTOR('',#5022,1.);
#5022 = DIRECTION('',(0.,0.,1.));
#5023 = PCURVE('',#1255,#5024);
#5024 = DEFINITIONAL_REPRESENTATION('',(#5025),#5029);
#5025 = LINE('',#5026,#5027);
#5026 = CARTESIAN_POINT('',(0.,0.));
#5027 = VECTOR('',#5028,1.);
#5028 = DIRECTION('',(0.,-1.));
#5029 = ( GEOMETRIC_REPRESENTATION_CONTEXT(2) 
PARAMETRIC_REPRESENTATION_CONTEXT() REPRESENTATION_CONTEXT('2D SPACE',''
  ) );
#5030 = PCURVE('',#1216,#5031);
#5031 = DEFINITIONAL_REPRESENTATION('',(#5032),#5036);
#5032 = LINE('',#5033,#5034);
#5033 = CARTESIAN_POINT('',(1.,0.));
#5034 = VECTOR('',#5035,1.);
#5035 = DIRECTION('',(0.,-1.));
#5036 = ( GEOMETRIC_REPRESENTATION_CONTEXT(2) 
PARAMETRIC_REPRESENTATION_CONTEXT() REPRESENTATION_CONTEXT('2D SPACE',''
  ) );
#5037 = ORIENTED_EDGE('',*,*,#1233,.F.);
#5038 = ORIENTED_EDGE('',*,*,#4968,.F.);
#5039 = ADVANCED_FACE('',(#5040),#1216,.F.);
#5040 = FACE_BOUND('',#5041,.F.);
#5041 = EDGE_LOOP('',(#5042,#5065,#5086,#5087));
#5042 = ORIENTED_EDGE('',*,*,#5043,.F.);
#5043 = EDGE_CURVE('',#5044,#4995,#5046,.T.);
#5044 = VERTEX_POINT('',#5045);
#5045 = CARTESIAN_POINT('',(37.25341796875,73.7646484375,3.65));
#5046 = SURFACE_CURVE('',#5047,(#5051,#5058),.PCURVE_S1.);
#5047 = B_SPLINE_CURVE_WITH_KNOTS('',2,(#5048,#5049,#5050),
  .UNSPECIFIED.,.F.,.F.,(3,3),(0.,1.),.PIECEWISE_BEZIER_KNOTS.);
#5048 = CARTESIAN_POINT('',(37.25341796875,73.7646484375,3.65));
#5049 = CARTESIAN_POINT('',(37.33203125,73.55615234375,3.65));
#5050 = CARTESIAN_POINT('',(37.33203125,73.28818359375,3.65));
#5051 = PCURVE('',#1216,#5052);
#5052 = DEFINITIONAL_REPRESENTATION('',(#5053),#5057);
#5053 = LINE('',#5054,#5055);
#5054 = CARTESIAN_POINT('',(0.,0.));
#5055 = VECTOR('',#5056,1.);
#5056 = DIRECTION('',(1.,0.));
#5057 = ( GEOMETRIC_REPRESENTATION_CONTEXT(2) 
PARAMETRIC_REPRESENTATION_CONTEXT() REPRESENTATION_CONTEXT('2D SPACE',''
  ) );
#5058 = PCURVE('',#4740,#5059);
#5059 = DEFINITIONAL_REPRESENTATION('',(#5060),#5064);
#5060 = B_SPLINE_CURVE_WITH_KNOTS('',2,(#5061,#5062,#5063),
  .UNSPECIFIED.,.F.,.F.,(3,3),(0.,1.),.PIECEWISE_BEZIER_KNOTS.);
#5061 = CARTESIAN_POINT('',(1.79443359375,1.48955078125));
#5062 = CARTESIAN_POINT('',(1.873046875,1.2810546875));
#5063 = CARTESIAN_POINT('',(1.873046875,1.0130859375));
#5064 = ( GEOMETRIC_REPRESENTATION_CONTEXT(2) 
PARAMETRIC_REPRESENTATION_CONTEXT() REPRESENTATION_CONTEXT('2D SPACE',''
  ) );
#5065 = ORIENTED_EDGE('',*,*,#5066,.T.);
#5066 = EDGE_CURVE('',#5044,#1144,#5067,.T.);
#5067 = SURFACE_CURVE('',#5068,(#5072,#5079),.PCURVE_S1.);
#5068 = LINE('',#5069,#5070);
#5069 = CARTESIAN_POINT('',(37.25341796875,73.7646484375,3.65));
#5070 = VECTOR('',#5071,1.);
#5071 = DIRECTION('',(0.,0.,1.));
#5072 = PCURVE('',#1216,#5073);
#5073 = DEFINITIONAL_REPRESENTATION('',(#5074),#5078);
#5074 = LINE('',#5075,#5076);
#5075 = CARTESIAN_POINT('',(0.,0.));
#5076 = VECTOR('',#5077,1.);
#5077 = DIRECTION('',(0.,-1.));
#5078 = ( GEOMETRIC_REPRESENTATION_CONTEXT(2) 
PARAMETRIC_REPRESENTATION_CONTEXT() REPRESENTATION_CONTEXT('2D SPACE',''
  ) );
#5079 = PCURVE('',#1173,#5080);
#5080 = DEFINITIONAL_REPRESENTATION('',(#5081),#5085);
#5081 = LINE('',#5082,#5083);
#5082 = CARTESIAN_POINT('',(1.,0.));
#5083 = VECTOR('',#5084,1.);
#5084 = DIRECTION('',(0.,-1.));
#5085 = ( GEOMETRIC_REPRESENTATION_CONTEXT(2) 
PARAMETRIC_REPRESENTATION_CONTEXT() REPRESENTATION_CONTEXT('2D SPACE',''
  ) );
#5086 = ORIENTED_EDGE('',*,*,#1194,.F.);
#5087 = ORIENTED_EDGE('',*,*,#5017,.F.);
#5088 = ADVANCED_FACE('',(#5089),#1173,.F.);
#5089 = FACE_BOUND('',#5090,.F.);
#5090 = EDGE_LOOP('',(#5091,#5114,#5135,#5136));
#5091 = ORIENTED_EDGE('',*,*,#5092,.F.);
#5092 = EDGE_CURVE('',#5093,#5044,#5095,.T.);
#5093 = VERTEX_POINT('',#5094);
#5094 = CARTESIAN_POINT('',(37.0162109375,74.10712890625,3.65));
#5095 = SURFACE_CURVE('',#5096,(#5100,#5107),.PCURVE_S1.);
#5096 = B_SPLINE_CURVE_WITH_KNOTS('',2,(#5097,#5098,#5099),
  .UNSPECIFIED.,.F.,.F.,(3,3),(0.,1.),.PIECEWISE_BEZIER_KNOTS.);
#5097 = CARTESIAN_POINT('',(37.0162109375,74.10712890625,3.65));
#5098 = CARTESIAN_POINT('',(37.1748046875,73.97314453125,3.65));
#5099 = CARTESIAN_POINT('',(37.25341796875,73.7646484375,3.65));
#5100 = PCURVE('',#1173,#5101);
#5101 = DEFINITIONAL_REPRESENTATION('',(#5102),#5106);
#5102 = LINE('',#5103,#5104);
#5103 = CARTESIAN_POINT('',(0.,0.));
#5104 = VECTOR('',#5105,1.);
#5105 = DIRECTION('',(1.,0.));
#5106 = ( GEOMETRIC_REPRESENTATION_CONTEXT(2) 
PARAMETRIC_REPRESENTATION_CONTEXT() REPRESENTATION_CONTEXT('2D SPACE',''
  ) );
#5107 = PCURVE('',#4740,#5108);
#5108 = DEFINITIONAL_REPRESENTATION('',(#5109),#5113);
#5109 = B_SPLINE_CURVE_WITH_KNOTS('',2,(#5110,#5111,#5112),
  .UNSPECIFIED.,.F.,.F.,(3,3),(0.,1.),.PIECEWISE_BEZIER_KNOTS.);
#5110 = CARTESIAN_POINT('',(1.5572265625,1.83203125));
#5111 = CARTESIAN_POINT('',(1.7158203125,1.698046875));
#5112 = CARTESIAN_POINT('',(1.79443359375,1.48955078125));
#5113 = ( GEOMETRIC_REPRESENTATION_CONTEXT(2) 
PARAMETRIC_REPRESENTATION_CONTEXT() REPRESENTATION_CONTEXT('2D SPACE',''
  ) );
#5114 = ORIENTED_EDGE('',*,*,#5115,.T.);
#5115 = EDGE_CURVE('',#5093,#1105,#5116,.T.);
#5116 = SURFACE_CURVE('',#5117,(#5121,#5128),.PCURVE_S1.);
#5117 = LINE('',#5118,#5119);
#5118 = CARTESIAN_POINT('',(37.0162109375,74.10712890625,3.65));
#5119 = VECTOR('',#5120,1.);
#5120 = DIRECTION('',(0.,0.,1.));
#5121 = PCURVE('',#1173,#5122);
#5122 = DEFINITIONAL_REPRESENTATION('',(#5123),#5127);
#5123 = LINE('',#5124,#5125);
#5124 = CARTESIAN_POINT('',(0.,0.));
#5125 = VECTOR('',#5126,1.);
#5126 = DIRECTION('',(0.,-1.));
#5127 = ( GEOMETRIC_REPRESENTATION_CONTEXT(2) 
PARAMETRIC_REPRESENTATION_CONTEXT() REPRESENTATION_CONTEXT('2D SPACE',''
  ) );
#5128 = PCURVE('',#1126,#5129);
#5129 = DEFINITIONAL_REPRESENTATION('',(#5130),#5134);
#5130 = LINE('',#5131,#5132);
#5131 = CARTESIAN_POINT('',(1.,0.));
#5132 = VECTOR('',#5133,1.);
#5133 = DIRECTION('',(0.,-1.));
#5134 = ( GEOMETRIC_REPRESENTATION_CONTEXT(2) 
PARAMETRIC_REPRESENTATION_CONTEXT() REPRESENTATION_CONTEXT('2D SPACE',''
  ) );
#5135 = ORIENTED_EDGE('',*,*,#1143,.F.);
#5136 = ORIENTED_EDGE('',*,*,#5066,.F.);
#5137 = ADVANCED_FACE('',(#5138),#1126,.F.);
#5138 = FACE_BOUND('',#5139,.F.);
#5139 = EDGE_LOOP('',(#5140,#5163,#5184,#5185));
#5140 = ORIENTED_EDGE('',*,*,#5141,.F.);
#5141 = EDGE_CURVE('',#5142,#5093,#5144,.T.);
#5142 = VERTEX_POINT('',#5143);
#5143 = CARTESIAN_POINT('',(36.722265625,74.25068359375,3.65));
#5144 = SURFACE_CURVE('',#5145,(#5149,#5156),.PCURVE_S1.);
#5145 = B_SPLINE_CURVE_WITH_KNOTS('',2,(#5146,#5147,#5148),
  .UNSPECIFIED.,.F.,.F.,(3,3),(0.,1.),.PIECEWISE_BEZIER_KNOTS.);
#5146 = CARTESIAN_POINT('',(36.722265625,74.25068359375,3.65));
#5147 = CARTESIAN_POINT('',(36.89453125,74.21103515625,3.65));
#5148 = CARTESIAN_POINT('',(37.0162109375,74.10712890625,3.65));
#5149 = PCURVE('',#1126,#5150);
#5150 = DEFINITIONAL_REPRESENTATION('',(#5151),#5155);
#5151 = LINE('',#5152,#5153);
#5152 = CARTESIAN_POINT('',(0.,0.));
#5153 = VECTOR('',#5154,1.);
#5154 = DIRECTION('',(1.,0.));
#5155 = ( GEOMETRIC_REPRESENTATION_CONTEXT(2) 
PARAMETRIC_REPRESENTATION_CONTEXT() REPRESENTATION_CONTEXT('2D SPACE',''
  ) );
#5156 = PCURVE('',#4740,#5157);
#5157 = DEFINITIONAL_REPRESENTATION('',(#5158),#5162);
#5158 = B_SPLINE_CURVE_WITH_KNOTS('',2,(#5159,#5160,#5161),
  .UNSPECIFIED.,.F.,.F.,(3,3),(0.,1.),.PIECEWISE_BEZIER_KNOTS.);
#5159 = CARTESIAN_POINT('',(1.26328125,1.9755859375));
#5160 = CARTESIAN_POINT('',(1.435546875,1.9359375));
#5161 = CARTESIAN_POINT('',(1.5572265625,1.83203125));
#5162 = ( GEOMETRIC_REPRESENTATION_CONTEXT(2) 
PARAMETRIC_REPRESENTATION_CONTEXT() REPRESENTATION_CONTEXT('2D SPACE',''
  ) );
#5163 = ORIENTED_EDGE('',*,*,#5164,.T.);
#5164 = EDGE_CURVE('',#5142,#1066,#5165,.T.);
#5165 = SURFACE_CURVE('',#5166,(#5170,#5177),.PCURVE_S1.);
#5166 = LINE('',#5167,#5168);
#5167 = CARTESIAN_POINT('',(36.722265625,74.25068359375,3.65));
#5168 = VECTOR('',#5169,1.);
#5169 = DIRECTION('',(0.,0.,1.));
#5170 = PCURVE('',#1126,#5171);
#5171 = DEFINITIONAL_REPRESENTATION('',(#5172),#5176);
#5172 = LINE('',#5173,#5174);
#5173 = CARTESIAN_POINT('',(0.,0.));
#5174 = VECTOR('',#5175,1.);
#5175 = DIRECTION('',(0.,-1.));
#5176 = ( GEOMETRIC_REPRESENTATION_CONTEXT(2) 
PARAMETRIC_REPRESENTATION_CONTEXT() REPRESENTATION_CONTEXT('2D SPACE',''
  ) );
#5177 = PCURVE('',#1087,#5178);
#5178 = DEFINITIONAL_REPRESENTATION('',(#5179),#5183);
#5179 = LINE('',#5180,#5181);
#5180 = CARTESIAN_POINT('',(1.,0.));
#5181 = VECTOR('',#5182,1.);
#5182 = DIRECTION('',(0.,-1.));
#5183 = ( GEOMETRIC_REPRESENTATION_CONTEXT(2) 
PARAMETRIC_REPRESENTATION_CONTEXT() REPRESENTATION_CONTEXT('2D SPACE',''
  ) );
#5184 = ORIENTED_EDGE('',*,*,#1104,.F.);
#5185 = ORIENTED_EDGE('',*,*,#5115,.F.);
#5186 = ADVANCED_FACE('',(#5187),#1087,.F.);
#5187 = FACE_BOUND('',#5188,.F.);
#5188 = EDGE_LOOP('',(#5189,#5212,#5233,#5234));
#5189 = ORIENTED_EDGE('',*,*,#5190,.F.);
#5190 = EDGE_CURVE('',#5191,#5142,#5193,.T.);
#5191 = VERTEX_POINT('',#5192);
#5192 = CARTESIAN_POINT('',(36.3654296875,74.27939453125,3.65));
#5193 = SURFACE_CURVE('',#5194,(#5198,#5205),.PCURVE_S1.);
#5194 = B_SPLINE_CURVE_WITH_KNOTS('',2,(#5195,#5196,#5197),
  .UNSPECIFIED.,.F.,.F.,(3,3),(0.,1.),.PIECEWISE_BEZIER_KNOTS.);
#5195 = CARTESIAN_POINT('',(36.3654296875,74.27939453125,3.65));
#5196 = CARTESIAN_POINT('',(36.59921875,74.27939453125,3.65));
#5197 = CARTESIAN_POINT('',(36.722265625,74.25068359375,3.65));
#5198 = PCURVE('',#1087,#5199);
#5199 = DEFINITIONAL_REPRESENTATION('',(#5200),#5204);
#5200 = LINE('',#5201,#5202);
#5201 = CARTESIAN_POINT('',(0.,0.));
#5202 = VECTOR('',#5203,1.);
#5203 = DIRECTION('',(1.,0.));
#5204 = ( GEOMETRIC_REPRESENTATION_CONTEXT(2) 
PARAMETRIC_REPRESENTATION_CONTEXT() REPRESENTATION_CONTEXT('2D SPACE',''
  ) );
#5205 = PCURVE('',#4740,#5206);
#5206 = DEFINITIONAL_REPRESENTATION('',(#5207),#5211);
#5207 = B_SPLINE_CURVE_WITH_KNOTS('',2,(#5208,#5209,#5210),
  .UNSPECIFIED.,.F.,.F.,(3,3),(0.,1.),.PIECEWISE_BEZIER_KNOTS.);
#5208 = CARTESIAN_POINT('',(0.9064453125,2.004296875));
#5209 = CARTESIAN_POINT('',(1.140234375,2.004296875));
#5210 = CARTESIAN_POINT('',(1.26328125,1.9755859375));
#5211 = ( GEOMETRIC_REPRESENTATION_CONTEXT(2) 
PARAMETRIC_REPRESENTATION_CONTEXT() REPRESENTATION_CONTEXT('2D SPACE',''
  ) );
#5212 = ORIENTED_EDGE('',*,*,#5213,.T.);
#5213 = EDGE_CURVE('',#5191,#1040,#5214,.T.);
#5214 = SURFACE_CURVE('',#5215,(#5219,#5226),.PCURVE_S1.);
#5215 = LINE('',#5216,#5217);
#5216 = CARTESIAN_POINT('',(36.3654296875,74.27939453125,3.65));
#5217 = VECTOR('',#5218,1.);
#5218 = DIRECTION('',(0.,0.,1.));
#5219 = PCURVE('',#1087,#5220);
#5220 = DEFINITIONAL_REPRESENTATION('',(#5221),#5225);
#5221 = LINE('',#5222,#5223);
#5222 = CARTESIAN_POINT('',(0.,0.));
#5223 = VECTOR('',#5224,1.);
#5224 = DIRECTION('',(0.,-1.));
#5225 = ( GEOMETRIC_REPRESENTATION_CONTEXT(2) 
PARAMETRIC_REPRESENTATION_CONTEXT() REPRESENTATION_CONTEXT('2D SPACE',''
  ) );
#5226 = PCURVE('',#1054,#5227);
#5227 = DEFINITIONAL_REPRESENTATION('',(#5228),#5232);
#5228 = LINE('',#5229,#5230);
#5229 = CARTESIAN_POINT('',(0.6904296875,0.));
#5230 = VECTOR('',#5231,1.);
#5231 = DIRECTION('',(0.,-1.));
#5232 = ( GEOMETRIC_REPRESENTATION_CONTEXT(2) 
PARAMETRIC_REPRESENTATION_CONTEXT() REPRESENTATION_CONTEXT('2D SPACE',''
  ) );
#5233 = ORIENTED_EDGE('',*,*,#1065,.F.);
#5234 = ORIENTED_EDGE('',*,*,#5164,.F.);
#5235 = ADVANCED_FACE('',(#5236),#1054,.F.);
#5236 = FACE_BOUND('',#5237,.F.);
#5237 = EDGE_LOOP('',(#5238,#5261,#5282,#5283));
#5238 = ORIENTED_EDGE('',*,*,#5239,.F.);
#5239 = EDGE_CURVE('',#5240,#5191,#5242,.T.);
#5240 = VERTEX_POINT('',#5241);
#5241 = CARTESIAN_POINT('',(35.675,74.27939453125,3.65));
#5242 = SURFACE_CURVE('',#5243,(#5247,#5254),.PCURVE_S1.);
#5243 = LINE('',#5244,#5245);
#5244 = CARTESIAN_POINT('',(35.675,74.27939453125,3.65));
#5245 = VECTOR('',#5246,1.);
#5246 = DIRECTION('',(1.,0.,0.));
#5247 = PCURVE('',#1054,#5248);
#5248 = DEFINITIONAL_REPRESENTATION('',(#5249),#5253);
#5249 = LINE('',#5250,#5251);
#5250 = CARTESIAN_POINT('',(0.,0.));
#5251 = VECTOR('',#5252,1.);
#5252 = DIRECTION('',(1.,0.));
#5253 = ( GEOMETRIC_REPRESENTATION_CONTEXT(2) 
PARAMETRIC_REPRESENTATION_CONTEXT() REPRESENTATION_CONTEXT('2D SPACE',''
  ) );
#5254 = PCURVE('',#4740,#5255);
#5255 = DEFINITIONAL_REPRESENTATION('',(#5256),#5260);
#5256 = LINE('',#5257,#5258);
#5257 = CARTESIAN_POINT('',(0.216015625,2.004296875));
#5258 = VECTOR('',#5259,1.);
#5259 = DIRECTION('',(1.,0.));
#5260 = ( GEOMETRIC_REPRESENTATION_CONTEXT(2) 
PARAMETRIC_REPRESENTATION_CONTEXT() REPRESENTATION_CONTEXT('2D SPACE',''
  ) );
#5261 = ORIENTED_EDGE('',*,*,#5262,.T.);
#5262 = EDGE_CURVE('',#5240,#1014,#5263,.T.);
#5263 = SURFACE_CURVE('',#5264,(#5268,#5275),.PCURVE_S1.);
#5264 = LINE('',#5265,#5266);
#5265 = CARTESIAN_POINT('',(35.675,74.27939453125,3.65));
#5266 = VECTOR('',#5267,1.);
#5267 = DIRECTION('',(0.,0.,1.));
#5268 = PCURVE('',#1054,#5269);
#5269 = DEFINITIONAL_REPRESENTATION('',(#5270),#5274);
#5270 = LINE('',#5271,#5272);
#5271 = CARTESIAN_POINT('',(0.,0.));
#5272 = VECTOR('',#5273,1.);
#5273 = DIRECTION('',(0.,-1.));
#5274 = ( GEOMETRIC_REPRESENTATION_CONTEXT(2) 
PARAMETRIC_REPRESENTATION_CONTEXT() REPRESENTATION_CONTEXT('2D SPACE',''
  ) );
#5275 = PCURVE('',#1028,#5276);
#5276 = DEFINITIONAL_REPRESENTATION('',(#5277),#5281);
#5277 = LINE('',#5278,#5279);
#5278 = CARTESIAN_POINT('',(2.004296875,0.));
#5279 = VECTOR('',#5280,1.);
#5280 = DIRECTION('',(0.,-1.));
#5281 = ( GEOMETRIC_REPRESENTATION_CONTEXT(2) 
PARAMETRIC_REPRESENTATION_CONTEXT() REPRESENTATION_CONTEXT('2D SPACE',''
  ) );
#5282 = ORIENTED_EDGE('',*,*,#1039,.F.);
#5283 = ORIENTED_EDGE('',*,*,#5213,.F.);
#5284 = ADVANCED_FACE('',(#5285),#1028,.F.);
#5285 = FACE_BOUND('',#5286,.F.);
#5286 = EDGE_LOOP('',(#5287,#5308,#5309,#5310));
#5287 = ORIENTED_EDGE('',*,*,#5288,.F.);
#5288 = EDGE_CURVE('',#4725,#5240,#5289,.T.);
#5289 = SURFACE_CURVE('',#5290,(#5294,#5301),.PCURVE_S1.);
#5290 = LINE('',#5291,#5292);
#5291 = CARTESIAN_POINT('',(35.675,72.27509765625,3.65));
#5292 = VECTOR('',#5293,1.);
#5293 = DIRECTION('',(0.,1.,0.));
#5294 = PCURVE('',#1028,#5295);
#5295 = DEFINITIONAL_REPRESENTATION('',(#5296),#5300);
#5296 = LINE('',#5297,#5298);
#5297 = CARTESIAN_POINT('',(0.,0.));
#5298 = VECTOR('',#5299,1.);
#5299 = DIRECTION('',(1.,0.));
#5300 = ( GEOMETRIC_REPRESENTATION_CONTEXT(2) 
PARAMETRIC_REPRESENTATION_CONTEXT() REPRESENTATION_CONTEXT('2D SPACE',''
  ) );
#5301 = PCURVE('',#4740,#5302);
#5302 = DEFINITIONAL_REPRESENTATION('',(#5303),#5307);
#5303 = LINE('',#5304,#5305);
#5304 = CARTESIAN_POINT('',(0.216015625,0.));
#5305 = VECTOR('',#5306,1.);
#5306 = DIRECTION('',(0.,1.));
#5307 = ( GEOMETRIC_REPRESENTATION_CONTEXT(2) 
PARAMETRIC_REPRESENTATION_CONTEXT() REPRESENTATION_CONTEXT('2D SPACE',''
  ) );
#5308 = ORIENTED_EDGE('',*,*,#4774,.T.);
#5309 = ORIENTED_EDGE('',*,*,#1013,.F.);
#5310 = ORIENTED_EDGE('',*,*,#5262,.F.);
#5311 = ADVANCED_FACE('',(#5312),#1442,.F.);
#5312 = FACE_BOUND('',#5313,.F.);
#5313 = EDGE_LOOP('',(#5314,#5344,#5365,#5366));
#5314 = ORIENTED_EDGE('',*,*,#5315,.F.);
#5315 = EDGE_CURVE('',#5316,#5318,#5320,.T.);
#5316 = VERTEX_POINT('',#5317);
#5317 = CARTESIAN_POINT('',(37.597265625,72.80009765625,3.65));
#5318 = VERTEX_POINT('',#5319);
#5319 = CARTESIAN_POINT('',(37.8556640625,72.82197265625,3.65));
#5320 = SURFACE_CURVE('',#5321,(#5325,#5332),.PCURVE_S1.);
#5321 = LINE('',#5322,#5323);
#5322 = CARTESIAN_POINT('',(37.597265625,72.80009765625,3.65));
#5323 = VECTOR('',#5324,1.);
#5324 = DIRECTION('',(0.996435819697,8.43543551066E-02,0.));
#5325 = PCURVE('',#1442,#5326);
#5326 = DEFINITIONAL_REPRESENTATION('',(#5327),#5331);
#5327 = LINE('',#5328,#5329);
#5328 = CARTESIAN_POINT('',(0.,0.));
#5329 = VECTOR('',#5330,1.);
#5330 = DIRECTION('',(1.,0.));
#5331 = ( GEOMETRIC_REPRESENTATION_CONTEXT(2) 
PARAMETRIC_REPRESENTATION_CONTEXT() REPRESENTATION_CONTEXT('2D SPACE',''
  ) );
#5332 = PCURVE('',#5333,#5338);
#5333 = PLANE('',#5334);
#5334 = AXIS2_PLACEMENT_3D('',#5335,#5336,#5337);
#5335 = CARTESIAN_POINT('',(37.4810546875,72.27509765625,3.65));
#5336 = DIRECTION('',(0.,0.,1.));
#5337 = DIRECTION('',(1.,0.,0.));
#5338 = DEFINITIONAL_REPRESENTATION('',(#5339),#5343);
#5339 = LINE('',#5340,#5341);
#5340 = CARTESIAN_POINT('',(0.1162109375,0.525));
#5341 = VECTOR('',#5342,1.);
#5342 = DIRECTION('',(0.996435819697,8.43543551066E-02));
#5343 = ( GEOMETRIC_REPRESENTATION_CONTEXT(2) 
PARAMETRIC_REPRESENTATION_CONTEXT() REPRESENTATION_CONTEXT('2D SPACE',''
  ) );
#5344 = ORIENTED_EDGE('',*,*,#5345,.T.);
#5345 = EDGE_CURVE('',#5316,#1428,#5346,.T.);
#5346 = SURFACE_CURVE('',#5347,(#5351,#5358),.PCURVE_S1.);
#5347 = LINE('',#5348,#5349);
#5348 = CARTESIAN_POINT('',(37.597265625,72.80009765625,3.65));
#5349 = VECTOR('',#5350,1.);
#5350 = DIRECTION('',(0.,0.,1.));
#5351 = PCURVE('',#1442,#5352);
#5352 = DEFINITIONAL_REPRESENTATION('',(#5353),#5357);
#5353 = LINE('',#5354,#5355);
#5354 = CARTESIAN_POINT('',(0.,0.));
#5355 = VECTOR('',#5356,1.);
#5356 = DIRECTION('',(0.,-1.));
#5357 = ( GEOMETRIC_REPRESENTATION_CONTEXT(2) 
PARAMETRIC_REPRESENTATION_CONTEXT() REPRESENTATION_CONTEXT('2D SPACE',''
  ) );
#5358 = PCURVE('',#2321,#5359);
#5359 = DEFINITIONAL_REPRESENTATION('',(#5360),#5364);
#5360 = LINE('',#5361,#5362);
#5361 = CARTESIAN_POINT('',(1.,0.));
#5362 = VECTOR('',#5363,1.);
#5363 = DIRECTION('',(0.,-1.));
#5364 = ( GEOMETRIC_REPRESENTATION_CONTEXT(2) 
PARAMETRIC_REPRESENTATION_CONTEXT() REPRESENTATION_CONTEXT('2D SPACE',''
  ) );
#5365 = ORIENTED_EDGE('',*,*,#1425,.F.);
#5366 = ORIENTED_EDGE('',*,*,#5367,.F.);
#5367 = EDGE_CURVE('',#5318,#1426,#5368,.T.);
#5368 = SURFACE_CURVE('',#5369,(#5373,#5380),.PCURVE_S1.);
#5369 = LINE('',#5370,#5371);
#5370 = CARTESIAN_POINT('',(37.8556640625,72.82197265625,3.65));
#5371 = VECTOR('',#5372,1.);
#5372 = DIRECTION('',(0.,0.,1.));
#5373 = PCURVE('',#1442,#5374);
#5374 = DEFINITIONAL_REPRESENTATION('',(#5375),#5379);
#5375 = LINE('',#5376,#5377);
#5376 = CARTESIAN_POINT('',(0.259322710397,0.));
#5377 = VECTOR('',#5378,1.);
#5378 = DIRECTION('',(0.,-1.));
#5379 = ( GEOMETRIC_REPRESENTATION_CONTEXT(2) 
PARAMETRIC_REPRESENTATION_CONTEXT() REPRESENTATION_CONTEXT('2D SPACE',''
  ) );
#5380 = PCURVE('',#1475,#5381);
#5381 = DEFINITIONAL_REPRESENTATION('',(#5382),#5386);
#5382 = LINE('',#5383,#5384);
#5383 = CARTESIAN_POINT('',(0.,0.));
#5384 = VECTOR('',#5385,1.);
#5385 = DIRECTION('',(0.,-1.));
#5386 = ( GEOMETRIC_REPRESENTATION_CONTEXT(2) 
PARAMETRIC_REPRESENTATION_CONTEXT() REPRESENTATION_CONTEXT('2D SPACE',''
  ) );
#5387 = ADVANCED_FACE('',(#5388),#2321,.F.);
#5388 = FACE_BOUND('',#5389,.F.);
#5389 = EDGE_LOOP('',(#5390,#5413,#5434,#5435));
#5390 = ORIENTED_EDGE('',*,*,#5391,.F.);
#5391 = EDGE_CURVE('',#5392,#5316,#5394,.T.);
#5392 = VERTEX_POINT('',#5393);
#5393 = CARTESIAN_POINT('',(37.79482421875,72.39404296875,3.65));
#5394 = SURFACE_CURVE('',#5395,(#5399,#5406),.PCURVE_S1.);
#5395 = B_SPLINE_CURVE_WITH_KNOTS('',2,(#5396,#5397,#5398),
  .UNSPECIFIED.,.F.,.F.,(3,3),(0.,1.),.PIECEWISE_BEZIER_KNOTS.);
#5396 = CARTESIAN_POINT('',(37.79482421875,72.39404296875,3.65));
#5397 = CARTESIAN_POINT('',(37.621875,72.54716796875,3.65));
#5398 = CARTESIAN_POINT('',(37.597265625,72.80009765625,3.65));
#5399 = PCURVE('',#2321,#5400);
#5400 = DEFINITIONAL_REPRESENTATION('',(#5401),#5405);
#5401 = LINE('',#5402,#5403);
#5402 = CARTESIAN_POINT('',(0.,0.));
#5403 = VECTOR('',#5404,1.);
#5404 = DIRECTION('',(1.,0.));
#5405 = ( GEOMETRIC_REPRESENTATION_CONTEXT(2) 
PARAMETRIC_REPRESENTATION_CONTEXT() REPRESENTATION_CONTEXT('2D SPACE',''
  ) );
#5406 = PCURVE('',#5333,#5407);
#5407 = DEFINITIONAL_REPRESENTATION('',(#5408),#5412);
#5408 = B_SPLINE_CURVE_WITH_KNOTS('',2,(#5409,#5410,#5411),
  .UNSPECIFIED.,.F.,.F.,(3,3),(0.,1.),.PIECEWISE_BEZIER_KNOTS.);
#5409 = CARTESIAN_POINT('',(0.31376953125,0.1189453125));
#5410 = CARTESIAN_POINT('',(0.1408203125,0.2720703125));
#5411 = CARTESIAN_POINT('',(0.1162109375,0.525));
#5412 = ( GEOMETRIC_REPRESENTATION_CONTEXT(2) 
PARAMETRIC_REPRESENTATION_CONTEXT() REPRESENTATION_CONTEXT('2D SPACE',''
  ) );
#5413 = ORIENTED_EDGE('',*,*,#5414,.T.);
#5414 = EDGE_CURVE('',#5392,#2243,#5415,.T.);
#5415 = SURFACE_CURVE('',#5416,(#5420,#5427),.PCURVE_S1.);
#5416 = LINE('',#5417,#5418);
#5417 = CARTESIAN_POINT('',(37.79482421875,72.39404296875,3.65));
#5418 = VECTOR('',#5419,1.);
#5419 = DIRECTION('',(0.,0.,1.));
#5420 = PCURVE('',#2321,#5421);
#5421 = DEFINITIONAL_REPRESENTATION('',(#5422),#5426);
#5422 = LINE('',#5423,#5424);
#5423 = CARTESIAN_POINT('',(0.,0.));
#5424 = VECTOR('',#5425,1.);
#5425 = DIRECTION('',(0.,-1.));
#5426 = ( GEOMETRIC_REPRESENTATION_CONTEXT(2) 
PARAMETRIC_REPRESENTATION_CONTEXT() REPRESENTATION_CONTEXT('2D SPACE',''
  ) );
#5427 = PCURVE('',#2272,#5428);
#5428 = DEFINITIONAL_REPRESENTATION('',(#5429),#5433);
#5429 = LINE('',#5430,#5431);
#5430 = CARTESIAN_POINT('',(1.,0.));
#5431 = VECTOR('',#5432,1.);
#5432 = DIRECTION('',(0.,-1.));
#5433 = ( GEOMETRIC_REPRESENTATION_CONTEXT(2) 
PARAMETRIC_REPRESENTATION_CONTEXT() REPRESENTATION_CONTEXT('2D SPACE',''
  ) );
#5434 = ORIENTED_EDGE('',*,*,#2293,.F.);
#5435 = ORIENTED_EDGE('',*,*,#5345,.F.);
#5436 = ADVANCED_FACE('',(#5437),#2272,.F.);
#5437 = FACE_BOUND('',#5438,.F.);
#5438 = EDGE_LOOP('',(#5439,#5462,#5483,#5484));
#5439 = ORIENTED_EDGE('',*,*,#5440,.F.);
#5440 = EDGE_CURVE('',#5441,#5392,#5443,.T.);
#5441 = VERTEX_POINT('',#5442);
#5442 = CARTESIAN_POINT('',(38.2412109375,72.24091796875,3.65));
#5443 = SURFACE_CURVE('',#5444,(#5448,#5455),.PCURVE_S1.);
#5444 = B_SPLINE_CURVE_WITH_KNOTS('',2,(#5445,#5446,#5447),
  .UNSPECIFIED.,.F.,.F.,(3,3),(0.,1.),.PIECEWISE_BEZIER_KNOTS.);
#5445 = CARTESIAN_POINT('',(38.2412109375,72.24091796875,3.65));
#5446 = CARTESIAN_POINT('',(37.9677734375,72.24091796875,3.65));
#5447 = CARTESIAN_POINT('',(37.79482421875,72.39404296875,3.65));
#5448 = PCURVE('',#2272,#5449);
#5449 = DEFINITIONAL_REPRESENTATION('',(#5450),#5454);
#5450 = LINE('',#5451,#5452);
#5451 = CARTESIAN_POINT('',(0.,0.));
#5452 = VECTOR('',#5453,1.);
#5453 = DIRECTION('',(1.,0.));
#5454 = ( GEOMETRIC_REPRESENTATION_CONTEXT(2) 
PARAMETRIC_REPRESENTATION_CONTEXT() REPRESENTATION_CONTEXT('2D SPACE',''
  ) );
#5455 = PCURVE('',#5333,#5456);
#5456 = DEFINITIONAL_REPRESENTATION('',(#5457),#5461);
#5457 = B_SPLINE_CURVE_WITH_KNOTS('',2,(#5458,#5459,#5460),
  .UNSPECIFIED.,.F.,.F.,(3,3),(0.,1.),.PIECEWISE_BEZIER_KNOTS.);
#5458 = CARTESIAN_POINT('',(0.76015625,-3.41796875E-02));
#5459 = CARTESIAN_POINT('',(0.48671875,-3.41796875E-02));
#5460 = CARTESIAN_POINT('',(0.31376953125,0.1189453125));
#5461 = ( GEOMETRIC_REPRESENTATION_CONTEXT(2) 
PARAMETRIC_REPRESENTATION_CONTEXT() REPRESENTATION_CONTEXT('2D SPACE',''
  ) );
#5462 = ORIENTED_EDGE('',*,*,#5463,.T.);
#5463 = EDGE_CURVE('',#5441,#2192,#5464,.T.);
#5464 = SURFACE_CURVE('',#5465,(#5469,#5476),.PCURVE_S1.);
#5465 = LINE('',#5466,#5467);
#5466 = CARTESIAN_POINT('',(38.2412109375,72.24091796875,3.65));
#5467 = VECTOR('',#5468,1.);
#5468 = DIRECTION('',(0.,0.,1.));
#5469 = PCURVE('',#2272,#5470);
#5470 = DEFINITIONAL_REPRESENTATION('',(#5471),#5475);
#5471 = LINE('',#5472,#5473);
#5472 = CARTESIAN_POINT('',(0.,0.));
#5473 = VECTOR('',#5474,1.);
#5474 = DIRECTION('',(0.,-1.));
#5475 = ( GEOMETRIC_REPRESENTATION_CONTEXT(2) 
PARAMETRIC_REPRESENTATION_CONTEXT() REPRESENTATION_CONTEXT('2D SPACE',''
  ) );
#5476 = PCURVE('',#2221,#5477);
#5477 = DEFINITIONAL_REPRESENTATION('',(#5478),#5482);
#5478 = LINE('',#5479,#5480);
#5479 = CARTESIAN_POINT('',(1.,0.));
#5480 = VECTOR('',#5481,1.);
#5481 = DIRECTION('',(0.,-1.));
#5482 = ( GEOMETRIC_REPRESENTATION_CONTEXT(2) 
PARAMETRIC_REPRESENTATION_CONTEXT() REPRESENTATION_CONTEXT('2D SPACE',''
  ) );
#5483 = ORIENTED_EDGE('',*,*,#2242,.F.);
#5484 = ORIENTED_EDGE('',*,*,#5414,.F.);
#5485 = ADVANCED_FACE('',(#5486),#2221,.F.);
#5486 = FACE_BOUND('',#5487,.F.);
#5487 = EDGE_LOOP('',(#5488,#5511,#5532,#5533));
#5488 = ORIENTED_EDGE('',*,*,#5489,.F.);
#5489 = EDGE_CURVE('',#5490,#5441,#5492,.T.);
#5490 = VERTEX_POINT('',#5491);
#5491 = CARTESIAN_POINT('',(38.767578125,72.48427734375,3.65));
#5492 = SURFACE_CURVE('',#5493,(#5497,#5504),.PCURVE_S1.);
#5493 = B_SPLINE_CURVE_WITH_KNOTS('',2,(#5494,#5495,#5496),
  .UNSPECIFIED.,.F.,.F.,(3,3),(0.,1.),.PIECEWISE_BEZIER_KNOTS.);
#5494 = CARTESIAN_POINT('',(38.767578125,72.48427734375,3.65));
#5495 = CARTESIAN_POINT('',(38.5748046875,72.24091796875,3.65));
#5496 = CARTESIAN_POINT('',(38.2412109375,72.24091796875,3.65));
#5497 = PCURVE('',#2221,#5498);
#5498 = DEFINITIONAL_REPRESENTATION('',(#5499),#5503);
#5499 = LINE('',#5500,#5501);
#5500 = CARTESIAN_POINT('',(0.,0.));
#5501 = VECTOR('',#5502,1.);
#5502 = DIRECTION('',(1.,0.));
#5503 = ( GEOMETRIC_REPRESENTATION_CONTEXT(2) 
PARAMETRIC_REPRESENTATION_CONTEXT() REPRESENTATION_CONTEXT('2D SPACE',''
  ) );
#5504 = PCURVE('',#5333,#5505);
#5505 = DEFINITIONAL_REPRESENTATION('',(#5506),#5510);
#5506 = B_SPLINE_CURVE_WITH_KNOTS('',2,(#5507,#5508,#5509),
  .UNSPECIFIED.,.F.,.F.,(3,3),(0.,1.),.PIECEWISE_BEZIER_KNOTS.);
#5507 = CARTESIAN_POINT('',(1.2865234375,0.2091796875));
#5508 = CARTESIAN_POINT('',(1.09375,-3.41796875E-02));
#5509 = CARTESIAN_POINT('',(0.76015625,-3.41796875E-02));
#5510 = ( GEOMETRIC_REPRESENTATION_CONTEXT(2) 
PARAMETRIC_REPRESENTATION_CONTEXT() REPRESENTATION_CONTEXT('2D SPACE',''
  ) );
#5511 = ORIENTED_EDGE('',*,*,#5512,.T.);
#5512 = EDGE_CURVE('',#5490,#2141,#5513,.T.);
#5513 = SURFACE_CURVE('',#5514,(#5518,#5525),.PCURVE_S1.);
#5514 = LINE('',#5515,#5516);
#5515 = CARTESIAN_POINT('',(38.767578125,72.48427734375,3.65));
#5516 = VECTOR('',#5517,1.);
#5517 = DIRECTION('',(0.,0.,1.));
#5518 = PCURVE('',#2221,#5519);
#5519 = DEFINITIONAL_REPRESENTATION('',(#5520),#5524);
#5520 = LINE('',#5521,#5522);
#5521 = CARTESIAN_POINT('',(0.,0.));
#5522 = VECTOR('',#5523,1.);
#5523 = DIRECTION('',(0.,-1.));
#5524 = ( GEOMETRIC_REPRESENTATION_CONTEXT(2) 
PARAMETRIC_REPRESENTATION_CONTEXT() REPRESENTATION_CONTEXT('2D SPACE',''
  ) );
#5525 = PCURVE('',#2170,#5526);
#5526 = DEFINITIONAL_REPRESENTATION('',(#5527),#5531);
#5527 = LINE('',#5528,#5529);
#5528 = CARTESIAN_POINT('',(1.,0.));
#5529 = VECTOR('',#5530,1.);
#5530 = DIRECTION('',(0.,-1.));
#5531 = ( GEOMETRIC_REPRESENTATION_CONTEXT(2) 
PARAMETRIC_REPRESENTATION_CONTEXT() REPRESENTATION_CONTEXT('2D SPACE',''
  ) );
#5532 = ORIENTED_EDGE('',*,*,#2191,.F.);
#5533 = ORIENTED_EDGE('',*,*,#5463,.F.);
#5534 = ADVANCED_FACE('',(#5535),#2170,.F.);
#5535 = FACE_BOUND('',#5536,.F.);
#5536 = EDGE_LOOP('',(#5537,#5560,#5581,#5582));
#5537 = ORIENTED_EDGE('',*,*,#5538,.F.);
#5538 = EDGE_CURVE('',#5539,#5490,#5541,.T.);
#5539 = VERTEX_POINT('',#5540);
#5540 = CARTESIAN_POINT('',(38.926171875,72.95458984375,3.65));
#5541 = SURFACE_CURVE('',#5542,(#5546,#5553),.PCURVE_S1.);
#5542 = B_SPLINE_CURVE_WITH_KNOTS('',2,(#5543,#5544,#5545),
  .UNSPECIFIED.,.F.,.F.,(3,3),(0.,1.),.PIECEWISE_BEZIER_KNOTS.);
#5543 = CARTESIAN_POINT('',(38.926171875,72.95458984375,3.65));
#5544 = CARTESIAN_POINT('',(38.926171875,72.68251953125,3.65));
#5545 = CARTESIAN_POINT('',(38.767578125,72.48427734375,3.65));
#5546 = PCURVE('',#2170,#5547);
#5547 = DEFINITIONAL_REPRESENTATION('',(#5548),#5552);
#5548 = LINE('',#5549,#5550);
#5549 = CARTESIAN_POINT('',(0.,0.));
#5550 = VECTOR('',#5551,1.);
#5551 = DIRECTION('',(1.,0.));
#5552 = ( GEOMETRIC_REPRESENTATION_CONTEXT(2) 
PARAMETRIC_REPRESENTATION_CONTEXT() REPRESENTATION_CONTEXT('2D SPACE',''
  ) );
#5553 = PCURVE('',#5333,#5554);
#5554 = DEFINITIONAL_REPRESENTATION('',(#5555),#5559);
#5555 = B_SPLINE_CURVE_WITH_KNOTS('',2,(#5556,#5557,#5558),
  .UNSPECIFIED.,.F.,.F.,(3,3),(0.,1.),.PIECEWISE_BEZIER_KNOTS.);
#5556 = CARTESIAN_POINT('',(1.4451171875,0.6794921875));
#5557 = CARTESIAN_POINT('',(1.4451171875,0.407421875));
#5558 = CARTESIAN_POINT('',(1.2865234375,0.2091796875));
#5559 = ( GEOMETRIC_REPRESENTATION_CONTEXT(2) 
PARAMETRIC_REPRESENTATION_CONTEXT() REPRESENTATION_CONTEXT('2D SPACE',''
  ) );
#5560 = ORIENTED_EDGE('',*,*,#5561,.T.);
#5561 = EDGE_CURVE('',#5539,#2090,#5562,.T.);
#5562 = SURFACE_CURVE('',#5563,(#5567,#5574),.PCURVE_S1.);
#5563 = LINE('',#5564,#5565);
#5564 = CARTESIAN_POINT('',(38.926171875,72.95458984375,3.65));
#5565 = VECTOR('',#5566,1.);
#5566 = DIRECTION('',(0.,0.,1.));
#5567 = PCURVE('',#2170,#5568);
#5568 = DEFINITIONAL_REPRESENTATION('',(#5569),#5573);
#5569 = LINE('',#5570,#5571);
#5570 = CARTESIAN_POINT('',(0.,0.));
#5571 = VECTOR('',#5572,1.);
#5572 = DIRECTION('',(0.,-1.));
#5573 = ( GEOMETRIC_REPRESENTATION_CONTEXT(2) 
PARAMETRIC_REPRESENTATION_CONTEXT() REPRESENTATION_CONTEXT('2D SPACE',''
  ) );
#5574 = PCURVE('',#2119,#5575);
#5575 = DEFINITIONAL_REPRESENTATION('',(#5576),#5580);
#5576 = LINE('',#5577,#5578);
#5577 = CARTESIAN_POINT('',(1.,0.));
#5578 = VECTOR('',#5579,1.);
#5579 = DIRECTION('',(0.,-1.));
#5580 = ( GEOMETRIC_REPRESENTATION_CONTEXT(2) 
PARAMETRIC_REPRESENTATION_CONTEXT() REPRESENTATION_CONTEXT('2D SPACE',''
  ) );
#5581 = ORIENTED_EDGE('',*,*,#2140,.F.);
#5582 = ORIENTED_EDGE('',*,*,#5512,.F.);
#5583 = ADVANCED_FACE('',(#5584),#2119,.F.);
#5584 = FACE_BOUND('',#5585,.F.);
#5585 = EDGE_LOOP('',(#5586,#5609,#5630,#5631));
#5586 = ORIENTED_EDGE('',*,*,#5587,.F.);
#5587 = EDGE_CURVE('',#5588,#5539,#5590,.T.);
#5588 = VERTEX_POINT('',#5589);
#5589 = CARTESIAN_POINT('',(38.745703125,73.42216796875,3.65));
#5590 = SURFACE_CURVE('',#5591,(#5595,#5602),.PCURVE_S1.);
#5591 = B_SPLINE_CURVE_WITH_KNOTS('',2,(#5592,#5593,#5594),
  .UNSPECIFIED.,.F.,.F.,(3,3),(0.,1.),.PIECEWISE_BEZIER_KNOTS.);
#5592 = CARTESIAN_POINT('',(38.745703125,73.42216796875,3.65));
#5593 = CARTESIAN_POINT('',(38.926171875,73.24033203125,3.65));
#5594 = CARTESIAN_POINT('',(38.926171875,72.95458984375,3.65));
#5595 = PCURVE('',#2119,#5596);
#5596 = DEFINITIONAL_REPRESENTATION('',(#5597),#5601);
#5597 = LINE('',#5598,#5599);
#5598 = CARTESIAN_POINT('',(0.,0.));
#5599 = VECTOR('',#5600,1.);
#5600 = DIRECTION('',(1.,0.));
#5601 = ( GEOMETRIC_REPRESENTATION_CONTEXT(2) 
PARAMETRIC_REPRESENTATION_CONTEXT() REPRESENTATION_CONTEXT('2D SPACE',''
  ) );
#5602 = PCURVE('',#5333,#5603);
#5603 = DEFINITIONAL_REPRESENTATION('',(#5604),#5608);
#5604 = B_SPLINE_CURVE_WITH_KNOTS('',2,(#5605,#5606,#5607),
  .UNSPECIFIED.,.F.,.F.,(3,3),(0.,1.),.PIECEWISE_BEZIER_KNOTS.);
#5605 = CARTESIAN_POINT('',(1.2646484375,1.1470703125));
#5606 = CARTESIAN_POINT('',(1.4451171875,0.965234375));
#5607 = CARTESIAN_POINT('',(1.4451171875,0.6794921875));
#5608 = ( GEOMETRIC_REPRESENTATION_CONTEXT(2) 
PARAMETRIC_REPRESENTATION_CONTEXT() REPRESENTATION_CONTEXT('2D SPACE',''
  ) );
#5609 = ORIENTED_EDGE('',*,*,#5610,.T.);
#5610 = EDGE_CURVE('',#5588,#2039,#5611,.T.);
#5611 = SURFACE_CURVE('',#5612,(#5616,#5623),.PCURVE_S1.);
#5612 = LINE('',#5613,#5614);
#5613 = CARTESIAN_POINT('',(38.745703125,73.42216796875,3.65));
#5614 = VECTOR('',#5615,1.);
#5615 = DIRECTION('',(0.,0.,1.));
#5616 = PCURVE('',#2119,#5617);
#5617 = DEFINITIONAL_REPRESENTATION('',(#5618),#5622);
#5618 = LINE('',#5619,#5620);
#5619 = CARTESIAN_POINT('',(0.,0.));
#5620 = VECTOR('',#5621,1.);
#5621 = DIRECTION('',(0.,-1.));
#5622 = ( GEOMETRIC_REPRESENTATION_CONTEXT(2) 
PARAMETRIC_REPRESENTATION_CONTEXT() REPRESENTATION_CONTEXT('2D SPACE',''
  ) );
#5623 = PCURVE('',#2068,#5624);
#5624 = DEFINITIONAL_REPRESENTATION('',(#5625),#5629);
#5625 = LINE('',#5626,#5627);
#5626 = CARTESIAN_POINT('',(1.,0.));
#5627 = VECTOR('',#5628,1.);
#5628 = DIRECTION('',(0.,-1.));
#5629 = ( GEOMETRIC_REPRESENTATION_CONTEXT(2) 
PARAMETRIC_REPRESENTATION_CONTEXT() REPRESENTATION_CONTEXT('2D SPACE',''
  ) );
#5630 = ORIENTED_EDGE('',*,*,#2089,.F.);
#5631 = ORIENTED_EDGE('',*,*,#5561,.F.);
#5632 = ADVANCED_FACE('',(#5633),#2068,.F.);
#5633 = FACE_BOUND('',#5634,.F.);
#5634 = EDGE_LOOP('',(#5635,#5658,#5679,#5680));
#5635 = ORIENTED_EDGE('',*,*,#5636,.F.);
#5636 = EDGE_CURVE('',#5637,#5588,#5639,.T.);
#5637 = VERTEX_POINT('',#5638);
#5638 = CARTESIAN_POINT('',(38.302734375,73.60400390625,3.65));
#5639 = SURFACE_CURVE('',#5640,(#5644,#5651),.PCURVE_S1.);
#5640 = B_SPLINE_CURVE_WITH_KNOTS('',2,(#5641,#5642,#5643),
  .UNSPECIFIED.,.F.,.F.,(3,3),(0.,1.),.PIECEWISE_BEZIER_KNOTS.);
#5641 = CARTESIAN_POINT('',(38.302734375,73.60400390625,3.65));
#5642 = CARTESIAN_POINT('',(38.565234375,73.60400390625,3.65));
#5643 = CARTESIAN_POINT('',(38.745703125,73.42216796875,3.65));
#5644 = PCURVE('',#2068,#5645);
#5645 = DEFINITIONAL_REPRESENTATION('',(#5646),#5650);
#5646 = LINE('',#5647,#5648);
#5647 = CARTESIAN_POINT('',(0.,0.));
#5648 = VECTOR('',#5649,1.);
#5649 = DIRECTION('',(1.,0.));
#5650 = ( GEOMETRIC_REPRESENTATION_CONTEXT(2) 
PARAMETRIC_REPRESENTATION_CONTEXT() REPRESENTATION_CONTEXT('2D SPACE',''
  ) );
#5651 = PCURVE('',#5333,#5652);
#5652 = DEFINITIONAL_REPRESENTATION('',(#5653),#5657);
#5653 = B_SPLINE_CURVE_WITH_KNOTS('',2,(#5654,#5655,#5656),
  .UNSPECIFIED.,.F.,.F.,(3,3),(0.,1.),.PIECEWISE_BEZIER_KNOTS.);
#5654 = CARTESIAN_POINT('',(0.8216796875,1.32890625));
#5655 = CARTESIAN_POINT('',(1.0841796875,1.32890625));
#5656 = CARTESIAN_POINT('',(1.2646484375,1.1470703125));
#5657 = ( GEOMETRIC_REPRESENTATION_CONTEXT(2) 
PARAMETRIC_REPRESENTATION_CONTEXT() REPRESENTATION_CONTEXT('2D SPACE',''
  ) );
#5658 = ORIENTED_EDGE('',*,*,#5659,.T.);
#5659 = EDGE_CURVE('',#5637,#1988,#5660,.T.);
#5660 = SURFACE_CURVE('',#5661,(#5665,#5672),.PCURVE_S1.);
#5661 = LINE('',#5662,#5663);
#5662 = CARTESIAN_POINT('',(38.302734375,73.60400390625,3.65));
#5663 = VECTOR('',#5664,1.);
#5664 = DIRECTION('',(0.,0.,1.));
#5665 = PCURVE('',#2068,#5666);
#5666 = DEFINITIONAL_REPRESENTATION('',(#5667),#5671);
#5667 = LINE('',#5668,#5669);
#5668 = CARTESIAN_POINT('',(0.,0.));
#5669 = VECTOR('',#5670,1.);
#5670 = DIRECTION('',(0.,-1.));
#5671 = ( GEOMETRIC_REPRESENTATION_CONTEXT(2) 
PARAMETRIC_REPRESENTATION_CONTEXT() REPRESENTATION_CONTEXT('2D SPACE',''
  ) );
#5672 = PCURVE('',#2017,#5673);
#5673 = DEFINITIONAL_REPRESENTATION('',(#5674),#5678);
#5674 = LINE('',#5675,#5676);
#5675 = CARTESIAN_POINT('',(1.,0.));
#5676 = VECTOR('',#5677,1.);
#5677 = DIRECTION('',(0.,-1.));
#5678 = ( GEOMETRIC_REPRESENTATION_CONTEXT(2) 
PARAMETRIC_REPRESENTATION_CONTEXT() REPRESENTATION_CONTEXT('2D SPACE',''
  ) );
#5679 = ORIENTED_EDGE('',*,*,#2038,.F.);
#5680 = ORIENTED_EDGE('',*,*,#5610,.F.);
#5681 = ADVANCED_FACE('',(#5682),#2017,.F.);
#5682 = FACE_BOUND('',#5683,.F.);
#5683 = EDGE_LOOP('',(#5684,#5707,#5728,#5729));
#5684 = ORIENTED_EDGE('',*,*,#5685,.F.);
#5685 = EDGE_CURVE('',#5686,#5637,#5688,.T.);
#5686 = VERTEX_POINT('',#5687);
#5687 = CARTESIAN_POINT('',(37.9240234375,73.47822265625,3.65));
#5688 = SURFACE_CURVE('',#5689,(#5693,#5700),.PCURVE_S1.);
#5689 = B_SPLINE_CURVE_WITH_KNOTS('',2,(#5690,#5691,#5692),
  .UNSPECIFIED.,.F.,.F.,(3,3),(0.,1.),.PIECEWISE_BEZIER_KNOTS.);
#5690 = CARTESIAN_POINT('',(37.9240234375,73.47822265625,3.65));
#5691 = CARTESIAN_POINT('',(38.1044921875,73.60400390625,3.65));
#5692 = CARTESIAN_POINT('',(38.302734375,73.60400390625,3.65));
#5693 = PCURVE('',#2017,#5694);
#5694 = DEFINITIONAL_REPRESENTATION('',(#5695),#5699);
#5695 = LINE('',#5696,#5697);
#5696 = CARTESIAN_POINT('',(0.,0.));
#5697 = VECTOR('',#5698,1.);
#5698 = DIRECTION('',(1.,0.));
#5699 = ( GEOMETRIC_REPRESENTATION_CONTEXT(2) 
PARAMETRIC_REPRESENTATION_CONTEXT() REPRESENTATION_CONTEXT('2D SPACE',''
  ) );
#5700 = PCURVE('',#5333,#5701);
#5701 = DEFINITIONAL_REPRESENTATION('',(#5702),#5706);
#5702 = B_SPLINE_CURVE_WITH_KNOTS('',2,(#5703,#5704,#5705),
  .UNSPECIFIED.,.F.,.F.,(3,3),(0.,1.),.PIECEWISE_BEZIER_KNOTS.);
#5703 = CARTESIAN_POINT('',(0.44296875,1.203125));
#5704 = CARTESIAN_POINT('',(0.6234375,1.32890625));
#5705 = CARTESIAN_POINT('',(0.8216796875,1.32890625));
#5706 = ( GEOMETRIC_REPRESENTATION_CONTEXT(2) 
PARAMETRIC_REPRESENTATION_CONTEXT() REPRESENTATION_CONTEXT('2D SPACE',''
  ) );
#5707 = ORIENTED_EDGE('',*,*,#5708,.T.);
#5708 = EDGE_CURVE('',#5686,#1962,#5709,.T.);
#5709 = SURFACE_CURVE('',#5710,(#5714,#5721),.PCURVE_S1.);
#5710 = LINE('',#5711,#5712);
#5711 = CARTESIAN_POINT('',(37.9240234375,73.47822265625,3.65));
#5712 = VECTOR('',#5713,1.);
#5713 = DIRECTION('',(0.,0.,1.));
#5714 = PCURVE('',#2017,#5715);
#5715 = DEFINITIONAL_REPRESENTATION('',(#5716),#5720);
#5716 = LINE('',#5717,#5718);
#5717 = CARTESIAN_POINT('',(0.,0.));
#5718 = VECTOR('',#5719,1.);
#5719 = DIRECTION('',(0.,-1.));
#5720 = ( GEOMETRIC_REPRESENTATION_CONTEXT(2) 
PARAMETRIC_REPRESENTATION_CONTEXT() REPRESENTATION_CONTEXT('2D SPACE',''
  ) );
#5721 = PCURVE('',#1976,#5722);
#5722 = DEFINITIONAL_REPRESENTATION('',(#5723),#5727);
#5723 = LINE('',#5724,#5725);
#5724 = CARTESIAN_POINT('',(0.549393371344,0.));
#5725 = VECTOR('',#5726,1.);
#5726 = DIRECTION('',(0.,-1.));
#5727 = ( GEOMETRIC_REPRESENTATION_CONTEXT(2) 
PARAMETRIC_REPRESENTATION_CONTEXT() REPRESENTATION_CONTEXT('2D SPACE',''
  ) );
#5728 = ORIENTED_EDGE('',*,*,#1987,.F.);
#5729 = ORIENTED_EDGE('',*,*,#5659,.F.);
#5730 = ADVANCED_FACE('',(#5731),#1976,.F.);
#5731 = FACE_BOUND('',#5732,.F.);
#5732 = EDGE_LOOP('',(#5733,#5756,#5777,#5778));
#5733 = ORIENTED_EDGE('',*,*,#5734,.F.);
#5734 = EDGE_CURVE('',#5735,#5686,#5737,.T.);
#5735 = VERTEX_POINT('',#5736);
#5736 = CARTESIAN_POINT('',(38.03203125,74.01689453125,3.65));
#5737 = SURFACE_CURVE('',#5738,(#5742,#5749),.PCURVE_S1.);
#5738 = LINE('',#5739,#5740);
#5739 = CARTESIAN_POINT('',(38.03203125,74.01689453125,3.65));
#5740 = VECTOR('',#5741,1.);
#5741 = DIRECTION('',(-0.196594677209,-0.980484845825,0.));
#5742 = PCURVE('',#1976,#5743);
#5743 = DEFINITIONAL_REPRESENTATION('',(#5744),#5748);
#5744 = LINE('',#5745,#5746);
#5745 = CARTESIAN_POINT('',(0.,0.));
#5746 = VECTOR('',#5747,1.);
#5747 = DIRECTION('',(1.,0.));
#5748 = ( GEOMETRIC_REPRESENTATION_CONTEXT(2) 
PARAMETRIC_REPRESENTATION_CONTEXT() REPRESENTATION_CONTEXT('2D SPACE',''
  ) );
#5749 = PCURVE('',#5333,#5750);
#5750 = DEFINITIONAL_REPRESENTATION('',(#5751),#5755);
#5751 = LINE('',#5752,#5753);
#5752 = CARTESIAN_POINT('',(0.5509765625,1.741796875));
#5753 = VECTOR('',#5754,1.);
#5754 = DIRECTION('',(-0.196594677209,-0.980484845825));
#5755 = ( GEOMETRIC_REPRESENTATION_CONTEXT(2) 
PARAMETRIC_REPRESENTATION_CONTEXT() REPRESENTATION_CONTEXT('2D SPACE',''
  ) );
#5756 = ORIENTED_EDGE('',*,*,#5757,.T.);
#5757 = EDGE_CURVE('',#5735,#1936,#5758,.T.);
#5758 = SURFACE_CURVE('',#5759,(#5763,#5770),.PCURVE_S1.);
#5759 = LINE('',#5760,#5761);
#5760 = CARTESIAN_POINT('',(38.03203125,74.01689453125,3.65));
#5761 = VECTOR('',#5762,1.);
#5762 = DIRECTION('',(0.,0.,1.));
#5763 = PCURVE('',#1976,#5764);
#5764 = DEFINITIONAL_REPRESENTATION('',(#5765),#5769);
#5765 = LINE('',#5766,#5767);
#5766 = CARTESIAN_POINT('',(0.,0.));
#5767 = VECTOR('',#5768,1.);
#5768 = DIRECTION('',(0.,-1.));
#5769 = ( GEOMETRIC_REPRESENTATION_CONTEXT(2) 
PARAMETRIC_REPRESENTATION_CONTEXT() REPRESENTATION_CONTEXT('2D SPACE',''
  ) );
#5770 = PCURVE('',#1950,#5771);
#5771 = DEFINITIONAL_REPRESENTATION('',(#5772),#5776);
#5772 = LINE('',#5773,#5774);
#5773 = CARTESIAN_POINT('',(0.7998046875,0.));
#5774 = VECTOR('',#5775,1.);
#5775 = DIRECTION('',(0.,-1.));
#5776 = ( GEOMETRIC_REPRESENTATION_CONTEXT(2) 
PARAMETRIC_REPRESENTATION_CONTEXT() REPRESENTATION_CONTEXT('2D SPACE',''
  ) );
#5777 = ORIENTED_EDGE('',*,*,#1961,.F.);
#5778 = ORIENTED_EDGE('',*,*,#5708,.F.);
#5779 = ADVANCED_FACE('',(#5780),#1950,.F.);
#5780 = FACE_BOUND('',#5781,.F.);
#5781 = EDGE_LOOP('',(#5782,#5805,#5826,#5827));
#5782 = ORIENTED_EDGE('',*,*,#5783,.F.);
#5783 = EDGE_CURVE('',#5784,#5735,#5786,.T.);
#5784 = VERTEX_POINT('',#5785);
#5785 = CARTESIAN_POINT('',(38.8318359375,74.01689453125,3.65));
#5786 = SURFACE_CURVE('',#5787,(#5791,#5798),.PCURVE_S1.);
#5787 = LINE('',#5788,#5789);
#5788 = CARTESIAN_POINT('',(38.8318359375,74.01689453125,3.65));
#5789 = VECTOR('',#5790,1.);
#5790 = DIRECTION('',(-1.,0.,0.));
#5791 = PCURVE('',#1950,#5792);
#5792 = DEFINITIONAL_REPRESENTATION('',(#5793),#5797);
#5793 = LINE('',#5794,#5795);
#5794 = CARTESIAN_POINT('',(0.,-0.));
#5795 = VECTOR('',#5796,1.);
#5796 = DIRECTION('',(1.,0.));
#5797 = ( GEOMETRIC_REPRESENTATION_CONTEXT(2) 
PARAMETRIC_REPRESENTATION_CONTEXT() REPRESENTATION_CONTEXT('2D SPACE',''
  ) );
#5798 = PCURVE('',#5333,#5799);
#5799 = DEFINITIONAL_REPRESENTATION('',(#5800),#5804);
#5800 = LINE('',#5801,#5802);
#5801 = CARTESIAN_POINT('',(1.35078125,1.741796875));
#5802 = VECTOR('',#5803,1.);
#5803 = DIRECTION('',(-1.,0.));
#5804 = ( GEOMETRIC_REPRESENTATION_CONTEXT(2) 
PARAMETRIC_REPRESENTATION_CONTEXT() REPRESENTATION_CONTEXT('2D SPACE',''
  ) );
#5805 = ORIENTED_EDGE('',*,*,#5806,.T.);
#5806 = EDGE_CURVE('',#5784,#1910,#5807,.T.);
#5807 = SURFACE_CURVE('',#5808,(#5812,#5819),.PCURVE_S1.);
#5808 = LINE('',#5809,#5810);
#5809 = CARTESIAN_POINT('',(38.8318359375,74.01689453125,3.65));
#5810 = VECTOR('',#5811,1.);
#5811 = DIRECTION('',(0.,0.,1.));
#5812 = PCURVE('',#1950,#5813);
#5813 = DEFINITIONAL_REPRESENTATION('',(#5814),#5818);
#5814 = LINE('',#5815,#5816);
#5815 = CARTESIAN_POINT('',(0.,-0.));
#5816 = VECTOR('',#5817,1.);
#5817 = DIRECTION('',(0.,-1.));
#5818 = ( GEOMETRIC_REPRESENTATION_CONTEXT(2) 
PARAMETRIC_REPRESENTATION_CONTEXT() REPRESENTATION_CONTEXT('2D SPACE',''
  ) );
#5819 = PCURVE('',#1924,#5820);
#5820 = DEFINITIONAL_REPRESENTATION('',(#5821),#5825);
#5821 = LINE('',#5822,#5823);
#5822 = CARTESIAN_POINT('',(0.23515625,0.));
#5823 = VECTOR('',#5824,1.);
#5824 = DIRECTION('',(0.,-1.));
#5825 = ( GEOMETRIC_REPRESENTATION_CONTEXT(2) 
PARAMETRIC_REPRESENTATION_CONTEXT() REPRESENTATION_CONTEXT('2D SPACE',''
  ) );
#5826 = ORIENTED_EDGE('',*,*,#1935,.F.);
#5827 = ORIENTED_EDGE('',*,*,#5757,.F.);
#5828 = ADVANCED_FACE('',(#5829),#1924,.F.);
#5829 = FACE_BOUND('',#5830,.F.);
#5830 = EDGE_LOOP('',(#5831,#5854,#5875,#5876));
#5831 = ORIENTED_EDGE('',*,*,#5832,.F.);
#5832 = EDGE_CURVE('',#5833,#5784,#5835,.T.);
#5833 = VERTEX_POINT('',#5834);
#5834 = CARTESIAN_POINT('',(38.8318359375,74.25205078125,3.65));
#5835 = SURFACE_CURVE('',#5836,(#5840,#5847),.PCURVE_S1.);
#5836 = LINE('',#5837,#5838);
#5837 = CARTESIAN_POINT('',(38.8318359375,74.25205078125,3.65));
#5838 = VECTOR('',#5839,1.);
#5839 = DIRECTION('',(0.,-1.,0.));
#5840 = PCURVE('',#1924,#5841);
#5841 = DEFINITIONAL_REPRESENTATION('',(#5842),#5846);
#5842 = LINE('',#5843,#5844);
#5843 = CARTESIAN_POINT('',(0.,0.));
#5844 = VECTOR('',#5845,1.);
#5845 = DIRECTION('',(1.,0.));
#5846 = ( GEOMETRIC_REPRESENTATION_CONTEXT(2) 
PARAMETRIC_REPRESENTATION_CONTEXT() REPRESENTATION_CONTEXT('2D SPACE',''
  ) );
#5847 = PCURVE('',#5333,#5848);
#5848 = DEFINITIONAL_REPRESENTATION('',(#5849),#5853);
#5849 = LINE('',#5850,#5851);
#5850 = CARTESIAN_POINT('',(1.35078125,1.976953125));
#5851 = VECTOR('',#5852,1.);
#5852 = DIRECTION('',(0.,-1.));
#5853 = ( GEOMETRIC_REPRESENTATION_CONTEXT(2) 
PARAMETRIC_REPRESENTATION_CONTEXT() REPRESENTATION_CONTEXT('2D SPACE',''
  ) );
#5854 = ORIENTED_EDGE('',*,*,#5855,.T.);
#5855 = EDGE_CURVE('',#5833,#1884,#5856,.T.);
#5856 = SURFACE_CURVE('',#5857,(#5861,#5868),.PCURVE_S1.);
#5857 = LINE('',#5858,#5859);
#5858 = CARTESIAN_POINT('',(38.8318359375,74.25205078125,3.65));
#5859 = VECTOR('',#5860,1.);
#5860 = DIRECTION('',(0.,0.,1.));
#5861 = PCURVE('',#1924,#5862);
#5862 = DEFINITIONAL_REPRESENTATION('',(#5863),#5867);
#5863 = LINE('',#5864,#5865);
#5864 = CARTESIAN_POINT('',(0.,0.));
#5865 = VECTOR('',#5866,1.);
#5866 = DIRECTION('',(0.,-1.));
#5867 = ( GEOMETRIC_REPRESENTATION_CONTEXT(2) 
PARAMETRIC_REPRESENTATION_CONTEXT() REPRESENTATION_CONTEXT('2D SPACE',''
  ) );
#5868 = PCURVE('',#1898,#5869);
#5869 = DEFINITIONAL_REPRESENTATION('',(#5870),#5874);
#5870 = LINE('',#5871,#5872);
#5871 = CARTESIAN_POINT('',(0.9966796875,0.));
#5872 = VECTOR('',#5873,1.);
#5873 = DIRECTION('',(0.,-1.));
#5874 = ( GEOMETRIC_REPRESENTATION_CONTEXT(2) 
PARAMETRIC_REPRESENTATION_CONTEXT() REPRESENTATION_CONTEXT('2D SPACE',''
  ) );
#5875 = ORIENTED_EDGE('',*,*,#1909,.F.);
#5876 = ORIENTED_EDGE('',*,*,#5806,.F.);
#5877 = ADVANCED_FACE('',(#5878),#1898,.F.);
#5878 = FACE_BOUND('',#5879,.F.);
#5879 = EDGE_LOOP('',(#5880,#5903,#5924,#5925));
#5880 = ORIENTED_EDGE('',*,*,#5881,.F.);
#5881 = EDGE_CURVE('',#5882,#5833,#5884,.T.);
#5882 = VERTEX_POINT('',#5883);
#5883 = CARTESIAN_POINT('',(37.83515625,74.25205078125,3.65));
#5884 = SURFACE_CURVE('',#5885,(#5889,#5896),.PCURVE_S1.);
#5885 = LINE('',#5886,#5887);
#5886 = CARTESIAN_POINT('',(37.83515625,74.25205078125,3.65));
#5887 = VECTOR('',#5888,1.);
#5888 = DIRECTION('',(1.,0.,0.));
#5889 = PCURVE('',#1898,#5890);
#5890 = DEFINITIONAL_REPRESENTATION('',(#5891),#5895);
#5891 = LINE('',#5892,#5893);
#5892 = CARTESIAN_POINT('',(0.,0.));
#5893 = VECTOR('',#5894,1.);
#5894 = DIRECTION('',(1.,0.));
#5895 = ( GEOMETRIC_REPRESENTATION_CONTEXT(2) 
PARAMETRIC_REPRESENTATION_CONTEXT() REPRESENTATION_CONTEXT('2D SPACE',''
  ) );
#5896 = PCURVE('',#5333,#5897);
#5897 = DEFINITIONAL_REPRESENTATION('',(#5898),#5902);
#5898 = LINE('',#5899,#5900);
#5899 = CARTESIAN_POINT('',(0.3541015625,1.976953125));
#5900 = VECTOR('',#5901,1.);
#5901 = DIRECTION('',(1.,0.));
#5902 = ( GEOMETRIC_REPRESENTATION_CONTEXT(2) 
PARAMETRIC_REPRESENTATION_CONTEXT() REPRESENTATION_CONTEXT('2D SPACE',''
  ) );
#5903 = ORIENTED_EDGE('',*,*,#5904,.T.);
#5904 = EDGE_CURVE('',#5882,#1858,#5905,.T.);
#5905 = SURFACE_CURVE('',#5906,(#5910,#5917),.PCURVE_S1.);
#5906 = LINE('',#5907,#5908);
#5907 = CARTESIAN_POINT('',(37.83515625,74.25205078125,3.65));
#5908 = VECTOR('',#5909,1.);
#5909 = DIRECTION('',(0.,0.,1.));
#5910 = PCURVE('',#1898,#5911);
#5911 = DEFINITIONAL_REPRESENTATION('',(#5912),#5916);
#5912 = LINE('',#5913,#5914);
#5913 = CARTESIAN_POINT('',(2.22044604925E-16,0.));
#5914 = VECTOR('',#5915,1.);
#5915 = DIRECTION('',(0.,-1.));
#5916 = ( GEOMETRIC_REPRESENTATION_CONTEXT(2) 
PARAMETRIC_REPRESENTATION_CONTEXT() REPRESENTATION_CONTEXT('2D SPACE',''
  ) );
#5917 = PCURVE('',#1872,#5918);
#5918 = DEFINITIONAL_REPRESENTATION('',(#5919),#5923);
#5919 = LINE('',#5920,#5921);
#5920 = CARTESIAN_POINT('',(1.047637698061,0.));
#5921 = VECTOR('',#5922,1.);
#5922 = DIRECTION('',(0.,-1.));
#5923 = ( GEOMETRIC_REPRESENTATION_CONTEXT(2) 
PARAMETRIC_REPRESENTATION_CONTEXT() REPRESENTATION_CONTEXT('2D SPACE',''
  ) );
#5924 = ORIENTED_EDGE('',*,*,#1883,.F.);
#5925 = ORIENTED_EDGE('',*,*,#5855,.F.);
#5926 = ADVANCED_FACE('',(#5927),#1872,.F.);
#5927 = FACE_BOUND('',#5928,.F.);
#5928 = EDGE_LOOP('',(#5929,#5952,#5973,#5974));
#5929 = ORIENTED_EDGE('',*,*,#5930,.F.);
#5930 = EDGE_CURVE('',#5931,#5882,#5933,.T.);
#5931 = VERTEX_POINT('',#5932);
#5932 = CARTESIAN_POINT('',(37.641015625,73.22255859375,3.65));
#5933 = SURFACE_CURVE('',#5934,(#5938,#5945),.PCURVE_S1.);
#5934 = LINE('',#5935,#5936);
#5935 = CARTESIAN_POINT('',(37.641015625,73.22255859375,3.65));
#5936 = VECTOR('',#5937,1.);
#5937 = DIRECTION('',(0.18531275207,0.982679593723,0.));
#5938 = PCURVE('',#1872,#5939);
#5939 = DEFINITIONAL_REPRESENTATION('',(#5940),#5944);
#5940 = LINE('',#5941,#5942);
#5941 = CARTESIAN_POINT('',(0.,0.));
#5942 = VECTOR('',#5943,1.);
#5943 = DIRECTION('',(1.,0.));
#5944 = ( GEOMETRIC_REPRESENTATION_CONTEXT(2) 
PARAMETRIC_REPRESENTATION_CONTEXT() REPRESENTATION_CONTEXT('2D SPACE',''
  ) );
#5945 = PCURVE('',#5333,#5946);
#5946 = DEFINITIONAL_REPRESENTATION('',(#5947),#5951);
#5947 = LINE('',#5948,#5949);
#5948 = CARTESIAN_POINT('',(0.1599609375,0.9474609375));
#5949 = VECTOR('',#5950,1.);
#5950 = DIRECTION('',(0.18531275207,0.982679593723));
#5951 = ( GEOMETRIC_REPRESENTATION_CONTEXT(2) 
PARAMETRIC_REPRESENTATION_CONTEXT() REPRESENTATION_CONTEXT('2D SPACE',''
  ) );
#5952 = ORIENTED_EDGE('',*,*,#5953,.T.);
#5953 = EDGE_CURVE('',#5931,#1832,#5954,.T.);
#5954 = SURFACE_CURVE('',#5955,(#5959,#5966),.PCURVE_S1.);
#5955 = LINE('',#5956,#5957);
#5956 = CARTESIAN_POINT('',(37.641015625,73.22255859375,3.65));
#5957 = VECTOR('',#5958,1.);
#5958 = DIRECTION('',(0.,0.,1.));
#5959 = PCURVE('',#1872,#5960);
#5960 = DEFINITIONAL_REPRESENTATION('',(#5961),#5965);
#5961 = LINE('',#5962,#5963);
#5962 = CARTESIAN_POINT('',(0.,0.));
#5963 = VECTOR('',#5964,1.);
#5964 = DIRECTION('',(0.,-1.));
#5965 = ( GEOMETRIC_REPRESENTATION_CONTEXT(2) 
PARAMETRIC_REPRESENTATION_CONTEXT() REPRESENTATION_CONTEXT('2D SPACE',''
  ) );
#5966 = PCURVE('',#1846,#5967);
#5967 = DEFINITIONAL_REPRESENTATION('',(#5968),#5972);
#5968 = LINE('',#5969,#5970);
#5969 = CARTESIAN_POINT('',(0.233004210733,0.));
#5970 = VECTOR('',#5971,1.);
#5971 = DIRECTION('',(0.,-1.));
#5972 = ( GEOMETRIC_REPRESENTATION_CONTEXT(2) 
PARAMETRIC_REPRESENTATION_CONTEXT() REPRESENTATION_CONTEXT('2D SPACE',''
  ) );
#5973 = ORIENTED_EDGE('',*,*,#1857,.F.);
#5974 = ORIENTED_EDGE('',*,*,#5904,.F.);
#5975 = ADVANCED_FACE('',(#5976),#1846,.F.);
#5976 = FACE_BOUND('',#5977,.F.);
#5977 = EDGE_LOOP('',(#5978,#6001,#6022,#6023));
#5978 = ORIENTED_EDGE('',*,*,#5979,.F.);
#5979 = EDGE_CURVE('',#5980,#5931,#5982,.T.);
#5980 = VERTEX_POINT('',#5981);
#5981 = CARTESIAN_POINT('',(37.8720703125,73.19248046875,3.65));
#5982 = SURFACE_CURVE('',#5983,(#5987,#5994),.PCURVE_S1.);
#5983 = LINE('',#5984,#5985);
#5984 = CARTESIAN_POINT('',(37.8720703125,73.19248046875,3.65));
#5985 = VECTOR('',#5986,1.);
#5986 = DIRECTION('',(-0.991633098704,0.129088332376,0.));
#5987 = PCURVE('',#1846,#5988);
#5988 = DEFINITIONAL_REPRESENTATION('',(#5989),#5993);
#5989 = LINE('',#5990,#5991);
#5990 = CARTESIAN_POINT('',(0.,0.));
#5991 = VECTOR('',#5992,1.);
#5992 = DIRECTION('',(1.,0.));
#5993 = ( GEOMETRIC_REPRESENTATION_CONTEXT(2) 
PARAMETRIC_REPRESENTATION_CONTEXT() REPRESENTATION_CONTEXT('2D SPACE',''
  ) );
#5994 = PCURVE('',#5333,#5995);
#5995 = DEFINITIONAL_REPRESENTATION('',(#5996),#6000);
#5996 = LINE('',#5997,#5998);
#5997 = CARTESIAN_POINT('',(0.391015625,0.9173828125));
#5998 = VECTOR('',#5999,1.);
#5999 = DIRECTION('',(-0.991633098704,0.129088332376));
#6000 = ( GEOMETRIC_REPRESENTATION_CONTEXT(2) 
PARAMETRIC_REPRESENTATION_CONTEXT() REPRESENTATION_CONTEXT('2D SPACE',''
  ) );
#6001 = ORIENTED_EDGE('',*,*,#6002,.T.);
#6002 = EDGE_CURVE('',#5980,#1787,#6003,.T.);
#6003 = SURFACE_CURVE('',#6004,(#6008,#6015),.PCURVE_S1.);
#6004 = LINE('',#6005,#6006);
#6005 = CARTESIAN_POINT('',(37.8720703125,73.19248046875,3.65));
#6006 = VECTOR('',#6007,1.);
#6007 = DIRECTION('',(0.,0.,1.));
#6008 = PCURVE('',#1846,#6009);
#6009 = DEFINITIONAL_REPRESENTATION('',(#6010),#6014);
#6010 = LINE('',#6011,#6012);
#6011 = CARTESIAN_POINT('',(0.,0.));
#6012 = VECTOR('',#6013,1.);
#6013 = DIRECTION('',(0.,-1.));
#6014 = ( GEOMETRIC_REPRESENTATION_CONTEXT(2) 
PARAMETRIC_REPRESENTATION_CONTEXT() REPRESENTATION_CONTEXT('2D SPACE',''
  ) );
#6015 = PCURVE('',#1812,#6016);
#6016 = DEFINITIONAL_REPRESENTATION('',(#6017),#6021);
#6017 = LINE('',#6018,#6019);
#6018 = CARTESIAN_POINT('',(1.,0.));
#6019 = VECTOR('',#6020,1.);
#6020 = DIRECTION('',(0.,-1.));
#6021 = ( GEOMETRIC_REPRESENTATION_CONTEXT(2) 
PARAMETRIC_REPRESENTATION_CONTEXT() REPRESENTATION_CONTEXT('2D SPACE',''
  ) );
#6022 = ORIENTED_EDGE('',*,*,#1831,.F.);
#6023 = ORIENTED_EDGE('',*,*,#5953,.F.);
#6024 = ADVANCED_FACE('',(#6025),#1812,.F.);
#6025 = FACE_BOUND('',#6026,.F.);
#6026 = EDGE_LOOP('',(#6027,#6050,#6071,#6072));
#6027 = ORIENTED_EDGE('',*,*,#6028,.F.);
#6028 = EDGE_CURVE('',#6029,#5980,#6031,.T.);
#6029 = VERTEX_POINT('',#6030);
#6030 = CARTESIAN_POINT('',(38.0224609375,73.3326171875,3.65));
#6031 = SURFACE_CURVE('',#6032,(#6036,#6043),.PCURVE_S1.);
#6032 = B_SPLINE_CURVE_WITH_KNOTS('',2,(#6033,#6034,#6035),
  .UNSPECIFIED.,.F.,.F.,(3,3),(0.,1.),.PIECEWISE_BEZIER_KNOTS.);
#6033 = CARTESIAN_POINT('',(38.0224609375,73.3326171875,3.65));
#6034 = CARTESIAN_POINT('',(37.9267578125,73.27861328125,3.65));
#6035 = CARTESIAN_POINT('',(37.8720703125,73.19248046875,3.65));
#6036 = PCURVE('',#1812,#6037);
#6037 = DEFINITIONAL_REPRESENTATION('',(#6038),#6042);
#6038 = LINE('',#6039,#6040);
#6039 = CARTESIAN_POINT('',(0.,0.));
#6040 = VECTOR('',#6041,1.);
#6041 = DIRECTION('',(1.,0.));
#6042 = ( GEOMETRIC_REPRESENTATION_CONTEXT(2) 
PARAMETRIC_REPRESENTATION_CONTEXT() REPRESENTATION_CONTEXT('2D SPACE',''
  ) );
#6043 = PCURVE('',#5333,#6044);
#6044 = DEFINITIONAL_REPRESENTATION('',(#6045),#6049);
#6045 = B_SPLINE_CURVE_WITH_KNOTS('',2,(#6046,#6047,#6048),
  .UNSPECIFIED.,.F.,.F.,(3,3),(0.,1.),.PIECEWISE_BEZIER_KNOTS.);
#6046 = CARTESIAN_POINT('',(0.54140625,1.05751953125));
#6047 = CARTESIAN_POINT('',(0.445703125,1.003515625));
#6048 = CARTESIAN_POINT('',(0.391015625,0.9173828125));
#6049 = ( GEOMETRIC_REPRESENTATION_CONTEXT(2) 
PARAMETRIC_REPRESENTATION_CONTEXT() REPRESENTATION_CONTEXT('2D SPACE',''
  ) );
#6050 = ORIENTED_EDGE('',*,*,#6051,.T.);
#6051 = EDGE_CURVE('',#6029,#1742,#6052,.T.);
#6052 = SURFACE_CURVE('',#6053,(#6057,#6064),.PCURVE_S1.);
#6053 = LINE('',#6054,#6055);
#6054 = CARTESIAN_POINT('',(38.0224609375,73.3326171875,3.65));
#6055 = VECTOR('',#6056,1.);
#6056 = DIRECTION('',(0.,0.,1.));
#6057 = PCURVE('',#1812,#6058);
#6058 = DEFINITIONAL_REPRESENTATION('',(#6059),#6063);
#6059 = LINE('',#6060,#6061);
#6060 = CARTESIAN_POINT('',(0.,0.));
#6061 = VECTOR('',#6062,1.);
#6062 = DIRECTION('',(0.,-1.));
#6063 = ( GEOMETRIC_REPRESENTATION_CONTEXT(2) 
PARAMETRIC_REPRESENTATION_CONTEXT() REPRESENTATION_CONTEXT('2D SPACE',''
  ) );
#6064 = PCURVE('',#1767,#6065);
#6065 = DEFINITIONAL_REPRESENTATION('',(#6066),#6070);
#6066 = LINE('',#6067,#6068);
#6067 = CARTESIAN_POINT('',(1.,0.));
#6068 = VECTOR('',#6069,1.);
#6069 = DIRECTION('',(0.,-1.));
#6070 = ( GEOMETRIC_REPRESENTATION_CONTEXT(2) 
PARAMETRIC_REPRESENTATION_CONTEXT() REPRESENTATION_CONTEXT('2D SPACE',''
  ) );
#6071 = ORIENTED_EDGE('',*,*,#1786,.F.);
#6072 = ORIENTED_EDGE('',*,*,#6002,.F.);
#6073 = ADVANCED_FACE('',(#6074),#1767,.F.);
#6074 = FACE_BOUND('',#6075,.F.);
#6075 = EDGE_LOOP('',(#6076,#6099,#6120,#6121));
#6076 = ORIENTED_EDGE('',*,*,#6077,.F.);
#6077 = EDGE_CURVE('',#6078,#6029,#6080,.T.);
#6078 = VERTEX_POINT('',#6079);
#6079 = CARTESIAN_POINT('',(38.237109375,73.38662109375,3.65));
#6080 = SURFACE_CURVE('',#6081,(#6085,#6092),.PCURVE_S1.);
#6081 = B_SPLINE_CURVE_WITH_KNOTS('',2,(#6082,#6083,#6084),
  .UNSPECIFIED.,.F.,.F.,(3,3),(0.,1.),.PIECEWISE_BEZIER_KNOTS.);
#6082 = CARTESIAN_POINT('',(38.237109375,73.38662109375,3.65));
#6083 = CARTESIAN_POINT('',(38.1181640625,73.38662109375,3.65));
#6084 = CARTESIAN_POINT('',(38.0224609375,73.3326171875,3.65));
#6085 = PCURVE('',#1767,#6086);
#6086 = DEFINITIONAL_REPRESENTATION('',(#6087),#6091);
#6087 = LINE('',#6088,#6089);
#6088 = CARTESIAN_POINT('',(0.,0.));
#6089 = VECTOR('',#6090,1.);
#6090 = DIRECTION('',(1.,0.));
#6091 = ( GEOMETRIC_REPRESENTATION_CONTEXT(2) 
PARAMETRIC_REPRESENTATION_CONTEXT() REPRESENTATION_CONTEXT('2D SPACE',''
  ) );
#6092 = PCURVE('',#5333,#6093);
#6093 = DEFINITIONAL_REPRESENTATION('',(#6094),#6098);
#6094 = B_SPLINE_CURVE_WITH_KNOTS('',2,(#6095,#6096,#6097),
  .UNSPECIFIED.,.F.,.F.,(3,3),(0.,1.),.PIECEWISE_BEZIER_KNOTS.);
#6095 = CARTESIAN_POINT('',(0.7560546875,1.1115234375));
#6096 = CARTESIAN_POINT('',(0.637109375,1.1115234375));
#6097 = CARTESIAN_POINT('',(0.54140625,1.05751953125));
#6098 = ( GEOMETRIC_REPRESENTATION_CONTEXT(2) 
PARAMETRIC_REPRESENTATION_CONTEXT() REPRESENTATION_CONTEXT('2D SPACE',''
  ) );
#6099 = ORIENTED_EDGE('',*,*,#6100,.T.);
#6100 = EDGE_CURVE('',#6078,#1691,#6101,.T.);
#6101 = SURFACE_CURVE('',#6102,(#6106,#6113),.PCURVE_S1.);
#6102 = LINE('',#6103,#6104);
#6103 = CARTESIAN_POINT('',(38.237109375,73.38662109375,3.65));
#6104 = VECTOR('',#6105,1.);
#6105 = DIRECTION('',(0.,0.,1.));
#6106 = PCURVE('',#1767,#6107);
#6107 = DEFINITIONAL_REPRESENTATION('',(#6108),#6112);
#6108 = LINE('',#6109,#6110);
#6109 = CARTESIAN_POINT('',(0.,0.));
#6110 = VECTOR('',#6111,1.);
#6111 = DIRECTION('',(0.,-1.));
#6112 = ( GEOMETRIC_REPRESENTATION_CONTEXT(2) 
PARAMETRIC_REPRESENTATION_CONTEXT() REPRESENTATION_CONTEXT('2D SPACE',''
  ) );
#6113 = PCURVE('',#1720,#6114);
#6114 = DEFINITIONAL_REPRESENTATION('',(#6115),#6119);
#6115 = LINE('',#6116,#6117);
#6116 = CARTESIAN_POINT('',(1.,0.));
#6117 = VECTOR('',#6118,1.);
#6118 = DIRECTION('',(0.,-1.));
#6119 = ( GEOMETRIC_REPRESENTATION_CONTEXT(2) 
PARAMETRIC_REPRESENTATION_CONTEXT() REPRESENTATION_CONTEXT('2D SPACE',''
  ) );
#6120 = ORIENTED_EDGE('',*,*,#1741,.F.);
#6121 = ORIENTED_EDGE('',*,*,#6051,.F.);
#6122 = ADVANCED_FACE('',(#6123),#1720,.F.);
#6123 = FACE_BOUND('',#6124,.F.);
#6124 = EDGE_LOOP('',(#6125,#6148,#6169,#6170));
#6125 = ORIENTED_EDGE('',*,*,#6126,.F.);
#6126 = EDGE_CURVE('',#6127,#6078,#6129,.T.);
#6127 = VERTEX_POINT('',#6128);
#6128 = CARTESIAN_POINT('',(38.54677734375,73.26494140625,3.65));
#6129 = SURFACE_CURVE('',#6130,(#6134,#6141),.PCURVE_S1.);
#6130 = B_SPLINE_CURVE_WITH_KNOTS('',2,(#6131,#6132,#6133),
  .UNSPECIFIED.,.F.,.F.,(3,3),(0.,1.),.PIECEWISE_BEZIER_KNOTS.);
#6131 = CARTESIAN_POINT('',(38.54677734375,73.26494140625,3.65));
#6132 = CARTESIAN_POINT('',(38.428515625,73.38662109375,3.65));
#6133 = CARTESIAN_POINT('',(38.237109375,73.38662109375,3.65));
#6134 = PCURVE('',#1720,#6135);
#6135 = DEFINITIONAL_REPRESENTATION('',(#6136),#6140);
#6136 = LINE('',#6137,#6138);
#6137 = CARTESIAN_POINT('',(0.,0.));
#6138 = VECTOR('',#6139,1.);
#6139 = DIRECTION('',(1.,0.));
#6140 = ( GEOMETRIC_REPRESENTATION_CONTEXT(2) 
PARAMETRIC_REPRESENTATION_CONTEXT() REPRESENTATION_CONTEXT('2D SPACE',''
  ) );
#6141 = PCURVE('',#5333,#6142);
#6142 = DEFINITIONAL_REPRESENTATION('',(#6143),#6147);
#6143 = B_SPLINE_CURVE_WITH_KNOTS('',2,(#6144,#6145,#6146),
  .UNSPECIFIED.,.F.,.F.,(3,3),(0.,1.),.PIECEWISE_BEZIER_KNOTS.);
#6144 = CARTESIAN_POINT('',(1.06572265625,0.98984375));
#6145 = CARTESIAN_POINT('',(0.9474609375,1.1115234375));
#6146 = CARTESIAN_POINT('',(0.7560546875,1.1115234375));
#6147 = ( GEOMETRIC_REPRESENTATION_CONTEXT(2) 
PARAMETRIC_REPRESENTATION_CONTEXT() REPRESENTATION_CONTEXT('2D SPACE',''
  ) );
#6148 = ORIENTED_EDGE('',*,*,#6149,.T.);
#6149 = EDGE_CURVE('',#6127,#1640,#6150,.T.);
#6150 = SURFACE_CURVE('',#6151,(#6155,#6162),.PCURVE_S1.);
#6151 = LINE('',#6152,#6153);
#6152 = CARTESIAN_POINT('',(38.54677734375,73.26494140625,3.65));
#6153 = VECTOR('',#6154,1.);
#6154 = DIRECTION('',(0.,0.,1.));
#6155 = PCURVE('',#1720,#6156);
#6156 = DEFINITIONAL_REPRESENTATION('',(#6157),#6161);
#6157 = LINE('',#6158,#6159);
#6158 = CARTESIAN_POINT('',(0.,0.));
#6159 = VECTOR('',#6160,1.);
#6160 = DIRECTION('',(0.,-1.));
#6161 = ( GEOMETRIC_REPRESENTATION_CONTEXT(2) 
PARAMETRIC_REPRESENTATION_CONTEXT() REPRESENTATION_CONTEXT('2D SPACE',''
  ) );
#6162 = PCURVE('',#1669,#6163);
#6163 = DEFINITIONAL_REPRESENTATION('',(#6164),#6168);
#6164 = LINE('',#6165,#6166);
#6165 = CARTESIAN_POINT('',(1.,0.));
#6166 = VECTOR('',#6167,1.);
#6167 = DIRECTION('',(0.,-1.));
#6168 = ( GEOMETRIC_REPRESENTATION_CONTEXT(2) 
PARAMETRIC_REPRESENTATION_CONTEXT() REPRESENTATION_CONTEXT('2D SPACE',''
  ) );
#6169 = ORIENTED_EDGE('',*,*,#1690,.F.);
#6170 = ORIENTED_EDGE('',*,*,#6100,.F.);
#6171 = ADVANCED_FACE('',(#6172),#1669,.F.);
#6172 = FACE_BOUND('',#6173,.F.);
#6173 = EDGE_LOOP('',(#6174,#6197,#6218,#6219));
#6174 = ORIENTED_EDGE('',*,*,#6175,.F.);
#6175 = EDGE_CURVE('',#6176,#6127,#6178,.T.);
#6176 = VERTEX_POINT('',#6177);
#6177 = CARTESIAN_POINT('',(38.6650390625,72.93271484375,3.65));
#6178 = SURFACE_CURVE('',#6179,(#6183,#6190),.PCURVE_S1.);
#6179 = B_SPLINE_CURVE_WITH_KNOTS('',2,(#6180,#6181,#6182),
  .UNSPECIFIED.,.F.,.F.,(3,3),(0.,1.),.PIECEWISE_BEZIER_KNOTS.);
#6180 = CARTESIAN_POINT('',(38.6650390625,72.93271484375,3.65));
#6181 = CARTESIAN_POINT('',(38.6650390625,73.14326171875,3.65));
#6182 = CARTESIAN_POINT('',(38.54677734375,73.26494140625,3.65));
#6183 = PCURVE('',#1669,#6184);
#6184 = DEFINITIONAL_REPRESENTATION('',(#6185),#6189);
#6185 = LINE('',#6186,#6187);
#6186 = CARTESIAN_POINT('',(0.,0.));
#6187 = VECTOR('',#6188,1.);
#6188 = DIRECTION('',(1.,0.));
#6189 = ( GEOMETRIC_REPRESENTATION_CONTEXT(2) 
PARAMETRIC_REPRESENTATION_CONTEXT() REPRESENTATION_CONTEXT('2D SPACE',''
  ) );
#6190 = PCURVE('',#5333,#6191);
#6191 = DEFINITIONAL_REPRESENTATION('',(#6192),#6196);
#6192 = B_SPLINE_CURVE_WITH_KNOTS('',2,(#6193,#6194,#6195),
  .UNSPECIFIED.,.F.,.F.,(3,3),(0.,1.),.PIECEWISE_BEZIER_KNOTS.);
#6193 = CARTESIAN_POINT('',(1.183984375,0.6576171875));
#6194 = CARTESIAN_POINT('',(1.183984375,0.8681640625));
#6195 = CARTESIAN_POINT('',(1.06572265625,0.98984375));
#6196 = ( GEOMETRIC_REPRESENTATION_CONTEXT(2) 
PARAMETRIC_REPRESENTATION_CONTEXT() REPRESENTATION_CONTEXT('2D SPACE',''
  ) );
#6197 = ORIENTED_EDGE('',*,*,#6198,.T.);
#6198 = EDGE_CURVE('',#6176,#1589,#6199,.T.);
#6199 = SURFACE_CURVE('',#6200,(#6204,#6211),.PCURVE_S1.);
#6200 = LINE('',#6201,#6202);
#6201 = CARTESIAN_POINT('',(38.6650390625,72.93271484375,3.65));
#6202 = VECTOR('',#6203,1.);
#6203 = DIRECTION('',(0.,0.,1.));
#6204 = PCURVE('',#1669,#6205);
#6205 = DEFINITIONAL_REPRESENTATION('',(#6206),#6210);
#6206 = LINE('',#6207,#6208);
#6207 = CARTESIAN_POINT('',(0.,0.));
#6208 = VECTOR('',#6209,1.);
#6209 = DIRECTION('',(0.,-1.));
#6210 = ( GEOMETRIC_REPRESENTATION_CONTEXT(2) 
PARAMETRIC_REPRESENTATION_CONTEXT() REPRESENTATION_CONTEXT('2D SPACE',''
  ) );
#6211 = PCURVE('',#1618,#6212);
#6212 = DEFINITIONAL_REPRESENTATION('',(#6213),#6217);
#6213 = LINE('',#6214,#6215);
#6214 = CARTESIAN_POINT('',(1.,0.));
#6215 = VECTOR('',#6216,1.);
#6216 = DIRECTION('',(0.,-1.));
#6217 = ( GEOMETRIC_REPRESENTATION_CONTEXT(2) 
PARAMETRIC_REPRESENTATION_CONTEXT() REPRESENTATION_CONTEXT('2D SPACE',''
  ) );
#6218 = ORIENTED_EDGE('',*,*,#1639,.F.);
#6219 = ORIENTED_EDGE('',*,*,#6149,.F.);
#6220 = ADVANCED_FACE('',(#6221),#1618,.F.);
#6221 = FACE_BOUND('',#6222,.F.);
#6222 = EDGE_LOOP('',(#6223,#6246,#6267,#6268));
#6223 = ORIENTED_EDGE('',*,*,#6224,.F.);
#6224 = EDGE_CURVE('',#6225,#6176,#6227,.T.);
#6225 = VERTEX_POINT('',#6226);
#6226 = CARTESIAN_POINT('',(38.5419921875,72.57724609375,3.65));
#6227 = SURFACE_CURVE('',#6228,(#6232,#6239),.PCURVE_S1.);
#6228 = B_SPLINE_CURVE_WITH_KNOTS('',2,(#6229,#6230,#6231),
  .UNSPECIFIED.,.F.,.F.,(3,3),(0.,1.),.PIECEWISE_BEZIER_KNOTS.);
#6229 = CARTESIAN_POINT('',(38.5419921875,72.57724609375,3.65));
#6230 = CARTESIAN_POINT('',(38.6650390625,72.71123046875,3.65));
#6231 = CARTESIAN_POINT('',(38.6650390625,72.93271484375,3.65));
#6232 = PCURVE('',#1618,#6233);
#6233 = DEFINITIONAL_REPRESENTATION('',(#6234),#6238);
#6234 = LINE('',#6235,#6236);
#6235 = CARTESIAN_POINT('',(0.,0.));
#6236 = VECTOR('',#6237,1.);
#6237 = DIRECTION('',(1.,0.));
#6238 = ( GEOMETRIC_REPRESENTATION_CONTEXT(2) 
PARAMETRIC_REPRESENTATION_CONTEXT() REPRESENTATION_CONTEXT('2D SPACE',''
  ) );
#6239 = PCURVE('',#5333,#6240);
#6240 = DEFINITIONAL_REPRESENTATION('',(#6241),#6245);
#6241 = B_SPLINE_CURVE_WITH_KNOTS('',2,(#6242,#6243,#6244),
  .UNSPECIFIED.,.F.,.F.,(3,3),(0.,1.),.PIECEWISE_BEZIER_KNOTS.);
#6242 = CARTESIAN_POINT('',(1.0609375,0.3021484375));
#6243 = CARTESIAN_POINT('',(1.183984375,0.4361328125));
#6244 = CARTESIAN_POINT('',(1.183984375,0.6576171875));
#6245 = ( GEOMETRIC_REPRESENTATION_CONTEXT(2) 
PARAMETRIC_REPRESENTATION_CONTEXT() REPRESENTATION_CONTEXT('2D SPACE',''
  ) );
#6246 = ORIENTED_EDGE('',*,*,#6247,.T.);
#6247 = EDGE_CURVE('',#6225,#1538,#6248,.T.);
#6248 = SURFACE_CURVE('',#6249,(#6253,#6260),.PCURVE_S1.);
#6249 = LINE('',#6250,#6251);
#6250 = CARTESIAN_POINT('',(38.5419921875,72.57724609375,3.65));
#6251 = VECTOR('',#6252,1.);
#6252 = DIRECTION('',(0.,0.,1.));
#6253 = PCURVE('',#1618,#6254);
#6254 = DEFINITIONAL_REPRESENTATION('',(#6255),#6259);
#6255 = LINE('',#6256,#6257);
#6256 = CARTESIAN_POINT('',(0.,0.));
#6257 = VECTOR('',#6258,1.);
#6258 = DIRECTION('',(0.,-1.));
#6259 = ( GEOMETRIC_REPRESENTATION_CONTEXT(2) 
PARAMETRIC_REPRESENTATION_CONTEXT() REPRESENTATION_CONTEXT('2D SPACE',''
  ) );
#6260 = PCURVE('',#1567,#6261);
#6261 = DEFINITIONAL_REPRESENTATION('',(#6262),#6266);
#6262 = LINE('',#6263,#6264);
#6263 = CARTESIAN_POINT('',(1.,0.));
#6264 = VECTOR('',#6265,1.);
#6265 = DIRECTION('',(0.,-1.));
#6266 = ( GEOMETRIC_REPRESENTATION_CONTEXT(2) 
PARAMETRIC_REPRESENTATION_CONTEXT() REPRESENTATION_CONTEXT('2D SPACE',''
  ) );
#6267 = ORIENTED_EDGE('',*,*,#1588,.F.);
#6268 = ORIENTED_EDGE('',*,*,#6198,.F.);
#6269 = ADVANCED_FACE('',(#6270),#1567,.F.);
#6270 = FACE_BOUND('',#6271,.F.);
#6271 = EDGE_LOOP('',(#6272,#6295,#6316,#6317));
#6272 = ORIENTED_EDGE('',*,*,#6273,.F.);
#6273 = EDGE_CURVE('',#6274,#6225,#6276,.T.);
#6274 = VERTEX_POINT('',#6275);
#6275 = CARTESIAN_POINT('',(38.2412109375,72.44326171875,3.65));
#6276 = SURFACE_CURVE('',#6277,(#6281,#6288),.PCURVE_S1.);
#6277 = B_SPLINE_CURVE_WITH_KNOTS('',2,(#6278,#6279,#6280),
  .UNSPECIFIED.,.F.,.F.,(3,3),(0.,1.),.PIECEWISE_BEZIER_KNOTS.);
#6278 = CARTESIAN_POINT('',(38.2412109375,72.44326171875,3.65));
#6279 = CARTESIAN_POINT('',(38.4189453125,72.44326171875,3.65));
#6280 = CARTESIAN_POINT('',(38.5419921875,72.57724609375,3.65));
#6281 = PCURVE('',#1567,#6282);
#6282 = DEFINITIONAL_REPRESENTATION('',(#6283),#6287);
#6283 = LINE('',#6284,#6285);
#6284 = CARTESIAN_POINT('',(0.,0.));
#6285 = VECTOR('',#6286,1.);
#6286 = DIRECTION('',(1.,0.));
#6287 = ( GEOMETRIC_REPRESENTATION_CONTEXT(2) 
PARAMETRIC_REPRESENTATION_CONTEXT() REPRESENTATION_CONTEXT('2D SPACE',''
  ) );
#6288 = PCURVE('',#5333,#6289);
#6289 = DEFINITIONAL_REPRESENTATION('',(#6290),#6294);
#6290 = B_SPLINE_CURVE_WITH_KNOTS('',2,(#6291,#6292,#6293),
  .UNSPECIFIED.,.F.,.F.,(3,3),(0.,1.),.PIECEWISE_BEZIER_KNOTS.);
#6291 = CARTESIAN_POINT('',(0.76015625,0.1681640625));
#6292 = CARTESIAN_POINT('',(0.937890625,0.1681640625));
#6293 = CARTESIAN_POINT('',(1.0609375,0.3021484375));
#6294 = ( GEOMETRIC_REPRESENTATION_CONTEXT(2) 
PARAMETRIC_REPRESENTATION_CONTEXT() REPRESENTATION_CONTEXT('2D SPACE',''
  ) );
#6295 = ORIENTED_EDGE('',*,*,#6296,.T.);
#6296 = EDGE_CURVE('',#6274,#1493,#6297,.T.);
#6297 = SURFACE_CURVE('',#6298,(#6302,#6309),.PCURVE_S1.);
#6298 = LINE('',#6299,#6300);
#6299 = CARTESIAN_POINT('',(38.2412109375,72.44326171875,3.65));
#6300 = VECTOR('',#6301,1.);
#6301 = DIRECTION('',(0.,0.,1.));
#6302 = PCURVE('',#1567,#6303);
#6303 = DEFINITIONAL_REPRESENTATION('',(#6304),#6308);
#6304 = LINE('',#6305,#6306);
#6305 = CARTESIAN_POINT('',(0.,0.));
#6306 = VECTOR('',#6307,1.);
#6307 = DIRECTION('',(0.,-1.));
#6308 = ( GEOMETRIC_REPRESENTATION_CONTEXT(2) 
PARAMETRIC_REPRESENTATION_CONTEXT() REPRESENTATION_CONTEXT('2D SPACE',''
  ) );
#6309 = PCURVE('',#1518,#6310);
#6310 = DEFINITIONAL_REPRESENTATION('',(#6311),#6315);
#6311 = LINE('',#6312,#6313);
#6312 = CARTESIAN_POINT('',(1.,0.));
#6313 = VECTOR('',#6314,1.);
#6314 = DIRECTION('',(0.,-1.));
#6315 = ( GEOMETRIC_REPRESENTATION_CONTEXT(2) 
PARAMETRIC_REPRESENTATION_CONTEXT() REPRESENTATION_CONTEXT('2D SPACE',''
  ) );
#6316 = ORIENTED_EDGE('',*,*,#1537,.F.);
#6317 = ORIENTED_EDGE('',*,*,#6247,.F.);
#6318 = ADVANCED_FACE('',(#6319),#1518,.F.);
#6319 = FACE_BOUND('',#6320,.F.);
#6320 = EDGE_LOOP('',(#6321,#6344,#6365,#6366));
#6321 = ORIENTED_EDGE('',*,*,#6322,.F.);
#6322 = EDGE_CURVE('',#6323,#6274,#6325,.T.);
#6323 = VERTEX_POINT('',#6324);
#6324 = CARTESIAN_POINT('',(37.98896484375,72.53828125,3.65));
#6325 = SURFACE_CURVE('',#6326,(#6330,#6337),.PCURVE_S1.);
#6326 = B_SPLINE_CURVE_WITH_KNOTS('',2,(#6327,#6328,#6329),
  .UNSPECIFIED.,.F.,.F.,(3,3),(0.,1.),.PIECEWISE_BEZIER_KNOTS.);
#6327 = CARTESIAN_POINT('',(37.98896484375,72.53828125,3.65));
#6328 = CARTESIAN_POINT('',(38.0935546875,72.44326171875,3.65));
#6329 = CARTESIAN_POINT('',(38.2412109375,72.44326171875,3.65));
#6330 = PCURVE('',#1518,#6331);
#6331 = DEFINITIONAL_REPRESENTATION('',(#6332),#6336);
#6332 = LINE('',#6333,#6334);
#6333 = CARTESIAN_POINT('',(0.,0.));
#6334 = VECTOR('',#6335,1.);
#6335 = DIRECTION('',(1.,0.));
#6336 = ( GEOMETRIC_REPRESENTATION_CONTEXT(2) 
PARAMETRIC_REPRESENTATION_CONTEXT() REPRESENTATION_CONTEXT('2D SPACE',''
  ) );
#6337 = PCURVE('',#5333,#6338);
#6338 = DEFINITIONAL_REPRESENTATION('',(#6339),#6343);
#6339 = B_SPLINE_CURVE_WITH_KNOTS('',2,(#6340,#6341,#6342),
  .UNSPECIFIED.,.F.,.F.,(3,3),(0.,1.),.PIECEWISE_BEZIER_KNOTS.);
#6340 = CARTESIAN_POINT('',(0.50791015625,0.26318359375));
#6341 = CARTESIAN_POINT('',(0.6125,0.1681640625));
#6342 = CARTESIAN_POINT('',(0.76015625,0.1681640625));
#6343 = ( GEOMETRIC_REPRESENTATION_CONTEXT(2) 
PARAMETRIC_REPRESENTATION_CONTEXT() REPRESENTATION_CONTEXT('2D SPACE',''
  ) );
#6344 = ORIENTED_EDGE('',*,*,#6345,.T.);
#6345 = EDGE_CURVE('',#6323,#1454,#6346,.T.);
#6346 = SURFACE_CURVE('',#6347,(#6351,#6358),.PCURVE_S1.);
#6347 = LINE('',#6348,#6349);
#6348 = CARTESIAN_POINT('',(37.98896484375,72.53828125,3.65));
#6349 = VECTOR('',#6350,1.);
#6350 = DIRECTION('',(0.,0.,1.));
#6351 = PCURVE('',#1518,#6352);
#6352 = DEFINITIONAL_REPRESENTATION('',(#6353),#6357);
#6353 = LINE('',#6354,#6355);
#6354 = CARTESIAN_POINT('',(0.,0.));
#6355 = VECTOR('',#6356,1.);
#6356 = DIRECTION('',(0.,-1.));
#6357 = ( GEOMETRIC_REPRESENTATION_CONTEXT(2) 
PARAMETRIC_REPRESENTATION_CONTEXT() REPRESENTATION_CONTEXT('2D SPACE',''
  ) );
#6358 = PCURVE('',#1475,#6359);
#6359 = DEFINITIONAL_REPRESENTATION('',(#6360),#6364);
#6360 = LINE('',#6361,#6362);
#6361 = CARTESIAN_POINT('',(1.,0.));
#6362 = VECTOR('',#6363,1.);
#6363 = DIRECTION('',(0.,-1.));
#6364 = ( GEOMETRIC_REPRESENTATION_CONTEXT(2) 
PARAMETRIC_REPRESENTATION_CONTEXT() REPRESENTATION_CONTEXT('2D SPACE',''
  ) );
#6365 = ORIENTED_EDGE('',*,*,#1492,.F.);
#6366 = ORIENTED_EDGE('',*,*,#6296,.F.);
#6367 = ADVANCED_FACE('',(#6368),#1475,.F.);
#6368 = FACE_BOUND('',#6369,.F.);
#6369 = EDGE_LOOP('',(#6370,#6391,#6392,#6393));
#6370 = ORIENTED_EDGE('',*,*,#6371,.F.);
#6371 = EDGE_CURVE('',#5318,#6323,#6372,.T.);
#6372 = SURFACE_CURVE('',#6373,(#6377,#6384),.PCURVE_S1.);
#6373 = B_SPLINE_CURVE_WITH_KNOTS('',2,(#6374,#6375,#6376),
  .UNSPECIFIED.,.F.,.F.,(3,3),(0.,1.),.PIECEWISE_BEZIER_KNOTS.);
#6374 = CARTESIAN_POINT('',(37.8556640625,72.82197265625,3.65));
#6375 = CARTESIAN_POINT('',(37.884375,72.63330078125,3.65));
#6376 = CARTESIAN_POINT('',(37.98896484375,72.53828125,3.65));
#6377 = PCURVE('',#1475,#6378);
#6378 = DEFINITIONAL_REPRESENTATION('',(#6379),#6383);
#6379 = LINE('',#6380,#6381);
#6380 = CARTESIAN_POINT('',(0.,0.));
#6381 = VECTOR('',#6382,1.);
#6382 = DIRECTION('',(1.,0.));
#6383 = ( GEOMETRIC_REPRESENTATION_CONTEXT(2) 
PARAMETRIC_REPRESENTATION_CONTEXT() REPRESENTATION_CONTEXT('2D SPACE',''
  ) );
#6384 = PCURVE('',#5333,#6385);
#6385 = DEFINITIONAL_REPRESENTATION('',(#6386),#6390);
#6386 = B_SPLINE_CURVE_WITH_KNOTS('',2,(#6387,#6388,#6389),
  .UNSPECIFIED.,.F.,.F.,(3,3),(0.,1.),.PIECEWISE_BEZIER_KNOTS.);
#6387 = CARTESIAN_POINT('',(0.374609375,0.546875));
#6388 = CARTESIAN_POINT('',(0.4033203125,0.358203125));
#6389 = CARTESIAN_POINT('',(0.50791015625,0.26318359375));
#6390 = ( GEOMETRIC_REPRESENTATION_CONTEXT(2) 
PARAMETRIC_REPRESENTATION_CONTEXT() REPRESENTATION_CONTEXT('2D SPACE',''
  ) );
#6391 = ORIENTED_EDGE('',*,*,#5367,.T.);
#6392 = ORIENTED_EDGE('',*,*,#1453,.F.);
#6393 = ORIENTED_EDGE('',*,*,#6345,.F.);
#6394 = ADVANCED_FACE('',(#6395),#2361,.F.);
#6395 = FACE_BOUND('',#6396,.F.);
#6396 = EDGE_LOOP('',(#6397,#6427,#6448,#6449));
#6397 = ORIENTED_EDGE('',*,*,#6398,.F.);
#6398 = EDGE_CURVE('',#6399,#6401,#6403,.T.);
#6399 = VERTEX_POINT('',#6400);
#6400 = CARTESIAN_POINT('',(40.75,72.59912109375,3.65));
#6401 = VERTEX_POINT('',#6402);
#6402 = CARTESIAN_POINT('',(40.517578125,72.59912109375,3.65));
#6403 = SURFACE_CURVE('',#6404,(#6408,#6415),.PCURVE_S1.);
#6404 = LINE('',#6405,#6406);
#6405 = CARTESIAN_POINT('',(40.75,72.59912109375,3.65));
#6406 = VECTOR('',#6407,1.);
#6407 = DIRECTION('',(-1.,0.,0.));
#6408 = PCURVE('',#2361,#6409);
#6409 = DEFINITIONAL_REPRESENTATION('',(#6410),#6414);
#6410 = LINE('',#6411,#6412);
#6411 = CARTESIAN_POINT('',(0.,-0.));
#6412 = VECTOR('',#6413,1.);
#6413 = DIRECTION('',(1.,0.));
#6414 = ( GEOMETRIC_REPRESENTATION_CONTEXT(2) 
PARAMETRIC_REPRESENTATION_CONTEXT() REPRESENTATION_CONTEXT('2D SPACE',''
  ) );
#6415 = PCURVE('',#6416,#6421);
#6416 = PLANE('',#6417);
#6417 = AXIS2_PLACEMENT_3D('',#6418,#6419,#6420);
#6418 = CARTESIAN_POINT('',(39.8162109375,72.27509765625,3.65));
#6419 = DIRECTION('',(0.,0.,1.));
#6420 = DIRECTION('',(1.,0.,0.));
#6421 = DEFINITIONAL_REPRESENTATION('',(#6422),#6426);
#6422 = LINE('',#6423,#6424);
#6423 = CARTESIAN_POINT('',(0.9337890625,0.3240234375));
#6424 = VECTOR('',#6425,1.);
#6425 = DIRECTION('',(-1.,0.));
#6426 = ( GEOMETRIC_REPRESENTATION_CONTEXT(2) 
PARAMETRIC_REPRESENTATION_CONTEXT() REPRESENTATION_CONTEXT('2D SPACE',''
  ) );
#6427 = ORIENTED_EDGE('',*,*,#6428,.T.);
#6428 = EDGE_CURVE('',#6399,#2347,#6429,.T.);
#6429 = SURFACE_CURVE('',#6430,(#6434,#6441),.PCURVE_S1.);
#6430 = LINE('',#6431,#6432);
#6431 = CARTESIAN_POINT('',(40.75,72.59912109375,3.65));
#6432 = VECTOR('',#6433,1.);
#6433 = DIRECTION('',(0.,0.,1.));
#6434 = PCURVE('',#2361,#6435);
#6435 = DEFINITIONAL_REPRESENTATION('',(#6436),#6440);
#6436 = LINE('',#6437,#6438);
#6437 = CARTESIAN_POINT('',(0.,-0.));
#6438 = VECTOR('',#6439,1.);
#6439 = DIRECTION('',(0.,-1.));
#6440 = ( GEOMETRIC_REPRESENTATION_CONTEXT(2) 
PARAMETRIC_REPRESENTATION_CONTEXT() REPRESENTATION_CONTEXT('2D SPACE',''
  ) );
#6441 = PCURVE('',#2645,#6442);
#6442 = DEFINITIONAL_REPRESENTATION('',(#6443),#6447);
#6443 = LINE('',#6444,#6445);
#6444 = CARTESIAN_POINT('',(0.549609375,0.));
#6445 = VECTOR('',#6446,1.);
#6446 = DIRECTION('',(0.,-1.));
#6447 = ( GEOMETRIC_REPRESENTATION_CONTEXT(2) 
PARAMETRIC_REPRESENTATION_CONTEXT() REPRESENTATION_CONTEXT('2D SPACE',''
  ) );
#6448 = ORIENTED_EDGE('',*,*,#2344,.F.);
#6449 = ORIENTED_EDGE('',*,*,#6450,.F.);
#6450 = EDGE_CURVE('',#6401,#2345,#6451,.T.);
#6451 = SURFACE_CURVE('',#6452,(#6456,#6463),.PCURVE_S1.);
#6452 = LINE('',#6453,#6454);
#6453 = CARTESIAN_POINT('',(40.517578125,72.59912109375,3.65));
#6454 = VECTOR('',#6455,1.);
#6455 = DIRECTION('',(0.,0.,1.));
#6456 = PCURVE('',#2361,#6457);
#6457 = DEFINITIONAL_REPRESENTATION('',(#6458),#6462);
#6458 = LINE('',#6459,#6460);
#6459 = CARTESIAN_POINT('',(0.232421875,0.));
#6460 = VECTOR('',#6461,1.);
#6461 = DIRECTION('',(0.,-1.));
#6462 = ( GEOMETRIC_REPRESENTATION_CONTEXT(2) 
PARAMETRIC_REPRESENTATION_CONTEXT() REPRESENTATION_CONTEXT('2D SPACE',''
  ) );
#6463 = PCURVE('',#2387,#6464);
#6464 = DEFINITIONAL_REPRESENTATION('',(#6465),#6469);
#6465 = LINE('',#6466,#6467);
#6466 = CARTESIAN_POINT('',(0.,0.));
#6467 = VECTOR('',#6468,1.);
#6468 = DIRECTION('',(0.,-1.));
#6469 = ( GEOMETRIC_REPRESENTATION_CONTEXT(2) 
PARAMETRIC_REPRESENTATION_CONTEXT() REPRESENTATION_CONTEXT('2D SPACE',''
  ) );
#6470 = ADVANCED_FACE('',(#6471),#2645,.F.);
#6471 = FACE_BOUND('',#6472,.F.);
#6472 = EDGE_LOOP('',(#6473,#6496,#6517,#6518));
#6473 = ORIENTED_EDGE('',*,*,#6474,.F.);
#6474 = EDGE_CURVE('',#6475,#6399,#6477,.T.);
#6475 = VERTEX_POINT('',#6476);
#6476 = CARTESIAN_POINT('',(40.75,73.14873046875,3.65));
#6477 = SURFACE_CURVE('',#6478,(#6482,#6489),.PCURVE_S1.);
#6478 = LINE('',#6479,#6480);
#6479 = CARTESIAN_POINT('',(40.75,73.14873046875,3.65));
#6480 = VECTOR('',#6481,1.);
#6481 = DIRECTION('',(0.,-1.,0.));
#6482 = PCURVE('',#2645,#6483);
#6483 = DEFINITIONAL_REPRESENTATION('',(#6484),#6488);
#6484 = LINE('',#6485,#6486);
#6485 = CARTESIAN_POINT('',(0.,0.));
#6486 = VECTOR('',#6487,1.);
#6487 = DIRECTION('',(1.,0.));
#6488 = ( GEOMETRIC_REPRESENTATION_CONTEXT(2) 
PARAMETRIC_REPRESENTATION_CONTEXT() REPRESENTATION_CONTEXT('2D SPACE',''
  ) );
#6489 = PCURVE('',#6416,#6490);
#6490 = DEFINITIONAL_REPRESENTATION('',(#6491),#6495);
#6491 = LINE('',#6492,#6493);
#6492 = CARTESIAN_POINT('',(0.9337890625,0.8736328125));
#6493 = VECTOR('',#6494,1.);
#6494 = DIRECTION('',(0.,-1.));
#6495 = ( GEOMETRIC_REPRESENTATION_CONTEXT(2) 
PARAMETRIC_REPRESENTATION_CONTEXT() REPRESENTATION_CONTEXT('2D SPACE',''
  ) );
#6496 = ORIENTED_EDGE('',*,*,#6497,.T.);
#6497 = EDGE_CURVE('',#6475,#2607,#6498,.T.);
#6498 = SURFACE_CURVE('',#6499,(#6503,#6510),.PCURVE_S1.);
#6499 = LINE('',#6500,#6501);
#6500 = CARTESIAN_POINT('',(40.75,73.14873046875,3.65));
#6501 = VECTOR('',#6502,1.);
#6502 = DIRECTION('',(0.,0.,1.));
#6503 = PCURVE('',#2645,#6504);
#6504 = DEFINITIONAL_REPRESENTATION('',(#6505),#6509);
#6505 = LINE('',#6506,#6507);
#6506 = CARTESIAN_POINT('',(0.,0.));
#6507 = VECTOR('',#6508,1.);
#6508 = DIRECTION('',(0.,-1.));
#6509 = ( GEOMETRIC_REPRESENTATION_CONTEXT(2) 
PARAMETRIC_REPRESENTATION_CONTEXT() REPRESENTATION_CONTEXT('2D SPACE',''
  ) );
#6510 = PCURVE('',#2621,#6511);
#6511 = DEFINITIONAL_REPRESENTATION('',(#6512),#6516);
#6512 = LINE('',#6513,#6514);
#6513 = CARTESIAN_POINT('',(0.5455078125,0.));
#6514 = VECTOR('',#6515,1.);
#6515 = DIRECTION('',(0.,-1.));
#6516 = ( GEOMETRIC_REPRESENTATION_CONTEXT(2) 
PARAMETRIC_REPRESENTATION_CONTEXT() REPRESENTATION_CONTEXT('2D SPACE',''
  ) );
#6517 = ORIENTED_EDGE('',*,*,#2632,.F.);
#6518 = ORIENTED_EDGE('',*,*,#6428,.F.);
#6519 = ADVANCED_FACE('',(#6520),#2621,.F.);
#6520 = FACE_BOUND('',#6521,.F.);
#6521 = EDGE_LOOP('',(#6522,#6545,#6566,#6567));
#6522 = ORIENTED_EDGE('',*,*,#6523,.F.);
#6523 = EDGE_CURVE('',#6524,#6475,#6526,.T.);
#6524 = VERTEX_POINT('',#6525);
#6525 = CARTESIAN_POINT('',(41.2955078125,73.14873046875,3.65));
#6526 = SURFACE_CURVE('',#6527,(#6531,#6538),.PCURVE_S1.);
#6527 = LINE('',#6528,#6529);
#6528 = CARTESIAN_POINT('',(41.2955078125,73.14873046875,3.65));
#6529 = VECTOR('',#6530,1.);
#6530 = DIRECTION('',(-1.,0.,0.));
#6531 = PCURVE('',#2621,#6532);
#6532 = DEFINITIONAL_REPRESENTATION('',(#6533),#6537);
#6533 = LINE('',#6534,#6535);
#6534 = CARTESIAN_POINT('',(0.,-0.));
#6535 = VECTOR('',#6536,1.);
#6536 = DIRECTION('',(1.,0.));
#6537 = ( GEOMETRIC_REPRESENTATION_CONTEXT(2) 
PARAMETRIC_REPRESENTATION_CONTEXT() REPRESENTATION_CONTEXT('2D SPACE',''
  ) );
#6538 = PCURVE('',#6416,#6539);
#6539 = DEFINITIONAL_REPRESENTATION('',(#6540),#6544);
#6540 = LINE('',#6541,#6542);
#6541 = CARTESIAN_POINT('',(1.479296875,0.8736328125));
#6542 = VECTOR('',#6543,1.);
#6543 = DIRECTION('',(-1.,0.));
#6544 = ( GEOMETRIC_REPRESENTATION_CONTEXT(2) 
PARAMETRIC_REPRESENTATION_CONTEXT() REPRESENTATION_CONTEXT('2D SPACE',''
  ) );
#6545 = ORIENTED_EDGE('',*,*,#6546,.T.);
#6546 = EDGE_CURVE('',#6524,#2581,#6547,.T.);
#6547 = SURFACE_CURVE('',#6548,(#6552,#6559),.PCURVE_S1.);
#6548 = LINE('',#6549,#6550);
#6549 = CARTESIAN_POINT('',(41.2955078125,73.14873046875,3.65));
#6550 = VECTOR('',#6551,1.);
#6551 = DIRECTION('',(0.,0.,1.));
#6552 = PCURVE('',#2621,#6553);
#6553 = DEFINITIONAL_REPRESENTATION('',(#6554),#6558);
#6554 = LINE('',#6555,#6556);
#6555 = CARTESIAN_POINT('',(0.,-0.));
#6556 = VECTOR('',#6557,1.);
#6557 = DIRECTION('',(0.,-1.));
#6558 = ( GEOMETRIC_REPRESENTATION_CONTEXT(2) 
PARAMETRIC_REPRESENTATION_CONTEXT() REPRESENTATION_CONTEXT('2D SPACE',''
  ) );
#6559 = PCURVE('',#2595,#6560);
#6560 = DEFINITIONAL_REPRESENTATION('',(#6561),#6565);
#6561 = LINE('',#6562,#6563);
#6562 = CARTESIAN_POINT('',(0.2296875,0.));
#6563 = VECTOR('',#6564,1.);
#6564 = DIRECTION('',(0.,-1.));
#6565 = ( GEOMETRIC_REPRESENTATION_CONTEXT(2) 
PARAMETRIC_REPRESENTATION_CONTEXT() REPRESENTATION_CONTEXT('2D SPACE',''
  ) );
#6566 = ORIENTED_EDGE('',*,*,#2606,.F.);
#6567 = ORIENTED_EDGE('',*,*,#6497,.F.);
#6568 = ADVANCED_FACE('',(#6569),#2595,.F.);
#6569 = FACE_BOUND('',#6570,.F.);
#6570 = EDGE_LOOP('',(#6571,#6594,#6615,#6616));
#6571 = ORIENTED_EDGE('',*,*,#6572,.F.);
#6572 = EDGE_CURVE('',#6573,#6524,#6575,.T.);
#6573 = VERTEX_POINT('',#6574);
#6574 = CARTESIAN_POINT('',(41.2955078125,73.37841796875,3.65));
#6575 = SURFACE_CURVE('',#6576,(#6580,#6587),.PCURVE_S1.);
#6576 = LINE('',#6577,#6578);
#6577 = CARTESIAN_POINT('',(41.2955078125,73.37841796875,3.65));
#6578 = VECTOR('',#6579,1.);
#6579 = DIRECTION('',(0.,-1.,0.));
#6580 = PCURVE('',#2595,#6581);
#6581 = DEFINITIONAL_REPRESENTATION('',(#6582),#6586);
#6582 = LINE('',#6583,#6584);
#6583 = CARTESIAN_POINT('',(0.,0.));
#6584 = VECTOR('',#6585,1.);
#6585 = DIRECTION('',(1.,0.));
#6586 = ( GEOMETRIC_REPRESENTATION_CONTEXT(2) 
PARAMETRIC_REPRESENTATION_CONTEXT() REPRESENTATION_CONTEXT('2D SPACE',''
  ) );
#6587 = PCURVE('',#6416,#6588);
#6588 = DEFINITIONAL_REPRESENTATION('',(#6589),#6593);
#6589 = LINE('',#6590,#6591);
#6590 = CARTESIAN_POINT('',(1.479296875,1.1033203125));
#6591 = VECTOR('',#6592,1.);
#6592 = DIRECTION('',(0.,-1.));
#6593 = ( GEOMETRIC_REPRESENTATION_CONTEXT(2) 
PARAMETRIC_REPRESENTATION_CONTEXT() REPRESENTATION_CONTEXT('2D SPACE',''
  ) );
#6594 = ORIENTED_EDGE('',*,*,#6595,.T.);
#6595 = EDGE_CURVE('',#6573,#2555,#6596,.T.);
#6596 = SURFACE_CURVE('',#6597,(#6601,#6608),.PCURVE_S1.);
#6597 = LINE('',#6598,#6599);
#6598 = CARTESIAN_POINT('',(41.2955078125,73.37841796875,3.65));
#6599 = VECTOR('',#6600,1.);
#6600 = DIRECTION('',(0.,0.,1.));
#6601 = PCURVE('',#2595,#6602);
#6602 = DEFINITIONAL_REPRESENTATION('',(#6603),#6607);
#6603 = LINE('',#6604,#6605);
#6604 = CARTESIAN_POINT('',(0.,0.));
#6605 = VECTOR('',#6606,1.);
#6606 = DIRECTION('',(0.,-1.));
#6607 = ( GEOMETRIC_REPRESENTATION_CONTEXT(2) 
PARAMETRIC_REPRESENTATION_CONTEXT() REPRESENTATION_CONTEXT('2D SPACE',''
  ) );
#6608 = PCURVE('',#2569,#6609);
#6609 = DEFINITIONAL_REPRESENTATION('',(#6610),#6614);
#6610 = LINE('',#6611,#6612);
#6611 = CARTESIAN_POINT('',(0.5455078125,0.));
#6612 = VECTOR('',#6613,1.);
#6613 = DIRECTION('',(0.,-1.));
#6614 = ( GEOMETRIC_REPRESENTATION_CONTEXT(2) 
PARAMETRIC_REPRESENTATION_CONTEXT() REPRESENTATION_CONTEXT('2D SPACE',''
  ) );
#6615 = ORIENTED_EDGE('',*,*,#2580,.F.);
#6616 = ORIENTED_EDGE('',*,*,#6546,.F.);
#6617 = ADVANCED_FACE('',(#6618),#2569,.F.);
#6618 = FACE_BOUND('',#6619,.F.);
#6619 = EDGE_LOOP('',(#6620,#6643,#6664,#6665));
#6620 = ORIENTED_EDGE('',*,*,#6621,.F.);
#6621 = EDGE_CURVE('',#6622,#6573,#6624,.T.);
#6622 = VERTEX_POINT('',#6623);
#6623 = CARTESIAN_POINT('',(40.75,73.37841796875,3.65));
#6624 = SURFACE_CURVE('',#6625,(#6629,#6636),.PCURVE_S1.);
#6625 = LINE('',#6626,#6627);
#6626 = CARTESIAN_POINT('',(40.75,73.37841796875,3.65));
#6627 = VECTOR('',#6628,1.);
#6628 = DIRECTION('',(1.,0.,0.));
#6629 = PCURVE('',#2569,#6630);
#6630 = DEFINITIONAL_REPRESENTATION('',(#6631),#6635);
#6631 = LINE('',#6632,#6633);
#6632 = CARTESIAN_POINT('',(0.,0.));
#6633 = VECTOR('',#6634,1.);
#6634 = DIRECTION('',(1.,0.));
#6635 = ( GEOMETRIC_REPRESENTATION_CONTEXT(2) 
PARAMETRIC_REPRESENTATION_CONTEXT() REPRESENTATION_CONTEXT('2D SPACE',''
  ) );
#6636 = PCURVE('',#6416,#6637);
#6637 = DEFINITIONAL_REPRESENTATION('',(#6638),#6642);
#6638 = LINE('',#6639,#6640);
#6639 = CARTESIAN_POINT('',(0.9337890625,1.1033203125));
#6640 = VECTOR('',#6641,1.);
#6641 = DIRECTION('',(1.,0.));
#6642 = ( GEOMETRIC_REPRESENTATION_CONTEXT(2) 
PARAMETRIC_REPRESENTATION_CONTEXT() REPRESENTATION_CONTEXT('2D SPACE',''
  ) );
#6643 = ORIENTED_EDGE('',*,*,#6644,.T.);
#6644 = EDGE_CURVE('',#6622,#2529,#6645,.T.);
#6645 = SURFACE_CURVE('',#6646,(#6650,#6657),.PCURVE_S1.);
#6646 = LINE('',#6647,#6648);
#6647 = CARTESIAN_POINT('',(40.75,73.37841796875,3.65));
#6648 = VECTOR('',#6649,1.);
#6649 = DIRECTION('',(0.,0.,1.));
#6650 = PCURVE('',#2569,#6651);
#6651 = DEFINITIONAL_REPRESENTATION('',(#6652),#6656);
#6652 = LINE('',#6653,#6654);
#6653 = CARTESIAN_POINT('',(0.,0.));
#6654 = VECTOR('',#6655,1.);
#6655 = DIRECTION('',(0.,-1.));
#6656 = ( GEOMETRIC_REPRESENTATION_CONTEXT(2) 
PARAMETRIC_REPRESENTATION_CONTEXT() REPRESENTATION_CONTEXT('2D SPACE',''
  ) );
#6657 = PCURVE('',#2543,#6658);
#6658 = DEFINITIONAL_REPRESENTATION('',(#6659),#6663);
#6659 = LINE('',#6660,#6661);
#6660 = CARTESIAN_POINT('',(0.5455078125,0.));
#6661 = VECTOR('',#6662,1.);
#6662 = DIRECTION('',(0.,-1.));
#6663 = ( GEOMETRIC_REPRESENTATION_CONTEXT(2) 
PARAMETRIC_REPRESENTATION_CONTEXT() REPRESENTATION_CONTEXT('2D SPACE',''
  ) );
#6664 = ORIENTED_EDGE('',*,*,#2554,.F.);
#6665 = ORIENTED_EDGE('',*,*,#6595,.F.);
#6666 = ADVANCED_FACE('',(#6667),#2543,.F.);
#6667 = FACE_BOUND('',#6668,.F.);
#6668 = EDGE_LOOP('',(#6669,#6692,#6713,#6714));
#6669 = ORIENTED_EDGE('',*,*,#6670,.F.);
#6670 = EDGE_CURVE('',#6671,#6622,#6673,.T.);
#6671 = VERTEX_POINT('',#6672);
#6672 = CARTESIAN_POINT('',(40.75,73.92392578125,3.65));
#6673 = SURFACE_CURVE('',#6674,(#6678,#6685),.PCURVE_S1.);
#6674 = LINE('',#6675,#6676);
#6675 = CARTESIAN_POINT('',(40.75,73.92392578125,3.65));
#6676 = VECTOR('',#6677,1.);
#6677 = DIRECTION('',(0.,-1.,0.));
#6678 = PCURVE('',#2543,#6679);
#6679 = DEFINITIONAL_REPRESENTATION('',(#6680),#6684);
#6680 = LINE('',#6681,#6682);
#6681 = CARTESIAN_POINT('',(0.,0.));
#6682 = VECTOR('',#6683,1.);
#6683 = DIRECTION('',(1.,0.));
#6684 = ( GEOMETRIC_REPRESENTATION_CONTEXT(2) 
PARAMETRIC_REPRESENTATION_CONTEXT() REPRESENTATION_CONTEXT('2D SPACE',''
  ) );
#6685 = PCURVE('',#6416,#6686);
#6686 = DEFINITIONAL_REPRESENTATION('',(#6687),#6691);
#6687 = LINE('',#6688,#6689);
#6688 = CARTESIAN_POINT('',(0.9337890625,1.648828125));
#6689 = VECTOR('',#6690,1.);
#6690 = DIRECTION('',(0.,-1.));
#6691 = ( GEOMETRIC_REPRESENTATION_CONTEXT(2) 
PARAMETRIC_REPRESENTATION_CONTEXT() REPRESENTATION_CONTEXT('2D SPACE',''
  ) );
#6692 = ORIENTED_EDGE('',*,*,#6693,.T.);
#6693 = EDGE_CURVE('',#6671,#2503,#6694,.T.);
#6694 = SURFACE_CURVE('',#6695,(#6699,#6706),.PCURVE_S1.);
#6695 = LINE('',#6696,#6697);
#6696 = CARTESIAN_POINT('',(40.75,73.92392578125,3.65));
#6697 = VECTOR('',#6698,1.);
#6698 = DIRECTION('',(0.,0.,1.));
#6699 = PCURVE('',#2543,#6700);
#6700 = DEFINITIONAL_REPRESENTATION('',(#6701),#6705);
#6701 = LINE('',#6702,#6703);
#6702 = CARTESIAN_POINT('',(0.,0.));
#6703 = VECTOR('',#6704,1.);
#6704 = DIRECTION('',(0.,-1.));
#6705 = ( GEOMETRIC_REPRESENTATION_CONTEXT(2) 
PARAMETRIC_REPRESENTATION_CONTEXT() REPRESENTATION_CONTEXT('2D SPACE',''
  ) );
#6706 = PCURVE('',#2517,#6707);
#6707 = DEFINITIONAL_REPRESENTATION('',(#6708),#6712);
#6708 = LINE('',#6709,#6710);
#6709 = CARTESIAN_POINT('',(0.232421875,0.));
#6710 = VECTOR('',#6711,1.);
#6711 = DIRECTION('',(0.,-1.));
#6712 = ( GEOMETRIC_REPRESENTATION_CONTEXT(2) 
PARAMETRIC_REPRESENTATION_CONTEXT() REPRESENTATION_CONTEXT('2D SPACE',''
  ) );
#6713 = ORIENTED_EDGE('',*,*,#2528,.F.);
#6714 = ORIENTED_EDGE('',*,*,#6644,.F.);
#6715 = ADVANCED_FACE('',(#6716),#2517,.F.);
#6716 = FACE_BOUND('',#6717,.F.);
#6717 = EDGE_LOOP('',(#6718,#6741,#6762,#6763));
#6718 = ORIENTED_EDGE('',*,*,#6719,.F.);
#6719 = EDGE_CURVE('',#6720,#6671,#6722,.T.);
#6720 = VERTEX_POINT('',#6721);
#6721 = CARTESIAN_POINT('',(40.517578125,73.92392578125,3.65));
#6722 = SURFACE_CURVE('',#6723,(#6727,#6734),.PCURVE_S1.);
#6723 = LINE('',#6724,#6725);
#6724 = CARTESIAN_POINT('',(40.517578125,73.92392578125,3.65));
#6725 = VECTOR('',#6726,1.);
#6726 = DIRECTION('',(1.,0.,0.));
#6727 = PCURVE('',#2517,#6728);
#6728 = DEFINITIONAL_REPRESENTATION('',(#6729),#6733);
#6729 = LINE('',#6730,#6731);
#6730 = CARTESIAN_POINT('',(0.,0.));
#6731 = VECTOR('',#6732,1.);
#6732 = DIRECTION('',(1.,0.));
#6733 = ( GEOMETRIC_REPRESENTATION_CONTEXT(2) 
PARAMETRIC_REPRESENTATION_CONTEXT() REPRESENTATION_CONTEXT('2D SPACE',''
  ) );
#6734 = PCURVE('',#6416,#6735);
#6735 = DEFINITIONAL_REPRESENTATION('',(#6736),#6740);
#6736 = LINE('',#6737,#6738);
#6737 = CARTESIAN_POINT('',(0.7013671875,1.648828125));
#6738 = VECTOR('',#6739,1.);
#6739 = DIRECTION('',(1.,0.));
#6740 = ( GEOMETRIC_REPRESENTATION_CONTEXT(2) 
PARAMETRIC_REPRESENTATION_CONTEXT() REPRESENTATION_CONTEXT('2D SPACE',''
  ) );
#6741 = ORIENTED_EDGE('',*,*,#6742,.T.);
#6742 = EDGE_CURVE('',#6720,#2477,#6743,.T.);
#6743 = SURFACE_CURVE('',#6744,(#6748,#6755),.PCURVE_S1.);
#6744 = LINE('',#6745,#6746);
#6745 = CARTESIAN_POINT('',(40.517578125,73.92392578125,3.65));
#6746 = VECTOR('',#6747,1.);
#6747 = DIRECTION('',(0.,0.,1.));
#6748 = PCURVE('',#2517,#6749);
#6749 = DEFINITIONAL_REPRESENTATION('',(#6750),#6754);
#6750 = LINE('',#6751,#6752);
#6751 = CARTESIAN_POINT('',(0.,0.));
#6752 = VECTOR('',#6753,1.);
#6753 = DIRECTION('',(0.,-1.));
#6754 = ( GEOMETRIC_REPRESENTATION_CONTEXT(2) 
PARAMETRIC_REPRESENTATION_CONTEXT() REPRESENTATION_CONTEXT('2D SPACE',''
  ) );
#6755 = PCURVE('',#2491,#6756);
#6756 = DEFINITIONAL_REPRESENTATION('',(#6757),#6761);
#6757 = LINE('',#6758,#6759);
#6758 = CARTESIAN_POINT('',(0.5455078125,0.));
#6759 = VECTOR('',#6760,1.);
#6760 = DIRECTION('',(0.,-1.));
#6761 = ( GEOMETRIC_REPRESENTATION_CONTEXT(2) 
PARAMETRIC_REPRESENTATION_CONTEXT() REPRESENTATION_CONTEXT('2D SPACE',''
  ) );
#6762 = ORIENTED_EDGE('',*,*,#2502,.F.);
#6763 = ORIENTED_EDGE('',*,*,#6693,.F.);
#6764 = ADVANCED_FACE('',(#6765),#2491,.F.);
#6765 = FACE_BOUND('',#6766,.F.);
#6766 = EDGE_LOOP('',(#6767,#6790,#6811,#6812));
#6767 = ORIENTED_EDGE('',*,*,#6768,.F.);
#6768 = EDGE_CURVE('',#6769,#6720,#6771,.T.);
#6769 = VERTEX_POINT('',#6770);
#6770 = CARTESIAN_POINT('',(40.517578125,73.37841796875,3.65));
#6771 = SURFACE_CURVE('',#6772,(#6776,#6783),.PCURVE_S1.);
#6772 = LINE('',#6773,#6774);
#6773 = CARTESIAN_POINT('',(40.517578125,73.37841796875,3.65));
#6774 = VECTOR('',#6775,1.);
#6775 = DIRECTION('',(0.,1.,0.));
#6776 = PCURVE('',#2491,#6777);
#6777 = DEFINITIONAL_REPRESENTATION('',(#6778),#6782);
#6778 = LINE('',#6779,#6780);
#6779 = CARTESIAN_POINT('',(0.,0.));
#6780 = VECTOR('',#6781,1.);
#6781 = DIRECTION('',(1.,0.));
#6782 = ( GEOMETRIC_REPRESENTATION_CONTEXT(2) 
PARAMETRIC_REPRESENTATION_CONTEXT() REPRESENTATION_CONTEXT('2D SPACE',''
  ) );
#6783 = PCURVE('',#6416,#6784);
#6784 = DEFINITIONAL_REPRESENTATION('',(#6785),#6789);
#6785 = LINE('',#6786,#6787);
#6786 = CARTESIAN_POINT('',(0.7013671875,1.1033203125));
#6787 = VECTOR('',#6788,1.);
#6788 = DIRECTION('',(0.,1.));
#6789 = ( GEOMETRIC_REPRESENTATION_CONTEXT(2) 
PARAMETRIC_REPRESENTATION_CONTEXT() REPRESENTATION_CONTEXT('2D SPACE',''
  ) );
#6790 = ORIENTED_EDGE('',*,*,#6791,.T.);
#6791 = EDGE_CURVE('',#6769,#2451,#6792,.T.);
#6792 = SURFACE_CURVE('',#6793,(#6797,#6804),.PCURVE_S1.);
#6793 = LINE('',#6794,#6795);
#6794 = CARTESIAN_POINT('',(40.517578125,73.37841796875,3.65));
#6795 = VECTOR('',#6796,1.);
#6796 = DIRECTION('',(0.,0.,1.));
#6797 = PCURVE('',#2491,#6798);
#6798 = DEFINITIONAL_REPRESENTATION('',(#6799),#6803);
#6799 = LINE('',#6800,#6801);
#6800 = CARTESIAN_POINT('',(0.,0.));
#6801 = VECTOR('',#6802,1.);
#6802 = DIRECTION('',(0.,-1.));
#6803 = ( GEOMETRIC_REPRESENTATION_CONTEXT(2) 
PARAMETRIC_REPRESENTATION_CONTEXT() REPRESENTATION_CONTEXT('2D SPACE',''
  ) );
#6804 = PCURVE('',#2465,#6805);
#6805 = DEFINITIONAL_REPRESENTATION('',(#6806),#6810);
#6806 = LINE('',#6807,#6808);
#6807 = CARTESIAN_POINT('',(0.5455078125,0.));
#6808 = VECTOR('',#6809,1.);
#6809 = DIRECTION('',(0.,-1.));
#6810 = ( GEOMETRIC_REPRESENTATION_CONTEXT(2) 
PARAMETRIC_REPRESENTATION_CONTEXT() REPRESENTATION_CONTEXT('2D SPACE',''
  ) );
#6811 = ORIENTED_EDGE('',*,*,#2476,.F.);
#6812 = ORIENTED_EDGE('',*,*,#6742,.F.);
#6813 = ADVANCED_FACE('',(#6814),#2465,.F.);
#6814 = FACE_BOUND('',#6815,.F.);
#6815 = EDGE_LOOP('',(#6816,#6839,#6860,#6861));
#6816 = ORIENTED_EDGE('',*,*,#6817,.F.);
#6817 = EDGE_CURVE('',#6818,#6769,#6820,.T.);
#6818 = VERTEX_POINT('',#6819);
#6819 = CARTESIAN_POINT('',(39.9720703125,73.37841796875,3.65));
#6820 = SURFACE_CURVE('',#6821,(#6825,#6832),.PCURVE_S1.);
#6821 = LINE('',#6822,#6823);
#6822 = CARTESIAN_POINT('',(39.9720703125,73.37841796875,3.65));
#6823 = VECTOR('',#6824,1.);
#6824 = DIRECTION('',(1.,0.,0.));
#6825 = PCURVE('',#2465,#6826);
#6826 = DEFINITIONAL_REPRESENTATION('',(#6827),#6831);
#6827 = LINE('',#6828,#6829);
#6828 = CARTESIAN_POINT('',(0.,0.));
#6829 = VECTOR('',#6830,1.);
#6830 = DIRECTION('',(1.,0.));
#6831 = ( GEOMETRIC_REPRESENTATION_CONTEXT(2) 
PARAMETRIC_REPRESENTATION_CONTEXT() REPRESENTATION_CONTEXT('2D SPACE',''
  ) );
#6832 = PCURVE('',#6416,#6833);
#6833 = DEFINITIONAL_REPRESENTATION('',(#6834),#6838);
#6834 = LINE('',#6835,#6836);
#6835 = CARTESIAN_POINT('',(0.155859375,1.1033203125));
#6836 = VECTOR('',#6837,1.);
#6837 = DIRECTION('',(1.,0.));
#6838 = ( GEOMETRIC_REPRESENTATION_CONTEXT(2) 
PARAMETRIC_REPRESENTATION_CONTEXT() REPRESENTATION_CONTEXT('2D SPACE',''
  ) );
#6839 = ORIENTED_EDGE('',*,*,#6840,.T.);
#6840 = EDGE_CURVE('',#6818,#2425,#6841,.T.);
#6841 = SURFACE_CURVE('',#6842,(#6846,#6853),.PCURVE_S1.);
#6842 = LINE('',#6843,#6844);
#6843 = CARTESIAN_POINT('',(39.9720703125,73.37841796875,3.65));
#6844 = VECTOR('',#6845,1.);
#6845 = DIRECTION('',(0.,0.,1.));
#6846 = PCURVE('',#2465,#6847);
#6847 = DEFINITIONAL_REPRESENTATION('',(#6848),#6852);
#6848 = LINE('',#6849,#6850);
#6849 = CARTESIAN_POINT('',(0.,0.));
#6850 = VECTOR('',#6851,1.);
#6851 = DIRECTION('',(0.,-1.));
#6852 = ( GEOMETRIC_REPRESENTATION_CONTEXT(2) 
PARAMETRIC_REPRESENTATION_CONTEXT() REPRESENTATION_CONTEXT('2D SPACE',''
  ) );
#6853 = PCURVE('',#2439,#6854);
#6854 = DEFINITIONAL_REPRESENTATION('',(#6855),#6859);
#6855 = LINE('',#6856,#6857);
#6856 = CARTESIAN_POINT('',(0.2296875,0.));
#6857 = VECTOR('',#6858,1.);
#6858 = DIRECTION('',(0.,-1.));
#6859 = ( GEOMETRIC_REPRESENTATION_CONTEXT(2) 
PARAMETRIC_REPRESENTATION_CONTEXT() REPRESENTATION_CONTEXT('2D SPACE',''
  ) );
#6860 = ORIENTED_EDGE('',*,*,#2450,.F.);
#6861 = ORIENTED_EDGE('',*,*,#6791,.F.);
#6862 = ADVANCED_FACE('',(#6863),#2439,.F.);
#6863 = FACE_BOUND('',#6864,.F.);
#6864 = EDGE_LOOP('',(#6865,#6888,#6909,#6910));
#6865 = ORIENTED_EDGE('',*,*,#6866,.F.);
#6866 = EDGE_CURVE('',#6867,#6818,#6869,.T.);
#6867 = VERTEX_POINT('',#6868);
#6868 = CARTESIAN_POINT('',(39.9720703125,73.14873046875,3.65));
#6869 = SURFACE_CURVE('',#6870,(#6874,#6881),.PCURVE_S1.);
#6870 = LINE('',#6871,#6872);
#6871 = CARTESIAN_POINT('',(39.9720703125,73.14873046875,3.65));
#6872 = VECTOR('',#6873,1.);
#6873 = DIRECTION('',(0.,1.,0.));
#6874 = PCURVE('',#2439,#6875);
#6875 = DEFINITIONAL_REPRESENTATION('',(#6876),#6880);
#6876 = LINE('',#6877,#6878);
#6877 = CARTESIAN_POINT('',(0.,0.));
#6878 = VECTOR('',#6879,1.);
#6879 = DIRECTION('',(1.,0.));
#6880 = ( GEOMETRIC_REPRESENTATION_CONTEXT(2) 
PARAMETRIC_REPRESENTATION_CONTEXT() REPRESENTATION_CONTEXT('2D SPACE',''
  ) );
#6881 = PCURVE('',#6416,#6882);
#6882 = DEFINITIONAL_REPRESENTATION('',(#6883),#6887);
#6883 = LINE('',#6884,#6885);
#6884 = CARTESIAN_POINT('',(0.155859375,0.8736328125));
#6885 = VECTOR('',#6886,1.);
#6886 = DIRECTION('',(0.,1.));
#6887 = ( GEOMETRIC_REPRESENTATION_CONTEXT(2) 
PARAMETRIC_REPRESENTATION_CONTEXT() REPRESENTATION_CONTEXT('2D SPACE',''
  ) );
#6888 = ORIENTED_EDGE('',*,*,#6889,.T.);
#6889 = EDGE_CURVE('',#6867,#2399,#6890,.T.);
#6890 = SURFACE_CURVE('',#6891,(#6895,#6902),.PCURVE_S1.);
#6891 = LINE('',#6892,#6893);
#6892 = CARTESIAN_POINT('',(39.9720703125,73.14873046875,3.65));
#6893 = VECTOR('',#6894,1.);
#6894 = DIRECTION('',(0.,0.,1.));
#6895 = PCURVE('',#2439,#6896);
#6896 = DEFINITIONAL_REPRESENTATION('',(#6897),#6901);
#6897 = LINE('',#6898,#6899);
#6898 = CARTESIAN_POINT('',(0.,0.));
#6899 = VECTOR('',#6900,1.);
#6900 = DIRECTION('',(0.,-1.));
#6901 = ( GEOMETRIC_REPRESENTATION_CONTEXT(2) 
PARAMETRIC_REPRESENTATION_CONTEXT() REPRESENTATION_CONTEXT('2D SPACE',''
  ) );
#6902 = PCURVE('',#2413,#6903);
#6903 = DEFINITIONAL_REPRESENTATION('',(#6904),#6908);
#6904 = LINE('',#6905,#6906);
#6905 = CARTESIAN_POINT('',(0.5455078125,0.));
#6906 = VECTOR('',#6907,1.);
#6907 = DIRECTION('',(0.,-1.));
#6908 = ( GEOMETRIC_REPRESENTATION_CONTEXT(2) 
PARAMETRIC_REPRESENTATION_CONTEXT() REPRESENTATION_CONTEXT('2D SPACE',''
  ) );
#6909 = ORIENTED_EDGE('',*,*,#2424,.F.);
#6910 = ORIENTED_EDGE('',*,*,#6840,.F.);
#6911 = ADVANCED_FACE('',(#6912),#2413,.F.);
#6912 = FACE_BOUND('',#6913,.F.);
#6913 = EDGE_LOOP('',(#6914,#6937,#6958,#6959));
#6914 = ORIENTED_EDGE('',*,*,#6915,.F.);
#6915 = EDGE_CURVE('',#6916,#6867,#6918,.T.);
#6916 = VERTEX_POINT('',#6917);
#6917 = CARTESIAN_POINT('',(40.517578125,73.14873046875,3.65));
#6918 = SURFACE_CURVE('',#6919,(#6923,#6930),.PCURVE_S1.);
#6919 = LINE('',#6920,#6921);
#6920 = CARTESIAN_POINT('',(40.517578125,73.14873046875,3.65));
#6921 = VECTOR('',#6922,1.);
#6922 = DIRECTION('',(-1.,0.,0.));
#6923 = PCURVE('',#2413,#6924);
#6924 = DEFINITIONAL_REPRESENTATION('',(#6925),#6929);
#6925 = LINE('',#6926,#6927);
#6926 = CARTESIAN_POINT('',(0.,-0.));
#6927 = VECTOR('',#6928,1.);
#6928 = DIRECTION('',(1.,0.));
#6929 = ( GEOMETRIC_REPRESENTATION_CONTEXT(2) 
PARAMETRIC_REPRESENTATION_CONTEXT() REPRESENTATION_CONTEXT('2D SPACE',''
  ) );
#6930 = PCURVE('',#6416,#6931);
#6931 = DEFINITIONAL_REPRESENTATION('',(#6932),#6936);
#6932 = LINE('',#6933,#6934);
#6933 = CARTESIAN_POINT('',(0.7013671875,0.8736328125));
#6934 = VECTOR('',#6935,1.);
#6935 = DIRECTION('',(-1.,0.));
#6936 = ( GEOMETRIC_REPRESENTATION_CONTEXT(2) 
PARAMETRIC_REPRESENTATION_CONTEXT() REPRESENTATION_CONTEXT('2D SPACE',''
  ) );
#6937 = ORIENTED_EDGE('',*,*,#6938,.T.);
#6938 = EDGE_CURVE('',#6916,#2373,#6939,.T.);
#6939 = SURFACE_CURVE('',#6940,(#6944,#6951),.PCURVE_S1.);
#6940 = LINE('',#6941,#6942);
#6941 = CARTESIAN_POINT('',(40.517578125,73.14873046875,3.65));
#6942 = VECTOR('',#6943,1.);
#6943 = DIRECTION('',(0.,0.,1.));
#6944 = PCURVE('',#2413,#6945);
#6945 = DEFINITIONAL_REPRESENTATION('',(#6946),#6950);
#6946 = LINE('',#6947,#6948);
#6947 = CARTESIAN_POINT('',(0.,-0.));
#6948 = VECTOR('',#6949,1.);
#6949 = DIRECTION('',(0.,-1.));
#6950 = ( GEOMETRIC_REPRESENTATION_CONTEXT(2) 
PARAMETRIC_REPRESENTATION_CONTEXT() REPRESENTATION_CONTEXT('2D SPACE',''
  ) );
#6951 = PCURVE('',#2387,#6952);
#6952 = DEFINITIONAL_REPRESENTATION('',(#6953),#6957);
#6953 = LINE('',#6954,#6955);
#6954 = CARTESIAN_POINT('',(0.549609375,0.));
#6955 = VECTOR('',#6956,1.);
#6956 = DIRECTION('',(0.,-1.));
#6957 = ( GEOMETRIC_REPRESENTATION_CONTEXT(2) 
PARAMETRIC_REPRESENTATION_CONTEXT() REPRESENTATION_CONTEXT('2D SPACE',''
  ) );
#6958 = ORIENTED_EDGE('',*,*,#2398,.F.);
#6959 = ORIENTED_EDGE('',*,*,#6889,.F.);
#6960 = ADVANCED_FACE('',(#6961),#2387,.F.);
#6961 = FACE_BOUND('',#6962,.F.);
#6962 = EDGE_LOOP('',(#6963,#6984,#6985,#6986));
#6963 = ORIENTED_EDGE('',*,*,#6964,.F.);
#6964 = EDGE_CURVE('',#6401,#6916,#6965,.T.);
#6965 = SURFACE_CURVE('',#6966,(#6970,#6977),.PCURVE_S1.);
#6966 = LINE('',#6967,#6968);
#6967 = CARTESIAN_POINT('',(40.517578125,72.59912109375,3.65));
#6968 = VECTOR('',#6969,1.);
#6969 = DIRECTION('',(0.,1.,0.));
#6970 = PCURVE('',#2387,#6971);
#6971 = DEFINITIONAL_REPRESENTATION('',(#6972),#6976);
#6972 = LINE('',#6973,#6974);
#6973 = CARTESIAN_POINT('',(0.,0.));
#6974 = VECTOR('',#6975,1.);
#6975 = DIRECTION('',(1.,0.));
#6976 = ( GEOMETRIC_REPRESENTATION_CONTEXT(2) 
PARAMETRIC_REPRESENTATION_CONTEXT() REPRESENTATION_CONTEXT('2D SPACE',''
  ) );
#6977 = PCURVE('',#6416,#6978);
#6978 = DEFINITIONAL_REPRESENTATION('',(#6979),#6983);
#6979 = LINE('',#6980,#6981);
#6980 = CARTESIAN_POINT('',(0.7013671875,0.3240234375));
#6981 = VECTOR('',#6982,1.);
#6982 = DIRECTION('',(0.,1.));
#6983 = ( GEOMETRIC_REPRESENTATION_CONTEXT(2) 
PARAMETRIC_REPRESENTATION_CONTEXT() REPRESENTATION_CONTEXT('2D SPACE',''
  ) );
#6984 = ORIENTED_EDGE('',*,*,#6450,.T.);
#6985 = ORIENTED_EDGE('',*,*,#2372,.F.);
#6986 = ORIENTED_EDGE('',*,*,#6938,.F.);
#6987 = ADVANCED_FACE('',(#6988),#2675,.F.);
#6988 = FACE_BOUND('',#6989,.F.);
#6989 = EDGE_LOOP('',(#6990,#7020,#7041,#7042));
#6990 = ORIENTED_EDGE('',*,*,#6991,.F.);
#6991 = EDGE_CURVE('',#6992,#6994,#6996,.T.);
#6992 = VERTEX_POINT('',#6993);
#6993 = CARTESIAN_POINT('',(42.497265625,72.27509765625,3.65));
#6994 = VERTEX_POINT('',#6995);
#6995 = CARTESIAN_POINT('',(42.23203125,72.27509765625,3.65));
#6996 = SURFACE_CURVE('',#6997,(#7001,#7008),.PCURVE_S1.);
#6997 = LINE('',#6998,#6999);
#6998 = CARTESIAN_POINT('',(42.497265625,72.27509765625,3.65));
#6999 = VECTOR('',#7000,1.);
#7000 = DIRECTION('',(-1.,0.,0.));
#7001 = PCURVE('',#2675,#7002);
#7002 = DEFINITIONAL_REPRESENTATION('',(#7003),#7007);
#7003 = LINE('',#7004,#7005);
#7004 = CARTESIAN_POINT('',(0.,-0.));
#7005 = VECTOR('',#7006,1.);
#7006 = DIRECTION('',(1.,0.));
#7007 = ( GEOMETRIC_REPRESENTATION_CONTEXT(2) 
PARAMETRIC_REPRESENTATION_CONTEXT() REPRESENTATION_CONTEXT('2D SPACE',''
  ) );
#7008 = PCURVE('',#7009,#7014);
#7009 = PLANE('',#7010);
#7010 = AXIS2_PLACEMENT_3D('',#7011,#7012,#7013);
#7011 = CARTESIAN_POINT('',(41.4513671875,72.27509765625,3.65));
#7012 = DIRECTION('',(0.,0.,1.));
#7013 = DIRECTION('',(1.,0.,0.));
#7014 = DEFINITIONAL_REPRESENTATION('',(#7015),#7019);
#7015 = LINE('',#7016,#7017);
#7016 = CARTESIAN_POINT('',(1.0458984375,0.));
#7017 = VECTOR('',#7018,1.);
#7018 = DIRECTION('',(-1.,0.));
#7019 = ( GEOMETRIC_REPRESENTATION_CONTEXT(2) 
PARAMETRIC_REPRESENTATION_CONTEXT() REPRESENTATION_CONTEXT('2D SPACE',''
  ) );
#7020 = ORIENTED_EDGE('',*,*,#7021,.T.);
#7021 = EDGE_CURVE('',#6992,#2661,#7022,.T.);
#7022 = SURFACE_CURVE('',#7023,(#7027,#7034),.PCURVE_S1.);
#7023 = LINE('',#7024,#7025);
#7024 = CARTESIAN_POINT('',(42.497265625,72.27509765625,3.65));
#7025 = VECTOR('',#7026,1.);
#7026 = DIRECTION('',(0.,0.,1.));
#7027 = PCURVE('',#2675,#7028);
#7028 = DEFINITIONAL_REPRESENTATION('',(#7029),#7033);
#7029 = LINE('',#7030,#7031);
#7030 = CARTESIAN_POINT('',(0.,-0.));
#7031 = VECTOR('',#7032,1.);
#7032 = DIRECTION('',(0.,-1.));
#7033 = ( GEOMETRIC_REPRESENTATION_CONTEXT(2) 
PARAMETRIC_REPRESENTATION_CONTEXT() REPRESENTATION_CONTEXT('2D SPACE',''
  ) );
#7034 = PCURVE('',#2956,#7035);
#7035 = DEFINITIONAL_REPRESENTATION('',(#7036),#7040);
#7036 = LINE('',#7037,#7038);
#7037 = CARTESIAN_POINT('',(0.8490234375,0.));
#7038 = VECTOR('',#7039,1.);
#7039 = DIRECTION('',(0.,-1.));
#7040 = ( GEOMETRIC_REPRESENTATION_CONTEXT(2) 
PARAMETRIC_REPRESENTATION_CONTEXT() REPRESENTATION_CONTEXT('2D SPACE',''
  ) );
#7041 = ORIENTED_EDGE('',*,*,#2658,.F.);
#7042 = ORIENTED_EDGE('',*,*,#7043,.F.);
#7043 = EDGE_CURVE('',#6994,#2659,#7044,.T.);
#7044 = SURFACE_CURVE('',#7045,(#7049,#7056),.PCURVE_S1.);
#7045 = LINE('',#7046,#7047);
#7046 = CARTESIAN_POINT('',(42.23203125,72.27509765625,3.65));
#7047 = VECTOR('',#7048,1.);
#7048 = DIRECTION('',(0.,0.,1.));
#7049 = PCURVE('',#2675,#7050);
#7050 = DEFINITIONAL_REPRESENTATION('',(#7051),#7055);
#7051 = LINE('',#7052,#7053);
#7052 = CARTESIAN_POINT('',(0.265234375,0.));
#7053 = VECTOR('',#7054,1.);
#7054 = DIRECTION('',(0.,-1.));
#7055 = ( GEOMETRIC_REPRESENTATION_CONTEXT(2) 
PARAMETRIC_REPRESENTATION_CONTEXT() REPRESENTATION_CONTEXT('2D SPACE',''
  ) );
#7056 = PCURVE('',#2701,#7057);
#7057 = DEFINITIONAL_REPRESENTATION('',(#7058),#7062);
#7058 = LINE('',#7059,#7060);
#7059 = CARTESIAN_POINT('',(0.,0.));
#7060 = VECTOR('',#7061,1.);
#7061 = DIRECTION('',(0.,-1.));
#7062 = ( GEOMETRIC_REPRESENTATION_CONTEXT(2) 
PARAMETRIC_REPRESENTATION_CONTEXT() REPRESENTATION_CONTEXT('2D SPACE',''
  ) );
#7063 = ADVANCED_FACE('',(#7064),#2956,.F.);
#7064 = FACE_BOUND('',#7065,.F.);
#7065 = EDGE_LOOP('',(#7066,#7089,#7110,#7111));
#7066 = ORIENTED_EDGE('',*,*,#7067,.F.);
#7067 = EDGE_CURVE('',#7068,#6992,#7070,.T.);
#7068 = VERTEX_POINT('',#7069);
#7069 = CARTESIAN_POINT('',(42.497265625,73.12412109375,3.65));
#7070 = SURFACE_CURVE('',#7071,(#7075,#7082),.PCURVE_S1.);
#7071 = LINE('',#7072,#7073);
#7072 = CARTESIAN_POINT('',(42.497265625,73.12412109375,3.65));
#7073 = VECTOR('',#7074,1.);
#7074 = DIRECTION('',(0.,-1.,0.));
#7075 = PCURVE('',#2956,#7076);
#7076 = DEFINITIONAL_REPRESENTATION('',(#7077),#7081);
#7077 = LINE('',#7078,#7079);
#7078 = CARTESIAN_POINT('',(0.,0.));
#7079 = VECTOR('',#7080,1.);
#7080 = DIRECTION('',(1.,0.));
#7081 = ( GEOMETRIC_REPRESENTATION_CONTEXT(2) 
PARAMETRIC_REPRESENTATION_CONTEXT() REPRESENTATION_CONTEXT('2D SPACE',''
  ) );
#7082 = PCURVE('',#7009,#7083);
#7083 = DEFINITIONAL_REPRESENTATION('',(#7084),#7088);
#7084 = LINE('',#7085,#7086);
#7085 = CARTESIAN_POINT('',(1.0458984375,0.8490234375));
#7086 = VECTOR('',#7087,1.);
#7087 = DIRECTION('',(0.,-1.));
#7088 = ( GEOMETRIC_REPRESENTATION_CONTEXT(2) 
PARAMETRIC_REPRESENTATION_CONTEXT() REPRESENTATION_CONTEXT('2D SPACE',''
  ) );
#7089 = ORIENTED_EDGE('',*,*,#7090,.T.);
#7090 = EDGE_CURVE('',#7068,#2918,#7091,.T.);
#7091 = SURFACE_CURVE('',#7092,(#7096,#7103),.PCURVE_S1.);
#7092 = LINE('',#7093,#7094);
#7093 = CARTESIAN_POINT('',(42.497265625,73.12412109375,3.65));
#7094 = VECTOR('',#7095,1.);
#7095 = DIRECTION('',(0.,0.,1.));
#7096 = PCURVE('',#2956,#7097);
#7097 = DEFINITIONAL_REPRESENTATION('',(#7098),#7102);
#7098 = LINE('',#7099,#7100);
#7099 = CARTESIAN_POINT('',(0.,0.));
#7100 = VECTOR('',#7101,1.);
#7101 = DIRECTION('',(0.,-1.));
#7102 = ( GEOMETRIC_REPRESENTATION_CONTEXT(2) 
PARAMETRIC_REPRESENTATION_CONTEXT() REPRESENTATION_CONTEXT('2D SPACE',''
  ) );
#7103 = PCURVE('',#2932,#7104);
#7104 = DEFINITIONAL_REPRESENTATION('',(#7105),#7109);
#7105 = LINE('',#7106,#7107);
#7106 = CARTESIAN_POINT('',(1.405113608766,0.));
#7107 = VECTOR('',#7108,1.);
#7108 = DIRECTION('',(0.,-1.));
#7109 = ( GEOMETRIC_REPRESENTATION_CONTEXT(2) 
PARAMETRIC_REPRESENTATION_CONTEXT() REPRESENTATION_CONTEXT('2D SPACE',''
  ) );
#7110 = ORIENTED_EDGE('',*,*,#2943,.F.);
#7111 = ORIENTED_EDGE('',*,*,#7021,.F.);
#7112 = ADVANCED_FACE('',(#7113),#2932,.F.);
#7113 = FACE_BOUND('',#7114,.F.);
#7114 = EDGE_LOOP('',(#7115,#7138,#7159,#7160));
#7115 = ORIENTED_EDGE('',*,*,#7116,.F.);
#7116 = EDGE_CURVE('',#7117,#7068,#7119,.T.);
#7117 = VERTEX_POINT('',#7118);
#7118 = CARTESIAN_POINT('',(43.2970703125,74.27939453125,3.65));
#7119 = SURFACE_CURVE('',#7120,(#7124,#7131),.PCURVE_S1.);
#7120 = LINE('',#7121,#7122);
#7121 = CARTESIAN_POINT('',(43.2970703125,74.27939453125,3.65));
#7122 = VECTOR('',#7123,1.);
#7123 = DIRECTION('',(-0.56920997883,-0.822192191644,0.));
#7124 = PCURVE('',#2932,#7125);
#7125 = DEFINITIONAL_REPRESENTATION('',(#7126),#7130);
#7126 = LINE('',#7127,#7128);
#7127 = CARTESIAN_POINT('',(0.,0.));
#7128 = VECTOR('',#7129,1.);
#7129 = DIRECTION('',(1.,0.));
#7130 = ( GEOMETRIC_REPRESENTATION_CONTEXT(2) 
PARAMETRIC_REPRESENTATION_CONTEXT() REPRESENTATION_CONTEXT('2D SPACE',''
  ) );
#7131 = PCURVE('',#7009,#7132);
#7132 = DEFINITIONAL_REPRESENTATION('',(#7133),#7137);
#7133 = LINE('',#7134,#7135);
#7134 = CARTESIAN_POINT('',(1.845703125,2.004296875));
#7135 = VECTOR('',#7136,1.);
#7136 = DIRECTION('',(-0.56920997883,-0.822192191644));
#7137 = ( GEOMETRIC_REPRESENTATION_CONTEXT(2) 
PARAMETRIC_REPRESENTATION_CONTEXT() REPRESENTATION_CONTEXT('2D SPACE',''
  ) );
#7138 = ORIENTED_EDGE('',*,*,#7139,.T.);
#7139 = EDGE_CURVE('',#7117,#2892,#7140,.T.);
#7140 = SURFACE_CURVE('',#7141,(#7145,#7152),.PCURVE_S1.);
#7141 = LINE('',#7142,#7143);
#7142 = CARTESIAN_POINT('',(43.2970703125,74.27939453125,3.65));
#7143 = VECTOR('',#7144,1.);
#7144 = DIRECTION('',(0.,0.,1.));
#7145 = PCURVE('',#2932,#7146);
#7146 = DEFINITIONAL_REPRESENTATION('',(#7147),#7151);
#7147 = LINE('',#7148,#7149);
#7148 = CARTESIAN_POINT('',(0.,0.));
#7149 = VECTOR('',#7150,1.);
#7150 = DIRECTION('',(0.,-1.));
#7151 = ( GEOMETRIC_REPRESENTATION_CONTEXT(2) 
PARAMETRIC_REPRESENTATION_CONTEXT() REPRESENTATION_CONTEXT('2D SPACE',''
  ) );
#7152 = PCURVE('',#2906,#7153);
#7153 = DEFINITIONAL_REPRESENTATION('',(#7154),#7158);
#7154 = LINE('',#7155,#7156);
#7155 = CARTESIAN_POINT('',(0.308984375,0.));
#7156 = VECTOR('',#7157,1.);
#7157 = DIRECTION('',(0.,-1.));
#7158 = ( GEOMETRIC_REPRESENTATION_CONTEXT(2) 
PARAMETRIC_REPRESENTATION_CONTEXT() REPRESENTATION_CONTEXT('2D SPACE',''
  ) );
#7159 = ORIENTED_EDGE('',*,*,#2917,.F.);
#7160 = ORIENTED_EDGE('',*,*,#7090,.F.);
#7161 = ADVANCED_FACE('',(#7162),#2906,.F.);
#7162 = FACE_BOUND('',#7163,.F.);
#7163 = EDGE_LOOP('',(#7164,#7187,#7208,#7209));
#7164 = ORIENTED_EDGE('',*,*,#7165,.F.);
#7165 = EDGE_CURVE('',#7166,#7117,#7168,.T.);
#7166 = VERTEX_POINT('',#7167);
#7167 = CARTESIAN_POINT('',(42.9880859375,74.27939453125,3.65));
#7168 = SURFACE_CURVE('',#7169,(#7173,#7180),.PCURVE_S1.);
#7169 = LINE('',#7170,#7171);
#7170 = CARTESIAN_POINT('',(42.9880859375,74.27939453125,3.65));
#7171 = VECTOR('',#7172,1.);
#7172 = DIRECTION('',(1.,0.,0.));
#7173 = PCURVE('',#2906,#7174);
#7174 = DEFINITIONAL_REPRESENTATION('',(#7175),#7179);
#7175 = LINE('',#7176,#7177);
#7176 = CARTESIAN_POINT('',(0.,0.));
#7177 = VECTOR('',#7178,1.);
#7178 = DIRECTION('',(1.,0.));
#7179 = ( GEOMETRIC_REPRESENTATION_CONTEXT(2) 
PARAMETRIC_REPRESENTATION_CONTEXT() REPRESENTATION_CONTEXT('2D SPACE',''
  ) );
#7180 = PCURVE('',#7009,#7181);
#7181 = DEFINITIONAL_REPRESENTATION('',(#7182),#7186);
#7182 = LINE('',#7183,#7184);
#7183 = CARTESIAN_POINT('',(1.53671875,2.004296875));
#7184 = VECTOR('',#7185,1.);
#7185 = DIRECTION('',(1.,0.));
#7186 = ( GEOMETRIC_REPRESENTATION_CONTEXT(2) 
PARAMETRIC_REPRESENTATION_CONTEXT() REPRESENTATION_CONTEXT('2D SPACE',''
  ) );
#7187 = ORIENTED_EDGE('',*,*,#7188,.T.);
#7188 = EDGE_CURVE('',#7166,#2866,#7189,.T.);
#7189 = SURFACE_CURVE('',#7190,(#7194,#7201),.PCURVE_S1.);
#7190 = LINE('',#7191,#7192);
#7191 = CARTESIAN_POINT('',(42.9880859375,74.27939453125,3.65));
#7192 = VECTOR('',#7193,1.);
#7193 = DIRECTION('',(0.,0.,1.));
#7194 = PCURVE('',#2906,#7195);
#7195 = DEFINITIONAL_REPRESENTATION('',(#7196),#7200);
#7196 = LINE('',#7197,#7198);
#7197 = CARTESIAN_POINT('',(0.,0.));
#7198 = VECTOR('',#7199,1.);
#7199 = DIRECTION('',(0.,-1.));
#7200 = ( GEOMETRIC_REPRESENTATION_CONTEXT(2) 
PARAMETRIC_REPRESENTATION_CONTEXT() REPRESENTATION_CONTEXT('2D SPACE',''
  ) );
#7201 = PCURVE('',#2880,#7202);
#7202 = DEFINITIONAL_REPRESENTATION('',(#7203),#7207);
#7203 = LINE('',#7204,#7205);
#7204 = CARTESIAN_POINT('',(0.705682009615,0.));
#7205 = VECTOR('',#7206,1.);
#7206 = DIRECTION('',(0.,-1.));
#7207 = ( GEOMETRIC_REPRESENTATION_CONTEXT(2) 
PARAMETRIC_REPRESENTATION_CONTEXT() REPRESENTATION_CONTEXT('2D SPACE',''
  ) );
#7208 = ORIENTED_EDGE('',*,*,#2891,.F.);
#7209 = ORIENTED_EDGE('',*,*,#7139,.F.);
#7210 = ADVANCED_FACE('',(#7211),#2880,.F.);
#7211 = FACE_BOUND('',#7212,.F.);
#7212 = EDGE_LOOP('',(#7213,#7236,#7257,#7258));
#7213 = ORIENTED_EDGE('',*,*,#7214,.F.);
#7214 = EDGE_CURVE('',#7215,#7166,#7217,.T.);
#7215 = VERTEX_POINT('',#7216);
#7216 = CARTESIAN_POINT('',(42.5998046875,73.69013671875,3.65));
#7217 = SURFACE_CURVE('',#7218,(#7222,#7229),.PCURVE_S1.);
#7218 = LINE('',#7219,#7220);
#7219 = CARTESIAN_POINT('',(42.5998046875,73.69013671875,3.65));
#7220 = VECTOR('',#7221,1.);
#7221 = DIRECTION('',(0.550221267809,0.835018895865,0.));
#7222 = PCURVE('',#2880,#7223);
#7223 = DEFINITIONAL_REPRESENTATION('',(#7224),#7228);
#7224 = LINE('',#7225,#7226);
#7225 = CARTESIAN_POINT('',(0.,0.));
#7226 = VECTOR('',#7227,1.);
#7227 = DIRECTION('',(1.,0.));
#7228 = ( GEOMETRIC_REPRESENTATION_CONTEXT(2) 
PARAMETRIC_REPRESENTATION_CONTEXT() REPRESENTATION_CONTEXT('2D SPACE',''
  ) );
#7229 = PCURVE('',#7009,#7230);
#7230 = DEFINITIONAL_REPRESENTATION('',(#7231),#7235);
#7231 = LINE('',#7232,#7233);
#7232 = CARTESIAN_POINT('',(1.1484375,1.4150390625));
#7233 = VECTOR('',#7234,1.);
#7234 = DIRECTION('',(0.550221267809,0.835018895865));
#7235 = ( GEOMETRIC_REPRESENTATION_CONTEXT(2) 
PARAMETRIC_REPRESENTATION_CONTEXT() REPRESENTATION_CONTEXT('2D SPACE',''
  ) );
#7236 = ORIENTED_EDGE('',*,*,#7237,.T.);
#7237 = EDGE_CURVE('',#7215,#2827,#7238,.T.);
#7238 = SURFACE_CURVE('',#7239,(#7243,#7250),.PCURVE_S1.);
#7239 = LINE('',#7240,#7241);
#7240 = CARTESIAN_POINT('',(42.5998046875,73.69013671875,3.65));
#7241 = VECTOR('',#7242,1.);
#7242 = DIRECTION('',(0.,0.,1.));
#7243 = PCURVE('',#2880,#7244);
#7244 = DEFINITIONAL_REPRESENTATION('',(#7245),#7249);
#7245 = LINE('',#7246,#7247);
#7246 = CARTESIAN_POINT('',(0.,0.));
#7247 = VECTOR('',#7248,1.);
#7248 = DIRECTION('',(0.,-1.));
#7249 = ( GEOMETRIC_REPRESENTATION_CONTEXT(2) 
PARAMETRIC_REPRESENTATION_CONTEXT() REPRESENTATION_CONTEXT('2D SPACE',''
  ) );
#7250 = PCURVE('',#2848,#7251);
#7251 = DEFINITIONAL_REPRESENTATION('',(#7252),#7256);
#7252 = LINE('',#7253,#7254);
#7253 = CARTESIAN_POINT('',(1.,0.));
#7254 = VECTOR('',#7255,1.);
#7255 = DIRECTION('',(0.,-1.));
#7256 = ( GEOMETRIC_REPRESENTATION_CONTEXT(2) 
PARAMETRIC_REPRESENTATION_CONTEXT() REPRESENTATION_CONTEXT('2D SPACE',''
  ) );
#7257 = ORIENTED_EDGE('',*,*,#2865,.F.);
#7258 = ORIENTED_EDGE('',*,*,#7188,.F.);
#7259 = ADVANCED_FACE('',(#7260),#2848,.F.);
#7260 = FACE_BOUND('',#7261,.F.);
#7261 = EDGE_LOOP('',(#7262,#7285,#7306,#7307));
#7262 = ORIENTED_EDGE('',*,*,#7263,.F.);
#7263 = EDGE_CURVE('',#7264,#7215,#7266,.T.);
#7264 = VERTEX_POINT('',#7265);
#7265 = CARTESIAN_POINT('',(42.3810546875,73.33603515625,3.65));
#7266 = SURFACE_CURVE('',#7267,(#7271,#7278),.PCURVE_S1.);
#7267 = B_SPLINE_CURVE_WITH_KNOTS('',2,(#7268,#7269,#7270),
  .UNSPECIFIED.,.F.,.F.,(3,3),(0.,1.),.PIECEWISE_BEZIER_KNOTS.);
#7268 = CARTESIAN_POINT('',(42.3810546875,73.33603515625,3.65));
#7269 = CARTESIAN_POINT('',(42.4712890625,73.49326171875,3.65));
#7270 = CARTESIAN_POINT('',(42.5998046875,73.69013671875,3.65));
#7271 = PCURVE('',#2848,#7272);
#7272 = DEFINITIONAL_REPRESENTATION('',(#7273),#7277);
#7273 = LINE('',#7274,#7275);
#7274 = CARTESIAN_POINT('',(0.,0.));
#7275 = VECTOR('',#7276,1.);
#7276 = DIRECTION('',(1.,0.));
#7277 = ( GEOMETRIC_REPRESENTATION_CONTEXT(2) 
PARAMETRIC_REPRESENTATION_CONTEXT() REPRESENTATION_CONTEXT('2D SPACE',''
  ) );
#7278 = PCURVE('',#7009,#7279);
#7279 = DEFINITIONAL_REPRESENTATION('',(#7280),#7284);
#7280 = B_SPLINE_CURVE_WITH_KNOTS('',2,(#7281,#7282,#7283),
  .UNSPECIFIED.,.F.,.F.,(3,3),(0.,1.),.PIECEWISE_BEZIER_KNOTS.);
#7281 = CARTESIAN_POINT('',(0.9296875,1.0609375));
#7282 = CARTESIAN_POINT('',(1.019921875,1.2181640625));
#7283 = CARTESIAN_POINT('',(1.1484375,1.4150390625));
#7284 = ( GEOMETRIC_REPRESENTATION_CONTEXT(2) 
PARAMETRIC_REPRESENTATION_CONTEXT() REPRESENTATION_CONTEXT('2D SPACE',''
  ) );
#7285 = ORIENTED_EDGE('',*,*,#7286,.T.);
#7286 = EDGE_CURVE('',#7264,#2791,#7287,.T.);
#7287 = SURFACE_CURVE('',#7288,(#7292,#7299),.PCURVE_S1.);
#7288 = LINE('',#7289,#7290);
#7289 = CARTESIAN_POINT('',(42.3810546875,73.33603515625,3.65));
#7290 = VECTOR('',#7291,1.);
#7291 = DIRECTION('',(0.,0.,1.));
#7292 = PCURVE('',#2848,#7293);
#7293 = DEFINITIONAL_REPRESENTATION('',(#7294),#7298);
#7294 = LINE('',#7295,#7296);
#7295 = CARTESIAN_POINT('',(0.,0.));
#7296 = VECTOR('',#7297,1.);
#7297 = DIRECTION('',(0.,-1.));
#7298 = ( GEOMETRIC_REPRESENTATION_CONTEXT(2) 
PARAMETRIC_REPRESENTATION_CONTEXT() REPRESENTATION_CONTEXT('2D SPACE',''
  ) );
#7299 = PCURVE('',#2810,#7300);
#7300 = DEFINITIONAL_REPRESENTATION('',(#7301),#7305);
#7301 = LINE('',#7302,#7303);
#7302 = CARTESIAN_POINT('',(1.,0.));
#7303 = VECTOR('',#7304,1.);
#7304 = DIRECTION('',(0.,-1.));
#7305 = ( GEOMETRIC_REPRESENTATION_CONTEXT(2) 
PARAMETRIC_REPRESENTATION_CONTEXT() REPRESENTATION_CONTEXT('2D SPACE',''
  ) );
#7306 = ORIENTED_EDGE('',*,*,#2826,.F.);
#7307 = ORIENTED_EDGE('',*,*,#7237,.F.);
#7308 = ADVANCED_FACE('',(#7309),#2810,.F.);
#7309 = FACE_BOUND('',#7310,.F.);
#7310 = EDGE_LOOP('',(#7311,#7334,#7355,#7356));
#7311 = ORIENTED_EDGE('',*,*,#7312,.F.);
#7312 = EDGE_CURVE('',#7313,#7264,#7315,.T.);
#7313 = VERTEX_POINT('',#7314);
#7314 = CARTESIAN_POINT('',(42.17734375,73.67509765625,3.65));
#7315 = SURFACE_CURVE('',#7316,(#7320,#7327),.PCURVE_S1.);
#7316 = B_SPLINE_CURVE_WITH_KNOTS('',2,(#7317,#7318,#7319),
  .UNSPECIFIED.,.F.,.F.,(3,3),(0.,1.),.PIECEWISE_BEZIER_KNOTS.);
#7317 = CARTESIAN_POINT('',(42.17734375,73.67509765625,3.65));
#7318 = CARTESIAN_POINT('',(42.28671875,73.50556640625,3.65));
#7319 = CARTESIAN_POINT('',(42.3810546875,73.33603515625,3.65));
#7320 = PCURVE('',#2810,#7321);
#7321 = DEFINITIONAL_REPRESENTATION('',(#7322),#7326);
#7322 = LINE('',#7323,#7324);
#7323 = CARTESIAN_POINT('',(0.,0.));
#7324 = VECTOR('',#7325,1.);
#7325 = DIRECTION('',(1.,0.));
#7326 = ( GEOMETRIC_REPRESENTATION_CONTEXT(2) 
PARAMETRIC_REPRESENTATION_CONTEXT() REPRESENTATION_CONTEXT('2D SPACE',''
  ) );
#7327 = PCURVE('',#7009,#7328);
#7328 = DEFINITIONAL_REPRESENTATION('',(#7329),#7333);
#7329 = B_SPLINE_CURVE_WITH_KNOTS('',2,(#7330,#7331,#7332),
  .UNSPECIFIED.,.F.,.F.,(3,3),(0.,1.),.PIECEWISE_BEZIER_KNOTS.);
#7330 = CARTESIAN_POINT('',(0.7259765625,1.4));
#7331 = CARTESIAN_POINT('',(0.8353515625,1.23046875));
#7332 = CARTESIAN_POINT('',(0.9296875,1.0609375));
#7333 = ( GEOMETRIC_REPRESENTATION_CONTEXT(2) 
PARAMETRIC_REPRESENTATION_CONTEXT() REPRESENTATION_CONTEXT('2D SPACE',''
  ) );
#7334 = ORIENTED_EDGE('',*,*,#7335,.T.);
#7335 = EDGE_CURVE('',#7313,#2765,#7336,.T.);
#7336 = SURFACE_CURVE('',#7337,(#7341,#7348),.PCURVE_S1.);
#7337 = LINE('',#7338,#7339);
#7338 = CARTESIAN_POINT('',(42.17734375,73.67509765625,3.65));
#7339 = VECTOR('',#7340,1.);
#7340 = DIRECTION('',(0.,0.,1.));
#7341 = PCURVE('',#2810,#7342);
#7342 = DEFINITIONAL_REPRESENTATION('',(#7343),#7347);
#7343 = LINE('',#7344,#7345);
#7344 = CARTESIAN_POINT('',(0.,0.));
#7345 = VECTOR('',#7346,1.);
#7346 = DIRECTION('',(0.,-1.));
#7347 = ( GEOMETRIC_REPRESENTATION_CONTEXT(2) 
PARAMETRIC_REPRESENTATION_CONTEXT() REPRESENTATION_CONTEXT('2D SPACE',''
  ) );
#7348 = PCURVE('',#2779,#7349);
#7349 = DEFINITIONAL_REPRESENTATION('',(#7350),#7354);
#7350 = LINE('',#7351,#7352);
#7351 = CARTESIAN_POINT('',(0.722005751357,0.));
#7352 = VECTOR('',#7353,1.);
#7353 = DIRECTION('',(0.,-1.));
#7354 = ( GEOMETRIC_REPRESENTATION_CONTEXT(2) 
PARAMETRIC_REPRESENTATION_CONTEXT() REPRESENTATION_CONTEXT('2D SPACE',''
  ) );
#7355 = ORIENTED_EDGE('',*,*,#2790,.F.);
#7356 = ORIENTED_EDGE('',*,*,#7286,.F.);
#7357 = ADVANCED_FACE('',(#7358),#2779,.F.);
#7358 = FACE_BOUND('',#7359,.F.);
#7359 = EDGE_LOOP('',(#7360,#7383,#7404,#7405));
#7360 = ORIENTED_EDGE('',*,*,#7361,.F.);
#7361 = EDGE_CURVE('',#7362,#7313,#7364,.T.);
#7362 = VERTEX_POINT('',#7363);
#7363 = CARTESIAN_POINT('',(41.7822265625,74.27939453125,3.65));
#7364 = SURFACE_CURVE('',#7365,(#7369,#7376),.PCURVE_S1.);
#7365 = LINE('',#7366,#7367);
#7366 = CARTESIAN_POINT('',(41.7822265625,74.27939453125,3.65));
#7367 = VECTOR('',#7368,1.);
#7368 = DIRECTION('',(0.547249362983,-0.836969613974,0.));
#7369 = PCURVE('',#2779,#7370);
#7370 = DEFINITIONAL_REPRESENTATION('',(#7371),#7375);
#7371 = LINE('',#7372,#7373);
#7372 = CARTESIAN_POINT('',(0.,0.));
#7373 = VECTOR('',#7374,1.);
#7374 = DIRECTION('',(1.,0.));
#7375 = ( GEOMETRIC_REPRESENTATION_CONTEXT(2) 
PARAMETRIC_REPRESENTATION_CONTEXT() REPRESENTATION_CONTEXT('2D SPACE',''
  ) );
#7376 = PCURVE('',#7009,#7377);
#7377 = DEFINITIONAL_REPRESENTATION('',(#7378),#7382);
#7378 = LINE('',#7379,#7380);
#7379 = CARTESIAN_POINT('',(0.330859375,2.004296875));
#7380 = VECTOR('',#7381,1.);
#7381 = DIRECTION('',(0.547249362983,-0.836969613974));
#7382 = ( GEOMETRIC_REPRESENTATION_CONTEXT(2) 
PARAMETRIC_REPRESENTATION_CONTEXT() REPRESENTATION_CONTEXT('2D SPACE',''
  ) );
#7383 = ORIENTED_EDGE('',*,*,#7384,.T.);
#7384 = EDGE_CURVE('',#7362,#2739,#7385,.T.);
#7385 = SURFACE_CURVE('',#7386,(#7390,#7397),.PCURVE_S1.);
#7386 = LINE('',#7387,#7388);
#7387 = CARTESIAN_POINT('',(41.7822265625,74.27939453125,3.65));
#7388 = VECTOR('',#7389,1.);
#7389 = DIRECTION('',(0.,0.,1.));
#7390 = PCURVE('',#2779,#7391);
#7391 = DEFINITIONAL_REPRESENTATION('',(#7392),#7396);
#7392 = LINE('',#7393,#7394);
#7393 = CARTESIAN_POINT('',(0.,0.));
#7394 = VECTOR('',#7395,1.);
#7395 = DIRECTION('',(0.,-1.));
#7396 = ( GEOMETRIC_REPRESENTATION_CONTEXT(2) 
PARAMETRIC_REPRESENTATION_CONTEXT() REPRESENTATION_CONTEXT('2D SPACE',''
  ) );
#7397 = PCURVE('',#2753,#7398);
#7398 = DEFINITIONAL_REPRESENTATION('',(#7399),#7403);
#7399 = LINE('',#7400,#7401);
#7400 = CARTESIAN_POINT('',(0.32265625,0.));
#7401 = VECTOR('',#7402,1.);
#7402 = DIRECTION('',(0.,-1.));
#7403 = ( GEOMETRIC_REPRESENTATION_CONTEXT(2) 
PARAMETRIC_REPRESENTATION_CONTEXT() REPRESENTATION_CONTEXT('2D SPACE',''
  ) );
#7404 = ORIENTED_EDGE('',*,*,#2764,.F.);
#7405 = ORIENTED_EDGE('',*,*,#7335,.F.);
#7406 = ADVANCED_FACE('',(#7407),#2753,.F.);
#7407 = FACE_BOUND('',#7408,.F.);
#7408 = EDGE_LOOP('',(#7409,#7432,#7453,#7454));
#7409 = ORIENTED_EDGE('',*,*,#7410,.F.);
#7410 = EDGE_CURVE('',#7411,#7362,#7413,.T.);
#7411 = VERTEX_POINT('',#7412);
#7412 = CARTESIAN_POINT('',(41.4595703125,74.27939453125,3.65));
#7413 = SURFACE_CURVE('',#7414,(#7418,#7425),.PCURVE_S1.);
#7414 = LINE('',#7415,#7416);
#7415 = CARTESIAN_POINT('',(41.4595703125,74.27939453125,3.65));
#7416 = VECTOR('',#7417,1.);
#7417 = DIRECTION('',(1.,0.,0.));
#7418 = PCURVE('',#2753,#7419);
#7419 = DEFINITIONAL_REPRESENTATION('',(#7420),#7424);
#7420 = LINE('',#7421,#7422);
#7421 = CARTESIAN_POINT('',(0.,0.));
#7422 = VECTOR('',#7423,1.);
#7423 = DIRECTION('',(1.,0.));
#7424 = ( GEOMETRIC_REPRESENTATION_CONTEXT(2) 
PARAMETRIC_REPRESENTATION_CONTEXT() REPRESENTATION_CONTEXT('2D SPACE',''
  ) );
#7425 = PCURVE('',#7009,#7426);
#7426 = DEFINITIONAL_REPRESENTATION('',(#7427),#7431);
#7427 = LINE('',#7428,#7429);
#7428 = CARTESIAN_POINT('',(8.203125E-03,2.004296875));
#7429 = VECTOR('',#7430,1.);
#7430 = DIRECTION('',(1.,0.));
#7431 = ( GEOMETRIC_REPRESENTATION_CONTEXT(2) 
PARAMETRIC_REPRESENTATION_CONTEXT() REPRESENTATION_CONTEXT('2D SPACE',''
  ) );
#7432 = ORIENTED_EDGE('',*,*,#7433,.T.);
#7433 = EDGE_CURVE('',#7411,#2713,#7434,.T.);
#7434 = SURFACE_CURVE('',#7435,(#7439,#7446),.PCURVE_S1.);
#7435 = LINE('',#7436,#7437);
#7436 = CARTESIAN_POINT('',(41.4595703125,74.27939453125,3.65));
#7437 = VECTOR('',#7438,1.);
#7438 = DIRECTION('',(0.,0.,1.));
#7439 = PCURVE('',#2753,#7440);
#7440 = DEFINITIONAL_REPRESENTATION('',(#7441),#7445);
#7441 = LINE('',#7442,#7443);
#7442 = CARTESIAN_POINT('',(0.,0.));
#7443 = VECTOR('',#7444,1.);
#7444 = DIRECTION('',(0.,-1.));
#7445 = ( GEOMETRIC_REPRESENTATION_CONTEXT(2) 
PARAMETRIC_REPRESENTATION_CONTEXT() REPRESENTATION_CONTEXT('2D SPACE',''
  ) );
#7446 = PCURVE('',#2727,#7447);
#7447 = DEFINITIONAL_REPRESENTATION('',(#7448),#7452);
#7448 = LINE('',#7449,#7450);
#7449 = CARTESIAN_POINT('',(1.389731130599,0.));
#7450 = VECTOR('',#7451,1.);
#7451 = DIRECTION('',(0.,-1.));
#7452 = ( GEOMETRIC_REPRESENTATION_CONTEXT(2) 
PARAMETRIC_REPRESENTATION_CONTEXT() REPRESENTATION_CONTEXT('2D SPACE',''
  ) );
#7453 = ORIENTED_EDGE('',*,*,#2738,.F.);
#7454 = ORIENTED_EDGE('',*,*,#7384,.F.);
#7455 = ADVANCED_FACE('',(#7456),#2727,.F.);
#7456 = FACE_BOUND('',#7457,.F.);
#7457 = EDGE_LOOP('',(#7458,#7481,#7502,#7503));
#7458 = ORIENTED_EDGE('',*,*,#7459,.F.);
#7459 = EDGE_CURVE('',#7460,#7411,#7462,.T.);
#7460 = VERTEX_POINT('',#7461);
#7461 = CARTESIAN_POINT('',(42.23203125,73.12412109375,3.65));
#7462 = SURFACE_CURVE('',#7463,(#7467,#7474),.PCURVE_S1.);
#7463 = LINE('',#7464,#7465);
#7464 = CARTESIAN_POINT('',(42.23203125,73.12412109375,3.65));
#7465 = VECTOR('',#7466,1.);
#7466 = DIRECTION('',(-0.555834808973,0.831292767402,0.));
#7467 = PCURVE('',#2727,#7468);
#7468 = DEFINITIONAL_REPRESENTATION('',(#7469),#7473);
#7469 = LINE('',#7470,#7471);
#7470 = CARTESIAN_POINT('',(0.,0.));
#7471 = VECTOR('',#7472,1.);
#7472 = DIRECTION('',(1.,0.));
#7473 = ( GEOMETRIC_REPRESENTATION_CONTEXT(2) 
PARAMETRIC_REPRESENTATION_CONTEXT() REPRESENTATION_CONTEXT('2D SPACE',''
  ) );
#7474 = PCURVE('',#7009,#7475);
#7475 = DEFINITIONAL_REPRESENTATION('',(#7476),#7480);
#7476 = LINE('',#7477,#7478);
#7477 = CARTESIAN_POINT('',(0.7806640625,0.8490234375));
#7478 = VECTOR('',#7479,1.);
#7479 = DIRECTION('',(-0.555834808973,0.831292767402));
#7480 = ( GEOMETRIC_REPRESENTATION_CONTEXT(2) 
PARAMETRIC_REPRESENTATION_CONTEXT() REPRESENTATION_CONTEXT('2D SPACE',''
  ) );
#7481 = ORIENTED_EDGE('',*,*,#7482,.T.);
#7482 = EDGE_CURVE('',#7460,#2687,#7483,.T.);
#7483 = SURFACE_CURVE('',#7484,(#7488,#7495),.PCURVE_S1.);
#7484 = LINE('',#7485,#7486);
#7485 = CARTESIAN_POINT('',(42.23203125,73.12412109375,3.65));
#7486 = VECTOR('',#7487,1.);
#7487 = DIRECTION('',(0.,0.,1.));
#7488 = PCURVE('',#2727,#7489);
#7489 = DEFINITIONAL_REPRESENTATION('',(#7490),#7494);
#7490 = LINE('',#7491,#7492);
#7491 = CARTESIAN_POINT('',(0.,0.));
#7492 = VECTOR('',#7493,1.);
#7493 = DIRECTION('',(0.,-1.));
#7494 = ( GEOMETRIC_REPRESENTATION_CONTEXT(2) 
PARAMETRIC_REPRESENTATION_CONTEXT() REPRESENTATION_CONTEXT('2D SPACE',''
  ) );
#7495 = PCURVE('',#2701,#7496);
#7496 = DEFINITIONAL_REPRESENTATION('',(#7497),#7501);
#7497 = LINE('',#7498,#7499);
#7498 = CARTESIAN_POINT('',(0.8490234375,0.));
#7499 = VECTOR('',#7500,1.);
#7500 = DIRECTION('',(0.,-1.));
#7501 = ( GEOMETRIC_REPRESENTATION_CONTEXT(2) 
PARAMETRIC_REPRESENTATION_CONTEXT() REPRESENTATION_CONTEXT('2D SPACE',''
  ) );
#7502 = ORIENTED_EDGE('',*,*,#2712,.F.);
#7503 = ORIENTED_EDGE('',*,*,#7433,.F.);
#7504 = ADVANCED_FACE('',(#7505),#2701,.F.);
#7505 = FACE_BOUND('',#7506,.F.);
#7506 = EDGE_LOOP('',(#7507,#7528,#7529,#7530));
#7507 = ORIENTED_EDGE('',*,*,#7508,.F.);
#7508 = EDGE_CURVE('',#6994,#7460,#7509,.T.);
#7509 = SURFACE_CURVE('',#7510,(#7514,#7521),.PCURVE_S1.);
#7510 = LINE('',#7511,#7512);
#7511 = CARTESIAN_POINT('',(42.23203125,72.27509765625,3.65));
#7512 = VECTOR('',#7513,1.);
#7513 = DIRECTION('',(0.,1.,0.));
#7514 = PCURVE('',#2701,#7515);
#7515 = DEFINITIONAL_REPRESENTATION('',(#7516),#7520);
#7516 = LINE('',#7517,#7518);
#7517 = CARTESIAN_POINT('',(0.,0.));
#7518 = VECTOR('',#7519,1.);
#7519 = DIRECTION('',(1.,0.));
#7520 = ( GEOMETRIC_REPRESENTATION_CONTEXT(2) 
PARAMETRIC_REPRESENTATION_CONTEXT() REPRESENTATION_CONTEXT('2D SPACE',''
  ) );
#7521 = PCURVE('',#7009,#7522);
#7522 = DEFINITIONAL_REPRESENTATION('',(#7523),#7527);
#7523 = LINE('',#7524,#7525);
#7524 = CARTESIAN_POINT('',(0.7806640625,0.));
#7525 = VECTOR('',#7526,1.);
#7526 = DIRECTION('',(0.,1.));
#7527 = ( GEOMETRIC_REPRESENTATION_CONTEXT(2) 
PARAMETRIC_REPRESENTATION_CONTEXT() REPRESENTATION_CONTEXT('2D SPACE',''
  ) );
#7528 = ORIENTED_EDGE('',*,*,#7043,.T.);
#7529 = ORIENTED_EDGE('',*,*,#2686,.F.);
#7530 = ORIENTED_EDGE('',*,*,#7482,.F.);
#7531 = ADVANCED_FACE('',(#7532),#3215,.F.);
#7532 = FACE_BOUND('',#7533,.F.);
#7533 = EDGE_LOOP('',(#7534,#7557,#7558,#7581));
#7534 = ORIENTED_EDGE('',*,*,#7535,.F.);
#7535 = EDGE_CURVE('',#3199,#7536,#7538,.T.);
#7536 = VERTEX_POINT('',#7537);
#7537 = CARTESIAN_POINT('',(3.7,43.7,3.5));
#7538 = SURFACE_CURVE('',#7539,(#7543,#7550),.PCURVE_S1.);
#7539 = LINE('',#7540,#7541);
#7540 = CARTESIAN_POINT('',(3.7,43.7,-0.5));
#7541 = VECTOR('',#7542,1.);
#7542 = DIRECTION('',(0.,0.,1.));
#7543 = PCURVE('',#3215,#7544);
#7544 = DEFINITIONAL_REPRESENTATION('',(#7545),#7549);
#7545 = LINE('',#7546,#7547);
#7546 = CARTESIAN_POINT('',(9.4,0.));
#7547 = VECTOR('',#7548,1.);
#7548 = DIRECTION('',(0.,-1.));
#7549 = ( GEOMETRIC_REPRESENTATION_CONTEXT(2) 
PARAMETRIC_REPRESENTATION_CONTEXT() REPRESENTATION_CONTEXT('2D SPACE',''
  ) );
#7550 = PCURVE('',#3247,#7551);
#7551 = DEFINITIONAL_REPRESENTATION('',(#7552),#7556);
#7552 = LINE('',#7553,#7554);
#7553 = CARTESIAN_POINT('',(0.,0.));
#7554 = VECTOR('',#7555,1.);
#7555 = DIRECTION('',(0.,-1.));
#7556 = ( GEOMETRIC_REPRESENTATION_CONTEXT(2) 
PARAMETRIC_REPRESENTATION_CONTEXT() REPRESENTATION_CONTEXT('2D SPACE',''
  ) );
#7557 = ORIENTED_EDGE('',*,*,#3198,.T.);
#7558 = ORIENTED_EDGE('',*,*,#7559,.T.);
#7559 = EDGE_CURVE('',#3201,#7560,#7562,.T.);
#7560 = VERTEX_POINT('',#7561);
#7561 = CARTESIAN_POINT('',(3.7,34.3,3.5));
#7562 = SURFACE_CURVE('',#7563,(#7567,#7574),.PCURVE_S1.);
#7563 = LINE('',#7564,#7565);
#7564 = CARTESIAN_POINT('',(3.7,34.3,-0.5));
#7565 = VECTOR('',#7566,1.);
#7566 = DIRECTION('',(0.,0.,1.));
#7567 = PCURVE('',#3215,#7568);
#7568 = DEFINITIONAL_REPRESENTATION('',(#7569),#7573);
#7569 = LINE('',#7570,#7571);
#7570 = CARTESIAN_POINT('',(0.,0.));
#7571 = VECTOR('',#7572,1.);
#7572 = DIRECTION('',(0.,-1.));
#7573 = ( GEOMETRIC_REPRESENTATION_CONTEXT(2) 
PARAMETRIC_REPRESENTATION_CONTEXT() REPRESENTATION_CONTEXT('2D SPACE',''
  ) );
#7574 = PCURVE('',#3304,#7575);
#7575 = DEFINITIONAL_REPRESENTATION('',(#7576),#7580);
#7576 = LINE('',#7577,#7578);
#7577 = CARTESIAN_POINT('',(3.14159265359,0.));
#7578 = VECTOR('',#7579,1.);
#7579 = DIRECTION('',(0.,-1.));
#7580 = ( GEOMETRIC_REPRESENTATION_CONTEXT(2) 
PARAMETRIC_REPRESENTATION_CONTEXT() REPRESENTATION_CONTEXT('2D SPACE',''
  ) );
#7581 = ORIENTED_EDGE('',*,*,#7582,.F.);
#7582 = EDGE_CURVE('',#7536,#7560,#7583,.T.);
#7583 = SURFACE_CURVE('',#7584,(#7588,#7594),.PCURVE_S1.);
#7584 = LINE('',#7585,#7586);
#7585 = CARTESIAN_POINT('',(3.7,36.65,3.5));
#7586 = VECTOR('',#7587,1.);
#7587 = DIRECTION('',(-1.110223024625E-16,-1.,0.));
#7588 = PCURVE('',#3215,#7589);
#7589 = DEFINITIONAL_REPRESENTATION('',(#7590),#7593);
#7590 = B_SPLINE_CURVE_WITH_KNOTS('',1,(#7591,#7592),.UNSPECIFIED.,.F.,
  .F.,(2,2),(-7.05,2.35),.PIECEWISE_BEZIER_KNOTS.);
#7591 = CARTESIAN_POINT('',(9.4,-4.));
#7592 = CARTESIAN_POINT('',(0.,-4.));
#7593 = ( GEOMETRIC_REPRESENTATION_CONTEXT(2) 
PARAMETRIC_REPRESENTATION_CONTEXT() REPRESENTATION_CONTEXT('2D SPACE',''
  ) );
#7594 = PCURVE('',#3572,#7595);
#7595 = DEFINITIONAL_REPRESENTATION('',(#7596),#7599);
#7596 = B_SPLINE_CURVE_WITH_KNOTS('',1,(#7597,#7598),.UNSPECIFIED.,.F.,
  .F.,(2,2),(-7.05,2.35),.PIECEWISE_BEZIER_KNOTS.);
#7597 = CARTESIAN_POINT('',(2.3,4.7));
#7598 = CARTESIAN_POINT('',(2.3,-4.7));
#7599 = ( GEOMETRIC_REPRESENTATION_CONTEXT(2) 
PARAMETRIC_REPRESENTATION_CONTEXT() REPRESENTATION_CONTEXT('2D SPACE',''
  ) );
#7600 = ADVANCED_FACE('',(#7601),#3247,.F.);
#7601 = FACE_BOUND('',#7602,.F.);
#7602 = EDGE_LOOP('',(#7603,#7604,#7605,#7629));
#7603 = ORIENTED_EDGE('',*,*,#3226,.F.);
#7604 = ORIENTED_EDGE('',*,*,#7535,.T.);
#7605 = ORIENTED_EDGE('',*,*,#7606,.T.);
#7606 = EDGE_CURVE('',#7536,#7607,#7609,.T.);
#7607 = VERTEX_POINT('',#7608);
#7608 = CARTESIAN_POINT('',(8.3,43.7,3.5));
#7609 = SURFACE_CURVE('',#7610,(#7615,#7622),.PCURVE_S1.);
#7610 = CIRCLE('',#7611,2.3);
#7611 = AXIS2_PLACEMENT_3D('',#7612,#7613,#7614);
#7612 = CARTESIAN_POINT('',(6.,43.7,3.5));
#7613 = DIRECTION('',(0.,0.,-1.));
#7614 = DIRECTION('',(-1.,4.971868327669E-16,0.));
#7615 = PCURVE('',#3247,#7616);
#7616 = DEFINITIONAL_REPRESENTATION('',(#7617),#7621);
#7617 = LINE('',#7618,#7619);
#7618 = CARTESIAN_POINT('',(0.,-4.));
#7619 = VECTOR('',#7620,1.);
#7620 = DIRECTION('',(1.,0.));
#7621 = ( GEOMETRIC_REPRESENTATION_CONTEXT(2) 
PARAMETRIC_REPRESENTATION_CONTEXT() REPRESENTATION_CONTEXT('2D SPACE',''
  ) );
#7622 = PCURVE('',#3572,#7623);
#7623 = DEFINITIONAL_REPRESENTATION('',(#7624),#7628);
#7624 = CIRCLE('',#7625,2.3);
#7625 = AXIS2_PLACEMENT_2D('',#7626,#7627);
#7626 = CARTESIAN_POINT('',(-1.7763568394E-15,4.7));
#7627 = DIRECTION('',(1.,4.971868327669E-16));
#7628 = ( GEOMETRIC_REPRESENTATION_CONTEXT(2) 
PARAMETRIC_REPRESENTATION_CONTEXT() REPRESENTATION_CONTEXT('2D SPACE',''
  ) );
#7629 = ORIENTED_EDGE('',*,*,#7630,.F.);
#7630 = EDGE_CURVE('',#3227,#7607,#7631,.T.);
#7631 = SURFACE_CURVE('',#7632,(#7636,#7643),.PCURVE_S1.);
#7632 = LINE('',#7633,#7634);
#7633 = CARTESIAN_POINT('',(8.3,43.7,-0.5));
#7634 = VECTOR('',#7635,1.);
#7635 = DIRECTION('',(0.,0.,1.));
#7636 = PCURVE('',#3247,#7637);
#7637 = DEFINITIONAL_REPRESENTATION('',(#7638),#7642);
#7638 = LINE('',#7639,#7640);
#7639 = CARTESIAN_POINT('',(3.14159265359,0.));
#7640 = VECTOR('',#7641,1.);
#7641 = DIRECTION('',(0.,-1.));
#7642 = ( GEOMETRIC_REPRESENTATION_CONTEXT(2) 
PARAMETRIC_REPRESENTATION_CONTEXT() REPRESENTATION_CONTEXT('2D SPACE',''
  ) );
#7643 = PCURVE('',#3274,#7644);
#7644 = DEFINITIONAL_REPRESENTATION('',(#7645),#7649);
#7645 = LINE('',#7646,#7647);
#7646 = CARTESIAN_POINT('',(0.,0.));
#7647 = VECTOR('',#7648,1.);
#7648 = DIRECTION('',(0.,-1.));
#7649 = ( GEOMETRIC_REPRESENTATION_CONTEXT(2) 
PARAMETRIC_REPRESENTATION_CONTEXT() REPRESENTATION_CONTEXT('2D SPACE',''
  ) );
#7650 = ADVANCED_FACE('',(#7651),#3304,.F.);
#7651 = FACE_BOUND('',#7652,.F.);
#7652 = EDGE_LOOP('',(#7653,#7654,#7677,#7699));
#7653 = ORIENTED_EDGE('',*,*,#3285,.F.);
#7654 = ORIENTED_EDGE('',*,*,#7655,.T.);
#7655 = EDGE_CURVE('',#3260,#7656,#7658,.T.);
#7656 = VERTEX_POINT('',#7657);
#7657 = CARTESIAN_POINT('',(8.3,34.3,3.5));
#7658 = SURFACE_CURVE('',#7659,(#7663,#7670),.PCURVE_S1.);
#7659 = LINE('',#7660,#7661);
#7660 = CARTESIAN_POINT('',(8.3,34.3,-0.5));
#7661 = VECTOR('',#7662,1.);
#7662 = DIRECTION('',(0.,0.,1.));
#7663 = PCURVE('',#3304,#7664);
#7664 = DEFINITIONAL_REPRESENTATION('',(#7665),#7669);
#7665 = LINE('',#7666,#7667);
#7666 = CARTESIAN_POINT('',(0.,0.));
#7667 = VECTOR('',#7668,1.);
#7668 = DIRECTION('',(0.,-1.));
#7669 = ( GEOMETRIC_REPRESENTATION_CONTEXT(2) 
PARAMETRIC_REPRESENTATION_CONTEXT() REPRESENTATION_CONTEXT('2D SPACE',''
  ) );
#7670 = PCURVE('',#3274,#7671);
#7671 = DEFINITIONAL_REPRESENTATION('',(#7672),#7676);
#7672 = LINE('',#7673,#7674);
#7673 = CARTESIAN_POINT('',(9.4,0.));
#7674 = VECTOR('',#7675,1.);
#7675 = DIRECTION('',(0.,-1.));
#7676 = ( GEOMETRIC_REPRESENTATION_CONTEXT(2) 
PARAMETRIC_REPRESENTATION_CONTEXT() REPRESENTATION_CONTEXT('2D SPACE',''
  ) );
#7677 = ORIENTED_EDGE('',*,*,#7678,.T.);
#7678 = EDGE_CURVE('',#7656,#7560,#7679,.T.);
#7679 = SURFACE_CURVE('',#7680,(#7685,#7692),.PCURVE_S1.);
#7680 = CIRCLE('',#7681,2.3);
#7681 = AXIS2_PLACEMENT_3D('',#7682,#7683,#7684);
#7682 = CARTESIAN_POINT('',(6.,34.3,3.5));
#7683 = DIRECTION('',(-0.,0.,-1.));
#7684 = DIRECTION('',(1.,-4.971868327669E-16,-0.));
#7685 = PCURVE('',#3304,#7686);
#7686 = DEFINITIONAL_REPRESENTATION('',(#7687),#7691);
#7687 = LINE('',#7688,#7689);
#7688 = CARTESIAN_POINT('',(0.,-4.));
#7689 = VECTOR('',#7690,1.);
#7690 = DIRECTION('',(1.,0.));
#7691 = ( GEOMETRIC_REPRESENTATION_CONTEXT(2) 
PARAMETRIC_REPRESENTATION_CONTEXT() REPRESENTATION_CONTEXT('2D SPACE',''
  ) );
#7692 = PCURVE('',#3572,#7693);
#7693 = DEFINITIONAL_REPRESENTATION('',(#7694),#7698);
#7694 = CIRCLE('',#7695,2.3);
#7695 = AXIS2_PLACEMENT_2D('',#7696,#7697);
#7696 = CARTESIAN_POINT('',(0.,-4.7));
#7697 = DIRECTION('',(-1.,-4.971868327669E-16));
#7698 = ( GEOMETRIC_REPRESENTATION_CONTEXT(2) 
PARAMETRIC_REPRESENTATION_CONTEXT() REPRESENTATION_CONTEXT('2D SPACE',''
  ) );
#7699 = ORIENTED_EDGE('',*,*,#7559,.F.);
#7700 = ADVANCED_FACE('',(#7701),#3274,.F.);
#7701 = FACE_BOUND('',#7702,.F.);
#7702 = EDGE_LOOP('',(#7703,#7704,#7705,#7706));
#7703 = ORIENTED_EDGE('',*,*,#7655,.F.);
#7704 = ORIENTED_EDGE('',*,*,#3259,.T.);
#7705 = ORIENTED_EDGE('',*,*,#7630,.T.);
#7706 = ORIENTED_EDGE('',*,*,#7707,.F.);
#7707 = EDGE_CURVE('',#7656,#7607,#7708,.T.);
#7708 = SURFACE_CURVE('',#7709,(#7713,#7719),.PCURVE_S1.);
#7709 = LINE('',#7710,#7711);
#7710 = CARTESIAN_POINT('',(8.3,41.35,3.5));
#7711 = VECTOR('',#7712,1.);
#7712 = DIRECTION('',(1.110223024625E-16,1.,-0.));
#7713 = PCURVE('',#3274,#7714);
#7714 = DEFINITIONAL_REPRESENTATION('',(#7715),#7718);
#7715 = B_SPLINE_CURVE_WITH_KNOTS('',1,(#7716,#7717),.UNSPECIFIED.,.F.,
  .F.,(2,2),(-7.05,2.35),.PIECEWISE_BEZIER_KNOTS.);
#7716 = CARTESIAN_POINT('',(9.4,-4.));
#7717 = CARTESIAN_POINT('',(0.,-4.));
#7718 = ( GEOMETRIC_REPRESENTATION_CONTEXT(2) 
PARAMETRIC_REPRESENTATION_CONTEXT() REPRESENTATION_CONTEXT('2D SPACE',''
  ) );
#7719 = PCURVE('',#3572,#7720);
#7720 = DEFINITIONAL_REPRESENTATION('',(#7721),#7724);
#7721 = B_SPLINE_CURVE_WITH_KNOTS('',1,(#7722,#7723),.UNSPECIFIED.,.F.,
  .F.,(2,2),(-7.05,2.35),.PIECEWISE_BEZIER_KNOTS.);
#7722 = CARTESIAN_POINT('',(-2.3,-4.7));
#7723 = CARTESIAN_POINT('',(-2.3,4.7));
#7724 = ( GEOMETRIC_REPRESENTATION_CONTEXT(2) 
PARAMETRIC_REPRESENTATION_CONTEXT() REPRESENTATION_CONTEXT('2D SPACE',''
  ) );
#7725 = ADVANCED_FACE('',(#7726),#3335,.F.);
#7726 = FACE_BOUND('',#7727,.F.);
#7727 = EDGE_LOOP('',(#7728,#7751,#7752,#7775));
#7728 = ORIENTED_EDGE('',*,*,#7729,.F.);
#7729 = EDGE_CURVE('',#3319,#7730,#7732,.T.);
#7730 = VERTEX_POINT('',#7731);
#7731 = CARTESIAN_POINT('',(69.7,43.7,3.5));
#7732 = SURFACE_CURVE('',#7733,(#7737,#7744),.PCURVE_S1.);
#7733 = LINE('',#7734,#7735);
#7734 = CARTESIAN_POINT('',(69.7,43.7,-0.5));
#7735 = VECTOR('',#7736,1.);
#7736 = DIRECTION('',(0.,0.,1.));
#7737 = PCURVE('',#3335,#7738);
#7738 = DEFINITIONAL_REPRESENTATION('',(#7739),#7743);
#7739 = LINE('',#7740,#7741);
#7740 = CARTESIAN_POINT('',(9.4,0.));
#7741 = VECTOR('',#7742,1.);
#7742 = DIRECTION('',(0.,-1.));
#7743 = ( GEOMETRIC_REPRESENTATION_CONTEXT(2) 
PARAMETRIC_REPRESENTATION_CONTEXT() REPRESENTATION_CONTEXT('2D SPACE',''
  ) );
#7744 = PCURVE('',#3367,#7745);
#7745 = DEFINITIONAL_REPRESENTATION('',(#7746),#7750);
#7746 = LINE('',#7747,#7748);
#7747 = CARTESIAN_POINT('',(0.,0.));
#7748 = VECTOR('',#7749,1.);
#7749 = DIRECTION('',(0.,-1.));
#7750 = ( GEOMETRIC_REPRESENTATION_CONTEXT(2) 
PARAMETRIC_REPRESENTATION_CONTEXT() REPRESENTATION_CONTEXT('2D SPACE',''
  ) );
#7751 = ORIENTED_EDGE('',*,*,#3318,.T.);
#7752 = ORIENTED_EDGE('',*,*,#7753,.T.);
#7753 = EDGE_CURVE('',#3321,#7754,#7756,.T.);
#7754 = VERTEX_POINT('',#7755);
#7755 = CARTESIAN_POINT('',(69.7,34.3,3.5));
#7756 = SURFACE_CURVE('',#7757,(#7761,#7768),.PCURVE_S1.);
#7757 = LINE('',#7758,#7759);
#7758 = CARTESIAN_POINT('',(69.7,34.3,-0.5));
#7759 = VECTOR('',#7760,1.);
#7760 = DIRECTION('',(0.,0.,1.));
#7761 = PCURVE('',#3335,#7762);
#7762 = DEFINITIONAL_REPRESENTATION('',(#7763),#7767);
#7763 = LINE('',#7764,#7765);
#7764 = CARTESIAN_POINT('',(0.,0.));
#7765 = VECTOR('',#7766,1.);
#7766 = DIRECTION('',(0.,-1.));
#7767 = ( GEOMETRIC_REPRESENTATION_CONTEXT(2) 
PARAMETRIC_REPRESENTATION_CONTEXT() REPRESENTATION_CONTEXT('2D SPACE',''
  ) );
#7768 = PCURVE('',#3424,#7769);
#7769 = DEFINITIONAL_REPRESENTATION('',(#7770),#7774);
#7770 = LINE('',#7771,#7772);
#7771 = CARTESIAN_POINT('',(3.14159265359,0.));
#7772 = VECTOR('',#7773,1.);
#7773 = DIRECTION('',(0.,-1.));
#7774 = ( GEOMETRIC_REPRESENTATION_CONTEXT(2) 
PARAMETRIC_REPRESENTATION_CONTEXT() REPRESENTATION_CONTEXT('2D SPACE',''
  ) );
#7775 = ORIENTED_EDGE('',*,*,#7776,.F.);
#7776 = EDGE_CURVE('',#7730,#7754,#7777,.T.);
#7777 = SURFACE_CURVE('',#7778,(#7782,#7788),.PCURVE_S1.);
#7778 = LINE('',#7779,#7780);
#7779 = CARTESIAN_POINT('',(69.7,36.65,3.5));
#7780 = VECTOR('',#7781,1.);
#7781 = DIRECTION('',(-1.110223024625E-16,-1.,0.));
#7782 = PCURVE('',#3335,#7783);
#7783 = DEFINITIONAL_REPRESENTATION('',(#7784),#7787);
#7784 = B_SPLINE_CURVE_WITH_KNOTS('',1,(#7785,#7786),.UNSPECIFIED.,.F.,
  .F.,(2,2),(-7.05,2.35),.PIECEWISE_BEZIER_KNOTS.);
#7785 = CARTESIAN_POINT('',(9.4,-4.));
#7786 = CARTESIAN_POINT('',(0.,-4.));
#7787 = ( GEOMETRIC_REPRESENTATION_CONTEXT(2) 
PARAMETRIC_REPRESENTATION_CONTEXT() REPRESENTATION_CONTEXT('2D SPACE',''
  ) );
#7788 = PCURVE('',#4336,#7789);
#7789 = DEFINITIONAL_REPRESENTATION('',(#7790),#7793);
#7790 = B_SPLINE_CURVE_WITH_KNOTS('',1,(#7791,#7792),.UNSPECIFIED.,.F.,
  .F.,(2,2),(-7.05,2.35),.PIECEWISE_BEZIER_KNOTS.);
#7791 = CARTESIAN_POINT('',(2.3,4.7));
#7792 = CARTESIAN_POINT('',(2.3,-4.7));
#7793 = ( GEOMETRIC_REPRESENTATION_CONTEXT(2) 
PARAMETRIC_REPRESENTATION_CONTEXT() REPRESENTATION_CONTEXT('2D SPACE',''
  ) );
#7794 = ADVANCED_FACE('',(#7795),#3424,.F.);
#7795 = FACE_BOUND('',#7796,.F.);
#7796 = EDGE_LOOP('',(#7797,#7798,#7821,#7843));
#7797 = ORIENTED_EDGE('',*,*,#3405,.F.);
#7798 = ORIENTED_EDGE('',*,*,#7799,.T.);
#7799 = EDGE_CURVE('',#3380,#7800,#7802,.T.);
#7800 = VERTEX_POINT('',#7801);
#7801 = CARTESIAN_POINT('',(74.3,34.3,3.5));
#7802 = SURFACE_CURVE('',#7803,(#7807,#7814),.PCURVE_S1.);
#7803 = LINE('',#7804,#7805);
#7804 = CARTESIAN_POINT('',(74.3,34.3,-0.5));
#7805 = VECTOR('',#7806,1.);
#7806 = DIRECTION('',(0.,0.,1.));
#7807 = PCURVE('',#3424,#7808);
#7808 = DEFINITIONAL_REPRESENTATION('',(#7809),#7813);
#7809 = LINE('',#7810,#7811);
#7810 = CARTESIAN_POINT('',(0.,0.));
#7811 = VECTOR('',#7812,1.);
#7812 = DIRECTION('',(0.,-1.));
#7813 = ( GEOMETRIC_REPRESENTATION_CONTEXT(2) 
PARAMETRIC_REPRESENTATION_CONTEXT() REPRESENTATION_CONTEXT('2D SPACE',''
  ) );
#7814 = PCURVE('',#3394,#7815);
#7815 = DEFINITIONAL_REPRESENTATION('',(#7816),#7820);
#7816 = LINE('',#7817,#7818);
#7817 = CARTESIAN_POINT('',(9.4,0.));
#7818 = VECTOR('',#7819,1.);
#7819 = DIRECTION('',(0.,-1.));
#7820 = ( GEOMETRIC_REPRESENTATION_CONTEXT(2) 
PARAMETRIC_REPRESENTATION_CONTEXT() REPRESENTATION_CONTEXT('2D SPACE',''
  ) );
#7821 = ORIENTED_EDGE('',*,*,#7822,.T.);
#7822 = EDGE_CURVE('',#7800,#7754,#7823,.T.);
#7823 = SURFACE_CURVE('',#7824,(#7829,#7836),.PCURVE_S1.);
#7824 = CIRCLE('',#7825,2.3);
#7825 = AXIS2_PLACEMENT_3D('',#7826,#7827,#7828);
#7826 = CARTESIAN_POINT('',(72.,34.3,3.5));
#7827 = DIRECTION('',(-0.,0.,-1.));
#7828 = DIRECTION('',(1.,-4.971868327669E-16,-0.));
#7829 = PCURVE('',#3424,#7830);
#7830 = DEFINITIONAL_REPRESENTATION('',(#7831),#7835);
#7831 = LINE('',#7832,#7833);
#7832 = CARTESIAN_POINT('',(0.,-4.));
#7833 = VECTOR('',#7834,1.);
#7834 = DIRECTION('',(1.,0.));
#7835 = ( GEOMETRIC_REPRESENTATION_CONTEXT(2) 
PARAMETRIC_REPRESENTATION_CONTEXT() REPRESENTATION_CONTEXT('2D SPACE',''
  ) );
#7836 = PCURVE('',#4336,#7837);
#7837 = DEFINITIONAL_REPRESENTATION('',(#7838),#7842);
#7838 = CIRCLE('',#7839,2.3);
#7839 = AXIS2_PLACEMENT_2D('',#7840,#7841);
#7840 = CARTESIAN_POINT('',(1.42108547152E-14,-4.7));
#7841 = DIRECTION('',(-1.,-4.971868327669E-16));
#7842 = ( GEOMETRIC_REPRESENTATION_CONTEXT(2) 
PARAMETRIC_REPRESENTATION_CONTEXT() REPRESENTATION_CONTEXT('2D SPACE',''
  ) );
#7843 = ORIENTED_EDGE('',*,*,#7753,.F.);
#7844 = ADVANCED_FACE('',(#7845),#3394,.F.);
#7845 = FACE_BOUND('',#7846,.F.);
#7846 = EDGE_LOOP('',(#7847,#7848,#7849,#7872));
#7847 = ORIENTED_EDGE('',*,*,#7799,.F.);
#7848 = ORIENTED_EDGE('',*,*,#3379,.T.);
#7849 = ORIENTED_EDGE('',*,*,#7850,.T.);
#7850 = EDGE_CURVE('',#3347,#7851,#7853,.T.);
#7851 = VERTEX_POINT('',#7852);
#7852 = CARTESIAN_POINT('',(74.3,43.7,3.5));
#7853 = SURFACE_CURVE('',#7854,(#7858,#7865),.PCURVE_S1.);
#7854 = LINE('',#7855,#7856);
#7855 = CARTESIAN_POINT('',(74.3,43.7,-0.5));
#7856 = VECTOR('',#7857,1.);
#7857 = DIRECTION('',(0.,0.,1.));
#7858 = PCURVE('',#3394,#7859);
#7859 = DEFINITIONAL_REPRESENTATION('',(#7860),#7864);
#7860 = LINE('',#7861,#7862);
#7861 = CARTESIAN_POINT('',(0.,0.));
#7862 = VECTOR('',#7863,1.);
#7863 = DIRECTION('',(0.,-1.));
#7864 = ( GEOMETRIC_REPRESENTATION_CONTEXT(2) 
PARAMETRIC_REPRESENTATION_CONTEXT() REPRESENTATION_CONTEXT('2D SPACE',''
  ) );
#7865 = PCURVE('',#3367,#7866);
#7866 = DEFINITIONAL_REPRESENTATION('',(#7867),#7871);
#7867 = LINE('',#7868,#7869);
#7868 = CARTESIAN_POINT('',(3.14159265359,0.));
#7869 = VECTOR('',#7870,1.);
#7870 = DIRECTION('',(0.,-1.));
#7871 = ( GEOMETRIC_REPRESENTATION_CONTEXT(2) 
PARAMETRIC_REPRESENTATION_CONTEXT() REPRESENTATION_CONTEXT('2D SPACE',''
  ) );
#7872 = ORIENTED_EDGE('',*,*,#7873,.F.);
#7873 = EDGE_CURVE('',#7800,#7851,#7874,.T.);
#7874 = SURFACE_CURVE('',#7875,(#7879,#7885),.PCURVE_S1.);
#7875 = LINE('',#7876,#7877);
#7876 = CARTESIAN_POINT('',(74.3,41.35,3.5));
#7877 = VECTOR('',#7878,1.);
#7878 = DIRECTION('',(1.110223024625E-16,1.,-0.));
#7879 = PCURVE('',#3394,#7880);
#7880 = DEFINITIONAL_REPRESENTATION('',(#7881),#7884);
#7881 = B_SPLINE_CURVE_WITH_KNOTS('',1,(#7882,#7883),.UNSPECIFIED.,.F.,
  .F.,(2,2),(-7.05,2.35),.PIECEWISE_BEZIER_KNOTS.);
#7882 = CARTESIAN_POINT('',(9.4,-4.));
#7883 = CARTESIAN_POINT('',(0.,-4.));
#7884 = ( GEOMETRIC_REPRESENTATION_CONTEXT(2) 
PARAMETRIC_REPRESENTATION_CONTEXT() REPRESENTATION_CONTEXT('2D SPACE',''
  ) );
#7885 = PCURVE('',#4336,#7886);
#7886 = DEFINITIONAL_REPRESENTATION('',(#7887),#7890);
#7887 = B_SPLINE_CURVE_WITH_KNOTS('',1,(#7888,#7889),.UNSPECIFIED.,.F.,
  .F.,(2,2),(-7.05,2.35),.PIECEWISE_BEZIER_KNOTS.);
#7888 = CARTESIAN_POINT('',(-2.3,-4.7));
#7889 = CARTESIAN_POINT('',(-2.3,4.7));
#7890 = ( GEOMETRIC_REPRESENTATION_CONTEXT(2) 
PARAMETRIC_REPRESENTATION_CONTEXT() REPRESENTATION_CONTEXT('2D SPACE',''
  ) );
#7891 = ADVANCED_FACE('',(#7892),#3367,.F.);
#7892 = FACE_BOUND('',#7893,.F.);
#7893 = EDGE_LOOP('',(#7894,#7895,#7896,#7918));
#7894 = ORIENTED_EDGE('',*,*,#3346,.F.);
#7895 = ORIENTED_EDGE('',*,*,#7729,.T.);
#7896 = ORIENTED_EDGE('',*,*,#7897,.T.);
#7897 = EDGE_CURVE('',#7730,#7851,#7898,.T.);
#7898 = SURFACE_CURVE('',#7899,(#7904,#7911),.PCURVE_S1.);
#7899 = CIRCLE('',#7900,2.3);
#7900 = AXIS2_PLACEMENT_3D('',#7901,#7902,#7903);
#7901 = CARTESIAN_POINT('',(72.,43.7,3.5));
#7902 = DIRECTION('',(0.,0.,-1.));
#7903 = DIRECTION('',(-1.,4.971868327669E-16,0.));
#7904 = PCURVE('',#3367,#7905);
#7905 = DEFINITIONAL_REPRESENTATION('',(#7906),#7910);
#7906 = LINE('',#7907,#7908);
#7907 = CARTESIAN_POINT('',(0.,-4.));
#7908 = VECTOR('',#7909,1.);
#7909 = DIRECTION('',(1.,0.));
#7910 = ( GEOMETRIC_REPRESENTATION_CONTEXT(2) 
PARAMETRIC_REPRESENTATION_CONTEXT() REPRESENTATION_CONTEXT('2D SPACE',''
  ) );
#7911 = PCURVE('',#4336,#7912);
#7912 = DEFINITIONAL_REPRESENTATION('',(#7913),#7917);
#7913 = CIRCLE('',#7914,2.3);
#7914 = AXIS2_PLACEMENT_2D('',#7915,#7916);
#7915 = CARTESIAN_POINT('',(1.42108547152E-14,4.7));
#7916 = DIRECTION('',(1.,4.971868327669E-16));
#7917 = ( GEOMETRIC_REPRESENTATION_CONTEXT(2) 
PARAMETRIC_REPRESENTATION_CONTEXT() REPRESENTATION_CONTEXT('2D SPACE',''
  ) );
#7918 = ORIENTED_EDGE('',*,*,#7850,.F.);
#7919 = ADVANCED_FACE('',(#7920,#7926),#3572,.F.);
#7920 = FACE_BOUND('',#7921,.F.);
#7921 = EDGE_LOOP('',(#7922,#7923,#7924,#7925));
#7922 = ORIENTED_EDGE('',*,*,#3554,.T.);
#7923 = ORIENTED_EDGE('',*,*,#3630,.T.);
#7924 = ORIENTED_EDGE('',*,*,#3730,.T.);
#7925 = ORIENTED_EDGE('',*,*,#3680,.T.);
#7926 = FACE_BOUND('',#7927,.F.);
#7927 = EDGE_LOOP('',(#7928,#7929,#7930,#7931));
#7928 = ORIENTED_EDGE('',*,*,#7606,.F.);
#7929 = ORIENTED_EDGE('',*,*,#7582,.T.);
#7930 = ORIENTED_EDGE('',*,*,#7678,.F.);
#7931 = ORIENTED_EDGE('',*,*,#7707,.T.);
#7932 = ADVANCED_FACE('',(#7933),#3776,.T.);
#7933 = FACE_BOUND('',#7934,.T.);
#7934 = EDGE_LOOP('',(#7935,#7936,#7937,#7938,#7939,#7940,#7941,#7942,
    #7943,#7944));
#7935 = ORIENTED_EDGE('',*,*,#3836,.F.);
#7936 = ORIENTED_EDGE('',*,*,#3757,.T.);
#7937 = ORIENTED_EDGE('',*,*,#3904,.T.);
#7938 = ORIENTED_EDGE('',*,*,#4036,.T.);
#7939 = ORIENTED_EDGE('',*,*,#4138,.T.);
#7940 = ORIENTED_EDGE('',*,*,#4237,.F.);
#7941 = ORIENTED_EDGE('',*,*,#4293,.T.);
#7942 = ORIENTED_EDGE('',*,*,#4187,.T.);
#7943 = ORIENTED_EDGE('',*,*,#4089,.F.);
#7944 = ORIENTED_EDGE('',*,*,#3930,.F.);
#7945 = ADVANCED_FACE('',(#7946),#4001,.T.);
#7946 = FACE_BOUND('',#7947,.T.);
#7947 = EDGE_LOOP('',(#7948));
#7948 = ORIENTED_EDGE('',*,*,#3984,.T.);
#7949 = ADVANCED_FACE('',(#7950,#7956),#4336,.F.);
#7950 = FACE_BOUND('',#7951,.F.);
#7951 = EDGE_LOOP('',(#7952,#7953,#7954,#7955));
#7952 = ORIENTED_EDGE('',*,*,#4318,.T.);
#7953 = ORIENTED_EDGE('',*,*,#4394,.T.);
#7954 = ORIENTED_EDGE('',*,*,#4494,.T.);
#7955 = ORIENTED_EDGE('',*,*,#4444,.T.);
#7956 = FACE_BOUND('',#7957,.F.);
#7957 = EDGE_LOOP('',(#7958,#7959,#7960,#7961));
#7958 = ORIENTED_EDGE('',*,*,#7897,.F.);
#7959 = ORIENTED_EDGE('',*,*,#7776,.T.);
#7960 = ORIENTED_EDGE('',*,*,#7822,.F.);
#7961 = ORIENTED_EDGE('',*,*,#7873,.T.);
#7962 = ADVANCED_FACE('',(#7963),#4539,.T.);
#7963 = FACE_BOUND('',#7964,.F.);
#7964 = EDGE_LOOP('',(#7965,#7966,#7967,#7968));
#7965 = ORIENTED_EDGE('',*,*,#4521,.T.);
#7966 = ORIENTED_EDGE('',*,*,#4695,.T.);
#7967 = ORIENTED_EDGE('',*,*,#4646,.T.);
#7968 = ORIENTED_EDGE('',*,*,#4597,.T.);
#7969 = ADVANCED_FACE('',(#7970,#7984),#4740,.T.);
#7970 = FACE_BOUND('',#7971,.F.);
#7971 = EDGE_LOOP('',(#7972,#7973,#7974,#7975,#7976,#7977,#7978,#7979,
    #7980,#7981,#7982,#7983));
#7972 = ORIENTED_EDGE('',*,*,#4722,.T.);
#7973 = ORIENTED_EDGE('',*,*,#5288,.T.);
#7974 = ORIENTED_EDGE('',*,*,#5239,.T.);
#7975 = ORIENTED_EDGE('',*,*,#5190,.T.);
#7976 = ORIENTED_EDGE('',*,*,#5141,.T.);
#7977 = ORIENTED_EDGE('',*,*,#5092,.T.);
#7978 = ORIENTED_EDGE('',*,*,#5043,.T.);
#7979 = ORIENTED_EDGE('',*,*,#4994,.T.);
#7980 = ORIENTED_EDGE('',*,*,#4945,.T.);
#7981 = ORIENTED_EDGE('',*,*,#4896,.T.);
#7982 = ORIENTED_EDGE('',*,*,#4847,.T.);
#7983 = ORIENTED_EDGE('',*,*,#4798,.T.);
#7984 = FACE_BOUND('',#7985,.F.);
#7985 = EDGE_LOOP('',(#7986,#8016,#8044,#8074,#8104,#8134,#8164,#8194,
    #8224,#8254));
#7986 = ORIENTED_EDGE('',*,*,#7987,.T.);
#7987 = EDGE_CURVE('',#7988,#7990,#7992,.T.);
#7988 = VERTEX_POINT('',#7989);
#7989 = CARTESIAN_POINT('',(35.940234375,74.04287109375,3.65));
#7990 = VERTEX_POINT('',#7991);
#7991 = CARTESIAN_POINT('',(35.940234375,72.51162109375,3.65));
#7992 = SURFACE_CURVE('',#7993,(#7997,#8004),.PCURVE_S1.);
#7993 = LINE('',#7994,#7995);
#7994 = CARTESIAN_POINT('',(35.940234375,74.04287109375,3.65));
#7995 = VECTOR('',#7996,1.);
#7996 = DIRECTION('',(0.,-1.,0.));
#7997 = PCURVE('',#4740,#7998);
#7998 = DEFINITIONAL_REPRESENTATION('',(#7999),#8003);
#7999 = LINE('',#8000,#8001);
#8000 = CARTESIAN_POINT('',(0.48125,1.7677734375));
#8001 = VECTOR('',#8002,1.);
#8002 = DIRECTION('',(0.,-1.));
#8003 = ( GEOMETRIC_REPRESENTATION_CONTEXT(2) 
PARAMETRIC_REPRESENTATION_CONTEXT() REPRESENTATION_CONTEXT('2D SPACE',''
  ) );
#8004 = PCURVE('',#8005,#8010);
#8005 = PLANE('',#8006);
#8006 = AXIS2_PLACEMENT_3D('',#8007,#8008,#8009);
#8007 = CARTESIAN_POINT('',(35.940234375,74.04287109375,3.65));
#8008 = DIRECTION('',(1.,0.,0.));
#8009 = DIRECTION('',(0.,-1.,0.));
#8010 = DEFINITIONAL_REPRESENTATION('',(#8011),#8015);
#8011 = LINE('',#8012,#8013);
#8012 = CARTESIAN_POINT('',(0.,0.));
#8013 = VECTOR('',#8014,1.);
#8014 = DIRECTION('',(1.,0.));
#8015 = ( GEOMETRIC_REPRESENTATION_CONTEXT(2) 
PARAMETRIC_REPRESENTATION_CONTEXT() REPRESENTATION_CONTEXT('2D SPACE',''
  ) );
#8016 = ORIENTED_EDGE('',*,*,#8017,.T.);
#8017 = EDGE_CURVE('',#7990,#8018,#8020,.T.);
#8018 = VERTEX_POINT('',#8019);
#8019 = CARTESIAN_POINT('',(36.3681640625,72.51162109375,3.65));
#8020 = SURFACE_CURVE('',#8021,(#8025,#8032),.PCURVE_S1.);
#8021 = LINE('',#8022,#8023);
#8022 = CARTESIAN_POINT('',(35.940234375,72.51162109375,3.65));
#8023 = VECTOR('',#8024,1.);
#8024 = DIRECTION('',(1.,0.,0.));
#8025 = PCURVE('',#4740,#8026);
#8026 = DEFINITIONAL_REPRESENTATION('',(#8027),#8031);
#8027 = LINE('',#8028,#8029);
#8028 = CARTESIAN_POINT('',(0.48125,0.2365234375));
#8029 = VECTOR('',#8030,1.);
#8030 = DIRECTION('',(1.,0.));
#8031 = ( GEOMETRIC_REPRESENTATION_CONTEXT(2) 
PARAMETRIC_REPRESENTATION_CONTEXT() REPRESENTATION_CONTEXT('2D SPACE',''
  ) );
#8032 = PCURVE('',#8033,#8038);
#8033 = PLANE('',#8034);
#8034 = AXIS2_PLACEMENT_3D('',#8035,#8036,#8037);
#8035 = CARTESIAN_POINT('',(35.940234375,72.51162109375,3.65));
#8036 = DIRECTION('',(0.,1.,0.));
#8037 = DIRECTION('',(1.,0.,0.));
#8038 = DEFINITIONAL_REPRESENTATION('',(#8039),#8043);
#8039 = LINE('',#8040,#8041);
#8040 = CARTESIAN_POINT('',(0.,0.));
#8041 = VECTOR('',#8042,1.);
#8042 = DIRECTION('',(1.,0.));
#8043 = ( GEOMETRIC_REPRESENTATION_CONTEXT(2) 
PARAMETRIC_REPRESENTATION_CONTEXT() REPRESENTATION_CONTEXT('2D SPACE',''
  ) );
#8044 = ORIENTED_EDGE('',*,*,#8045,.T.);
#8045 = EDGE_CURVE('',#8018,#8046,#8048,.T.);
#8046 = VERTEX_POINT('',#8047);
#8047 = CARTESIAN_POINT('',(36.67919921875,72.54853515625,3.65));
#8048 = SURFACE_CURVE('',#8049,(#8053,#8060),.PCURVE_S1.);
#8049 = B_SPLINE_CURVE_WITH_KNOTS('',2,(#8050,#8051,#8052),
  .UNSPECIFIED.,.F.,.F.,(3,3),(0.,1.),.PIECEWISE_BEZIER_KNOTS.);
#8050 = CARTESIAN_POINT('',(36.3681640625,72.51162109375,3.65));
#8051 = CARTESIAN_POINT('',(36.56640625,72.51162109375,3.65));
#8052 = CARTESIAN_POINT('',(36.67919921875,72.54853515625,3.65));
#8053 = PCURVE('',#4740,#8054);
#8054 = DEFINITIONAL_REPRESENTATION('',(#8055),#8059);
#8055 = B_SPLINE_CURVE_WITH_KNOTS('',2,(#8056,#8057,#8058),
  .UNSPECIFIED.,.F.,.F.,(3,3),(0.,1.),.PIECEWISE_BEZIER_KNOTS.);
#8056 = CARTESIAN_POINT('',(0.9091796875,0.2365234375));
#8057 = CARTESIAN_POINT('',(1.107421875,0.2365234375));
#8058 = CARTESIAN_POINT('',(1.22021484375,0.2734375));
#8059 = ( GEOMETRIC_REPRESENTATION_CONTEXT(2) 
PARAMETRIC_REPRESENTATION_CONTEXT() REPRESENTATION_CONTEXT('2D SPACE',''
  ) );
#8060 = PCURVE('',#8061,#8068);
#8061 = SURFACE_OF_LINEAR_EXTRUSION('',#8062,#8066);
#8062 = B_SPLINE_CURVE_WITH_KNOTS('',2,(#8063,#8064,#8065),
  .UNSPECIFIED.,.F.,.F.,(3,3),(0.,1.),.PIECEWISE_BEZIER_KNOTS.);
#8063 = CARTESIAN_POINT('',(36.3681640625,72.51162109375,3.65));
#8064 = CARTESIAN_POINT('',(36.56640625,72.51162109375,3.65));
#8065 = CARTESIAN_POINT('',(36.67919921875,72.54853515625,3.65));
#8066 = VECTOR('',#8067,1.);
#8067 = DIRECTION('',(-0.,-0.,-1.));
#8068 = DEFINITIONAL_REPRESENTATION('',(#8069),#8073);
#8069 = LINE('',#8070,#8071);
#8070 = CARTESIAN_POINT('',(0.,0.));
#8071 = VECTOR('',#8072,1.);
#8072 = DIRECTION('',(1.,0.));
#8073 = ( GEOMETRIC_REPRESENTATION_CONTEXT(2) 
PARAMETRIC_REPRESENTATION_CONTEXT() REPRESENTATION_CONTEXT('2D SPACE',''
  ) );
#8074 = ORIENTED_EDGE('',*,*,#8075,.T.);
#8075 = EDGE_CURVE('',#8046,#8076,#8078,.T.);
#8076 = VERTEX_POINT('',#8077);
#8077 = CARTESIAN_POINT('',(36.858984375,72.65244140625,3.65));
#8078 = SURFACE_CURVE('',#8079,(#8083,#8090),.PCURVE_S1.);
#8079 = B_SPLINE_CURVE_WITH_KNOTS('',2,(#8080,#8081,#8082),
  .UNSPECIFIED.,.F.,.F.,(3,3),(0.,1.),.PIECEWISE_BEZIER_KNOTS.);
#8080 = CARTESIAN_POINT('',(36.67919921875,72.54853515625,3.65));
#8081 = CARTESIAN_POINT('',(36.7919921875,72.58544921875,3.65));
#8082 = CARTESIAN_POINT('',(36.858984375,72.65244140625,3.65));
#8083 = PCURVE('',#4740,#8084);
#8084 = DEFINITIONAL_REPRESENTATION('',(#8085),#8089);
#8085 = B_SPLINE_CURVE_WITH_KNOTS('',2,(#8086,#8087,#8088),
  .UNSPECIFIED.,.F.,.F.,(3,3),(0.,1.),.PIECEWISE_BEZIER_KNOTS.);
#8086 = CARTESIAN_POINT('',(1.22021484375,0.2734375));
#8087 = CARTESIAN_POINT('',(1.3330078125,0.3103515625));
#8088 = CARTESIAN_POINT('',(1.4,0.37734375));
#8089 = ( GEOMETRIC_REPRESENTATION_CONTEXT(2) 
PARAMETRIC_REPRESENTATION_CONTEXT() REPRESENTATION_CONTEXT('2D SPACE',''
  ) );
#8090 = PCURVE('',#8091,#8098);
#8091 = SURFACE_OF_LINEAR_EXTRUSION('',#8092,#8096);
#8092 = B_SPLINE_CURVE_WITH_KNOTS('',2,(#8093,#8094,#8095),
  .UNSPECIFIED.,.F.,.F.,(3,3),(0.,1.),.PIECEWISE_BEZIER_KNOTS.);
#8093 = CARTESIAN_POINT('',(36.67919921875,72.54853515625,3.65));
#8094 = CARTESIAN_POINT('',(36.7919921875,72.58544921875,3.65));
#8095 = CARTESIAN_POINT('',(36.858984375,72.65244140625,3.65));
#8096 = VECTOR('',#8097,1.);
#8097 = DIRECTION('',(-0.,-0.,-1.));
#8098 = DEFINITIONAL_REPRESENTATION('',(#8099),#8103);
#8099 = LINE('',#8100,#8101);
#8100 = CARTESIAN_POINT('',(0.,0.));
#8101 = VECTOR('',#8102,1.);
#8102 = DIRECTION('',(1.,0.));
#8103 = ( GEOMETRIC_REPRESENTATION_CONTEXT(2) 
PARAMETRIC_REPRESENTATION_CONTEXT() REPRESENTATION_CONTEXT('2D SPACE',''
  ) );
#8104 = ORIENTED_EDGE('',*,*,#8105,.T.);
#8105 = EDGE_CURVE('',#8076,#8106,#8108,.T.);
#8106 = VERTEX_POINT('',#8107);
#8107 = CARTESIAN_POINT('',(37.00595703125,72.9060546875,3.65));
#8108 = SURFACE_CURVE('',#8109,(#8113,#8120),.PCURVE_S1.);
#8109 = B_SPLINE_CURVE_WITH_KNOTS('',2,(#8110,#8111,#8112),
  .UNSPECIFIED.,.F.,.F.,(3,3),(0.,1.),.PIECEWISE_BEZIER_KNOTS.);
#8110 = CARTESIAN_POINT('',(36.858984375,72.65244140625,3.65));
#8111 = CARTESIAN_POINT('',(36.9533203125,72.74677734375,3.65));
#8112 = CARTESIAN_POINT('',(37.00595703125,72.9060546875,3.65));
#8113 = PCURVE('',#4740,#8114);
#8114 = DEFINITIONAL_REPRESENTATION('',(#8115),#8119);
#8115 = B_SPLINE_CURVE_WITH_KNOTS('',2,(#8116,#8117,#8118),
  .UNSPECIFIED.,.F.,.F.,(3,3),(0.,1.),.PIECEWISE_BEZIER_KNOTS.);
#8116 = CARTESIAN_POINT('',(1.4,0.37734375));
#8117 = CARTESIAN_POINT('',(1.4943359375,0.4716796875));
#8118 = CARTESIAN_POINT('',(1.54697265625,0.63095703125));
#8119 = ( GEOMETRIC_REPRESENTATION_CONTEXT(2) 
PARAMETRIC_REPRESENTATION_CONTEXT() REPRESENTATION_CONTEXT('2D SPACE',''
  ) );
#8120 = PCURVE('',#8121,#8128);
#8121 = SURFACE_OF_LINEAR_EXTRUSION('',#8122,#8126);
#8122 = B_SPLINE_CURVE_WITH_KNOTS('',2,(#8123,#8124,#8125),
  .UNSPECIFIED.,.F.,.F.,(3,3),(0.,1.),.PIECEWISE_BEZIER_KNOTS.);
#8123 = CARTESIAN_POINT('',(36.858984375,72.65244140625,3.65));
#8124 = CARTESIAN_POINT('',(36.9533203125,72.74677734375,3.65));
#8125 = CARTESIAN_POINT('',(37.00595703125,72.9060546875,3.65));
#8126 = VECTOR('',#8127,1.);
#8127 = DIRECTION('',(-0.,-0.,-1.));
#8128 = DEFINITIONAL_REPRESENTATION('',(#8129),#8133);
#8129 = LINE('',#8130,#8131);
#8130 = CARTESIAN_POINT('',(0.,0.));
#8131 = VECTOR('',#8132,1.);
#8132 = DIRECTION('',(1.,0.));
#8133 = ( GEOMETRIC_REPRESENTATION_CONTEXT(2) 
PARAMETRIC_REPRESENTATION_CONTEXT() REPRESENTATION_CONTEXT('2D SPACE',''
  ) );
#8134 = ORIENTED_EDGE('',*,*,#8135,.T.);
#8135 = EDGE_CURVE('',#8106,#8136,#8138,.T.);
#8136 = VERTEX_POINT('',#8137);
#8137 = CARTESIAN_POINT('',(37.05859375,73.29228515625,3.65));
#8138 = SURFACE_CURVE('',#8139,(#8143,#8150),.PCURVE_S1.);
#8139 = B_SPLINE_CURVE_WITH_KNOTS('',2,(#8140,#8141,#8142),
  .UNSPECIFIED.,.F.,.F.,(3,3),(0.,1.),.PIECEWISE_BEZIER_KNOTS.);
#8140 = CARTESIAN_POINT('',(37.00595703125,72.9060546875,3.65));
#8141 = CARTESIAN_POINT('',(37.05859375,73.06533203125,3.65));
#8142 = CARTESIAN_POINT('',(37.05859375,73.29228515625,3.65));
#8143 = PCURVE('',#4740,#8144);
#8144 = DEFINITIONAL_REPRESENTATION('',(#8145),#8149);
#8145 = B_SPLINE_CURVE_WITH_KNOTS('',2,(#8146,#8147,#8148),
  .UNSPECIFIED.,.F.,.F.,(3,3),(0.,1.),.PIECEWISE_BEZIER_KNOTS.);
#8146 = CARTESIAN_POINT('',(1.54697265625,0.63095703125));
#8147 = CARTESIAN_POINT('',(1.599609375,0.790234375));
#8148 = CARTESIAN_POINT('',(1.599609375,1.0171875));
#8149 = ( GEOMETRIC_REPRESENTATION_CONTEXT(2) 
PARAMETRIC_REPRESENTATION_CONTEXT() REPRESENTATION_CONTEXT('2D SPACE',''
  ) );
#8150 = PCURVE('',#8151,#8158);
#8151 = SURFACE_OF_LINEAR_EXTRUSION('',#8152,#8156);
#8152 = B_SPLINE_CURVE_WITH_KNOTS('',2,(#8153,#8154,#8155),
  .UNSPECIFIED.,.F.,.F.,(3,3),(0.,1.),.PIECEWISE_BEZIER_KNOTS.);
#8153 = CARTESIAN_POINT('',(37.00595703125,72.9060546875,3.65));
#8154 = CARTESIAN_POINT('',(37.05859375,73.06533203125,3.65));
#8155 = CARTESIAN_POINT('',(37.05859375,73.29228515625,3.65));
#8156 = VECTOR('',#8157,1.);
#8157 = DIRECTION('',(-0.,-0.,-1.));
#8158 = DEFINITIONAL_REPRESENTATION('',(#8159),#8163);
#8159 = LINE('',#8160,#8161);
#8160 = CARTESIAN_POINT('',(0.,0.));
#8161 = VECTOR('',#8162,1.);
#8162 = DIRECTION('',(1.,0.));
#8163 = ( GEOMETRIC_REPRESENTATION_CONTEXT(2) 
PARAMETRIC_REPRESENTATION_CONTEXT() REPRESENTATION_CONTEXT('2D SPACE',''
  ) );
#8164 = ORIENTED_EDGE('',*,*,#8165,.T.);
#8165 = EDGE_CURVE('',#8136,#8166,#8168,.T.);
#8166 = VERTEX_POINT('',#8167);
#8167 = CARTESIAN_POINT('',(36.95537109375,73.7755859375,3.65));
#8168 = SURFACE_CURVE('',#8169,(#8173,#8180),.PCURVE_S1.);
#8169 = B_SPLINE_CURVE_WITH_KNOTS('',2,(#8170,#8171,#8172),
  .UNSPECIFIED.,.F.,.F.,(3,3),(0.,1.),.PIECEWISE_BEZIER_KNOTS.);
#8170 = CARTESIAN_POINT('',(37.05859375,73.29228515625,3.65));
#8171 = CARTESIAN_POINT('',(37.05859375,73.60673828125,3.65));
#8172 = CARTESIAN_POINT('',(36.95537109375,73.7755859375,3.65));
#8173 = PCURVE('',#4740,#8174);
#8174 = DEFINITIONAL_REPRESENTATION('',(#8175),#8179);
#8175 = B_SPLINE_CURVE_WITH_KNOTS('',2,(#8176,#8177,#8178),
  .UNSPECIFIED.,.F.,.F.,(3,3),(0.,1.),.PIECEWISE_BEZIER_KNOTS.);
#8176 = CARTESIAN_POINT('',(1.599609375,1.0171875));
#8177 = CARTESIAN_POINT('',(1.599609375,1.331640625));
#8178 = CARTESIAN_POINT('',(1.49638671875,1.50048828125));
#8179 = ( GEOMETRIC_REPRESENTATION_CONTEXT(2) 
PARAMETRIC_REPRESENTATION_CONTEXT() REPRESENTATION_CONTEXT('2D SPACE',''
  ) );
#8180 = PCURVE('',#8181,#8188);
#8181 = SURFACE_OF_LINEAR_EXTRUSION('',#8182,#8186);
#8182 = B_SPLINE_CURVE_WITH_KNOTS('',2,(#8183,#8184,#8185),
  .UNSPECIFIED.,.F.,.F.,(3,3),(0.,1.),.PIECEWISE_BEZIER_KNOTS.);
#8183 = CARTESIAN_POINT('',(37.05859375,73.29228515625,3.65));
#8184 = CARTESIAN_POINT('',(37.05859375,73.60673828125,3.65));
#8185 = CARTESIAN_POINT('',(36.95537109375,73.7755859375,3.65));
#8186 = VECTOR('',#8187,1.);
#8187 = DIRECTION('',(-0.,-0.,-1.));
#8188 = DEFINITIONAL_REPRESENTATION('',(#8189),#8193);
#8189 = LINE('',#8190,#8191);
#8190 = CARTESIAN_POINT('',(0.,0.));
#8191 = VECTOR('',#8192,1.);
#8192 = DIRECTION('',(1.,0.));
#8193 = ( GEOMETRIC_REPRESENTATION_CONTEXT(2) 
PARAMETRIC_REPRESENTATION_CONTEXT() REPRESENTATION_CONTEXT('2D SPACE',''
  ) );
#8194 = ORIENTED_EDGE('',*,*,#8195,.T.);
#8195 = EDGE_CURVE('',#8166,#8196,#8198,.T.);
#8196 = VERTEX_POINT('',#8197);
#8197 = CARTESIAN_POINT('',(36.7044921875,74.00185546875,3.65));
#8198 = SURFACE_CURVE('',#8199,(#8203,#8210),.PCURVE_S1.);
#8199 = B_SPLINE_CURVE_WITH_KNOTS('',2,(#8200,#8201,#8202),
  .UNSPECIFIED.,.F.,.F.,(3,3),(0.,1.),.PIECEWISE_BEZIER_KNOTS.);
#8200 = CARTESIAN_POINT('',(36.95537109375,73.7755859375,3.65));
#8201 = CARTESIAN_POINT('',(36.8521484375,73.94443359375,3.65));
#8202 = CARTESIAN_POINT('',(36.7044921875,74.00185546875,3.65));
#8203 = PCURVE('',#4740,#8204);
#8204 = DEFINITIONAL_REPRESENTATION('',(#8205),#8209);
#8205 = B_SPLINE_CURVE_WITH_KNOTS('',2,(#8206,#8207,#8208),
  .UNSPECIFIED.,.F.,.F.,(3,3),(0.,1.),.PIECEWISE_BEZIER_KNOTS.);
#8206 = CARTESIAN_POINT('',(1.49638671875,1.50048828125));
#8207 = CARTESIAN_POINT('',(1.3931640625,1.6693359375));
#8208 = CARTESIAN_POINT('',(1.2455078125,1.7267578125));
#8209 = ( GEOMETRIC_REPRESENTATION_CONTEXT(2) 
PARAMETRIC_REPRESENTATION_CONTEXT() REPRESENTATION_CONTEXT('2D SPACE',''
  ) );
#8210 = PCURVE('',#8211,#8218);
#8211 = SURFACE_OF_LINEAR_EXTRUSION('',#8212,#8216);
#8212 = B_SPLINE_CURVE_WITH_KNOTS('',2,(#8213,#8214,#8215),
  .UNSPECIFIED.,.F.,.F.,(3,3),(0.,1.),.PIECEWISE_BEZIER_KNOTS.);
#8213 = CARTESIAN_POINT('',(36.95537109375,73.7755859375,3.65));
#8214 = CARTESIAN_POINT('',(36.8521484375,73.94443359375,3.65));
#8215 = CARTESIAN_POINT('',(36.7044921875,74.00185546875,3.65));
#8216 = VECTOR('',#8217,1.);
#8217 = DIRECTION('',(-0.,-0.,-1.));
#8218 = DEFINITIONAL_REPRESENTATION('',(#8219),#8223);
#8219 = LINE('',#8220,#8221);
#8220 = CARTESIAN_POINT('',(0.,0.));
#8221 = VECTOR('',#8222,1.);
#8222 = DIRECTION('',(1.,0.));
#8223 = ( GEOMETRIC_REPRESENTATION_CONTEXT(2) 
PARAMETRIC_REPRESENTATION_CONTEXT() REPRESENTATION_CONTEXT('2D SPACE',''
  ) );
#8224 = ORIENTED_EDGE('',*,*,#8225,.T.);
#8225 = EDGE_CURVE('',#8196,#8226,#8228,.T.);
#8226 = VERTEX_POINT('',#8227);
#8227 = CARTESIAN_POINT('',(36.361328125,74.04287109375,3.65));
#8228 = SURFACE_CURVE('',#8229,(#8233,#8240),.PCURVE_S1.);
#8229 = B_SPLINE_CURVE_WITH_KNOTS('',2,(#8230,#8231,#8232),
  .UNSPECIFIED.,.F.,.F.,(3,3),(0.,1.),.PIECEWISE_BEZIER_KNOTS.);
#8230 = CARTESIAN_POINT('',(36.7044921875,74.00185546875,3.65));
#8231 = CARTESIAN_POINT('',(36.5978515625,74.04287109375,3.65));
#8232 = CARTESIAN_POINT('',(36.361328125,74.04287109375,3.65));
#8233 = PCURVE('',#4740,#8234);
#8234 = DEFINITIONAL_REPRESENTATION('',(#8235),#8239);
#8235 = B_SPLINE_CURVE_WITH_KNOTS('',2,(#8236,#8237,#8238),
  .UNSPECIFIED.,.F.,.F.,(3,3),(0.,1.),.PIECEWISE_BEZIER_KNOTS.);
#8236 = CARTESIAN_POINT('',(1.2455078125,1.7267578125));
#8237 = CARTESIAN_POINT('',(1.1388671875,1.7677734375));
#8238 = CARTESIAN_POINT('',(0.90234375,1.7677734375));
#8239 = ( GEOMETRIC_REPRESENTATION_CONTEXT(2) 
PARAMETRIC_REPRESENTATION_CONTEXT() REPRESENTATION_CONTEXT('2D SPACE',''
  ) );
#8240 = PCURVE('',#8241,#8248);
#8241 = SURFACE_OF_LINEAR_EXTRUSION('',#8242,#8246);
#8242 = B_SPLINE_CURVE_WITH_KNOTS('',2,(#8243,#8244,#8245),
  .UNSPECIFIED.,.F.,.F.,(3,3),(0.,1.),.PIECEWISE_BEZIER_KNOTS.);
#8243 = CARTESIAN_POINT('',(36.7044921875,74.00185546875,3.65));
#8244 = CARTESIAN_POINT('',(36.5978515625,74.04287109375,3.65));
#8245 = CARTESIAN_POINT('',(36.361328125,74.04287109375,3.65));
#8246 = VECTOR('',#8247,1.);
#8247 = DIRECTION('',(-0.,-0.,-1.));
#8248 = DEFINITIONAL_REPRESENTATION('',(#8249),#8253);
#8249 = LINE('',#8250,#8251);
#8250 = CARTESIAN_POINT('',(0.,0.));
#8251 = VECTOR('',#8252,1.);
#8252 = DIRECTION('',(1.,0.));
#8253 = ( GEOMETRIC_REPRESENTATION_CONTEXT(2) 
PARAMETRIC_REPRESENTATION_CONTEXT() REPRESENTATION_CONTEXT('2D SPACE',''
  ) );
#8254 = ORIENTED_EDGE('',*,*,#8255,.T.);
#8255 = EDGE_CURVE('',#8226,#7988,#8256,.T.);
#8256 = SURFACE_CURVE('',#8257,(#8261,#8268),.PCURVE_S1.);
#8257 = LINE('',#8258,#8259);
#8258 = CARTESIAN_POINT('',(36.361328125,74.04287109375,3.65));
#8259 = VECTOR('',#8260,1.);
#8260 = DIRECTION('',(-1.,0.,0.));
#8261 = PCURVE('',#4740,#8262);
#8262 = DEFINITIONAL_REPRESENTATION('',(#8263),#8267);
#8263 = LINE('',#8264,#8265);
#8264 = CARTESIAN_POINT('',(0.90234375,1.7677734375));
#8265 = VECTOR('',#8266,1.);
#8266 = DIRECTION('',(-1.,0.));
#8267 = ( GEOMETRIC_REPRESENTATION_CONTEXT(2) 
PARAMETRIC_REPRESENTATION_CONTEXT() REPRESENTATION_CONTEXT('2D SPACE',''
  ) );
#8268 = PCURVE('',#8269,#8274);
#8269 = PLANE('',#8270);
#8270 = AXIS2_PLACEMENT_3D('',#8271,#8272,#8273);
#8271 = CARTESIAN_POINT('',(36.361328125,74.04287109375,3.65));
#8272 = DIRECTION('',(0.,-1.,0.));
#8273 = DIRECTION('',(-1.,0.,0.));
#8274 = DEFINITIONAL_REPRESENTATION('',(#8275),#8279);
#8275 = LINE('',#8276,#8277);
#8276 = CARTESIAN_POINT('',(0.,-0.));
#8277 = VECTOR('',#8278,1.);
#8278 = DIRECTION('',(1.,0.));
#8279 = ( GEOMETRIC_REPRESENTATION_CONTEXT(2) 
PARAMETRIC_REPRESENTATION_CONTEXT() REPRESENTATION_CONTEXT('2D SPACE',''
  ) );
#8280 = ADVANCED_FACE('',(#8281),#5333,.T.);
#8281 = FACE_BOUND('',#8282,.F.);
#8282 = EDGE_LOOP('',(#8283,#8284,#8285,#8286,#8287,#8288,#8289,#8290,
    #8291,#8292,#8293,#8294,#8295,#8296,#8297,#8298,#8299,#8300,#8301,
    #8302,#8303,#8304));
#8283 = ORIENTED_EDGE('',*,*,#5315,.T.);
#8284 = ORIENTED_EDGE('',*,*,#6371,.T.);
#8285 = ORIENTED_EDGE('',*,*,#6322,.T.);
#8286 = ORIENTED_EDGE('',*,*,#6273,.T.);
#8287 = ORIENTED_EDGE('',*,*,#6224,.T.);
#8288 = ORIENTED_EDGE('',*,*,#6175,.T.);
#8289 = ORIENTED_EDGE('',*,*,#6126,.T.);
#8290 = ORIENTED_EDGE('',*,*,#6077,.T.);
#8291 = ORIENTED_EDGE('',*,*,#6028,.T.);
#8292 = ORIENTED_EDGE('',*,*,#5979,.T.);
#8293 = ORIENTED_EDGE('',*,*,#5930,.T.);
#8294 = ORIENTED_EDGE('',*,*,#5881,.T.);
#8295 = ORIENTED_EDGE('',*,*,#5832,.T.);
#8296 = ORIENTED_EDGE('',*,*,#5783,.T.);
#8297 = ORIENTED_EDGE('',*,*,#5734,.T.);
#8298 = ORIENTED_EDGE('',*,*,#5685,.T.);
#8299 = ORIENTED_EDGE('',*,*,#5636,.T.);
#8300 = ORIENTED_EDGE('',*,*,#5587,.T.);
#8301 = ORIENTED_EDGE('',*,*,#5538,.T.);
#8302 = ORIENTED_EDGE('',*,*,#5489,.T.);
#8303 = ORIENTED_EDGE('',*,*,#5440,.T.);
#8304 = ORIENTED_EDGE('',*,*,#5391,.T.);
#8305 = ADVANCED_FACE('',(#8306),#6416,.T.);
#8306 = FACE_BOUND('',#8307,.F.);
#8307 = EDGE_LOOP('',(#8308,#8309,#8310,#8311,#8312,#8313,#8314,#8315,
    #8316,#8317,#8318,#8319));
#8308 = ORIENTED_EDGE('',*,*,#6398,.T.);
#8309 = ORIENTED_EDGE('',*,*,#6964,.T.);
#8310 = ORIENTED_EDGE('',*,*,#6915,.T.);
#8311 = ORIENTED_EDGE('',*,*,#6866,.T.);
#8312 = ORIENTED_EDGE('',*,*,#6817,.T.);
#8313 = ORIENTED_EDGE('',*,*,#6768,.T.);
#8314 = ORIENTED_EDGE('',*,*,#6719,.T.);
#8315 = ORIENTED_EDGE('',*,*,#6670,.T.);
#8316 = ORIENTED_EDGE('',*,*,#6621,.T.);
#8317 = ORIENTED_EDGE('',*,*,#6572,.T.);
#8318 = ORIENTED_EDGE('',*,*,#6523,.T.);
#8319 = ORIENTED_EDGE('',*,*,#6474,.T.);
#8320 = ADVANCED_FACE('',(#8321),#7009,.T.);
#8321 = FACE_BOUND('',#8322,.F.);
#8322 = EDGE_LOOP('',(#8323,#8324,#8325,#8326,#8327,#8328,#8329,#8330,
    #8331,#8332,#8333));
#8323 = ORIENTED_EDGE('',*,*,#6991,.T.);
#8324 = ORIENTED_EDGE('',*,*,#7508,.T.);
#8325 = ORIENTED_EDGE('',*,*,#7459,.T.);
#8326 = ORIENTED_EDGE('',*,*,#7410,.T.);
#8327 = ORIENTED_EDGE('',*,*,#7361,.T.);
#8328 = ORIENTED_EDGE('',*,*,#7312,.T.);
#8329 = ORIENTED_EDGE('',*,*,#7263,.T.);
#8330 = ORIENTED_EDGE('',*,*,#7214,.T.);
#8331 = ORIENTED_EDGE('',*,*,#7165,.T.);
#8332 = ORIENTED_EDGE('',*,*,#7116,.T.);
#8333 = ORIENTED_EDGE('',*,*,#7067,.T.);
#8334 = ADVANCED_FACE('',(#8335),#8005,.F.);
#8335 = FACE_BOUND('',#8336,.F.);
#8336 = EDGE_LOOP('',(#8337,#8338,#8361,#8387));
#8337 = ORIENTED_EDGE('',*,*,#7987,.F.);
#8338 = ORIENTED_EDGE('',*,*,#8339,.T.);
#8339 = EDGE_CURVE('',#7988,#8340,#8342,.T.);
#8340 = VERTEX_POINT('',#8341);
#8341 = CARTESIAN_POINT('',(35.940234375,74.04287109375,4.));
#8342 = SURFACE_CURVE('',#8343,(#8347,#8354),.PCURVE_S1.);
#8343 = LINE('',#8344,#8345);
#8344 = CARTESIAN_POINT('',(35.940234375,74.04287109375,3.65));
#8345 = VECTOR('',#8346,1.);
#8346 = DIRECTION('',(0.,0.,1.));
#8347 = PCURVE('',#8005,#8348);
#8348 = DEFINITIONAL_REPRESENTATION('',(#8349),#8353);
#8349 = LINE('',#8350,#8351);
#8350 = CARTESIAN_POINT('',(0.,0.));
#8351 = VECTOR('',#8352,1.);
#8352 = DIRECTION('',(0.,-1.));
#8353 = ( GEOMETRIC_REPRESENTATION_CONTEXT(2) 
PARAMETRIC_REPRESENTATION_CONTEXT() REPRESENTATION_CONTEXT('2D SPACE',''
  ) );
#8354 = PCURVE('',#8269,#8355);
#8355 = DEFINITIONAL_REPRESENTATION('',(#8356),#8360);
#8356 = LINE('',#8357,#8358);
#8357 = CARTESIAN_POINT('',(0.42109375,0.));
#8358 = VECTOR('',#8359,1.);
#8359 = DIRECTION('',(0.,-1.));
#8360 = ( GEOMETRIC_REPRESENTATION_CONTEXT(2) 
PARAMETRIC_REPRESENTATION_CONTEXT() REPRESENTATION_CONTEXT('2D SPACE',''
  ) );
#8361 = ORIENTED_EDGE('',*,*,#8362,.F.);
#8362 = EDGE_CURVE('',#8363,#8340,#8365,.T.);
#8363 = VERTEX_POINT('',#8364);
#8364 = CARTESIAN_POINT('',(35.940234375,72.51162109375,4.));
#8365 = SURFACE_CURVE('',#8366,(#8370,#8376),.PCURVE_S1.);
#8366 = LINE('',#8367,#8368);
#8367 = CARTESIAN_POINT('',(35.940234375,37.021435546875,4.));
#8368 = VECTOR('',#8369,1.);
#8369 = DIRECTION('',(0.,1.,0.));
#8370 = PCURVE('',#8005,#8371);
#8371 = DEFINITIONAL_REPRESENTATION('',(#8372),#8375);
#8372 = B_SPLINE_CURVE_WITH_KNOTS('',1,(#8373,#8374),.UNSPECIFIED.,.F.,
  .F.,(2,2),(35.490185546875,37.021435546875),.PIECEWISE_BEZIER_KNOTS.);
#8373 = CARTESIAN_POINT('',(1.53125,-0.35));
#8374 = CARTESIAN_POINT('',(0.,-0.35));
#8375 = ( GEOMETRIC_REPRESENTATION_CONTEXT(2) 
PARAMETRIC_REPRESENTATION_CONTEXT() REPRESENTATION_CONTEXT('2D SPACE',''
  ) );
#8376 = PCURVE('',#8377,#8382);
#8377 = PLANE('',#8378);
#8378 = AXIS2_PLACEMENT_3D('',#8379,#8380,#8381);
#8379 = CARTESIAN_POINT('',(0.,0.,4.));
#8380 = DIRECTION('',(0.,0.,1.));
#8381 = DIRECTION('',(1.,0.,0.));
#8382 = DEFINITIONAL_REPRESENTATION('',(#8383),#8386);
#8383 = B_SPLINE_CURVE_WITH_KNOTS('',1,(#8384,#8385),.UNSPECIFIED.,.F.,
  .F.,(2,2),(35.490185546875,37.021435546875),.PIECEWISE_BEZIER_KNOTS.);
#8384 = CARTESIAN_POINT('',(35.940234375,72.51162109375));
#8385 = CARTESIAN_POINT('',(35.940234375,74.04287109375));
#8386 = ( GEOMETRIC_REPRESENTATION_CONTEXT(2) 
PARAMETRIC_REPRESENTATION_CONTEXT() REPRESENTATION_CONTEXT('2D SPACE',''
  ) );
#8387 = ORIENTED_EDGE('',*,*,#8388,.F.);
#8388 = EDGE_CURVE('',#7990,#8363,#8389,.T.);
#8389 = SURFACE_CURVE('',#8390,(#8394,#8401),.PCURVE_S1.);
#8390 = LINE('',#8391,#8392);
#8391 = CARTESIAN_POINT('',(35.940234375,72.51162109375,3.65));
#8392 = VECTOR('',#8393,1.);
#8393 = DIRECTION('',(0.,0.,1.));
#8394 = PCURVE('',#8005,#8395);
#8395 = DEFINITIONAL_REPRESENTATION('',(#8396),#8400);
#8396 = LINE('',#8397,#8398);
#8397 = CARTESIAN_POINT('',(1.53125,0.));
#8398 = VECTOR('',#8399,1.);
#8399 = DIRECTION('',(0.,-1.));
#8400 = ( GEOMETRIC_REPRESENTATION_CONTEXT(2) 
PARAMETRIC_REPRESENTATION_CONTEXT() REPRESENTATION_CONTEXT('2D SPACE',''
  ) );
#8401 = PCURVE('',#8033,#8402);
#8402 = DEFINITIONAL_REPRESENTATION('',(#8403),#8407);
#8403 = LINE('',#8404,#8405);
#8404 = CARTESIAN_POINT('',(0.,0.));
#8405 = VECTOR('',#8406,1.);
#8406 = DIRECTION('',(0.,-1.));
#8407 = ( GEOMETRIC_REPRESENTATION_CONTEXT(2) 
PARAMETRIC_REPRESENTATION_CONTEXT() REPRESENTATION_CONTEXT('2D SPACE',''
  ) );
#8408 = ADVANCED_FACE('',(#8409),#8033,.F.);
#8409 = FACE_BOUND('',#8410,.F.);
#8410 = EDGE_LOOP('',(#8411,#8412,#8413,#8434));
#8411 = ORIENTED_EDGE('',*,*,#8017,.F.);
#8412 = ORIENTED_EDGE('',*,*,#8388,.T.);
#8413 = ORIENTED_EDGE('',*,*,#8414,.F.);
#8414 = EDGE_CURVE('',#8415,#8363,#8417,.T.);
#8415 = VERTEX_POINT('',#8416);
#8416 = CARTESIAN_POINT('',(36.3681640625,72.51162109375,4.));
#8417 = SURFACE_CURVE('',#8418,(#8422,#8428),.PCURVE_S1.);
#8418 = LINE('',#8419,#8420);
#8419 = CARTESIAN_POINT('',(17.9701171875,72.51162109375,4.));
#8420 = VECTOR('',#8421,1.);
#8421 = DIRECTION('',(-1.,0.,0.));
#8422 = PCURVE('',#8033,#8423);
#8423 = DEFINITIONAL_REPRESENTATION('',(#8424),#8427);
#8424 = B_SPLINE_CURVE_WITH_KNOTS('',1,(#8425,#8426),.UNSPECIFIED.,.F.,
  .F.,(2,2),(-18.398046875,-17.9701171875),.PIECEWISE_BEZIER_KNOTS.);
#8425 = CARTESIAN_POINT('',(0.4279296875,-0.35));
#8426 = CARTESIAN_POINT('',(0.,-0.35));
#8427 = ( GEOMETRIC_REPRESENTATION_CONTEXT(2) 
PARAMETRIC_REPRESENTATION_CONTEXT() REPRESENTATION_CONTEXT('2D SPACE',''
  ) );
#8428 = PCURVE('',#8377,#8429);
#8429 = DEFINITIONAL_REPRESENTATION('',(#8430),#8433);
#8430 = B_SPLINE_CURVE_WITH_KNOTS('',1,(#8431,#8432),.UNSPECIFIED.,.F.,
  .F.,(2,2),(-18.398046875,-17.9701171875),.PIECEWISE_BEZIER_KNOTS.);
#8431 = CARTESIAN_POINT('',(36.3681640625,72.51162109375));
#8432 = CARTESIAN_POINT('',(35.940234375,72.51162109375));
#8433 = ( GEOMETRIC_REPRESENTATION_CONTEXT(2) 
PARAMETRIC_REPRESENTATION_CONTEXT() REPRESENTATION_CONTEXT('2D SPACE',''
  ) );
#8434 = ORIENTED_EDGE('',*,*,#8435,.F.);
#8435 = EDGE_CURVE('',#8018,#8415,#8436,.T.);
#8436 = SURFACE_CURVE('',#8437,(#8441,#8448),.PCURVE_S1.);
#8437 = LINE('',#8438,#8439);
#8438 = CARTESIAN_POINT('',(36.3681640625,72.51162109375,3.65));
#8439 = VECTOR('',#8440,1.);
#8440 = DIRECTION('',(0.,0.,1.));
#8441 = PCURVE('',#8033,#8442);
#8442 = DEFINITIONAL_REPRESENTATION('',(#8443),#8447);
#8443 = LINE('',#8444,#8445);
#8444 = CARTESIAN_POINT('',(0.4279296875,0.));
#8445 = VECTOR('',#8446,1.);
#8446 = DIRECTION('',(0.,-1.));
#8447 = ( GEOMETRIC_REPRESENTATION_CONTEXT(2) 
PARAMETRIC_REPRESENTATION_CONTEXT() REPRESENTATION_CONTEXT('2D SPACE',''
  ) );
#8448 = PCURVE('',#8061,#8449);
#8449 = DEFINITIONAL_REPRESENTATION('',(#8450),#8454);
#8450 = LINE('',#8451,#8452);
#8451 = CARTESIAN_POINT('',(0.,0.));
#8452 = VECTOR('',#8453,1.);
#8453 = DIRECTION('',(0.,-1.));
#8454 = ( GEOMETRIC_REPRESENTATION_CONTEXT(2) 
PARAMETRIC_REPRESENTATION_CONTEXT() REPRESENTATION_CONTEXT('2D SPACE',''
  ) );
#8455 = ADVANCED_FACE('',(#8456),#8061,.F.);
#8456 = FACE_BOUND('',#8457,.F.);
#8457 = EDGE_LOOP('',(#8458,#8459,#8460,#8492));
#8458 = ORIENTED_EDGE('',*,*,#8045,.F.);
#8459 = ORIENTED_EDGE('',*,*,#8435,.T.);
#8460 = ORIENTED_EDGE('',*,*,#8461,.F.);
#8461 = EDGE_CURVE('',#8462,#8415,#8464,.T.);
#8462 = VERTEX_POINT('',#8463);
#8463 = CARTESIAN_POINT('',(36.67919921875,72.54853515625,4.));
#8464 = SURFACE_CURVE('',#8465,(#8472,#8482),.PCURVE_S1.);
#8465 = B_SPLINE_CURVE_WITH_KNOTS('',5,(#8466,#8467,#8468,#8469,#8470,
    #8471),.UNSPECIFIED.,.F.,.F.,(6,6),(0.,1.),
  .PIECEWISE_BEZIER_KNOTS.);
#8466 = CARTESIAN_POINT('',(36.67919921875,72.54853515625,4.));
#8467 = CARTESIAN_POINT('',(36.633142412628,72.533462019701,4.));
#8468 = CARTESIAN_POINT('',(36.578548658479,72.522356063066,4.));
#8469 = CARTESIAN_POINT('',(36.515821250309,72.515132612402,4.));
#8470 = CARTESIAN_POINT('',(36.445503891847,72.51162109375,4.));
#8471 = CARTESIAN_POINT('',(36.3681640625,72.51162109375,4.));
#8472 = PCURVE('',#8061,#8473);
#8473 = DEFINITIONAL_REPRESENTATION('',(#8474),#8481);
#8474 = B_SPLINE_CURVE_WITH_KNOTS('',5,(#8475,#8476,#8477,#8478,#8479,
    #8480),.UNSPECIFIED.,.F.,.F.,(6,6),(0.,1.),
  .PIECEWISE_BEZIER_KNOTS.);
#8475 = CARTESIAN_POINT('',(1.,-0.35));
#8476 = CARTESIAN_POINT('',(0.795834764202,-0.35));
#8477 = CARTESIAN_POINT('',(0.593299703144,-0.35));
#8478 = CARTESIAN_POINT('',(0.392917635677,-0.35));
#8479 = CARTESIAN_POINT('',(0.195064003082,-0.35));
#8480 = CARTESIAN_POINT('',(0.,-0.35));
#8481 = ( GEOMETRIC_REPRESENTATION_CONTEXT(2) 
PARAMETRIC_REPRESENTATION_CONTEXT() REPRESENTATION_CONTEXT('2D SPACE',''
  ) );
#8482 = PCURVE('',#8377,#8483);
#8483 = DEFINITIONAL_REPRESENTATION('',(#8484),#8491);
#8484 = B_SPLINE_CURVE_WITH_KNOTS('',5,(#8485,#8486,#8487,#8488,#8489,
    #8490),.UNSPECIFIED.,.F.,.F.,(6,6),(0.,1.),
  .PIECEWISE_BEZIER_KNOTS.);
#8485 = CARTESIAN_POINT('',(36.67919921875,72.54853515625));
#8486 = CARTESIAN_POINT('',(36.633142412628,72.533462019701));
#8487 = CARTESIAN_POINT('',(36.578548658479,72.522356063066));
#8488 = CARTESIAN_POINT('',(36.515821250309,72.515132612402));
#8489 = CARTESIAN_POINT('',(36.445503891847,72.51162109375));
#8490 = CARTESIAN_POINT('',(36.3681640625,72.51162109375));
#8491 = ( GEOMETRIC_REPRESENTATION_CONTEXT(2) 
PARAMETRIC_REPRESENTATION_CONTEXT() REPRESENTATION_CONTEXT('2D SPACE',''
  ) );
#8492 = ORIENTED_EDGE('',*,*,#8493,.F.);
#8493 = EDGE_CURVE('',#8046,#8462,#8494,.T.);
#8494 = SURFACE_CURVE('',#8495,(#8499,#8506),.PCURVE_S1.);
#8495 = LINE('',#8496,#8497);
#8496 = CARTESIAN_POINT('',(36.67919921875,72.54853515625,3.65));
#8497 = VECTOR('',#8498,1.);
#8498 = DIRECTION('',(0.,0.,1.));
#8499 = PCURVE('',#8061,#8500);
#8500 = DEFINITIONAL_REPRESENTATION('',(#8501),#8505);
#8501 = LINE('',#8502,#8503);
#8502 = CARTESIAN_POINT('',(1.,0.));
#8503 = VECTOR('',#8504,1.);
#8504 = DIRECTION('',(0.,-1.));
#8505 = ( GEOMETRIC_REPRESENTATION_CONTEXT(2) 
PARAMETRIC_REPRESENTATION_CONTEXT() REPRESENTATION_CONTEXT('2D SPACE',''
  ) );
#8506 = PCURVE('',#8091,#8507);
#8507 = DEFINITIONAL_REPRESENTATION('',(#8508),#8512);
#8508 = LINE('',#8509,#8510);
#8509 = CARTESIAN_POINT('',(0.,0.));
#8510 = VECTOR('',#8511,1.);
#8511 = DIRECTION('',(0.,-1.));
#8512 = ( GEOMETRIC_REPRESENTATION_CONTEXT(2) 
PARAMETRIC_REPRESENTATION_CONTEXT() REPRESENTATION_CONTEXT('2D SPACE',''
  ) );
#8513 = ADVANCED_FACE('',(#8514),#8091,.F.);
#8514 = FACE_BOUND('',#8515,.F.);
#8515 = EDGE_LOOP('',(#8516,#8517,#8518,#8550));
#8516 = ORIENTED_EDGE('',*,*,#8075,.F.);
#8517 = ORIENTED_EDGE('',*,*,#8493,.T.);
#8518 = ORIENTED_EDGE('',*,*,#8519,.F.);
#8519 = EDGE_CURVE('',#8520,#8462,#8522,.T.);
#8520 = VERTEX_POINT('',#8521);
#8521 = CARTESIAN_POINT('',(36.858984375,72.65244140625,4.));
#8522 = SURFACE_CURVE('',#8523,(#8530,#8540),.PCURVE_S1.);
#8523 = B_SPLINE_CURVE_WITH_KNOTS('',5,(#8524,#8525,#8526,#8527,#8528,
    #8529),.UNSPECIFIED.,.F.,.F.,(6,6),(0.,1.),
  .PIECEWISE_BEZIER_KNOTS.);
#8524 = CARTESIAN_POINT('',(36.858984375,72.65244140625,4.));
#8525 = CARTESIAN_POINT('',(36.832081574816,72.625538606066,4.));
#8526 = CARTESIAN_POINT('',(36.800589753932,72.601694779937,4.));
#8527 = CARTESIAN_POINT('',(36.764554096568,72.580924044722,4.));
#8528 = CARTESIAN_POINT('',(36.724054453783,72.563215051352,4.));
#8529 = CARTESIAN_POINT('',(36.67919921875,72.54853515625,4.));
#8530 = PCURVE('',#8091,#8531);
#8531 = DEFINITIONAL_REPRESENTATION('',(#8532),#8539);
#8532 = B_SPLINE_CURVE_WITH_KNOTS('',5,(#8533,#8534,#8535,#8536,#8537,
    #8538),.UNSPECIFIED.,.F.,.F.,(6,6),(0.,1.),
  .PIECEWISE_BEZIER_KNOTS.);
#8533 = CARTESIAN_POINT('',(1.,-0.35));
#8534 = CARTESIAN_POINT('',(0.799209421365,-0.35));
#8535 = CARTESIAN_POINT('',(0.598622870214,-0.35));
#8536 = CARTESIAN_POINT('',(0.398437622151,-0.35));
#8537 = CARTESIAN_POINT('',(0.198838790794,-0.35));
#8538 = CARTESIAN_POINT('',(0.,-0.35));
#8539 = ( GEOMETRIC_REPRESENTATION_CONTEXT(2) 
PARAMETRIC_REPRESENTATION_CONTEXT() REPRESENTATION_CONTEXT('2D SPACE',''
  ) );
#8540 = PCURVE('',#8377,#8541);
#8541 = DEFINITIONAL_REPRESENTATION('',(#8542),#8549);
#8542 = B_SPLINE_CURVE_WITH_KNOTS('',5,(#8543,#8544,#8545,#8546,#8547,
    #8548),.UNSPECIFIED.,.F.,.F.,(6,6),(0.,1.),
  .PIECEWISE_BEZIER_KNOTS.);
#8543 = CARTESIAN_POINT('',(36.858984375,72.65244140625));
#8544 = CARTESIAN_POINT('',(36.832081574816,72.625538606066));
#8545 = CARTESIAN_POINT('',(36.800589753932,72.601694779937));
#8546 = CARTESIAN_POINT('',(36.764554096568,72.580924044722));
#8547 = CARTESIAN_POINT('',(36.724054453783,72.563215051352));
#8548 = CARTESIAN_POINT('',(36.67919921875,72.54853515625));
#8549 = ( GEOMETRIC_REPRESENTATION_CONTEXT(2) 
PARAMETRIC_REPRESENTATION_CONTEXT() REPRESENTATION_CONTEXT('2D SPACE',''
  ) );
#8550 = ORIENTED_EDGE('',*,*,#8551,.F.);
#8551 = EDGE_CURVE('',#8076,#8520,#8552,.T.);
#8552 = SURFACE_CURVE('',#8553,(#8557,#8564),.PCURVE_S1.);
#8553 = LINE('',#8554,#8555);
#8554 = CARTESIAN_POINT('',(36.858984375,72.65244140625,3.65));
#8555 = VECTOR('',#8556,1.);
#8556 = DIRECTION('',(0.,0.,1.));
#8557 = PCURVE('',#8091,#8558);
#8558 = DEFINITIONAL_REPRESENTATION('',(#8559),#8563);
#8559 = LINE('',#8560,#8561);
#8560 = CARTESIAN_POINT('',(1.,0.));
#8561 = VECTOR('',#8562,1.);
#8562 = DIRECTION('',(0.,-1.));
#8563 = ( GEOMETRIC_REPRESENTATION_CONTEXT(2) 
PARAMETRIC_REPRESENTATION_CONTEXT() REPRESENTATION_CONTEXT('2D SPACE',''
  ) );
#8564 = PCURVE('',#8121,#8565);
#8565 = DEFINITIONAL_REPRESENTATION('',(#8566),#8570);
#8566 = LINE('',#8567,#8568);
#8567 = CARTESIAN_POINT('',(0.,0.));
#8568 = VECTOR('',#8569,1.);
#8569 = DIRECTION('',(0.,-1.));
#8570 = ( GEOMETRIC_REPRESENTATION_CONTEXT(2) 
PARAMETRIC_REPRESENTATION_CONTEXT() REPRESENTATION_CONTEXT('2D SPACE',''
  ) );
#8571 = ADVANCED_FACE('',(#8572),#8121,.F.);
#8572 = FACE_BOUND('',#8573,.F.);
#8573 = EDGE_LOOP('',(#8574,#8575,#8576,#8608));
#8574 = ORIENTED_EDGE('',*,*,#8105,.F.);
#8575 = ORIENTED_EDGE('',*,*,#8551,.T.);
#8576 = ORIENTED_EDGE('',*,*,#8577,.F.);
#8577 = EDGE_CURVE('',#8578,#8520,#8580,.T.);
#8578 = VERTEX_POINT('',#8579);
#8579 = CARTESIAN_POINT('',(37.00595703125,72.9060546875,4.));
#8580 = SURFACE_CURVE('',#8581,(#8588,#8598),.PCURVE_S1.);
#8581 = B_SPLINE_CURVE_WITH_KNOTS('',5,(#8582,#8583,#8584,#8585,#8586,
    #8587),.UNSPECIFIED.,.F.,.F.,(6,6),(0.,1.),
  .PIECEWISE_BEZIER_KNOTS.);
#8582 = CARTESIAN_POINT('',(37.00595703125,72.9060546875,4.));
#8583 = CARTESIAN_POINT('',(36.985137338373,72.843054837625,4.));
#8584 = CARTESIAN_POINT('',(36.960089123556,72.785947568582,4.));
#8585 = CARTESIAN_POINT('',(36.930725473067,72.735012541436,4.));
#8586 = CARTESIAN_POINT('',(36.897011258385,72.690468289635,4.));
#8587 = CARTESIAN_POINT('',(36.858984375,72.65244140625,4.));
#8588 = PCURVE('',#8121,#8589);
#8589 = DEFINITIONAL_REPRESENTATION('',(#8590),#8597);
#8590 = B_SPLINE_CURVE_WITH_KNOTS('',5,(#8591,#8592,#8593,#8594,#8595,
    #8596),.UNSPECIFIED.,.F.,.F.,(6,6),(0.,1.),
  .PIECEWISE_BEZIER_KNOTS.);
#8591 = CARTESIAN_POINT('',(1.,-0.35));
#8592 = CARTESIAN_POINT('',(0.802232230926,-0.35));
#8593 = CARTESIAN_POINT('',(0.603028576186,-0.35));
#8594 = CARTESIAN_POINT('',(0.402688107453,-0.35));
#8595 = CARTESIAN_POINT('',(0.201550355002,-0.35));
#8596 = CARTESIAN_POINT('',(0.,-0.35));
#8597 = ( GEOMETRIC_REPRESENTATION_CONTEXT(2) 
PARAMETRIC_REPRESENTATION_CONTEXT() REPRESENTATION_CONTEXT('2D SPACE',''
  ) );
#8598 = PCURVE('',#8377,#8599);
#8599 = DEFINITIONAL_REPRESENTATION('',(#8600),#8607);
#8600 = B_SPLINE_CURVE_WITH_KNOTS('',5,(#8601,#8602,#8603,#8604,#8605,
    #8606),.UNSPECIFIED.,.F.,.F.,(6,6),(0.,1.),
  .PIECEWISE_BEZIER_KNOTS.);
#8601 = CARTESIAN_POINT('',(37.00595703125,72.9060546875));
#8602 = CARTESIAN_POINT('',(36.985137338373,72.843054837625));
#8603 = CARTESIAN_POINT('',(36.960089123556,72.785947568582));
#8604 = CARTESIAN_POINT('',(36.930725473067,72.735012541436));
#8605 = CARTESIAN_POINT('',(36.897011258385,72.690468289635));
#8606 = CARTESIAN_POINT('',(36.858984375,72.65244140625));
#8607 = ( GEOMETRIC_REPRESENTATION_CONTEXT(2) 
PARAMETRIC_REPRESENTATION_CONTEXT() REPRESENTATION_CONTEXT('2D SPACE',''
  ) );
#8608 = ORIENTED_EDGE('',*,*,#8609,.F.);
#8609 = EDGE_CURVE('',#8106,#8578,#8610,.T.);
#8610 = SURFACE_CURVE('',#8611,(#8615,#8622),.PCURVE_S1.);
#8611 = LINE('',#8612,#8613);
#8612 = CARTESIAN_POINT('',(37.00595703125,72.9060546875,3.65));
#8613 = VECTOR('',#8614,1.);
#8614 = DIRECTION('',(0.,0.,1.));
#8615 = PCURVE('',#8121,#8616);
#8616 = DEFINITIONAL_REPRESENTATION('',(#8617),#8621);
#8617 = LINE('',#8618,#8619);
#8618 = CARTESIAN_POINT('',(1.,0.));
#8619 = VECTOR('',#8620,1.);
#8620 = DIRECTION('',(0.,-1.));
#8621 = ( GEOMETRIC_REPRESENTATION_CONTEXT(2) 
PARAMETRIC_REPRESENTATION_CONTEXT() REPRESENTATION_CONTEXT('2D SPACE',''
  ) );
#8622 = PCURVE('',#8151,#8623);
#8623 = DEFINITIONAL_REPRESENTATION('',(#8624),#8628);
#8624 = LINE('',#8625,#8626);
#8625 = CARTESIAN_POINT('',(0.,0.));
#8626 = VECTOR('',#8627,1.);
#8627 = DIRECTION('',(0.,-1.));
#8628 = ( GEOMETRIC_REPRESENTATION_CONTEXT(2) 
PARAMETRIC_REPRESENTATION_CONTEXT() REPRESENTATION_CONTEXT('2D SPACE',''
  ) );
#8629 = ADVANCED_FACE('',(#8630),#8151,.F.);
#8630 = FACE_BOUND('',#8631,.F.);
#8631 = EDGE_LOOP('',(#8632,#8633,#8634,#8666));
#8632 = ORIENTED_EDGE('',*,*,#8135,.F.);
#8633 = ORIENTED_EDGE('',*,*,#8609,.T.);
#8634 = ORIENTED_EDGE('',*,*,#8635,.F.);
#8635 = EDGE_CURVE('',#8636,#8578,#8638,.T.);
#8636 = VERTEX_POINT('',#8637);
#8637 = CARTESIAN_POINT('',(37.05859375,73.29228515625,4.));
#8638 = SURFACE_CURVE('',#8639,(#8646,#8656),.PCURVE_S1.);
#8639 = B_SPLINE_CURVE_WITH_KNOTS('',5,(#8640,#8641,#8642,#8643,#8644,
    #8645),.UNSPECIFIED.,.F.,.F.,(6,6),(0.,1.),
  .PIECEWISE_BEZIER_KNOTS.);
#8640 = CARTESIAN_POINT('',(37.05859375,73.29228515625,4.));
#8641 = CARTESIAN_POINT('',(37.05859375,73.203475021617,4.));
#8642 = CARTESIAN_POINT('',(37.053556111257,73.120034017501,4.));
#8643 = CARTESIAN_POINT('',(37.043229883143,73.04238705536,4.));
#8644 = CARTESIAN_POINT('',(37.027402423001,72.970947885916,4.));
#8645 = CARTESIAN_POINT('',(37.00595703125,72.9060546875,4.));
#8646 = PCURVE('',#8151,#8647);
#8647 = DEFINITIONAL_REPRESENTATION('',(#8648),#8655);
#8648 = B_SPLINE_CURVE_WITH_KNOTS('',5,(#8649,#8650,#8651,#8652,#8653,
    #8654),.UNSPECIFIED.,.F.,.F.,(6,6),(0.,1.),
  .PIECEWISE_BEZIER_KNOTS.);
#8649 = CARTESIAN_POINT('',(1.,-0.35));
#8650 = CARTESIAN_POINT('',(0.804342560532,-0.35));
#8651 = CARTESIAN_POINT('',(0.606244455001,-0.35));
#8652 = CARTESIAN_POINT('',(0.405930973651,-0.35));
#8653 = CARTESIAN_POINT('',(0.203711327952,-0.35));
#8654 = CARTESIAN_POINT('',(0.,-0.35));
#8655 = ( GEOMETRIC_REPRESENTATION_CONTEXT(2) 
PARAMETRIC_REPRESENTATION_CONTEXT() REPRESENTATION_CONTEXT('2D SPACE',''
  ) );
#8656 = PCURVE('',#8377,#8657);
#8657 = DEFINITIONAL_REPRESENTATION('',(#8658),#8665);
#8658 = B_SPLINE_CURVE_WITH_KNOTS('',5,(#8659,#8660,#8661,#8662,#8663,
    #8664),.UNSPECIFIED.,.F.,.F.,(6,6),(0.,1.),
  .PIECEWISE_BEZIER_KNOTS.);
#8659 = CARTESIAN_POINT('',(37.05859375,73.29228515625));
#8660 = CARTESIAN_POINT('',(37.05859375,73.203475021617));
#8661 = CARTESIAN_POINT('',(37.053556111257,73.120034017501));
#8662 = CARTESIAN_POINT('',(37.043229883143,73.04238705536));
#8663 = CARTESIAN_POINT('',(37.027402423001,72.970947885916));
#8664 = CARTESIAN_POINT('',(37.00595703125,72.9060546875));
#8665 = ( GEOMETRIC_REPRESENTATION_CONTEXT(2) 
PARAMETRIC_REPRESENTATION_CONTEXT() REPRESENTATION_CONTEXT('2D SPACE',''
  ) );
#8666 = ORIENTED_EDGE('',*,*,#8667,.F.);
#8667 = EDGE_CURVE('',#8136,#8636,#8668,.T.);
#8668 = SURFACE_CURVE('',#8669,(#8673,#8680),.PCURVE_S1.);
#8669 = LINE('',#8670,#8671);
#8670 = CARTESIAN_POINT('',(37.05859375,73.29228515625,3.65));
#8671 = VECTOR('',#8672,1.);
#8672 = DIRECTION('',(0.,0.,1.));
#8673 = PCURVE('',#8151,#8674);
#8674 = DEFINITIONAL_REPRESENTATION('',(#8675),#8679);
#8675 = LINE('',#8676,#8677);
#8676 = CARTESIAN_POINT('',(1.,0.));
#8677 = VECTOR('',#8678,1.);
#8678 = DIRECTION('',(0.,-1.));
#8679 = ( GEOMETRIC_REPRESENTATION_CONTEXT(2) 
PARAMETRIC_REPRESENTATION_CONTEXT() REPRESENTATION_CONTEXT('2D SPACE',''
  ) );
#8680 = PCURVE('',#8181,#8681);
#8681 = DEFINITIONAL_REPRESENTATION('',(#8682),#8686);
#8682 = LINE('',#8683,#8684);
#8683 = CARTESIAN_POINT('',(0.,0.));
#8684 = VECTOR('',#8685,1.);
#8685 = DIRECTION('',(0.,-1.));
#8686 = ( GEOMETRIC_REPRESENTATION_CONTEXT(2) 
PARAMETRIC_REPRESENTATION_CONTEXT() REPRESENTATION_CONTEXT('2D SPACE',''
  ) );
#8687 = ADVANCED_FACE('',(#8688),#8181,.F.);
#8688 = FACE_BOUND('',#8689,.F.);
#8689 = EDGE_LOOP('',(#8690,#8691,#8692,#8727));
#8690 = ORIENTED_EDGE('',*,*,#8165,.F.);
#8691 = ORIENTED_EDGE('',*,*,#8667,.T.);
#8692 = ORIENTED_EDGE('',*,*,#8693,.F.);
#8693 = EDGE_CURVE('',#8694,#8636,#8696,.T.);
#8694 = VERTEX_POINT('',#8695);
#8695 = CARTESIAN_POINT('',(36.95537109375,73.7755859375,4.));
#8696 = SURFACE_CURVE('',#8697,(#8705,#8716),.PCURVE_S1.);
#8697 = B_SPLINE_CURVE_WITH_KNOTS('',6,(#8698,#8699,#8700,#8701,#8702,
    #8703,#8704),.UNSPECIFIED.,.F.,.F.,(7,7),(0.,1.),
  .PIECEWISE_BEZIER_KNOTS.);
#8698 = CARTESIAN_POINT('',(36.95537109375,73.7755859375,4.));
#8699 = CARTESIAN_POINT('',(36.991196439005,73.716984213805,4.));
#8700 = CARTESIAN_POINT('',(37.01920294357,73.648445376698,4.));
#8701 = CARTESIAN_POINT('',(37.03946611811,73.570699354176,4.));
#8702 = CARTESIAN_POINT('',(37.05241155616,73.484752242805,4.));
#8703 = CARTESIAN_POINT('',(37.05859375,73.391634635867,4.));
#8704 = CARTESIAN_POINT('',(37.05859375,73.29228515625,4.));
#8705 = PCURVE('',#8181,#8706);
#8706 = DEFINITIONAL_REPRESENTATION('',(#8707),#8715);
#8707 = B_SPLINE_CURVE_WITH_KNOTS('',6,(#8708,#8709,#8710,#8711,#8712,
    #8713,#8714),.UNSPECIFIED.,.F.,.F.,(7,7),(0.,1.),
  .PIECEWISE_BEZIER_KNOTS.);
#8708 = CARTESIAN_POINT('',(1.,-0.35));
#8709 = CARTESIAN_POINT('',(0.826465688075,-0.35));
#8710 = CARTESIAN_POINT('',(0.654667902377,-0.35));
#8711 = CARTESIAN_POINT('',(0.48559790822,-0.35));
#8712 = CARTESIAN_POINT('',(0.319900882876,-0.35));
#8713 = CARTESIAN_POINT('',(0.157971843366,-0.35));
#8714 = CARTESIAN_POINT('',(0.,-0.35));
#8715 = ( GEOMETRIC_REPRESENTATION_CONTEXT(2) 
PARAMETRIC_REPRESENTATION_CONTEXT() REPRESENTATION_CONTEXT('2D SPACE',''
  ) );
#8716 = PCURVE('',#8377,#8717);
#8717 = DEFINITIONAL_REPRESENTATION('',(#8718),#8726);
#8718 = B_SPLINE_CURVE_WITH_KNOTS('',6,(#8719,#8720,#8721,#8722,#8723,
    #8724,#8725),.UNSPECIFIED.,.F.,.F.,(7,7),(0.,1.),
  .PIECEWISE_BEZIER_KNOTS.);
#8719 = CARTESIAN_POINT('',(36.95537109375,73.7755859375));
#8720 = CARTESIAN_POINT('',(36.991196439005,73.716984213805));
#8721 = CARTESIAN_POINT('',(37.01920294357,73.648445376698));
#8722 = CARTESIAN_POINT('',(37.03946611811,73.570699354176));
#8723 = CARTESIAN_POINT('',(37.05241155616,73.484752242805));
#8724 = CARTESIAN_POINT('',(37.05859375,73.391634635867));
#8725 = CARTESIAN_POINT('',(37.05859375,73.29228515625));
#8726 = ( GEOMETRIC_REPRESENTATION_CONTEXT(2) 
PARAMETRIC_REPRESENTATION_CONTEXT() REPRESENTATION_CONTEXT('2D SPACE',''
  ) );
#8727 = ORIENTED_EDGE('',*,*,#8728,.F.);
#8728 = EDGE_CURVE('',#8166,#8694,#8729,.T.);
#8729 = SURFACE_CURVE('',#8730,(#8734,#8741),.PCURVE_S1.);
#8730 = LINE('',#8731,#8732);
#8731 = CARTESIAN_POINT('',(36.95537109375,73.7755859375,3.65));
#8732 = VECTOR('',#8733,1.);
#8733 = DIRECTION('',(0.,0.,1.));
#8734 = PCURVE('',#8181,#8735);
#8735 = DEFINITIONAL_REPRESENTATION('',(#8736),#8740);
#8736 = LINE('',#8737,#8738);
#8737 = CARTESIAN_POINT('',(1.,0.));
#8738 = VECTOR('',#8739,1.);
#8739 = DIRECTION('',(0.,-1.));
#8740 = ( GEOMETRIC_REPRESENTATION_CONTEXT(2) 
PARAMETRIC_REPRESENTATION_CONTEXT() REPRESENTATION_CONTEXT('2D SPACE',''
  ) );
#8741 = PCURVE('',#8211,#8742);
#8742 = DEFINITIONAL_REPRESENTATION('',(#8743),#8747);
#8743 = LINE('',#8744,#8745);
#8744 = CARTESIAN_POINT('',(0.,0.));
#8745 = VECTOR('',#8746,1.);
#8746 = DIRECTION('',(0.,-1.));
#8747 = ( GEOMETRIC_REPRESENTATION_CONTEXT(2) 
PARAMETRIC_REPRESENTATION_CONTEXT() REPRESENTATION_CONTEXT('2D SPACE',''
  ) );
#8748 = ADVANCED_FACE('',(#8749),#8211,.F.);
#8749 = FACE_BOUND('',#8750,.F.);
#8750 = EDGE_LOOP('',(#8751,#8752,#8753,#8785));
#8751 = ORIENTED_EDGE('',*,*,#8195,.F.);
#8752 = ORIENTED_EDGE('',*,*,#8728,.T.);
#8753 = ORIENTED_EDGE('',*,*,#8754,.F.);
#8754 = EDGE_CURVE('',#8755,#8694,#8757,.T.);
#8755 = VERTEX_POINT('',#8756);
#8756 = CARTESIAN_POINT('',(36.7044921875,74.00185546875,4.));
#8757 = SURFACE_CURVE('',#8758,(#8765,#8775),.PCURVE_S1.);
#8758 = B_SPLINE_CURVE_WITH_KNOTS('',5,(#8759,#8760,#8761,#8762,#8763,
    #8764),.UNSPECIFIED.,.F.,.F.,(6,6),(0.,1.),
  .PIECEWISE_BEZIER_KNOTS.);
#8759 = CARTESIAN_POINT('',(36.7044921875,74.00185546875,4.));
#8760 = CARTESIAN_POINT('',(36.764047374001,73.978695118444,4.));
#8761 = CARTESIAN_POINT('',(36.819098885719,73.944200068429,4.));
#8762 = CARTESIAN_POINT('',(36.869361615595,73.89846846855,4.));
#8763 = CARTESIAN_POINT('',(36.914763085468,73.84201095767,4.));
#8764 = CARTESIAN_POINT('',(36.95537109375,73.7755859375,4.));
#8765 = PCURVE('',#8211,#8766);
#8766 = DEFINITIONAL_REPRESENTATION('',(#8767),#8774);
#8767 = B_SPLINE_CURVE_WITH_KNOTS('',5,(#8768,#8769,#8770,#8771,#8772,
    #8773),.UNSPECIFIED.,.F.,.F.,(6,6),(0.,1.),
  .PIECEWISE_BEZIER_KNOTS.);
#8768 = CARTESIAN_POINT('',(1.,-0.35));
#8769 = CARTESIAN_POINT('',(0.798331643595,-0.35));
#8770 = CARTESIAN_POINT('',(0.596615509236,-0.35));
#8771 = CARTESIAN_POINT('',(0.395802162536,-0.35));
#8772 = CARTESIAN_POINT('',(0.196701042956,-0.35));
#8773 = CARTESIAN_POINT('',(0.,-0.35));
#8774 = ( GEOMETRIC_REPRESENTATION_CONTEXT(2) 
PARAMETRIC_REPRESENTATION_CONTEXT() REPRESENTATION_CONTEXT('2D SPACE',''
  ) );
#8775 = PCURVE('',#8377,#8776);
#8776 = DEFINITIONAL_REPRESENTATION('',(#8777),#8784);
#8777 = B_SPLINE_CURVE_WITH_KNOTS('',5,(#8778,#8779,#8780,#8781,#8782,
    #8783),.UNSPECIFIED.,.F.,.F.,(6,6),(0.,1.),
  .PIECEWISE_BEZIER_KNOTS.);
#8778 = CARTESIAN_POINT('',(36.7044921875,74.00185546875));
#8779 = CARTESIAN_POINT('',(36.764047374001,73.978695118444));
#8780 = CARTESIAN_POINT('',(36.819098885719,73.944200068429));
#8781 = CARTESIAN_POINT('',(36.869361615595,73.89846846855));
#8782 = CARTESIAN_POINT('',(36.914763085468,73.84201095767));
#8783 = CARTESIAN_POINT('',(36.95537109375,73.7755859375));
#8784 = ( GEOMETRIC_REPRESENTATION_CONTEXT(2) 
PARAMETRIC_REPRESENTATION_CONTEXT() REPRESENTATION_CONTEXT('2D SPACE',''
  ) );
#8785 = ORIENTED_EDGE('',*,*,#8786,.F.);
#8786 = EDGE_CURVE('',#8196,#8755,#8787,.T.);
#8787 = SURFACE_CURVE('',#8788,(#8792,#8799),.PCURVE_S1.);
#8788 = LINE('',#8789,#8790);
#8789 = CARTESIAN_POINT('',(36.7044921875,74.00185546875,3.65));
#8790 = VECTOR('',#8791,1.);
#8791 = DIRECTION('',(0.,0.,1.));
#8792 = PCURVE('',#8211,#8793);
#8793 = DEFINITIONAL_REPRESENTATION('',(#8794),#8798);
#8794 = LINE('',#8795,#8796);
#8795 = CARTESIAN_POINT('',(1.,0.));
#8796 = VECTOR('',#8797,1.);
#8797 = DIRECTION('',(0.,-1.));
#8798 = ( GEOMETRIC_REPRESENTATION_CONTEXT(2) 
PARAMETRIC_REPRESENTATION_CONTEXT() REPRESENTATION_CONTEXT('2D SPACE',''
  ) );
#8799 = PCURVE('',#8241,#8800);
#8800 = DEFINITIONAL_REPRESENTATION('',(#8801),#8805);
#8801 = LINE('',#8802,#8803);
#8802 = CARTESIAN_POINT('',(0.,0.));
#8803 = VECTOR('',#8804,1.);
#8804 = DIRECTION('',(0.,-1.));
#8805 = ( GEOMETRIC_REPRESENTATION_CONTEXT(2) 
PARAMETRIC_REPRESENTATION_CONTEXT() REPRESENTATION_CONTEXT('2D SPACE',''
  ) );
#8806 = ADVANCED_FACE('',(#8807),#8241,.F.);
#8807 = FACE_BOUND('',#8808,.F.);
#8808 = EDGE_LOOP('',(#8809,#8810,#8811,#8846));
#8809 = ORIENTED_EDGE('',*,*,#8225,.F.);
#8810 = ORIENTED_EDGE('',*,*,#8786,.T.);
#8811 = ORIENTED_EDGE('',*,*,#8812,.F.);
#8812 = EDGE_CURVE('',#8813,#8755,#8815,.T.);
#8813 = VERTEX_POINT('',#8814);
#8814 = CARTESIAN_POINT('',(36.361328125,74.04287109375,4.));
#8815 = SURFACE_CURVE('',#8816,(#8824,#8835),.PCURVE_S1.);
#8816 = B_SPLINE_CURVE_WITH_KNOTS('',6,(#8817,#8818,#8819,#8820,#8821,
    #8822,#8823),.UNSPECIFIED.,.F.,.F.,(7,7),(0.,1.),
  .PIECEWISE_BEZIER_KNOTS.);
#8817 = CARTESIAN_POINT('',(36.361328125,74.04287109375,4.));
#8818 = CARTESIAN_POINT('',(36.436921120404,74.04287109375,4.));
#8819 = CARTESIAN_POINT('',(36.506014848619,74.040357388586,4.));
#8820 = CARTESIAN_POINT('',(36.567955362339,74.035147776953,4.));
#8821 = CARTESIAN_POINT('',(36.622070383737,74.027071442313,4.));
#8822 = CARTESIAN_POINT('',(36.667735026895,74.015992838214,4.));
#8823 = CARTESIAN_POINT('',(36.7044921875,74.00185546875,4.));
#8824 = PCURVE('',#8241,#8825);
#8825 = DEFINITIONAL_REPRESENTATION('',(#8826),#8834);
#8826 = B_SPLINE_CURVE_WITH_KNOTS('',6,(#8827,#8828,#8829,#8830,#8831,
    #8832,#8833),.UNSPECIFIED.,.F.,.F.,(7,7),(0.,1.),
  .PIECEWISE_BEZIER_KNOTS.);
#8827 = CARTESIAN_POINT('',(1.,-0.35));
#8828 = CARTESIAN_POINT('',(0.840199778503,-0.35));
#8829 = CARTESIAN_POINT('',(0.67731149271,-0.35));
#8830 = CARTESIAN_POINT('',(0.511497867529,-0.35));
#8831 = CARTESIAN_POINT('',(0.34303658958,-0.35));
#8832 = CARTESIAN_POINT('',(0.172341265842,-0.35));
#8833 = CARTESIAN_POINT('',(0.,-0.35));
#8834 = ( GEOMETRIC_REPRESENTATION_CONTEXT(2) 
PARAMETRIC_REPRESENTATION_CONTEXT() REPRESENTATION_CONTEXT('2D SPACE',''
  ) );
#8835 = PCURVE('',#8377,#8836);
#8836 = DEFINITIONAL_REPRESENTATION('',(#8837),#8845);
#8837 = B_SPLINE_CURVE_WITH_KNOTS('',6,(#8838,#8839,#8840,#8841,#8842,
    #8843,#8844),.UNSPECIFIED.,.F.,.F.,(7,7),(0.,1.),
  .PIECEWISE_BEZIER_KNOTS.);
#8838 = CARTESIAN_POINT('',(36.361328125,74.04287109375));
#8839 = CARTESIAN_POINT('',(36.436921120404,74.04287109375));
#8840 = CARTESIAN_POINT('',(36.506014848619,74.040357388586));
#8841 = CARTESIAN_POINT('',(36.567955362339,74.035147776953));
#8842 = CARTESIAN_POINT('',(36.622070383737,74.027071442313));
#8843 = CARTESIAN_POINT('',(36.667735026895,74.015992838214));
#8844 = CARTESIAN_POINT('',(36.7044921875,74.00185546875));
#8845 = ( GEOMETRIC_REPRESENTATION_CONTEXT(2) 
PARAMETRIC_REPRESENTATION_CONTEXT() REPRESENTATION_CONTEXT('2D SPACE',''
  ) );
#8846 = ORIENTED_EDGE('',*,*,#8847,.F.);
#8847 = EDGE_CURVE('',#8226,#8813,#8848,.T.);
#8848 = SURFACE_CURVE('',#8849,(#8853,#8860),.PCURVE_S1.);
#8849 = LINE('',#8850,#8851);
#8850 = CARTESIAN_POINT('',(36.361328125,74.04287109375,3.65));
#8851 = VECTOR('',#8852,1.);
#8852 = DIRECTION('',(0.,0.,1.));
#8853 = PCURVE('',#8241,#8854);
#8854 = DEFINITIONAL_REPRESENTATION('',(#8855),#8859);
#8855 = LINE('',#8856,#8857);
#8856 = CARTESIAN_POINT('',(1.,0.));
#8857 = VECTOR('',#8858,1.);
#8858 = DIRECTION('',(0.,-1.));
#8859 = ( GEOMETRIC_REPRESENTATION_CONTEXT(2) 
PARAMETRIC_REPRESENTATION_CONTEXT() REPRESENTATION_CONTEXT('2D SPACE',''
  ) );
#8860 = PCURVE('',#8269,#8861);
#8861 = DEFINITIONAL_REPRESENTATION('',(#8862),#8866);
#8862 = LINE('',#8863,#8864);
#8863 = CARTESIAN_POINT('',(0.,-0.));
#8864 = VECTOR('',#8865,1.);
#8865 = DIRECTION('',(0.,-1.));
#8866 = ( GEOMETRIC_REPRESENTATION_CONTEXT(2) 
PARAMETRIC_REPRESENTATION_CONTEXT() REPRESENTATION_CONTEXT('2D SPACE',''
  ) );
#8867 = ADVANCED_FACE('',(#8868),#8269,.F.);
#8868 = FACE_BOUND('',#8869,.F.);
#8869 = EDGE_LOOP('',(#8870,#8871,#8872,#8891));
#8870 = ORIENTED_EDGE('',*,*,#8255,.F.);
#8871 = ORIENTED_EDGE('',*,*,#8847,.T.);
#8872 = ORIENTED_EDGE('',*,*,#8873,.F.);
#8873 = EDGE_CURVE('',#8340,#8813,#8874,.T.);
#8874 = SURFACE_CURVE('',#8875,(#8879,#8885),.PCURVE_S1.);
#8875 = LINE('',#8876,#8877);
#8876 = CARTESIAN_POINT('',(18.1806640625,74.04287109375,4.));
#8877 = VECTOR('',#8878,1.);
#8878 = DIRECTION('',(1.,0.,-0.));
#8879 = PCURVE('',#8269,#8880);
#8880 = DEFINITIONAL_REPRESENTATION('',(#8881),#8884);
#8881 = B_SPLINE_CURVE_WITH_KNOTS('',1,(#8882,#8883),.UNSPECIFIED.,.F.,
  .F.,(2,2),(17.7595703125,18.1806640625),.PIECEWISE_BEZIER_KNOTS.);
#8882 = CARTESIAN_POINT('',(0.42109375,-0.35));
#8883 = CARTESIAN_POINT('',(0.,-0.35));
#8884 = ( GEOMETRIC_REPRESENTATION_CONTEXT(2) 
PARAMETRIC_REPRESENTATION_CONTEXT() REPRESENTATION_CONTEXT('2D SPACE',''
  ) );
#8885 = PCURVE('',#8377,#8886);
#8886 = DEFINITIONAL_REPRESENTATION('',(#8887),#8890);
#8887 = B_SPLINE_CURVE_WITH_KNOTS('',1,(#8888,#8889),.UNSPECIFIED.,.F.,
  .F.,(2,2),(17.7595703125,18.1806640625),.PIECEWISE_BEZIER_KNOTS.);
#8888 = CARTESIAN_POINT('',(35.940234375,74.04287109375));
#8889 = CARTESIAN_POINT('',(36.361328125,74.04287109375));
#8890 = ( GEOMETRIC_REPRESENTATION_CONTEXT(2) 
PARAMETRIC_REPRESENTATION_CONTEXT() REPRESENTATION_CONTEXT('2D SPACE',''
  ) );
#8891 = ORIENTED_EDGE('',*,*,#8339,.F.);
#8892 = ADVANCED_FACE('',(#8893),#8377,.T.);
#8893 = FACE_BOUND('',#8894,.T.);
#8894 = EDGE_LOOP('',(#8895,#8896,#8897,#8898,#8899,#8900,#8901,#8902,
    #8903,#8904));
#8895 = ORIENTED_EDGE('',*,*,#8362,.F.);
#8896 = ORIENTED_EDGE('',*,*,#8414,.F.);
#8897 = ORIENTED_EDGE('',*,*,#8461,.F.);
#8898 = ORIENTED_EDGE('',*,*,#8519,.F.);
#8899 = ORIENTED_EDGE('',*,*,#8577,.F.);
#8900 = ORIENTED_EDGE('',*,*,#8635,.F.);
#8901 = ORIENTED_EDGE('',*,*,#8693,.F.);
#8902 = ORIENTED_EDGE('',*,*,#8754,.F.);
#8903 = ORIENTED_EDGE('',*,*,#8812,.F.);
#8904 = ORIENTED_EDGE('',*,*,#8873,.F.);
#8905 = ( GEOMETRIC_REPRESENTATION_CONTEXT(3) 
GLOBAL_UNCERTAINTY_ASSIGNED_CONTEXT((#8909)) 
GLOBAL_UNIT_ASSIGNED_CONTEXT((#8906,#8907,#8908)) REPRESENTATION_CONTEXT
('Context #1','3D Context with UNIT and UNCERTAINTY') );
#8906 = ( LENGTH_UNIT() NAMED_UNIT(*) SI_UNIT(.MILLI.,.METRE.) );
#8907 = ( NAMED_UNIT(*) PLANE_ANGLE_UNIT() SI_UNIT($,.RADIAN.) );
#8908 = ( NAMED_UNIT(*) SI_UNIT($,.STERADIAN.) SOLID_ANGLE_UNIT() );
#8909 = UNCERTAINTY_MEASURE_WITH_UNIT(LENGTH_MEASURE(1.E-06),#8906,
  'distance_accuracy_value','confusion accuracy');
#8910 = PRODUCT_RELATED_PRODUCT_CATEGORY('part',$,(#7));
ENDSEC;
END-ISO-10303-21;
