ISO-10303-21;
HEADER;
FILE_DESCRIPTION(('Open CASCADE Model'),'2;1');
FILE_NAME('Open CASCADE Shape Model','2026-09-06T14:11:01',('Author'),(
    'Open CASCADE'),'Open CASCADE STEP processor 7.7','Open CASCADE 7.7'
  ,'Unknown');
FILE_SCHEMA(('AUTOMOTIVE_DESIGN { 1 0 10303 214 1 1 1 1 }'));
ENDSEC;
DATA;
#1 = APPLICATION_PROTOCOL_DEFINITION('international standard',
  'automotive_design',2000,#2);
#2 = APPLICATION_CONTEXT(
  'core data for automotive mechanical design processes');
#3 = SHAPE_DEFINITION_REPRESENTATION(#4,#10);
#4 = PRODUCT_DEFINITION_SHAPE('','',#5);
#5 = PRODUCT_DEFINITION('design','',#6,#9);
#6 = PRODUCT_DEFINITION_FORMATION('','',#7);
#7 = PRODUCT('Open CASCADE STEP translator 7.7 18',
  'Open CASCADE STEP translator 7.7 18','',(#8));
#8 = PRODUCT_CONTEXT('',#2,'mechanical');
#9 = PRODUCT_DEFINITION_CONTEXT('part definition',#2,'design');
#10 = ADVANCED_BREP_SHAPE_REPRESENTATION('',(#11,#15),#17318);
#11 = AXIS2_PLACEMENT_3D('',#12,#13,#14);
#12 = CARTESIAN_POINT('',(0.,0.,0.));
#13 = DIRECTION('',(0.,0.,1.));
#14 = DIRECTION('',(1.,0.,-0.));
#15 = MANIFOLD_SOLID_BREP('',#16);
#16 = CLOSED_SHELL('',(#17,#137,#6188,#6238,#6292,#6417,#6444,#6471,
    #6498,#6525,#6532,#6608,#6657,#6706,#6755,#6804,#6853,#6902,#6929,
    #7005,#7054,#7103,#7152,#7201,#7250,#7299,#7348,#7397,#7446,#7495,
    #7544,#7593,#7642,#7691,#7740,#7789,#7838,#7887,#7936,#7963,#8039,
    #8088,#8137,#8164,#8240,#8289,#8338,#8387,#8436,#8485,#8534,#8583,
    #8632,#8681,#8730,#8779,#8828,#8877,#8926,#8953,#9029,#9078,#9127,
    #9176,#9225,#9274,#9323,#9350,#9426,#9475,#9524,#9573,#9622,#9671,
    #9720,#9769,#9818,#9867,#9916,#9965,#10014,#10063,#10112,#10161,
    #10210,#10259,#10308,#10357,#10406,#10455,#10504,#10553,#10602,
    #10651,#10700,#10727,#10803,#10852,#10901,#10928,#11004,#11053,
    #11102,#11151,#11200,#11249,#11298,#11347,#11396,#11445,#11494,
    #11543,#11592,#11641,#11690,#11739,#11788,#11837,#11886,#11935,
    #11962,#12038,#12087,#12136,#12185,#12234,#12283,#12332,#12359,
    #12435,#12484,#12533,#12560,#12636,#12685,#12734,#12783,#12832,
    #12881,#12930,#12979,#13028,#13077,#13104,#13180,#13229,#13278,
    #13327,#13376,#13425,#13474,#13501,#13577,#13732,#13867,#13894,
    #13970,#14125,#14260,#14287,#14363,#14518,#14653,#14680,#14691,
    #14715,#14722,#14983,#14994,#15025,#15032,#15056,#15067,#15074,
    #15174,#15547,#15554,#15601,#15628,#15655,#15662,#15669,#15716,
    #15743,#15770,#15777,#15784,#15831,#15858,#15885,#15892,#15977,
    #16047,#16111,#16169,#16227,#16291,#16355,#16391,#16465,#16512,
    #16537,#16628,#16686,#16750,#16814,#16872,#16936,#17000,#17058,
    #17122,#17186,#17244,#17286,#17297,#17303));
#17 = ADVANCED_FACE('',(#18),#32,.F.);
#18 = FACE_BOUND('',#19,.F.);
#19 = EDGE_LOOP('',(#20,#55,#83,#111));
#20 = ORIENTED_EDGE('',*,*,#21,.F.);
#21 = EDGE_CURVE('',#22,#24,#26,.T.);
#22 = VERTEX_POINT('',#23);
#23 = CARTESIAN_POINT('',(0.,4.,4.));
#24 = VERTEX_POINT('',#25);
#25 = CARTESIAN_POINT('',(0.,26.,4.));
#26 = SURFACE_CURVE('',#27,(#31,#43),.PCURVE_S1.);
#27 = LINE('',#28,#29);
#28 = CARTESIAN_POINT('',(0.,0.,4.));
#29 = VECTOR('',#30,1.);
#30 = DIRECTION('',(0.,1.,0.));
#31 = PCURVE('',#32,#37);
#32 = PLANE('',#33);
#33 = AXIS2_PLACEMENT_3D('',#34,#35,#36);
#34 = CARTESIAN_POINT('',(0.,0.,0.));
#35 = DIRECTION('',(1.,0.,0.));
#36 = DIRECTION('',(0.,0.,1.));
#37 = DEFINITIONAL_REPRESENTATION('',(#38),#42);
#38 = LINE('',#39,#40);
#39 = CARTESIAN_POINT('',(4.,0.));
#40 = VECTOR('',#41,1.);
#41 = DIRECTION('',(0.,-1.));
#42 = ( GEOMETRIC_REPRESENTATION_CONTEXT(2) 
PARAMETRIC_REPRESENTATION_CONTEXT() REPRESENTATION_CONTEXT('2D SPACE',''
  ) );
#43 = PCURVE('',#44,#49);
#44 = PLANE('',#45);
#45 = AXIS2_PLACEMENT_3D('',#46,#47,#48);
#46 = CARTESIAN_POINT('',(0.,0.,4.));
#47 = DIRECTION('',(0.,0.,1.));
#48 = DIRECTION('',(1.,0.,0.));
#49 = DEFINITIONAL_REPRESENTATION('',(#50),#54);
#50 = LINE('',#51,#52);
#51 = CARTESIAN_POINT('',(0.,0.));
#52 = VECTOR('',#53,1.);
#53 = DIRECTION('',(0.,1.));
#54 = ( GEOMETRIC_REPRESENTATION_CONTEXT(2) 
PARAMETRIC_REPRESENTATION_CONTEXT() REPRESENTATION_CONTEXT('2D SPACE',''
  ) );
#55 = ORIENTED_EDGE('',*,*,#56,.F.);
#56 = EDGE_CURVE('',#57,#22,#59,.T.);
#57 = VERTEX_POINT('',#58);
#58 = CARTESIAN_POINT('',(0.,4.,0.));
#59 = SURFACE_CURVE('',#60,(#64,#71),.PCURVE_S1.);
#60 = LINE('',#61,#62);
#61 = CARTESIAN_POINT('',(0.,4.,0.));
#62 = VECTOR('',#63,1.);
#63 = DIRECTION('',(0.,0.,1.));
#64 = PCURVE('',#32,#65);
#65 = DEFINITIONAL_REPRESENTATION('',(#66),#70);
#66 = LINE('',#67,#68);
#67 = CARTESIAN_POINT('',(0.,-4.));
#68 = VECTOR('',#69,1.);
#69 = DIRECTION('',(1.,0.));
#70 = ( GEOMETRIC_REPRESENTATION_CONTEXT(2) 
PARAMETRIC_REPRESENTATION_CONTEXT() REPRESENTATION_CONTEXT('2D SPACE',''
  ) );
#71 = PCURVE('',#72,#77);
#72 = CYLINDRICAL_SURFACE('',#73,4.);
#73 = AXIS2_PLACEMENT_3D('',#74,#75,#76);
#74 = CARTESIAN_POINT('',(4.,4.,0.));
#75 = DIRECTION('',(0.,0.,1.));
#76 = DIRECTION('',(-1.,-0.,0.));
#77 = DEFINITIONAL_REPRESENTATION('',(#78),#82);
#78 = LINE('',#79,#80);
#79 = CARTESIAN_POINT('',(0.,0.));
#80 = VECTOR('',#81,1.);
#81 = DIRECTION('',(0.,1.));
#82 = ( GEOMETRIC_REPRESENTATION_CONTEXT(2) 
PARAMETRIC_REPRESENTATION_CONTEXT() REPRESENTATION_CONTEXT('2D SPACE',''
  ) );
#83 = ORIENTED_EDGE('',*,*,#84,.T.);
#84 = EDGE_CURVE('',#57,#85,#87,.T.);
#85 = VERTEX_POINT('',#86);
#86 = CARTESIAN_POINT('',(0.,26.,0.));
#87 = SURFACE_CURVE('',#88,(#92,#99),.PCURVE_S1.);
#88 = LINE('',#89,#90);
#89 = CARTESIAN_POINT('',(0.,0.,0.));
#90 = VECTOR('',#91,1.);
#91 = DIRECTION('',(0.,1.,0.));
#92 = PCURVE('',#32,#93);
#93 = DEFINITIONAL_REPRESENTATION('',(#94),#98);
#94 = LINE('',#95,#96);
#95 = CARTESIAN_POINT('',(0.,0.));
#96 = VECTOR('',#97,1.);
#97 = DIRECTION('',(0.,-1.));
#98 = ( GEOMETRIC_REPRESENTATION_CONTEXT(2) 
PARAMETRIC_REPRESENTATION_CONTEXT() REPRESENTATION_CONTEXT('2D SPACE',''
  ) );
#99 = PCURVE('',#100,#105);
#100 = PLANE('',#101);
#101 = AXIS2_PLACEMENT_3D('',#102,#103,#104);
#102 = CARTESIAN_POINT('',(0.,0.,0.));
#103 = DIRECTION('',(0.,0.,1.));
#104 = DIRECTION('',(1.,0.,0.));
#105 = DEFINITIONAL_REPRESENTATION('',(#106),#110);
#106 = LINE('',#107,#108);
#107 = CARTESIAN_POINT('',(0.,0.));
#108 = VECTOR('',#109,1.);
#109 = DIRECTION('',(0.,1.));
#110 = ( GEOMETRIC_REPRESENTATION_CONTEXT(2) 
PARAMETRIC_REPRESENTATION_CONTEXT() REPRESENTATION_CONTEXT('2D SPACE',''
  ) );
#111 = ORIENTED_EDGE('',*,*,#112,.T.);
#112 = EDGE_CURVE('',#85,#24,#113,.T.);
#113 = SURFACE_CURVE('',#114,(#118,#125),.PCURVE_S1.);
#114 = LINE('',#115,#116);
#115 = CARTESIAN_POINT('',(0.,26.,0.));
#116 = VECTOR('',#117,1.);
#117 = DIRECTION('',(0.,0.,1.));
#118 = PCURVE('',#32,#119);
#119 = DEFINITIONAL_REPRESENTATION('',(#120),#124);
#120 = LINE('',#121,#122);
#121 = CARTESIAN_POINT('',(0.,-26.));
#122 = VECTOR('',#123,1.);
#123 = DIRECTION('',(1.,0.));
#124 = ( GEOMETRIC_REPRESENTATION_CONTEXT(2) 
PARAMETRIC_REPRESENTATION_CONTEXT() REPRESENTATION_CONTEXT('2D SPACE',''
  ) );
#125 = PCURVE('',#126,#131);
#126 = CYLINDRICAL_SURFACE('',#127,4.);
#127 = AXIS2_PLACEMENT_3D('',#128,#129,#130);
#128 = CARTESIAN_POINT('',(4.,26.,0.));
#129 = DIRECTION('',(0.,0.,1.));
#130 = DIRECTION('',(-1.,-0.,0.));
#131 = DEFINITIONAL_REPRESENTATION('',(#132),#136);
#132 = LINE('',#133,#134);
#133 = CARTESIAN_POINT('',(-0.,0.));
#134 = VECTOR('',#135,1.);
#135 = DIRECTION('',(-0.,1.));
#136 = ( GEOMETRIC_REPRESENTATION_CONTEXT(2) 
PARAMETRIC_REPRESENTATION_CONTEXT() REPRESENTATION_CONTEXT('2D SPACE',''
  ) );
#137 = ADVANCED_FACE('',(#138,#337,#547,#1457,#1563,#2338,#2548,#3792,
    #3898,#4808,#5018,#5124,#5412,#5846,#5960,#6074),#44,.T.);
#138 = FACE_BOUND('',#139,.T.);
#139 = EDGE_LOOP('',(#140,#141,#165,#193,#226,#254,#283,#311));
#140 = ORIENTED_EDGE('',*,*,#21,.F.);
#141 = ORIENTED_EDGE('',*,*,#142,.T.);
#142 = EDGE_CURVE('',#22,#143,#145,.T.);
#143 = VERTEX_POINT('',#144);
#144 = CARTESIAN_POINT('',(4.,0.,4.));
#145 = SURFACE_CURVE('',#146,(#151,#158),.PCURVE_S1.);
#146 = CIRCLE('',#147,4.);
#147 = AXIS2_PLACEMENT_3D('',#148,#149,#150);
#148 = CARTESIAN_POINT('',(4.,4.,4.));
#149 = DIRECTION('',(0.,0.,1.));
#150 = DIRECTION('',(0.,-1.,0.));
#151 = PCURVE('',#44,#152);
#152 = DEFINITIONAL_REPRESENTATION('',(#153),#157);
#153 = CIRCLE('',#154,4.);
#154 = AXIS2_PLACEMENT_2D('',#155,#156);
#155 = CARTESIAN_POINT('',(4.,4.));
#156 = DIRECTION('',(0.,-1.));
#157 = ( GEOMETRIC_REPRESENTATION_CONTEXT(2) 
PARAMETRIC_REPRESENTATION_CONTEXT() REPRESENTATION_CONTEXT('2D SPACE',''
  ) );
#158 = PCURVE('',#72,#159);
#159 = DEFINITIONAL_REPRESENTATION('',(#160),#164);
#160 = LINE('',#161,#162);
#161 = CARTESIAN_POINT('',(-4.712388980385,4.));
#162 = VECTOR('',#163,1.);
#163 = DIRECTION('',(1.,0.));
#164 = ( GEOMETRIC_REPRESENTATION_CONTEXT(2) 
PARAMETRIC_REPRESENTATION_CONTEXT() REPRESENTATION_CONTEXT('2D SPACE',''
  ) );
#165 = ORIENTED_EDGE('',*,*,#166,.T.);
#166 = EDGE_CURVE('',#143,#167,#169,.T.);
#167 = VERTEX_POINT('',#168);
#168 = CARTESIAN_POINT('',(80.,0.,4.));
#169 = SURFACE_CURVE('',#170,(#174,#181),.PCURVE_S1.);
#170 = LINE('',#171,#172);
#171 = CARTESIAN_POINT('',(0.,0.,4.));
#172 = VECTOR('',#173,1.);
#173 = DIRECTION('',(1.,0.,0.));
#174 = PCURVE('',#44,#175);
#175 = DEFINITIONAL_REPRESENTATION('',(#176),#180);
#176 = LINE('',#177,#178);
#177 = CARTESIAN_POINT('',(0.,0.));
#178 = VECTOR('',#179,1.);
#179 = DIRECTION('',(1.,0.));
#180 = ( GEOMETRIC_REPRESENTATION_CONTEXT(2) 
PARAMETRIC_REPRESENTATION_CONTEXT() REPRESENTATION_CONTEXT('2D SPACE',''
  ) );
#181 = PCURVE('',#182,#187);
#182 = PLANE('',#183);
#183 = AXIS2_PLACEMENT_3D('',#184,#185,#186);
#184 = CARTESIAN_POINT('',(0.,0.,0.));
#185 = DIRECTION('',(0.,1.,0.));
#186 = DIRECTION('',(0.,0.,1.));
#187 = DEFINITIONAL_REPRESENTATION('',(#188),#192);
#188 = LINE('',#189,#190);
#189 = CARTESIAN_POINT('',(4.,0.));
#190 = VECTOR('',#191,1.);
#191 = DIRECTION('',(0.,1.));
#192 = ( GEOMETRIC_REPRESENTATION_CONTEXT(2) 
PARAMETRIC_REPRESENTATION_CONTEXT() REPRESENTATION_CONTEXT('2D SPACE',''
  ) );
#193 = ORIENTED_EDGE('',*,*,#194,.F.);
#194 = EDGE_CURVE('',#195,#167,#197,.T.);
#195 = VERTEX_POINT('',#196);
#196 = CARTESIAN_POINT('',(84.,4.,4.));
#197 = SURFACE_CURVE('',#198,(#203,#214),.PCURVE_S1.);
#198 = CIRCLE('',#199,4.);
#199 = AXIS2_PLACEMENT_3D('',#200,#201,#202);
#200 = CARTESIAN_POINT('',(80.,4.,4.));
#201 = DIRECTION('',(-0.,-0.,-1.));
#202 = DIRECTION('',(0.,-1.,0.));
#203 = PCURVE('',#44,#204);
#204 = DEFINITIONAL_REPRESENTATION('',(#205),#213);
#205 = ( BOUNDED_CURVE() B_SPLINE_CURVE(2,(#206,#207,#208,#209,#210,#211
,#212),.UNSPECIFIED.,.T.,.F.) B_SPLINE_CURVE_WITH_KNOTS((1,2,2,2,2,1),(
    -2.094395102393,0.,2.094395102393,4.188790204786,6.28318530718,
8.377580409573),.UNSPECIFIED.) CURVE() GEOMETRIC_REPRESENTATION_ITEM() 
RATIONAL_B_SPLINE_CURVE((1.,0.5,1.,0.5,1.,0.5,1.)) REPRESENTATION_ITEM(
  '') );
#206 = CARTESIAN_POINT('',(80.,0.));
#207 = CARTESIAN_POINT('',(73.071796769725,0.));
#208 = CARTESIAN_POINT('',(76.535898384862,6.));
#209 = CARTESIAN_POINT('',(80.,12.));
#210 = CARTESIAN_POINT('',(83.464101615138,6.));
#211 = CARTESIAN_POINT('',(86.928203230276,6.217248937901E-15));
#212 = CARTESIAN_POINT('',(80.,0.));
#213 = ( GEOMETRIC_REPRESENTATION_CONTEXT(2) 
PARAMETRIC_REPRESENTATION_CONTEXT() REPRESENTATION_CONTEXT('2D SPACE',''
  ) );
#214 = PCURVE('',#215,#220);
#215 = CYLINDRICAL_SURFACE('',#216,4.);
#216 = AXIS2_PLACEMENT_3D('',#217,#218,#219);
#217 = CARTESIAN_POINT('',(80.,4.,0.));
#218 = DIRECTION('',(0.,0.,1.));
#219 = DIRECTION('',(1.,0.,-0.));
#220 = DEFINITIONAL_REPRESENTATION('',(#221),#225);
#221 = LINE('',#222,#223);
#222 = CARTESIAN_POINT('',(4.712388980385,4.));
#223 = VECTOR('',#224,1.);
#224 = DIRECTION('',(-1.,0.));
#225 = ( GEOMETRIC_REPRESENTATION_CONTEXT(2) 
PARAMETRIC_REPRESENTATION_CONTEXT() REPRESENTATION_CONTEXT('2D SPACE',''
  ) );
#226 = ORIENTED_EDGE('',*,*,#227,.T.);
#227 = EDGE_CURVE('',#195,#228,#230,.T.);
#228 = VERTEX_POINT('',#229);
#229 = CARTESIAN_POINT('',(84.,26.,4.));
#230 = SURFACE_CURVE('',#231,(#235,#242),.PCURVE_S1.);
#231 = LINE('',#232,#233);
#232 = CARTESIAN_POINT('',(84.,0.,4.));
#233 = VECTOR('',#234,1.);
#234 = DIRECTION('',(0.,1.,0.));
#235 = PCURVE('',#44,#236);
#236 = DEFINITIONAL_REPRESENTATION('',(#237),#241);
#237 = LINE('',#238,#239);
#238 = CARTESIAN_POINT('',(84.,0.));
#239 = VECTOR('',#240,1.);
#240 = DIRECTION('',(0.,1.));
#241 = ( GEOMETRIC_REPRESENTATION_CONTEXT(2) 
PARAMETRIC_REPRESENTATION_CONTEXT() REPRESENTATION_CONTEXT('2D SPACE',''
  ) );
#242 = PCURVE('',#243,#248);
#243 = PLANE('',#244);
#244 = AXIS2_PLACEMENT_3D('',#245,#246,#247);
#245 = CARTESIAN_POINT('',(84.,0.,0.));
#246 = DIRECTION('',(1.,0.,0.));
#247 = DIRECTION('',(0.,0.,1.));
#248 = DEFINITIONAL_REPRESENTATION('',(#249),#253);
#249 = LINE('',#250,#251);
#250 = CARTESIAN_POINT('',(4.,0.));
#251 = VECTOR('',#252,1.);
#252 = DIRECTION('',(0.,-1.));
#253 = ( GEOMETRIC_REPRESENTATION_CONTEXT(2) 
PARAMETRIC_REPRESENTATION_CONTEXT() REPRESENTATION_CONTEXT('2D SPACE',''
  ) );
#254 = ORIENTED_EDGE('',*,*,#255,.T.);
#255 = EDGE_CURVE('',#228,#256,#258,.T.);
#256 = VERTEX_POINT('',#257);
#257 = CARTESIAN_POINT('',(80.,30.,4.));
#258 = SURFACE_CURVE('',#259,(#264,#271),.PCURVE_S1.);
#259 = CIRCLE('',#260,4.);
#260 = AXIS2_PLACEMENT_3D('',#261,#262,#263);
#261 = CARTESIAN_POINT('',(80.,26.,4.));
#262 = DIRECTION('',(0.,0.,1.));
#263 = DIRECTION('',(0.,-1.,0.));
#264 = PCURVE('',#44,#265);
#265 = DEFINITIONAL_REPRESENTATION('',(#266),#270);
#266 = CIRCLE('',#267,4.);
#267 = AXIS2_PLACEMENT_2D('',#268,#269);
#268 = CARTESIAN_POINT('',(80.,26.));
#269 = DIRECTION('',(0.,-1.));
#270 = ( GEOMETRIC_REPRESENTATION_CONTEXT(2) 
PARAMETRIC_REPRESENTATION_CONTEXT() REPRESENTATION_CONTEXT('2D SPACE',''
  ) );
#271 = PCURVE('',#272,#277);
#272 = CYLINDRICAL_SURFACE('',#273,4.);
#273 = AXIS2_PLACEMENT_3D('',#274,#275,#276);
#274 = CARTESIAN_POINT('',(80.,26.,0.));
#275 = DIRECTION('',(0.,0.,1.));
#276 = DIRECTION('',(1.,0.,-0.));
#277 = DEFINITIONAL_REPRESENTATION('',(#278),#282);
#278 = LINE('',#279,#280);
#279 = CARTESIAN_POINT('',(-1.570796326795,4.));
#280 = VECTOR('',#281,1.);
#281 = DIRECTION('',(1.,0.));
#282 = ( GEOMETRIC_REPRESENTATION_CONTEXT(2) 
PARAMETRIC_REPRESENTATION_CONTEXT() REPRESENTATION_CONTEXT('2D SPACE',''
  ) );
#283 = ORIENTED_EDGE('',*,*,#284,.F.);
#284 = EDGE_CURVE('',#285,#256,#287,.T.);
#285 = VERTEX_POINT('',#286);
#286 = CARTESIAN_POINT('',(4.,30.,4.));
#287 = SURFACE_CURVE('',#288,(#292,#299),.PCURVE_S1.);
#288 = LINE('',#289,#290);
#289 = CARTESIAN_POINT('',(0.,30.,4.));
#290 = VECTOR('',#291,1.);
#291 = DIRECTION('',(1.,0.,0.));
#292 = PCURVE('',#44,#293);
#293 = DEFINITIONAL_REPRESENTATION('',(#294),#298);
#294 = LINE('',#295,#296);
#295 = CARTESIAN_POINT('',(0.,30.));
#296 = VECTOR('',#297,1.);
#297 = DIRECTION('',(1.,0.));
#298 = ( GEOMETRIC_REPRESENTATION_CONTEXT(2) 
PARAMETRIC_REPRESENTATION_CONTEXT() REPRESENTATION_CONTEXT('2D SPACE',''
  ) );
#299 = PCURVE('',#300,#305);
#300 = PLANE('',#301);
#301 = AXIS2_PLACEMENT_3D('',#302,#303,#304);
#302 = CARTESIAN_POINT('',(0.,30.,0.));
#303 = DIRECTION('',(0.,1.,0.));
#304 = DIRECTION('',(0.,0.,1.));
#305 = DEFINITIONAL_REPRESENTATION('',(#306),#310);
#306 = LINE('',#307,#308);
#307 = CARTESIAN_POINT('',(4.,0.));
#308 = VECTOR('',#309,1.);
#309 = DIRECTION('',(0.,1.));
#310 = ( GEOMETRIC_REPRESENTATION_CONTEXT(2) 
PARAMETRIC_REPRESENTATION_CONTEXT() REPRESENTATION_CONTEXT('2D SPACE',''
  ) );
#311 = ORIENTED_EDGE('',*,*,#312,.F.);
#312 = EDGE_CURVE('',#24,#285,#313,.T.);
#313 = SURFACE_CURVE('',#314,(#319,#330),.PCURVE_S1.);
#314 = CIRCLE('',#315,4.);
#315 = AXIS2_PLACEMENT_3D('',#316,#317,#318);
#316 = CARTESIAN_POINT('',(4.,26.,4.));
#317 = DIRECTION('',(-0.,-0.,-1.));
#318 = DIRECTION('',(0.,-1.,0.));
#319 = PCURVE('',#44,#320);
#320 = DEFINITIONAL_REPRESENTATION('',(#321),#329);
#321 = ( BOUNDED_CURVE() B_SPLINE_CURVE(2,(#322,#323,#324,#325,#326,#327
,#328),.UNSPECIFIED.,.T.,.F.) B_SPLINE_CURVE_WITH_KNOTS((1,2,2,2,2,1),(
    -2.094395102393,0.,2.094395102393,4.188790204786,6.28318530718,
8.377580409573),.UNSPECIFIED.) CURVE() GEOMETRIC_REPRESENTATION_ITEM() 
RATIONAL_B_SPLINE_CURVE((1.,0.5,1.,0.5,1.,0.5,1.)) REPRESENTATION_ITEM(
  '') );
#322 = CARTESIAN_POINT('',(4.,22.));
#323 = CARTESIAN_POINT('',(-2.928203230276,22.));
#324 = CARTESIAN_POINT('',(0.535898384862,28.));
#325 = CARTESIAN_POINT('',(4.,34.));
#326 = CARTESIAN_POINT('',(7.464101615138,28.));
#327 = CARTESIAN_POINT('',(10.928203230276,22.));
#328 = CARTESIAN_POINT('',(4.,22.));
#329 = ( GEOMETRIC_REPRESENTATION_CONTEXT(2) 
PARAMETRIC_REPRESENTATION_CONTEXT() REPRESENTATION_CONTEXT('2D SPACE',''
  ) );
#330 = PCURVE('',#126,#331);
#331 = DEFINITIONAL_REPRESENTATION('',(#332),#336);
#332 = LINE('',#333,#334);
#333 = CARTESIAN_POINT('',(1.570796326795,4.));
#334 = VECTOR('',#335,1.);
#335 = DIRECTION('',(-1.,0.));
#336 = ( GEOMETRIC_REPRESENTATION_CONTEXT(2) 
PARAMETRIC_REPRESENTATION_CONTEXT() REPRESENTATION_CONTEXT('2D SPACE',''
  ) );
#337 = FACE_BOUND('',#338,.T.);
#338 = EDGE_LOOP('',(#339,#367,#393,#419,#445,#471,#497,#523));
#339 = ORIENTED_EDGE('',*,*,#340,.F.);
#340 = EDGE_CURVE('',#341,#343,#345,.T.);
#341 = VERTEX_POINT('',#342);
#342 = CARTESIAN_POINT('',(16.546875,3.94296875,4.));
#343 = VERTEX_POINT('',#344);
#344 = CARTESIAN_POINT('',(17.009375,3.94296875,4.));
#345 = SURFACE_CURVE('',#346,(#350,#356),.PCURVE_S1.);
#346 = LINE('',#347,#348);
#347 = CARTESIAN_POINT('',(8.5046875,3.94296875,4.));
#348 = VECTOR('',#349,1.);
#349 = DIRECTION('',(1.,0.,-0.));
#350 = PCURVE('',#44,#351);
#351 = DEFINITIONAL_REPRESENTATION('',(#352),#355);
#352 = B_SPLINE_CURVE_WITH_KNOTS('',1,(#353,#354),.UNSPECIFIED.,.F.,.F.,
  (2,2),(8.0421875,8.5046875),.PIECEWISE_BEZIER_KNOTS.);
#353 = CARTESIAN_POINT('',(16.546875,3.94296875));
#354 = CARTESIAN_POINT('',(17.009375,3.94296875));
#355 = ( GEOMETRIC_REPRESENTATION_CONTEXT(2) 
PARAMETRIC_REPRESENTATION_CONTEXT() REPRESENTATION_CONTEXT('2D SPACE',''
  ) );
#356 = PCURVE('',#357,#362);
#357 = PLANE('',#358);
#358 = AXIS2_PLACEMENT_3D('',#359,#360,#361);
#359 = CARTESIAN_POINT('',(17.009375,3.94296875,3.95));
#360 = DIRECTION('',(0.,-1.,0.));
#361 = DIRECTION('',(-1.,0.,0.));
#362 = DEFINITIONAL_REPRESENTATION('',(#363),#366);
#363 = B_SPLINE_CURVE_WITH_KNOTS('',1,(#364,#365),.UNSPECIFIED.,.F.,.F.,
  (2,2),(8.0421875,8.5046875),.PIECEWISE_BEZIER_KNOTS.);
#364 = CARTESIAN_POINT('',(0.4625,-5.E-02));
#365 = CARTESIAN_POINT('',(0.,-5.E-02));
#366 = ( GEOMETRIC_REPRESENTATION_CONTEXT(2) 
PARAMETRIC_REPRESENTATION_CONTEXT() REPRESENTATION_CONTEXT('2D SPACE',''
  ) );
#367 = ORIENTED_EDGE('',*,*,#368,.F.);
#368 = EDGE_CURVE('',#369,#341,#371,.T.);
#369 = VERTEX_POINT('',#370);
#370 = CARTESIAN_POINT('',(16.546875,5.84609375,4.));
#371 = SURFACE_CURVE('',#372,(#376,#382),.PCURVE_S1.);
#372 = LINE('',#373,#374);
#373 = CARTESIAN_POINT('',(16.546875,1.971484375,4.));
#374 = VECTOR('',#375,1.);
#375 = DIRECTION('',(0.,-1.,0.));
#376 = PCURVE('',#44,#377);
#377 = DEFINITIONAL_REPRESENTATION('',(#378),#381);
#378 = B_SPLINE_CURVE_WITH_KNOTS('',1,(#379,#380),.UNSPECIFIED.,.F.,.F.,
  (2,2),(-3.874609375,-1.971484375),.PIECEWISE_BEZIER_KNOTS.);
#379 = CARTESIAN_POINT('',(16.546875,5.84609375));
#380 = CARTESIAN_POINT('',(16.546875,3.94296875));
#381 = ( GEOMETRIC_REPRESENTATION_CONTEXT(2) 
PARAMETRIC_REPRESENTATION_CONTEXT() REPRESENTATION_CONTEXT('2D SPACE',''
  ) );
#382 = PCURVE('',#383,#388);
#383 = PLANE('',#384);
#384 = AXIS2_PLACEMENT_3D('',#385,#386,#387);
#385 = CARTESIAN_POINT('',(16.546875,3.94296875,3.95));
#386 = DIRECTION('',(-1.,0.,0.));
#387 = DIRECTION('',(0.,1.,0.));
#388 = DEFINITIONAL_REPRESENTATION('',(#389),#392);
#389 = B_SPLINE_CURVE_WITH_KNOTS('',1,(#390,#391),.UNSPECIFIED.,.F.,.F.,
  (2,2),(-3.874609375,-1.971484375),.PIECEWISE_BEZIER_KNOTS.);
#390 = CARTESIAN_POINT('',(1.903125,-5.E-02));
#391 = CARTESIAN_POINT('',(0.,-5.E-02));
#392 = ( GEOMETRIC_REPRESENTATION_CONTEXT(2) 
PARAMETRIC_REPRESENTATION_CONTEXT() REPRESENTATION_CONTEXT('2D SPACE',''
  ) );
#393 = ORIENTED_EDGE('',*,*,#394,.F.);
#394 = EDGE_CURVE('',#395,#369,#397,.T.);
#395 = VERTEX_POINT('',#396);
#396 = CARTESIAN_POINT('',(15.8671875,5.84609375,4.));
#397 = SURFACE_CURVE('',#398,(#402,#408),.PCURVE_S1.);
#398 = LINE('',#399,#400);
#399 = CARTESIAN_POINT('',(8.2734375,5.84609375,4.));
#400 = VECTOR('',#401,1.);
#401 = DIRECTION('',(1.,0.,-0.));
#402 = PCURVE('',#44,#403);
#403 = DEFINITIONAL_REPRESENTATION('',(#404),#407);
#404 = B_SPLINE_CURVE_WITH_KNOTS('',1,(#405,#406),.UNSPECIFIED.,.F.,.F.,
  (2,2),(7.59375,8.2734375),.PIECEWISE_BEZIER_KNOTS.);
#405 = CARTESIAN_POINT('',(15.8671875,5.84609375));
#406 = CARTESIAN_POINT('',(16.546875,5.84609375));
#407 = ( GEOMETRIC_REPRESENTATION_CONTEXT(2) 
PARAMETRIC_REPRESENTATION_CONTEXT() REPRESENTATION_CONTEXT('2D SPACE',''
  ) );
#408 = PCURVE('',#409,#414);
#409 = PLANE('',#410);
#410 = AXIS2_PLACEMENT_3D('',#411,#412,#413);
#411 = CARTESIAN_POINT('',(16.546875,5.84609375,3.95));
#412 = DIRECTION('',(0.,-1.,0.));
#413 = DIRECTION('',(-1.,0.,0.));
#414 = DEFINITIONAL_REPRESENTATION('',(#415),#418);
#415 = B_SPLINE_CURVE_WITH_KNOTS('',1,(#416,#417),.UNSPECIFIED.,.F.,.F.,
  (2,2),(7.59375,8.2734375),.PIECEWISE_BEZIER_KNOTS.);
#416 = CARTESIAN_POINT('',(0.6796875,-5.E-02));
#417 = CARTESIAN_POINT('',(0.,-5.E-02));
#418 = ( GEOMETRIC_REPRESENTATION_CONTEXT(2) 
PARAMETRIC_REPRESENTATION_CONTEXT() REPRESENTATION_CONTEXT('2D SPACE',''
  ) );
#419 = ORIENTED_EDGE('',*,*,#420,.F.);
#420 = EDGE_CURVE('',#421,#395,#423,.T.);
#421 = VERTEX_POINT('',#422);
#422 = CARTESIAN_POINT('',(15.8671875,6.23359375,4.));
#423 = SURFACE_CURVE('',#424,(#428,#434),.PCURVE_S1.);
#424 = LINE('',#425,#426);
#425 = CARTESIAN_POINT('',(15.8671875,2.923046875,4.));
#426 = VECTOR('',#427,1.);
#427 = DIRECTION('',(0.,-1.,0.));
#428 = PCURVE('',#44,#429);
#429 = DEFINITIONAL_REPRESENTATION('',(#430),#433);
#430 = B_SPLINE_CURVE_WITH_KNOTS('',1,(#431,#432),.UNSPECIFIED.,.F.,.F.,
  (2,2),(-3.310546875,-2.923046875),.PIECEWISE_BEZIER_KNOTS.);
#431 = CARTESIAN_POINT('',(15.8671875,6.23359375));
#432 = CARTESIAN_POINT('',(15.8671875,5.84609375));
#433 = ( GEOMETRIC_REPRESENTATION_CONTEXT(2) 
PARAMETRIC_REPRESENTATION_CONTEXT() REPRESENTATION_CONTEXT('2D SPACE',''
  ) );
#434 = PCURVE('',#435,#440);
#435 = PLANE('',#436);
#436 = AXIS2_PLACEMENT_3D('',#437,#438,#439);
#437 = CARTESIAN_POINT('',(15.8671875,5.84609375,3.95));
#438 = DIRECTION('',(-1.,0.,0.));
#439 = DIRECTION('',(0.,1.,0.));
#440 = DEFINITIONAL_REPRESENTATION('',(#441),#444);
#441 = B_SPLINE_CURVE_WITH_KNOTS('',1,(#442,#443),.UNSPECIFIED.,.F.,.F.,
  (2,2),(-3.310546875,-2.923046875),.PIECEWISE_BEZIER_KNOTS.);
#442 = CARTESIAN_POINT('',(0.3875,-5.E-02));
#443 = CARTESIAN_POINT('',(0.,-5.E-02));
#444 = ( GEOMETRIC_REPRESENTATION_CONTEXT(2) 
PARAMETRIC_REPRESENTATION_CONTEXT() REPRESENTATION_CONTEXT('2D SPACE',''
  ) );
#445 = ORIENTED_EDGE('',*,*,#446,.F.);
#446 = EDGE_CURVE('',#447,#421,#449,.T.);
#447 = VERTEX_POINT('',#448);
#448 = CARTESIAN_POINT('',(17.6875,6.23359375,4.));
#449 = SURFACE_CURVE('',#450,(#454,#460),.PCURVE_S1.);
#450 = LINE('',#451,#452);
#451 = CARTESIAN_POINT('',(7.93359375,6.23359375,4.));
#452 = VECTOR('',#453,1.);
#453 = DIRECTION('',(-1.,0.,0.));
#454 = PCURVE('',#44,#455);
#455 = DEFINITIONAL_REPRESENTATION('',(#456),#459);
#456 = B_SPLINE_CURVE_WITH_KNOTS('',1,(#457,#458),.UNSPECIFIED.,.F.,.F.,
  (2,2),(-9.75390625,-7.93359375),.PIECEWISE_BEZIER_KNOTS.);
#457 = CARTESIAN_POINT('',(17.6875,6.23359375));
#458 = CARTESIAN_POINT('',(15.8671875,6.23359375));
#459 = ( GEOMETRIC_REPRESENTATION_CONTEXT(2) 
PARAMETRIC_REPRESENTATION_CONTEXT() REPRESENTATION_CONTEXT('2D SPACE',''
  ) );
#460 = PCURVE('',#461,#466);
#461 = PLANE('',#462);
#462 = AXIS2_PLACEMENT_3D('',#463,#464,#465);
#463 = CARTESIAN_POINT('',(15.8671875,6.23359375,3.95));
#464 = DIRECTION('',(0.,1.,0.));
#465 = DIRECTION('',(1.,0.,0.));
#466 = DEFINITIONAL_REPRESENTATION('',(#467),#470);
#467 = B_SPLINE_CURVE_WITH_KNOTS('',1,(#468,#469),.UNSPECIFIED.,.F.,.F.,
  (2,2),(-9.75390625,-7.93359375),.PIECEWISE_BEZIER_KNOTS.);
#468 = CARTESIAN_POINT('',(1.8203125,-5.E-02));
#469 = CARTESIAN_POINT('',(0.,-5.E-02));
#470 = ( GEOMETRIC_REPRESENTATION_CONTEXT(2) 
PARAMETRIC_REPRESENTATION_CONTEXT() REPRESENTATION_CONTEXT('2D SPACE',''
  ) );
#471 = ORIENTED_EDGE('',*,*,#472,.F.);
#472 = EDGE_CURVE('',#473,#447,#475,.T.);
#473 = VERTEX_POINT('',#474);
#474 = CARTESIAN_POINT('',(17.6875,5.84609375,4.));
#475 = SURFACE_CURVE('',#476,(#480,#486),.PCURVE_S1.);
#476 = LINE('',#477,#478);
#477 = CARTESIAN_POINT('',(17.6875,3.116796875,4.));
#478 = VECTOR('',#479,1.);
#479 = DIRECTION('',(0.,1.,0.));
#480 = PCURVE('',#44,#481);
#481 = DEFINITIONAL_REPRESENTATION('',(#482),#485);
#482 = B_SPLINE_CURVE_WITH_KNOTS('',1,(#483,#484),.UNSPECIFIED.,.F.,.F.,
  (2,2),(2.729296875,3.116796875),.PIECEWISE_BEZIER_KNOTS.);
#483 = CARTESIAN_POINT('',(17.6875,5.84609375));
#484 = CARTESIAN_POINT('',(17.6875,6.23359375));
#485 = ( GEOMETRIC_REPRESENTATION_CONTEXT(2) 
PARAMETRIC_REPRESENTATION_CONTEXT() REPRESENTATION_CONTEXT('2D SPACE',''
  ) );
#486 = PCURVE('',#487,#492);
#487 = PLANE('',#488);
#488 = AXIS2_PLACEMENT_3D('',#489,#490,#491);
#489 = CARTESIAN_POINT('',(17.6875,6.23359375,3.95));
#490 = DIRECTION('',(1.,0.,0.));
#491 = DIRECTION('',(0.,-1.,0.));
#492 = DEFINITIONAL_REPRESENTATION('',(#493),#496);
#493 = B_SPLINE_CURVE_WITH_KNOTS('',1,(#494,#495),.UNSPECIFIED.,.F.,.F.,
  (2,2),(2.729296875,3.116796875),.PIECEWISE_BEZIER_KNOTS.);
#494 = CARTESIAN_POINT('',(0.3875,-5.E-02));
#495 = CARTESIAN_POINT('',(0.,-5.E-02));
#496 = ( GEOMETRIC_REPRESENTATION_CONTEXT(2) 
PARAMETRIC_REPRESENTATION_CONTEXT() REPRESENTATION_CONTEXT('2D SPACE',''
  ) );
#497 = ORIENTED_EDGE('',*,*,#498,.F.);
#498 = EDGE_CURVE('',#499,#473,#501,.T.);
#499 = VERTEX_POINT('',#500);
#500 = CARTESIAN_POINT('',(17.009375,5.84609375,4.));
#501 = SURFACE_CURVE('',#502,(#506,#512),.PCURVE_S1.);
#502 = LINE('',#503,#504);
#503 = CARTESIAN_POINT('',(8.84375,5.84609375,4.));
#504 = VECTOR('',#505,1.);
#505 = DIRECTION('',(1.,0.,-0.));
#506 = PCURVE('',#44,#507);
#507 = DEFINITIONAL_REPRESENTATION('',(#508),#511);
#508 = B_SPLINE_CURVE_WITH_KNOTS('',1,(#509,#510),.UNSPECIFIED.,.F.,.F.,
  (2,2),(8.165625,8.84375),.PIECEWISE_BEZIER_KNOTS.);
#509 = CARTESIAN_POINT('',(17.009375,5.84609375));
#510 = CARTESIAN_POINT('',(17.6875,5.84609375));
#511 = ( GEOMETRIC_REPRESENTATION_CONTEXT(2) 
PARAMETRIC_REPRESENTATION_CONTEXT() REPRESENTATION_CONTEXT('2D SPACE',''
  ) );
#512 = PCURVE('',#513,#518);
#513 = PLANE('',#514);
#514 = AXIS2_PLACEMENT_3D('',#515,#516,#517);
#515 = CARTESIAN_POINT('',(17.6875,5.84609375,3.95));
#516 = DIRECTION('',(0.,-1.,0.));
#517 = DIRECTION('',(-1.,0.,0.));
#518 = DEFINITIONAL_REPRESENTATION('',(#519),#522);
#519 = B_SPLINE_CURVE_WITH_KNOTS('',1,(#520,#521),.UNSPECIFIED.,.F.,.F.,
  (2,2),(8.165625,8.84375),.PIECEWISE_BEZIER_KNOTS.);
#520 = CARTESIAN_POINT('',(0.678125,-5.E-02));
#521 = CARTESIAN_POINT('',(0.,-5.E-02));
#522 = ( GEOMETRIC_REPRESENTATION_CONTEXT(2) 
PARAMETRIC_REPRESENTATION_CONTEXT() REPRESENTATION_CONTEXT('2D SPACE',''
  ) );
#523 = ORIENTED_EDGE('',*,*,#524,.F.);
#524 = EDGE_CURVE('',#343,#499,#525,.T.);
#525 = SURFACE_CURVE('',#526,(#530,#536),.PCURVE_S1.);
#526 = LINE('',#527,#528);
#527 = CARTESIAN_POINT('',(17.009375,2.923046875,4.));
#528 = VECTOR('',#529,1.);
#529 = DIRECTION('',(0.,1.,0.));
#530 = PCURVE('',#44,#531);
#531 = DEFINITIONAL_REPRESENTATION('',(#532),#535);
#532 = B_SPLINE_CURVE_WITH_KNOTS('',1,(#533,#534),.UNSPECIFIED.,.F.,.F.,
  (2,2),(1.019921875,2.923046875),.PIECEWISE_BEZIER_KNOTS.);
#533 = CARTESIAN_POINT('',(17.009375,3.94296875));
#534 = CARTESIAN_POINT('',(17.009375,5.84609375));
#535 = ( GEOMETRIC_REPRESENTATION_CONTEXT(2) 
PARAMETRIC_REPRESENTATION_CONTEXT() REPRESENTATION_CONTEXT('2D SPACE',''
  ) );
#536 = PCURVE('',#537,#542);
#537 = PLANE('',#538);
#538 = AXIS2_PLACEMENT_3D('',#539,#540,#541);
#539 = CARTESIAN_POINT('',(17.009375,5.84609375,3.95));
#540 = DIRECTION('',(1.,0.,0.));
#541 = DIRECTION('',(0.,-1.,0.));
#542 = DEFINITIONAL_REPRESENTATION('',(#543),#546);
#543 = B_SPLINE_CURVE_WITH_KNOTS('',1,(#544,#545),.UNSPECIFIED.,.F.,.F.,
  (2,2),(1.019921875,2.923046875),.PIECEWISE_BEZIER_KNOTS.);
#544 = CARTESIAN_POINT('',(1.903125,-5.E-02));
#545 = CARTESIAN_POINT('',(0.,-5.E-02));
#546 = ( GEOMETRIC_REPRESENTATION_CONTEXT(2) 
PARAMETRIC_REPRESENTATION_CONTEXT() REPRESENTATION_CONTEXT('2D SPACE',''
  ) );
#547 = FACE_BOUND('',#548,.T.);
#548 = EDGE_LOOP('',(#549,#577,#603,#629,#680,#725,#770,#809,#860,#911,
    #962,#1001,#1027,#1090,#1141,#1204,#1255,#1300,#1339,#1381,#1423));
#549 = ORIENTED_EDGE('',*,*,#550,.F.);
#550 = EDGE_CURVE('',#551,#553,#555,.T.);
#551 = VERTEX_POINT('',#552);
#552 = CARTESIAN_POINT('',(19.371875,4.35078125,4.));
#553 = VERTEX_POINT('',#554);
#554 = CARTESIAN_POINT('',(18.5,4.35078125,4.));
#555 = SURFACE_CURVE('',#556,(#560,#566),.PCURVE_S1.);
#556 = LINE('',#557,#558);
#557 = CARTESIAN_POINT('',(9.25,4.35078125,4.));
#558 = VECTOR('',#559,1.);
#559 = DIRECTION('',(-1.,0.,0.));
#560 = PCURVE('',#44,#561);
#561 = DEFINITIONAL_REPRESENTATION('',(#562),#565);
#562 = B_SPLINE_CURVE_WITH_KNOTS('',1,(#563,#564),.UNSPECIFIED.,.F.,.F.,
  (2,2),(-10.121875,-9.25),.PIECEWISE_BEZIER_KNOTS.);
#563 = CARTESIAN_POINT('',(19.371875,4.35078125));
#564 = CARTESIAN_POINT('',(18.5,4.35078125));
#565 = ( GEOMETRIC_REPRESENTATION_CONTEXT(2) 
PARAMETRIC_REPRESENTATION_CONTEXT() REPRESENTATION_CONTEXT('2D SPACE',''
  ) );
#566 = PCURVE('',#567,#572);
#567 = PLANE('',#568);
#568 = AXIS2_PLACEMENT_3D('',#569,#570,#571);
#569 = CARTESIAN_POINT('',(18.5,4.35078125,3.95));
#570 = DIRECTION('',(0.,1.,0.));
#571 = DIRECTION('',(1.,0.,0.));
#572 = DEFINITIONAL_REPRESENTATION('',(#573),#576);
#573 = B_SPLINE_CURVE_WITH_KNOTS('',1,(#574,#575),.UNSPECIFIED.,.F.,.F.,
  (2,2),(-10.121875,-9.25),.PIECEWISE_BEZIER_KNOTS.);
#574 = CARTESIAN_POINT('',(0.871875,-5.E-02));
#575 = CARTESIAN_POINT('',(0.,-5.E-02));
#576 = ( GEOMETRIC_REPRESENTATION_CONTEXT(2) 
PARAMETRIC_REPRESENTATION_CONTEXT() REPRESENTATION_CONTEXT('2D SPACE',''
  ) );
#577 = ORIENTED_EDGE('',*,*,#578,.F.);
#578 = EDGE_CURVE('',#579,#551,#581,.T.);
#579 = VERTEX_POINT('',#580);
#580 = CARTESIAN_POINT('',(19.371875,3.94296875,4.));
#581 = SURFACE_CURVE('',#582,(#586,#592),.PCURVE_S1.);
#582 = LINE('',#583,#584);
#583 = CARTESIAN_POINT('',(19.371875,2.175390625,4.));
#584 = VECTOR('',#585,1.);
#585 = DIRECTION('',(0.,1.,0.));
#586 = PCURVE('',#44,#587);
#587 = DEFINITIONAL_REPRESENTATION('',(#588),#591);
#588 = B_SPLINE_CURVE_WITH_KNOTS('',1,(#589,#590),.UNSPECIFIED.,.F.,.F.,
  (2,2),(1.767578125,2.175390625),.PIECEWISE_BEZIER_KNOTS.);
#589 = CARTESIAN_POINT('',(19.371875,3.94296875));
#590 = CARTESIAN_POINT('',(19.371875,4.35078125));
#591 = ( GEOMETRIC_REPRESENTATION_CONTEXT(2) 
PARAMETRIC_REPRESENTATION_CONTEXT() REPRESENTATION_CONTEXT('2D SPACE',''
  ) );
#592 = PCURVE('',#593,#598);
#593 = PLANE('',#594);
#594 = AXIS2_PLACEMENT_3D('',#595,#596,#597);
#595 = CARTESIAN_POINT('',(19.371875,4.35078125,3.95));
#596 = DIRECTION('',(1.,0.,0.));
#597 = DIRECTION('',(0.,-1.,0.));
#598 = DEFINITIONAL_REPRESENTATION('',(#599),#602);
#599 = B_SPLINE_CURVE_WITH_KNOTS('',1,(#600,#601),.UNSPECIFIED.,.F.,.F.,
  (2,2),(1.767578125,2.175390625),.PIECEWISE_BEZIER_KNOTS.);
#600 = CARTESIAN_POINT('',(0.4078125,-5.E-02));
#601 = CARTESIAN_POINT('',(0.,-5.E-02));
#602 = ( GEOMETRIC_REPRESENTATION_CONTEXT(2) 
PARAMETRIC_REPRESENTATION_CONTEXT() REPRESENTATION_CONTEXT('2D SPACE',''
  ) );
#603 = ORIENTED_EDGE('',*,*,#604,.F.);
#604 = EDGE_CURVE('',#605,#579,#607,.T.);
#605 = VERTEX_POINT('',#606);
#606 = CARTESIAN_POINT('',(17.8328125,3.94296875,4.));
#607 = SURFACE_CURVE('',#608,(#612,#618),.PCURVE_S1.);
#608 = LINE('',#609,#610);
#609 = CARTESIAN_POINT('',(9.6859375,3.94296875,4.));
#610 = VECTOR('',#611,1.);
#611 = DIRECTION('',(1.,0.,-0.));
#612 = PCURVE('',#44,#613);
#613 = DEFINITIONAL_REPRESENTATION('',(#614),#617);
#614 = B_SPLINE_CURVE_WITH_KNOTS('',1,(#615,#616),.UNSPECIFIED.,.F.,.F.,
  (2,2),(8.146875,9.6859375),.PIECEWISE_BEZIER_KNOTS.);
#615 = CARTESIAN_POINT('',(17.8328125,3.94296875));
#616 = CARTESIAN_POINT('',(19.371875,3.94296875));
#617 = ( GEOMETRIC_REPRESENTATION_CONTEXT(2) 
PARAMETRIC_REPRESENTATION_CONTEXT() REPRESENTATION_CONTEXT('2D SPACE',''
  ) );
#618 = PCURVE('',#619,#624);
#619 = PLANE('',#620);
#620 = AXIS2_PLACEMENT_3D('',#621,#622,#623);
#621 = CARTESIAN_POINT('',(19.371875,3.94296875,3.95));
#622 = DIRECTION('',(0.,-1.,0.));
#623 = DIRECTION('',(-1.,0.,0.));
#624 = DEFINITIONAL_REPRESENTATION('',(#625),#628);
#625 = B_SPLINE_CURVE_WITH_KNOTS('',1,(#626,#627),.UNSPECIFIED.,.F.,.F.,
  (2,2),(8.146875,9.6859375),.PIECEWISE_BEZIER_KNOTS.);
#626 = CARTESIAN_POINT('',(1.5390625,-5.E-02));
#627 = CARTESIAN_POINT('',(0.,-5.E-02));
#628 = ( GEOMETRIC_REPRESENTATION_CONTEXT(2) 
PARAMETRIC_REPRESENTATION_CONTEXT() REPRESENTATION_CONTEXT('2D SPACE',''
  ) );
#629 = ORIENTED_EDGE('',*,*,#630,.F.);
#630 = EDGE_CURVE('',#631,#605,#633,.T.);
#631 = VERTEX_POINT('',#632);
#632 = CARTESIAN_POINT('',(17.9828125,4.38125,4.));
#633 = SURFACE_CURVE('',#634,(#645,#659),.PCURVE_S1.);
#634 = B_SPLINE_CURVE_WITH_KNOTS('',5,(#635,#636,#637,#638,#639,#640,
    #641,#642,#643,#644),.UNSPECIFIED.,.F.,.F.,(6,4,6),(0.,
    0.708494215339,1.),.UNSPECIFIED.);
#635 = CARTESIAN_POINT('',(17.9828125,4.38125,4.));
#636 = CARTESIAN_POINT('',(17.947615907355,4.322955643431,4.));
#637 = CARTESIAN_POINT('',(17.91722377237,4.263211543362,4.));
#638 = CARTESIAN_POINT('',(17.891768661101,4.202076034677,4.));
#639 = CARTESIAN_POINT('',(17.871332794867,4.139624878512,4.));
#640 = CARTESIAN_POINT('',(17.849605172349,4.04975665569,4.));
#641 = CARTESIAN_POINT('',(17.844124952493,4.023352892475,4.));
#642 = CARTESIAN_POINT('',(17.839499804252,3.996749009264,4.));
#643 = CARTESIAN_POINT('',(17.835729595867,3.969951886769,4.));
#644 = CARTESIAN_POINT('',(17.8328125,3.94296875,4.));
#645 = PCURVE('',#44,#646);
#646 = DEFINITIONAL_REPRESENTATION('',(#647),#658);
#647 = B_SPLINE_CURVE_WITH_KNOTS('',5,(#648,#649,#650,#651,#652,#653,
    #654,#655,#656,#657),.UNSPECIFIED.,.F.,.F.,(6,4,6),(0.,
    0.708494215339,1.),.UNSPECIFIED.);
#648 = CARTESIAN_POINT('',(17.9828125,4.38125));
#649 = CARTESIAN_POINT('',(17.947615907355,4.322955643431));
#650 = CARTESIAN_POINT('',(17.91722377237,4.263211543362));
#651 = CARTESIAN_POINT('',(17.891768661101,4.202076034677));
#652 = CARTESIAN_POINT('',(17.871332794867,4.139624878512));
#653 = CARTESIAN_POINT('',(17.849605172349,4.04975665569));
#654 = CARTESIAN_POINT('',(17.844124952493,4.023352892475));
#655 = CARTESIAN_POINT('',(17.839499804252,3.996749009264));
#656 = CARTESIAN_POINT('',(17.835729595867,3.969951886769));
#657 = CARTESIAN_POINT('',(17.8328125,3.94296875));
#658 = ( GEOMETRIC_REPRESENTATION_CONTEXT(2) 
PARAMETRIC_REPRESENTATION_CONTEXT() REPRESENTATION_CONTEXT('2D SPACE',''
  ) );
#659 = PCURVE('',#660,#667);
#660 = SURFACE_OF_LINEAR_EXTRUSION('',#661,#665);
#661 = B_SPLINE_CURVE_WITH_KNOTS('',2,(#662,#663,#664),.UNSPECIFIED.,.F.
  ,.F.,(3,3),(0.,1.),.PIECEWISE_BEZIER_KNOTS.);
#662 = CARTESIAN_POINT('',(17.8328125,3.94296875,3.95));
#663 = CARTESIAN_POINT('',(17.8578125,4.17421875,3.95));
#664 = CARTESIAN_POINT('',(17.9828125,4.38125,3.95));
#665 = VECTOR('',#666,1.);
#666 = DIRECTION('',(-0.,-0.,-1.));
#667 = DEFINITIONAL_REPRESENTATION('',(#668),#679);
#668 = B_SPLINE_CURVE_WITH_KNOTS('',5,(#669,#670,#671,#672,#673,#674,
    #675,#676,#677,#678),.UNSPECIFIED.,.F.,.F.,(6,4,6),(0.,
    0.708494215339,1.),.UNSPECIFIED.);
#669 = CARTESIAN_POINT('',(1.,-5.E-02));
#670 = CARTESIAN_POINT('',(0.859213629419,-5.E-02));
#671 = CARTESIAN_POINT('',(0.717824312655,-5.E-02));
#672 = CARTESIAN_POINT('',(0.576022607946,-5.E-02));
#673 = CARTESIAN_POINT('',(0.434010100253,-5.E-02));
#674 = CARTESIAN_POINT('',(0.233570778127,-5.E-02));
#675 = CARTESIAN_POINT('',(0.175141666897,-5.E-02));
#676 = CARTESIAN_POINT('',(0.116727236503,-5.E-02));
#677 = CARTESIAN_POINT('',(5.83419173379E-02,-5.E-02));
#678 = CARTESIAN_POINT('',(0.,-5.E-02));
#679 = ( GEOMETRIC_REPRESENTATION_CONTEXT(2) 
PARAMETRIC_REPRESENTATION_CONTEXT() REPRESENTATION_CONTEXT('2D SPACE',''
  ) );
#680 = ORIENTED_EDGE('',*,*,#681,.F.);
#681 = EDGE_CURVE('',#682,#631,#684,.T.);
#682 = VERTEX_POINT('',#683);
#683 = CARTESIAN_POINT('',(18.4765625,4.93046875,4.));
#684 = SURFACE_CURVE('',#685,(#694,#706),.PCURVE_S1.);
#685 = B_SPLINE_CURVE_WITH_KNOTS('',7,(#686,#687,#688,#689,#690,#691,
    #692,#693),.UNSPECIFIED.,.F.,.F.,(8,8),(0.,1.),
  .PIECEWISE_BEZIER_KNOTS.);
#686 = CARTESIAN_POINT('',(18.4765625,4.93046875,4.));
#687 = CARTESIAN_POINT('',(18.383679454476,4.844276432331,4.));
#688 = CARTESIAN_POINT('',(18.296197459692,4.759726727807,4.));
#689 = CARTESIAN_POINT('',(18.214923545648,4.677096484267,4.));
#690 = CARTESIAN_POINT('',(18.141129295609,4.596963152425,4.));
#691 = CARTESIAN_POINT('',(18.07648509966,4.520178837027,4.));
#692 = CARTESIAN_POINT('',(18.023029441979,4.447859310152,4.));
#693 = CARTESIAN_POINT('',(17.9828125,4.38125,4.));
#694 = PCURVE('',#44,#695);
#695 = DEFINITIONAL_REPRESENTATION('',(#696),#705);
#696 = B_SPLINE_CURVE_WITH_KNOTS('',7,(#697,#698,#699,#700,#701,#702,
    #703,#704),.UNSPECIFIED.,.F.,.F.,(8,8),(0.,1.),
  .PIECEWISE_BEZIER_KNOTS.);
#697 = CARTESIAN_POINT('',(18.4765625,4.93046875));
#698 = CARTESIAN_POINT('',(18.383679454476,4.844276432331));
#699 = CARTESIAN_POINT('',(18.296197459692,4.759726727807));
#700 = CARTESIAN_POINT('',(18.214923545648,4.677096484267));
#701 = CARTESIAN_POINT('',(18.141129295609,4.596963152425));
#702 = CARTESIAN_POINT('',(18.07648509966,4.520178837027));
#703 = CARTESIAN_POINT('',(18.023029441979,4.447859310152));
#704 = CARTESIAN_POINT('',(17.9828125,4.38125));
#705 = ( GEOMETRIC_REPRESENTATION_CONTEXT(2) 
PARAMETRIC_REPRESENTATION_CONTEXT() REPRESENTATION_CONTEXT('2D SPACE',''
  ) );
#706 = PCURVE('',#707,#714);
#707 = SURFACE_OF_LINEAR_EXTRUSION('',#708,#712);
#708 = B_SPLINE_CURVE_WITH_KNOTS('',2,(#709,#710,#711),.UNSPECIFIED.,.F.
  ,.F.,(3,3),(0.,1.),.PIECEWISE_BEZIER_KNOTS.);
#709 = CARTESIAN_POINT('',(17.9828125,4.38125,3.95));
#710 = CARTESIAN_POINT('',(18.1078125,4.58828125,3.95));
#711 = CARTESIAN_POINT('',(18.4765625,4.93046875,3.95));
#712 = VECTOR('',#713,1.);
#713 = DIRECTION('',(-0.,-0.,-1.));
#714 = DEFINITIONAL_REPRESENTATION('',(#715),#724);
#715 = B_SPLINE_CURVE_WITH_KNOTS('',7,(#716,#717,#718,#719,#720,#721,
    #722,#723),.UNSPECIFIED.,.F.,.F.,(8,8),(0.,1.),
  .PIECEWISE_BEZIER_KNOTS.);
#716 = CARTESIAN_POINT('',(1.,-5.E-02));
#717 = CARTESIAN_POINT('',(0.874056887425,-5.E-02));
#718 = CARTESIAN_POINT('',(0.743204550388,-5.E-02));
#719 = CARTESIAN_POINT('',(0.606823472804,-5.E-02));
#720 = CARTESIAN_POINT('',(0.464450303027,-5.E-02));
#721 = CARTESIAN_POINT('',(0.315815998966,-5.E-02));
#722 = CARTESIAN_POINT('',(0.160867767915,-5.E-02));
#723 = CARTESIAN_POINT('',(0.,-5.E-02));
#724 = ( GEOMETRIC_REPRESENTATION_CONTEXT(2) 
PARAMETRIC_REPRESENTATION_CONTEXT() REPRESENTATION_CONTEXT('2D SPACE',''
  ) );
#725 = ORIENTED_EDGE('',*,*,#726,.F.);
#726 = EDGE_CURVE('',#727,#682,#729,.T.);
#727 = VERTEX_POINT('',#728);
#728 = CARTESIAN_POINT('',(18.840625,5.30546875,4.));
#729 = SURFACE_CURVE('',#730,(#739,#751),.PCURVE_S1.);
#730 = B_SPLINE_CURVE_WITH_KNOTS('',7,(#731,#732,#733,#734,#735,#736,
    #737,#738),.UNSPECIFIED.,.F.,.F.,(8,8),(0.,1.),
  .PIECEWISE_BEZIER_KNOTS.);
#731 = CARTESIAN_POINT('',(18.840625,5.30546875,4.));
#732 = CARTESIAN_POINT('',(18.819357328119,5.274309137709,4.));
#733 = CARTESIAN_POINT('',(18.785183261619,5.233498337371,4.));
#734 = CARTESIAN_POINT('',(18.73947742672,5.184235927833,4.));
#735 = CARTESIAN_POINT('',(18.684179054518,5.128078225585,4.));
#736 = CARTESIAN_POINT('',(18.621047938297,5.066401454489,4.));
#737 = CARTESIAN_POINT('',(18.55151979973,5.00029739238,4.));
#738 = CARTESIAN_POINT('',(18.4765625,4.93046875,4.));
#739 = PCURVE('',#44,#740);
#740 = DEFINITIONAL_REPRESENTATION('',(#741),#750);
#741 = B_SPLINE_CURVE_WITH_KNOTS('',7,(#742,#743,#744,#745,#746,#747,
    #748,#749),.UNSPECIFIED.,.F.,.F.,(8,8),(0.,1.),
  .PIECEWISE_BEZIER_KNOTS.);
#742 = CARTESIAN_POINT('',(18.840625,5.30546875));
#743 = CARTESIAN_POINT('',(18.819357328119,5.274309137709));
#744 = CARTESIAN_POINT('',(18.785183261619,5.233498337371));
#745 = CARTESIAN_POINT('',(18.73947742672,5.184235927833));
#746 = CARTESIAN_POINT('',(18.684179054518,5.128078225585));
#747 = CARTESIAN_POINT('',(18.621047938297,5.066401454489));
#748 = CARTESIAN_POINT('',(18.55151979973,5.00029739238));
#749 = CARTESIAN_POINT('',(18.4765625,4.93046875));
#750 = ( GEOMETRIC_REPRESENTATION_CONTEXT(2) 
PARAMETRIC_REPRESENTATION_CONTEXT() REPRESENTATION_CONTEXT('2D SPACE',''
  ) );
#751 = PCURVE('',#752,#759);
#752 = SURFACE_OF_LINEAR_EXTRUSION('',#753,#757);
#753 = B_SPLINE_CURVE_WITH_KNOTS('',2,(#754,#755,#756),.UNSPECIFIED.,.F.
  ,.F.,(3,3),(0.,1.),.PIECEWISE_BEZIER_KNOTS.);
#754 = CARTESIAN_POINT('',(18.4765625,4.93046875,3.95));
#755 = CARTESIAN_POINT('',(18.7734375,5.20703125,3.95));
#756 = CARTESIAN_POINT('',(18.840625,5.30546875,3.95));
#757 = VECTOR('',#758,1.);
#758 = DIRECTION('',(-0.,-0.,-1.));
#759 = DEFINITIONAL_REPRESENTATION('',(#760),#769);
#760 = B_SPLINE_CURVE_WITH_KNOTS('',7,(#761,#762,#763,#764,#765,#766,
    #767,#768),.UNSPECIFIED.,.F.,.F.,(8,8),(0.,1.),
  .PIECEWISE_BEZIER_KNOTS.);
#761 = CARTESIAN_POINT('',(1.,-5.E-02));
#762 = CARTESIAN_POINT('',(0.84172895344,-5.E-02));
#763 = CARTESIAN_POINT('',(0.687319661856,-5.E-02));
#764 = CARTESIAN_POINT('',(0.538213241226,-5.E-02));
#765 = CARTESIAN_POINT('',(0.394975412417,-5.E-02));
#766 = CARTESIAN_POINT('',(0.25773012849,-5.E-02));
#767 = CARTESIAN_POINT('',(0.12624387323,-5.E-02));
#768 = CARTESIAN_POINT('',(0.,-5.E-02));
#769 = ( GEOMETRIC_REPRESENTATION_CONTEXT(2) 
PARAMETRIC_REPRESENTATION_CONTEXT() REPRESENTATION_CONTEXT('2D SPACE',''
  ) );
#770 = ORIENTED_EDGE('',*,*,#771,.F.);
#771 = EDGE_CURVE('',#772,#727,#774,.T.);
#772 = VERTEX_POINT('',#773);
#773 = CARTESIAN_POINT('',(18.93125,5.57421875,4.));
#774 = SURFACE_CURVE('',#775,(#782,#792),.PCURVE_S1.);
#775 = B_SPLINE_CURVE_WITH_KNOTS('',5,(#776,#777,#778,#779,#780,#781),
  .UNSPECIFIED.,.F.,.F.,(6,6),(0.,1.),.PIECEWISE_BEZIER_KNOTS.);
#776 = CARTESIAN_POINT('',(18.93125,5.57421875,4.));
#777 = CARTESIAN_POINT('',(18.93125,5.52078244588,4.));
#778 = CARTESIAN_POINT('',(18.922080999478,5.467049119876,4.));
#779 = CARTESIAN_POINT('',(18.9037560049,5.413162879506,4.));
#780 = CARTESIAN_POINT('',(18.876485877957,5.359260066936,4.));
#781 = CARTESIAN_POINT('',(18.840625,5.30546875,4.));
#782 = PCURVE('',#44,#783);
#783 = DEFINITIONAL_REPRESENTATION('',(#784),#791);
#784 = B_SPLINE_CURVE_WITH_KNOTS('',5,(#785,#786,#787,#788,#789,#790),
  .UNSPECIFIED.,.F.,.F.,(6,6),(0.,1.),.PIECEWISE_BEZIER_KNOTS.);
#785 = CARTESIAN_POINT('',(18.93125,5.57421875));
#786 = CARTESIAN_POINT('',(18.93125,5.52078244588));
#787 = CARTESIAN_POINT('',(18.922080999478,5.467049119876));
#788 = CARTESIAN_POINT('',(18.9037560049,5.413162879506));
#789 = CARTESIAN_POINT('',(18.876485877957,5.359260066936));
#790 = CARTESIAN_POINT('',(18.840625,5.30546875));
#791 = ( GEOMETRIC_REPRESENTATION_CONTEXT(2) 
PARAMETRIC_REPRESENTATION_CONTEXT() REPRESENTATION_CONTEXT('2D SPACE',''
  ) );
#792 = PCURVE('',#793,#800);
#793 = SURFACE_OF_LINEAR_EXTRUSION('',#794,#798);
#794 = B_SPLINE_CURVE_WITH_KNOTS('',2,(#795,#796,#797),.UNSPECIFIED.,.F.
  ,.F.,(3,3),(0.,1.),.PIECEWISE_BEZIER_KNOTS.);
#795 = CARTESIAN_POINT('',(18.840625,5.30546875,3.95));
#796 = CARTESIAN_POINT('',(18.93125,5.44140625,3.95));
#797 = CARTESIAN_POINT('',(18.93125,5.57421875,3.95));
#798 = VECTOR('',#799,1.);
#799 = DIRECTION('',(-0.,-0.,-1.));
#800 = DEFINITIONAL_REPRESENTATION('',(#801),#808);
#801 = B_SPLINE_CURVE_WITH_KNOTS('',5,(#802,#803,#804,#805,#806,#807),
  .UNSPECIFIED.,.F.,.F.,(6,6),(0.,1.),.PIECEWISE_BEZIER_KNOTS.);
#802 = CARTESIAN_POINT('',(1.,-5.E-02));
#803 = CARTESIAN_POINT('',(0.79882803155,-5.E-02));
#804 = CARTESIAN_POINT('',(0.597728159276,-5.E-02));
#805 = CARTESIAN_POINT('',(0.397241217139,-5.E-02));
#806 = CARTESIAN_POINT('',(0.197853119765,-5.E-02));
#807 = CARTESIAN_POINT('',(0.,-5.E-02));
#808 = ( GEOMETRIC_REPRESENTATION_CONTEXT(2) 
PARAMETRIC_REPRESENTATION_CONTEXT() REPRESENTATION_CONTEXT('2D SPACE',''
  ) );
#809 = ORIENTED_EDGE('',*,*,#810,.F.);
#810 = EDGE_CURVE('',#811,#772,#813,.T.);
#811 = VERTEX_POINT('',#812);
#812 = CARTESIAN_POINT('',(18.85234375,5.8,4.));
#813 = SURFACE_CURVE('',#814,(#825,#839),.PCURVE_S1.);
#814 = B_SPLINE_CURVE_WITH_KNOTS('',5,(#815,#816,#817,#818,#819,#820,
    #821,#822,#823,#824),.UNSPECIFIED.,.F.,.F.,(6,4,6),(0.,
    8.057320579415E-02,1.),.UNSPECIFIED.);
#815 = CARTESIAN_POINT('',(18.85234375,5.8,4.));
#816 = CARTESIAN_POINT('',(18.854900087537,5.797443662463,4.));
#817 = CARTESIAN_POINT('',(18.857404834012,5.794842568261,4.));
#818 = CARTESIAN_POINT('',(18.859857917923,5.792196763225,4.));
#819 = CARTESIAN_POINT('',(18.862259277078,5.789506301298,4.));
#820 = CARTESIAN_POINT('',(18.891420106569,5.755561310036,4.));
#821 = CARTESIAN_POINT('',(18.911490380972,5.718543297222,4.));
#822 = CARTESIAN_POINT('',(18.924736432005,5.675812312071,4.));
#823 = CARTESIAN_POINT('',(18.93125,5.62759674282,4.));
#824 = CARTESIAN_POINT('',(18.93125,5.57421875,4.));
#825 = PCURVE('',#44,#826);
#826 = DEFINITIONAL_REPRESENTATION('',(#827),#838);
#827 = B_SPLINE_CURVE_WITH_KNOTS('',5,(#828,#829,#830,#831,#832,#833,
    #834,#835,#836,#837),.UNSPECIFIED.,.F.,.F.,(6,4,6),(0.,
    8.057320579415E-02,1.),.UNSPECIFIED.);
#828 = CARTESIAN_POINT('',(18.85234375,5.8));
#829 = CARTESIAN_POINT('',(18.854900087537,5.797443662463));
#830 = CARTESIAN_POINT('',(18.857404834012,5.794842568261));
#831 = CARTESIAN_POINT('',(18.859857917923,5.792196763225));
#832 = CARTESIAN_POINT('',(18.862259277078,5.789506301298));
#833 = CARTESIAN_POINT('',(18.891420106569,5.755561310036));
#834 = CARTESIAN_POINT('',(18.911490380972,5.718543297222));
#835 = CARTESIAN_POINT('',(18.924736432005,5.675812312071));
#836 = CARTESIAN_POINT('',(18.93125,5.62759674282));
#837 = CARTESIAN_POINT('',(18.93125,5.57421875));
#838 = ( GEOMETRIC_REPRESENTATION_CONTEXT(2) 
PARAMETRIC_REPRESENTATION_CONTEXT() REPRESENTATION_CONTEXT('2D SPACE',''
  ) );
#839 = PCURVE('',#840,#847);
#840 = SURFACE_OF_LINEAR_EXTRUSION('',#841,#845);
#841 = B_SPLINE_CURVE_WITH_KNOTS('',2,(#842,#843,#844),.UNSPECIFIED.,.F.
  ,.F.,(3,3),(0.,1.),.PIECEWISE_BEZIER_KNOTS.);
#842 = CARTESIAN_POINT('',(18.93125,5.57421875,3.95));
#843 = CARTESIAN_POINT('',(18.93125,5.72109375,3.95));
#844 = CARTESIAN_POINT('',(18.85234375,5.8,3.95));
#845 = VECTOR('',#846,1.);
#846 = DIRECTION('',(-0.,-0.,-1.));
#847 = DEFINITIONAL_REPRESENTATION('',(#848),#859);
#848 = B_SPLINE_CURVE_WITH_KNOTS('',5,(#849,#850,#851,#852,#853,#854,
    #855,#856,#857,#858),.UNSPECIFIED.,.F.,.F.,(6,4,6),(0.,
    8.057320579415E-02,1.),.UNSPECIFIED.);
#849 = CARTESIAN_POINT('',(1.,-5.E-02));
#850 = CARTESIAN_POINT('',(0.98380142551,-5.E-02));
#851 = CARTESIAN_POINT('',(0.967601772416,-5.E-02));
#852 = CARTESIAN_POINT('',(0.951401406411,-5.E-02));
#853 = CARTESIAN_POINT('',(0.935200693501,-5.E-02));
#854 = CARTESIAN_POINT('',(0.734132691539,-5.E-02));
#855 = CARTESIAN_POINT('',(0.549260286491,-5.E-02));
#856 = CARTESIAN_POINT('',(0.364950669802,-5.E-02));
#857 = CARTESIAN_POINT('',(0.181712315983,-5.E-02));
#858 = CARTESIAN_POINT('',(0.,-5.E-02));
#859 = ( GEOMETRIC_REPRESENTATION_CONTEXT(2) 
PARAMETRIC_REPRESENTATION_CONTEXT() REPRESENTATION_CONTEXT('2D SPACE',''
  ) );
#860 = ORIENTED_EDGE('',*,*,#861,.F.);
#861 = EDGE_CURVE('',#862,#811,#864,.T.);
#862 = VERTEX_POINT('',#863);
#863 = CARTESIAN_POINT('',(18.634375,5.87890625,4.));
#864 = SURFACE_CURVE('',#865,(#876,#890),.PCURVE_S1.);
#865 = B_SPLINE_CURVE_WITH_KNOTS('',5,(#866,#867,#868,#869,#870,#871,
    #872,#873,#874,#875),.UNSPECIFIED.,.F.,.F.,(6,4,6),(0.,
    0.849556499882,1.),.UNSPECIFIED.);
#866 = CARTESIAN_POINT('',(18.634375,5.87890625,4.));
#867 = CARTESIAN_POINT('',(18.681182794143,5.87890625,4.));
#868 = CARTESIAN_POINT('',(18.724038148404,5.873318889308,4.));
#869 = CARTESIAN_POINT('',(18.762735165135,5.861997393617,4.));
#870 = CARTESIAN_POINT('',(18.797126677234,5.8448831625,4.));
#871 = CARTESIAN_POINT('',(18.832457773652,5.817983696238,4.));
#872 = CARTESIAN_POINT('',(18.837635912176,5.813756877353,4.));
#873 = CARTESIAN_POINT('',(18.842676475234,5.809350377944,4.));
#874 = CARTESIAN_POINT('',(18.8475791618,5.8047645882,4.));
#875 = CARTESIAN_POINT('',(18.85234375,5.8,4.));
#876 = PCURVE('',#44,#877);
#877 = DEFINITIONAL_REPRESENTATION('',(#878),#889);
#878 = B_SPLINE_CURVE_WITH_KNOTS('',5,(#879,#880,#881,#882,#883,#884,
    #885,#886,#887,#888),.UNSPECIFIED.,.F.,.F.,(6,4,6),(0.,
    0.849556499882,1.),.UNSPECIFIED.);
#879 = CARTESIAN_POINT('',(18.634375,5.87890625));
#880 = CARTESIAN_POINT('',(18.681182794143,5.87890625));
#881 = CARTESIAN_POINT('',(18.724038148404,5.873318889308));
#882 = CARTESIAN_POINT('',(18.762735165135,5.861997393617));
#883 = CARTESIAN_POINT('',(18.797126677234,5.8448831625));
#884 = CARTESIAN_POINT('',(18.832457773652,5.817983696238));
#885 = CARTESIAN_POINT('',(18.837635912176,5.813756877353));
#886 = CARTESIAN_POINT('',(18.842676475234,5.809350377944));
#887 = CARTESIAN_POINT('',(18.8475791618,5.8047645882));
#888 = CARTESIAN_POINT('',(18.85234375,5.8));
#889 = ( GEOMETRIC_REPRESENTATION_CONTEXT(2) 
PARAMETRIC_REPRESENTATION_CONTEXT() REPRESENTATION_CONTEXT('2D SPACE',''
  ) );
#890 = PCURVE('',#891,#898);
#891 = SURFACE_OF_LINEAR_EXTRUSION('',#892,#896);
#892 = B_SPLINE_CURVE_WITH_KNOTS('',2,(#893,#894,#895),.UNSPECIFIED.,.F.
  ,.F.,(3,3),(0.,1.),.PIECEWISE_BEZIER_KNOTS.);
#893 = CARTESIAN_POINT('',(18.85234375,5.8,3.95));
#894 = CARTESIAN_POINT('',(18.7734375,5.87890625,3.95));
#895 = CARTESIAN_POINT('',(18.634375,5.87890625,3.95));
#896 = VECTOR('',#897,1.);
#897 = DIRECTION('',(-0.,-0.,-1.));
#898 = DEFINITIONAL_REPRESENTATION('',(#899),#910);
#899 = B_SPLINE_CURVE_WITH_KNOTS('',5,(#900,#901,#902,#903,#904,#905,
    #906,#907,#908,#909),.UNSPECIFIED.,.F.,.F.,(6,4,6),(0.,
    0.849556499882,1.),.UNSPECIFIED.);
#900 = CARTESIAN_POINT('',(1.,-5.E-02));
#901 = CARTESIAN_POINT('',(0.831702313194,-5.E-02));
#902 = CARTESIAN_POINT('',(0.662299975096,-5.E-02));
#903 = CARTESIAN_POINT('',(0.492130964688,-5.E-02));
#904 = CARTESIAN_POINT('',(0.321563790833,-5.E-02));
#905 = CARTESIAN_POINT('',(0.120795753796,-5.E-02));
#906 = CARTESIAN_POINT('',(9.059147585301E-02,-5.E-02));
#907 = CARTESIAN_POINT('',(6.038932394639E-02,-5.E-02));
#908 = CARTESIAN_POINT('',(3.019144998298E-02,-5.E-02));
#909 = CARTESIAN_POINT('',(0.,-5.E-02));
#910 = ( GEOMETRIC_REPRESENTATION_CONTEXT(2) 
PARAMETRIC_REPRESENTATION_CONTEXT() REPRESENTATION_CONTEXT('2D SPACE',''
  ) );
#911 = ORIENTED_EDGE('',*,*,#912,.F.);
#912 = EDGE_CURVE('',#913,#862,#915,.T.);
#913 = VERTEX_POINT('',#914);
#914 = CARTESIAN_POINT('',(18.415625,5.79609375,4.));
#915 = SURFACE_CURVE('',#916,(#927,#941),.PCURVE_S1.);
#916 = B_SPLINE_CURVE_WITH_KNOTS('',5,(#917,#918,#919,#920,#921,#922,
    #923,#924,#925,#926),.UNSPECIFIED.,.F.,.F.,(6,4,6),(0.,
    0.227397316999,1.),.UNSPECIFIED.);
#917 = CARTESIAN_POINT('',(18.415625,5.79609375,4.));
#918 = CARTESIAN_POINT('',(18.423030105154,5.803641261023,4.));
#919 = CARTESIAN_POINT('',(18.430730897501,5.81076258284,4.));
#920 = CARTESIAN_POINT('',(18.438726744045,5.817455626732,4.));
#921 = CARTESIAN_POINT('',(18.447016618243,5.823718863806,4.));
#922 = CARTESIAN_POINT('',(18.484758847881,5.849367632539,4.));
#923 = CARTESIAN_POINT('',(18.517296900207,5.864211631031,4.));
#924 = CARTESIAN_POINT('',(18.553156300258,5.874043915321,4.));
#925 = CARTESIAN_POINT('',(18.592230824279,5.87890625,4.));
#926 = CARTESIAN_POINT('',(18.634375,5.87890625,4.));
#927 = PCURVE('',#44,#928);
#928 = DEFINITIONAL_REPRESENTATION('',(#929),#940);
#929 = B_SPLINE_CURVE_WITH_KNOTS('',5,(#930,#931,#932,#933,#934,#935,
    #936,#937,#938,#939),.UNSPECIFIED.,.F.,.F.,(6,4,6),(0.,
    0.227397316999,1.),.UNSPECIFIED.);
#930 = CARTESIAN_POINT('',(18.415625,5.79609375));
#931 = CARTESIAN_POINT('',(18.423030105154,5.803641261023));
#932 = CARTESIAN_POINT('',(18.430730897501,5.81076258284));
#933 = CARTESIAN_POINT('',(18.438726744045,5.817455626732));
#934 = CARTESIAN_POINT('',(18.447016618243,5.823718863806));
#935 = CARTESIAN_POINT('',(18.484758847881,5.849367632539));
#936 = CARTESIAN_POINT('',(18.517296900207,5.864211631031));
#937 = CARTESIAN_POINT('',(18.553156300258,5.874043915321));
#938 = CARTESIAN_POINT('',(18.592230824279,5.87890625));
#939 = CARTESIAN_POINT('',(18.634375,5.87890625));
#940 = ( GEOMETRIC_REPRESENTATION_CONTEXT(2) 
PARAMETRIC_REPRESENTATION_CONTEXT() REPRESENTATION_CONTEXT('2D SPACE',''
  ) );
#941 = PCURVE('',#942,#949);
#942 = SURFACE_OF_LINEAR_EXTRUSION('',#943,#947);
#943 = B_SPLINE_CURVE_WITH_KNOTS('',2,(#944,#945,#946),.UNSPECIFIED.,.F.
  ,.F.,(3,3),(0.,1.),.PIECEWISE_BEZIER_KNOTS.);
#944 = CARTESIAN_POINT('',(18.634375,5.87890625,3.95));
#945 = CARTESIAN_POINT('',(18.496875,5.87890625,3.95));
#946 = CARTESIAN_POINT('',(18.415625,5.79609375,3.95));
#947 = VECTOR('',#948,1.);
#948 = DIRECTION('',(-0.,-0.,-1.));
#949 = DEFINITIONAL_REPRESENTATION('',(#950),#961);
#950 = B_SPLINE_CURVE_WITH_KNOTS('',5,(#951,#952,#953,#954,#955,#956,
    #957,#958,#959,#960),.UNSPECIFIED.,.F.,.F.,(6,4,6),(0.,
    0.227397316999,1.),.UNSPECIFIED.);
#951 = CARTESIAN_POINT('',(1.,-5.E-02));
#952 = CARTESIAN_POINT('',(0.954430122128,-5.E-02));
#953 = CARTESIAN_POINT('',(0.908837698129,-5.E-02));
#954 = CARTESIAN_POINT('',(0.863230188905,-5.E-02));
#955 = CARTESIAN_POINT('',(0.817615103679,-5.E-02));
#956 = CARTESIAN_POINT('',(0.617018613442,-5.E-02));
#957 = CARTESIAN_POINT('',(0.462034001501,-5.E-02));
#958 = CARTESIAN_POINT('',(0.30735060959,-5.E-02));
#959 = CARTESIAN_POINT('',(0.153251548077,-5.E-02));
#960 = CARTESIAN_POINT('',(0.,-5.E-02));
#961 = ( GEOMETRIC_REPRESENTATION_CONTEXT(2) 
PARAMETRIC_REPRESENTATION_CONTEXT() REPRESENTATION_CONTEXT('2D SPACE',''
  ) );
#962 = ORIENTED_EDGE('',*,*,#963,.F.);
#963 = EDGE_CURVE('',#964,#913,#966,.T.);
#964 = VERTEX_POINT('',#965);
#965 = CARTESIAN_POINT('',(18.321875,5.52109375,4.));
#966 = SURFACE_CURVE('',#967,(#974,#984),.PCURVE_S1.);
#967 = B_SPLINE_CURVE_WITH_KNOTS('',5,(#968,#969,#970,#971,#972,#973),
  .UNSPECIFIED.,.F.,.F.,(6,6),(0.,1.),.PIECEWISE_BEZIER_KNOTS.);
#968 = CARTESIAN_POINT('',(18.321875,5.52109375,4.));
#969 = CARTESIAN_POINT('',(18.326745649887,5.595979992013,4.));
#970 = CARTESIAN_POINT('',(18.338224320347,5.661778012506,4.));
#971 = CARTESIAN_POINT('',(18.356743451911,5.717522932296,4.));
#972 = CARTESIAN_POINT('',(18.382575561598,5.762408745475,4.));
#973 = CARTESIAN_POINT('',(18.415625,5.79609375,4.));
#974 = PCURVE('',#44,#975);
#975 = DEFINITIONAL_REPRESENTATION('',(#976),#983);
#976 = B_SPLINE_CURVE_WITH_KNOTS('',5,(#977,#978,#979,#980,#981,#982),
  .UNSPECIFIED.,.F.,.F.,(6,6),(0.,1.),.PIECEWISE_BEZIER_KNOTS.);
#977 = CARTESIAN_POINT('',(18.321875,5.52109375));
#978 = CARTESIAN_POINT('',(18.326745649887,5.595979992013));
#979 = CARTESIAN_POINT('',(18.338224320347,5.661778012506));
#980 = CARTESIAN_POINT('',(18.356743451911,5.717522932296));
#981 = CARTESIAN_POINT('',(18.382575561598,5.762408745475));
#982 = CARTESIAN_POINT('',(18.415625,5.79609375));
#983 = ( GEOMETRIC_REPRESENTATION_CONTEXT(2) 
PARAMETRIC_REPRESENTATION_CONTEXT() REPRESENTATION_CONTEXT('2D SPACE',''
  ) );
#984 = PCURVE('',#985,#992);
#985 = SURFACE_OF_LINEAR_EXTRUSION('',#986,#990);
#986 = B_SPLINE_CURVE_WITH_KNOTS('',2,(#987,#988,#989),.UNSPECIFIED.,.F.
  ,.F.,(3,3),(0.,1.),.PIECEWISE_BEZIER_KNOTS.);
#987 = CARTESIAN_POINT('',(18.415625,5.79609375,3.95));
#988 = CARTESIAN_POINT('',(18.334375,5.71328125,3.95));
#989 = CARTESIAN_POINT('',(18.321875,5.52109375,3.95));
#990 = VECTOR('',#991,1.);
#991 = DIRECTION('',(-0.,-0.,-1.));
#992 = DEFINITIONAL_REPRESENTATION('',(#993),#1000);
#993 = B_SPLINE_CURVE_WITH_KNOTS('',5,(#994,#995,#996,#997,#998,#999),
  .UNSPECIFIED.,.F.,.F.,(6,6),(0.,1.),.PIECEWISE_BEZIER_KNOTS.);
#994 = CARTESIAN_POINT('',(1.,-5.E-02));
#995 = CARTESIAN_POINT('',(0.805174004518,-5.E-02));
#996 = CARTESIAN_POINT('',(0.606989418646,-5.E-02));
#997 = CARTESIAN_POINT('',(0.406099094185,-5.E-02));
#998 = CARTESIAN_POINT('',(0.203381159396,-5.E-02));
#999 = CARTESIAN_POINT('',(0.,-5.E-02));
#1000 = ( GEOMETRIC_REPRESENTATION_CONTEXT(2) 
PARAMETRIC_REPRESENTATION_CONTEXT() REPRESENTATION_CONTEXT('2D SPACE',''
  ) );
#1001 = ORIENTED_EDGE('',*,*,#1002,.F.);
#1002 = EDGE_CURVE('',#1003,#964,#1005,.T.);
#1003 = VERTEX_POINT('',#1004);
#1004 = CARTESIAN_POINT('',(17.884375,5.56484375,4.));
#1005 = SURFACE_CURVE('',#1006,(#1010,#1016),.PCURVE_S1.);
#1006 = LINE('',#1007,#1008);
#1007 = CARTESIAN_POINT('',(9.524961324257,6.400785117574,4.));
#1008 = VECTOR('',#1009,1.);
#1009 = DIRECTION('',(0.99503719021,-9.9503719021E-02,0.));
#1010 = PCURVE('',#44,#1011);
#1011 = DEFINITIONAL_REPRESENTATION('',(#1012),#1015);
#1012 = B_SPLINE_CURVE_WITH_KNOTS('',1,(#1013,#1014),.UNSPECIFIED.,.F.,
  .F.,(2,2),(8.401106770671,8.840788829095),.PIECEWISE_BEZIER_KNOTS.);
#1013 = CARTESIAN_POINT('',(17.884375,5.56484375));
#1014 = CARTESIAN_POINT('',(18.321875,5.52109375));
#1015 = ( GEOMETRIC_REPRESENTATION_CONTEXT(2) 
PARAMETRIC_REPRESENTATION_CONTEXT() REPRESENTATION_CONTEXT('2D SPACE',''
  ) );
#1016 = PCURVE('',#1017,#1022);
#1017 = PLANE('',#1018);
#1018 = AXIS2_PLACEMENT_3D('',#1019,#1020,#1021);
#1019 = CARTESIAN_POINT('',(18.321875,5.52109375,3.95));
#1020 = DIRECTION('',(-9.9503719021E-02,-0.99503719021,0.));
#1021 = DIRECTION('',(-0.99503719021,9.9503719021E-02,0.));
#1022 = DEFINITIONAL_REPRESENTATION('',(#1023),#1026);
#1023 = B_SPLINE_CURVE_WITH_KNOTS('',1,(#1024,#1025),.UNSPECIFIED.,.F.,
  .F.,(2,2),(8.401106770671,8.840788829095),.PIECEWISE_BEZIER_KNOTS.);
#1024 = CARTESIAN_POINT('',(0.439682058424,-5.E-02));
#1025 = CARTESIAN_POINT('',(0.,-5.E-02));
#1026 = ( GEOMETRIC_REPRESENTATION_CONTEXT(2) 
PARAMETRIC_REPRESENTATION_CONTEXT() REPRESENTATION_CONTEXT('2D SPACE',''
  ) );
#1027 = ORIENTED_EDGE('',*,*,#1028,.F.);
#1028 = EDGE_CURVE('',#1029,#1003,#1031,.T.);
#1029 = VERTEX_POINT('',#1030);
#1030 = CARTESIAN_POINT('',(18.1296875,6.08515625,4.));
#1031 = SURFACE_CURVE('',#1032,(#1047,#1065),.PCURVE_S1.);
#1032 = B_SPLINE_CURVE_WITH_KNOTS('',5,(#1033,#1034,#1035,#1036,#1037,
    #1038,#1039,#1040,#1041,#1042,#1043,#1044,#1045,#1046),
  .UNSPECIFIED.,.F.,.F.,(6,4,4,6),(0.,3.099721431214E-02,0.503823125647,
    1.),.UNSPECIFIED.);
#1033 = CARTESIAN_POINT('',(18.1296875,6.08515625,4.));
#1034 = CARTESIAN_POINT('',(18.127047690971,6.083136396122,4.));
#1035 = CARTESIAN_POINT('',(18.124424854431,6.081095474303,4.));
#1036 = CARTESIAN_POINT('',(18.121819043673,6.079033517835,4.));
#1037 = CARTESIAN_POINT('',(18.119230309456,6.076950563187,4.));
#1038 = CARTESIAN_POINT('',(18.077431833595,6.042753938057,4.));
#1039 = CARTESIAN_POINT('',(18.042186200156,6.00578190536,4.));
#1040 = CARTESIAN_POINT('',(18.011105000038,5.96407819063,4.));
#1041 = CARTESIAN_POINT('',(17.984195680646,5.917949755484,4.));
#1042 = CARTESIAN_POINT('',(17.937380520827,5.815162227684,4.));
#1043 = CARTESIAN_POINT('',(17.917883885255,5.758089723747,4.));
#1044 = CARTESIAN_POINT('',(17.902734210888,5.697023637095,4.));
#1045 = CARTESIAN_POINT('',(17.891661442906,5.632461940168,4.));
#1046 = CARTESIAN_POINT('',(17.884375,5.56484375,4.));
#1047 = PCURVE('',#44,#1048);
#1048 = DEFINITIONAL_REPRESENTATION('',(#1049),#1064);
#1049 = B_SPLINE_CURVE_WITH_KNOTS('',5,(#1050,#1051,#1052,#1053,#1054,
    #1055,#1056,#1057,#1058,#1059,#1060,#1061,#1062,#1063),
  .UNSPECIFIED.,.F.,.F.,(6,4,4,6),(0.,3.099721431214E-02,0.503823125647,
    1.),.UNSPECIFIED.);
#1050 = CARTESIAN_POINT('',(18.1296875,6.08515625));
#1051 = CARTESIAN_POINT('',(18.127047690971,6.083136396122));
#1052 = CARTESIAN_POINT('',(18.124424854431,6.081095474303));
#1053 = CARTESIAN_POINT('',(18.121819043673,6.079033517835));
#1054 = CARTESIAN_POINT('',(18.119230309456,6.076950563187));
#1055 = CARTESIAN_POINT('',(18.077431833595,6.042753938057));
#1056 = CARTESIAN_POINT('',(18.042186200156,6.00578190536));
#1057 = CARTESIAN_POINT('',(18.011105000038,5.96407819063));
#1058 = CARTESIAN_POINT('',(17.984195680646,5.917949755484));
#1059 = CARTESIAN_POINT('',(17.937380520827,5.815162227684));
#1060 = CARTESIAN_POINT('',(17.917883885255,5.758089723747));
#1061 = CARTESIAN_POINT('',(17.902734210888,5.697023637095));
#1062 = CARTESIAN_POINT('',(17.891661442906,5.632461940168));
#1063 = CARTESIAN_POINT('',(17.884375,5.56484375));
#1064 = ( GEOMETRIC_REPRESENTATION_CONTEXT(2) 
PARAMETRIC_REPRESENTATION_CONTEXT() REPRESENTATION_CONTEXT('2D SPACE',''
  ) );
#1065 = PCURVE('',#1066,#1073);
#1066 = SURFACE_OF_LINEAR_EXTRUSION('',#1067,#1071);
#1067 = B_SPLINE_CURVE_WITH_KNOTS('',2,(#1068,#1069,#1070),
  .UNSPECIFIED.,.F.,.F.,(3,3),(0.,1.),.PIECEWISE_BEZIER_KNOTS.);
#1068 = CARTESIAN_POINT('',(17.884375,5.56484375,3.95));
#1069 = CARTESIAN_POINT('',(17.9234375,5.92734375,3.95));
#1070 = CARTESIAN_POINT('',(18.1296875,6.08515625,3.95));
#1071 = VECTOR('',#1072,1.);
#1072 = DIRECTION('',(-0.,-0.,-1.));
#1073 = DEFINITIONAL_REPRESENTATION('',(#1074),#1089);
#1074 = B_SPLINE_CURVE_WITH_KNOTS('',5,(#1075,#1076,#1077,#1078,#1079,
    #1080,#1081,#1082,#1083,#1084,#1085,#1086,#1087,#1088),
  .UNSPECIFIED.,.F.,.F.,(6,4,4,6),(0.,3.099721431214E-02,0.503823125647,
    1.),.UNSPECIFIED.);
#1075 = CARTESIAN_POINT('',(1.,-5.E-02));
#1076 = CARTESIAN_POINT('',(0.993600462961,-5.E-02));
#1077 = CARTESIAN_POINT('',(0.987200574322,-5.E-02));
#1078 = CARTESIAN_POINT('',(0.980800454161,-5.E-02));
#1079 = CARTESIAN_POINT('',(0.974400222639,-5.E-02));
#1080 = CARTESIAN_POINT('',(0.870372159272,-5.E-02));
#1081 = CARTESIAN_POINT('',(0.772738102782,-5.E-02));
#1082 = CARTESIAN_POINT('',(0.675551046258,-5.E-02));
#1083 = CARTESIAN_POINT('',(0.579196147921,-5.E-02));
#1084 = CARTESIAN_POINT('',(0.384102498629,-5.E-02));
#1085 = CARTESIAN_POINT('',(0.285470465532,-5.E-02));
#1086 = CARTESIAN_POINT('',(0.188457149884,-5.E-02));
#1087 = CARTESIAN_POINT('',(9.326646919719E-02,-5.E-02));
#1088 = CARTESIAN_POINT('',(0.,-5.E-02));
#1089 = ( GEOMETRIC_REPRESENTATION_CONTEXT(2) 
PARAMETRIC_REPRESENTATION_CONTEXT() REPRESENTATION_CONTEXT('2D SPACE',''
  ) );
#1090 = ORIENTED_EDGE('',*,*,#1091,.F.);
#1091 = EDGE_CURVE('',#1092,#1029,#1094,.T.);
#1092 = VERTEX_POINT('',#1093);
#1093 = CARTESIAN_POINT('',(18.6453125,6.24296875,4.));
#1094 = SURFACE_CURVE('',#1095,(#1106,#1120),.PCURVE_S1.);
#1095 = B_SPLINE_CURVE_WITH_KNOTS('',5,(#1096,#1097,#1098,#1099,#1100,
    #1101,#1102,#1103,#1104,#1105),.UNSPECIFIED.,.F.,.F.,(6,4,6),(0.,
    0.899321832751,1.),.UNSPECIFIED.);
#1096 = CARTESIAN_POINT('',(18.6453125,6.24296875,4.));
#1097 = CARTESIAN_POINT('',(18.537316204344,6.24296875,4.));
#1098 = CARTESIAN_POINT('',(18.434966142886,6.230949448739,4.));
#1099 = CARTESIAN_POINT('',(18.339450784648,6.205929923437,4.));
#1100 = CARTESIAN_POINT('',(18.251852636156,6.167366742219,4.));
#1101 = CARTESIAN_POINT('',(18.163989514437,6.109924988235,4.));
#1102 = CARTESIAN_POINT('',(18.155250956509,6.103977609612,4.));
#1103 = CARTESIAN_POINT('',(18.146620599587,6.097866546791,4.));
#1104 = CARTESIAN_POINT('',(18.138099218092,6.091592488843,4.));
#1105 = CARTESIAN_POINT('',(18.1296875,6.08515625,4.));
#1106 = PCURVE('',#44,#1107);
#1107 = DEFINITIONAL_REPRESENTATION('',(#1108),#1119);
#1108 = B_SPLINE_CURVE_WITH_KNOTS('',5,(#1109,#1110,#1111,#1112,#1113,
    #1114,#1115,#1116,#1117,#1118),.UNSPECIFIED.,.F.,.F.,(6,4,6),(0.,
    0.899321832751,1.),.UNSPECIFIED.);
#1109 = CARTESIAN_POINT('',(18.6453125,6.24296875));
#1110 = CARTESIAN_POINT('',(18.537316204344,6.24296875));
#1111 = CARTESIAN_POINT('',(18.434966142886,6.230949448739));
#1112 = CARTESIAN_POINT('',(18.339450784648,6.205929923437));
#1113 = CARTESIAN_POINT('',(18.251852636156,6.167366742219));
#1114 = CARTESIAN_POINT('',(18.163989514437,6.109924988235));
#1115 = CARTESIAN_POINT('',(18.155250956509,6.103977609612));
#1116 = CARTESIAN_POINT('',(18.146620599587,6.097866546791));
#1117 = CARTESIAN_POINT('',(18.138099218092,6.091592488843));
#1118 = CARTESIAN_POINT('',(18.1296875,6.08515625));
#1119 = ( GEOMETRIC_REPRESENTATION_CONTEXT(2) 
PARAMETRIC_REPRESENTATION_CONTEXT() REPRESENTATION_CONTEXT('2D SPACE',''
  ) );
#1120 = PCURVE('',#1121,#1128);
#1121 = SURFACE_OF_LINEAR_EXTRUSION('',#1122,#1126);
#1122 = B_SPLINE_CURVE_WITH_KNOTS('',2,(#1123,#1124,#1125),
  .UNSPECIFIED.,.F.,.F.,(3,3),(0.,1.),.PIECEWISE_BEZIER_KNOTS.);
#1123 = CARTESIAN_POINT('',(18.1296875,6.08515625,3.95));
#1124 = CARTESIAN_POINT('',(18.3359375,6.24296875,3.95));
#1125 = CARTESIAN_POINT('',(18.6453125,6.24296875,3.95));
#1126 = VECTOR('',#1127,1.);
#1127 = DIRECTION('',(-0.,-0.,-1.));
#1128 = DEFINITIONAL_REPRESENTATION('',(#1129),#1140);
#1129 = B_SPLINE_CURVE_WITH_KNOTS('',5,(#1130,#1131,#1132,#1133,#1134,
    #1135,#1136,#1137,#1138,#1139),.UNSPECIFIED.,.F.,.F.,(6,4,6),(0.,
    0.899321832751,1.),.UNSPECIFIED.);
#1130 = CARTESIAN_POINT('',(1.,-5.E-02));
#1131 = CARTESIAN_POINT('',(0.825460532273,-5.E-02));
#1132 = CARTESIAN_POINT('',(0.647352640036,-5.E-02));
#1133 = CARTESIAN_POINT('',(0.466561123253,-5.E-02));
#1134 = CARTESIAN_POINT('',(0.284261565967,-5.E-02));
#1135 = CARTESIAN_POINT('',(8.159600250629E-02,-5.E-02));
#1136 = CARTESIAN_POINT('',(6.119202067074E-02,-5.E-02));
#1137 = CARTESIAN_POINT('',(4.079004134744E-02,-5.E-02));
#1138 = CARTESIAN_POINT('',(2.039204385969E-02,-5.E-02));
#1139 = CARTESIAN_POINT('',(0.,-5.E-02));
#1140 = ( GEOMETRIC_REPRESENTATION_CONTEXT(2) 
PARAMETRIC_REPRESENTATION_CONTEXT() REPRESENTATION_CONTEXT('2D SPACE',''
  ) );
#1141 = ORIENTED_EDGE('',*,*,#1142,.F.);
#1142 = EDGE_CURVE('',#1143,#1092,#1145,.T.);
#1143 = VERTEX_POINT('',#1144);
#1144 = CARTESIAN_POINT('',(19.178125,6.06015625,4.));
#1145 = SURFACE_CURVE('',#1146,(#1161,#1179),.PCURVE_S1.);
#1146 = B_SPLINE_CURVE_WITH_KNOTS('',5,(#1147,#1148,#1149,#1150,#1151,
    #1152,#1153,#1154,#1155,#1156,#1157,#1158,#1159,#1160),
  .UNSPECIFIED.,.F.,.F.,(6,4,4,6),(0.,9.409450079908E-02,0.539545110088,
    1.),.UNSPECIFIED.);
#1147 = CARTESIAN_POINT('',(19.178125,6.06015625,4.));
#1148 = CARTESIAN_POINT('',(19.170688919048,6.067172552188,4.));
#1149 = CARTESIAN_POINT('',(19.163116131885,6.074023314069,4.));
#1150 = CARTESIAN_POINT('',(19.155407392768,6.080707359231,4.));
#1151 = CARTESIAN_POINT('',(19.147563600815,6.087223682512,4.));
#1152 = CARTESIAN_POINT('',(19.101818276887,6.123622269877,4.));
#1153 = CARTESIAN_POINT('',(19.061045828428,6.149896791878,4.));
#1154 = CARTESIAN_POINT('',(19.017383342159,6.172302169345,4.));
#1155 = CARTESIAN_POINT('',(18.971007475457,6.190848030555,4.));
#1156 = CARTESIAN_POINT('',(18.871620554441,6.220888369887,4.));
#1157 = CARTESIAN_POINT('',(18.818435512278,6.232125123359,4.));
#1158 = CARTESIAN_POINT('',(18.762819078319,6.239424369423,4.));
#1159 = CARTESIAN_POINT('',(18.705030057897,6.24296875,4.));
#1160 = CARTESIAN_POINT('',(18.6453125,6.24296875,4.));
#1161 = PCURVE('',#44,#1162);
#1162 = DEFINITIONAL_REPRESENTATION('',(#1163),#1178);
#1163 = B_SPLINE_CURVE_WITH_KNOTS('',5,(#1164,#1165,#1166,#1167,#1168,
    #1169,#1170,#1171,#1172,#1173,#1174,#1175,#1176,#1177),
  .UNSPECIFIED.,.F.,.F.,(6,4,4,6),(0.,9.409450079908E-02,0.539545110088,
    1.),.UNSPECIFIED.);
#1164 = CARTESIAN_POINT('',(19.178125,6.06015625));
#1165 = CARTESIAN_POINT('',(19.170688919048,6.067172552188));
#1166 = CARTESIAN_POINT('',(19.163116131885,6.074023314069));
#1167 = CARTESIAN_POINT('',(19.155407392768,6.080707359231));
#1168 = CARTESIAN_POINT('',(19.147563600815,6.087223682512));
#1169 = CARTESIAN_POINT('',(19.101818276887,6.123622269877));
#1170 = CARTESIAN_POINT('',(19.061045828428,6.149896791878));
#1171 = CARTESIAN_POINT('',(19.017383342159,6.172302169345));
#1172 = CARTESIAN_POINT('',(18.971007475457,6.190848030555));
#1173 = CARTESIAN_POINT('',(18.871620554441,6.220888369887));
#1174 = CARTESIAN_POINT('',(18.818435512278,6.232125123359));
#1175 = CARTESIAN_POINT('',(18.762819078319,6.239424369423));
#1176 = CARTESIAN_POINT('',(18.705030057897,6.24296875));
#1177 = CARTESIAN_POINT('',(18.6453125,6.24296875));
#1178 = ( GEOMETRIC_REPRESENTATION_CONTEXT(2) 
PARAMETRIC_REPRESENTATION_CONTEXT() REPRESENTATION_CONTEXT('2D SPACE',''
  ) );
#1179 = PCURVE('',#1180,#1187);
#1180 = SURFACE_OF_LINEAR_EXTRUSION('',#1181,#1185);
#1181 = B_SPLINE_CURVE_WITH_KNOTS('',2,(#1182,#1183,#1184),
  .UNSPECIFIED.,.F.,.F.,(3,3),(0.,1.),.PIECEWISE_BEZIER_KNOTS.);
#1182 = CARTESIAN_POINT('',(18.6453125,6.24296875,3.95));
#1183 = CARTESIAN_POINT('',(18.984375,6.24296875,3.95));
#1184 = CARTESIAN_POINT('',(19.178125,6.06015625,3.95));
#1185 = VECTOR('',#1186,1.);
#1186 = DIRECTION('',(-0.,-0.,-1.));
#1187 = DEFINITIONAL_REPRESENTATION('',(#1188),#1203);
#1188 = B_SPLINE_CURVE_WITH_KNOTS('',5,(#1189,#1190,#1191,#1192,#1193,
    #1194,#1195,#1196,#1197,#1198,#1199,#1200,#1201,#1202),
  .UNSPECIFIED.,.F.,.F.,(6,4,4,6),(0.,9.409450079908E-02,0.539545110088,
    1.),.UNSPECIFIED.);
#1189 = CARTESIAN_POINT('',(1.,-5.E-02));
#1190 = CARTESIAN_POINT('',(0.980810113673,-5.E-02));
#1191 = CARTESIAN_POINT('',(0.961612672853,-5.E-02));
#1192 = CARTESIAN_POINT('',(0.942410168755,-5.E-02));
#1193 = CARTESIAN_POINT('',(0.923205105476,-5.E-02));
#1194 = CARTESIAN_POINT('',(0.813081552448,-5.E-02));
#1195 = CARTESIAN_POINT('',(0.722158308325,-5.E-02));
#1196 = CARTESIAN_POINT('',(0.631508518284,-5.E-02));
#1197 = CARTESIAN_POINT('',(0.54138140501,-5.E-02));
#1198 = CARTESIAN_POINT('',(0.359607927466,-5.E-02));
#1199 = CARTESIAN_POINT('',(0.268007086081,-5.E-02));
#1200 = CARTESIAN_POINT('',(0.17743617544,-5.E-02));
#1201 = CARTESIAN_POINT('',(8.806275818861E-02,-5.E-02));
#1202 = CARTESIAN_POINT('',(0.,-5.E-02));
#1203 = ( GEOMETRIC_REPRESENTATION_CONTEXT(2) 
PARAMETRIC_REPRESENTATION_CONTEXT() REPRESENTATION_CONTEXT('2D SPACE',''
  ) );
#1204 = ORIENTED_EDGE('',*,*,#1205,.F.);
#1205 = EDGE_CURVE('',#1206,#1143,#1208,.T.);
#1206 = VERTEX_POINT('',#1207);
#1207 = CARTESIAN_POINT('',(19.371875,5.60546875,4.));
#1208 = SURFACE_CURVE('',#1209,(#1220,#1234),.PCURVE_S1.);
#1209 = B_SPLINE_CURVE_WITH_KNOTS('',5,(#1210,#1211,#1212,#1213,#1214,
    #1215,#1216,#1217,#1218,#1219),.UNSPECIFIED.,.F.,.F.,(6,4,6),(0.,
    0.532389854039,1.),.UNSPECIFIED.);
#1210 = CARTESIAN_POINT('',(19.371875,5.60546875,4.));
#1211 = CARTESIAN_POINT('',(19.371875,5.662549318709,4.));
#1212 = CARTESIAN_POINT('',(19.366537244502,5.71773991102,4.));
#1213 = CARTESIAN_POINT('',(19.355650814361,5.770779072968,4.));
#1214 = CARTESIAN_POINT('',(19.339123977401,5.821436833357,4.));
#1215 = CARTESIAN_POINT('',(19.297641448698,5.911784332052,4.));
#1216 = CARTESIAN_POINT('',(19.273954363713,5.952062273285,4.));
#1217 = CARTESIAN_POINT('',(19.246031450898,5.990251748355,4.));
#1218 = CARTESIAN_POINT('',(19.214017771833,6.026289683029,4.));
#1219 = CARTESIAN_POINT('',(19.178125,6.06015625,4.));
#1220 = PCURVE('',#44,#1221);
#1221 = DEFINITIONAL_REPRESENTATION('',(#1222),#1233);
#1222 = B_SPLINE_CURVE_WITH_KNOTS('',5,(#1223,#1224,#1225,#1226,#1227,
    #1228,#1229,#1230,#1231,#1232),.UNSPECIFIED.,.F.,.F.,(6,4,6),(0.,
    0.532389854039,1.),.UNSPECIFIED.);
#1223 = CARTESIAN_POINT('',(19.371875,5.60546875));
#1224 = CARTESIAN_POINT('',(19.371875,5.662549318709));
#1225 = CARTESIAN_POINT('',(19.366537244502,5.71773991102));
#1226 = CARTESIAN_POINT('',(19.355650814361,5.770779072968));
#1227 = CARTESIAN_POINT('',(19.339123977401,5.821436833357));
#1228 = CARTESIAN_POINT('',(19.297641448698,5.911784332052));
#1229 = CARTESIAN_POINT('',(19.273954363713,5.952062273285));
#1230 = CARTESIAN_POINT('',(19.246031450898,5.990251748355));
#1231 = CARTESIAN_POINT('',(19.214017771833,6.026289683029));
#1232 = CARTESIAN_POINT('',(19.178125,6.06015625));
#1233 = ( GEOMETRIC_REPRESENTATION_CONTEXT(2) 
PARAMETRIC_REPRESENTATION_CONTEXT() REPRESENTATION_CONTEXT('2D SPACE',''
  ) );
#1234 = PCURVE('',#1235,#1242);
#1235 = SURFACE_OF_LINEAR_EXTRUSION('',#1236,#1240);
#1236 = B_SPLINE_CURVE_WITH_KNOTS('',2,(#1237,#1238,#1239),
  .UNSPECIFIED.,.F.,.F.,(3,3),(0.,1.),.PIECEWISE_BEZIER_KNOTS.);
#1237 = CARTESIAN_POINT('',(19.178125,6.06015625,3.95));
#1238 = CARTESIAN_POINT('',(19.371875,5.87734375,3.95));
#1239 = CARTESIAN_POINT('',(19.371875,5.60546875,3.95));
#1240 = VECTOR('',#1241,1.);
#1241 = DIRECTION('',(-0.,-0.,-1.));
#1242 = DEFINITIONAL_REPRESENTATION('',(#1243),#1254);
#1243 = B_SPLINE_CURVE_WITH_KNOTS('',5,(#1244,#1245,#1246,#1247,#1248,
    #1249,#1250,#1251,#1252,#1253),.UNSPECIFIED.,.F.,.F.,(6,4,6),(0.,
    0.532389854039,1.),.UNSPECIFIED.);
#1244 = CARTESIAN_POINT('',(1.,-5.E-02));
#1245 = CARTESIAN_POINT('',(0.895024241455,-5.E-02));
#1246 = CARTESIAN_POINT('',(0.789011849761,-5.E-02));
#1247 = CARTESIAN_POINT('',(0.682265352178,-5.E-02));
#1248 = CARTESIAN_POINT('',(0.575130135344,-5.E-02));
#1249 = CARTESIAN_POINT('',(0.373905159828,-5.E-02));
#1250 = CARTESIAN_POINT('',(0.279806108183,-5.E-02));
#1251 = CARTESIAN_POINT('',(0.185967013796,-5.E-02));
#1252 = CARTESIAN_POINT('',(9.262650795566E-02,-5.E-02));
#1253 = CARTESIAN_POINT('',(0.,-5.E-02));
#1254 = ( GEOMETRIC_REPRESENTATION_CONTEXT(2) 
PARAMETRIC_REPRESENTATION_CONTEXT() REPRESENTATION_CONTEXT('2D SPACE',''
  ) );
#1255 = ORIENTED_EDGE('',*,*,#1256,.F.);
#1256 = EDGE_CURVE('',#1257,#1206,#1259,.T.);
#1257 = VERTEX_POINT('',#1258);
#1258 = CARTESIAN_POINT('',(19.31640625,5.3109375,4.));
#1259 = SURFACE_CURVE('',#1260,(#1269,#1281),.PCURVE_S1.);
#1260 = B_SPLINE_CURVE_WITH_KNOTS('',4,(#1261,#1262,#1263,#1264,#1265,
    #1266,#1267,#1268),.UNSPECIFIED.,.F.,.F.,(5,3,5),(0.,0.303832471656,
    1.),.UNSPECIFIED.);
#1261 = CARTESIAN_POINT('',(19.31640625,5.3109375,4.));
#1262 = CARTESIAN_POINT('',(19.324834364495,5.332185844995,4.));
#1263 = CARTESIAN_POINT('',(19.332411883068,5.353670557096,4.));
#1264 = CARTESIAN_POINT('',(19.339135810359,5.37538807562,4.));
#1265 = CARTESIAN_POINT('',(19.358453165115,5.447619408435,4.));
#1266 = CARTESIAN_POINT('',(19.367414152663,5.499105330688,4.));
#1267 = CARTESIAN_POINT('',(19.371875,5.551742355601,4.));
#1268 = CARTESIAN_POINT('',(19.371875,5.60546875,4.));
#1269 = PCURVE('',#44,#1270);
#1270 = DEFINITIONAL_REPRESENTATION('',(#1271),#1280);
#1271 = B_SPLINE_CURVE_WITH_KNOTS('',4,(#1272,#1273,#1274,#1275,#1276,
    #1277,#1278,#1279),.UNSPECIFIED.,.F.,.F.,(5,3,5),(0.,0.303832471656,
    1.),.UNSPECIFIED.);
#1272 = CARTESIAN_POINT('',(19.31640625,5.3109375));
#1273 = CARTESIAN_POINT('',(19.324834364495,5.332185844995));
#1274 = CARTESIAN_POINT('',(19.332411883068,5.353670557096));
#1275 = CARTESIAN_POINT('',(19.339135810359,5.37538807562));
#1276 = CARTESIAN_POINT('',(19.358453165115,5.447619408435));
#1277 = CARTESIAN_POINT('',(19.367414152663,5.499105330688));
#1278 = CARTESIAN_POINT('',(19.371875,5.551742355601));
#1279 = CARTESIAN_POINT('',(19.371875,5.60546875));
#1280 = ( GEOMETRIC_REPRESENTATION_CONTEXT(2) 
PARAMETRIC_REPRESENTATION_CONTEXT() REPRESENTATION_CONTEXT('2D SPACE',''
  ) );
#1281 = PCURVE('',#1282,#1289);
#1282 = SURFACE_OF_LINEAR_EXTRUSION('',#1283,#1287);
#1283 = B_SPLINE_CURVE_WITH_KNOTS('',2,(#1284,#1285,#1286),
  .UNSPECIFIED.,.F.,.F.,(3,3),(0.,1.),.PIECEWISE_BEZIER_KNOTS.);
#1284 = CARTESIAN_POINT('',(19.371875,5.60546875,3.95));
#1285 = CARTESIAN_POINT('',(19.371875,5.45078125,3.95));
#1286 = CARTESIAN_POINT('',(19.31640625,5.3109375,3.95));
#1287 = VECTOR('',#1288,1.);
#1288 = DIRECTION('',(-0.,-0.,-1.));
#1289 = DEFINITIONAL_REPRESENTATION('',(#1290),#1299);
#1290 = B_SPLINE_CURVE_WITH_KNOTS('',4,(#1291,#1292,#1293,#1294,#1295,
    #1296,#1297,#1298),.UNSPECIFIED.,.F.,.F.,(5,3,5),(0.,0.303832471656,
    1.),.UNSPECIFIED.);
#1291 = CARTESIAN_POINT('',(1.,-5.E-02));
#1292 = CARTESIAN_POINT('',(0.924028263704,-5.E-02));
#1293 = CARTESIAN_POINT('',(0.848028267708,-5.E-02));
#1294 = CARTESIAN_POINT('',(0.77201411224,-5.E-02));
#1295 = CARTESIAN_POINT('',(0.521829818818,-5.E-02));
#1296 = CARTESIAN_POINT('',(0.347659530314,-5.E-02));
#1297 = CARTESIAN_POINT('',(0.173661072804,-5.E-02));
#1298 = CARTESIAN_POINT('',(0.,-5.E-02));
#1299 = ( GEOMETRIC_REPRESENTATION_CONTEXT(2) 
PARAMETRIC_REPRESENTATION_CONTEXT() REPRESENTATION_CONTEXT('2D SPACE',''
  ) );
#1300 = ORIENTED_EDGE('',*,*,#1301,.F.);
#1301 = EDGE_CURVE('',#1302,#1257,#1304,.T.);
#1302 = VERTEX_POINT('',#1303);
#1303 = CARTESIAN_POINT('',(19.140625,5.01796875,4.));
#1304 = SURFACE_CURVE('',#1305,(#1312,#1322),.PCURVE_S1.);
#1305 = B_SPLINE_CURVE_WITH_KNOTS('',5,(#1306,#1307,#1308,#1309,#1310,
    #1311),.UNSPECIFIED.,.F.,.F.,(6,6),(0.,1.),
  .PIECEWISE_BEZIER_KNOTS.);
#1306 = CARTESIAN_POINT('',(19.140625,5.01796875,4.));
#1307 = CARTESIAN_POINT('',(19.188043357145,5.078319386366,4.));
#1308 = CARTESIAN_POINT('',(19.229565675777,5.137888847509,4.));
#1309 = CARTESIAN_POINT('',(19.264938743133,5.196581180123,4.));
#1310 = CARTESIAN_POINT('',(19.293939877157,5.254296926213,4.));
#1311 = CARTESIAN_POINT('',(19.31640625,5.3109375,4.));
#1312 = PCURVE('',#44,#1313);
#1313 = DEFINITIONAL_REPRESENTATION('',(#1314),#1321);
#1314 = B_SPLINE_CURVE_WITH_KNOTS('',5,(#1315,#1316,#1317,#1318,#1319,
    #1320),.UNSPECIFIED.,.F.,.F.,(6,6),(0.,1.),
  .PIECEWISE_BEZIER_KNOTS.);
#1315 = CARTESIAN_POINT('',(19.140625,5.01796875));
#1316 = CARTESIAN_POINT('',(19.188043357145,5.078319386366));
#1317 = CARTESIAN_POINT('',(19.229565675777,5.137888847509));
#1318 = CARTESIAN_POINT('',(19.264938743133,5.196581180123));
#1319 = CARTESIAN_POINT('',(19.293939877157,5.254296926213));
#1320 = CARTESIAN_POINT('',(19.31640625,5.3109375));
#1321 = ( GEOMETRIC_REPRESENTATION_CONTEXT(2) 
PARAMETRIC_REPRESENTATION_CONTEXT() REPRESENTATION_CONTEXT('2D SPACE',''
  ) );
#1322 = PCURVE('',#1323,#1330);
#1323 = SURFACE_OF_LINEAR_EXTRUSION('',#1324,#1328);
#1324 = B_SPLINE_CURVE_WITH_KNOTS('',2,(#1325,#1326,#1327),
  .UNSPECIFIED.,.F.,.F.,(3,3),(0.,1.),.PIECEWISE_BEZIER_KNOTS.);
#1325 = CARTESIAN_POINT('',(19.31640625,5.3109375,3.95));
#1326 = CARTESIAN_POINT('',(19.2609375,5.17109375,3.95));
#1327 = CARTESIAN_POINT('',(19.140625,5.01796875,3.95));
#1328 = VECTOR('',#1329,1.);
#1329 = DIRECTION('',(-0.,-0.,-1.));
#1330 = DEFINITIONAL_REPRESENTATION('',(#1331),#1338);
#1331 = B_SPLINE_CURVE_WITH_KNOTS('',5,(#1332,#1333,#1334,#1335,#1336,
    #1337),.UNSPECIFIED.,.F.,.F.,(6,6),(0.,1.),
  .PIECEWISE_BEZIER_KNOTS.);
#1332 = CARTESIAN_POINT('',(1.,-5.E-02));
#1333 = CARTESIAN_POINT('',(0.80293669758,-5.E-02));
#1334 = CARTESIAN_POINT('',(0.60421384416,-5.E-02));
#1335 = CARTESIAN_POINT('',(0.404003021038,-5.E-02));
#1336 = CARTESIAN_POINT('',(0.202513783374,-5.E-02));
#1337 = CARTESIAN_POINT('',(0.,-5.E-02));
#1338 = ( GEOMETRIC_REPRESENTATION_CONTEXT(2) 
PARAMETRIC_REPRESENTATION_CONTEXT() REPRESENTATION_CONTEXT('2D SPACE',''
  ) );
#1339 = ORIENTED_EDGE('',*,*,#1340,.F.);
#1340 = EDGE_CURVE('',#1341,#1302,#1343,.T.);
#1341 = VERTEX_POINT('',#1342);
#1342 = CARTESIAN_POINT('',(18.853125,4.72578125,4.));
#1343 = SURFACE_CURVE('',#1344,(#1352,#1363),.PCURVE_S1.);
#1344 = B_SPLINE_CURVE_WITH_KNOTS('',6,(#1345,#1346,#1347,#1348,#1349,
    #1350,#1351),.UNSPECIFIED.,.F.,.F.,(7,7),(0.,1.),
  .PIECEWISE_BEZIER_KNOTS.);
#1345 = CARTESIAN_POINT('',(18.853125,4.72578125,4.));
#1346 = CARTESIAN_POINT('',(18.918526551477,4.785773650603,4.));
#1347 = CARTESIAN_POINT('',(18.977950951433,4.841974860631,4.));
#1348 = CARTESIAN_POINT('',(19.030672730243,4.893878324366,4.));
#1349 = CARTESIAN_POINT('',(19.075879224091,4.940901706772,4.));
#1350 = CARTESIAN_POINT('',(19.112745027756,4.982435452042,4.));
#1351 = CARTESIAN_POINT('',(19.140625,5.01796875,4.));
#1352 = PCURVE('',#44,#1353);
#1353 = DEFINITIONAL_REPRESENTATION('',(#1354),#1362);
#1354 = B_SPLINE_CURVE_WITH_KNOTS('',6,(#1355,#1356,#1357,#1358,#1359,
    #1360,#1361),.UNSPECIFIED.,.F.,.F.,(7,7),(0.,1.),
  .PIECEWISE_BEZIER_KNOTS.);
#1355 = CARTESIAN_POINT('',(18.853125,4.72578125));
#1356 = CARTESIAN_POINT('',(18.918526551477,4.785773650603));
#1357 = CARTESIAN_POINT('',(18.977950951433,4.841974860631));
#1358 = CARTESIAN_POINT('',(19.030672730243,4.893878324366));
#1359 = CARTESIAN_POINT('',(19.075879224091,4.940901706772));
#1360 = CARTESIAN_POINT('',(19.112745027756,4.982435452042));
#1361 = CARTESIAN_POINT('',(19.140625,5.01796875));
#1362 = ( GEOMETRIC_REPRESENTATION_CONTEXT(2) 
PARAMETRIC_REPRESENTATION_CONTEXT() REPRESENTATION_CONTEXT('2D SPACE',''
  ) );
#1363 = PCURVE('',#1364,#1371);
#1364 = SURFACE_OF_LINEAR_EXTRUSION('',#1365,#1369);
#1365 = B_SPLINE_CURVE_WITH_KNOTS('',2,(#1366,#1367,#1368),
  .UNSPECIFIED.,.F.,.F.,(3,3),(0.,1.),.PIECEWISE_BEZIER_KNOTS.);
#1366 = CARTESIAN_POINT('',(19.140625,5.01796875,3.95));
#1367 = CARTESIAN_POINT('',(19.0609375,4.91640625,3.95));
#1368 = CARTESIAN_POINT('',(18.853125,4.72578125,3.95));
#1369 = VECTOR('',#1370,1.);
#1370 = DIRECTION('',(-0.,-0.,-1.));
#1371 = DEFINITIONAL_REPRESENTATION('',(#1372),#1380);
#1372 = B_SPLINE_CURVE_WITH_KNOTS('',6,(#1373,#1374,#1375,#1376,#1377,
    #1378,#1379),.UNSPECIFIED.,.F.,.F.,(7,7),(0.,1.),
  .PIECEWISE_BEZIER_KNOTS.);
#1373 = CARTESIAN_POINT('',(1.,-5.E-02));
#1374 = CARTESIAN_POINT('',(0.842642883665,-5.E-02));
#1375 = CARTESIAN_POINT('',(0.681347507706,-5.E-02));
#1376 = CARTESIAN_POINT('',(0.516138410346,-5.E-02));
#1377 = CARTESIAN_POINT('',(0.347204400212,-5.E-02));
#1378 = CARTESIAN_POINT('',(0.174933159176,-5.E-02));
#1379 = CARTESIAN_POINT('',(0.,-5.E-02));
#1380 = ( GEOMETRIC_REPRESENTATION_CONTEXT(2) 
PARAMETRIC_REPRESENTATION_CONTEXT() REPRESENTATION_CONTEXT('2D SPACE',''
  ) );
#1381 = ORIENTED_EDGE('',*,*,#1382,.F.);
#1382 = EDGE_CURVE('',#1383,#1341,#1385,.T.);
#1383 = VERTEX_POINT('',#1384);
#1384 = CARTESIAN_POINT('',(18.58984375,4.47265625,4.));
#1385 = SURFACE_CURVE('',#1386,(#1394,#1405),.PCURVE_S1.);
#1386 = B_SPLINE_CURVE_WITH_KNOTS('',6,(#1387,#1388,#1389,#1390,#1391,
    #1392,#1393),.UNSPECIFIED.,.F.,.F.,(7,7),(0.,1.),
  .PIECEWISE_BEZIER_KNOTS.);
#1387 = CARTESIAN_POINT('',(18.58984375,4.47265625,4.));
#1388 = CARTESIAN_POINT('',(18.60935974938,4.494646108457,4.));
#1389 = CARTESIAN_POINT('',(18.639925502155,4.525853199531,4.));
#1390 = CARTESIAN_POINT('',(18.680808550069,4.565617615884,4.));
#1391 = CARTESIAN_POINT('',(18.730770297138,4.612873389409,4.));
#1392 = CARTESIAN_POINT('',(18.788568866039,4.666564345163,4.));
#1393 = CARTESIAN_POINT('',(18.853125,4.72578125,4.));
#1394 = PCURVE('',#44,#1395);
#1395 = DEFINITIONAL_REPRESENTATION('',(#1396),#1404);
#1396 = B_SPLINE_CURVE_WITH_KNOTS('',6,(#1397,#1398,#1399,#1400,#1401,
    #1402,#1403),.UNSPECIFIED.,.F.,.F.,(7,7),(0.,1.),
  .PIECEWISE_BEZIER_KNOTS.);
#1397 = CARTESIAN_POINT('',(18.58984375,4.47265625));
#1398 = CARTESIAN_POINT('',(18.60935974938,4.494646108457));
#1399 = CARTESIAN_POINT('',(18.639925502155,4.525853199531));
#1400 = CARTESIAN_POINT('',(18.680808550069,4.565617615884));
#1401 = CARTESIAN_POINT('',(18.730770297138,4.612873389409));
#1402 = CARTESIAN_POINT('',(18.788568866039,4.666564345163));
#1403 = CARTESIAN_POINT('',(18.853125,4.72578125));
#1404 = ( GEOMETRIC_REPRESENTATION_CONTEXT(2) 
PARAMETRIC_REPRESENTATION_CONTEXT() REPRESENTATION_CONTEXT('2D SPACE',''
  ) );
#1405 = PCURVE('',#1406,#1413);
#1406 = SURFACE_OF_LINEAR_EXTRUSION('',#1407,#1411);
#1407 = B_SPLINE_CURVE_WITH_KNOTS('',2,(#1408,#1409,#1410),
  .UNSPECIFIED.,.F.,.F.,(3,3),(0.,1.),.PIECEWISE_BEZIER_KNOTS.);
#1408 = CARTESIAN_POINT('',(18.853125,4.72578125,3.95));
#1409 = CARTESIAN_POINT('',(18.6453125,4.53515625,3.95));
#1410 = CARTESIAN_POINT('',(18.58984375,4.47265625,3.95));
#1411 = VECTOR('',#1412,1.);
#1412 = DIRECTION('',(-0.,-0.,-1.));
#1413 = DEFINITIONAL_REPRESENTATION('',(#1414),#1422);
#1414 = B_SPLINE_CURVE_WITH_KNOTS('',6,(#1415,#1416,#1417,#1418,#1419,
    #1420,#1421),.UNSPECIFIED.,.F.,.F.,(7,7),(0.,1.),
  .PIECEWISE_BEZIER_KNOTS.);
#1415 = CARTESIAN_POINT('',(1.,-5.E-02));
#1416 = CARTESIAN_POINT('',(0.824081132346,-5.E-02));
#1417 = CARTESIAN_POINT('',(0.650556472372,-5.E-02));
#1418 = CARTESIAN_POINT('',(0.480810655424,-5.E-02));
#1419 = CARTESIAN_POINT('',(0.315609552438,-5.E-02));
#1420 = CARTESIAN_POINT('',(0.15532302908,-5.E-02));
#1421 = CARTESIAN_POINT('',(0.,-5.E-02));
#1422 = ( GEOMETRIC_REPRESENTATION_CONTEXT(2) 
PARAMETRIC_REPRESENTATION_CONTEXT() REPRESENTATION_CONTEXT('2D SPACE',''
  ) );
#1423 = ORIENTED_EDGE('',*,*,#1424,.F.);
#1424 = EDGE_CURVE('',#553,#1383,#1425,.T.);
#1425 = SURFACE_CURVE('',#1426,(#1432,#1441),.PCURVE_S1.);
#1426 = B_SPLINE_CURVE_WITH_KNOTS('',4,(#1427,#1428,#1429,#1430,#1431),
  .UNSPECIFIED.,.F.,.F.,(5,5),(0.,1.),.PIECEWISE_BEZIER_KNOTS.);
#1427 = CARTESIAN_POINT('',(18.5,4.35078125,4.));
#1428 = CARTESIAN_POINT('',(18.517223286933,4.380530563793,4.));
#1429 = CARTESIAN_POINT('',(18.537956304792,4.410767361061,4.));
#1430 = CARTESIAN_POINT('',(18.562174973858,4.441480164206,4.));
#1431 = CARTESIAN_POINT('',(18.58984375,4.47265625,4.));
#1432 = PCURVE('',#44,#1433);
#1433 = DEFINITIONAL_REPRESENTATION('',(#1434),#1440);
#1434 = B_SPLINE_CURVE_WITH_KNOTS('',4,(#1435,#1436,#1437,#1438,#1439),
  .UNSPECIFIED.,.F.,.F.,(5,5),(0.,1.),.PIECEWISE_BEZIER_KNOTS.);
#1435 = CARTESIAN_POINT('',(18.5,4.35078125));
#1436 = CARTESIAN_POINT('',(18.517223286933,4.380530563793));
#1437 = CARTESIAN_POINT('',(18.537956304792,4.410767361061));
#1438 = CARTESIAN_POINT('',(18.562174973858,4.441480164206));
#1439 = CARTESIAN_POINT('',(18.58984375,4.47265625));
#1440 = ( GEOMETRIC_REPRESENTATION_CONTEXT(2) 
PARAMETRIC_REPRESENTATION_CONTEXT() REPRESENTATION_CONTEXT('2D SPACE',''
  ) );
#1441 = PCURVE('',#1442,#1449);
#1442 = SURFACE_OF_LINEAR_EXTRUSION('',#1443,#1447);
#1443 = B_SPLINE_CURVE_WITH_KNOTS('',2,(#1444,#1445,#1446),
  .UNSPECIFIED.,.F.,.F.,(3,3),(0.,1.),.PIECEWISE_BEZIER_KNOTS.);
#1444 = CARTESIAN_POINT('',(18.58984375,4.47265625,3.95));
#1445 = CARTESIAN_POINT('',(18.534375,4.41015625,3.95));
#1446 = CARTESIAN_POINT('',(18.5,4.35078125,3.95));
#1447 = VECTOR('',#1448,1.);
#1448 = DIRECTION('',(-0.,-0.,-1.));
#1449 = DEFINITIONAL_REPRESENTATION('',(#1450),#1456);
#1450 = B_SPLINE_CURVE_WITH_KNOTS('',4,(#1451,#1452,#1453,#1454,#1455),
  .UNSPECIFIED.,.F.,.F.,(5,5),(0.,1.),.PIECEWISE_BEZIER_KNOTS.);
#1451 = CARTESIAN_POINT('',(1.,-5.E-02));
#1452 = CARTESIAN_POINT('',(0.749479462798,-5.E-02));
#1453 = CARTESIAN_POINT('',(0.499258070962,-5.E-02));
#1454 = CARTESIAN_POINT('',(0.249408686349,-5.E-02));
#1455 = CARTESIAN_POINT('',(0.,-5.E-02));
#1456 = ( GEOMETRIC_REPRESENTATION_CONTEXT(2) 
PARAMETRIC_REPRESENTATION_CONTEXT() REPRESENTATION_CONTEXT('2D SPACE',''
  ) );
#1457 = FACE_BOUND('',#1458,.T.);
#1458 = EDGE_LOOP('',(#1459,#1487,#1513,#1539));
#1459 = ORIENTED_EDGE('',*,*,#1460,.F.);
#1460 = EDGE_CURVE('',#1461,#1463,#1465,.T.);
#1461 = VERTEX_POINT('',#1462);
#1462 = CARTESIAN_POINT('',(19.7625,3.94296875,4.));
#1463 = VERTEX_POINT('',#1464);
#1464 = CARTESIAN_POINT('',(20.2015625,3.94296875,4.));
#1465 = SURFACE_CURVE('',#1466,(#1470,#1476),.PCURVE_S1.);
#1466 = LINE('',#1467,#1468);
#1467 = CARTESIAN_POINT('',(10.10078125,3.94296875,4.));
#1468 = VECTOR('',#1469,1.);
#1469 = DIRECTION('',(1.,0.,-0.));
#1470 = PCURVE('',#44,#1471);
#1471 = DEFINITIONAL_REPRESENTATION('',(#1472),#1475);
#1472 = B_SPLINE_CURVE_WITH_KNOTS('',1,(#1473,#1474),.UNSPECIFIED.,.F.,
  .F.,(2,2),(9.66171875,10.10078125),.PIECEWISE_BEZIER_KNOTS.);
#1473 = CARTESIAN_POINT('',(19.7625,3.94296875));
#1474 = CARTESIAN_POINT('',(20.2015625,3.94296875));
#1475 = ( GEOMETRIC_REPRESENTATION_CONTEXT(2) 
PARAMETRIC_REPRESENTATION_CONTEXT() REPRESENTATION_CONTEXT('2D SPACE',''
  ) );
#1476 = PCURVE('',#1477,#1482);
#1477 = PLANE('',#1478);
#1478 = AXIS2_PLACEMENT_3D('',#1479,#1480,#1481);
#1479 = CARTESIAN_POINT('',(20.2015625,3.94296875,3.95));
#1480 = DIRECTION('',(0.,-1.,0.));
#1481 = DIRECTION('',(-1.,0.,0.));
#1482 = DEFINITIONAL_REPRESENTATION('',(#1483),#1486);
#1483 = B_SPLINE_CURVE_WITH_KNOTS('',1,(#1484,#1485),.UNSPECIFIED.,.F.,
  .F.,(2,2),(9.66171875,10.10078125),.PIECEWISE_BEZIER_KNOTS.);
#1484 = CARTESIAN_POINT('',(0.4390625,-5.E-02));
#1485 = CARTESIAN_POINT('',(0.,-5.E-02));
#1486 = ( GEOMETRIC_REPRESENTATION_CONTEXT(2) 
PARAMETRIC_REPRESENTATION_CONTEXT() REPRESENTATION_CONTEXT('2D SPACE',''
  ) );
#1487 = ORIENTED_EDGE('',*,*,#1488,.F.);
#1488 = EDGE_CURVE('',#1489,#1461,#1491,.T.);
#1489 = VERTEX_POINT('',#1490);
#1490 = CARTESIAN_POINT('',(19.7625,4.38203125,4.));
#1491 = SURFACE_CURVE('',#1492,(#1496,#1502),.PCURVE_S1.);
#1492 = LINE('',#1493,#1494);
#1493 = CARTESIAN_POINT('',(19.7625,1.971484375,4.));
#1494 = VECTOR('',#1495,1.);
#1495 = DIRECTION('',(0.,-1.,0.));
#1496 = PCURVE('',#44,#1497);
#1497 = DEFINITIONAL_REPRESENTATION('',(#1498),#1501);
#1498 = B_SPLINE_CURVE_WITH_KNOTS('',1,(#1499,#1500),.UNSPECIFIED.,.F.,
  .F.,(2,2),(-2.410546875,-1.971484375),.PIECEWISE_BEZIER_KNOTS.);
#1499 = CARTESIAN_POINT('',(19.7625,4.38203125));
#1500 = CARTESIAN_POINT('',(19.7625,3.94296875));
#1501 = ( GEOMETRIC_REPRESENTATION_CONTEXT(2) 
PARAMETRIC_REPRESENTATION_CONTEXT() REPRESENTATION_CONTEXT('2D SPACE',''
  ) );
#1502 = PCURVE('',#1503,#1508);
#1503 = PLANE('',#1504);
#1504 = AXIS2_PLACEMENT_3D('',#1505,#1506,#1507);
#1505 = CARTESIAN_POINT('',(19.7625,3.94296875,3.95));
#1506 = DIRECTION('',(-1.,0.,0.));
#1507 = DIRECTION('',(0.,1.,0.));
#1508 = DEFINITIONAL_REPRESENTATION('',(#1509),#1512);
#1509 = B_SPLINE_CURVE_WITH_KNOTS('',1,(#1510,#1511),.UNSPECIFIED.,.F.,
  .F.,(2,2),(-2.410546875,-1.971484375),.PIECEWISE_BEZIER_KNOTS.);
#1510 = CARTESIAN_POINT('',(0.4390625,-5.E-02));
#1511 = CARTESIAN_POINT('',(0.,-5.E-02));
#1512 = ( GEOMETRIC_REPRESENTATION_CONTEXT(2) 
PARAMETRIC_REPRESENTATION_CONTEXT() REPRESENTATION_CONTEXT('2D SPACE',''
  ) );
#1513 = ORIENTED_EDGE('',*,*,#1514,.F.);
#1514 = EDGE_CURVE('',#1515,#1489,#1517,.T.);
#1515 = VERTEX_POINT('',#1516);
#1516 = CARTESIAN_POINT('',(20.2015625,4.38203125,4.));
#1517 = SURFACE_CURVE('',#1518,(#1522,#1528),.PCURVE_S1.);
#1518 = LINE('',#1519,#1520);
#1519 = CARTESIAN_POINT('',(9.88125,4.38203125,4.));
#1520 = VECTOR('',#1521,1.);
#1521 = DIRECTION('',(-1.,0.,0.));
#1522 = PCURVE('',#44,#1523);
#1523 = DEFINITIONAL_REPRESENTATION('',(#1524),#1527);
#1524 = B_SPLINE_CURVE_WITH_KNOTS('',1,(#1525,#1526),.UNSPECIFIED.,.F.,
  .F.,(2,2),(-10.3203125,-9.88125),.PIECEWISE_BEZIER_KNOTS.);
#1525 = CARTESIAN_POINT('',(20.2015625,4.38203125));
#1526 = CARTESIAN_POINT('',(19.7625,4.38203125));
#1527 = ( GEOMETRIC_REPRESENTATION_CONTEXT(2) 
PARAMETRIC_REPRESENTATION_CONTEXT() REPRESENTATION_CONTEXT('2D SPACE',''
  ) );
#1528 = PCURVE('',#1529,#1534);
#1529 = PLANE('',#1530);
#1530 = AXIS2_PLACEMENT_3D('',#1531,#1532,#1533);
#1531 = CARTESIAN_POINT('',(19.7625,4.38203125,3.95));
#1532 = DIRECTION('',(0.,1.,0.));
#1533 = DIRECTION('',(1.,0.,0.));
#1534 = DEFINITIONAL_REPRESENTATION('',(#1535),#1538);
#1535 = B_SPLINE_CURVE_WITH_KNOTS('',1,(#1536,#1537),.UNSPECIFIED.,.F.,
  .F.,(2,2),(-10.3203125,-9.88125),.PIECEWISE_BEZIER_KNOTS.);
#1536 = CARTESIAN_POINT('',(0.4390625,-5.E-02));
#1537 = CARTESIAN_POINT('',(0.,-5.E-02));
#1538 = ( GEOMETRIC_REPRESENTATION_CONTEXT(2) 
PARAMETRIC_REPRESENTATION_CONTEXT() REPRESENTATION_CONTEXT('2D SPACE',''
  ) );
#1539 = ORIENTED_EDGE('',*,*,#1540,.F.);
#1540 = EDGE_CURVE('',#1463,#1515,#1541,.T.);
#1541 = SURFACE_CURVE('',#1542,(#1546,#1552),.PCURVE_S1.);
#1542 = LINE('',#1543,#1544);
#1543 = CARTESIAN_POINT('',(20.2015625,2.191015625,4.));
#1544 = VECTOR('',#1545,1.);
#1545 = DIRECTION('',(0.,1.,0.));
#1546 = PCURVE('',#44,#1547);
#1547 = DEFINITIONAL_REPRESENTATION('',(#1548),#1551);
#1548 = B_SPLINE_CURVE_WITH_KNOTS('',1,(#1549,#1550),.UNSPECIFIED.,.F.,
  .F.,(2,2),(1.751953125,2.191015625),.PIECEWISE_BEZIER_KNOTS.);
#1549 = CARTESIAN_POINT('',(20.2015625,3.94296875));
#1550 = CARTESIAN_POINT('',(20.2015625,4.38203125));
#1551 = ( GEOMETRIC_REPRESENTATION_CONTEXT(2) 
PARAMETRIC_REPRESENTATION_CONTEXT() REPRESENTATION_CONTEXT('2D SPACE',''
  ) );
#1552 = PCURVE('',#1553,#1558);
#1553 = PLANE('',#1554);
#1554 = AXIS2_PLACEMENT_3D('',#1555,#1556,#1557);
#1555 = CARTESIAN_POINT('',(20.2015625,4.38203125,3.95));
#1556 = DIRECTION('',(1.,0.,0.));
#1557 = DIRECTION('',(0.,-1.,0.));
#1558 = DEFINITIONAL_REPRESENTATION('',(#1559),#1562);
#1559 = B_SPLINE_CURVE_WITH_KNOTS('',1,(#1560,#1561),.UNSPECIFIED.,.F.,
  .F.,(2,2),(1.751953125,2.191015625),.PIECEWISE_BEZIER_KNOTS.);
#1560 = CARTESIAN_POINT('',(0.4390625,-5.E-02));
#1561 = CARTESIAN_POINT('',(0.,-5.E-02));
#1562 = ( GEOMETRIC_REPRESENTATION_CONTEXT(2) 
PARAMETRIC_REPRESENTATION_CONTEXT() REPRESENTATION_CONTEXT('2D SPACE',''
  ) );
#1563 = FACE_BOUND('',#1564,.T.);
#1564 = EDGE_LOOP('',(#1565,#1593,#1632,#1677,#1728,#1773,#1824,#1875,
    #1926,#1983,#2034,#2085,#2142,#2199,#2250,#2301));
#1565 = ORIENTED_EDGE('',*,*,#1566,.F.);
#1566 = EDGE_CURVE('',#1567,#1569,#1571,.T.);
#1567 = VERTEX_POINT('',#1568);
#1568 = CARTESIAN_POINT('',(21.6203125,5.62578125,4.));
#1569 = VERTEX_POINT('',#1570);
#1570 = CARTESIAN_POINT('',(22.0453125,5.67265625,4.));
#1571 = SURFACE_CURVE('',#1572,(#1576,#1582),.PCURVE_S1.);
#1572 = LINE('',#1573,#1574);
#1573 = CARTESIAN_POINT('',(10.846062493323,4.437444852205,4.));
#1574 = VECTOR('',#1575,1.);
#1575 = DIRECTION('',(0.993972540491,0.109629324319,-0.));
#1576 = PCURVE('',#44,#1577);
#1577 = DEFINITIONAL_REPRESENTATION('',(#1578),#1581);
#1578 = B_SPLINE_CURVE_WITH_KNOTS('',1,(#1579,#1580),.UNSPECIFIED.,.F.,
  .F.,(2,2),(10.839585167372,11.267162371658),.PIECEWISE_BEZIER_KNOTS.);
#1579 = CARTESIAN_POINT('',(21.6203125,5.62578125));
#1580 = CARTESIAN_POINT('',(22.0453125,5.67265625));
#1581 = ( GEOMETRIC_REPRESENTATION_CONTEXT(2) 
PARAMETRIC_REPRESENTATION_CONTEXT() REPRESENTATION_CONTEXT('2D SPACE',''
  ) );
#1582 = PCURVE('',#1583,#1588);
#1583 = PLANE('',#1584);
#1584 = AXIS2_PLACEMENT_3D('',#1585,#1586,#1587);
#1585 = CARTESIAN_POINT('',(22.0453125,5.67265625,3.95));
#1586 = DIRECTION('',(0.109629324319,-0.993972540491,0.));
#1587 = DIRECTION('',(-0.993972540491,-0.109629324319,0.));
#1588 = DEFINITIONAL_REPRESENTATION('',(#1589),#1592);
#1589 = B_SPLINE_CURVE_WITH_KNOTS('',1,(#1590,#1591),.UNSPECIFIED.,.F.,
  .F.,(2,2),(10.839585167372,11.267162371658),.PIECEWISE_BEZIER_KNOTS.);
#1590 = CARTESIAN_POINT('',(0.427577204286,-5.E-02));
#1591 = CARTESIAN_POINT('',(0.,-5.E-02));
#1592 = ( GEOMETRIC_REPRESENTATION_CONTEXT(2) 
PARAMETRIC_REPRESENTATION_CONTEXT() REPRESENTATION_CONTEXT('2D SPACE',''
  ) );
#1593 = ORIENTED_EDGE('',*,*,#1594,.F.);
#1594 = EDGE_CURVE('',#1595,#1567,#1597,.T.);
#1595 = VERTEX_POINT('',#1596);
#1596 = CARTESIAN_POINT('',(21.5390625,5.81953125,4.));
#1597 = SURFACE_CURVE('',#1598,(#1605,#1615),.PCURVE_S1.);
#1598 = B_SPLINE_CURVE_WITH_KNOTS('',5,(#1599,#1600,#1601,#1602,#1603,
    #1604),.UNSPECIFIED.,.F.,.F.,(6,6),(0.,1.),
  .PIECEWISE_BEZIER_KNOTS.);
#1599 = CARTESIAN_POINT('',(21.5390625,5.81953125,4.));
#1600 = CARTESIAN_POINT('',(21.565485497281,5.794366490684,4.));
#1601 = CARTESIAN_POINT('',(21.586816913389,5.762260077343,4.));
#1602 = CARTESIAN_POINT('',(21.603011786427,5.723300187946,4.));
#1603 = CARTESIAN_POINT('',(21.614131157383,5.677704527984,4.));
#1604 = CARTESIAN_POINT('',(21.6203125,5.62578125,4.));
#1605 = PCURVE('',#44,#1606);
#1606 = DEFINITIONAL_REPRESENTATION('',(#1607),#1614);
#1607 = B_SPLINE_CURVE_WITH_KNOTS('',5,(#1608,#1609,#1610,#1611,#1612,
    #1613),.UNSPECIFIED.,.F.,.F.,(6,6),(0.,1.),
  .PIECEWISE_BEZIER_KNOTS.);
#1608 = CARTESIAN_POINT('',(21.5390625,5.81953125));
#1609 = CARTESIAN_POINT('',(21.565485497281,5.794366490684));
#1610 = CARTESIAN_POINT('',(21.586816913389,5.762260077343));
#1611 = CARTESIAN_POINT('',(21.603011786427,5.723300187946));
#1612 = CARTESIAN_POINT('',(21.614131157383,5.677704527984));
#1613 = CARTESIAN_POINT('',(21.6203125,5.62578125));
#1614 = ( GEOMETRIC_REPRESENTATION_CONTEXT(2) 
PARAMETRIC_REPRESENTATION_CONTEXT() REPRESENTATION_CONTEXT('2D SPACE',''
  ) );
#1615 = PCURVE('',#1616,#1623);
#1616 = SURFACE_OF_LINEAR_EXTRUSION('',#1617,#1621);
#1617 = B_SPLINE_CURVE_WITH_KNOTS('',2,(#1618,#1619,#1620),
  .UNSPECIFIED.,.F.,.F.,(3,3),(0.,1.),.PIECEWISE_BEZIER_KNOTS.);
#1618 = CARTESIAN_POINT('',(21.6203125,5.62578125,3.95));
#1619 = CARTESIAN_POINT('',(21.6046875,5.75703125,3.95));
#1620 = CARTESIAN_POINT('',(21.5390625,5.81953125,3.95));
#1621 = VECTOR('',#1622,1.);
#1622 = DIRECTION('',(-0.,-0.,-1.));
#1623 = DEFINITIONAL_REPRESENTATION('',(#1624),#1631);
#1624 = B_SPLINE_CURVE_WITH_KNOTS('',5,(#1625,#1626,#1627,#1628,#1629,
    #1630),.UNSPECIFIED.,.F.,.F.,(6,6),(0.,1.),
  .PIECEWISE_BEZIER_KNOTS.);
#1625 = CARTESIAN_POINT('',(1.,-5.E-02));
#1626 = CARTESIAN_POINT('',(0.798681925476,-5.E-02));
#1627 = CARTESIAN_POINT('',(0.597557880904,-5.E-02));
#1628 = CARTESIAN_POINT('',(0.397118916777,-5.E-02));
#1629 = CARTESIAN_POINT('',(0.197802963747,-5.E-02));
#1630 = CARTESIAN_POINT('',(0.,-5.E-02));
#1631 = ( GEOMETRIC_REPRESENTATION_CONTEXT(2) 
PARAMETRIC_REPRESENTATION_CONTEXT() REPRESENTATION_CONTEXT('2D SPACE',''
  ) );
#1632 = ORIENTED_EDGE('',*,*,#1633,.F.);
#1633 = EDGE_CURVE('',#1634,#1595,#1636,.T.);
#1634 = VERTEX_POINT('',#1635);
#1635 = CARTESIAN_POINT('',(21.36875,5.88203125,4.));
#1636 = SURFACE_CURVE('',#1637,(#1646,#1658),.PCURVE_S1.);
#1637 = B_SPLINE_CURVE_WITH_KNOTS('',4,(#1638,#1639,#1640,#1641,#1642,
    #1643,#1644,#1645),.UNSPECIFIED.,.F.,.F.,(5,3,5),(0.,0.75233021061,
    1.),.UNSPECIFIED.);
#1638 = CARTESIAN_POINT('',(21.36875,5.88203125,4.));
#1639 = CARTESIAN_POINT('',(21.407957377784,5.88203125,4.));
#1640 = CARTESIAN_POINT('',(21.443665918673,5.876187178909,4.));
#1641 = CARTESIAN_POINT('',(21.475736230305,5.864394366025,4.));
#1642 = CARTESIAN_POINT('',(21.513450746211,5.840858004232,4.));
#1643 = CARTESIAN_POINT('',(21.522390918352,5.834387808812,4.));
#1644 = CARTESIAN_POINT('',(21.530928493513,5.827277922845,4.));
#1645 = CARTESIAN_POINT('',(21.5390625,5.81953125,4.));
#1646 = PCURVE('',#44,#1647);
#1647 = DEFINITIONAL_REPRESENTATION('',(#1648),#1657);
#1648 = B_SPLINE_CURVE_WITH_KNOTS('',4,(#1649,#1650,#1651,#1652,#1653,
    #1654,#1655,#1656),.UNSPECIFIED.,.F.,.F.,(5,3,5),(0.,0.75233021061,
    1.),.UNSPECIFIED.);
#1649 = CARTESIAN_POINT('',(21.36875,5.88203125));
#1650 = CARTESIAN_POINT('',(21.407957377784,5.88203125));
#1651 = CARTESIAN_POINT('',(21.443665918673,5.876187178909));
#1652 = CARTESIAN_POINT('',(21.475736230305,5.864394366025));
#1653 = CARTESIAN_POINT('',(21.513450746211,5.840858004232));
#1654 = CARTESIAN_POINT('',(21.522390918352,5.834387808812));
#1655 = CARTESIAN_POINT('',(21.530928493513,5.827277922845));
#1656 = CARTESIAN_POINT('',(21.5390625,5.81953125));
#1657 = ( GEOMETRIC_REPRESENTATION_CONTEXT(2) 
PARAMETRIC_REPRESENTATION_CONTEXT() REPRESENTATION_CONTEXT('2D SPACE',''
  ) );
#1658 = PCURVE('',#1659,#1666);
#1659 = SURFACE_OF_LINEAR_EXTRUSION('',#1660,#1664);
#1660 = B_SPLINE_CURVE_WITH_KNOTS('',2,(#1661,#1662,#1663),
  .UNSPECIFIED.,.F.,.F.,(3,3),(0.,1.),.PIECEWISE_BEZIER_KNOTS.);
#1661 = CARTESIAN_POINT('',(21.5390625,5.81953125,3.95));
#1662 = CARTESIAN_POINT('',(21.4734375,5.88203125,3.95));
#1663 = CARTESIAN_POINT('',(21.36875,5.88203125,3.95));
#1664 = VECTOR('',#1665,1.);
#1665 = DIRECTION('',(-0.,-0.,-1.));
#1666 = DEFINITIONAL_REPRESENTATION('',(#1667),#1676);
#1667 = B_SPLINE_CURVE_WITH_KNOTS('',4,(#1668,#1669,#1670,#1671,#1672,
    #1673,#1674,#1675),.UNSPECIFIED.,.F.,.F.,(5,3,5),(0.,0.75233021061,
    1.),.UNSPECIFIED.);
#1668 = CARTESIAN_POINT('',(1.,-5.E-02));
#1669 = CARTESIAN_POINT('',(0.812740882223,-5.E-02));
#1670 = CARTESIAN_POINT('',(0.6247476389,-5.E-02));
#1671 = CARTESIAN_POINT('',(0.436373574737,-5.E-02));
#1672 = CARTESIAN_POINT('',(0.185986747144,-5.E-02));
#1673 = CARTESIAN_POINT('',(0.123973401338,-5.E-02));
#1674 = CARTESIAN_POINT('',(6.197338276079E-02,-5.E-02));
#1675 = CARTESIAN_POINT('',(0.,-5.E-02));
#1676 = ( GEOMETRIC_REPRESENTATION_CONTEXT(2) 
PARAMETRIC_REPRESENTATION_CONTEXT() REPRESENTATION_CONTEXT('2D SPACE',''
  ) );
#1677 = ORIENTED_EDGE('',*,*,#1678,.F.);
#1678 = EDGE_CURVE('',#1679,#1634,#1681,.T.);
#1679 = VERTEX_POINT('',#1680);
#1680 = CARTESIAN_POINT('',(21.13359375,5.75703125,4.));
#1681 = SURFACE_CURVE('',#1682,(#1693,#1707),.PCURVE_S1.);
#1682 = B_SPLINE_CURVE_WITH_KNOTS('',5,(#1683,#1684,#1685,#1686,#1687,
    #1688,#1689,#1690,#1691,#1692),.UNSPECIFIED.,.F.,.F.,(6,4,6),(0.,
    0.657770070246,1.),.UNSPECIFIED.);
#1683 = CARTESIAN_POINT('',(21.13359375,5.75703125,4.));
#1684 = CARTESIAN_POINT('',(21.158614227559,5.789578212678,4.));
#1685 = CARTESIAN_POINT('',(21.185626459915,5.817051205375,4.));
#1686 = CARTESIAN_POINT('',(21.214628189153,5.839237544967,4.));
#1687 = CARTESIAN_POINT('',(21.245582460849,5.856004641783,4.));
#1688 = CARTESIAN_POINT('',(21.295487277296,5.873215037526,4.));
#1689 = CARTESIAN_POINT('',(21.313073147768,5.877630623938,4.));
#1690 = CARTESIAN_POINT('',(21.331154861826,5.880568117674,4.));
#1691 = CARTESIAN_POINT('',(21.349719034318,5.88203125,4.));
#1692 = CARTESIAN_POINT('',(21.36875,5.88203125,4.));
#1693 = PCURVE('',#44,#1694);
#1694 = DEFINITIONAL_REPRESENTATION('',(#1695),#1706);
#1695 = B_SPLINE_CURVE_WITH_KNOTS('',5,(#1696,#1697,#1698,#1699,#1700,
    #1701,#1702,#1703,#1704,#1705),.UNSPECIFIED.,.F.,.F.,(6,4,6),(0.,
    0.657770070246,1.),.UNSPECIFIED.);
#1696 = CARTESIAN_POINT('',(21.13359375,5.75703125));
#1697 = CARTESIAN_POINT('',(21.158614227559,5.789578212678));
#1698 = CARTESIAN_POINT('',(21.185626459915,5.817051205375));
#1699 = CARTESIAN_POINT('',(21.214628189153,5.839237544967));
#1700 = CARTESIAN_POINT('',(21.245582460849,5.856004641783));
#1701 = CARTESIAN_POINT('',(21.295487277296,5.873215037526));
#1702 = CARTESIAN_POINT('',(21.313073147768,5.877630623938));
#1703 = CARTESIAN_POINT('',(21.331154861826,5.880568117674));
#1704 = CARTESIAN_POINT('',(21.349719034318,5.88203125));
#1705 = CARTESIAN_POINT('',(21.36875,5.88203125));
#1706 = ( GEOMETRIC_REPRESENTATION_CONTEXT(2) 
PARAMETRIC_REPRESENTATION_CONTEXT() REPRESENTATION_CONTEXT('2D SPACE',''
  ) );
#1707 = PCURVE('',#1708,#1715);
#1708 = SURFACE_OF_LINEAR_EXTRUSION('',#1709,#1713);
#1709 = B_SPLINE_CURVE_WITH_KNOTS('',2,(#1710,#1711,#1712),
  .UNSPECIFIED.,.F.,.F.,(3,3),(0.,1.),.PIECEWISE_BEZIER_KNOTS.);
#1710 = CARTESIAN_POINT('',(21.36875,5.88203125,3.95));
#1711 = CARTESIAN_POINT('',(21.2296875,5.88203125,3.95));
#1712 = CARTESIAN_POINT('',(21.13359375,5.75703125,3.95));
#1713 = VECTOR('',#1714,1.);
#1714 = DIRECTION('',(-0.,-0.,-1.));
#1715 = DEFINITIONAL_REPRESENTATION('',(#1716),#1727);
#1716 = B_SPLINE_CURVE_WITH_KNOTS('',5,(#1717,#1718,#1719,#1720,#1721,
    #1722,#1723,#1724,#1725,#1726),.UNSPECIFIED.,.F.,.F.,(6,4,6),(0.,
    0.657770070246,1.),.UNSPECIFIED.);
#1717 = CARTESIAN_POINT('',(1.,-5.E-02));
#1718 = CARTESIAN_POINT('',(0.869812149289,-5.E-02));
#1719 = CARTESIAN_POINT('',(0.738734131865,-5.E-02));
#1720 = CARTESIAN_POINT('',(0.607036932863,-5.E-02));
#1721 = CARTESIAN_POINT('',(0.475017296991,-5.E-02));
#1722 = CARTESIAN_POINT('',(0.274312973455,-5.E-02));
#1723 = CARTESIAN_POINT('',(0.205625411024,-5.E-02));
#1724 = CARTESIAN_POINT('',(0.136981896308,-5.E-02));
#1725 = CARTESIAN_POINT('',(6.842594402406E-02,-5.E-02));
#1726 = CARTESIAN_POINT('',(0.,-5.E-02));
#1727 = ( GEOMETRIC_REPRESENTATION_CONTEXT(2) 
PARAMETRIC_REPRESENTATION_CONTEXT() REPRESENTATION_CONTEXT('2D SPACE',''
  ) );
#1728 = ORIENTED_EDGE('',*,*,#1729,.F.);
#1729 = EDGE_CURVE('',#1730,#1679,#1732,.T.);
#1730 = VERTEX_POINT('',#1731);
#1731 = CARTESIAN_POINT('',(21.0125,5.23671875,4.));
#1732 = SURFACE_CURVE('',#1733,(#1742,#1754),.PCURVE_S1.);
#1733 = B_SPLINE_CURVE_WITH_KNOTS('',7,(#1734,#1735,#1736,#1737,#1738,
    #1739,#1740,#1741),.UNSPECIFIED.,.F.,.F.,(8,8),(0.,1.),
  .PIECEWISE_BEZIER_KNOTS.);
#1734 = CARTESIAN_POINT('',(21.0125,5.23671875,4.));
#1735 = CARTESIAN_POINT('',(21.018899446851,5.33791000333,4.));
#1736 = CARTESIAN_POINT('',(21.028263814131,5.432682337123,4.));
#1737 = CARTESIAN_POINT('',(21.040987203904,5.519852871096,4.));
#1738 = CARTESIAN_POINT('',(21.057514670529,5.597781690749,4.));
#1739 = CARTESIAN_POINT('',(21.078284313837,5.664529549567,4.));
#1740 = CARTESIAN_POINT('',(21.103646327389,5.718075253107,4.));
#1741 = CARTESIAN_POINT('',(21.13359375,5.75703125,4.));
#1742 = PCURVE('',#44,#1743);
#1743 = DEFINITIONAL_REPRESENTATION('',(#1744),#1753);
#1744 = B_SPLINE_CURVE_WITH_KNOTS('',7,(#1745,#1746,#1747,#1748,#1749,
    #1750,#1751,#1752),.UNSPECIFIED.,.F.,.F.,(8,8),(0.,1.),
  .PIECEWISE_BEZIER_KNOTS.);
#1745 = CARTESIAN_POINT('',(21.0125,5.23671875));
#1746 = CARTESIAN_POINT('',(21.018899446851,5.33791000333));
#1747 = CARTESIAN_POINT('',(21.028263814131,5.432682337123));
#1748 = CARTESIAN_POINT('',(21.040987203904,5.519852871096));
#1749 = CARTESIAN_POINT('',(21.057514670529,5.597781690749));
#1750 = CARTESIAN_POINT('',(21.078284313837,5.664529549567));
#1751 = CARTESIAN_POINT('',(21.103646327389,5.718075253107));
#1752 = CARTESIAN_POINT('',(21.13359375,5.75703125));
#1753 = ( GEOMETRIC_REPRESENTATION_CONTEXT(2) 
PARAMETRIC_REPRESENTATION_CONTEXT() REPRESENTATION_CONTEXT('2D SPACE',''
  ) );
#1754 = PCURVE('',#1755,#1762);
#1755 = SURFACE_OF_LINEAR_EXTRUSION('',#1756,#1760);
#1756 = B_SPLINE_CURVE_WITH_KNOTS('',2,(#1757,#1758,#1759),
  .UNSPECIFIED.,.F.,.F.,(3,3),(0.,1.),.PIECEWISE_BEZIER_KNOTS.);
#1757 = CARTESIAN_POINT('',(21.13359375,5.75703125,3.95));
#1758 = CARTESIAN_POINT('',(21.0375,5.63203125,3.95));
#1759 = CARTESIAN_POINT('',(21.0125,5.23671875,3.95));
#1760 = VECTOR('',#1761,1.);
#1761 = DIRECTION('',(-0.,-0.,-1.));
#1762 = DEFINITIONAL_REPRESENTATION('',(#1763),#1772);
#1763 = B_SPLINE_CURVE_WITH_KNOTS('',7,(#1764,#1765,#1766,#1767,#1768,
    #1769,#1770,#1771),.UNSPECIFIED.,.F.,.F.,(8,8),(0.,1.),
  .PIECEWISE_BEZIER_KNOTS.);
#1764 = CARTESIAN_POINT('',(1.,-5.E-02));
#1765 = CARTESIAN_POINT('',(0.872011062982,-5.E-02));
#1766 = CARTESIAN_POINT('',(0.739072476013,-5.E-02));
#1767 = CARTESIAN_POINT('',(0.600862466383,-5.E-02));
#1768 = CARTESIAN_POINT('',(0.457327737121,-5.E-02));
#1769 = CARTESIAN_POINT('',(0.308747165118,-5.E-02));
#1770 = CARTESIAN_POINT('',(0.15582398757,-5.E-02));
#1771 = CARTESIAN_POINT('',(0.,-5.E-02));
#1772 = ( GEOMETRIC_REPRESENTATION_CONTEXT(2) 
PARAMETRIC_REPRESENTATION_CONTEXT() REPRESENTATION_CONTEXT('2D SPACE',''
  ) );
#1773 = ORIENTED_EDGE('',*,*,#1774,.F.);
#1774 = EDGE_CURVE('',#1775,#1730,#1777,.T.);
#1775 = VERTEX_POINT('',#1776);
#1776 = CARTESIAN_POINT('',(21.4203125,5.43046875,4.));
#1777 = SURFACE_CURVE('',#1778,(#1789,#1803),.PCURVE_S1.);
#1778 = B_SPLINE_CURVE_WITH_KNOTS('',5,(#1779,#1780,#1781,#1782,#1783,
    #1784,#1785,#1786,#1787,#1788),.UNSPECIFIED.,.F.,.F.,(6,4,6),(0.,
    0.441328025829,1.),.UNSPECIFIED.);
#1779 = CARTESIAN_POINT('',(21.4203125,5.43046875,4.));
#1780 = CARTESIAN_POINT('',(21.377618903445,5.43046875,4.));
#1781 = CARTESIAN_POINT('',(21.336158488876,5.426753765982,4.));
#1782 = CARTESIAN_POINT('',(21.296063145088,5.419221151651,4.));
#1783 = CARTESIAN_POINT('',(21.257448188128,5.40782949042,4.));
#1784 = CARTESIAN_POINT('',(21.173513751133,5.373359630068,4.));
#1785 = CARTESIAN_POINT('',(21.129136654215,5.3479774591,4.));
#1786 = CARTESIAN_POINT('',(21.087465410478,5.316546507144,4.));
#1787 = CARTESIAN_POINT('',(21.048583724783,5.279331910697,4.));
#1788 = CARTESIAN_POINT('',(21.0125,5.23671875,4.));
#1789 = PCURVE('',#44,#1790);
#1790 = DEFINITIONAL_REPRESENTATION('',(#1791),#1802);
#1791 = B_SPLINE_CURVE_WITH_KNOTS('',5,(#1792,#1793,#1794,#1795,#1796,
    #1797,#1798,#1799,#1800,#1801),.UNSPECIFIED.,.F.,.F.,(6,4,6),(0.,
    0.441328025829,1.),.UNSPECIFIED.);
#1792 = CARTESIAN_POINT('',(21.4203125,5.43046875));
#1793 = CARTESIAN_POINT('',(21.377618903445,5.43046875));
#1794 = CARTESIAN_POINT('',(21.336158488876,5.426753765982));
#1795 = CARTESIAN_POINT('',(21.296063145088,5.419221151651));
#1796 = CARTESIAN_POINT('',(21.257448188128,5.40782949042));
#1797 = CARTESIAN_POINT('',(21.173513751133,5.373359630068));
#1798 = CARTESIAN_POINT('',(21.129136654215,5.3479774591));
#1799 = CARTESIAN_POINT('',(21.087465410478,5.316546507144));
#1800 = CARTESIAN_POINT('',(21.048583724783,5.279331910697));
#1801 = CARTESIAN_POINT('',(21.0125,5.23671875));
#1802 = ( GEOMETRIC_REPRESENTATION_CONTEXT(2) 
PARAMETRIC_REPRESENTATION_CONTEXT() REPRESENTATION_CONTEXT('2D SPACE',''
  ) );
#1803 = PCURVE('',#1804,#1811);
#1804 = SURFACE_OF_LINEAR_EXTRUSION('',#1805,#1809);
#1805 = B_SPLINE_CURVE_WITH_KNOTS('',2,(#1806,#1807,#1808),
  .UNSPECIFIED.,.F.,.F.,(3,3),(0.,1.),.PIECEWISE_BEZIER_KNOTS.);
#1806 = CARTESIAN_POINT('',(21.0125,5.23671875,3.95));
#1807 = CARTESIAN_POINT('',(21.1765625,5.43046875,3.95));
#1808 = CARTESIAN_POINT('',(21.4203125,5.43046875,3.95));
#1809 = VECTOR('',#1810,1.);
#1810 = DIRECTION('',(-0.,-0.,-1.));
#1811 = DEFINITIONAL_REPRESENTATION('',(#1812),#1823);
#1812 = B_SPLINE_CURVE_WITH_KNOTS('',5,(#1813,#1814,#1815,#1816,#1817,
    #1818,#1819,#1820,#1821,#1822),.UNSPECIFIED.,.F.,.F.,(6,4,6),(0.,
    0.441328025829,1.),.UNSPECIFIED.);
#1813 = CARTESIAN_POINT('',(1.,-5.E-02));
#1814 = CARTESIAN_POINT('',(0.912423391683,-5.E-02));
#1815 = CARTESIAN_POINT('',(0.824242157747,-5.E-02));
#1816 = CARTESIAN_POINT('',(0.735640239456,-5.E-02));
#1817 = CARTESIAN_POINT('',(0.646819240518,-5.E-02));
#1818 = CARTESIAN_POINT('',(0.445564764664,-5.E-02));
#1819 = CARTESIAN_POINT('',(0.333120583735,-5.E-02));
#1820 = CARTESIAN_POINT('',(0.221123680954,-5.E-02));
#1821 = CARTESIAN_POINT('',(0.109969446959,-5.E-02));
#1822 = CARTESIAN_POINT('',(0.,-5.E-02));
#1823 = ( GEOMETRIC_REPRESENTATION_CONTEXT(2) 
PARAMETRIC_REPRESENTATION_CONTEXT() REPRESENTATION_CONTEXT('2D SPACE',''
  ) );
#1824 = ORIENTED_EDGE('',*,*,#1825,.F.);
#1825 = EDGE_CURVE('',#1826,#1775,#1828,.T.);
#1826 = VERTEX_POINT('',#1827);
#1827 = CARTESIAN_POINT('',(21.89140625,5.22109375,4.));
#1828 = SURFACE_CURVE('',#1829,(#1840,#1854),.PCURVE_S1.);
#1829 = B_SPLINE_CURVE_WITH_KNOTS('',5,(#1830,#1831,#1832,#1833,#1834,
    #1835,#1836,#1837,#1838,#1839),.UNSPECIFIED.,.F.,.F.,(6,4,6),(0.,
    0.566848251229,1.),.UNSPECIFIED.);
#1830 = CARTESIAN_POINT('',(21.89140625,5.22109375,4.));
#1831 = CARTESIAN_POINT('',(21.847734082907,5.267723792952,4.));
#1832 = CARTESIAN_POINT('',(21.801092655673,5.308421815736,4.));
#1833 = CARTESIAN_POINT('',(21.75151274694,5.342718739691,4.));
#1834 = CARTESIAN_POINT('',(21.699114700204,5.370286236971,4.));
#1835 = CARTESIAN_POINT('',(21.60214930301,5.406884172105,4.));
#1836 = CARTESIAN_POINT('',(21.558645923772,5.418754677382,4.));
#1837 = CARTESIAN_POINT('',(21.513749082586,5.426601181311,4.));
#1838 = CARTESIAN_POINT('',(21.467589490532,5.43046875,4.));
#1839 = CARTESIAN_POINT('',(21.4203125,5.43046875,4.));
#1840 = PCURVE('',#44,#1841);
#1841 = DEFINITIONAL_REPRESENTATION('',(#1842),#1853);
#1842 = B_SPLINE_CURVE_WITH_KNOTS('',5,(#1843,#1844,#1845,#1846,#1847,
    #1848,#1849,#1850,#1851,#1852),.UNSPECIFIED.,.F.,.F.,(6,4,6),(0.,
    0.566848251229,1.),.UNSPECIFIED.);
#1843 = CARTESIAN_POINT('',(21.89140625,5.22109375));
#1844 = CARTESIAN_POINT('',(21.847734082907,5.267723792952));
#1845 = CARTESIAN_POINT('',(21.801092655673,5.308421815736));
#1846 = CARTESIAN_POINT('',(21.75151274694,5.342718739691));
#1847 = CARTESIAN_POINT('',(21.699114700204,5.370286236971));
#1848 = CARTESIAN_POINT('',(21.60214930301,5.406884172105));
#1849 = CARTESIAN_POINT('',(21.558645923772,5.418754677382));
#1850 = CARTESIAN_POINT('',(21.513749082586,5.426601181311));
#1851 = CARTESIAN_POINT('',(21.467589490532,5.43046875));
#1852 = CARTESIAN_POINT('',(21.4203125,5.43046875));
#1853 = ( GEOMETRIC_REPRESENTATION_CONTEXT(2) 
PARAMETRIC_REPRESENTATION_CONTEXT() REPRESENTATION_CONTEXT('2D SPACE',''
  ) );
#1854 = PCURVE('',#1855,#1862);
#1855 = SURFACE_OF_LINEAR_EXTRUSION('',#1856,#1860);
#1856 = B_SPLINE_CURVE_WITH_KNOTS('',2,(#1857,#1858,#1859),
  .UNSPECIFIED.,.F.,.F.,(3,3),(0.,1.),.PIECEWISE_BEZIER_KNOTS.);
#1857 = CARTESIAN_POINT('',(21.4203125,5.43046875,3.95));
#1858 = CARTESIAN_POINT('',(21.6953125,5.43046875,3.95));
#1859 = CARTESIAN_POINT('',(21.89140625,5.22109375,3.95));
#1860 = VECTOR('',#1861,1.);
#1861 = DIRECTION('',(-0.,-0.,-1.));
#1862 = DEFINITIONAL_REPRESENTATION('',(#1863),#1874);
#1863 = B_SPLINE_CURVE_WITH_KNOTS('',5,(#1864,#1865,#1866,#1867,#1868,
    #1869,#1870,#1871,#1872,#1873),.UNSPECIFIED.,.F.,.F.,(6,4,6),(0.,
    0.566848251229,1.),.UNSPECIFIED.);
#1864 = CARTESIAN_POINT('',(1.,-5.E-02));
#1865 = CARTESIAN_POINT('',(0.888644673547,-5.E-02));
#1866 = CARTESIAN_POINT('',(0.775955373684,-5.E-02));
#1867 = CARTESIAN_POINT('',(0.662309479113,-5.E-02));
#1868 = CARTESIAN_POINT('',(0.548150769814,-5.E-02));
#1869 = CARTESIAN_POINT('',(0.346772765089,-5.E-02));
#1870 = CARTESIAN_POINT('',(0.259541919303,-5.E-02));
#1871 = CARTESIAN_POINT('',(0.172534793559,-5.E-02));
#1872 = CARTESIAN_POINT('',(8.595816460416E-02,-5.E-02));
#1873 = CARTESIAN_POINT('',(0.,-5.E-02));
#1874 = ( GEOMETRIC_REPRESENTATION_CONTEXT(2) 
PARAMETRIC_REPRESENTATION_CONTEXT() REPRESENTATION_CONTEXT('2D SPACE',''
  ) );
#1875 = ORIENTED_EDGE('',*,*,#1876,.F.);
#1876 = EDGE_CURVE('',#1877,#1826,#1879,.T.);
#1877 = VERTEX_POINT('',#1878);
#1878 = CARTESIAN_POINT('',(22.0875,4.68046875,4.));
#1879 = SURFACE_CURVE('',#1880,(#1891,#1905),.PCURVE_S1.);
#1880 = B_SPLINE_CURVE_WITH_KNOTS('',5,(#1881,#1882,#1883,#1884,#1885,
    #1886,#1887,#1888,#1889,#1890),.UNSPECIFIED.,.F.,.F.,(6,4,6),(0.,
    0.760470905277,1.),.UNSPECIFIED.);
#1881 = CARTESIAN_POINT('',(22.0875,4.68046875,4.));
#1882 = CARTESIAN_POINT('',(22.0875,4.777998905021,4.));
#1883 = CARTESIAN_POINT('',(22.076875152116,4.87096979942,4.));
#1884 = CARTESIAN_POINT('',(22.054736843815,4.958328512374,4.));
#1885 = CARTESIAN_POINT('',(22.020584941183,5.039091350039,4.));
#1886 = CARTESIAN_POINT('',(21.96042044279,5.135778037131,4.));
#1887 = CARTESIAN_POINT('',(21.944857249011,5.158221199276,4.));
#1888 = CARTESIAN_POINT('',(21.928153716239,5.179929740538,4.));
#1889 = CARTESIAN_POINT('',(21.910328309121,5.200890117153,4.));
#1890 = CARTESIAN_POINT('',(21.89140625,5.22109375,4.));
#1891 = PCURVE('',#44,#1892);
#1892 = DEFINITIONAL_REPRESENTATION('',(#1893),#1904);
#1893 = B_SPLINE_CURVE_WITH_KNOTS('',5,(#1894,#1895,#1896,#1897,#1898,
    #1899,#1900,#1901,#1902,#1903),.UNSPECIFIED.,.F.,.F.,(6,4,6),(0.,
    0.760470905277,1.),.UNSPECIFIED.);
#1894 = CARTESIAN_POINT('',(22.0875,4.68046875));
#1895 = CARTESIAN_POINT('',(22.0875,4.777998905021));
#1896 = CARTESIAN_POINT('',(22.076875152116,4.87096979942));
#1897 = CARTESIAN_POINT('',(22.054736843815,4.958328512374));
#1898 = CARTESIAN_POINT('',(22.020584941183,5.039091350039));
#1899 = CARTESIAN_POINT('',(21.96042044279,5.135778037131));
#1900 = CARTESIAN_POINT('',(21.944857249011,5.158221199276));
#1901 = CARTESIAN_POINT('',(21.928153716239,5.179929740538));
#1902 = CARTESIAN_POINT('',(21.910328309121,5.200890117153));
#1903 = CARTESIAN_POINT('',(21.89140625,5.22109375));
#1904 = ( GEOMETRIC_REPRESENTATION_CONTEXT(2) 
PARAMETRIC_REPRESENTATION_CONTEXT() REPRESENTATION_CONTEXT('2D SPACE',''
  ) );
#1905 = PCURVE('',#1906,#1913);
#1906 = SURFACE_OF_LINEAR_EXTRUSION('',#1907,#1911);
#1907 = B_SPLINE_CURVE_WITH_KNOTS('',2,(#1908,#1909,#1910),
  .UNSPECIFIED.,.F.,.F.,(3,3),(0.,1.),.PIECEWISE_BEZIER_KNOTS.);
#1908 = CARTESIAN_POINT('',(21.89140625,5.22109375,3.95));
#1909 = CARTESIAN_POINT('',(22.0875,5.01171875,3.95));
#1910 = CARTESIAN_POINT('',(22.0875,4.68046875,3.95));
#1911 = VECTOR('',#1912,1.);
#1912 = DIRECTION('',(-0.,-0.,-1.));
#1913 = DEFINITIONAL_REPRESENTATION('',(#1914),#1925);
#1914 = B_SPLINE_CURVE_WITH_KNOTS('',5,(#1915,#1916,#1917,#1918,#1919,
    #1920,#1921,#1922,#1923,#1924),.UNSPECIFIED.,.F.,.F.,(6,4,6),(0.,
    0.760470905277,1.),.UNSPECIFIED.);
#1915 = CARTESIAN_POINT('',(1.,-5.E-02));
#1916 = CARTESIAN_POINT('',(0.852784671666,-5.E-02));
#1917 = CARTESIAN_POINT('',(0.702483712401,-5.E-02));
#1918 = CARTESIAN_POINT('',(0.549852798794,-5.E-02));
#1919 = CARTESIAN_POINT('',(0.395907558985,-5.E-02));
#1920 = CARTESIAN_POINT('',(0.193523012887,-5.E-02));
#1921 = CARTESIAN_POINT('',(0.145046176515,-5.E-02));
#1922 = CARTESIAN_POINT('',(9.660841078398E-02,-5.E-02));
#1923 = CARTESIAN_POINT('',(4.824748142465E-02,-5.E-02));
#1924 = CARTESIAN_POINT('',(0.,-5.E-02));
#1925 = ( GEOMETRIC_REPRESENTATION_CONTEXT(2) 
PARAMETRIC_REPRESENTATION_CONTEXT() REPRESENTATION_CONTEXT('2D SPACE',''
  ) );
#1926 = ORIENTED_EDGE('',*,*,#1927,.F.);
#1927 = EDGE_CURVE('',#1928,#1877,#1930,.T.);
#1928 = VERTEX_POINT('',#1929);
#1929 = CARTESIAN_POINT('',(21.88125,4.11640625,4.));
#1930 = SURFACE_CURVE('',#1931,(#1944,#1960),.PCURVE_S1.);
#1931 = B_SPLINE_CURVE_WITH_KNOTS('',6,(#1932,#1933,#1934,#1935,#1936,
    #1937,#1938,#1939,#1940,#1941,#1942,#1943),.UNSPECIFIED.,.F.,.F.,(7,
    5,7),(0.,0.207139907639,1.),.UNSPECIFIED.);
#1932 = CARTESIAN_POINT('',(21.88125,4.11640625,4.));
#1933 = CARTESIAN_POINT('',(21.895648566694,4.131241136897,4.));
#1934 = CARTESIAN_POINT('',(21.909467264766,4.146506588756,4.));
#1935 = CARTESIAN_POINT('',(21.92269674279,4.162199254642,4.));
#1936 = CARTESIAN_POINT('',(21.935329184853,4.178314575562,4.));
#1937 = CARTESIAN_POINT('',(21.947358310552,4.194846784468,4.));
#1938 = CARTESIAN_POINT('',(22.002495268843,4.276637502515,4.));
#1939 = CARTESIAN_POINT('',(22.037313841289,4.347508036162,4.));
#1940 = CARTESIAN_POINT('',(22.062934647628,4.423973293142,4.));
#1941 = CARTESIAN_POINT('',(22.079514184771,4.50542409593,4.));
#1942 = CARTESIAN_POINT('',(22.0875,4.591161196915,4.));
#1943 = CARTESIAN_POINT('',(22.0875,4.68046875,4.));
#1944 = PCURVE('',#44,#1945);
#1945 = DEFINITIONAL_REPRESENTATION('',(#1946),#1959);
#1946 = B_SPLINE_CURVE_WITH_KNOTS('',6,(#1947,#1948,#1949,#1950,#1951,
    #1952,#1953,#1954,#1955,#1956,#1957,#1958),.UNSPECIFIED.,.F.,.F.,(7,
    5,7),(0.,0.207139907639,1.),.UNSPECIFIED.);
#1947 = CARTESIAN_POINT('',(21.88125,4.11640625));
#1948 = CARTESIAN_POINT('',(21.895648566694,4.131241136897));
#1949 = CARTESIAN_POINT('',(21.909467264766,4.146506588756));
#1950 = CARTESIAN_POINT('',(21.92269674279,4.162199254642));
#1951 = CARTESIAN_POINT('',(21.935329184853,4.178314575562));
#1952 = CARTESIAN_POINT('',(21.947358310552,4.194846784468));
#1953 = CARTESIAN_POINT('',(22.002495268843,4.276637502515));
#1954 = CARTESIAN_POINT('',(22.037313841289,4.347508036162));
#1955 = CARTESIAN_POINT('',(22.062934647628,4.423973293142));
#1956 = CARTESIAN_POINT('',(22.079514184771,4.50542409593));
#1957 = CARTESIAN_POINT('',(22.0875,4.591161196915));
#1958 = CARTESIAN_POINT('',(22.0875,4.68046875));
#1959 = ( GEOMETRIC_REPRESENTATION_CONTEXT(2) 
PARAMETRIC_REPRESENTATION_CONTEXT() REPRESENTATION_CONTEXT('2D SPACE',''
  ) );
#1960 = PCURVE('',#1961,#1968);
#1961 = SURFACE_OF_LINEAR_EXTRUSION('',#1962,#1966);
#1962 = B_SPLINE_CURVE_WITH_KNOTS('',2,(#1963,#1964,#1965),
  .UNSPECIFIED.,.F.,.F.,(3,3),(0.,1.),.PIECEWISE_BEZIER_KNOTS.);
#1963 = CARTESIAN_POINT('',(22.0875,4.68046875,3.95));
#1964 = CARTESIAN_POINT('',(22.0875,4.32890625,3.95));
#1965 = CARTESIAN_POINT('',(21.88125,4.11640625,3.95));
#1966 = VECTOR('',#1967,1.);
#1967 = DIRECTION('',(-0.,-0.,-1.));
#1968 = DEFINITIONAL_REPRESENTATION('',(#1969),#1982);
#1969 = B_SPLINE_CURVE_WITH_KNOTS('',6,(#1970,#1971,#1972,#1973,#1974,
    #1975,#1976,#1977,#1978,#1979,#1980,#1981),.UNSPECIFIED.,.F.,.F.,(7,
    5,7),(0.,0.207139907639,1.),.UNSPECIFIED.);
#1970 = CARTESIAN_POINT('',(1.,-5.E-02));
#1971 = CARTESIAN_POINT('',(0.965094383772,-5.E-02));
#1972 = CARTESIAN_POINT('',(0.93013245759,-5.E-02));
#1973 = CARTESIAN_POINT('',(0.895127954521,-5.E-02));
#1974 = CARTESIAN_POINT('',(0.860094853321,-5.E-02));
#1975 = CARTESIAN_POINT('',(0.825047378436,-5.E-02));
#1976 = CARTESIAN_POINT('',(0.655850728522,-5.E-02));
#1977 = CARTESIAN_POINT('',(0.52166876608,-5.E-02));
#1978 = CARTESIAN_POINT('',(0.3883498092,-5.E-02));
#1979 = CARTESIAN_POINT('',(0.256610175274,-5.E-02));
#1980 = CARTESIAN_POINT('',(0.127015186609,-5.E-02));
#1981 = CARTESIAN_POINT('',(0.,-5.E-02));
#1982 = ( GEOMETRIC_REPRESENTATION_CONTEXT(2) 
PARAMETRIC_REPRESENTATION_CONTEXT() REPRESENTATION_CONTEXT('2D SPACE',''
  ) );
#1983 = ORIENTED_EDGE('',*,*,#1984,.F.);
#1984 = EDGE_CURVE('',#1985,#1928,#1987,.T.);
#1985 = VERTEX_POINT('',#1986);
#1986 = CARTESIAN_POINT('',(21.3515625,3.90390625,4.));
#1987 = SURFACE_CURVE('',#1988,(#1999,#2013),.PCURVE_S1.);
#1988 = B_SPLINE_CURVE_WITH_KNOTS('',5,(#1989,#1990,#1991,#1992,#1993,
    #1994,#1995,#1996,#1997,#1998),.UNSPECIFIED.,.F.,.F.,(6,4,6),(0.,
    0.645904316245,1.),.UNSPECIFIED.);
#1989 = CARTESIAN_POINT('',(21.3515625,3.90390625,4.));
#1990 = CARTESIAN_POINT('',(21.432937582254,3.90390625,4.));
#1991 = CARTESIAN_POINT('',(21.511060425835,3.912313331078,4.));
#1992 = CARTESIAN_POINT('',(21.58525337429,3.929698864223,4.));
#1993 = CARTESIAN_POINT('',(21.654895639013,3.956356973676,4.));
#1994 = CARTESIAN_POINT('',(21.754991712628,4.011598400969,4.));
#1995 = CARTESIAN_POINT('',(21.788939374735,4.033872838572,4.));
#1996 = CARTESIAN_POINT('',(21.821321752273,4.0588229113,4.));
#1997 = CARTESIAN_POINT('',(21.852097811039,4.086370661374,4.));
#1998 = CARTESIAN_POINT('',(21.88125,4.11640625,4.));
#1999 = PCURVE('',#44,#2000);
#2000 = DEFINITIONAL_REPRESENTATION('',(#2001),#2012);
#2001 = B_SPLINE_CURVE_WITH_KNOTS('',5,(#2002,#2003,#2004,#2005,#2006,
    #2007,#2008,#2009,#2010,#2011),.UNSPECIFIED.,.F.,.F.,(6,4,6),(0.,
    0.645904316245,1.),.UNSPECIFIED.);
#2002 = CARTESIAN_POINT('',(21.3515625,3.90390625));
#2003 = CARTESIAN_POINT('',(21.432937582254,3.90390625));
#2004 = CARTESIAN_POINT('',(21.511060425835,3.912313331078));
#2005 = CARTESIAN_POINT('',(21.58525337429,3.929698864223));
#2006 = CARTESIAN_POINT('',(21.654895639013,3.956356973676));
#2007 = CARTESIAN_POINT('',(21.754991712628,4.011598400969));
#2008 = CARTESIAN_POINT('',(21.788939374735,4.033872838572));
#2009 = CARTESIAN_POINT('',(21.821321752273,4.0588229113));
#2010 = CARTESIAN_POINT('',(21.852097811039,4.086370661374));
#2011 = CARTESIAN_POINT('',(21.88125,4.11640625));
#2012 = ( GEOMETRIC_REPRESENTATION_CONTEXT(2) 
PARAMETRIC_REPRESENTATION_CONTEXT() REPRESENTATION_CONTEXT('2D SPACE',''
  ) );
#2013 = PCURVE('',#2014,#2021);
#2014 = SURFACE_OF_LINEAR_EXTRUSION('',#2015,#2019);
#2015 = B_SPLINE_CURVE_WITH_KNOTS('',2,(#2016,#2017,#2018),
  .UNSPECIFIED.,.F.,.F.,(3,3),(0.,1.),.PIECEWISE_BEZIER_KNOTS.);
#2016 = CARTESIAN_POINT('',(21.88125,4.11640625,3.95));
#2017 = CARTESIAN_POINT('',(21.675,3.90390625,3.95));
#2018 = CARTESIAN_POINT('',(21.3515625,3.90390625,3.95));
#2019 = VECTOR('',#2020,1.);
#2020 = DIRECTION('',(-0.,-0.,-1.));
#2021 = DEFINITIONAL_REPRESENTATION('',(#2022),#2033);
#2022 = B_SPLINE_CURVE_WITH_KNOTS('',5,(#2023,#2024,#2025,#2026,#2027,
    #2028,#2029,#2030,#2031,#2032),.UNSPECIFIED.,.F.,.F.,(6,4,6),(0.,
    0.645904316245,1.),.UNSPECIFIED.);
#2023 = CARTESIAN_POINT('',(1.,-5.E-02));
#2024 = CARTESIAN_POINT('',(0.874202771394,-5.E-02));
#2025 = CARTESIAN_POINT('',(0.746265996086,-5.E-02));
#2026 = CARTESIAN_POINT('',(0.616750156633,-5.E-02));
#2027 = CARTESIAN_POINT('',(0.486364180943,-5.E-02));
#2028 = CARTESIAN_POINT('',(0.284532148451,-5.E-02));
#2029 = CARTESIAN_POINT('',(0.213063380428,-5.E-02));
#2030 = CARTESIAN_POINT('',(0.141733357128,-5.E-02));
#2031 = CARTESIAN_POINT('',(7.067197323778E-02,-5.E-02));
#2032 = CARTESIAN_POINT('',(0.,-5.E-02));
#2033 = ( GEOMETRIC_REPRESENTATION_CONTEXT(2) 
PARAMETRIC_REPRESENTATION_CONTEXT() REPRESENTATION_CONTEXT('2D SPACE',''
  ) );
#2034 = ORIENTED_EDGE('',*,*,#2035,.F.);
#2035 = EDGE_CURVE('',#2036,#1985,#2038,.T.);
#2036 = VERTEX_POINT('',#2037);
#2037 = CARTESIAN_POINT('',(20.78125,4.1734375,4.));
#2038 = SURFACE_CURVE('',#2039,(#2050,#2064),.PCURVE_S1.);
#2039 = B_SPLINE_CURVE_WITH_KNOTS('',5,(#2040,#2041,#2042,#2043,#2044,
    #2045,#2046,#2047,#2048,#2049),.UNSPECIFIED.,.F.,.F.,(6,4,6),(0.,
    0.512267819381,1.),.UNSPECIFIED.);
#2040 = CARTESIAN_POINT('',(20.78125,4.1734375,4.));
#2041 = CARTESIAN_POINT('',(20.826050735896,4.119394654251,4.));
#2042 = CARTESIAN_POINT('',(20.874639408696,4.071296401576,4.));
#2043 = CARTESIAN_POINT('',(20.927021754899,4.02977973652,4.));
#2044 = CARTESIAN_POINT('',(20.983064731863,3.99532492244,4.));
#2045 = CARTESIAN_POINT('',(21.09890973694,3.942166356921,4.));
#2046 = CARTESIAN_POINT('',(21.158416321356,3.922781173825,4.));
#2047 = CARTESIAN_POINT('',(21.220621930325,3.91008285417,4.));
#2048 = CARTESIAN_POINT('',(21.28514186572,3.90390625,4.));
#2049 = CARTESIAN_POINT('',(21.3515625,3.90390625,4.));
#2050 = PCURVE('',#44,#2051);
#2051 = DEFINITIONAL_REPRESENTATION('',(#2052),#2063);
#2052 = B_SPLINE_CURVE_WITH_KNOTS('',5,(#2053,#2054,#2055,#2056,#2057,
    #2058,#2059,#2060,#2061,#2062),.UNSPECIFIED.,.F.,.F.,(6,4,6),(0.,
    0.512267819381,1.),.UNSPECIFIED.);
#2053 = CARTESIAN_POINT('',(20.78125,4.1734375));
#2054 = CARTESIAN_POINT('',(20.826050735896,4.119394654251));
#2055 = CARTESIAN_POINT('',(20.874639408696,4.071296401576));
#2056 = CARTESIAN_POINT('',(20.927021754899,4.02977973652));
#2057 = CARTESIAN_POINT('',(20.983064731863,3.99532492244));
#2058 = CARTESIAN_POINT('',(21.09890973694,3.942166356921));
#2059 = CARTESIAN_POINT('',(21.158416321356,3.922781173825));
#2060 = CARTESIAN_POINT('',(21.220621930325,3.91008285417));
#2061 = CARTESIAN_POINT('',(21.28514186572,3.90390625));
#2062 = CARTESIAN_POINT('',(21.3515625,3.90390625));
#2063 = ( GEOMETRIC_REPRESENTATION_CONTEXT(2) 
PARAMETRIC_REPRESENTATION_CONTEXT() REPRESENTATION_CONTEXT('2D SPACE',''
  ) );
#2064 = PCURVE('',#2065,#2072);
#2065 = SURFACE_OF_LINEAR_EXTRUSION('',#2066,#2070);
#2066 = B_SPLINE_CURVE_WITH_KNOTS('',2,(#2067,#2068,#2069),
  .UNSPECIFIED.,.F.,.F.,(3,3),(0.,1.),.PIECEWISE_BEZIER_KNOTS.);
#2067 = CARTESIAN_POINT('',(21.3515625,3.90390625,3.95));
#2068 = CARTESIAN_POINT('',(21.0046875,3.90390625,3.95));
#2069 = CARTESIAN_POINT('',(20.78125,4.1734375,3.95));
#2070 = VECTOR('',#2071,1.);
#2071 = DIRECTION('',(-0.,-0.,-1.));
#2072 = DEFINITIONAL_REPRESENTATION('',(#2073),#2084);
#2073 = B_SPLINE_CURVE_WITH_KNOTS('',5,(#2074,#2075,#2076,#2077,#2078,
    #2079,#2080,#2081,#2082,#2083),.UNSPECIFIED.,.F.,.F.,(6,4,6),(0.,
    0.512267819381,1.),.UNSPECIFIED.);
#2074 = CARTESIAN_POINT('',(1.,-5.E-02));
#2075 = CARTESIAN_POINT('',(0.899746604987,-5.E-02));
#2076 = CARTESIAN_POINT('',(0.7979573749,-5.E-02));
#2077 = CARTESIAN_POINT('',(0.69504454547,-5.E-02));
#2078 = CARTESIAN_POINT('',(0.591516930159,-5.E-02));
#2079 = CARTESIAN_POINT('',(0.389441128708,-5.E-02));
#2080 = CARTESIAN_POINT('',(0.290868968153,-5.E-02));
#2081 = CARTESIAN_POINT('',(0.192820577086,-5.E-02));
#2082 = CARTESIAN_POINT('',(9.574145481863E-02,-5.E-02));
#2083 = CARTESIAN_POINT('',(0.,-5.E-02));
#2084 = ( GEOMETRIC_REPRESENTATION_CONTEXT(2) 
PARAMETRIC_REPRESENTATION_CONTEXT() REPRESENTATION_CONTEXT('2D SPACE',''
  ) );
#2085 = ORIENTED_EDGE('',*,*,#2086,.F.);
#2086 = EDGE_CURVE('',#2087,#2036,#2089,.T.);
#2087 = VERTEX_POINT('',#2088);
#2088 = CARTESIAN_POINT('',(20.5578125,5.05703125,4.));
#2089 = SURFACE_CURVE('',#2090,(#2103,#2119),.PCURVE_S1.);
#2090 = B_SPLINE_CURVE_WITH_KNOTS('',6,(#2091,#2092,#2093,#2094,#2095,
    #2096,#2097,#2098,#2099,#2100,#2101,#2102),.UNSPECIFIED.,.F.,.F.,(7,
    5,7),(0.,0.533761686151,1.),.UNSPECIFIED.);
#2091 = CARTESIAN_POINT('',(20.5578125,5.05703125,4.));
#2092 = CARTESIAN_POINT('',(20.5578125,4.962563572035,4.));
#2093 = CARTESIAN_POINT('',(20.56098527316,4.870062052989,4.));
#2094 = CARTESIAN_POINT('',(20.567699840796,4.779874081729,4.));
#2095 = CARTESIAN_POINT('',(20.578391767397,4.692514845284,4.));
#2096 = CARTESIAN_POINT('',(20.593553502929,4.608660579327,4.));
#2097 = CARTESIAN_POINT('',(20.631245178059,4.459607136768,4.));
#2098 = CARTESIAN_POINT('',(20.65259921219,4.39339401689,4.));
#2099 = CARTESIAN_POINT('',(20.678048721822,4.331022941618,4.));
#2100 = CARTESIAN_POINT('',(20.707880232526,4.273143685743,4.));
#2101 = CARTESIAN_POINT('',(20.742292150498,4.220432108664,4.));
#2102 = CARTESIAN_POINT('',(20.78125,4.1734375,4.));
#2103 = PCURVE('',#44,#2104);
#2104 = DEFINITIONAL_REPRESENTATION('',(#2105),#2118);
#2105 = B_SPLINE_CURVE_WITH_KNOTS('',6,(#2106,#2107,#2108,#2109,#2110,
    #2111,#2112,#2113,#2114,#2115,#2116,#2117),.UNSPECIFIED.,.F.,.F.,(7,
    5,7),(0.,0.533761686151,1.),.UNSPECIFIED.);
#2106 = CARTESIAN_POINT('',(20.5578125,5.05703125));
#2107 = CARTESIAN_POINT('',(20.5578125,4.962563572035));
#2108 = CARTESIAN_POINT('',(20.56098527316,4.870062052989));
#2109 = CARTESIAN_POINT('',(20.567699840796,4.779874081729));
#2110 = CARTESIAN_POINT('',(20.578391767397,4.692514845284));
#2111 = CARTESIAN_POINT('',(20.593553502929,4.608660579327));
#2112 = CARTESIAN_POINT('',(20.631245178059,4.459607136768));
#2113 = CARTESIAN_POINT('',(20.65259921219,4.39339401689));
#2114 = CARTESIAN_POINT('',(20.678048721822,4.331022941618));
#2115 = CARTESIAN_POINT('',(20.707880232526,4.273143685743));
#2116 = CARTESIAN_POINT('',(20.742292150498,4.220432108664));
#2117 = CARTESIAN_POINT('',(20.78125,4.1734375));
#2118 = ( GEOMETRIC_REPRESENTATION_CONTEXT(2) 
PARAMETRIC_REPRESENTATION_CONTEXT() REPRESENTATION_CONTEXT('2D SPACE',''
  ) );
#2119 = PCURVE('',#2120,#2127);
#2120 = SURFACE_OF_LINEAR_EXTRUSION('',#2121,#2125);
#2121 = B_SPLINE_CURVE_WITH_KNOTS('',2,(#2122,#2123,#2124),
  .UNSPECIFIED.,.F.,.F.,(3,3),(0.,1.),.PIECEWISE_BEZIER_KNOTS.);
#2122 = CARTESIAN_POINT('',(20.78125,4.1734375,3.95));
#2123 = CARTESIAN_POINT('',(20.5578125,4.44296875,3.95));
#2124 = CARTESIAN_POINT('',(20.5578125,5.05703125,3.95));
#2125 = VECTOR('',#2126,1.);
#2126 = DIRECTION('',(-0.,-0.,-1.));
#2127 = DEFINITIONAL_REPRESENTATION('',(#2128),#2141);
#2128 = B_SPLINE_CURVE_WITH_KNOTS('',6,(#2129,#2130,#2131,#2132,#2133,
    #2134,#2135,#2136,#2137,#2138,#2139,#2140),.UNSPECIFIED.,.F.,.F.,(7,
    5,7),(0.,0.533761686151,1.),.UNSPECIFIED.);
#2129 = CARTESIAN_POINT('',(1.,-5.E-02));
#2130 = CARTESIAN_POINT('',(0.923079753311,-5.E-02));
#2131 = CARTESIAN_POINT('',(0.843776911877,-5.E-02));
#2132 = CARTESIAN_POINT('',(0.761911016448,-5.E-02));
#2133 = CARTESIAN_POINT('',(0.677354689811,-5.E-02));
#2134 = CARTESIAN_POINT('',(0.590040266612,-5.E-02));
#2135 = CARTESIAN_POINT('',(0.421350252045,-5.E-02));
#2136 = CARTESIAN_POINT('',(0.340625452424,-5.E-02));
#2137 = CARTESIAN_POINT('',(0.257887008607,-5.E-02));
#2138 = CARTESIAN_POINT('',(0.173304255459,-5.E-02));
#2139 = CARTESIAN_POINT('',(8.717840447895E-02,-5.E-02));
#2140 = CARTESIAN_POINT('',(0.,-5.E-02));
#2141 = ( GEOMETRIC_REPRESENTATION_CONTEXT(2) 
PARAMETRIC_REPRESENTATION_CONTEXT() REPRESENTATION_CONTEXT('2D SPACE',''
  ) );
#2142 = ORIENTED_EDGE('',*,*,#2143,.F.);
#2143 = EDGE_CURVE('',#2144,#2087,#2146,.T.);
#2144 = VERTEX_POINT('',#2145);
#2145 = CARTESIAN_POINT('',(20.790625,5.96484375,4.));
#2146 = SURFACE_CURVE('',#2147,(#2160,#2176),.PCURVE_S1.);
#2147 = B_SPLINE_CURVE_WITH_KNOTS('',6,(#2148,#2149,#2150,#2151,#2152,
    #2153,#2154,#2155,#2156,#2157,#2158,#2159),.UNSPECIFIED.,.F.,.F.,(7,
    5,7),(0.,0.467745732576,1.),.UNSPECIFIED.);
#2148 = CARTESIAN_POINT('',(20.790625,5.96484375,4.));
#2149 = CARTESIAN_POINT('',(20.749849532145,5.916132117261,4.));
#2150 = CARTESIAN_POINT('',(20.713849118599,5.861535396801,4.));
#2151 = CARTESIAN_POINT('',(20.682670610467,5.801632569853,4.));
#2152 = CARTESIAN_POINT('',(20.656103924902,5.737137686539,4.));
#2153 = CARTESIAN_POINT('',(20.633842893186,5.668734852209,4.));
#2154 = CARTESIAN_POINT('',(20.594736257546,5.515395647885,4.));
#2155 = CARTESIAN_POINT('',(20.579062390514,5.429485153735,4.));
#2156 = CARTESIAN_POINT('',(20.568017667944,5.340089035517,4.));
#2157 = CARTESIAN_POINT('',(20.561086065135,5.24789618569,4.));
#2158 = CARTESIAN_POINT('',(20.5578125,5.153427860257,4.));
#2159 = CARTESIAN_POINT('',(20.5578125,5.05703125,4.));
#2160 = PCURVE('',#44,#2161);
#2161 = DEFINITIONAL_REPRESENTATION('',(#2162),#2175);
#2162 = B_SPLINE_CURVE_WITH_KNOTS('',6,(#2163,#2164,#2165,#2166,#2167,
    #2168,#2169,#2170,#2171,#2172,#2173,#2174),.UNSPECIFIED.,.F.,.F.,(7,
    5,7),(0.,0.467745732576,1.),.UNSPECIFIED.);
#2163 = CARTESIAN_POINT('',(20.790625,5.96484375));
#2164 = CARTESIAN_POINT('',(20.749849532145,5.916132117261));
#2165 = CARTESIAN_POINT('',(20.713849118599,5.861535396801));
#2166 = CARTESIAN_POINT('',(20.682670610467,5.801632569853));
#2167 = CARTESIAN_POINT('',(20.656103924902,5.737137686539));
#2168 = CARTESIAN_POINT('',(20.633842893186,5.668734852209));
#2169 = CARTESIAN_POINT('',(20.594736257546,5.515395647885));
#2170 = CARTESIAN_POINT('',(20.579062390514,5.429485153735));
#2171 = CARTESIAN_POINT('',(20.568017667944,5.340089035517));
#2172 = CARTESIAN_POINT('',(20.561086065135,5.24789618569));
#2173 = CARTESIAN_POINT('',(20.5578125,5.153427860257));
#2174 = CARTESIAN_POINT('',(20.5578125,5.05703125));
#2175 = ( GEOMETRIC_REPRESENTATION_CONTEXT(2) 
PARAMETRIC_REPRESENTATION_CONTEXT() REPRESENTATION_CONTEXT('2D SPACE',''
  ) );
#2176 = PCURVE('',#2177,#2184);
#2177 = SURFACE_OF_LINEAR_EXTRUSION('',#2178,#2182);
#2178 = B_SPLINE_CURVE_WITH_KNOTS('',2,(#2179,#2180,#2181),
  .UNSPECIFIED.,.F.,.F.,(3,3),(0.,1.),.PIECEWISE_BEZIER_KNOTS.);
#2179 = CARTESIAN_POINT('',(20.5578125,5.05703125,3.95));
#2180 = CARTESIAN_POINT('',(20.5578125,5.68671875,3.95));
#2181 = CARTESIAN_POINT('',(20.790625,5.96484375,3.95));
#2182 = VECTOR('',#2183,1.);
#2183 = DIRECTION('',(-0.,-0.,-1.));
#2184 = DEFINITIONAL_REPRESENTATION('',(#2185),#2198);
#2185 = B_SPLINE_CURVE_WITH_KNOTS('',6,(#2186,#2187,#2188,#2189,#2190,
    #2191,#2192,#2193,#2194,#2195,#2196,#2197),.UNSPECIFIED.,.F.,.F.,(7,
    5,7),(0.,0.467745732576,1.),.UNSPECIFIED.);
#2186 = CARTESIAN_POINT('',(1.,-5.E-02));
#2187 = CARTESIAN_POINT('',(0.912428525412,-5.E-02));
#2188 = CARTESIAN_POINT('',(0.82590960845,-5.E-02));
#2189 = CARTESIAN_POINT('',(0.740959163392,-5.E-02));
#2190 = CARTESIAN_POINT('',(0.657892275836,-5.E-02));
#2191 = CARTESIAN_POINT('',(0.576885041096,-5.E-02));
#2192 = CARTESIAN_POINT('',(0.408235632663,-5.E-02));
#2193 = CARTESIAN_POINT('',(0.321224944579,-5.E-02));
#2194 = CARTESIAN_POINT('',(0.236997140663,-5.E-02));
#2195 = CARTESIAN_POINT('',(0.155480487342,-5.E-02));
#2196 = CARTESIAN_POINT('',(7.654321409987E-02,-5.E-02));
#2197 = CARTESIAN_POINT('',(0.,-5.E-02));
#2198 = ( GEOMETRIC_REPRESENTATION_CONTEXT(2) 
PARAMETRIC_REPRESENTATION_CONTEXT() REPRESENTATION_CONTEXT('2D SPACE',''
  ) );
#2199 = ORIENTED_EDGE('',*,*,#2200,.F.);
#2200 = EDGE_CURVE('',#2201,#2144,#2203,.T.);
#2201 = VERTEX_POINT('',#2202);
#2202 = CARTESIAN_POINT('',(21.3953125,6.24296875,4.));
#2203 = SURFACE_CURVE('',#2204,(#2215,#2229),.PCURVE_S1.);
#2204 = B_SPLINE_CURVE_WITH_KNOTS('',5,(#2205,#2206,#2207,#2208,#2209,
    #2210,#2211,#2212,#2213,#2214),.UNSPECIFIED.,.F.,.F.,(6,4,6),(0.,
    0.534757829873,1.),.UNSPECIFIED.);
#2205 = CARTESIAN_POINT('',(21.3953125,6.24296875,4.));
#2206 = CARTESIAN_POINT('',(21.317796457132,6.24296875,4.));
#2207 = CARTESIAN_POINT('',(21.242695364889,6.235415837835,4.));
#2208 = CARTESIAN_POINT('',(21.170626476857,6.219780008008,4.));
#2209 = CARTESIAN_POINT('',(21.102178031766,6.195783976752,4.));
#2210 = CARTESIAN_POINT('',(20.981799194992,6.135711477655,4.));
#2211 = CARTESIAN_POINT('',(20.928864305111,6.101604010327,4.));
#2212 = CARTESIAN_POINT('',(20.879297583512,6.061481756719,4.));
#2213 = CARTESIAN_POINT('',(20.833217067109,6.015725548291,4.));
#2214 = CARTESIAN_POINT('',(20.790625,5.96484375,4.));
#2215 = PCURVE('',#44,#2216);
#2216 = DEFINITIONAL_REPRESENTATION('',(#2217),#2228);
#2217 = B_SPLINE_CURVE_WITH_KNOTS('',5,(#2218,#2219,#2220,#2221,#2222,
    #2223,#2224,#2225,#2226,#2227),.UNSPECIFIED.,.F.,.F.,(6,4,6),(0.,
    0.534757829873,1.),.UNSPECIFIED.);
#2218 = CARTESIAN_POINT('',(21.3953125,6.24296875));
#2219 = CARTESIAN_POINT('',(21.317796457132,6.24296875));
#2220 = CARTESIAN_POINT('',(21.242695364889,6.235415837835));
#2221 = CARTESIAN_POINT('',(21.170626476857,6.219780008008));
#2222 = CARTESIAN_POINT('',(21.102178031766,6.195783976752));
#2223 = CARTESIAN_POINT('',(20.981799194992,6.135711477655));
#2224 = CARTESIAN_POINT('',(20.928864305111,6.101604010327));
#2225 = CARTESIAN_POINT('',(20.879297583512,6.061481756719));
#2226 = CARTESIAN_POINT('',(20.833217067109,6.015725548291));
#2227 = CARTESIAN_POINT('',(20.790625,5.96484375));
#2228 = ( GEOMETRIC_REPRESENTATION_CONTEXT(2) 
PARAMETRIC_REPRESENTATION_CONTEXT() REPRESENTATION_CONTEXT('2D SPACE',''
  ) );
#2229 = PCURVE('',#2230,#2237);
#2230 = SURFACE_OF_LINEAR_EXTRUSION('',#2231,#2235);
#2231 = B_SPLINE_CURVE_WITH_KNOTS('',2,(#2232,#2233,#2234),
  .UNSPECIFIED.,.F.,.F.,(3,3),(0.,1.),.PIECEWISE_BEZIER_KNOTS.);
#2232 = CARTESIAN_POINT('',(20.790625,5.96484375,3.95));
#2233 = CARTESIAN_POINT('',(21.0234375,6.24296875,3.95));
#2234 = CARTESIAN_POINT('',(21.3953125,6.24296875,3.95));
#2235 = VECTOR('',#2236,1.);
#2236 = DIRECTION('',(-0.,-0.,-1.));
#2237 = DEFINITIONAL_REPRESENTATION('',(#2238),#2249);
#2238 = B_SPLINE_CURVE_WITH_KNOTS('',5,(#2239,#2240,#2241,#2242,#2243,
    #2244,#2245,#2246,#2247,#2248),.UNSPECIFIED.,.F.,.F.,(6,4,6),(0.,
    0.534757829873,1.),.UNSPECIFIED.);
#2239 = CARTESIAN_POINT('',(1.,-5.E-02));
#2240 = CARTESIAN_POINT('',(0.895776749086,-5.E-02));
#2241 = CARTESIAN_POINT('',(0.789722902597,-5.E-02));
#2242 = CARTESIAN_POINT('',(0.682312075108,-5.E-02));
#2243 = CARTESIAN_POINT('',(0.574148766577,-5.E-02));
#2244 = CARTESIAN_POINT('',(0.371909995052,-5.E-02));
#2245 = CARTESIAN_POINT('',(0.277807644066,-5.E-02));
#2246 = CARTESIAN_POINT('',(0.184190368903,-5.E-02));
#2247 = CARTESIAN_POINT('',(9.147289580375E-02,-5.E-02));
#2248 = CARTESIAN_POINT('',(0.,-5.E-02));
#2249 = ( GEOMETRIC_REPRESENTATION_CONTEXT(2) 
PARAMETRIC_REPRESENTATION_CONTEXT() REPRESENTATION_CONTEXT('2D SPACE',''
  ) );
#2250 = ORIENTED_EDGE('',*,*,#2251,.F.);
#2251 = EDGE_CURVE('',#2252,#2201,#2254,.T.);
#2252 = VERTEX_POINT('',#2253);
#2253 = CARTESIAN_POINT('',(21.82734375,6.096875,4.));
#2254 = SURFACE_CURVE('',#2255,(#2266,#2280),.PCURVE_S1.);
#2255 = B_SPLINE_CURVE_WITH_KNOTS('',5,(#2256,#2257,#2258,#2259,#2260,
    #2261,#2262,#2263,#2264,#2265),.UNSPECIFIED.,.F.,.F.,(6,4,6),(0.,
    0.202449699524,1.),.UNSPECIFIED.);
#2256 = CARTESIAN_POINT('',(21.82734375,6.096875,4.));
#2257 = CARTESIAN_POINT('',(21.813401330464,6.108780171019,4.));
#2258 = CARTESIAN_POINT('',(21.799071911457,6.120091053444,4.));
#2259 = CARTESIAN_POINT('',(21.784358644424,6.13080119181,4.));
#2260 = CARTESIAN_POINT('',(21.769265758898,6.140905730251,4.));
#2261 = CARTESIAN_POINT('',(21.692865564508,6.187809639082,4.));
#2262 = CARTESIAN_POINT('',(21.626116498487,6.215772944658,4.));
#2263 = CARTESIAN_POINT('',(21.553894586517,6.234075686025,4.));
#2264 = CARTESIAN_POINT('',(21.476746528302,6.24296875,4.));
#2265 = CARTESIAN_POINT('',(21.3953125,6.24296875,4.));
#2266 = PCURVE('',#44,#2267);
#2267 = DEFINITIONAL_REPRESENTATION('',(#2268),#2279);
#2268 = B_SPLINE_CURVE_WITH_KNOTS('',5,(#2269,#2270,#2271,#2272,#2273,
    #2274,#2275,#2276,#2277,#2278),.UNSPECIFIED.,.F.,.F.,(6,4,6),(0.,
    0.202449699524,1.),.UNSPECIFIED.);
#2269 = CARTESIAN_POINT('',(21.82734375,6.096875));
#2270 = CARTESIAN_POINT('',(21.813401330464,6.108780171019));
#2271 = CARTESIAN_POINT('',(21.799071911457,6.120091053444));
#2272 = CARTESIAN_POINT('',(21.784358644424,6.13080119181));
#2273 = CARTESIAN_POINT('',(21.769265758898,6.140905730251));
#2274 = CARTESIAN_POINT('',(21.692865564508,6.187809639082));
#2275 = CARTESIAN_POINT('',(21.626116498487,6.215772944658));
#2276 = CARTESIAN_POINT('',(21.553894586517,6.234075686025));
#2277 = CARTESIAN_POINT('',(21.476746528302,6.24296875));
#2278 = CARTESIAN_POINT('',(21.3953125,6.24296875));
#2279 = ( GEOMETRIC_REPRESENTATION_CONTEXT(2) 
PARAMETRIC_REPRESENTATION_CONTEXT() REPRESENTATION_CONTEXT('2D SPACE',''
  ) );
#2280 = PCURVE('',#2281,#2288);
#2281 = SURFACE_OF_LINEAR_EXTRUSION('',#2282,#2286);
#2282 = B_SPLINE_CURVE_WITH_KNOTS('',2,(#2283,#2284,#2285),
  .UNSPECIFIED.,.F.,.F.,(3,3),(0.,1.),.PIECEWISE_BEZIER_KNOTS.);
#2283 = CARTESIAN_POINT('',(21.3953125,6.24296875,3.95));
#2284 = CARTESIAN_POINT('',(21.65625,6.24296875,3.95));
#2285 = CARTESIAN_POINT('',(21.82734375,6.096875,3.95));
#2286 = VECTOR('',#2287,1.);
#2287 = DIRECTION('',(-0.,-0.,-1.));
#2288 = DEFINITIONAL_REPRESENTATION('',(#2289),#2300);
#2289 = B_SPLINE_CURVE_WITH_KNOTS('',5,(#2290,#2291,#2292,#2293,#2294,
    #2295,#2296,#2297,#2298,#2299),.UNSPECIFIED.,.F.,.F.,(6,4,6),(0.,
    0.202449699524,1.),.UNSPECIFIED.);
#2290 = CARTESIAN_POINT('',(1.,-5.E-02));
#2291 = CARTESIAN_POINT('',(0.959255029667,-5.E-02));
#2292 = CARTESIAN_POINT('',(0.918468808315,-5.E-02));
#2293 = CARTESIAN_POINT('',(0.877654981707,-5.E-02));
#2294 = CARTESIAN_POINT('',(0.836827376452,-5.E-02));
#2295 = CARTESIAN_POINT('',(0.63516060911,-5.E-02));
#2296 = CARTESIAN_POINT('',(0.474306474945,-5.E-02));
#2297 = CARTESIAN_POINT('',(0.314349380749,-5.E-02));
#2298 = CARTESIAN_POINT('',(0.156041251836,-5.E-02));
#2299 = CARTESIAN_POINT('',(0.,-5.E-02));
#2300 = ( GEOMETRIC_REPRESENTATION_CONTEXT(2) 
PARAMETRIC_REPRESENTATION_CONTEXT() REPRESENTATION_CONTEXT('2D SPACE',''
  ) );
#2301 = ORIENTED_EDGE('',*,*,#2302,.F.);
#2302 = EDGE_CURVE('',#1569,#2252,#2303,.T.);
#2303 = SURFACE_CURVE('',#2304,(#2311,#2321),.PCURVE_S1.);
#2304 = B_SPLINE_CURVE_WITH_KNOTS('',5,(#2305,#2306,#2307,#2308,#2309,
    #2310),.UNSPECIFIED.,.F.,.F.,(6,6),(0.,1.),
  .PIECEWISE_BEZIER_KNOTS.);
#2305 = CARTESIAN_POINT('',(22.0453125,5.67265625,4.));
#2306 = CARTESIAN_POINT('',(22.027142708658,5.78046367863,4.));
#2307 = CARTESIAN_POINT('',(21.996886661437,5.878369408709,4.));
#2308 = CARTESIAN_POINT('',(21.953576364975,5.96457233162,4.));
#2309 = CARTESIAN_POINT('',(21.89678672011,6.037578947897,4.));
#2310 = CARTESIAN_POINT('',(21.82734375,6.096875,4.));
#2311 = PCURVE('',#44,#2312);
#2312 = DEFINITIONAL_REPRESENTATION('',(#2313),#2320);
#2313 = B_SPLINE_CURVE_WITH_KNOTS('',5,(#2314,#2315,#2316,#2317,#2318,
    #2319),.UNSPECIFIED.,.F.,.F.,(6,6),(0.,1.),
  .PIECEWISE_BEZIER_KNOTS.);
#2314 = CARTESIAN_POINT('',(22.0453125,5.67265625));
#2315 = CARTESIAN_POINT('',(22.027142708658,5.78046367863));
#2316 = CARTESIAN_POINT('',(21.996886661437,5.878369408709));
#2317 = CARTESIAN_POINT('',(21.953576364975,5.96457233162));
#2318 = CARTESIAN_POINT('',(21.89678672011,6.037578947897));
#2319 = CARTESIAN_POINT('',(21.82734375,6.096875));
#2320 = ( GEOMETRIC_REPRESENTATION_CONTEXT(2) 
PARAMETRIC_REPRESENTATION_CONTEXT() REPRESENTATION_CONTEXT('2D SPACE',''
  ) );
#2321 = PCURVE('',#2322,#2329);
#2322 = SURFACE_OF_LINEAR_EXTRUSION('',#2323,#2327);
#2323 = B_SPLINE_CURVE_WITH_KNOTS('',2,(#2324,#2325,#2326),
  .UNSPECIFIED.,.F.,.F.,(3,3),(0.,1.),.PIECEWISE_BEZIER_KNOTS.);
#2324 = CARTESIAN_POINT('',(21.82734375,6.096875,3.95));
#2325 = CARTESIAN_POINT('',(21.9984375,5.95078125,3.95));
#2326 = CARTESIAN_POINT('',(22.0453125,5.67265625,3.95));
#2327 = VECTOR('',#2328,1.);
#2328 = DIRECTION('',(-0.,-0.,-1.));
#2329 = DEFINITIONAL_REPRESENTATION('',(#2330),#2337);
#2330 = B_SPLINE_CURVE_WITH_KNOTS('',5,(#2331,#2332,#2333,#2334,#2335,
    #2336),.UNSPECIFIED.,.F.,.F.,(6,6),(0.,1.),
  .PIECEWISE_BEZIER_KNOTS.);
#2331 = CARTESIAN_POINT('',(1.,-5.E-02));
#2332 = CARTESIAN_POINT('',(0.80618889235,-5.E-02));
#2333 = CARTESIAN_POINT('',(0.607888203746,-5.E-02));
#2334 = CARTESIAN_POINT('',(0.406275308194,-5.E-02));
#2335 = CARTESIAN_POINT('',(0.202938360139,-5.E-02));
#2336 = CARTESIAN_POINT('',(0.,-5.E-02));
#2337 = ( GEOMETRIC_REPRESENTATION_CONTEXT(2) 
PARAMETRIC_REPRESENTATION_CONTEXT() REPRESENTATION_CONTEXT('2D SPACE',''
  ) );
#2338 = FACE_BOUND('',#2339,.T.);
#2339 = EDGE_LOOP('',(#2340,#2368,#2394,#2420,#2446,#2472,#2498,#2524));
#2340 = ORIENTED_EDGE('',*,*,#2341,.F.);
#2341 = EDGE_CURVE('',#2342,#2344,#2346,.T.);
#2342 = VERTEX_POINT('',#2343);
#2343 = CARTESIAN_POINT('',(40.546875,3.94296875,4.));
#2344 = VERTEX_POINT('',#2345);
#2345 = CARTESIAN_POINT('',(41.009375,3.94296875,4.));
#2346 = SURFACE_CURVE('',#2347,(#2351,#2357),.PCURVE_S1.);
#2347 = LINE('',#2348,#2349);
#2348 = CARTESIAN_POINT('',(20.5046875,3.94296875,4.));
#2349 = VECTOR('',#2350,1.);
#2350 = DIRECTION('',(1.,0.,-0.));
#2351 = PCURVE('',#44,#2352);
#2352 = DEFINITIONAL_REPRESENTATION('',(#2353),#2356);
#2353 = B_SPLINE_CURVE_WITH_KNOTS('',1,(#2354,#2355),.UNSPECIFIED.,.F.,
  .F.,(2,2),(20.0421875,20.5046875),.PIECEWISE_BEZIER_KNOTS.);
#2354 = CARTESIAN_POINT('',(40.546875,3.94296875));
#2355 = CARTESIAN_POINT('',(41.009375,3.94296875));
#2356 = ( GEOMETRIC_REPRESENTATION_CONTEXT(2) 
PARAMETRIC_REPRESENTATION_CONTEXT() REPRESENTATION_CONTEXT('2D SPACE',''
  ) );
#2357 = PCURVE('',#2358,#2363);
#2358 = PLANE('',#2359);
#2359 = AXIS2_PLACEMENT_3D('',#2360,#2361,#2362);
#2360 = CARTESIAN_POINT('',(41.009375,3.94296875,3.95));
#2361 = DIRECTION('',(0.,-1.,0.));
#2362 = DIRECTION('',(-1.,0.,0.));
#2363 = DEFINITIONAL_REPRESENTATION('',(#2364),#2367);
#2364 = B_SPLINE_CURVE_WITH_KNOTS('',1,(#2365,#2366),.UNSPECIFIED.,.F.,
  .F.,(2,2),(20.0421875,20.5046875),.PIECEWISE_BEZIER_KNOTS.);
#2365 = CARTESIAN_POINT('',(0.4625,-5.E-02));
#2366 = CARTESIAN_POINT('',(0.,-5.E-02));
#2367 = ( GEOMETRIC_REPRESENTATION_CONTEXT(2) 
PARAMETRIC_REPRESENTATION_CONTEXT() REPRESENTATION_CONTEXT('2D SPACE',''
  ) );
#2368 = ORIENTED_EDGE('',*,*,#2369,.F.);
#2369 = EDGE_CURVE('',#2370,#2342,#2372,.T.);
#2370 = VERTEX_POINT('',#2371);
#2371 = CARTESIAN_POINT('',(40.546875,5.84609375,4.));
#2372 = SURFACE_CURVE('',#2373,(#2377,#2383),.PCURVE_S1.);
#2373 = LINE('',#2374,#2375);
#2374 = CARTESIAN_POINT('',(40.546875,1.971484375,4.));
#2375 = VECTOR('',#2376,1.);
#2376 = DIRECTION('',(0.,-1.,0.));
#2377 = PCURVE('',#44,#2378);
#2378 = DEFINITIONAL_REPRESENTATION('',(#2379),#2382);
#2379 = B_SPLINE_CURVE_WITH_KNOTS('',1,(#2380,#2381),.UNSPECIFIED.,.F.,
  .F.,(2,2),(-3.874609375,-1.971484375),.PIECEWISE_BEZIER_KNOTS.);
#2380 = CARTESIAN_POINT('',(40.546875,5.84609375));
#2381 = CARTESIAN_POINT('',(40.546875,3.94296875));
#2382 = ( GEOMETRIC_REPRESENTATION_CONTEXT(2) 
PARAMETRIC_REPRESENTATION_CONTEXT() REPRESENTATION_CONTEXT('2D SPACE',''
  ) );
#2383 = PCURVE('',#2384,#2389);
#2384 = PLANE('',#2385);
#2385 = AXIS2_PLACEMENT_3D('',#2386,#2387,#2388);
#2386 = CARTESIAN_POINT('',(40.546875,3.94296875,3.95));
#2387 = DIRECTION('',(-1.,0.,0.));
#2388 = DIRECTION('',(0.,1.,0.));
#2389 = DEFINITIONAL_REPRESENTATION('',(#2390),#2393);
#2390 = B_SPLINE_CURVE_WITH_KNOTS('',1,(#2391,#2392),.UNSPECIFIED.,.F.,
  .F.,(2,2),(-3.874609375,-1.971484375),.PIECEWISE_BEZIER_KNOTS.);
#2391 = CARTESIAN_POINT('',(1.903125,-5.E-02));
#2392 = CARTESIAN_POINT('',(0.,-5.E-02));
#2393 = ( GEOMETRIC_REPRESENTATION_CONTEXT(2) 
PARAMETRIC_REPRESENTATION_CONTEXT() REPRESENTATION_CONTEXT('2D SPACE',''
  ) );
#2394 = ORIENTED_EDGE('',*,*,#2395,.F.);
#2395 = EDGE_CURVE('',#2396,#2370,#2398,.T.);
#2396 = VERTEX_POINT('',#2397);
#2397 = CARTESIAN_POINT('',(39.8671875,5.84609375,4.));
#2398 = SURFACE_CURVE('',#2399,(#2403,#2409),.PCURVE_S1.);
#2399 = LINE('',#2400,#2401);
#2400 = CARTESIAN_POINT('',(20.2734375,5.84609375,4.));
#2401 = VECTOR('',#2402,1.);
#2402 = DIRECTION('',(1.,0.,-0.));
#2403 = PCURVE('',#44,#2404);
#2404 = DEFINITIONAL_REPRESENTATION('',(#2405),#2408);
#2405 = B_SPLINE_CURVE_WITH_KNOTS('',1,(#2406,#2407),.UNSPECIFIED.,.F.,
  .F.,(2,2),(19.59375,20.2734375),.PIECEWISE_BEZIER_KNOTS.);
#2406 = CARTESIAN_POINT('',(39.8671875,5.84609375));
#2407 = CARTESIAN_POINT('',(40.546875,5.84609375));
#2408 = ( GEOMETRIC_REPRESENTATION_CONTEXT(2) 
PARAMETRIC_REPRESENTATION_CONTEXT() REPRESENTATION_CONTEXT('2D SPACE',''
  ) );
#2409 = PCURVE('',#2410,#2415);
#2410 = PLANE('',#2411);
#2411 = AXIS2_PLACEMENT_3D('',#2412,#2413,#2414);
#2412 = CARTESIAN_POINT('',(40.546875,5.84609375,3.95));
#2413 = DIRECTION('',(0.,-1.,0.));
#2414 = DIRECTION('',(-1.,0.,0.));
#2415 = DEFINITIONAL_REPRESENTATION('',(#2416),#2419);
#2416 = B_SPLINE_CURVE_WITH_KNOTS('',1,(#2417,#2418),.UNSPECIFIED.,.F.,
  .F.,(2,2),(19.59375,20.2734375),.PIECEWISE_BEZIER_KNOTS.);
#2417 = CARTESIAN_POINT('',(0.6796875,-5.E-02));
#2418 = CARTESIAN_POINT('',(0.,-5.E-02));
#2419 = ( GEOMETRIC_REPRESENTATION_CONTEXT(2) 
PARAMETRIC_REPRESENTATION_CONTEXT() REPRESENTATION_CONTEXT('2D SPACE',''
  ) );
#2420 = ORIENTED_EDGE('',*,*,#2421,.F.);
#2421 = EDGE_CURVE('',#2422,#2396,#2424,.T.);
#2422 = VERTEX_POINT('',#2423);
#2423 = CARTESIAN_POINT('',(39.8671875,6.23359375,4.));
#2424 = SURFACE_CURVE('',#2425,(#2429,#2435),.PCURVE_S1.);
#2425 = LINE('',#2426,#2427);
#2426 = CARTESIAN_POINT('',(39.8671875,2.923046875,4.));
#2427 = VECTOR('',#2428,1.);
#2428 = DIRECTION('',(0.,-1.,0.));
#2429 = PCURVE('',#44,#2430);
#2430 = DEFINITIONAL_REPRESENTATION('',(#2431),#2434);
#2431 = B_SPLINE_CURVE_WITH_KNOTS('',1,(#2432,#2433),.UNSPECIFIED.,.F.,
  .F.,(2,2),(-3.310546875,-2.923046875),.PIECEWISE_BEZIER_KNOTS.);
#2432 = CARTESIAN_POINT('',(39.8671875,6.23359375));
#2433 = CARTESIAN_POINT('',(39.8671875,5.84609375));
#2434 = ( GEOMETRIC_REPRESENTATION_CONTEXT(2) 
PARAMETRIC_REPRESENTATION_CONTEXT() REPRESENTATION_CONTEXT('2D SPACE',''
  ) );
#2435 = PCURVE('',#2436,#2441);
#2436 = PLANE('',#2437);
#2437 = AXIS2_PLACEMENT_3D('',#2438,#2439,#2440);
#2438 = CARTESIAN_POINT('',(39.8671875,5.84609375,3.95));
#2439 = DIRECTION('',(-1.,0.,0.));
#2440 = DIRECTION('',(0.,1.,0.));
#2441 = DEFINITIONAL_REPRESENTATION('',(#2442),#2445);
#2442 = B_SPLINE_CURVE_WITH_KNOTS('',1,(#2443,#2444),.UNSPECIFIED.,.F.,
  .F.,(2,2),(-3.310546875,-2.923046875),.PIECEWISE_BEZIER_KNOTS.);
#2443 = CARTESIAN_POINT('',(0.3875,-5.E-02));
#2444 = CARTESIAN_POINT('',(0.,-5.E-02));
#2445 = ( GEOMETRIC_REPRESENTATION_CONTEXT(2) 
PARAMETRIC_REPRESENTATION_CONTEXT() REPRESENTATION_CONTEXT('2D SPACE',''
  ) );
#2446 = ORIENTED_EDGE('',*,*,#2447,.F.);
#2447 = EDGE_CURVE('',#2448,#2422,#2450,.T.);
#2448 = VERTEX_POINT('',#2449);
#2449 = CARTESIAN_POINT('',(41.6875,6.23359375,4.));
#2450 = SURFACE_CURVE('',#2451,(#2455,#2461),.PCURVE_S1.);
#2451 = LINE('',#2452,#2453);
#2452 = CARTESIAN_POINT('',(19.93359375,6.23359375,4.));
#2453 = VECTOR('',#2454,1.);
#2454 = DIRECTION('',(-1.,0.,0.));
#2455 = PCURVE('',#44,#2456);
#2456 = DEFINITIONAL_REPRESENTATION('',(#2457),#2460);
#2457 = B_SPLINE_CURVE_WITH_KNOTS('',1,(#2458,#2459),.UNSPECIFIED.,.F.,
  .F.,(2,2),(-21.75390625,-19.93359375),.PIECEWISE_BEZIER_KNOTS.);
#2458 = CARTESIAN_POINT('',(41.6875,6.23359375));
#2459 = CARTESIAN_POINT('',(39.8671875,6.23359375));
#2460 = ( GEOMETRIC_REPRESENTATION_CONTEXT(2) 
PARAMETRIC_REPRESENTATION_CONTEXT() REPRESENTATION_CONTEXT('2D SPACE',''
  ) );
#2461 = PCURVE('',#2462,#2467);
#2462 = PLANE('',#2463);
#2463 = AXIS2_PLACEMENT_3D('',#2464,#2465,#2466);
#2464 = CARTESIAN_POINT('',(39.8671875,6.23359375,3.95));
#2465 = DIRECTION('',(0.,1.,0.));
#2466 = DIRECTION('',(1.,0.,0.));
#2467 = DEFINITIONAL_REPRESENTATION('',(#2468),#2471);
#2468 = B_SPLINE_CURVE_WITH_KNOTS('',1,(#2469,#2470),.UNSPECIFIED.,.F.,
  .F.,(2,2),(-21.75390625,-19.93359375),.PIECEWISE_BEZIER_KNOTS.);
#2469 = CARTESIAN_POINT('',(1.8203125,-5.E-02));
#2470 = CARTESIAN_POINT('',(0.,-5.E-02));
#2471 = ( GEOMETRIC_REPRESENTATION_CONTEXT(2) 
PARAMETRIC_REPRESENTATION_CONTEXT() REPRESENTATION_CONTEXT('2D SPACE',''
  ) );
#2472 = ORIENTED_EDGE('',*,*,#2473,.F.);
#2473 = EDGE_CURVE('',#2474,#2448,#2476,.T.);
#2474 = VERTEX_POINT('',#2475);
#2475 = CARTESIAN_POINT('',(41.6875,5.84609375,4.));
#2476 = SURFACE_CURVE('',#2477,(#2481,#2487),.PCURVE_S1.);
#2477 = LINE('',#2478,#2479);
#2478 = CARTESIAN_POINT('',(41.6875,3.116796875,4.));
#2479 = VECTOR('',#2480,1.);
#2480 = DIRECTION('',(0.,1.,0.));
#2481 = PCURVE('',#44,#2482);
#2482 = DEFINITIONAL_REPRESENTATION('',(#2483),#2486);
#2483 = B_SPLINE_CURVE_WITH_KNOTS('',1,(#2484,#2485),.UNSPECIFIED.,.F.,
  .F.,(2,2),(2.729296875,3.116796875),.PIECEWISE_BEZIER_KNOTS.);
#2484 = CARTESIAN_POINT('',(41.6875,5.84609375));
#2485 = CARTESIAN_POINT('',(41.6875,6.23359375));
#2486 = ( GEOMETRIC_REPRESENTATION_CONTEXT(2) 
PARAMETRIC_REPRESENTATION_CONTEXT() REPRESENTATION_CONTEXT('2D SPACE',''
  ) );
#2487 = PCURVE('',#2488,#2493);
#2488 = PLANE('',#2489);
#2489 = AXIS2_PLACEMENT_3D('',#2490,#2491,#2492);
#2490 = CARTESIAN_POINT('',(41.6875,6.23359375,3.95));
#2491 = DIRECTION('',(1.,0.,0.));
#2492 = DIRECTION('',(0.,-1.,0.));
#2493 = DEFINITIONAL_REPRESENTATION('',(#2494),#2497);
#2494 = B_SPLINE_CURVE_WITH_KNOTS('',1,(#2495,#2496),.UNSPECIFIED.,.F.,
  .F.,(2,2),(2.729296875,3.116796875),.PIECEWISE_BEZIER_KNOTS.);
#2495 = CARTESIAN_POINT('',(0.3875,-5.E-02));
#2496 = CARTESIAN_POINT('',(0.,-5.E-02));
#2497 = ( GEOMETRIC_REPRESENTATION_CONTEXT(2) 
PARAMETRIC_REPRESENTATION_CONTEXT() REPRESENTATION_CONTEXT('2D SPACE',''
  ) );
#2498 = ORIENTED_EDGE('',*,*,#2499,.F.);
#2499 = EDGE_CURVE('',#2500,#2474,#2502,.T.);
#2500 = VERTEX_POINT('',#2501);
#2501 = CARTESIAN_POINT('',(41.009375,5.84609375,4.));
#2502 = SURFACE_CURVE('',#2503,(#2507,#2513),.PCURVE_S1.);
#2503 = LINE('',#2504,#2505);
#2504 = CARTESIAN_POINT('',(20.84375,5.84609375,4.));
#2505 = VECTOR('',#2506,1.);
#2506 = DIRECTION('',(1.,0.,-0.));
#2507 = PCURVE('',#44,#2508);
#2508 = DEFINITIONAL_REPRESENTATION('',(#2509),#2512);
#2509 = B_SPLINE_CURVE_WITH_KNOTS('',1,(#2510,#2511),.UNSPECIFIED.,.F.,
  .F.,(2,2),(20.165625,20.84375),.PIECEWISE_BEZIER_KNOTS.);
#2510 = CARTESIAN_POINT('',(41.009375,5.84609375));
#2511 = CARTESIAN_POINT('',(41.6875,5.84609375));
#2512 = ( GEOMETRIC_REPRESENTATION_CONTEXT(2) 
PARAMETRIC_REPRESENTATION_CONTEXT() REPRESENTATION_CONTEXT('2D SPACE',''
  ) );
#2513 = PCURVE('',#2514,#2519);
#2514 = PLANE('',#2515);
#2515 = AXIS2_PLACEMENT_3D('',#2516,#2517,#2518);
#2516 = CARTESIAN_POINT('',(41.6875,5.84609375,3.95));
#2517 = DIRECTION('',(0.,-1.,0.));
#2518 = DIRECTION('',(-1.,0.,0.));
#2519 = DEFINITIONAL_REPRESENTATION('',(#2520),#2523);
#2520 = B_SPLINE_CURVE_WITH_KNOTS('',1,(#2521,#2522),.UNSPECIFIED.,.F.,
  .F.,(2,2),(20.165625,20.84375),.PIECEWISE_BEZIER_KNOTS.);
#2521 = CARTESIAN_POINT('',(0.678125,-5.E-02));
#2522 = CARTESIAN_POINT('',(0.,-5.E-02));
#2523 = ( GEOMETRIC_REPRESENTATION_CONTEXT(2) 
PARAMETRIC_REPRESENTATION_CONTEXT() REPRESENTATION_CONTEXT('2D SPACE',''
  ) );
#2524 = ORIENTED_EDGE('',*,*,#2525,.F.);
#2525 = EDGE_CURVE('',#2344,#2500,#2526,.T.);
#2526 = SURFACE_CURVE('',#2527,(#2531,#2537),.PCURVE_S1.);
#2527 = LINE('',#2528,#2529);
#2528 = CARTESIAN_POINT('',(41.009375,2.923046875,4.));
#2529 = VECTOR('',#2530,1.);
#2530 = DIRECTION('',(0.,1.,0.));
#2531 = PCURVE('',#44,#2532);
#2532 = DEFINITIONAL_REPRESENTATION('',(#2533),#2536);
#2533 = B_SPLINE_CURVE_WITH_KNOTS('',1,(#2534,#2535),.UNSPECIFIED.,.F.,
  .F.,(2,2),(1.019921875,2.923046875),.PIECEWISE_BEZIER_KNOTS.);
#2534 = CARTESIAN_POINT('',(41.009375,3.94296875));
#2535 = CARTESIAN_POINT('',(41.009375,5.84609375));
#2536 = ( GEOMETRIC_REPRESENTATION_CONTEXT(2) 
PARAMETRIC_REPRESENTATION_CONTEXT() REPRESENTATION_CONTEXT('2D SPACE',''
  ) );
#2537 = PCURVE('',#2538,#2543);
#2538 = PLANE('',#2539);
#2539 = AXIS2_PLACEMENT_3D('',#2540,#2541,#2542);
#2540 = CARTESIAN_POINT('',(41.009375,5.84609375,3.95));
#2541 = DIRECTION('',(1.,0.,0.));
#2542 = DIRECTION('',(0.,-1.,0.));
#2543 = DEFINITIONAL_REPRESENTATION('',(#2544),#2547);
#2544 = B_SPLINE_CURVE_WITH_KNOTS('',1,(#2545,#2546),.UNSPECIFIED.,.F.,
  .F.,(2,2),(1.019921875,2.923046875),.PIECEWISE_BEZIER_KNOTS.);
#2545 = CARTESIAN_POINT('',(1.903125,-5.E-02));
#2546 = CARTESIAN_POINT('',(0.,-5.E-02));
#2547 = ( GEOMETRIC_REPRESENTATION_CONTEXT(2) 
PARAMETRIC_REPRESENTATION_CONTEXT() REPRESENTATION_CONTEXT('2D SPACE',''
  ) );
#2548 = FACE_BOUND('',#2549,.T.);
#2549 = EDGE_LOOP('',(#2550,#2578,#2617,#2662,#2707,#2746,#2797,#2842,
    #2878,#2904,#2943,#2994,#3045,#3090,#3135,#3174,#3200,#3239,#3290,
    #3329,#3380,#3431,#3488,#3539,#3590,#3641,#3692,#3743));
#2550 = ORIENTED_EDGE('',*,*,#2551,.F.);
#2551 = EDGE_CURVE('',#2552,#2554,#2556,.T.);
#2552 = VERTEX_POINT('',#2553);
#2553 = CARTESIAN_POINT('',(42.2984375,4.60234375,4.));
#2554 = VERTEX_POINT('',#2555);
#2555 = CARTESIAN_POINT('',(41.8734375,4.55078125,4.));
#2556 = SURFACE_CURVE('',#2557,(#2561,#2567),.PCURVE_S1.);
#2557 = LINE('',#2558,#2559);
#2558 = CARTESIAN_POINT('',(20.968370348694,2.014504720614,4.));
#2559 = VECTOR('',#2560,1.);
#2560 = DIRECTION('',(-0.992720564438,-0.120440362597,0.));
#2561 = PCURVE('',#44,#2562);
#2562 = DEFINITIONAL_REPRESENTATION('',(#2563),#2566);
#2563 = B_SPLINE_CURVE_WITH_KNOTS('',1,(#2564,#2565),.UNSPECIFIED.,.F.,
  .F.,(2,2),(-21.48647657298,-21.05836012689),.PIECEWISE_BEZIER_KNOTS.);
#2564 = CARTESIAN_POINT('',(42.2984375,4.60234375));
#2565 = CARTESIAN_POINT('',(41.8734375,4.55078125));
#2566 = ( GEOMETRIC_REPRESENTATION_CONTEXT(2) 
PARAMETRIC_REPRESENTATION_CONTEXT() REPRESENTATION_CONTEXT('2D SPACE',''
  ) );
#2567 = PCURVE('',#2568,#2573);
#2568 = PLANE('',#2569);
#2569 = AXIS2_PLACEMENT_3D('',#2570,#2571,#2572);
#2570 = CARTESIAN_POINT('',(41.8734375,4.55078125,3.95));
#2571 = DIRECTION('',(-0.120440362597,0.992720564438,0.));
#2572 = DIRECTION('',(0.992720564438,0.120440362597,0.));
#2573 = DEFINITIONAL_REPRESENTATION('',(#2574),#2577);
#2574 = B_SPLINE_CURVE_WITH_KNOTS('',1,(#2575,#2576),.UNSPECIFIED.,.F.,
  .F.,(2,2),(-21.48647657298,-21.05836012689),.PIECEWISE_BEZIER_KNOTS.);
#2575 = CARTESIAN_POINT('',(0.428116446082,-5.E-02));
#2576 = CARTESIAN_POINT('',(0.,-5.E-02));
#2577 = ( GEOMETRIC_REPRESENTATION_CONTEXT(2) 
PARAMETRIC_REPRESENTATION_CONTEXT() REPRESENTATION_CONTEXT('2D SPACE',''
  ) );
#2578 = ORIENTED_EDGE('',*,*,#2579,.F.);
#2579 = EDGE_CURVE('',#2580,#2552,#2582,.T.);
#2580 = VERTEX_POINT('',#2581);
#2581 = CARTESIAN_POINT('',(42.4078125,4.35390625,4.));
#2582 = SURFACE_CURVE('',#2583,(#2590,#2600),.PCURVE_S1.);
#2583 = B_SPLINE_CURVE_WITH_KNOTS('',5,(#2584,#2585,#2586,#2587,#2588,
    #2589),.UNSPECIFIED.,.F.,.F.,(6,6),(0.,1.),
  .PIECEWISE_BEZIER_KNOTS.);
#2584 = CARTESIAN_POINT('',(42.4078125,4.35390625,4.));
#2585 = CARTESIAN_POINT('',(42.371921966398,4.388537466634,4.));
#2586 = CARTESIAN_POINT('',(42.34302301804,4.430926220273,4.));
#2587 = CARTESIAN_POINT('',(42.321232025135,4.480938274539,4.));
#2588 = CARTESIAN_POINT('',(42.306451160903,4.538234462776,4.));
#2589 = CARTESIAN_POINT('',(42.2984375,4.60234375,4.));
#2590 = PCURVE('',#44,#2591);
#2591 = DEFINITIONAL_REPRESENTATION('',(#2592),#2599);
#2592 = B_SPLINE_CURVE_WITH_KNOTS('',5,(#2593,#2594,#2595,#2596,#2597,
    #2598),.UNSPECIFIED.,.F.,.F.,(6,6),(0.,1.),
  .PIECEWISE_BEZIER_KNOTS.);
#2593 = CARTESIAN_POINT('',(42.4078125,4.35390625));
#2594 = CARTESIAN_POINT('',(42.371921966398,4.388537466634));
#2595 = CARTESIAN_POINT('',(42.34302301804,4.430926220273));
#2596 = CARTESIAN_POINT('',(42.321232025135,4.480938274539));
#2597 = CARTESIAN_POINT('',(42.306451160903,4.538234462776));
#2598 = CARTESIAN_POINT('',(42.2984375,4.60234375));
#2599 = ( GEOMETRIC_REPRESENTATION_CONTEXT(2) 
PARAMETRIC_REPRESENTATION_CONTEXT() REPRESENTATION_CONTEXT('2D SPACE',''
  ) );
#2600 = PCURVE('',#2601,#2608);
#2601 = SURFACE_OF_LINEAR_EXTRUSION('',#2602,#2606);
#2602 = B_SPLINE_CURVE_WITH_KNOTS('',2,(#2603,#2604,#2605),
  .UNSPECIFIED.,.F.,.F.,(3,3),(0.,1.),.PIECEWISE_BEZIER_KNOTS.);
#2603 = CARTESIAN_POINT('',(42.2984375,4.60234375,3.95));
#2604 = CARTESIAN_POINT('',(42.31875,4.43984375,3.95));
#2605 = CARTESIAN_POINT('',(42.4078125,4.35390625,3.95));
#2606 = VECTOR('',#2607,1.);
#2607 = DIRECTION('',(-0.,-0.,-1.));
#2608 = DEFINITIONAL_REPRESENTATION('',(#2609),#2616);
#2609 = B_SPLINE_CURVE_WITH_KNOTS('',5,(#2610,#2611,#2612,#2613,#2614,
    #2615),.UNSPECIFIED.,.F.,.F.,(6,6),(0.,1.),
  .PIECEWISE_BEZIER_KNOTS.);
#2610 = CARTESIAN_POINT('',(1.,-5.E-02));
#2611 = CARTESIAN_POINT('',(0.798509285039,-5.E-02));
#2612 = CARTESIAN_POINT('',(0.597095672631,-5.E-02));
#2613 = CARTESIAN_POINT('',(0.396471753042,-5.E-02));
#2614 = CARTESIAN_POINT('',(0.197259345306,-5.E-02));
#2615 = CARTESIAN_POINT('',(0.,-5.E-02));
#2616 = ( GEOMETRIC_REPRESENTATION_CONTEXT(2) 
PARAMETRIC_REPRESENTATION_CONTEXT() REPRESENTATION_CONTEXT('2D SPACE',''
  ) );
#2617 = ORIENTED_EDGE('',*,*,#2618,.F.);
#2618 = EDGE_CURVE('',#2619,#2580,#2621,.T.);
#2619 = VERTEX_POINT('',#2620);
#2620 = CARTESIAN_POINT('',(42.6234375,4.26796875,4.));
#2621 = SURFACE_CURVE('',#2622,(#2631,#2643),.PCURVE_S1.);
#2622 = B_SPLINE_CURVE_WITH_KNOTS('',4,(#2623,#2624,#2625,#2626,#2627,
    #2628,#2629,#2630),.UNSPECIFIED.,.F.,.F.,(5,3,5),(0.,0.54010938391,
    1.),.UNSPECIFIED.);
#2623 = CARTESIAN_POINT('',(42.6234375,4.26796875,4.));
#2624 = CARTESIAN_POINT('',(42.589375593364,4.26796875,4.));
#2625 = CARTESIAN_POINT('',(42.557015210217,4.272118351912,4.));
#2626 = CARTESIAN_POINT('',(42.526435799075,4.280478173023,4.));
#2627 = CARTESIAN_POINT('',(42.473204361274,4.303714118094,4.));
#2628 = CARTESIAN_POINT('',(42.450049312486,4.317438039156,4.));
#2629 = CARTESIAN_POINT('',(42.428248898911,4.334186917718,4.));
#2630 = CARTESIAN_POINT('',(42.4078125,4.35390625,4.));
#2631 = PCURVE('',#44,#2632);
#2632 = DEFINITIONAL_REPRESENTATION('',(#2633),#2642);
#2633 = B_SPLINE_CURVE_WITH_KNOTS('',4,(#2634,#2635,#2636,#2637,#2638,
    #2639,#2640,#2641),.UNSPECIFIED.,.F.,.F.,(5,3,5),(0.,0.54010938391,
    1.),.UNSPECIFIED.);
#2634 = CARTESIAN_POINT('',(42.6234375,4.26796875));
#2635 = CARTESIAN_POINT('',(42.589375593364,4.26796875));
#2636 = CARTESIAN_POINT('',(42.557015210217,4.272118351912));
#2637 = CARTESIAN_POINT('',(42.526435799075,4.280478173023));
#2638 = CARTESIAN_POINT('',(42.473204361274,4.303714118094));
#2639 = CARTESIAN_POINT('',(42.450049312486,4.317438039156));
#2640 = CARTESIAN_POINT('',(42.428248898911,4.334186917718));
#2641 = CARTESIAN_POINT('',(42.4078125,4.35390625));
#2642 = ( GEOMETRIC_REPRESENTATION_CONTEXT(2) 
PARAMETRIC_REPRESENTATION_CONTEXT() REPRESENTATION_CONTEXT('2D SPACE',''
  ) );
#2643 = PCURVE('',#2644,#2651);
#2644 = SURFACE_OF_LINEAR_EXTRUSION('',#2645,#2649);
#2645 = B_SPLINE_CURVE_WITH_KNOTS('',2,(#2646,#2647,#2648),
  .UNSPECIFIED.,.F.,.F.,(3,3),(0.,1.),.PIECEWISE_BEZIER_KNOTS.);
#2646 = CARTESIAN_POINT('',(42.4078125,4.35390625,3.95));
#2647 = CARTESIAN_POINT('',(42.496875,4.26796875,3.95));
#2648 = CARTESIAN_POINT('',(42.6234375,4.26796875,3.95));
#2649 = VECTOR('',#2650,1.);
#2650 = DIRECTION('',(-0.,-0.,-1.));
#2651 = DEFINITIONAL_REPRESENTATION('',(#2652),#2661);
#2652 = B_SPLINE_CURVE_WITH_KNOTS('',4,(#2653,#2654,#2655,#2656,#2657,
    #2658,#2659,#2660),.UNSPECIFIED.,.F.,.F.,(5,3,5),(0.,0.54010938391,
    1.),.UNSPECIFIED.);
#2653 = CARTESIAN_POINT('',(1.,-5.E-02));
#2654 = CARTESIAN_POINT('',(0.86543444292,-5.E-02));
#2655 = CARTESIAN_POINT('',(0.730437431455,-5.E-02));
#2656 = CARTESIAN_POINT('',(0.595218337802,-5.E-02));
#2657 = CARTESIAN_POINT('',(0.344864720868,-5.E-02));
#2658 = CARTESIAN_POINT('',(0.229729238842,-5.E-02));
#2659 = CARTESIAN_POINT('',(0.11473066055,-5.E-02));
#2660 = CARTESIAN_POINT('',(0.,-5.E-02));
#2661 = ( GEOMETRIC_REPRESENTATION_CONTEXT(2) 
PARAMETRIC_REPRESENTATION_CONTEXT() REPRESENTATION_CONTEXT('2D SPACE',''
  ) );
#2662 = ORIENTED_EDGE('',*,*,#2663,.F.);
#2663 = EDGE_CURVE('',#2664,#2619,#2666,.T.);
#2664 = VERTEX_POINT('',#2665);
#2665 = CARTESIAN_POINT('',(42.85234375,4.37109375,4.));
#2666 = SURFACE_CURVE('',#2667,(#2676,#2688),.PCURVE_S1.);
#2667 = B_SPLINE_CURVE_WITH_KNOTS('',4,(#2668,#2669,#2670,#2671,#2672,
    #2673,#2674,#2675),.UNSPECIFIED.,.F.,.F.,(5,3,5),(0.,0.531125936821,
    1.),.UNSPECIFIED.);
#2668 = CARTESIAN_POINT('',(42.85234375,4.37109375,4.));
#2669 = CARTESIAN_POINT('',(42.827768706885,4.343834038309,4.));
#2670 = CARTESIAN_POINT('',(42.801085152321,4.32125917232,4.));
#2671 = CARTESIAN_POINT('',(42.772304442914,4.303521730724,4.));
#2672 = CARTESIAN_POINT('',(42.714297452487,4.279291126066,4.));
#2673 = CARTESIAN_POINT('',(42.685518460298,4.271723499257,4.));
#2674 = CARTESIAN_POINT('',(42.655206284487,4.26796875,4.));
#2675 = CARTESIAN_POINT('',(42.6234375,4.26796875,4.));
#2676 = PCURVE('',#44,#2677);
#2677 = DEFINITIONAL_REPRESENTATION('',(#2678),#2687);
#2678 = B_SPLINE_CURVE_WITH_KNOTS('',4,(#2679,#2680,#2681,#2682,#2683,
    #2684,#2685,#2686),.UNSPECIFIED.,.F.,.F.,(5,3,5),(0.,0.531125936821,
    1.),.UNSPECIFIED.);
#2679 = CARTESIAN_POINT('',(42.85234375,4.37109375));
#2680 = CARTESIAN_POINT('',(42.827768706885,4.343834038309));
#2681 = CARTESIAN_POINT('',(42.801085152321,4.32125917232));
#2682 = CARTESIAN_POINT('',(42.772304442914,4.303521730724));
#2683 = CARTESIAN_POINT('',(42.714297452487,4.279291126066));
#2684 = CARTESIAN_POINT('',(42.685518460298,4.271723499257));
#2685 = CARTESIAN_POINT('',(42.655206284487,4.26796875));
#2686 = CARTESIAN_POINT('',(42.6234375,4.26796875));
#2687 = ( GEOMETRIC_REPRESENTATION_CONTEXT(2) 
PARAMETRIC_REPRESENTATION_CONTEXT() REPRESENTATION_CONTEXT('2D SPACE',''
  ) );
#2688 = PCURVE('',#2689,#2696);
#2689 = SURFACE_OF_LINEAR_EXTRUSION('',#2690,#2694);
#2690 = B_SPLINE_CURVE_WITH_KNOTS('',2,(#2691,#2692,#2693),
  .UNSPECIFIED.,.F.,.F.,(3,3),(0.,1.),.PIECEWISE_BEZIER_KNOTS.);
#2691 = CARTESIAN_POINT('',(42.6234375,4.26796875,3.95));
#2692 = CARTESIAN_POINT('',(42.759375,4.26796875,3.95));
#2693 = CARTESIAN_POINT('',(42.85234375,4.37109375,3.95));
#2694 = VECTOR('',#2695,1.);
#2695 = DIRECTION('',(-0.,-0.,-1.));
#2696 = DEFINITIONAL_REPRESENTATION('',(#2697),#2706);
#2697 = B_SPLINE_CURVE_WITH_KNOTS('',4,(#2698,#2699,#2700,#2701,#2702,
    #2703,#2704,#2705),.UNSPECIFIED.,.F.,.F.,(5,3,5),(0.,0.531125936821,
    1.),.UNSPECIFIED.);
#2698 = CARTESIAN_POINT('',(1.,-5.E-02));
#2699 = CARTESIAN_POINT('',(0.867831700892,-5.E-02));
#2700 = CARTESIAN_POINT('',(0.735087797534,-5.E-02));
#2701 = CARTESIAN_POINT('',(0.602043898417,-5.E-02));
#2702 = CARTESIAN_POINT('',(0.351549826873,-5.E-02));
#2703 = CARTESIAN_POINT('',(0.234098167006,-5.E-02));
#2704 = CARTESIAN_POINT('',(0.116850701563,-5.E-02));
#2705 = CARTESIAN_POINT('',(0.,-5.E-02));
#2706 = ( GEOMETRIC_REPRESENTATION_CONTEXT(2) 
PARAMETRIC_REPRESENTATION_CONTEXT() REPRESENTATION_CONTEXT('2D SPACE',''
  ) );
#2707 = ORIENTED_EDGE('',*,*,#2708,.F.);
#2708 = EDGE_CURVE('',#2709,#2664,#2711,.T.);
#2709 = VERTEX_POINT('',#2710);
#2710 = CARTESIAN_POINT('',(42.9453125,4.64921875,4.));
#2711 = SURFACE_CURVE('',#2712,(#2719,#2729),.PCURVE_S1.);
#2712 = B_SPLINE_CURVE_WITH_KNOTS('',5,(#2713,#2714,#2715,#2716,#2717,
    #2718),.UNSPECIFIED.,.F.,.F.,(6,6),(0.,1.),
  .PIECEWISE_BEZIER_KNOTS.);
#2713 = CARTESIAN_POINT('',(42.9453125,4.64921875,4.));
#2714 = CARTESIAN_POINT('',(42.9453125,4.580223659259,4.));
#2715 = CARTESIAN_POINT('',(42.936280689455,4.517442019157,4.));
#2716 = CARTESIAN_POINT('',(42.917814027711,4.461433920596,4.));
#2717 = CARTESIAN_POINT('',(42.889761949517,4.412599651985,4.));
#2718 = CARTESIAN_POINT('',(42.85234375,4.37109375,4.));
#2719 = PCURVE('',#44,#2720);
#2720 = DEFINITIONAL_REPRESENTATION('',(#2721),#2728);
#2721 = B_SPLINE_CURVE_WITH_KNOTS('',5,(#2722,#2723,#2724,#2725,#2726,
    #2727),.UNSPECIFIED.,.F.,.F.,(6,6),(0.,1.),
  .PIECEWISE_BEZIER_KNOTS.);
#2722 = CARTESIAN_POINT('',(42.9453125,4.64921875));
#2723 = CARTESIAN_POINT('',(42.9453125,4.580223659259));
#2724 = CARTESIAN_POINT('',(42.936280689455,4.517442019157));
#2725 = CARTESIAN_POINT('',(42.917814027711,4.461433920596));
#2726 = CARTESIAN_POINT('',(42.889761949517,4.412599651985));
#2727 = CARTESIAN_POINT('',(42.85234375,4.37109375));
#2728 = ( GEOMETRIC_REPRESENTATION_CONTEXT(2) 
PARAMETRIC_REPRESENTATION_CONTEXT() REPRESENTATION_CONTEXT('2D SPACE',''
  ) );
#2729 = PCURVE('',#2730,#2737);
#2730 = SURFACE_OF_LINEAR_EXTRUSION('',#2731,#2735);
#2731 = B_SPLINE_CURVE_WITH_KNOTS('',2,(#2732,#2733,#2734),
  .UNSPECIFIED.,.F.,.F.,(3,3),(0.,1.),.PIECEWISE_BEZIER_KNOTS.);
#2732 = CARTESIAN_POINT('',(42.85234375,4.37109375,3.95));
#2733 = CARTESIAN_POINT('',(42.9453125,4.47421875,3.95));
#2734 = CARTESIAN_POINT('',(42.9453125,4.64921875,3.95));
#2735 = VECTOR('',#2736,1.);
#2736 = DIRECTION('',(-0.,-0.,-1.));
#2737 = DEFINITIONAL_REPRESENTATION('',(#2738),#2745);
#2738 = B_SPLINE_CURVE_WITH_KNOTS('',5,(#2739,#2740,#2741,#2742,#2743,
    #2744),.UNSPECIFIED.,.F.,.F.,(6,6),(0.,1.),
  .PIECEWISE_BEZIER_KNOTS.);
#2739 = CARTESIAN_POINT('',(1.,-5.E-02));
#2740 = CARTESIAN_POINT('',(0.802871169312,-5.E-02));
#2741 = CARTESIAN_POINT('',(0.603544836964,-5.E-02));
#2742 = CARTESIAN_POINT('',(0.402730992804,-5.E-02));
#2743 = CARTESIAN_POINT('',(0.201240736896,-5.E-02));
#2744 = CARTESIAN_POINT('',(0.,-5.E-02));
#2745 = ( GEOMETRIC_REPRESENTATION_CONTEXT(2) 
PARAMETRIC_REPRESENTATION_CONTEXT() REPRESENTATION_CONTEXT('2D SPACE',''
  ) );
#2746 = ORIENTED_EDGE('',*,*,#2747,.F.);
#2747 = EDGE_CURVE('',#2748,#2709,#2750,.T.);
#2748 = VERTEX_POINT('',#2749);
#2749 = CARTESIAN_POINT('',(42.85625,4.91171875,4.));
#2750 = SURFACE_CURVE('',#2751,(#2762,#2776),.PCURVE_S1.);
#2751 = B_SPLINE_CURVE_WITH_KNOTS('',5,(#2752,#2753,#2754,#2755,#2756,
    #2757,#2758,#2759,#2760,#2761),.UNSPECIFIED.,.F.,.F.,(6,4,6),(0.,
    9.844556550008E-02,1.),.UNSPECIFIED.);
#2752 = CARTESIAN_POINT('',(42.85625,4.91171875,4.));
#2753 = CARTESIAN_POINT('',(42.859776317052,4.90788310689,4.));
#2754 = CARTESIAN_POINT('',(42.863215786823,4.903979651551,4.));
#2755 = CARTESIAN_POINT('',(42.866568232011,4.90000850035,4.));
#2756 = CARTESIAN_POINT('',(42.869833502116,4.895969790739,4.));
#2757 = CARTESIAN_POINT('',(42.902115010232,4.854260349912,4.));
#2758 = CARTESIAN_POINT('',(42.923898545817,4.811002508797,4.));
#2759 = CARTESIAN_POINT('',(42.938260933268,4.762216490002,4.));
#2760 = CARTESIAN_POINT('',(42.9453125,4.708168482063,4.));
#2761 = CARTESIAN_POINT('',(42.9453125,4.64921875,4.));
#2762 = PCURVE('',#44,#2763);
#2763 = DEFINITIONAL_REPRESENTATION('',(#2764),#2775);
#2764 = B_SPLINE_CURVE_WITH_KNOTS('',5,(#2765,#2766,#2767,#2768,#2769,
    #2770,#2771,#2772,#2773,#2774),.UNSPECIFIED.,.F.,.F.,(6,4,6),(0.,
    9.844556550008E-02,1.),.UNSPECIFIED.);
#2765 = CARTESIAN_POINT('',(42.85625,4.91171875));
#2766 = CARTESIAN_POINT('',(42.859776317052,4.90788310689));
#2767 = CARTESIAN_POINT('',(42.863215786823,4.903979651551));
#2768 = CARTESIAN_POINT('',(42.866568232011,4.90000850035));
#2769 = CARTESIAN_POINT('',(42.869833502116,4.895969790739));
#2770 = CARTESIAN_POINT('',(42.902115010232,4.854260349912));
#2771 = CARTESIAN_POINT('',(42.923898545817,4.811002508797));
#2772 = CARTESIAN_POINT('',(42.938260933268,4.762216490002));
#2773 = CARTESIAN_POINT('',(42.9453125,4.708168482063));
#2774 = CARTESIAN_POINT('',(42.9453125,4.64921875));
#2775 = ( GEOMETRIC_REPRESENTATION_CONTEXT(2) 
PARAMETRIC_REPRESENTATION_CONTEXT() REPRESENTATION_CONTEXT('2D SPACE',''
  ) );
#2776 = PCURVE('',#2777,#2784);
#2777 = SURFACE_OF_LINEAR_EXTRUSION('',#2778,#2782);
#2778 = B_SPLINE_CURVE_WITH_KNOTS('',2,(#2779,#2780,#2781),
  .UNSPECIFIED.,.F.,.F.,(3,3),(0.,1.),.PIECEWISE_BEZIER_KNOTS.);
#2779 = CARTESIAN_POINT('',(42.9453125,4.64921875,3.95));
#2780 = CARTESIAN_POINT('',(42.9453125,4.81484375,3.95));
#2781 = CARTESIAN_POINT('',(42.85625,4.91171875,3.95));
#2782 = VECTOR('',#2783,1.);
#2783 = DIRECTION('',(-0.,-0.,-1.));
#2784 = DEFINITIONAL_REPRESENTATION('',(#2785),#2796);
#2785 = B_SPLINE_CURVE_WITH_KNOTS('',5,(#2786,#2787,#2788,#2789,#2790,
    #2791,#2792,#2793,#2794,#2795),.UNSPECIFIED.,.F.,.F.,(6,4,6),(0.,
    9.844556550008E-02,1.),.UNSPECIFIED.);
#2786 = CARTESIAN_POINT('',(1.,-5.E-02));
#2787 = CARTESIAN_POINT('',(0.980203132337,-5.E-02));
#2788 = CARTESIAN_POINT('',(0.960403933435,-5.E-02));
#2789 = CARTESIAN_POINT('',(0.940603167771,-5.E-02));
#2790 = CARTESIAN_POINT('',(0.920801601008,-5.E-02));
#2791 = CARTESIAN_POINT('',(0.719658960331,-5.E-02));
#2792 = CARTESIAN_POINT('',(0.53830589794,-5.E-02));
#2793 = CARTESIAN_POINT('',(0.357557900899,-5.E-02));
#2794 = CARTESIAN_POINT('',(0.177961455285,-5.E-02));
#2795 = CARTESIAN_POINT('',(0.,-5.E-02));
#2796 = ( GEOMETRIC_REPRESENTATION_CONTEXT(2) 
PARAMETRIC_REPRESENTATION_CONTEXT() REPRESENTATION_CONTEXT('2D SPACE',''
  ) );
#2797 = ORIENTED_EDGE('',*,*,#2798,.F.);
#2798 = EDGE_CURVE('',#2799,#2748,#2801,.T.);
#2799 = VERTEX_POINT('',#2800);
#2800 = CARTESIAN_POINT('',(42.6390625,5.00859375,4.));
#2801 = SURFACE_CURVE('',#2802,(#2811,#2823),.PCURVE_S1.);
#2802 = B_SPLINE_CURVE_WITH_KNOTS('',4,(#2803,#2804,#2805,#2806,#2807,
    #2808,#2809,#2810),.UNSPECIFIED.,.F.,.F.,(5,3,5),(0.,0.458859163606,
    1.),.UNSPECIFIED.);
#2803 = CARTESIAN_POINT('',(42.6390625,5.00859375,4.));
#2804 = CARTESIAN_POINT('',(42.668382529807,5.00859375,4.));
#2805 = CARTESIAN_POINT('',(42.696423009481,5.005211768495,4.));
#2806 = CARTESIAN_POINT('',(42.72312514715,4.998403638425,4.));
#2807 = CARTESIAN_POINT('',(42.778319372953,4.976131858518,4.));
#2808 = CARTESIAN_POINT('',(42.806274131417,4.959334796633,4.));
#2809 = CARTESIAN_POINT('',(42.832254865385,4.937818720985,4.));
#2810 = CARTESIAN_POINT('',(42.85625,4.91171875,4.));
#2811 = PCURVE('',#44,#2812);
#2812 = DEFINITIONAL_REPRESENTATION('',(#2813),#2822);
#2813 = B_SPLINE_CURVE_WITH_KNOTS('',4,(#2814,#2815,#2816,#2817,#2818,
    #2819,#2820,#2821),.UNSPECIFIED.,.F.,.F.,(5,3,5),(0.,0.458859163606,
    1.),.UNSPECIFIED.);
#2814 = CARTESIAN_POINT('',(42.6390625,5.00859375));
#2815 = CARTESIAN_POINT('',(42.668382529807,5.00859375));
#2816 = CARTESIAN_POINT('',(42.696423009481,5.005211768495));
#2817 = CARTESIAN_POINT('',(42.72312514715,4.998403638425));
#2818 = CARTESIAN_POINT('',(42.778319372953,4.976131858518));
#2819 = CARTESIAN_POINT('',(42.806274131417,4.959334796633));
#2820 = CARTESIAN_POINT('',(42.832254865385,4.937818720985));
#2821 = CARTESIAN_POINT('',(42.85625,4.91171875));
#2822 = ( GEOMETRIC_REPRESENTATION_CONTEXT(2) 
PARAMETRIC_REPRESENTATION_CONTEXT() REPRESENTATION_CONTEXT('2D SPACE',''
  ) );
#2823 = PCURVE('',#2824,#2831);
#2824 = SURFACE_OF_LINEAR_EXTRUSION('',#2825,#2829);
#2825 = B_SPLINE_CURVE_WITH_KNOTS('',2,(#2826,#2827,#2828),
  .UNSPECIFIED.,.F.,.F.,(3,3),(0.,1.),.PIECEWISE_BEZIER_KNOTS.);
#2826 = CARTESIAN_POINT('',(42.85625,4.91171875,3.95));
#2827 = CARTESIAN_POINT('',(42.7671875,5.00859375,3.95));
#2828 = CARTESIAN_POINT('',(42.6390625,5.00859375,3.95));
#2829 = VECTOR('',#2830,1.);
#2830 = DIRECTION('',(-0.,-0.,-1.));
#2831 = DEFINITIONAL_REPRESENTATION('',(#2832),#2841);
#2832 = B_SPLINE_CURVE_WITH_KNOTS('',4,(#2833,#2834,#2835,#2836,#2837,
    #2838,#2839,#2840),.UNSPECIFIED.,.F.,.F.,(5,3,5),(0.,0.458859163606,
    1.),.UNSPECIFIED.);
#2833 = CARTESIAN_POINT('',(1.,-5.E-02));
#2834 = CARTESIAN_POINT('',(0.885580371485,-5.E-02));
#2835 = CARTESIAN_POINT('',(0.770832344584,-5.E-02));
#2836 = CARTESIAN_POINT('',(0.655915851289,-5.E-02));
#2837 = CARTESIAN_POINT('',(0.405477676783,-5.E-02));
#2838 = CARTESIAN_POINT('',(0.269954682487,-5.E-02));
#2839 = CARTESIAN_POINT('',(0.134709527663,-5.E-02));
#2840 = CARTESIAN_POINT('',(0.,-5.E-02));
#2841 = ( GEOMETRIC_REPRESENTATION_CONTEXT(2) 
PARAMETRIC_REPRESENTATION_CONTEXT() REPRESENTATION_CONTEXT('2D SPACE',''
  ) );
#2842 = ORIENTED_EDGE('',*,*,#2843,.F.);
#2843 = EDGE_CURVE('',#2844,#2799,#2846,.T.);
#2844 = VERTEX_POINT('',#2845);
#2845 = CARTESIAN_POINT('',(42.4375,4.97578125,4.));
#2846 = SURFACE_CURVE('',#2847,(#2853,#2862),.PCURVE_S1.);
#2847 = B_SPLINE_CURVE_WITH_KNOTS('',4,(#2848,#2849,#2850,#2851,#2852),
  .UNSPECIFIED.,.F.,.F.,(5,5),(0.,1.),.PIECEWISE_BEZIER_KNOTS.);
#2848 = CARTESIAN_POINT('',(42.4375,4.97578125,4.));
#2849 = CARTESIAN_POINT('',(42.495626206174,4.992056587729,4.));
#2850 = CARTESIAN_POINT('',(42.548728402211,5.003050568486,4.));
#2851 = CARTESIAN_POINT('',(42.596590349023,5.00859375,4.));
#2852 = CARTESIAN_POINT('',(42.6390625,5.00859375,4.));
#2853 = PCURVE('',#44,#2854);
#2854 = DEFINITIONAL_REPRESENTATION('',(#2855),#2861);
#2855 = B_SPLINE_CURVE_WITH_KNOTS('',4,(#2856,#2857,#2858,#2859,#2860),
  .UNSPECIFIED.,.F.,.F.,(5,5),(0.,1.),.PIECEWISE_BEZIER_KNOTS.);
#2856 = CARTESIAN_POINT('',(42.4375,4.97578125));
#2857 = CARTESIAN_POINT('',(42.495626206174,4.992056587729));
#2858 = CARTESIAN_POINT('',(42.548728402211,5.003050568486));
#2859 = CARTESIAN_POINT('',(42.596590349023,5.00859375));
#2860 = CARTESIAN_POINT('',(42.6390625,5.00859375));
#2861 = ( GEOMETRIC_REPRESENTATION_CONTEXT(2) 
PARAMETRIC_REPRESENTATION_CONTEXT() REPRESENTATION_CONTEXT('2D SPACE',''
  ) );
#2862 = PCURVE('',#2863,#2870);
#2863 = SURFACE_OF_LINEAR_EXTRUSION('',#2864,#2868);
#2864 = B_SPLINE_CURVE_WITH_KNOTS('',2,(#2865,#2866,#2867),
  .UNSPECIFIED.,.F.,.F.,(3,3),(0.,1.),.PIECEWISE_BEZIER_KNOTS.);
#2865 = CARTESIAN_POINT('',(42.6390625,5.00859375,3.95));
#2866 = CARTESIAN_POINT('',(42.5546875,5.00859375,3.95));
#2867 = CARTESIAN_POINT('',(42.4375,4.97578125,3.95));
#2868 = VECTOR('',#2869,1.);
#2869 = DIRECTION('',(-0.,-0.,-1.));
#2870 = DEFINITIONAL_REPRESENTATION('',(#2871),#2877);
#2871 = B_SPLINE_CURVE_WITH_KNOTS('',4,(#2872,#2873,#2874,#2875,#2876),
  .UNSPECIFIED.,.F.,.F.,(5,5),(0.,1.),.PIECEWISE_BEZIER_KNOTS.);
#2872 = CARTESIAN_POINT('',(1.,-5.E-02));
#2873 = CARTESIAN_POINT('',(0.751994853658,-5.E-02));
#2874 = CARTESIAN_POINT('',(0.50246468904,-5.E-02));
#2875 = CARTESIAN_POINT('',(0.251686820607,-5.E-02));
#2876 = CARTESIAN_POINT('',(0.,-5.E-02));
#2877 = ( GEOMETRIC_REPRESENTATION_CONTEXT(2) 
PARAMETRIC_REPRESENTATION_CONTEXT() REPRESENTATION_CONTEXT('2D SPACE',''
  ) );
#2878 = ORIENTED_EDGE('',*,*,#2879,.F.);
#2879 = EDGE_CURVE('',#2880,#2844,#2882,.T.);
#2880 = VERTEX_POINT('',#2881);
#2881 = CARTESIAN_POINT('',(42.4859375,5.33359375,4.));
#2882 = SURFACE_CURVE('',#2883,(#2887,#2893),.PCURVE_S1.);
#2883 = LINE('',#2884,#2885);
#2884 = CARTESIAN_POINT('',(41.724928293006,-0.288054908114,4.));
#2885 = VECTOR('',#2886,1.);
#2886 = DIRECTION('',(-0.134147607842,-0.990961361159,0.));
#2887 = PCURVE('',#44,#2888);
#2888 = DEFINITIONAL_REPRESENTATION('',(#2889),#2892);
#2889 = B_SPLINE_CURVE_WITH_KNOTS('',1,(#2890,#2891),.UNSPECIFIED.,.F.,
  .F.,(2,2),(-5.672924170867,-5.311848034073),.PIECEWISE_BEZIER_KNOTS.);
#2890 = CARTESIAN_POINT('',(42.4859375,5.33359375));
#2891 = CARTESIAN_POINT('',(42.4375,4.97578125));
#2892 = ( GEOMETRIC_REPRESENTATION_CONTEXT(2) 
PARAMETRIC_REPRESENTATION_CONTEXT() REPRESENTATION_CONTEXT('2D SPACE',''
  ) );
#2893 = PCURVE('',#2894,#2899);
#2894 = PLANE('',#2895);
#2895 = AXIS2_PLACEMENT_3D('',#2896,#2897,#2898);
#2896 = CARTESIAN_POINT('',(42.4375,4.97578125,3.95));
#2897 = DIRECTION('',(-0.990961361159,0.134147607842,0.));
#2898 = DIRECTION('',(0.134147607842,0.990961361159,0.));
#2899 = DEFINITIONAL_REPRESENTATION('',(#2900),#2903);
#2900 = B_SPLINE_CURVE_WITH_KNOTS('',1,(#2901,#2902),.UNSPECIFIED.,.F.,
  .F.,(2,2),(-5.672924170867,-5.311848034073),.PIECEWISE_BEZIER_KNOTS.);
#2901 = CARTESIAN_POINT('',(0.361076136795,-5.E-02));
#2902 = CARTESIAN_POINT('',(0.,-5.E-02));
#2903 = ( GEOMETRIC_REPRESENTATION_CONTEXT(2) 
PARAMETRIC_REPRESENTATION_CONTEXT() REPRESENTATION_CONTEXT('2D SPACE',''
  ) );
#2904 = ORIENTED_EDGE('',*,*,#2905,.F.);
#2905 = EDGE_CURVE('',#2906,#2880,#2908,.T.);
#2906 = VERTEX_POINT('',#2907);
#2907 = CARTESIAN_POINT('',(42.7578125,5.4109375,4.));
#2908 = SURFACE_CURVE('',#2909,(#2916,#2926),.PCURVE_S1.);
#2909 = B_SPLINE_CURVE_WITH_KNOTS('',5,(#2910,#2911,#2912,#2913,#2914,
    #2915),.UNSPECIFIED.,.F.,.F.,(6,6),(0.,1.),
  .PIECEWISE_BEZIER_KNOTS.);
#2910 = CARTESIAN_POINT('',(42.7578125,5.4109375,4.));
#2911 = CARTESIAN_POINT('',(42.719915912297,5.37777798576,4.));
#2912 = CARTESIAN_POINT('',(42.673427687256,5.353496866275,4.));
#2913 = CARTESIAN_POINT('',(42.61855986081,5.338235880708,4.));
#2914 = CARTESIAN_POINT('',(42.555835345431,5.331754333015,4.));
#2915 = CARTESIAN_POINT('',(42.4859375,5.33359375,4.));
#2916 = PCURVE('',#44,#2917);
#2917 = DEFINITIONAL_REPRESENTATION('',(#2918),#2925);
#2918 = B_SPLINE_CURVE_WITH_KNOTS('',5,(#2919,#2920,#2921,#2922,#2923,
    #2924),.UNSPECIFIED.,.F.,.F.,(6,6),(0.,1.),
  .PIECEWISE_BEZIER_KNOTS.);
#2919 = CARTESIAN_POINT('',(42.7578125,5.4109375));
#2920 = CARTESIAN_POINT('',(42.719915912297,5.37777798576));
#2921 = CARTESIAN_POINT('',(42.673427687256,5.353496866275));
#2922 = CARTESIAN_POINT('',(42.61855986081,5.338235880708));
#2923 = CARTESIAN_POINT('',(42.555835345431,5.331754333015));
#2924 = CARTESIAN_POINT('',(42.4859375,5.33359375));
#2925 = ( GEOMETRIC_REPRESENTATION_CONTEXT(2) 
PARAMETRIC_REPRESENTATION_CONTEXT() REPRESENTATION_CONTEXT('2D SPACE',''
  ) );
#2926 = PCURVE('',#2927,#2934);
#2927 = SURFACE_OF_LINEAR_EXTRUSION('',#2928,#2932);
#2928 = B_SPLINE_CURVE_WITH_KNOTS('',2,(#2929,#2930,#2931),
  .UNSPECIFIED.,.F.,.F.,(3,3),(0.,1.),.PIECEWISE_BEZIER_KNOTS.);
#2929 = CARTESIAN_POINT('',(42.4859375,5.33359375,3.95));
#2930 = CARTESIAN_POINT('',(42.6640625,5.32890625,3.95));
#2931 = CARTESIAN_POINT('',(42.7578125,5.4109375,3.95));
#2932 = VECTOR('',#2933,1.);
#2933 = DIRECTION('',(-0.,-0.,-1.));
#2934 = DEFINITIONAL_REPRESENTATION('',(#2935),#2942);
#2935 = B_SPLINE_CURVE_WITH_KNOTS('',5,(#2936,#2937,#2938,#2939,#2940,
    #2941),.UNSPECIFIED.,.F.,.F.,(6,6),(0.,1.),
  .PIECEWISE_BEZIER_KNOTS.);
#2936 = CARTESIAN_POINT('',(1.,-5.E-02));
#2937 = CARTESIAN_POINT('',(0.797884865587,-5.E-02));
#2938 = CARTESIAN_POINT('',(0.595904553917,-5.E-02));
#2939 = CARTESIAN_POINT('',(0.395067177068,-5.E-02));
#2940 = CARTESIAN_POINT('',(0.196204478403,-5.E-02));
#2941 = CARTESIAN_POINT('',(0.,-5.E-02));
#2942 = ( GEOMETRIC_REPRESENTATION_CONTEXT(2) 
PARAMETRIC_REPRESENTATION_CONTEXT() REPRESENTATION_CONTEXT('2D SPACE',''
  ) );
#2943 = ORIENTED_EDGE('',*,*,#2944,.F.);
#2944 = EDGE_CURVE('',#2945,#2906,#2947,.T.);
#2945 = VERTEX_POINT('',#2946);
#2946 = CARTESIAN_POINT('',(42.8515625,5.62890625,4.));
#2947 = SURFACE_CURVE('',#2948,(#2959,#2973),.PCURVE_S1.);
#2948 = B_SPLINE_CURVE_WITH_KNOTS('',5,(#2949,#2950,#2951,#2952,#2953,
    #2954,#2955,#2956,#2957,#2958),.UNSPECIFIED.,.F.,.F.,(6,4,6),(0.,
    0.627433638496,1.),.UNSPECIFIED.);
#2949 = CARTESIAN_POINT('',(42.8515625,5.62890625,4.));
#2950 = CARTESIAN_POINT('',(42.8515625,5.595008307862,4.));
#2951 = CARTESIAN_POINT('',(42.847918999325,5.563060772867,4.));
#2952 = CARTESIAN_POINT('',(42.840569797339,5.533145093269,4.));
#2953 = CARTESIAN_POINT('',(42.829491570455,5.505322997364,4.));
#2954 = CARTESIAN_POINT('',(42.80592746216,5.464378010307,4.));
#2955 = CARTESIAN_POINT('',(42.795841233168,5.449874835741,4.));
#2956 = CARTESIAN_POINT('',(42.784452587779,5.436131096661,4.));
#2957 = CARTESIAN_POINT('',(42.771771340132,5.423151485115,4.));
#2958 = CARTESIAN_POINT('',(42.7578125,5.4109375,4.));
#2959 = PCURVE('',#44,#2960);
#2960 = DEFINITIONAL_REPRESENTATION('',(#2961),#2972);
#2961 = B_SPLINE_CURVE_WITH_KNOTS('',5,(#2962,#2963,#2964,#2965,#2966,
    #2967,#2968,#2969,#2970,#2971),.UNSPECIFIED.,.F.,.F.,(6,4,6),(0.,
    0.627433638496,1.),.UNSPECIFIED.);
#2962 = CARTESIAN_POINT('',(42.8515625,5.62890625));
#2963 = CARTESIAN_POINT('',(42.8515625,5.595008307862));
#2964 = CARTESIAN_POINT('',(42.847918999325,5.563060772867));
#2965 = CARTESIAN_POINT('',(42.840569797339,5.533145093269));
#2966 = CARTESIAN_POINT('',(42.829491570455,5.505322997364));
#2967 = CARTESIAN_POINT('',(42.80592746216,5.464378010307));
#2968 = CARTESIAN_POINT('',(42.795841233168,5.449874835741));
#2969 = CARTESIAN_POINT('',(42.784452587779,5.436131096661));
#2970 = CARTESIAN_POINT('',(42.771771340132,5.423151485115));
#2971 = CARTESIAN_POINT('',(42.7578125,5.4109375));
#2972 = ( GEOMETRIC_REPRESENTATION_CONTEXT(2) 
PARAMETRIC_REPRESENTATION_CONTEXT() REPRESENTATION_CONTEXT('2D SPACE',''
  ) );
#2973 = PCURVE('',#2974,#2981);
#2974 = SURFACE_OF_LINEAR_EXTRUSION('',#2975,#2979);
#2975 = B_SPLINE_CURVE_WITH_KNOTS('',2,(#2976,#2977,#2978),
  .UNSPECIFIED.,.F.,.F.,(3,3),(0.,1.),.PIECEWISE_BEZIER_KNOTS.);
#2976 = CARTESIAN_POINT('',(42.7578125,5.4109375,3.95));
#2977 = CARTESIAN_POINT('',(42.8515625,5.49296875,3.95));
#2978 = CARTESIAN_POINT('',(42.8515625,5.62890625,3.95));
#2979 = VECTOR('',#2980,1.);
#2980 = DIRECTION('',(-0.,-0.,-1.));
#2981 = DEFINITIONAL_REPRESENTATION('',(#2982),#2993);
#2982 = B_SPLINE_CURVE_WITH_KNOTS('',5,(#2983,#2984,#2985,#2986,#2987,
    #2988,#2989,#2990,#2991,#2992),.UNSPECIFIED.,.F.,.F.,(6,4,6),(0.,
    0.627433638496,1.),.UNSPECIFIED.);
#2983 = CARTESIAN_POINT('',(1.,-5.E-02));
#2984 = CARTESIAN_POINT('',(0.875317913976,-5.E-02));
#2985 = CARTESIAN_POINT('',(0.75010394475,-5.E-02));
#2986 = CARTESIAN_POINT('',(0.624526121338,-5.E-02));
#2987 = CARTESIAN_POINT('',(0.498762162301,-5.E-02));
#2988 = CARTESIAN_POINT('',(0.298323176271,-5.E-02));
#2989 = CARTESIAN_POINT('',(0.223646371726,-5.E-02));
#2990 = CARTESIAN_POINT('',(0.149008357275,-5.E-02));
#2991 = CARTESIAN_POINT('',(7.444714736862E-02,-5.E-02));
#2992 = CARTESIAN_POINT('',(0.,-5.E-02));
#2993 = ( GEOMETRIC_REPRESENTATION_CONTEXT(2) 
PARAMETRIC_REPRESENTATION_CONTEXT() REPRESENTATION_CONTEXT('2D SPACE',''
  ) );
#2994 = ORIENTED_EDGE('',*,*,#2995,.F.);
#2995 = EDGE_CURVE('',#2996,#2945,#2998,.T.);
#2996 = VERTEX_POINT('',#2997);
#2997 = CARTESIAN_POINT('',(42.7828125,5.81328125,4.));
#2998 = SURFACE_CURVE('',#2999,(#3010,#3024),.PCURVE_S1.);
#2999 = B_SPLINE_CURVE_WITH_KNOTS('',5,(#3000,#3001,#3002,#3003,#3004,
    #3005,#3006,#3007,#3008,#3009),.UNSPECIFIED.,.F.,.F.,(6,4,6),(0.,
    0.215576786768,1.),.UNSPECIFIED.);
#3000 = CARTESIAN_POINT('',(42.7828125,5.81328125,4.));
#3001 = CARTESIAN_POINT('',(42.788750013377,5.807343736623,4.));
#3002 = CARTESIAN_POINT('',(42.7943688935,5.801185848336,4.));
#3003 = CARTESIAN_POINT('',(42.799668125027,5.794807924681,4.));
#3004 = CARTESIAN_POINT('',(42.804646956431,5.788210489314,4.));
#3005 = CARTESIAN_POINT('',(42.826253844811,5.756591874824,4.));
#3006 = CARTESIAN_POINT('',(42.83895433112,5.728892222892,4.));
#3007 = CARTESIAN_POINT('',(42.847382207567,5.698329962666,4.));
#3008 = CARTESIAN_POINT('',(42.8515625,5.664970671451,4.));
#3009 = CARTESIAN_POINT('',(42.8515625,5.62890625,4.));
#3010 = PCURVE('',#44,#3011);
#3011 = DEFINITIONAL_REPRESENTATION('',(#3012),#3023);
#3012 = B_SPLINE_CURVE_WITH_KNOTS('',5,(#3013,#3014,#3015,#3016,#3017,
    #3018,#3019,#3020,#3021,#3022),.UNSPECIFIED.,.F.,.F.,(6,4,6),(0.,
    0.215576786768,1.),.UNSPECIFIED.);
#3013 = CARTESIAN_POINT('',(42.7828125,5.81328125));
#3014 = CARTESIAN_POINT('',(42.788750013377,5.807343736623));
#3015 = CARTESIAN_POINT('',(42.7943688935,5.801185848336));
#3016 = CARTESIAN_POINT('',(42.799668125027,5.794807924681));
#3017 = CARTESIAN_POINT('',(42.804646956431,5.788210489314));
#3018 = CARTESIAN_POINT('',(42.826253844811,5.756591874824));
#3019 = CARTESIAN_POINT('',(42.83895433112,5.728892222892));
#3020 = CARTESIAN_POINT('',(42.847382207567,5.698329962666));
#3021 = CARTESIAN_POINT('',(42.8515625,5.664970671451));
#3022 = CARTESIAN_POINT('',(42.8515625,5.62890625));
#3023 = ( GEOMETRIC_REPRESENTATION_CONTEXT(2) 
PARAMETRIC_REPRESENTATION_CONTEXT() REPRESENTATION_CONTEXT('2D SPACE',''
  ) );
#3024 = PCURVE('',#3025,#3032);
#3025 = SURFACE_OF_LINEAR_EXTRUSION('',#3026,#3030);
#3026 = B_SPLINE_CURVE_WITH_KNOTS('',2,(#3027,#3028,#3029),
  .UNSPECIFIED.,.F.,.F.,(3,3),(0.,1.),.PIECEWISE_BEZIER_KNOTS.);
#3027 = CARTESIAN_POINT('',(42.8515625,5.62890625,3.95));
#3028 = CARTESIAN_POINT('',(42.8515625,5.74453125,3.95));
#3029 = CARTESIAN_POINT('',(42.7828125,5.81328125,3.95));
#3030 = VECTOR('',#3031,1.);
#3031 = DIRECTION('',(-0.,-0.,-1.));
#3032 = DEFINITIONAL_REPRESENTATION('',(#3033),#3044);
#3033 = B_SPLINE_CURVE_WITH_KNOTS('',5,(#3034,#3035,#3036,#3037,#3038,
    #3039,#3040,#3041,#3042,#3043),.UNSPECIFIED.,.F.,.F.,(6,4,6),(0.,
    0.215576786768,1.),.UNSPECIFIED.);
#3034 = CARTESIAN_POINT('',(1.,-5.E-02));
#3035 = CARTESIAN_POINT('',(0.956818084533,-5.E-02));
#3036 = CARTESIAN_POINT('',(0.913622655703,-5.E-02));
#3037 = CARTESIAN_POINT('',(0.870418175445,-5.E-02));
#3038 = CARTESIAN_POINT('',(0.827209124018,-5.E-02));
#3039 = CARTESIAN_POINT('',(0.62677416687,-5.E-02));
#3040 = CARTESIAN_POINT('',(0.469545736967,-5.E-02));
#3041 = CARTESIAN_POINT('',(0.312535835902,-5.E-02));
#3042 = CARTESIAN_POINT('',(0.155954254922,-5.E-02));
#3043 = CARTESIAN_POINT('',(0.,-5.E-02));
#3044 = ( GEOMETRIC_REPRESENTATION_CONTEXT(2) 
PARAMETRIC_REPRESENTATION_CONTEXT() REPRESENTATION_CONTEXT('2D SPACE',''
  ) );
#3045 = ORIENTED_EDGE('',*,*,#3046,.F.);
#3046 = EDGE_CURVE('',#3047,#2996,#3049,.T.);
#3047 = VERTEX_POINT('',#3048);
#3048 = CARTESIAN_POINT('',(42.6,5.88203125,4.));
#3049 = SURFACE_CURVE('',#3050,(#3059,#3071),.PCURVE_S1.);
#3050 = B_SPLINE_CURVE_WITH_KNOTS('',4,(#3051,#3052,#3053,#3054,#3055,
    #3056,#3057,#3058),.UNSPECIFIED.,.F.,.F.,(5,3,5),(0.,0.76440915125,
    1.),.UNSPECIFIED.);
#3051 = CARTESIAN_POINT('',(42.6,5.88203125,4.));
#3052 = CARTESIAN_POINT('',(42.643353300568,5.88203125,4.));
#3053 = CARTESIAN_POINT('',(42.682559338823,5.875410474886,4.));
#3054 = CARTESIAN_POINT('',(42.717414734214,5.862017297413,4.));
#3055 = CARTESIAN_POINT('',(42.757215462314,5.835702662927,4.));
#3056 = CARTESIAN_POINT('',(42.766171288753,5.828864696098,4.));
#3057 = CARTESIAN_POINT('',(42.774703978649,5.821389771351,4.));
#3058 = CARTESIAN_POINT('',(42.7828125,5.81328125,4.));
#3059 = PCURVE('',#44,#3060);
#3060 = DEFINITIONAL_REPRESENTATION('',(#3061),#3070);
#3061 = B_SPLINE_CURVE_WITH_KNOTS('',4,(#3062,#3063,#3064,#3065,#3066,
    #3067,#3068,#3069),.UNSPECIFIED.,.F.,.F.,(5,3,5),(0.,0.76440915125,
    1.),.UNSPECIFIED.);
#3062 = CARTESIAN_POINT('',(42.6,5.88203125));
#3063 = CARTESIAN_POINT('',(42.643353300568,5.88203125));
#3064 = CARTESIAN_POINT('',(42.682559338823,5.875410474886));
#3065 = CARTESIAN_POINT('',(42.717414734214,5.862017297413));
#3066 = CARTESIAN_POINT('',(42.757215462314,5.835702662927));
#3067 = CARTESIAN_POINT('',(42.766171288753,5.828864696098));
#3068 = CARTESIAN_POINT('',(42.774703978649,5.821389771351));
#3069 = CARTESIAN_POINT('',(42.7828125,5.81328125));
#3070 = ( GEOMETRIC_REPRESENTATION_CONTEXT(2) 
PARAMETRIC_REPRESENTATION_CONTEXT() REPRESENTATION_CONTEXT('2D SPACE',''
  ) );
#3071 = PCURVE('',#3072,#3079);
#3072 = SURFACE_OF_LINEAR_EXTRUSION('',#3073,#3077);
#3073 = B_SPLINE_CURVE_WITH_KNOTS('',2,(#3074,#3075,#3076),
  .UNSPECIFIED.,.F.,.F.,(3,3),(0.,1.),.PIECEWISE_BEZIER_KNOTS.);
#3074 = CARTESIAN_POINT('',(42.7828125,5.81328125,3.95));
#3075 = CARTESIAN_POINT('',(42.7140625,5.88203125,3.95));
#3076 = CARTESIAN_POINT('',(42.6,5.88203125,3.95));
#3077 = VECTOR('',#3078,1.);
#3078 = DIRECTION('',(-0.,-0.,-1.));
#3079 = DEFINITIONAL_REPRESENTATION('',(#3080),#3089);
#3080 = B_SPLINE_CURVE_WITH_KNOTS('',4,(#3081,#3082,#3083,#3084,#3085,
    #3086,#3087,#3088),.UNSPECIFIED.,.F.,.F.,(5,3,5),(0.,0.76440915125,
    1.),.UNSPECIFIED.);
#3081 = CARTESIAN_POINT('',(1.,-5.E-02));
#3082 = CARTESIAN_POINT('',(0.809958134495,-5.E-02));
#3083 = CARTESIAN_POINT('',(0.618967533097,-5.E-02));
#3084 = CARTESIAN_POINT('',(0.427481650764,-5.E-02));
#3085 = CARTESIAN_POINT('',(0.176985368176,-5.E-02));
#3086 = CARTESIAN_POINT('',(0.117970932176,-5.E-02));
#3087 = CARTESIAN_POINT('',(5.897106437011E-02,-5.E-02));
#3088 = CARTESIAN_POINT('',(0.,-5.E-02));
#3089 = ( GEOMETRIC_REPRESENTATION_CONTEXT(2) 
PARAMETRIC_REPRESENTATION_CONTEXT() REPRESENTATION_CONTEXT('2D SPACE',''
  ) );
#3090 = ORIENTED_EDGE('',*,*,#3091,.F.);
#3091 = EDGE_CURVE('',#3092,#3047,#3094,.T.);
#3092 = VERTEX_POINT('',#3093);
#3093 = CARTESIAN_POINT('',(42.4078125,5.80390625,4.));
#3094 = SURFACE_CURVE('',#3095,(#3104,#3116),.PCURVE_S1.);
#3095 = B_SPLINE_CURVE_WITH_KNOTS('',4,(#3096,#3097,#3098,#3099,#3100,
    #3101,#3102,#3103),.UNSPECIFIED.,.F.,.F.,(5,3,5),(0.,0.484968791911,
    1.),.UNSPECIFIED.);
#3096 = CARTESIAN_POINT('',(42.4078125,5.80390625,4.));
#3097 = CARTESIAN_POINT('',(42.427095090826,5.82281075081,4.));
#3098 = CARTESIAN_POINT('',(42.447699910187,5.838706232825,4.));
#3099 = CARTESIAN_POINT('',(42.469619184133,5.8515431339,4.));
#3100 = CARTESIAN_POINT('',(42.517474863852,5.871683425683,4.));
#3101 = CARTESIAN_POINT('',(42.543576181136,5.878594515272,4.));
#3102 = CARTESIAN_POINT('',(42.571101196978,5.88203125,4.));
#3103 = CARTESIAN_POINT('',(42.6,5.88203125,4.));
#3104 = PCURVE('',#44,#3105);
#3105 = DEFINITIONAL_REPRESENTATION('',(#3106),#3115);
#3106 = B_SPLINE_CURVE_WITH_KNOTS('',4,(#3107,#3108,#3109,#3110,#3111,
    #3112,#3113,#3114),.UNSPECIFIED.,.F.,.F.,(5,3,5),(0.,0.484968791911,
    1.),.UNSPECIFIED.);
#3107 = CARTESIAN_POINT('',(42.4078125,5.80390625));
#3108 = CARTESIAN_POINT('',(42.427095090826,5.82281075081));
#3109 = CARTESIAN_POINT('',(42.447699910187,5.838706232825));
#3110 = CARTESIAN_POINT('',(42.469619184133,5.8515431339));
#3111 = CARTESIAN_POINT('',(42.517474863852,5.871683425683));
#3112 = CARTESIAN_POINT('',(42.543576181136,5.878594515272));
#3113 = CARTESIAN_POINT('',(42.571101196978,5.88203125));
#3114 = CARTESIAN_POINT('',(42.6,5.88203125));
#3115 = ( GEOMETRIC_REPRESENTATION_CONTEXT(2) 
PARAMETRIC_REPRESENTATION_CONTEXT() REPRESENTATION_CONTEXT('2D SPACE',''
  ) );
#3116 = PCURVE('',#3117,#3124);
#3117 = SURFACE_OF_LINEAR_EXTRUSION('',#3118,#3122);
#3118 = B_SPLINE_CURVE_WITH_KNOTS('',2,(#3119,#3120,#3121),
  .UNSPECIFIED.,.F.,.F.,(3,3),(0.,1.),.PIECEWISE_BEZIER_KNOTS.);
#3119 = CARTESIAN_POINT('',(42.6,5.88203125,3.95));
#3120 = CARTESIAN_POINT('',(42.4875,5.88203125,3.95));
#3121 = CARTESIAN_POINT('',(42.4078125,5.80390625,3.95));
#3122 = VECTOR('',#3123,1.);
#3123 = DIRECTION('',(-0.,-0.,-1.));
#3124 = DEFINITIONAL_REPRESENTATION('',(#3125),#3134);
#3125 = B_SPLINE_CURVE_WITH_KNOTS('',4,(#3126,#3127,#3128,#3129,#3130,
    #3131,#3132,#3133),.UNSPECIFIED.,.F.,.F.,(5,3,5),(0.,0.484968791911,
    1.),.UNSPECIFIED.);
#3126 = CARTESIAN_POINT('',(1.,-5.E-02));
#3127 = CARTESIAN_POINT('',(0.879011194815,-5.E-02));
#3128 = CARTESIAN_POINT('',(0.757762653451,-5.E-02));
#3129 = CARTESIAN_POINT('',(0.636381442795,-5.E-02));
#3130 = CARTESIAN_POINT('',(0.386094321603,-5.E-02));
#3131 = CARTESIAN_POINT('',(0.257187766446,-5.E-02));
#3132 = CARTESIAN_POINT('',(0.128439124541,-5.E-02));
#3133 = CARTESIAN_POINT('',(0.,-5.E-02));
#3134 = ( GEOMETRIC_REPRESENTATION_CONTEXT(2) 
PARAMETRIC_REPRESENTATION_CONTEXT() REPRESENTATION_CONTEXT('2D SPACE',''
  ) );
#3135 = ORIENTED_EDGE('',*,*,#3136,.F.);
#3136 = EDGE_CURVE('',#3137,#3092,#3139,.T.);
#3137 = VERTEX_POINT('',#3138);
#3138 = CARTESIAN_POINT('',(42.3109375,5.57578125,4.));
#3139 = SURFACE_CURVE('',#3140,(#3147,#3157),.PCURVE_S1.);
#3140 = B_SPLINE_CURVE_WITH_KNOTS('',5,(#3141,#3142,#3143,#3144,#3145,
    #3146),.UNSPECIFIED.,.F.,.F.,(6,6),(0.,1.),
  .PIECEWISE_BEZIER_KNOTS.);
#3141 = CARTESIAN_POINT('',(42.3109375,5.57578125,4.));
#3142 = CARTESIAN_POINT('',(42.317727576134,5.635040096264,4.));
#3143 = CARTESIAN_POINT('',(42.330674165671,5.687811349943,4.));
#3144 = CARTESIAN_POINT('',(42.349976333006,5.733704230932,4.));
#3145 = CARTESIAN_POINT('',(42.375716861256,5.772439937505,4.));
#3146 = CARTESIAN_POINT('',(42.4078125,5.80390625,4.));
#3147 = PCURVE('',#44,#3148);
#3148 = DEFINITIONAL_REPRESENTATION('',(#3149),#3156);
#3149 = B_SPLINE_CURVE_WITH_KNOTS('',5,(#3150,#3151,#3152,#3153,#3154,
    #3155),.UNSPECIFIED.,.F.,.F.,(6,6),(0.,1.),
  .PIECEWISE_BEZIER_KNOTS.);
#3150 = CARTESIAN_POINT('',(42.3109375,5.57578125));
#3151 = CARTESIAN_POINT('',(42.317727576134,5.635040096264));
#3152 = CARTESIAN_POINT('',(42.330674165671,5.687811349943));
#3153 = CARTESIAN_POINT('',(42.349976333006,5.733704230932));
#3154 = CARTESIAN_POINT('',(42.375716861256,5.772439937505));
#3155 = CARTESIAN_POINT('',(42.4078125,5.80390625));
#3156 = ( GEOMETRIC_REPRESENTATION_CONTEXT(2) 
PARAMETRIC_REPRESENTATION_CONTEXT() REPRESENTATION_CONTEXT('2D SPACE',''
  ) );
#3157 = PCURVE('',#3158,#3165);
#3158 = SURFACE_OF_LINEAR_EXTRUSION('',#3159,#3163);
#3159 = B_SPLINE_CURVE_WITH_KNOTS('',2,(#3160,#3161,#3162),
  .UNSPECIFIED.,.F.,.F.,(3,3),(0.,1.),.PIECEWISE_BEZIER_KNOTS.);
#3160 = CARTESIAN_POINT('',(42.4078125,5.80390625,3.95));
#3161 = CARTESIAN_POINT('',(42.328125,5.72578125,3.95));
#3162 = CARTESIAN_POINT('',(42.3109375,5.57578125,3.95));
#3163 = VECTOR('',#3164,1.);
#3164 = DIRECTION('',(-0.,-0.,-1.));
#3165 = DEFINITIONAL_REPRESENTATION('',(#3166),#3173);
#3166 = B_SPLINE_CURVE_WITH_KNOTS('',5,(#3167,#3168,#3169,#3170,#3171,
    #3172),.UNSPECIFIED.,.F.,.F.,(6,6),(0.,1.),
  .PIECEWISE_BEZIER_KNOTS.);
#3167 = CARTESIAN_POINT('',(1.,-5.E-02));
#3168 = CARTESIAN_POINT('',(0.802470512453,-5.E-02));
#3169 = CARTESIAN_POINT('',(0.603196272908,-5.E-02));
#3170 = CARTESIAN_POINT('',(0.402653985787,-5.E-02));
#3171 = CARTESIAN_POINT('',(0.201384399965,-5.E-02));
#3172 = CARTESIAN_POINT('',(0.,-5.E-02));
#3173 = ( GEOMETRIC_REPRESENTATION_CONTEXT(2) 
PARAMETRIC_REPRESENTATION_CONTEXT() REPRESENTATION_CONTEXT('2D SPACE',''
  ) );
#3174 = ORIENTED_EDGE('',*,*,#3175,.F.);
#3175 = EDGE_CURVE('',#3176,#3137,#3178,.T.);
#3176 = VERTEX_POINT('',#3177);
#3177 = CARTESIAN_POINT('',(41.90625,5.64453125,4.));
#3178 = SURFACE_CURVE('',#3179,(#3183,#3189),.PCURVE_S1.);
#3179 = LINE('',#3180,#3181);
#3180 = CARTESIAN_POINT('',(22.20923505486,8.990742283151,4.));
#3181 = VECTOR('',#3182,1.);
#3182 = DIRECTION('',(0.985874708123,-0.167484506399,0.));
#3183 = PCURVE('',#44,#3184);
#3184 = DEFINITIONAL_REPRESENTATION('',(#3185),#3188);
#3185 = B_SPLINE_CURVE_WITH_KNOTS('',1,(#3186,#3187),.UNSPECIFIED.,.F.,
  .F.,(2,2),(19.979227363126,20.389713093884),.PIECEWISE_BEZIER_KNOTS.);
#3186 = CARTESIAN_POINT('',(41.90625,5.64453125));
#3187 = CARTESIAN_POINT('',(42.3109375,5.57578125));
#3188 = ( GEOMETRIC_REPRESENTATION_CONTEXT(2) 
PARAMETRIC_REPRESENTATION_CONTEXT() REPRESENTATION_CONTEXT('2D SPACE',''
  ) );
#3189 = PCURVE('',#3190,#3195);
#3190 = PLANE('',#3191);
#3191 = AXIS2_PLACEMENT_3D('',#3192,#3193,#3194);
#3192 = CARTESIAN_POINT('',(42.3109375,5.57578125,3.95));
#3193 = DIRECTION('',(-0.167484506399,-0.985874708123,0.));
#3194 = DIRECTION('',(-0.985874708123,0.167484506399,0.));
#3195 = DEFINITIONAL_REPRESENTATION('',(#3196),#3199);
#3196 = B_SPLINE_CURVE_WITH_KNOTS('',1,(#3197,#3198),.UNSPECIFIED.,.F.,
  .F.,(2,2),(19.979227363126,20.389713093884),.PIECEWISE_BEZIER_KNOTS.);
#3197 = CARTESIAN_POINT('',(0.410485730758,-5.E-02));
#3198 = CARTESIAN_POINT('',(0.,-5.E-02));
#3199 = ( GEOMETRIC_REPRESENTATION_CONTEXT(2) 
PARAMETRIC_REPRESENTATION_CONTEXT() REPRESENTATION_CONTEXT('2D SPACE',''
  ) );
#3200 = ORIENTED_EDGE('',*,*,#3201,.F.);
#3201 = EDGE_CURVE('',#3202,#3176,#3204,.T.);
#3202 = VERTEX_POINT('',#3203);
#3203 = CARTESIAN_POINT('',(42.03359375,5.9765625,4.));
#3204 = SURFACE_CURVE('',#3205,(#3212,#3222),.PCURVE_S1.);
#3205 = B_SPLINE_CURVE_WITH_KNOTS('',5,(#3206,#3207,#3208,#3209,#3210,
    #3211),.UNSPECIFIED.,.F.,.F.,(6,6),(0.,1.),
  .PIECEWISE_BEZIER_KNOTS.);
#3206 = CARTESIAN_POINT('',(42.03359375,5.9765625,4.));
#3207 = CARTESIAN_POINT('',(41.998934932701,5.926005142655,4.));
#3208 = CARTESIAN_POINT('',(41.968941588178,5.867109276165,4.));
#3209 = CARTESIAN_POINT('',(41.943594067011,5.800226277803,4.));
#3210 = CARTESIAN_POINT('',(41.922759023542,5.725853477076,4.));
#3211 = CARTESIAN_POINT('',(41.90625,5.64453125,4.));
#3212 = PCURVE('',#44,#3213);
#3213 = DEFINITIONAL_REPRESENTATION('',(#3214),#3221);
#3214 = B_SPLINE_CURVE_WITH_KNOTS('',5,(#3215,#3216,#3217,#3218,#3219,
    #3220),.UNSPECIFIED.,.F.,.F.,(6,6),(0.,1.),
  .PIECEWISE_BEZIER_KNOTS.);
#3215 = CARTESIAN_POINT('',(42.03359375,5.9765625));
#3216 = CARTESIAN_POINT('',(41.998934932701,5.926005142655));
#3217 = CARTESIAN_POINT('',(41.968941588178,5.867109276165));
#3218 = CARTESIAN_POINT('',(41.943594067011,5.800226277803));
#3219 = CARTESIAN_POINT('',(41.922759023542,5.725853477076));
#3220 = CARTESIAN_POINT('',(41.90625,5.64453125));
#3221 = ( GEOMETRIC_REPRESENTATION_CONTEXT(2) 
PARAMETRIC_REPRESENTATION_CONTEXT() REPRESENTATION_CONTEXT('2D SPACE',''
  ) );
#3222 = PCURVE('',#3223,#3230);
#3223 = SURFACE_OF_LINEAR_EXTRUSION('',#3224,#3228);
#3224 = B_SPLINE_CURVE_WITH_KNOTS('',2,(#3225,#3226,#3227),
  .UNSPECIFIED.,.F.,.F.,(3,3),(0.,1.),.PIECEWISE_BEZIER_KNOTS.);
#3225 = CARTESIAN_POINT('',(41.90625,5.64453125,3.95));
#3226 = CARTESIAN_POINT('',(41.9484375,5.85234375,3.95));
#3227 = CARTESIAN_POINT('',(42.03359375,5.9765625,3.95));
#3228 = VECTOR('',#3229,1.);
#3229 = DIRECTION('',(-0.,-0.,-1.));
#3230 = DEFINITIONAL_REPRESENTATION('',(#3231),#3238);
#3231 = B_SPLINE_CURVE_WITH_KNOTS('',5,(#3232,#3233,#3234,#3235,#3236,
    #3237),.UNSPECIFIED.,.F.,.F.,(6,6),(0.,1.),
  .PIECEWISE_BEZIER_KNOTS.);
#3232 = CARTESIAN_POINT('',(1.,-5.E-02));
#3233 = CARTESIAN_POINT('',(0.796498687417,-5.E-02));
#3234 = CARTESIAN_POINT('',(0.594270211654,-5.E-02));
#3235 = CARTESIAN_POINT('',(0.393854698529,-5.E-02));
#3236 = CARTESIAN_POINT('',(0.195662501235,-5.E-02));
#3237 = CARTESIAN_POINT('',(0.,-5.E-02));
#3238 = ( GEOMETRIC_REPRESENTATION_CONTEXT(2) 
PARAMETRIC_REPRESENTATION_CONTEXT() REPRESENTATION_CONTEXT('2D SPACE',''
  ) );
#3239 = ORIENTED_EDGE('',*,*,#3240,.F.);
#3240 = EDGE_CURVE('',#3241,#3202,#3243,.T.);
#3241 = VERTEX_POINT('',#3242);
#3242 = CARTESIAN_POINT('',(42.27109375,6.171875,4.));
#3243 = SURFACE_CURVE('',#3244,(#3255,#3269),.PCURVE_S1.);
#3244 = B_SPLINE_CURVE_WITH_KNOTS('',5,(#3245,#3246,#3247,#3248,#3249,
    #3250,#3251,#3252,#3253,#3254),.UNSPECIFIED.,.F.,.F.,(6,4,6),(0.,
    0.881354912215,1.),.UNSPECIFIED.);
#3245 = CARTESIAN_POINT('',(42.27109375,6.171875,4.));
#3246 = CARTESIAN_POINT('',(42.217775353038,6.146993081418,4.));
#3247 = CARTESIAN_POINT('',(42.169328956309,6.117917302524,4.));
#3248 = CARTESIAN_POINT('',(42.125944382594,6.084604368126,4.));
#3249 = CARTESIAN_POINT('',(42.087752576542,6.047064878049,4.));
#3250 = CARTESIAN_POINT('',(42.050378079165,5.999762005964,4.));
#3251 = CARTESIAN_POINT('',(42.046038937375,5.994074515348,4.));
#3252 = CARTESIAN_POINT('',(42.041795095038,5.988311966056,4.));
#3253 = CARTESIAN_POINT('',(42.037646668554,5.982474555505,4.));
#3254 = CARTESIAN_POINT('',(42.03359375,5.9765625,4.));
#3255 = PCURVE('',#44,#3256);
#3256 = DEFINITIONAL_REPRESENTATION('',(#3257),#3268);
#3257 = B_SPLINE_CURVE_WITH_KNOTS('',5,(#3258,#3259,#3260,#3261,#3262,
    #3263,#3264,#3265,#3266,#3267),.UNSPECIFIED.,.F.,.F.,(6,4,6),(0.,
    0.881354912215,1.),.UNSPECIFIED.);
#3258 = CARTESIAN_POINT('',(42.27109375,6.171875));
#3259 = CARTESIAN_POINT('',(42.217775353038,6.146993081418));
#3260 = CARTESIAN_POINT('',(42.169328956309,6.117917302524));
#3261 = CARTESIAN_POINT('',(42.125944382594,6.084604368126));
#3262 = CARTESIAN_POINT('',(42.087752576542,6.047064878049));
#3263 = CARTESIAN_POINT('',(42.050378079165,5.999762005964));
#3264 = CARTESIAN_POINT('',(42.046038937375,5.994074515348));
#3265 = CARTESIAN_POINT('',(42.041795095038,5.988311966056));
#3266 = CARTESIAN_POINT('',(42.037646668554,5.982474555505));
#3267 = CARTESIAN_POINT('',(42.03359375,5.9765625));
#3268 = ( GEOMETRIC_REPRESENTATION_CONTEXT(2) 
PARAMETRIC_REPRESENTATION_CONTEXT() REPRESENTATION_CONTEXT('2D SPACE',''
  ) );
#3269 = PCURVE('',#3270,#3277);
#3270 = SURFACE_OF_LINEAR_EXTRUSION('',#3271,#3275);
#3271 = B_SPLINE_CURVE_WITH_KNOTS('',2,(#3272,#3273,#3274),
  .UNSPECIFIED.,.F.,.F.,(3,3),(0.,1.),.PIECEWISE_BEZIER_KNOTS.);
#3272 = CARTESIAN_POINT('',(42.03359375,5.9765625,3.95));
#3273 = CARTESIAN_POINT('',(42.11875,6.10078125,3.95));
#3274 = CARTESIAN_POINT('',(42.27109375,6.171875,3.95));
#3275 = VECTOR('',#3276,1.);
#3276 = DIRECTION('',(-0.,-0.,-1.));
#3277 = DEFINITIONAL_REPRESENTATION('',(#3278),#3289);
#3278 = B_SPLINE_CURVE_WITH_KNOTS('',5,(#3279,#3280,#3281,#3282,#3283,
    #3284,#3285,#3286,#3287,#3288),.UNSPECIFIED.,.F.,.F.,(6,4,6),(0.,
    0.881354912215,1.),.UNSPECIFIED.);
#3279 = CARTESIAN_POINT('',(1.,-5.E-02));
#3280 = CARTESIAN_POINT('',(0.825006286894,-5.E-02));
#3281 = CARTESIAN_POINT('',(0.649120957482,-5.E-02));
#3282 = CARTESIAN_POINT('',(0.472622780619,-5.E-02));
#3283 = CARTESIAN_POINT('',(0.295809685048,-5.E-02));
#3284 = CARTESIAN_POINT('',(9.519846407713E-02,-5.E-02));
#3285 = CARTESIAN_POINT('',(7.139694011667E-02,-5.E-02));
#3286 = CARTESIAN_POINT('',(4.759618456676E-02,-5.E-02));
#3287 = CARTESIAN_POINT('',(2.379695297731E-02,-5.E-02));
#3288 = CARTESIAN_POINT('',(0.,-5.E-02));
#3289 = ( GEOMETRIC_REPRESENTATION_CONTEXT(2) 
PARAMETRIC_REPRESENTATION_CONTEXT() REPRESENTATION_CONTEXT('2D SPACE',''
  ) );
#3290 = ORIENTED_EDGE('',*,*,#3291,.F.);
#3291 = EDGE_CURVE('',#3292,#3241,#3294,.T.);
#3292 = VERTEX_POINT('',#3293);
#3293 = CARTESIAN_POINT('',(42.6125,6.24296875,4.));
#3294 = SURFACE_CURVE('',#3295,(#3302,#3312),.PCURVE_S1.);
#3295 = B_SPLINE_CURVE_WITH_KNOTS('',5,(#3296,#3297,#3298,#3299,#3300,
    #3301),.UNSPECIFIED.,.F.,.F.,(6,6),(0.,1.),
  .PIECEWISE_BEZIER_KNOTS.);
#3296 = CARTESIAN_POINT('',(42.6125,6.24296875,4.));
#3297 = CARTESIAN_POINT('',(42.537514874845,6.24296875,4.));
#3298 = CARTESIAN_POINT('',(42.465686619346,6.235979182672,4.));
#3299 = CARTESIAN_POINT('',(42.397229847219,6.221831039877,4.));
#3300 = CARTESIAN_POINT('',(42.33232260205,6.20044846429,4.));
#3301 = CARTESIAN_POINT('',(42.27109375,6.171875,4.));
#3302 = PCURVE('',#44,#3303);
#3303 = DEFINITIONAL_REPRESENTATION('',(#3304),#3311);
#3304 = B_SPLINE_CURVE_WITH_KNOTS('',5,(#3305,#3306,#3307,#3308,#3309,
    #3310),.UNSPECIFIED.,.F.,.F.,(6,6),(0.,1.),
  .PIECEWISE_BEZIER_KNOTS.);
#3305 = CARTESIAN_POINT('',(42.6125,6.24296875));
#3306 = CARTESIAN_POINT('',(42.537514874845,6.24296875));
#3307 = CARTESIAN_POINT('',(42.465686619346,6.235979182672));
#3308 = CARTESIAN_POINT('',(42.397229847219,6.221831039877));
#3309 = CARTESIAN_POINT('',(42.33232260205,6.20044846429));
#3310 = CARTESIAN_POINT('',(42.27109375,6.171875));
#3311 = ( GEOMETRIC_REPRESENTATION_CONTEXT(2) 
PARAMETRIC_REPRESENTATION_CONTEXT() REPRESENTATION_CONTEXT('2D SPACE',''
  ) );
#3312 = PCURVE('',#3313,#3320);
#3313 = SURFACE_OF_LINEAR_EXTRUSION('',#3314,#3318);
#3314 = B_SPLINE_CURVE_WITH_KNOTS('',2,(#3315,#3316,#3317),
  .UNSPECIFIED.,.F.,.F.,(3,3),(0.,1.),.PIECEWISE_BEZIER_KNOTS.);
#3315 = CARTESIAN_POINT('',(42.27109375,6.171875,3.95));
#3316 = CARTESIAN_POINT('',(42.4234375,6.24296875,3.95));
#3317 = CARTESIAN_POINT('',(42.6125,6.24296875,3.95));
#3318 = VECTOR('',#3319,1.);
#3319 = DIRECTION('',(-0.,-0.,-1.));
#3320 = DEFINITIONAL_REPRESENTATION('',(#3321),#3328);
#3321 = B_SPLINE_CURVE_WITH_KNOTS('',5,(#3322,#3323,#3324,#3325,#3326,
    #3327),.UNSPECIFIED.,.F.,.F.,(6,6),(0.,1.),
  .PIECEWISE_BEZIER_KNOTS.);
#3322 = CARTESIAN_POINT('',(1.,-5.E-02));
#3323 = CARTESIAN_POINT('',(0.801692230995,-5.E-02));
#3324 = CARTESIAN_POINT('',(0.602186110501,-5.E-02));
#3325 = CARTESIAN_POINT('',(0.401818362617,-5.E-02));
#3326 = CARTESIAN_POINT('',(0.200956232369,-5.E-02));
#3327 = CARTESIAN_POINT('',(0.,-5.E-02));
#3328 = ( GEOMETRIC_REPRESENTATION_CONTEXT(2) 
PARAMETRIC_REPRESENTATION_CONTEXT() REPRESENTATION_CONTEXT('2D SPACE',''
  ) );
#3329 = ORIENTED_EDGE('',*,*,#3330,.F.);
#3330 = EDGE_CURVE('',#3331,#3292,#3333,.T.);
#3331 = VERTEX_POINT('',#3332);
#3332 = CARTESIAN_POINT('',(43.13125,6.03671875,4.));
#3333 = SURFACE_CURVE('',#3334,(#3345,#3359),.PCURVE_S1.);
#3334 = B_SPLINE_CURVE_WITH_KNOTS('',5,(#3335,#3336,#3337,#3338,#3339,
    #3340,#3341,#3342,#3343,#3344),.UNSPECIFIED.,.F.,.F.,(6,4,6),(0.,
    0.295505479589,1.),.UNSPECIFIED.);
#3335 = CARTESIAN_POINT('',(43.13125,6.03671875,4.));
#3336 = CARTESIAN_POINT('',(43.108091494929,6.061174131355,4.));
#3337 = CARTESIAN_POINT('',(43.083716097568,6.083913586687,4.));
#3338 = CARTESIAN_POINT('',(43.058134721822,6.104877381121,4.));
#3339 = CARTESIAN_POINT('',(43.031371890936,6.124023555223,4.));
#3340 = CARTESIAN_POINT('',(42.936936574627,6.182582096341,4.));
#3341 = CARTESIAN_POINT('',(42.863894206016,6.21337835475,4.));
#3342 = CARTESIAN_POINT('',(42.784892936359,6.233363699037,4.));
#3343 = CARTESIAN_POINT('',(42.700787197167,6.24296875,4.));
#3344 = CARTESIAN_POINT('',(42.6125,6.24296875,4.));
#3345 = PCURVE('',#44,#3346);
#3346 = DEFINITIONAL_REPRESENTATION('',(#3347),#3358);
#3347 = B_SPLINE_CURVE_WITH_KNOTS('',5,(#3348,#3349,#3350,#3351,#3352,
    #3353,#3354,#3355,#3356,#3357),.UNSPECIFIED.,.F.,.F.,(6,4,6),(0.,
    0.295505479589,1.),.UNSPECIFIED.);
#3348 = CARTESIAN_POINT('',(43.13125,6.03671875));
#3349 = CARTESIAN_POINT('',(43.108091494929,6.061174131355));
#3350 = CARTESIAN_POINT('',(43.083716097568,6.083913586687));
#3351 = CARTESIAN_POINT('',(43.058134721822,6.104877381121));
#3352 = CARTESIAN_POINT('',(43.031371890936,6.124023555223));
#3353 = CARTESIAN_POINT('',(42.936936574627,6.182582096341));
#3354 = CARTESIAN_POINT('',(42.863894206016,6.21337835475));
#3355 = CARTESIAN_POINT('',(42.784892936359,6.233363699037));
#3356 = CARTESIAN_POINT('',(42.700787197167,6.24296875));
#3357 = CARTESIAN_POINT('',(42.6125,6.24296875));
#3358 = ( GEOMETRIC_REPRESENTATION_CONTEXT(2) 
PARAMETRIC_REPRESENTATION_CONTEXT() REPRESENTATION_CONTEXT('2D SPACE',''
  ) );
#3359 = PCURVE('',#3360,#3367);
#3360 = SURFACE_OF_LINEAR_EXTRUSION('',#3361,#3365);
#3361 = B_SPLINE_CURVE_WITH_KNOTS('',2,(#3362,#3363,#3364),
  .UNSPECIFIED.,.F.,.F.,(3,3),(0.,1.),.PIECEWISE_BEZIER_KNOTS.);
#3362 = CARTESIAN_POINT('',(42.6125,6.24296875,3.95));
#3363 = CARTESIAN_POINT('',(42.9359375,6.24296875,3.95));
#3364 = CARTESIAN_POINT('',(43.13125,6.03671875,3.95));
#3365 = VECTOR('',#3366,1.);
#3366 = DIRECTION('',(-0.,-0.,-1.));
#3367 = DEFINITIONAL_REPRESENTATION('',(#3368),#3379);
#3368 = B_SPLINE_CURVE_WITH_KNOTS('',5,(#3369,#3370,#3371,#3372,#3373,
    #3374,#3375,#3376,#3377,#3378),.UNSPECIFIED.,.F.,.F.,(6,4,6),(0.,
    0.295505479589,1.),.UNSPECIFIED.);
#3369 = CARTESIAN_POINT('',(1.,-5.E-02));
#3370 = CARTESIAN_POINT('',(0.940714227019,-5.E-02));
#3371 = CARTESIAN_POINT('',(0.881195119551,-5.E-02));
#3372 = CARTESIAN_POINT('',(0.821516914403,-5.E-02));
#3373 = CARTESIAN_POINT('',(0.761757816721,-5.E-02));
#3374 = CARTESIAN_POINT('',(0.559535452505,-5.E-02));
#3375 = CARTESIAN_POINT('',(0.417045206906,-5.E-02));
#3376 = CARTESIAN_POINT('',(0.275725156239,-5.E-02));
#3377 = CARTESIAN_POINT('',(0.13648262364,-5.E-02));
#3378 = CARTESIAN_POINT('',(0.,-5.E-02));
#3379 = ( GEOMETRIC_REPRESENTATION_CONTEXT(2) 
PARAMETRIC_REPRESENTATION_CONTEXT() REPRESENTATION_CONTEXT('2D SPACE',''
  ) );
#3380 = ORIENTED_EDGE('',*,*,#3381,.F.);
#3381 = EDGE_CURVE('',#3382,#3331,#3384,.T.);
#3382 = VERTEX_POINT('',#3383);
#3383 = CARTESIAN_POINT('',(43.2921875,5.65546875,4.));
#3384 = SURFACE_CURVE('',#3385,(#3396,#3410),.PCURVE_S1.);
#3385 = B_SPLINE_CURVE_WITH_KNOTS('',5,(#3386,#3387,#3388,#3389,#3390,
    #3391,#3392,#3393,#3394,#3395),.UNSPECIFIED.,.F.,.F.,(6,4,6),(0.,
    0.333842628573,1.),.UNSPECIFIED.);
#3386 = CARTESIAN_POINT('',(43.2921875,5.65546875,4.));
#3387 = CARTESIAN_POINT('',(43.2921875,5.683843465056,4.));
#3388 = CARTESIAN_POINT('',(43.290394141666,5.711805389306,4.));
#3389 = CARTESIAN_POINT('',(43.286788277285,5.739325158944,4.));
#3390 = CARTESIAN_POINT('',(43.281363529051,5.766376035583,4.));
#3391 = CARTESIAN_POINT('',(43.259684931505,5.84592810112,4.));
#3392 = CARTESIAN_POINT('',(43.238026053296,5.896962895764,4.));
#3393 = CARTESIAN_POINT('',(43.209202210863,5.9458394561,4.));
#3394 = CARTESIAN_POINT('',(43.173476256188,5.99244267555,4.));
#3395 = CARTESIAN_POINT('',(43.13125,6.03671875,4.));
#3396 = PCURVE('',#44,#3397);
#3397 = DEFINITIONAL_REPRESENTATION('',(#3398),#3409);
#3398 = B_SPLINE_CURVE_WITH_KNOTS('',5,(#3399,#3400,#3401,#3402,#3403,
    #3404,#3405,#3406,#3407,#3408),.UNSPECIFIED.,.F.,.F.,(6,4,6),(0.,
    0.333842628573,1.),.UNSPECIFIED.);
#3399 = CARTESIAN_POINT('',(43.2921875,5.65546875));
#3400 = CARTESIAN_POINT('',(43.2921875,5.683843465056));
#3401 = CARTESIAN_POINT('',(43.290394141666,5.711805389306));
#3402 = CARTESIAN_POINT('',(43.286788277285,5.739325158944));
#3403 = CARTESIAN_POINT('',(43.281363529051,5.766376035583));
#3404 = CARTESIAN_POINT('',(43.259684931505,5.84592810112));
#3405 = CARTESIAN_POINT('',(43.238026053296,5.896962895764));
#3406 = CARTESIAN_POINT('',(43.209202210863,5.9458394561));
#3407 = CARTESIAN_POINT('',(43.173476256188,5.99244267555));
#3408 = CARTESIAN_POINT('',(43.13125,6.03671875));
#3409 = ( GEOMETRIC_REPRESENTATION_CONTEXT(2) 
PARAMETRIC_REPRESENTATION_CONTEXT() REPRESENTATION_CONTEXT('2D SPACE',''
  ) );
#3410 = PCURVE('',#3411,#3418);
#3411 = SURFACE_OF_LINEAR_EXTRUSION('',#3412,#3416);
#3412 = B_SPLINE_CURVE_WITH_KNOTS('',2,(#3413,#3414,#3415),
  .UNSPECIFIED.,.F.,.F.,(3,3),(0.,1.),.PIECEWISE_BEZIER_KNOTS.);
#3413 = CARTESIAN_POINT('',(43.13125,6.03671875,3.95));
#3414 = CARTESIAN_POINT('',(43.2921875,5.86796875,3.95));
#3415 = CARTESIAN_POINT('',(43.2921875,5.65546875,3.95));
#3416 = VECTOR('',#3417,1.);
#3417 = DIRECTION('',(-0.,-0.,-1.));
#3418 = DEFINITIONAL_REPRESENTATION('',(#3419),#3430);
#3419 = B_SPLINE_CURVE_WITH_KNOTS('',5,(#3420,#3421,#3422,#3423,#3424,
    #3425,#3426,#3427,#3428,#3429),.UNSPECIFIED.,.F.,.F.,(6,4,6),(0.,
    0.333842628573,1.),.UNSPECIFIED.);
#3420 = CARTESIAN_POINT('',(1.,-5.E-02));
#3421 = CARTESIAN_POINT('',(0.933235964573,-5.E-02));
#3422 = CARTESIAN_POINT('',(0.866296107781,-5.E-02));
#3423 = CARTESIAN_POINT('',(0.799237273392,-5.E-02));
#3424 = CARTESIAN_POINT('',(0.732118295795,-5.E-02));
#3425 = CARTESIAN_POINT('',(0.531070586335,-5.E-02));
#3426 = CARTESIAN_POINT('',(0.397134950967,-5.E-02));
#3427 = CARTESIAN_POINT('',(0.263694555702,-5.E-02));
#3428 = CARTESIAN_POINT('',(0.13118836874,-5.E-02));
#3429 = CARTESIAN_POINT('',(0.,-5.E-02));
#3430 = ( GEOMETRIC_REPRESENTATION_CONTEXT(2) 
PARAMETRIC_REPRESENTATION_CONTEXT() REPRESENTATION_CONTEXT('2D SPACE',''
  ) );
#3431 = ORIENTED_EDGE('',*,*,#3432,.F.);
#3432 = EDGE_CURVE('',#3433,#3382,#3435,.T.);
#3433 = VERTEX_POINT('',#3434);
#3434 = CARTESIAN_POINT('',(42.9625,5.17421875,4.));
#3435 = SURFACE_CURVE('',#3436,(#3449,#3465),.PCURVE_S1.);
#3436 = B_SPLINE_CURVE_WITH_KNOTS('',6,(#3437,#3438,#3439,#3440,#3441,
    #3442,#3443,#3444,#3445,#3446,#3447,#3448),.UNSPECIFIED.,.F.,.F.,(7,
    5,7),(0.,0.707011317834,1.),.UNSPECIFIED.);
#3437 = CARTESIAN_POINT('',(42.9625,5.17421875,4.));
#3438 = CARTESIAN_POINT('',(43.035481339894,5.213995309658,4.));
#3439 = CARTESIAN_POINT('',(43.100981827116,5.258561127235,4.));
#3440 = CARTESIAN_POINT('',(43.157622770872,5.308172159353,4.));
#3441 = CARTESIAN_POINT('',(43.20405244917,5.362927819179,4.));
#3442 = CARTESIAN_POINT('',(43.239231036243,5.422632969118,4.));
#3443 = CARTESIAN_POINT('',(43.272722572248,5.513052339741,4.));
#3444 = CARTESIAN_POINT('',(43.280562359552,5.540274774082,4.));
#3445 = CARTESIAN_POINT('',(43.286411756415,5.56818150455,4.));
#3446 = CARTESIAN_POINT('',(43.290277515817,5.596720783293,4.));
#3447 = CARTESIAN_POINT('',(43.2921875,5.625836411447,4.));
#3448 = CARTESIAN_POINT('',(43.2921875,5.65546875,4.));
#3449 = PCURVE('',#44,#3450);
#3450 = DEFINITIONAL_REPRESENTATION('',(#3451),#3464);
#3451 = B_SPLINE_CURVE_WITH_KNOTS('',6,(#3452,#3453,#3454,#3455,#3456,
    #3457,#3458,#3459,#3460,#3461,#3462,#3463),.UNSPECIFIED.,.F.,.F.,(7,
    5,7),(0.,0.707011317834,1.),.UNSPECIFIED.);
#3452 = CARTESIAN_POINT('',(42.9625,5.17421875));
#3453 = CARTESIAN_POINT('',(43.035481339894,5.213995309658));
#3454 = CARTESIAN_POINT('',(43.100981827116,5.258561127235));
#3455 = CARTESIAN_POINT('',(43.157622770872,5.308172159353));
#3456 = CARTESIAN_POINT('',(43.20405244917,5.362927819179));
#3457 = CARTESIAN_POINT('',(43.239231036243,5.422632969118));
#3458 = CARTESIAN_POINT('',(43.272722572248,5.513052339741));
#3459 = CARTESIAN_POINT('',(43.280562359552,5.540274774082));
#3460 = CARTESIAN_POINT('',(43.286411756415,5.56818150455));
#3461 = CARTESIAN_POINT('',(43.290277515817,5.596720783293));
#3462 = CARTESIAN_POINT('',(43.2921875,5.625836411447));
#3463 = CARTESIAN_POINT('',(43.2921875,5.65546875));
#3464 = ( GEOMETRIC_REPRESENTATION_CONTEXT(2) 
PARAMETRIC_REPRESENTATION_CONTEXT() REPRESENTATION_CONTEXT('2D SPACE',''
  ) );
#3465 = PCURVE('',#3466,#3473);
#3466 = SURFACE_OF_LINEAR_EXTRUSION('',#3467,#3471);
#3467 = B_SPLINE_CURVE_WITH_KNOTS('',2,(#3468,#3469,#3470),
  .UNSPECIFIED.,.F.,.F.,(3,3),(0.,1.),.PIECEWISE_BEZIER_KNOTS.);
#3468 = CARTESIAN_POINT('',(43.2921875,5.65546875,3.95));
#3469 = CARTESIAN_POINT('',(43.2921875,5.35390625,3.95));
#3470 = CARTESIAN_POINT('',(42.9625,5.17421875,3.95));
#3471 = VECTOR('',#3472,1.);
#3472 = DIRECTION('',(-0.,-0.,-1.));
#3473 = DEFINITIONAL_REPRESENTATION('',(#3474),#3487);
#3474 = B_SPLINE_CURVE_WITH_KNOTS('',6,(#3475,#3476,#3477,#3478,#3479,
    #3480,#3481,#3482,#3483,#3484,#3485,#3486),.UNSPECIFIED.,.F.,.F.,(7,
    5,7),(0.,0.707011317834,1.),.UNSPECIFIED.);
#3475 = CARTESIAN_POINT('',(1.,-5.E-02));
#3476 = CARTESIAN_POINT('',(0.889317399213,-5.E-02));
#3477 = CARTESIAN_POINT('',(0.775279234936,-5.E-02));
#3478 = CARTESIAN_POINT('',(0.658306152286,-5.E-02));
#3479 = CARTESIAN_POINT('',(0.539061820538,-5.E-02));
#3480 = CARTESIAN_POINT('',(0.418507115402,-5.E-02));
#3481 = CARTESIAN_POINT('',(0.248061307305,-5.E-02));
#3482 = CARTESIAN_POINT('',(0.198120491112,-5.E-02));
#3483 = CARTESIAN_POINT('',(0.148265043653,-5.E-02));
#3484 = CARTESIAN_POINT('',(9.85766254278E-02,-5.E-02));
#3485 = CARTESIAN_POINT('',(4.913133853305E-02,-5.E-02));
#3486 = CARTESIAN_POINT('',(0.,-5.E-02));
#3487 = ( GEOMETRIC_REPRESENTATION_CONTEXT(2) 
PARAMETRIC_REPRESENTATION_CONTEXT() REPRESENTATION_CONTEXT('2D SPACE',''
  ) );
#3488 = ORIENTED_EDGE('',*,*,#3489,.F.);
#3489 = EDGE_CURVE('',#3490,#3433,#3492,.T.);
#3490 = VERTEX_POINT('',#3491);
#3491 = CARTESIAN_POINT('',(43.27734375,4.98515625,4.));
#3492 = SURFACE_CURVE('',#3493,(#3504,#3518),.PCURVE_S1.);
#3493 = B_SPLINE_CURVE_WITH_KNOTS('',5,(#3494,#3495,#3496,#3497,#3498,
    #3499,#3500,#3501,#3502,#3503),.UNSPECIFIED.,.F.,.F.,(6,4,6),(0.,
    0.353324911671,1.),.UNSPECIFIED.);
#3494 = CARTESIAN_POINT('',(43.27734375,4.98515625,4.));
#3495 = CARTESIAN_POINT('',(43.260681283371,5.005901572691,4.));
#3496 = CARTESIAN_POINT('',(43.243003667102,5.025380562437,4.));
#3497 = CARTESIAN_POINT('',(43.224313656232,5.043570591663,4.));
#3498 = CARTESIAN_POINT('',(43.204619243506,5.060455327394,4.));
#3499 = CARTESIAN_POINT('',(43.14607374205,5.104520728224,4.));
#3500 = CARTESIAN_POINT('',(43.104892597004,5.128611437511,4.));
#3501 = CARTESIAN_POINT('',(43.06047318663,5.148233929525,4.));
#3502 = CARTESIAN_POINT('',(43.012950597065,5.163407907772,4.));
#3503 = CARTESIAN_POINT('',(42.9625,5.17421875,4.));
#3504 = PCURVE('',#44,#3505);
#3505 = DEFINITIONAL_REPRESENTATION('',(#3506),#3517);
#3506 = B_SPLINE_CURVE_WITH_KNOTS('',5,(#3507,#3508,#3509,#3510,#3511,
    #3512,#3513,#3514,#3515,#3516),.UNSPECIFIED.,.F.,.F.,(6,4,6),(0.,
    0.353324911671,1.),.UNSPECIFIED.);
#3507 = CARTESIAN_POINT('',(43.27734375,4.98515625));
#3508 = CARTESIAN_POINT('',(43.260681283371,5.005901572691));
#3509 = CARTESIAN_POINT('',(43.243003667102,5.025380562437));
#3510 = CARTESIAN_POINT('',(43.224313656232,5.043570591663));
#3511 = CARTESIAN_POINT('',(43.204619243506,5.060455327394));
#3512 = CARTESIAN_POINT('',(43.14607374205,5.104520728224));
#3513 = CARTESIAN_POINT('',(43.104892597004,5.128611437511));
#3514 = CARTESIAN_POINT('',(43.06047318663,5.148233929525));
#3515 = CARTESIAN_POINT('',(43.012950597065,5.163407907772));
#3516 = CARTESIAN_POINT('',(42.9625,5.17421875));
#3517 = ( GEOMETRIC_REPRESENTATION_CONTEXT(2) 
PARAMETRIC_REPRESENTATION_CONTEXT() REPRESENTATION_CONTEXT('2D SPACE',''
  ) );
#3518 = PCURVE('',#3519,#3526);
#3519 = SURFACE_OF_LINEAR_EXTRUSION('',#3520,#3524);
#3520 = B_SPLINE_CURVE_WITH_KNOTS('',2,(#3521,#3522,#3523),
  .UNSPECIFIED.,.F.,.F.,(3,3),(0.,1.),.PIECEWISE_BEZIER_KNOTS.);
#3521 = CARTESIAN_POINT('',(42.9625,5.17421875,3.95));
#3522 = CARTESIAN_POINT('',(43.159375,5.13203125,3.95));
#3523 = CARTESIAN_POINT('',(43.27734375,4.98515625,3.95));
#3524 = VECTOR('',#3525,1.);
#3525 = DIRECTION('',(-0.,-0.,-1.));
#3526 = DEFINITIONAL_REPRESENTATION('',(#3527),#3538);
#3527 = B_SPLINE_CURVE_WITH_KNOTS('',5,(#3528,#3529,#3530,#3531,#3532,
    #3533,#3534,#3535,#3536,#3537),.UNSPECIFIED.,.F.,.F.,(6,4,6),(0.,
    0.353324911671,1.),.UNSPECIFIED.);
#3528 = CARTESIAN_POINT('',(1.,-5.E-02));
#3529 = CARTESIAN_POINT('',(0.929377624882,-5.E-02));
#3530 = CARTESIAN_POINT('',(0.8586225826,-5.E-02));
#3531 = CARTESIAN_POINT('',(0.787778188602,-5.E-02));
#3532 = CARTESIAN_POINT('',(0.716888836885,-5.E-02));
#3533 = CARTESIAN_POINT('',(0.516255271168,-5.E-02));
#3534 = CARTESIAN_POINT('',(0.38650873995,-5.E-02));
#3535 = CARTESIAN_POINT('',(0.257045517334,-5.E-02));
#3536 = CARTESIAN_POINT('',(0.128128500484,-5.E-02));
#3537 = CARTESIAN_POINT('',(0.,-5.E-02));
#3538 = ( GEOMETRIC_REPRESENTATION_CONTEXT(2) 
PARAMETRIC_REPRESENTATION_CONTEXT() REPRESENTATION_CONTEXT('2D SPACE',''
  ) );
#3539 = ORIENTED_EDGE('',*,*,#3540,.F.);
#3540 = EDGE_CURVE('',#3541,#3490,#3543,.T.);
#3541 = VERTEX_POINT('',#3542);
#3542 = CARTESIAN_POINT('',(43.3953125,4.63046875,4.));
#3543 = SURFACE_CURVE('',#3544,(#3555,#3569),.PCURVE_S1.);
#3544 = B_SPLINE_CURVE_WITH_KNOTS('',5,(#3545,#3546,#3547,#3548,#3549,
    #3550,#3551,#3552,#3553,#3554),.UNSPECIFIED.,.F.,.F.,(6,4,6),(0.,
    0.71790884374,1.),.UNSPECIFIED.);
#3545 = CARTESIAN_POINT('',(43.3953125,4.63046875,4.));
#3546 = CARTESIAN_POINT('',(43.3953125,4.689449129734,4.));
#3547 = CARTESIAN_POINT('',(43.389373440285,4.745815883703,4.));
#3548 = CARTESIAN_POINT('',(43.377312271587,4.79933787384,4.));
#3549 = CARTESIAN_POINT('',(43.359053530681,4.849824776194,4.));
#3550 = CARTESIAN_POINT('',(43.325083385847,4.915738158904,4.));
#3551 = CARTESIAN_POINT('',(43.31455429487,4.933843022099,4.));
#3552 = CARTESIAN_POINT('',(43.303082795142,4.951451401423,4.));
#3553 = CARTESIAN_POINT('',(43.290675923733,4.968557252239,4.));
#3554 = CARTESIAN_POINT('',(43.27734375,4.98515625,4.));
#3555 = PCURVE('',#44,#3556);
#3556 = DEFINITIONAL_REPRESENTATION('',(#3557),#3568);
#3557 = B_SPLINE_CURVE_WITH_KNOTS('',5,(#3558,#3559,#3560,#3561,#3562,
    #3563,#3564,#3565,#3566,#3567),.UNSPECIFIED.,.F.,.F.,(6,4,6),(0.,
    0.71790884374,1.),.UNSPECIFIED.);
#3558 = CARTESIAN_POINT('',(43.3953125,4.63046875));
#3559 = CARTESIAN_POINT('',(43.3953125,4.689449129734));
#3560 = CARTESIAN_POINT('',(43.389373440285,4.745815883703));
#3561 = CARTESIAN_POINT('',(43.377312271587,4.79933787384));
#3562 = CARTESIAN_POINT('',(43.359053530681,4.849824776194));
#3563 = CARTESIAN_POINT('',(43.325083385847,4.915738158904));
#3564 = CARTESIAN_POINT('',(43.31455429487,4.933843022099));
#3565 = CARTESIAN_POINT('',(43.303082795142,4.951451401423));
#3566 = CARTESIAN_POINT('',(43.290675923733,4.968557252239));
#3567 = CARTESIAN_POINT('',(43.27734375,4.98515625));
#3568 = ( GEOMETRIC_REPRESENTATION_CONTEXT(2) 
PARAMETRIC_REPRESENTATION_CONTEXT() REPRESENTATION_CONTEXT('2D SPACE',''
  ) );
#3569 = PCURVE('',#3570,#3577);
#3570 = SURFACE_OF_LINEAR_EXTRUSION('',#3571,#3575);
#3571 = B_SPLINE_CURVE_WITH_KNOTS('',2,(#3572,#3573,#3574),
  .UNSPECIFIED.,.F.,.F.,(3,3),(0.,1.),.PIECEWISE_BEZIER_KNOTS.);
#3572 = CARTESIAN_POINT('',(43.27734375,4.98515625,3.95));
#3573 = CARTESIAN_POINT('',(43.3953125,4.83828125,3.95));
#3574 = CARTESIAN_POINT('',(43.3953125,4.63046875,3.95));
#3575 = VECTOR('',#3576,1.);
#3576 = DIRECTION('',(-0.,-0.,-1.));
#3577 = DEFINITIONAL_REPRESENTATION('',(#3578),#3589);
#3578 = B_SPLINE_CURVE_WITH_KNOTS('',5,(#3579,#3580,#3581,#3582,#3583,
    #3584,#3585,#3586,#3587,#3588),.UNSPECIFIED.,.F.,.F.,(6,4,6),(0.,
    0.71790884374,1.),.UNSPECIFIED.);
#3579 = CARTESIAN_POINT('',(1.,-5.E-02));
#3580 = CARTESIAN_POINT('',(0.858092319436,-5.E-02));
#3581 = CARTESIAN_POINT('',(0.715091747696,-5.E-02));
#3582 = CARTESIAN_POINT('',(0.571326905086,-5.E-02));
#3583 = CARTESIAN_POINT('',(0.427161925015,-5.E-02));
#3584 = CARTESIAN_POINT('',(0.226353805332,-5.E-02));
#3585 = CARTESIAN_POINT('',(0.169707233588,-5.E-02));
#3586 = CARTESIAN_POINT('',(0.113083944131,-5.E-02));
#3587 = CARTESIAN_POINT('',(5.650722641962E-02,-5.E-02));
#3588 = CARTESIAN_POINT('',(0.,-5.E-02));
#3589 = ( GEOMETRIC_REPRESENTATION_CONTEXT(2) 
PARAMETRIC_REPRESENTATION_CONTEXT() REPRESENTATION_CONTEXT('2D SPACE',''
  ) );
#3590 = ORIENTED_EDGE('',*,*,#3591,.F.);
#3591 = EDGE_CURVE('',#3592,#3541,#3594,.T.);
#3592 = VERTEX_POINT('',#3593);
#3593 = CARTESIAN_POINT('',(43.175,4.11640625,4.));
#3594 = SURFACE_CURVE('',#3595,(#3606,#3620),.PCURVE_S1.);
#3595 = B_SPLINE_CURVE_WITH_KNOTS('',5,(#3596,#3597,#3598,#3599,#3600,
    #3601,#3602,#3603,#3604,#3605),.UNSPECIFIED.,.F.,.F.,(6,4,6),(0.,
    0.524343718495,1.),.UNSPECIFIED.);
#3596 = CARTESIAN_POINT('',(43.175,4.11640625,4.));
#3597 = CARTESIAN_POINT('',(43.220474977775,4.160268639911,4.));
#3598 = CARTESIAN_POINT('',(43.260592697303,4.206993887659,4.));
#3599 = CARTESIAN_POINT('',(43.294944450959,4.256547612181,4.));
#3600 = CARTESIAN_POINT('',(43.323242543842,4.308813975981,4.));
#3601 = CARTESIAN_POINT('',(43.365490463244,4.413223921381,4.));
#3602 = CARTESIAN_POINT('',(43.380530966685,4.464934112368,4.));
#3603 = CARTESIAN_POINT('',(43.390445791796,4.518520335866,4.));
#3604 = CARTESIAN_POINT('',(43.3953125,4.57377489515,4.));
#3605 = CARTESIAN_POINT('',(43.3953125,4.63046875,4.));
#3606 = PCURVE('',#44,#3607);
#3607 = DEFINITIONAL_REPRESENTATION('',(#3608),#3619);
#3608 = B_SPLINE_CURVE_WITH_KNOTS('',5,(#3609,#3610,#3611,#3612,#3613,
    #3614,#3615,#3616,#3617,#3618),.UNSPECIFIED.,.F.,.F.,(6,4,6),(0.,
    0.524343718495,1.),.UNSPECIFIED.);
#3609 = CARTESIAN_POINT('',(43.175,4.11640625));
#3610 = CARTESIAN_POINT('',(43.220474977775,4.160268639911));
#3611 = CARTESIAN_POINT('',(43.260592697303,4.206993887659));
#3612 = CARTESIAN_POINT('',(43.294944450959,4.256547612181));
#3613 = CARTESIAN_POINT('',(43.323242543842,4.308813975981));
#3614 = CARTESIAN_POINT('',(43.365490463244,4.413223921381));
#3615 = CARTESIAN_POINT('',(43.380530966685,4.464934112368));
#3616 = CARTESIAN_POINT('',(43.390445791796,4.518520335866));
#3617 = CARTESIAN_POINT('',(43.3953125,4.57377489515));
#3618 = CARTESIAN_POINT('',(43.3953125,4.63046875));
#3619 = ( GEOMETRIC_REPRESENTATION_CONTEXT(2) 
PARAMETRIC_REPRESENTATION_CONTEXT() REPRESENTATION_CONTEXT('2D SPACE',''
  ) );
#3620 = PCURVE('',#3621,#3628);
#3621 = SURFACE_OF_LINEAR_EXTRUSION('',#3622,#3626);
#3622 = B_SPLINE_CURVE_WITH_KNOTS('',2,(#3623,#3624,#3625),
  .UNSPECIFIED.,.F.,.F.,(3,3),(0.,1.),.PIECEWISE_BEZIER_KNOTS.);
#3623 = CARTESIAN_POINT('',(43.3953125,4.63046875,3.95));
#3624 = CARTESIAN_POINT('',(43.3953125,4.32890625,3.95));
#3625 = CARTESIAN_POINT('',(43.175,4.11640625,3.95));
#3626 = VECTOR('',#3627,1.);
#3627 = DIRECTION('',(-0.,-0.,-1.));
#3628 = DEFINITIONAL_REPRESENTATION('',(#3629),#3640);
#3629 = B_SPLINE_CURVE_WITH_KNOTS('',5,(#3630,#3631,#3632,#3633,#3634,
    #3635,#3636,#3637,#3638,#3639),.UNSPECIFIED.,.F.,.F.,(6,4,6),(0.,
    0.524343718495,1.),.UNSPECIFIED.);
#3630 = CARTESIAN_POINT('',(1.,-5.E-02));
#3631 = CARTESIAN_POINT('',(0.89679437668,-5.E-02));
#3632 = CARTESIAN_POINT('',(0.79243284423,-5.E-02));
#3633 = CARTESIAN_POINT('',(0.687246351115,-5.E-02));
#3634 = CARTESIAN_POINT('',(0.58161979216,-5.E-02));
#3635 = CARTESIAN_POINT('',(0.380187433128,-5.E-02));
#3636 = CARTESIAN_POINT('',(0.284369162445,-5.E-02));
#3637 = CARTESIAN_POINT('',(0.188875949118,-5.E-02));
#3638 = CARTESIAN_POINT('',(9.400017384449E-02,-5.E-02));
#3639 = CARTESIAN_POINT('',(0.,-5.E-02));
#3640 = ( GEOMETRIC_REPRESENTATION_CONTEXT(2) 
PARAMETRIC_REPRESENTATION_CONTEXT() REPRESENTATION_CONTEXT('2D SPACE',''
  ) );
#3641 = ORIENTED_EDGE('',*,*,#3642,.F.);
#3642 = EDGE_CURVE('',#3643,#3592,#3645,.T.);
#3643 = VERTEX_POINT('',#3644);
#3644 = CARTESIAN_POINT('',(42.6265625,3.90390625,4.));
#3645 = SURFACE_CURVE('',#3646,(#3657,#3671),.PCURVE_S1.);
#3646 = B_SPLINE_CURVE_WITH_KNOTS('',5,(#3647,#3648,#3649,#3650,#3651,
    #3652,#3653,#3654,#3655,#3656),.UNSPECIFIED.,.F.,.F.,(6,4,6),(0.,
    0.62558251434,1.),.UNSPECIFIED.);
#3647 = CARTESIAN_POINT('',(42.6265625,3.90390625,4.));
#3648 = CARTESIAN_POINT('',(42.706754302627,3.90390625,4.));
#3649 = CARTESIAN_POINT('',(42.784145861097,3.911838969013,4.));
#3650 = CARTESIAN_POINT('',(42.858161113989,3.928188650666,4.));
#3651 = CARTESIAN_POINT('',(42.928271665796,3.953194290577,4.));
#3652 = CARTESIAN_POINT('',(43.033471591778,4.006671423739,4.));
#3653 = CARTESIAN_POINT('',(43.071324079906,4.029722610938,4.));
#3654 = CARTESIAN_POINT('',(43.107558690461,4.055760829246,4.));
#3655 = CARTESIAN_POINT('',(43.142125356558,4.084697374056,4.));
#3656 = CARTESIAN_POINT('',(43.175,4.11640625,4.));
#3657 = PCURVE('',#44,#3658);
#3658 = DEFINITIONAL_REPRESENTATION('',(#3659),#3670);
#3659 = B_SPLINE_CURVE_WITH_KNOTS('',5,(#3660,#3661,#3662,#3663,#3664,
    #3665,#3666,#3667,#3668,#3669),.UNSPECIFIED.,.F.,.F.,(6,4,6),(0.,
    0.62558251434,1.),.UNSPECIFIED.);
#3660 = CARTESIAN_POINT('',(42.6265625,3.90390625));
#3661 = CARTESIAN_POINT('',(42.706754302627,3.90390625));
#3662 = CARTESIAN_POINT('',(42.784145861097,3.911838969013));
#3663 = CARTESIAN_POINT('',(42.858161113989,3.928188650666));
#3664 = CARTESIAN_POINT('',(42.928271665796,3.953194290577));
#3665 = CARTESIAN_POINT('',(43.033471591778,4.006671423739));
#3666 = CARTESIAN_POINT('',(43.071324079906,4.029722610938));
#3667 = CARTESIAN_POINT('',(43.107558690461,4.055760829246));
#3668 = CARTESIAN_POINT('',(43.142125356558,4.084697374056));
#3669 = CARTESIAN_POINT('',(43.175,4.11640625));
#3670 = ( GEOMETRIC_REPRESENTATION_CONTEXT(2) 
PARAMETRIC_REPRESENTATION_CONTEXT() REPRESENTATION_CONTEXT('2D SPACE',''
  ) );
#3671 = PCURVE('',#3672,#3679);
#3672 = SURFACE_OF_LINEAR_EXTRUSION('',#3673,#3677);
#3673 = B_SPLINE_CURVE_WITH_KNOTS('',2,(#3674,#3675,#3676),
  .UNSPECIFIED.,.F.,.F.,(3,3),(0.,1.),.PIECEWISE_BEZIER_KNOTS.);
#3674 = CARTESIAN_POINT('',(43.175,4.11640625,3.95));
#3675 = CARTESIAN_POINT('',(42.9546875,3.90390625,3.95));
#3676 = CARTESIAN_POINT('',(42.6265625,3.90390625,3.95));
#3677 = VECTOR('',#3678,1.);
#3678 = DIRECTION('',(-0.,-0.,-1.));
#3679 = DEFINITIONAL_REPRESENTATION('',(#3680),#3691);
#3680 = B_SPLINE_CURVE_WITH_KNOTS('',5,(#3681,#3682,#3683,#3684,#3685,
    #3686,#3687,#3688,#3689,#3690),.UNSPECIFIED.,.F.,.F.,(6,4,6),(0.,
    0.62558251434,1.),.UNSPECIFIED.);
#3681 = CARTESIAN_POINT('',(1.,-5.E-02));
#3682 = CARTESIAN_POINT('',(0.877802967425,-5.E-02));
#3683 = CARTESIAN_POINT('',(0.75374011517,-5.E-02));
#3684 = CARTESIAN_POINT('',(0.628314877888,-5.E-02));
#3685 = CARTESIAN_POINT('',(0.502147659965,-5.E-02));
#3686 = CARTESIAN_POINT('',(0.300499344877,-5.E-02));
#3687 = CARTESIAN_POINT('',(0.224998277064,-5.E-02));
#3688 = CARTESIAN_POINT('',(0.149653245146,-5.E-02));
#3689 = CARTESIAN_POINT('',(7.460911986834E-02,-5.E-02));
#3690 = CARTESIAN_POINT('',(0.,-5.E-02));
#3691 = ( GEOMETRIC_REPRESENTATION_CONTEXT(2) 
PARAMETRIC_REPRESENTATION_CONTEXT() REPRESENTATION_CONTEXT('2D SPACE',''
  ) );
#3692 = ORIENTED_EDGE('',*,*,#3693,.F.);
#3693 = EDGE_CURVE('',#3694,#3643,#3696,.T.);
#3694 = VERTEX_POINT('',#3695);
#3695 = CARTESIAN_POINT('',(42.1109375,4.0828125,4.));
#3696 = SURFACE_CURVE('',#3697,(#3708,#3722),.PCURVE_S1.);
#3697 = B_SPLINE_CURVE_WITH_KNOTS('',5,(#3698,#3699,#3700,#3701,#3702,
    #3703,#3704,#3705,#3706,#3707),.UNSPECIFIED.,.F.,.F.,(6,4,6),(0.,
    0.2339278504,1.),.UNSPECIFIED.);
#3698 = CARTESIAN_POINT('',(42.1109375,4.0828125,4.));
#3699 = CARTESIAN_POINT('',(42.130211674107,4.065965989044,4.));
#3700 = CARTESIAN_POINT('',(42.150110624844,4.050079476264,4.));
#3701 = CARTESIAN_POINT('',(42.170627125234,4.035170630813,4.));
#3702 = CARTESIAN_POINT('',(42.191750714888,4.021252420642,4.));
#3703 = CARTESIAN_POINT('',(42.284586967925,3.966024673626,4.));
#3704 = CARTESIAN_POINT('',(42.362082795217,3.934421203242,4.));
#3705 = CARTESIAN_POINT('',(42.445440147846,3.913840100754,4.));
#3706 = CARTESIAN_POINT('',(42.533884582543,3.90390625,4.));
#3707 = CARTESIAN_POINT('',(42.6265625,3.90390625,4.));
#3708 = PCURVE('',#44,#3709);
#3709 = DEFINITIONAL_REPRESENTATION('',(#3710),#3721);
#3710 = B_SPLINE_CURVE_WITH_KNOTS('',5,(#3711,#3712,#3713,#3714,#3715,
    #3716,#3717,#3718,#3719,#3720),.UNSPECIFIED.,.F.,.F.,(6,4,6),(0.,
    0.2339278504,1.),.UNSPECIFIED.);
#3711 = CARTESIAN_POINT('',(42.1109375,4.0828125));
#3712 = CARTESIAN_POINT('',(42.130211674107,4.065965989044));
#3713 = CARTESIAN_POINT('',(42.150110624844,4.050079476264));
#3714 = CARTESIAN_POINT('',(42.170627125234,4.035170630813));
#3715 = CARTESIAN_POINT('',(42.191750714888,4.021252420642));
#3716 = CARTESIAN_POINT('',(42.284586967925,3.966024673626));
#3717 = CARTESIAN_POINT('',(42.362082795217,3.934421203242));
#3718 = CARTESIAN_POINT('',(42.445440147846,3.913840100754));
#3719 = CARTESIAN_POINT('',(42.533884582543,3.90390625));
#3720 = CARTESIAN_POINT('',(42.6265625,3.90390625));
#3721 = ( GEOMETRIC_REPRESENTATION_CONTEXT(2) 
PARAMETRIC_REPRESENTATION_CONTEXT() REPRESENTATION_CONTEXT('2D SPACE',''
  ) );
#3722 = PCURVE('',#3723,#3730);
#3723 = SURFACE_OF_LINEAR_EXTRUSION('',#3724,#3728);
#3724 = B_SPLINE_CURVE_WITH_KNOTS('',2,(#3725,#3726,#3727),
  .UNSPECIFIED.,.F.,.F.,(3,3),(0.,1.),.PIECEWISE_BEZIER_KNOTS.);
#3725 = CARTESIAN_POINT('',(42.6265625,3.90390625,3.95));
#3726 = CARTESIAN_POINT('',(42.315625,3.90390625,3.95));
#3727 = CARTESIAN_POINT('',(42.1109375,4.0828125,3.95));
#3728 = VECTOR('',#3729,1.);
#3729 = DIRECTION('',(-0.,-0.,-1.));
#3730 = DEFINITIONAL_REPRESENTATION('',(#3731),#3742);
#3731 = B_SPLINE_CURVE_WITH_KNOTS('',5,(#3732,#3733,#3734,#3735,#3736,
    #3737,#3738,#3739,#3740,#3741),.UNSPECIFIED.,.F.,.F.,(6,4,6),(0.,
    0.2339278504,1.),.UNSPECIFIED.);
#3732 = CARTESIAN_POINT('',(1.,-5.E-02));
#3733 = CARTESIAN_POINT('',(0.952918047983,-5.E-02));
#3734 = CARTESIAN_POINT('',(0.905748221862,-5.E-02));
#3735 = CARTESIAN_POINT('',(0.858519016827,-5.E-02));
#3736 = CARTESIAN_POINT('',(0.811259637913,-5.E-02));
#3737 = CARTESIAN_POINT('',(0.609233082151,-5.E-02));
#3738 = CARTESIAN_POINT('',(0.454435573755,-5.E-02));
#3739 = CARTESIAN_POINT('',(0.300738784548,-5.E-02));
#3740 = CARTESIAN_POINT('',(0.149029817016,-5.E-02));
#3741 = CARTESIAN_POINT('',(0.,-5.E-02));
#3742 = ( GEOMETRIC_REPRESENTATION_CONTEXT(2) 
PARAMETRIC_REPRESENTATION_CONTEXT() REPRESENTATION_CONTEXT('2D SPACE',''
  ) );
#3743 = ORIENTED_EDGE('',*,*,#3744,.F.);
#3744 = EDGE_CURVE('',#2554,#3694,#3745,.T.);
#3745 = SURFACE_CURVE('',#3746,(#3757,#3771),.PCURVE_S1.);
#3746 = B_SPLINE_CURVE_WITH_KNOTS('',5,(#3747,#3748,#3749,#3750,#3751,
    #3752,#3753,#3754,#3755,#3756),.UNSPECIFIED.,.F.,.F.,(6,4,6),(0.,
    0.629291505264,1.),.UNSPECIFIED.);
#3747 = CARTESIAN_POINT('',(41.8734375,4.55078125,4.));
#3748 = CARTESIAN_POINT('',(41.881543257085,4.479373389962,4.));
#3749 = CARTESIAN_POINT('',(41.896303251972,4.411296462071,4.));
#3750 = CARTESIAN_POINT('',(41.918009306527,4.347000787115,4.));
#3751 = CARTESIAN_POINT('',(41.946775797229,4.286870225596,4.));
#3752 = CARTESIAN_POINT('',(42.003441034997,4.198345888893,4.));
#3753 = CARTESIAN_POINT('',(42.026840704106,4.16706217545,4.));
#3754 = CARTESIAN_POINT('',(42.052600403662,4.137362023053,4.));
#3755 = CARTESIAN_POINT('',(42.080660984109,4.109275561599,4.));
#3756 = CARTESIAN_POINT('',(42.1109375,4.0828125,4.));
#3757 = PCURVE('',#44,#3758);
#3758 = DEFINITIONAL_REPRESENTATION('',(#3759),#3770);
#3759 = B_SPLINE_CURVE_WITH_KNOTS('',5,(#3760,#3761,#3762,#3763,#3764,
    #3765,#3766,#3767,#3768,#3769),.UNSPECIFIED.,.F.,.F.,(6,4,6),(0.,
    0.629291505264,1.),.UNSPECIFIED.);
#3760 = CARTESIAN_POINT('',(41.8734375,4.55078125));
#3761 = CARTESIAN_POINT('',(41.881543257085,4.479373389962));
#3762 = CARTESIAN_POINT('',(41.896303251972,4.411296462071));
#3763 = CARTESIAN_POINT('',(41.918009306527,4.347000787115));
#3764 = CARTESIAN_POINT('',(41.946775797229,4.286870225596));
#3765 = CARTESIAN_POINT('',(42.003441034997,4.198345888893));
#3766 = CARTESIAN_POINT('',(42.026840704106,4.16706217545));
#3767 = CARTESIAN_POINT('',(42.052600403662,4.137362023053));
#3768 = CARTESIAN_POINT('',(42.080660984109,4.109275561599));
#3769 = CARTESIAN_POINT('',(42.1109375,4.0828125));
#3770 = ( GEOMETRIC_REPRESENTATION_CONTEXT(2) 
PARAMETRIC_REPRESENTATION_CONTEXT() REPRESENTATION_CONTEXT('2D SPACE',''
  ) );
#3771 = PCURVE('',#3772,#3779);
#3772 = SURFACE_OF_LINEAR_EXTRUSION('',#3773,#3777);
#3773 = B_SPLINE_CURVE_WITH_KNOTS('',2,(#3774,#3775,#3776),
  .UNSPECIFIED.,.F.,.F.,(3,3),(0.,1.),.PIECEWISE_BEZIER_KNOTS.);
#3774 = CARTESIAN_POINT('',(42.1109375,4.0828125,3.95));
#3775 = CARTESIAN_POINT('',(41.90625,4.26171875,3.95));
#3776 = CARTESIAN_POINT('',(41.8734375,4.55078125,3.95));
#3777 = VECTOR('',#3778,1.);
#3778 = DIRECTION('',(-0.,-0.,-1.));
#3779 = DEFINITIONAL_REPRESENTATION('',(#3780),#3791);
#3780 = B_SPLINE_CURVE_WITH_KNOTS('',5,(#3781,#3782,#3783,#3784,#3785,
    #3786,#3787,#3788,#3789,#3790),.UNSPECIFIED.,.F.,.F.,(6,4,6),(0.,
    0.629291505264,1.),.UNSPECIFIED.);
#3781 = CARTESIAN_POINT('',(1.,-5.E-02));
#3782 = CARTESIAN_POINT('',(0.876483701556,-5.E-02));
#3783 = CARTESIAN_POINT('',(0.751461675198,-5.E-02));
#3784 = CARTESIAN_POINT('',(0.625358454969,-5.E-02));
#3785 = CARTESIAN_POINT('',(0.49867478782,-5.E-02));
#3786 = CARTESIAN_POINT('',(0.29737731795,-5.E-02));
#3787 = CARTESIAN_POINT('',(0.222753133974,-5.E-02));
#3788 = CARTESIAN_POINT('',(0.148243425705,-5.E-02));
#3789 = CARTESIAN_POINT('',(7.395790141263E-02,-5.E-02));
#3790 = CARTESIAN_POINT('',(0.,-5.E-02));
#3791 = ( GEOMETRIC_REPRESENTATION_CONTEXT(2) 
PARAMETRIC_REPRESENTATION_CONTEXT() REPRESENTATION_CONTEXT('2D SPACE',''
  ) );
#3792 = FACE_BOUND('',#3793,.T.);
#3793 = EDGE_LOOP('',(#3794,#3822,#3848,#3874));
#3794 = ORIENTED_EDGE('',*,*,#3795,.F.);
#3795 = EDGE_CURVE('',#3796,#3798,#3800,.T.);
#3796 = VERTEX_POINT('',#3797);
#3797 = CARTESIAN_POINT('',(43.7625,3.94296875,4.));
#3798 = VERTEX_POINT('',#3799);
#3799 = CARTESIAN_POINT('',(44.2015625,3.94296875,4.));
#3800 = SURFACE_CURVE('',#3801,(#3805,#3811),.PCURVE_S1.);
#3801 = LINE('',#3802,#3803);
#3802 = CARTESIAN_POINT('',(22.10078125,3.94296875,4.));
#3803 = VECTOR('',#3804,1.);
#3804 = DIRECTION('',(1.,0.,-0.));
#3805 = PCURVE('',#44,#3806);
#3806 = DEFINITIONAL_REPRESENTATION('',(#3807),#3810);
#3807 = B_SPLINE_CURVE_WITH_KNOTS('',1,(#3808,#3809),.UNSPECIFIED.,.F.,
  .F.,(2,2),(21.66171875,22.10078125),.PIECEWISE_BEZIER_KNOTS.);
#3808 = CARTESIAN_POINT('',(43.7625,3.94296875));
#3809 = CARTESIAN_POINT('',(44.2015625,3.94296875));
#3810 = ( GEOMETRIC_REPRESENTATION_CONTEXT(2) 
PARAMETRIC_REPRESENTATION_CONTEXT() REPRESENTATION_CONTEXT('2D SPACE',''
  ) );
#3811 = PCURVE('',#3812,#3817);
#3812 = PLANE('',#3813);
#3813 = AXIS2_PLACEMENT_3D('',#3814,#3815,#3816);
#3814 = CARTESIAN_POINT('',(44.2015625,3.94296875,3.95));
#3815 = DIRECTION('',(0.,-1.,0.));
#3816 = DIRECTION('',(-1.,0.,0.));
#3817 = DEFINITIONAL_REPRESENTATION('',(#3818),#3821);
#3818 = B_SPLINE_CURVE_WITH_KNOTS('',1,(#3819,#3820),.UNSPECIFIED.,.F.,
  .F.,(2,2),(21.66171875,22.10078125),.PIECEWISE_BEZIER_KNOTS.);
#3819 = CARTESIAN_POINT('',(0.4390625,-5.E-02));
#3820 = CARTESIAN_POINT('',(0.,-5.E-02));
#3821 = ( GEOMETRIC_REPRESENTATION_CONTEXT(2) 
PARAMETRIC_REPRESENTATION_CONTEXT() REPRESENTATION_CONTEXT('2D SPACE',''
  ) );
#3822 = ORIENTED_EDGE('',*,*,#3823,.F.);
#3823 = EDGE_CURVE('',#3824,#3796,#3826,.T.);
#3824 = VERTEX_POINT('',#3825);
#3825 = CARTESIAN_POINT('',(43.7625,4.38203125,4.));
#3826 = SURFACE_CURVE('',#3827,(#3831,#3837),.PCURVE_S1.);
#3827 = LINE('',#3828,#3829);
#3828 = CARTESIAN_POINT('',(43.7625,1.971484375,4.));
#3829 = VECTOR('',#3830,1.);
#3830 = DIRECTION('',(0.,-1.,0.));
#3831 = PCURVE('',#44,#3832);
#3832 = DEFINITIONAL_REPRESENTATION('',(#3833),#3836);
#3833 = B_SPLINE_CURVE_WITH_KNOTS('',1,(#3834,#3835),.UNSPECIFIED.,.F.,
  .F.,(2,2),(-2.410546875,-1.971484375),.PIECEWISE_BEZIER_KNOTS.);
#3834 = CARTESIAN_POINT('',(43.7625,4.38203125));
#3835 = CARTESIAN_POINT('',(43.7625,3.94296875));
#3836 = ( GEOMETRIC_REPRESENTATION_CONTEXT(2) 
PARAMETRIC_REPRESENTATION_CONTEXT() REPRESENTATION_CONTEXT('2D SPACE',''
  ) );
#3837 = PCURVE('',#3838,#3843);
#3838 = PLANE('',#3839);
#3839 = AXIS2_PLACEMENT_3D('',#3840,#3841,#3842);
#3840 = CARTESIAN_POINT('',(43.7625,3.94296875,3.95));
#3841 = DIRECTION('',(-1.,0.,0.));
#3842 = DIRECTION('',(0.,1.,0.));
#3843 = DEFINITIONAL_REPRESENTATION('',(#3844),#3847);
#3844 = B_SPLINE_CURVE_WITH_KNOTS('',1,(#3845,#3846),.UNSPECIFIED.,.F.,
  .F.,(2,2),(-2.410546875,-1.971484375),.PIECEWISE_BEZIER_KNOTS.);
#3845 = CARTESIAN_POINT('',(0.4390625,-5.E-02));
#3846 = CARTESIAN_POINT('',(0.,-5.E-02));
#3847 = ( GEOMETRIC_REPRESENTATION_CONTEXT(2) 
PARAMETRIC_REPRESENTATION_CONTEXT() REPRESENTATION_CONTEXT('2D SPACE',''
  ) );
#3848 = ORIENTED_EDGE('',*,*,#3849,.F.);
#3849 = EDGE_CURVE('',#3850,#3824,#3852,.T.);
#3850 = VERTEX_POINT('',#3851);
#3851 = CARTESIAN_POINT('',(44.2015625,4.38203125,4.));
#3852 = SURFACE_CURVE('',#3853,(#3857,#3863),.PCURVE_S1.);
#3853 = LINE('',#3854,#3855);
#3854 = CARTESIAN_POINT('',(21.88125,4.38203125,4.));
#3855 = VECTOR('',#3856,1.);
#3856 = DIRECTION('',(-1.,0.,0.));
#3857 = PCURVE('',#44,#3858);
#3858 = DEFINITIONAL_REPRESENTATION('',(#3859),#3862);
#3859 = B_SPLINE_CURVE_WITH_KNOTS('',1,(#3860,#3861),.UNSPECIFIED.,.F.,
  .F.,(2,2),(-22.3203125,-21.88125),.PIECEWISE_BEZIER_KNOTS.);
#3860 = CARTESIAN_POINT('',(44.2015625,4.38203125));
#3861 = CARTESIAN_POINT('',(43.7625,4.38203125));
#3862 = ( GEOMETRIC_REPRESENTATION_CONTEXT(2) 
PARAMETRIC_REPRESENTATION_CONTEXT() REPRESENTATION_CONTEXT('2D SPACE',''
  ) );
#3863 = PCURVE('',#3864,#3869);
#3864 = PLANE('',#3865);
#3865 = AXIS2_PLACEMENT_3D('',#3866,#3867,#3868);
#3866 = CARTESIAN_POINT('',(43.7625,4.38203125,3.95));
#3867 = DIRECTION('',(0.,1.,0.));
#3868 = DIRECTION('',(1.,0.,0.));
#3869 = DEFINITIONAL_REPRESENTATION('',(#3870),#3873);
#3870 = B_SPLINE_CURVE_WITH_KNOTS('',1,(#3871,#3872),.UNSPECIFIED.,.F.,
  .F.,(2,2),(-22.3203125,-21.88125),.PIECEWISE_BEZIER_KNOTS.);
#3871 = CARTESIAN_POINT('',(0.4390625,-5.E-02));
#3872 = CARTESIAN_POINT('',(0.,-5.E-02));
#3873 = ( GEOMETRIC_REPRESENTATION_CONTEXT(2) 
PARAMETRIC_REPRESENTATION_CONTEXT() REPRESENTATION_CONTEXT('2D SPACE',''
  ) );
#3874 = ORIENTED_EDGE('',*,*,#3875,.F.);
#3875 = EDGE_CURVE('',#3798,#3850,#3876,.T.);
#3876 = SURFACE_CURVE('',#3877,(#3881,#3887),.PCURVE_S1.);
#3877 = LINE('',#3878,#3879);
#3878 = CARTESIAN_POINT('',(44.2015625,2.191015625,4.));
#3879 = VECTOR('',#3880,1.);
#3880 = DIRECTION('',(0.,1.,0.));
#3881 = PCURVE('',#44,#3882);
#3882 = DEFINITIONAL_REPRESENTATION('',(#3883),#3886);
#3883 = B_SPLINE_CURVE_WITH_KNOTS('',1,(#3884,#3885),.UNSPECIFIED.,.F.,
  .F.,(2,2),(1.751953125,2.191015625),.PIECEWISE_BEZIER_KNOTS.);
#3884 = CARTESIAN_POINT('',(44.2015625,3.94296875));
#3885 = CARTESIAN_POINT('',(44.2015625,4.38203125));
#3886 = ( GEOMETRIC_REPRESENTATION_CONTEXT(2) 
PARAMETRIC_REPRESENTATION_CONTEXT() REPRESENTATION_CONTEXT('2D SPACE',''
  ) );
#3887 = PCURVE('',#3888,#3893);
#3888 = PLANE('',#3889);
#3889 = AXIS2_PLACEMENT_3D('',#3890,#3891,#3892);
#3890 = CARTESIAN_POINT('',(44.2015625,4.38203125,3.95));
#3891 = DIRECTION('',(1.,0.,0.));
#3892 = DIRECTION('',(0.,-1.,0.));
#3893 = DEFINITIONAL_REPRESENTATION('',(#3894),#3897);
#3894 = B_SPLINE_CURVE_WITH_KNOTS('',1,(#3895,#3896),.UNSPECIFIED.,.F.,
  .F.,(2,2),(1.751953125,2.191015625),.PIECEWISE_BEZIER_KNOTS.);
#3895 = CARTESIAN_POINT('',(0.4390625,-5.E-02));
#3896 = CARTESIAN_POINT('',(0.,-5.E-02));
#3897 = ( GEOMETRIC_REPRESENTATION_CONTEXT(2) 
PARAMETRIC_REPRESENTATION_CONTEXT() REPRESENTATION_CONTEXT('2D SPACE',''
  ) );
#3898 = FACE_BOUND('',#3899,.T.);
#3899 = EDGE_LOOP('',(#3900,#3928,#3954,#3980,#4031,#4076,#4121,#4160,
    #4211,#4262,#4313,#4352,#4378,#4441,#4492,#4555,#4606,#4651,#4690,
    #4732,#4774));
#3900 = ORIENTED_EDGE('',*,*,#3901,.F.);
#3901 = EDGE_CURVE('',#3902,#3904,#3906,.T.);
#3902 = VERTEX_POINT('',#3903);
#3903 = CARTESIAN_POINT('',(46.040625,4.35078125,4.));
#3904 = VERTEX_POINT('',#3905);
#3905 = CARTESIAN_POINT('',(45.16875,4.35078125,4.));
#3906 = SURFACE_CURVE('',#3907,(#3911,#3917),.PCURVE_S1.);
#3907 = LINE('',#3908,#3909);
#3908 = CARTESIAN_POINT('',(22.584375,4.35078125,4.));
#3909 = VECTOR('',#3910,1.);
#3910 = DIRECTION('',(-1.,0.,0.));
#3911 = PCURVE('',#44,#3912);
#3912 = DEFINITIONAL_REPRESENTATION('',(#3913),#3916);
#3913 = B_SPLINE_CURVE_WITH_KNOTS('',1,(#3914,#3915),.UNSPECIFIED.,.F.,
  .F.,(2,2),(-23.45625,-22.584375),.PIECEWISE_BEZIER_KNOTS.);
#3914 = CARTESIAN_POINT('',(46.040625,4.35078125));
#3915 = CARTESIAN_POINT('',(45.16875,4.35078125));
#3916 = ( GEOMETRIC_REPRESENTATION_CONTEXT(2) 
PARAMETRIC_REPRESENTATION_CONTEXT() REPRESENTATION_CONTEXT('2D SPACE',''
  ) );
#3917 = PCURVE('',#3918,#3923);
#3918 = PLANE('',#3919);
#3919 = AXIS2_PLACEMENT_3D('',#3920,#3921,#3922);
#3920 = CARTESIAN_POINT('',(45.16875,4.35078125,3.95));
#3921 = DIRECTION('',(0.,1.,0.));
#3922 = DIRECTION('',(1.,0.,0.));
#3923 = DEFINITIONAL_REPRESENTATION('',(#3924),#3927);
#3924 = B_SPLINE_CURVE_WITH_KNOTS('',1,(#3925,#3926),.UNSPECIFIED.,.F.,
  .F.,(2,2),(-23.45625,-22.584375),.PIECEWISE_BEZIER_KNOTS.);
#3925 = CARTESIAN_POINT('',(0.871875,-5.E-02));
#3926 = CARTESIAN_POINT('',(0.,-5.E-02));
#3927 = ( GEOMETRIC_REPRESENTATION_CONTEXT(2) 
PARAMETRIC_REPRESENTATION_CONTEXT() REPRESENTATION_CONTEXT('2D SPACE',''
  ) );
#3928 = ORIENTED_EDGE('',*,*,#3929,.F.);
#3929 = EDGE_CURVE('',#3930,#3902,#3932,.T.);
#3930 = VERTEX_POINT('',#3931);
#3931 = CARTESIAN_POINT('',(46.040625,3.94296875,4.));
#3932 = SURFACE_CURVE('',#3933,(#3937,#3943),.PCURVE_S1.);
#3933 = LINE('',#3934,#3935);
#3934 = CARTESIAN_POINT('',(46.040625,2.175390625,4.));
#3935 = VECTOR('',#3936,1.);
#3936 = DIRECTION('',(0.,1.,0.));
#3937 = PCURVE('',#44,#3938);
#3938 = DEFINITIONAL_REPRESENTATION('',(#3939),#3942);
#3939 = B_SPLINE_CURVE_WITH_KNOTS('',1,(#3940,#3941),.UNSPECIFIED.,.F.,
  .F.,(2,2),(1.767578125,2.175390625),.PIECEWISE_BEZIER_KNOTS.);
#3940 = CARTESIAN_POINT('',(46.040625,3.94296875));
#3941 = CARTESIAN_POINT('',(46.040625,4.35078125));
#3942 = ( GEOMETRIC_REPRESENTATION_CONTEXT(2) 
PARAMETRIC_REPRESENTATION_CONTEXT() REPRESENTATION_CONTEXT('2D SPACE',''
  ) );
#3943 = PCURVE('',#3944,#3949);
#3944 = PLANE('',#3945);
#3945 = AXIS2_PLACEMENT_3D('',#3946,#3947,#3948);
#3946 = CARTESIAN_POINT('',(46.040625,4.35078125,3.95));
#3947 = DIRECTION('',(1.,0.,0.));
#3948 = DIRECTION('',(0.,-1.,0.));
#3949 = DEFINITIONAL_REPRESENTATION('',(#3950),#3953);
#3950 = B_SPLINE_CURVE_WITH_KNOTS('',1,(#3951,#3952),.UNSPECIFIED.,.F.,
  .F.,(2,2),(1.767578125,2.175390625),.PIECEWISE_BEZIER_KNOTS.);
#3951 = CARTESIAN_POINT('',(0.4078125,-5.E-02));
#3952 = CARTESIAN_POINT('',(0.,-5.E-02));
#3953 = ( GEOMETRIC_REPRESENTATION_CONTEXT(2) 
PARAMETRIC_REPRESENTATION_CONTEXT() REPRESENTATION_CONTEXT('2D SPACE',''
  ) );
#3954 = ORIENTED_EDGE('',*,*,#3955,.F.);
#3955 = EDGE_CURVE('',#3956,#3930,#3958,.T.);
#3956 = VERTEX_POINT('',#3957);
#3957 = CARTESIAN_POINT('',(44.5015625,3.94296875,4.));
#3958 = SURFACE_CURVE('',#3959,(#3963,#3969),.PCURVE_S1.);
#3959 = LINE('',#3960,#3961);
#3960 = CARTESIAN_POINT('',(23.0203125,3.94296875,4.));
#3961 = VECTOR('',#3962,1.);
#3962 = DIRECTION('',(1.,0.,-0.));
#3963 = PCURVE('',#44,#3964);
#3964 = DEFINITIONAL_REPRESENTATION('',(#3965),#3968);
#3965 = B_SPLINE_CURVE_WITH_KNOTS('',1,(#3966,#3967),.UNSPECIFIED.,.F.,
  .F.,(2,2),(21.48125,23.0203125),.PIECEWISE_BEZIER_KNOTS.);
#3966 = CARTESIAN_POINT('',(44.5015625,3.94296875));
#3967 = CARTESIAN_POINT('',(46.040625,3.94296875));
#3968 = ( GEOMETRIC_REPRESENTATION_CONTEXT(2) 
PARAMETRIC_REPRESENTATION_CONTEXT() REPRESENTATION_CONTEXT('2D SPACE',''
  ) );
#3969 = PCURVE('',#3970,#3975);
#3970 = PLANE('',#3971);
#3971 = AXIS2_PLACEMENT_3D('',#3972,#3973,#3974);
#3972 = CARTESIAN_POINT('',(46.040625,3.94296875,3.95));
#3973 = DIRECTION('',(0.,-1.,0.));
#3974 = DIRECTION('',(-1.,0.,0.));
#3975 = DEFINITIONAL_REPRESENTATION('',(#3976),#3979);
#3976 = B_SPLINE_CURVE_WITH_KNOTS('',1,(#3977,#3978),.UNSPECIFIED.,.F.,
  .F.,(2,2),(21.48125,23.0203125),.PIECEWISE_BEZIER_KNOTS.);
#3977 = CARTESIAN_POINT('',(1.5390625,-5.E-02));
#3978 = CARTESIAN_POINT('',(0.,-5.E-02));
#3979 = ( GEOMETRIC_REPRESENTATION_CONTEXT(2) 
PARAMETRIC_REPRESENTATION_CONTEXT() REPRESENTATION_CONTEXT('2D SPACE',''
  ) );
#3980 = ORIENTED_EDGE('',*,*,#3981,.F.);
#3981 = EDGE_CURVE('',#3982,#3956,#3984,.T.);
#3982 = VERTEX_POINT('',#3983);
#3983 = CARTESIAN_POINT('',(44.6515625,4.38125,4.));
#3984 = SURFACE_CURVE('',#3985,(#3996,#4010),.PCURVE_S1.);
#3985 = B_SPLINE_CURVE_WITH_KNOTS('',5,(#3986,#3987,#3988,#3989,#3990,
    #3991,#3992,#3993,#3994,#3995),.UNSPECIFIED.,.F.,.F.,(6,4,6),(0.,
    0.708494215339,1.),.UNSPECIFIED.);
#3986 = CARTESIAN_POINT('',(44.6515625,4.38125,4.));
#3987 = CARTESIAN_POINT('',(44.616365907355,4.322955643431,4.));
#3988 = CARTESIAN_POINT('',(44.58597377237,4.263211543362,4.));
#3989 = CARTESIAN_POINT('',(44.560518661101,4.202076034677,4.));
#3990 = CARTESIAN_POINT('',(44.540082794867,4.139624878512,4.));
#3991 = CARTESIAN_POINT('',(44.518355172349,4.04975665569,4.));
#3992 = CARTESIAN_POINT('',(44.512874952493,4.023352892475,4.));
#3993 = CARTESIAN_POINT('',(44.508249804252,3.996749009264,4.));
#3994 = CARTESIAN_POINT('',(44.504479595867,3.969951886769,4.));
#3995 = CARTESIAN_POINT('',(44.5015625,3.94296875,4.));
#3996 = PCURVE('',#44,#3997);
#3997 = DEFINITIONAL_REPRESENTATION('',(#3998),#4009);
#3998 = B_SPLINE_CURVE_WITH_KNOTS('',5,(#3999,#4000,#4001,#4002,#4003,
    #4004,#4005,#4006,#4007,#4008),.UNSPECIFIED.,.F.,.F.,(6,4,6),(0.,
    0.708494215339,1.),.UNSPECIFIED.);
#3999 = CARTESIAN_POINT('',(44.6515625,4.38125));
#4000 = CARTESIAN_POINT('',(44.616365907355,4.322955643431));
#4001 = CARTESIAN_POINT('',(44.58597377237,4.263211543362));
#4002 = CARTESIAN_POINT('',(44.560518661101,4.202076034677));
#4003 = CARTESIAN_POINT('',(44.540082794867,4.139624878512));
#4004 = CARTESIAN_POINT('',(44.518355172349,4.04975665569));
#4005 = CARTESIAN_POINT('',(44.512874952493,4.023352892475));
#4006 = CARTESIAN_POINT('',(44.508249804252,3.996749009264));
#4007 = CARTESIAN_POINT('',(44.504479595867,3.969951886769));
#4008 = CARTESIAN_POINT('',(44.5015625,3.94296875));
#4009 = ( GEOMETRIC_REPRESENTATION_CONTEXT(2) 
PARAMETRIC_REPRESENTATION_CONTEXT() REPRESENTATION_CONTEXT('2D SPACE',''
  ) );
#4010 = PCURVE('',#4011,#4018);
#4011 = SURFACE_OF_LINEAR_EXTRUSION('',#4012,#4016);
#4012 = B_SPLINE_CURVE_WITH_KNOTS('',2,(#4013,#4014,#4015),
  .UNSPECIFIED.,.F.,.F.,(3,3),(0.,1.),.PIECEWISE_BEZIER_KNOTS.);
#4013 = CARTESIAN_POINT('',(44.5015625,3.94296875,3.95));
#4014 = CARTESIAN_POINT('',(44.5265625,4.17421875,3.95));
#4015 = CARTESIAN_POINT('',(44.6515625,4.38125,3.95));
#4016 = VECTOR('',#4017,1.);
#4017 = DIRECTION('',(-0.,-0.,-1.));
#4018 = DEFINITIONAL_REPRESENTATION('',(#4019),#4030);
#4019 = B_SPLINE_CURVE_WITH_KNOTS('',5,(#4020,#4021,#4022,#4023,#4024,
    #4025,#4026,#4027,#4028,#4029),.UNSPECIFIED.,.F.,.F.,(6,4,6),(0.,
    0.708494215339,1.),.UNSPECIFIED.);
#4020 = CARTESIAN_POINT('',(1.,-5.E-02));
#4021 = CARTESIAN_POINT('',(0.859213629419,-5.E-02));
#4022 = CARTESIAN_POINT('',(0.717824312655,-5.E-02));
#4023 = CARTESIAN_POINT('',(0.576022607946,-5.E-02));
#4024 = CARTESIAN_POINT('',(0.434010100253,-5.E-02));
#4025 = CARTESIAN_POINT('',(0.233570778127,-5.E-02));
#4026 = CARTESIAN_POINT('',(0.175141666897,-5.E-02));
#4027 = CARTESIAN_POINT('',(0.116727236503,-5.E-02));
#4028 = CARTESIAN_POINT('',(5.83419173379E-02,-5.E-02));
#4029 = CARTESIAN_POINT('',(0.,-5.E-02));
#4030 = ( GEOMETRIC_REPRESENTATION_CONTEXT(2) 
PARAMETRIC_REPRESENTATION_CONTEXT() REPRESENTATION_CONTEXT('2D SPACE',''
  ) );
#4031 = ORIENTED_EDGE('',*,*,#4032,.F.);
#4032 = EDGE_CURVE('',#4033,#3982,#4035,.T.);
#4033 = VERTEX_POINT('',#4034);
#4034 = CARTESIAN_POINT('',(45.1453125,4.93046875,4.));
#4035 = SURFACE_CURVE('',#4036,(#4045,#4057),.PCURVE_S1.);
#4036 = B_SPLINE_CURVE_WITH_KNOTS('',7,(#4037,#4038,#4039,#4040,#4041,
    #4042,#4043,#4044),.UNSPECIFIED.,.F.,.F.,(8,8),(0.,1.),
  .PIECEWISE_BEZIER_KNOTS.);
#4037 = CARTESIAN_POINT('',(45.1453125,4.93046875,4.));
#4038 = CARTESIAN_POINT('',(45.052429454476,4.844276432331,4.));
#4039 = CARTESIAN_POINT('',(44.964947459692,4.759726727807,4.));
#4040 = CARTESIAN_POINT('',(44.883673545648,4.677096484267,4.));
#4041 = CARTESIAN_POINT('',(44.809879295609,4.596963152425,4.));
#4042 = CARTESIAN_POINT('',(44.74523509966,4.520178837027,4.));
#4043 = CARTESIAN_POINT('',(44.691779441979,4.447859310152,4.));
#4044 = CARTESIAN_POINT('',(44.6515625,4.38125,4.));
#4045 = PCURVE('',#44,#4046);
#4046 = DEFINITIONAL_REPRESENTATION('',(#4047),#4056);
#4047 = B_SPLINE_CURVE_WITH_KNOTS('',7,(#4048,#4049,#4050,#4051,#4052,
    #4053,#4054,#4055),.UNSPECIFIED.,.F.,.F.,(8,8),(0.,1.),
  .PIECEWISE_BEZIER_KNOTS.);
#4048 = CARTESIAN_POINT('',(45.1453125,4.93046875));
#4049 = CARTESIAN_POINT('',(45.052429454476,4.844276432331));
#4050 = CARTESIAN_POINT('',(44.964947459692,4.759726727807));
#4051 = CARTESIAN_POINT('',(44.883673545648,4.677096484267));
#4052 = CARTESIAN_POINT('',(44.809879295609,4.596963152425));
#4053 = CARTESIAN_POINT('',(44.74523509966,4.520178837027));
#4054 = CARTESIAN_POINT('',(44.691779441979,4.447859310152));
#4055 = CARTESIAN_POINT('',(44.6515625,4.38125));
#4056 = ( GEOMETRIC_REPRESENTATION_CONTEXT(2) 
PARAMETRIC_REPRESENTATION_CONTEXT() REPRESENTATION_CONTEXT('2D SPACE',''
  ) );
#4057 = PCURVE('',#4058,#4065);
#4058 = SURFACE_OF_LINEAR_EXTRUSION('',#4059,#4063);
#4059 = B_SPLINE_CURVE_WITH_KNOTS('',2,(#4060,#4061,#4062),
  .UNSPECIFIED.,.F.,.F.,(3,3),(0.,1.),.PIECEWISE_BEZIER_KNOTS.);
#4060 = CARTESIAN_POINT('',(44.6515625,4.38125,3.95));
#4061 = CARTESIAN_POINT('',(44.7765625,4.58828125,3.95));
#4062 = CARTESIAN_POINT('',(45.1453125,4.93046875,3.95));
#4063 = VECTOR('',#4064,1.);
#4064 = DIRECTION('',(-0.,-0.,-1.));
#4065 = DEFINITIONAL_REPRESENTATION('',(#4066),#4075);
#4066 = B_SPLINE_CURVE_WITH_KNOTS('',7,(#4067,#4068,#4069,#4070,#4071,
    #4072,#4073,#4074),.UNSPECIFIED.,.F.,.F.,(8,8),(0.,1.),
  .PIECEWISE_BEZIER_KNOTS.);
#4067 = CARTESIAN_POINT('',(1.,-5.E-02));
#4068 = CARTESIAN_POINT('',(0.874056887425,-5.E-02));
#4069 = CARTESIAN_POINT('',(0.743204550388,-5.E-02));
#4070 = CARTESIAN_POINT('',(0.606823472804,-5.E-02));
#4071 = CARTESIAN_POINT('',(0.464450303027,-5.E-02));
#4072 = CARTESIAN_POINT('',(0.315815998966,-5.E-02));
#4073 = CARTESIAN_POINT('',(0.160867767915,-5.E-02));
#4074 = CARTESIAN_POINT('',(0.,-5.E-02));
#4075 = ( GEOMETRIC_REPRESENTATION_CONTEXT(2) 
PARAMETRIC_REPRESENTATION_CONTEXT() REPRESENTATION_CONTEXT('2D SPACE',''
  ) );
#4076 = ORIENTED_EDGE('',*,*,#4077,.F.);
#4077 = EDGE_CURVE('',#4078,#4033,#4080,.T.);
#4078 = VERTEX_POINT('',#4079);
#4079 = CARTESIAN_POINT('',(45.509375,5.30546875,4.));
#4080 = SURFACE_CURVE('',#4081,(#4090,#4102),.PCURVE_S1.);
#4081 = B_SPLINE_CURVE_WITH_KNOTS('',7,(#4082,#4083,#4084,#4085,#4086,
    #4087,#4088,#4089),.UNSPECIFIED.,.F.,.F.,(8,8),(0.,1.),
  .PIECEWISE_BEZIER_KNOTS.);
#4082 = CARTESIAN_POINT('',(45.509375,5.30546875,4.));
#4083 = CARTESIAN_POINT('',(45.488107328119,5.274309137709,4.));
#4084 = CARTESIAN_POINT('',(45.45393326162,5.233498337371,4.));
#4085 = CARTESIAN_POINT('',(45.40822742672,5.184235927833,4.));
#4086 = CARTESIAN_POINT('',(45.352929054518,5.128078225585,4.));
#4087 = CARTESIAN_POINT('',(45.289797938297,5.066401454489,4.));
#4088 = CARTESIAN_POINT('',(45.22026979973,5.00029739238,4.));
#4089 = CARTESIAN_POINT('',(45.1453125,4.93046875,4.));
#4090 = PCURVE('',#44,#4091);
#4091 = DEFINITIONAL_REPRESENTATION('',(#4092),#4101);
#4092 = B_SPLINE_CURVE_WITH_KNOTS('',7,(#4093,#4094,#4095,#4096,#4097,
    #4098,#4099,#4100),.UNSPECIFIED.,.F.,.F.,(8,8),(0.,1.),
  .PIECEWISE_BEZIER_KNOTS.);
#4093 = CARTESIAN_POINT('',(45.509375,5.30546875));
#4094 = CARTESIAN_POINT('',(45.488107328119,5.274309137709));
#4095 = CARTESIAN_POINT('',(45.45393326162,5.233498337371));
#4096 = CARTESIAN_POINT('',(45.40822742672,5.184235927833));
#4097 = CARTESIAN_POINT('',(45.352929054518,5.128078225585));
#4098 = CARTESIAN_POINT('',(45.289797938297,5.066401454489));
#4099 = CARTESIAN_POINT('',(45.22026979973,5.00029739238));
#4100 = CARTESIAN_POINT('',(45.1453125,4.93046875));
#4101 = ( GEOMETRIC_REPRESENTATION_CONTEXT(2) 
PARAMETRIC_REPRESENTATION_CONTEXT() REPRESENTATION_CONTEXT('2D SPACE',''
  ) );
#4102 = PCURVE('',#4103,#4110);
#4103 = SURFACE_OF_LINEAR_EXTRUSION('',#4104,#4108);
#4104 = B_SPLINE_CURVE_WITH_KNOTS('',2,(#4105,#4106,#4107),
  .UNSPECIFIED.,.F.,.F.,(3,3),(0.,1.),.PIECEWISE_BEZIER_KNOTS.);
#4105 = CARTESIAN_POINT('',(45.1453125,4.93046875,3.95));
#4106 = CARTESIAN_POINT('',(45.4421875,5.20703125,3.95));
#4107 = CARTESIAN_POINT('',(45.509375,5.30546875,3.95));
#4108 = VECTOR('',#4109,1.);
#4109 = DIRECTION('',(-0.,-0.,-1.));
#4110 = DEFINITIONAL_REPRESENTATION('',(#4111),#4120);
#4111 = B_SPLINE_CURVE_WITH_KNOTS('',7,(#4112,#4113,#4114,#4115,#4116,
    #4117,#4118,#4119),.UNSPECIFIED.,.F.,.F.,(8,8),(0.,1.),
  .PIECEWISE_BEZIER_KNOTS.);
#4112 = CARTESIAN_POINT('',(1.,-5.E-02));
#4113 = CARTESIAN_POINT('',(0.84172895344,-5.E-02));
#4114 = CARTESIAN_POINT('',(0.687319661856,-5.E-02));
#4115 = CARTESIAN_POINT('',(0.538213241225,-5.E-02));
#4116 = CARTESIAN_POINT('',(0.394975412417,-5.E-02));
#4117 = CARTESIAN_POINT('',(0.25773012849,-5.E-02));
#4118 = CARTESIAN_POINT('',(0.12624387323,-5.E-02));
#4119 = CARTESIAN_POINT('',(0.,-5.E-02));
#4120 = ( GEOMETRIC_REPRESENTATION_CONTEXT(2) 
PARAMETRIC_REPRESENTATION_CONTEXT() REPRESENTATION_CONTEXT('2D SPACE',''
  ) );
#4121 = ORIENTED_EDGE('',*,*,#4122,.F.);
#4122 = EDGE_CURVE('',#4123,#4078,#4125,.T.);
#4123 = VERTEX_POINT('',#4124);
#4124 = CARTESIAN_POINT('',(45.6,5.57421875,4.));
#4125 = SURFACE_CURVE('',#4126,(#4133,#4143),.PCURVE_S1.);
#4126 = B_SPLINE_CURVE_WITH_KNOTS('',5,(#4127,#4128,#4129,#4130,#4131,
    #4132),.UNSPECIFIED.,.F.,.F.,(6,6),(0.,1.),
  .PIECEWISE_BEZIER_KNOTS.);
#4127 = CARTESIAN_POINT('',(45.6,5.57421875,4.));
#4128 = CARTESIAN_POINT('',(45.6,5.52078244588,4.));
#4129 = CARTESIAN_POINT('',(45.590830999478,5.467049119876,4.));
#4130 = CARTESIAN_POINT('',(45.5725060049,5.413162879506,4.));
#4131 = CARTESIAN_POINT('',(45.545235877957,5.359260066936,4.));
#4132 = CARTESIAN_POINT('',(45.509375,5.30546875,4.));
#4133 = PCURVE('',#44,#4134);
#4134 = DEFINITIONAL_REPRESENTATION('',(#4135),#4142);
#4135 = B_SPLINE_CURVE_WITH_KNOTS('',5,(#4136,#4137,#4138,#4139,#4140,
    #4141),.UNSPECIFIED.,.F.,.F.,(6,6),(0.,1.),
  .PIECEWISE_BEZIER_KNOTS.);
#4136 = CARTESIAN_POINT('',(45.6,5.57421875));
#4137 = CARTESIAN_POINT('',(45.6,5.52078244588));
#4138 = CARTESIAN_POINT('',(45.590830999478,5.467049119876));
#4139 = CARTESIAN_POINT('',(45.5725060049,5.413162879506));
#4140 = CARTESIAN_POINT('',(45.545235877957,5.359260066936));
#4141 = CARTESIAN_POINT('',(45.509375,5.30546875));
#4142 = ( GEOMETRIC_REPRESENTATION_CONTEXT(2) 
PARAMETRIC_REPRESENTATION_CONTEXT() REPRESENTATION_CONTEXT('2D SPACE',''
  ) );
#4143 = PCURVE('',#4144,#4151);
#4144 = SURFACE_OF_LINEAR_EXTRUSION('',#4145,#4149);
#4145 = B_SPLINE_CURVE_WITH_KNOTS('',2,(#4146,#4147,#4148),
  .UNSPECIFIED.,.F.,.F.,(3,3),(0.,1.),.PIECEWISE_BEZIER_KNOTS.);
#4146 = CARTESIAN_POINT('',(45.509375,5.30546875,3.95));
#4147 = CARTESIAN_POINT('',(45.6,5.44140625,3.95));
#4148 = CARTESIAN_POINT('',(45.6,5.57421875,3.95));
#4149 = VECTOR('',#4150,1.);
#4150 = DIRECTION('',(-0.,-0.,-1.));
#4151 = DEFINITIONAL_REPRESENTATION('',(#4152),#4159);
#4152 = B_SPLINE_CURVE_WITH_KNOTS('',5,(#4153,#4154,#4155,#4156,#4157,
    #4158),.UNSPECIFIED.,.F.,.F.,(6,6),(0.,1.),
  .PIECEWISE_BEZIER_KNOTS.);
#4153 = CARTESIAN_POINT('',(1.,-5.E-02));
#4154 = CARTESIAN_POINT('',(0.79882803155,-5.E-02));
#4155 = CARTESIAN_POINT('',(0.597728159276,-5.E-02));
#4156 = CARTESIAN_POINT('',(0.397241217139,-5.E-02));
#4157 = CARTESIAN_POINT('',(0.197853119765,-5.E-02));
#4158 = CARTESIAN_POINT('',(0.,-5.E-02));
#4159 = ( GEOMETRIC_REPRESENTATION_CONTEXT(2) 
PARAMETRIC_REPRESENTATION_CONTEXT() REPRESENTATION_CONTEXT('2D SPACE',''
  ) );
#4160 = ORIENTED_EDGE('',*,*,#4161,.F.);
#4161 = EDGE_CURVE('',#4162,#4123,#4164,.T.);
#4162 = VERTEX_POINT('',#4163);
#4163 = CARTESIAN_POINT('',(45.52109375,5.8,4.));
#4164 = SURFACE_CURVE('',#4165,(#4176,#4190),.PCURVE_S1.);
#4165 = B_SPLINE_CURVE_WITH_KNOTS('',5,(#4166,#4167,#4168,#4169,#4170,
    #4171,#4172,#4173,#4174,#4175),.UNSPECIFIED.,.F.,.F.,(6,4,6),(0.,
    8.057320579412E-02,1.),.UNSPECIFIED.);
#4166 = CARTESIAN_POINT('',(45.52109375,5.8,4.));
#4167 = CARTESIAN_POINT('',(45.523650087537,5.797443662463,4.));
#4168 = CARTESIAN_POINT('',(45.526154834012,5.794842568261,4.));
#4169 = CARTESIAN_POINT('',(45.528607917923,5.792196763225,4.));
#4170 = CARTESIAN_POINT('',(45.531009277078,5.789506301298,4.));
#4171 = CARTESIAN_POINT('',(45.560170106569,5.755561310036,4.));
#4172 = CARTESIAN_POINT('',(45.580240380972,5.718543297222,4.));
#4173 = CARTESIAN_POINT('',(45.593486432005,5.675812312071,4.));
#4174 = CARTESIAN_POINT('',(45.6,5.62759674282,4.));
#4175 = CARTESIAN_POINT('',(45.6,5.57421875,4.));
#4176 = PCURVE('',#44,#4177);
#4177 = DEFINITIONAL_REPRESENTATION('',(#4178),#4189);
#4178 = B_SPLINE_CURVE_WITH_KNOTS('',5,(#4179,#4180,#4181,#4182,#4183,
    #4184,#4185,#4186,#4187,#4188),.UNSPECIFIED.,.F.,.F.,(6,4,6),(0.,
    8.057320579412E-02,1.),.UNSPECIFIED.);
#4179 = CARTESIAN_POINT('',(45.52109375,5.8));
#4180 = CARTESIAN_POINT('',(45.523650087537,5.797443662463));
#4181 = CARTESIAN_POINT('',(45.526154834012,5.794842568261));
#4182 = CARTESIAN_POINT('',(45.528607917923,5.792196763225));
#4183 = CARTESIAN_POINT('',(45.531009277078,5.789506301298));
#4184 = CARTESIAN_POINT('',(45.560170106569,5.755561310036));
#4185 = CARTESIAN_POINT('',(45.580240380972,5.718543297222));
#4186 = CARTESIAN_POINT('',(45.593486432005,5.675812312071));
#4187 = CARTESIAN_POINT('',(45.6,5.62759674282));
#4188 = CARTESIAN_POINT('',(45.6,5.57421875));
#4189 = ( GEOMETRIC_REPRESENTATION_CONTEXT(2) 
PARAMETRIC_REPRESENTATION_CONTEXT() REPRESENTATION_CONTEXT('2D SPACE',''
  ) );
#4190 = PCURVE('',#4191,#4198);
#4191 = SURFACE_OF_LINEAR_EXTRUSION('',#4192,#4196);
#4192 = B_SPLINE_CURVE_WITH_KNOTS('',2,(#4193,#4194,#4195),
  .UNSPECIFIED.,.F.,.F.,(3,3),(0.,1.),.PIECEWISE_BEZIER_KNOTS.);
#4193 = CARTESIAN_POINT('',(45.6,5.57421875,3.95));
#4194 = CARTESIAN_POINT('',(45.6,5.72109375,3.95));
#4195 = CARTESIAN_POINT('',(45.52109375,5.8,3.95));
#4196 = VECTOR('',#4197,1.);
#4197 = DIRECTION('',(-0.,-0.,-1.));
#4198 = DEFINITIONAL_REPRESENTATION('',(#4199),#4210);
#4199 = B_SPLINE_CURVE_WITH_KNOTS('',5,(#4200,#4201,#4202,#4203,#4204,
    #4205,#4206,#4207,#4208,#4209),.UNSPECIFIED.,.F.,.F.,(6,4,6),(0.,
    8.057320579412E-02,1.),.UNSPECIFIED.);
#4200 = CARTESIAN_POINT('',(1.,-5.E-02));
#4201 = CARTESIAN_POINT('',(0.98380142551,-5.E-02));
#4202 = CARTESIAN_POINT('',(0.967601772416,-5.E-02));
#4203 = CARTESIAN_POINT('',(0.951401406411,-5.E-02));
#4204 = CARTESIAN_POINT('',(0.935200693501,-5.E-02));
#4205 = CARTESIAN_POINT('',(0.734132691539,-5.E-02));
#4206 = CARTESIAN_POINT('',(0.549260286491,-5.E-02));
#4207 = CARTESIAN_POINT('',(0.364950669802,-5.E-02));
#4208 = CARTESIAN_POINT('',(0.181712315983,-5.E-02));
#4209 = CARTESIAN_POINT('',(0.,-5.E-02));
#4210 = ( GEOMETRIC_REPRESENTATION_CONTEXT(2) 
PARAMETRIC_REPRESENTATION_CONTEXT() REPRESENTATION_CONTEXT('2D SPACE',''
  ) );
#4211 = ORIENTED_EDGE('',*,*,#4212,.F.);
#4212 = EDGE_CURVE('',#4213,#4162,#4215,.T.);
#4213 = VERTEX_POINT('',#4214);
#4214 = CARTESIAN_POINT('',(45.303125,5.87890625,4.));
#4215 = SURFACE_CURVE('',#4216,(#4227,#4241),.PCURVE_S1.);
#4216 = B_SPLINE_CURVE_WITH_KNOTS('',5,(#4217,#4218,#4219,#4220,#4221,
    #4222,#4223,#4224,#4225,#4226),.UNSPECIFIED.,.F.,.F.,(6,4,6),(0.,
    0.849556499882,1.),.UNSPECIFIED.);
#4217 = CARTESIAN_POINT('',(45.303125,5.87890625,4.));
#4218 = CARTESIAN_POINT('',(45.349932794143,5.87890625,4.));
#4219 = CARTESIAN_POINT('',(45.392788148404,5.873318889308,4.));
#4220 = CARTESIAN_POINT('',(45.431485165135,5.861997393617,4.));
#4221 = CARTESIAN_POINT('',(45.465876677234,5.8448831625,4.));
#4222 = CARTESIAN_POINT('',(45.501207773652,5.817983696238,4.));
#4223 = CARTESIAN_POINT('',(45.506385912176,5.813756877353,4.));
#4224 = CARTESIAN_POINT('',(45.511426475234,5.809350377944,4.));
#4225 = CARTESIAN_POINT('',(45.5163291618,5.8047645882,4.));
#4226 = CARTESIAN_POINT('',(45.52109375,5.8,4.));
#4227 = PCURVE('',#44,#4228);
#4228 = DEFINITIONAL_REPRESENTATION('',(#4229),#4240);
#4229 = B_SPLINE_CURVE_WITH_KNOTS('',5,(#4230,#4231,#4232,#4233,#4234,
    #4235,#4236,#4237,#4238,#4239),.UNSPECIFIED.,.F.,.F.,(6,4,6),(0.,
    0.849556499882,1.),.UNSPECIFIED.);
#4230 = CARTESIAN_POINT('',(45.303125,5.87890625));
#4231 = CARTESIAN_POINT('',(45.349932794143,5.87890625));
#4232 = CARTESIAN_POINT('',(45.392788148404,5.873318889308));
#4233 = CARTESIAN_POINT('',(45.431485165135,5.861997393617));
#4234 = CARTESIAN_POINT('',(45.465876677234,5.8448831625));
#4235 = CARTESIAN_POINT('',(45.501207773652,5.817983696238));
#4236 = CARTESIAN_POINT('',(45.506385912176,5.813756877353));
#4237 = CARTESIAN_POINT('',(45.511426475234,5.809350377944));
#4238 = CARTESIAN_POINT('',(45.5163291618,5.8047645882));
#4239 = CARTESIAN_POINT('',(45.52109375,5.8));
#4240 = ( GEOMETRIC_REPRESENTATION_CONTEXT(2) 
PARAMETRIC_REPRESENTATION_CONTEXT() REPRESENTATION_CONTEXT('2D SPACE',''
  ) );
#4241 = PCURVE('',#4242,#4249);
#4242 = SURFACE_OF_LINEAR_EXTRUSION('',#4243,#4247);
#4243 = B_SPLINE_CURVE_WITH_KNOTS('',2,(#4244,#4245,#4246),
  .UNSPECIFIED.,.F.,.F.,(3,3),(0.,1.),.PIECEWISE_BEZIER_KNOTS.);
#4244 = CARTESIAN_POINT('',(45.52109375,5.8,3.95));
#4245 = CARTESIAN_POINT('',(45.4421875,5.87890625,3.95));
#4246 = CARTESIAN_POINT('',(45.303125,5.87890625,3.95));
#4247 = VECTOR('',#4248,1.);
#4248 = DIRECTION('',(-0.,-0.,-1.));
#4249 = DEFINITIONAL_REPRESENTATION('',(#4250),#4261);
#4250 = B_SPLINE_CURVE_WITH_KNOTS('',5,(#4251,#4252,#4253,#4254,#4255,
    #4256,#4257,#4258,#4259,#4260),.UNSPECIFIED.,.F.,.F.,(6,4,6),(0.,
    0.849556499882,1.),.UNSPECIFIED.);
#4251 = CARTESIAN_POINT('',(1.,-5.E-02));
#4252 = CARTESIAN_POINT('',(0.831702313194,-5.E-02));
#4253 = CARTESIAN_POINT('',(0.662299975096,-5.E-02));
#4254 = CARTESIAN_POINT('',(0.492130964688,-5.E-02));
#4255 = CARTESIAN_POINT('',(0.321563790833,-5.E-02));
#4256 = CARTESIAN_POINT('',(0.120795753796,-5.E-02));
#4257 = CARTESIAN_POINT('',(9.059147585301E-02,-5.E-02));
#4258 = CARTESIAN_POINT('',(6.038932394639E-02,-5.E-02));
#4259 = CARTESIAN_POINT('',(3.019144998298E-02,-5.E-02));
#4260 = CARTESIAN_POINT('',(0.,-5.E-02));
#4261 = ( GEOMETRIC_REPRESENTATION_CONTEXT(2) 
PARAMETRIC_REPRESENTATION_CONTEXT() REPRESENTATION_CONTEXT('2D SPACE',''
  ) );
#4262 = ORIENTED_EDGE('',*,*,#4263,.F.);
#4263 = EDGE_CURVE('',#4264,#4213,#4266,.T.);
#4264 = VERTEX_POINT('',#4265);
#4265 = CARTESIAN_POINT('',(45.084375,5.79609375,4.));
#4266 = SURFACE_CURVE('',#4267,(#4278,#4292),.PCURVE_S1.);
#4267 = B_SPLINE_CURVE_WITH_KNOTS('',5,(#4268,#4269,#4270,#4271,#4272,
    #4273,#4274,#4275,#4276,#4277),.UNSPECIFIED.,.F.,.F.,(6,4,6),(0.,
    0.227397316999,1.),.UNSPECIFIED.);
#4268 = CARTESIAN_POINT('',(45.084375,5.79609375,4.));
#4269 = CARTESIAN_POINT('',(45.091780105154,5.803641261023,4.));
#4270 = CARTESIAN_POINT('',(45.099480897501,5.81076258284,4.));
#4271 = CARTESIAN_POINT('',(45.107476744045,5.817455626732,4.));
#4272 = CARTESIAN_POINT('',(45.115766618243,5.823718863806,4.));
#4273 = CARTESIAN_POINT('',(45.153508847881,5.849367632539,4.));
#4274 = CARTESIAN_POINT('',(45.186046900207,5.864211631031,4.));
#4275 = CARTESIAN_POINT('',(45.221906300258,5.874043915321,4.));
#4276 = CARTESIAN_POINT('',(45.260980824279,5.87890625,4.));
#4277 = CARTESIAN_POINT('',(45.303125,5.87890625,4.));
#4278 = PCURVE('',#44,#4279);
#4279 = DEFINITIONAL_REPRESENTATION('',(#4280),#4291);
#4280 = B_SPLINE_CURVE_WITH_KNOTS('',5,(#4281,#4282,#4283,#4284,#4285,
    #4286,#4287,#4288,#4289,#4290),.UNSPECIFIED.,.F.,.F.,(6,4,6),(0.,
    0.227397316999,1.),.UNSPECIFIED.);
#4281 = CARTESIAN_POINT('',(45.084375,5.79609375));
#4282 = CARTESIAN_POINT('',(45.091780105154,5.803641261023));
#4283 = CARTESIAN_POINT('',(45.099480897501,5.81076258284));
#4284 = CARTESIAN_POINT('',(45.107476744045,5.817455626732));
#4285 = CARTESIAN_POINT('',(45.115766618243,5.823718863806));
#4286 = CARTESIAN_POINT('',(45.153508847881,5.849367632539));
#4287 = CARTESIAN_POINT('',(45.186046900207,5.864211631031));
#4288 = CARTESIAN_POINT('',(45.221906300258,5.874043915321));
#4289 = CARTESIAN_POINT('',(45.260980824279,5.87890625));
#4290 = CARTESIAN_POINT('',(45.303125,5.87890625));
#4291 = ( GEOMETRIC_REPRESENTATION_CONTEXT(2) 
PARAMETRIC_REPRESENTATION_CONTEXT() REPRESENTATION_CONTEXT('2D SPACE',''
  ) );
#4292 = PCURVE('',#4293,#4300);
#4293 = SURFACE_OF_LINEAR_EXTRUSION('',#4294,#4298);
#4294 = B_SPLINE_CURVE_WITH_KNOTS('',2,(#4295,#4296,#4297),
  .UNSPECIFIED.,.F.,.F.,(3,3),(0.,1.),.PIECEWISE_BEZIER_KNOTS.);
#4295 = CARTESIAN_POINT('',(45.303125,5.87890625,3.95));
#4296 = CARTESIAN_POINT('',(45.165625,5.87890625,3.95));
#4297 = CARTESIAN_POINT('',(45.084375,5.79609375,3.95));
#4298 = VECTOR('',#4299,1.);
#4299 = DIRECTION('',(-0.,-0.,-1.));
#4300 = DEFINITIONAL_REPRESENTATION('',(#4301),#4312);
#4301 = B_SPLINE_CURVE_WITH_KNOTS('',5,(#4302,#4303,#4304,#4305,#4306,
    #4307,#4308,#4309,#4310,#4311),.UNSPECIFIED.,.F.,.F.,(6,4,6),(0.,
    0.227397316999,1.),.UNSPECIFIED.);
#4302 = CARTESIAN_POINT('',(1.,-5.E-02));
#4303 = CARTESIAN_POINT('',(0.954430122128,-5.E-02));
#4304 = CARTESIAN_POINT('',(0.908837698129,-5.E-02));
#4305 = CARTESIAN_POINT('',(0.863230188905,-5.E-02));
#4306 = CARTESIAN_POINT('',(0.817615103679,-5.E-02));
#4307 = CARTESIAN_POINT('',(0.617018613442,-5.E-02));
#4308 = CARTESIAN_POINT('',(0.462034001502,-5.E-02));
#4309 = CARTESIAN_POINT('',(0.30735060959,-5.E-02));
#4310 = CARTESIAN_POINT('',(0.153251548077,-5.E-02));
#4311 = CARTESIAN_POINT('',(0.,-5.E-02));
#4312 = ( GEOMETRIC_REPRESENTATION_CONTEXT(2) 
PARAMETRIC_REPRESENTATION_CONTEXT() REPRESENTATION_CONTEXT('2D SPACE',''
  ) );
#4313 = ORIENTED_EDGE('',*,*,#4314,.F.);
#4314 = EDGE_CURVE('',#4315,#4264,#4317,.T.);
#4315 = VERTEX_POINT('',#4316);
#4316 = CARTESIAN_POINT('',(44.990625,5.52109375,4.));
#4317 = SURFACE_CURVE('',#4318,(#4325,#4335),.PCURVE_S1.);
#4318 = B_SPLINE_CURVE_WITH_KNOTS('',5,(#4319,#4320,#4321,#4322,#4323,
    #4324),.UNSPECIFIED.,.F.,.F.,(6,6),(0.,1.),
  .PIECEWISE_BEZIER_KNOTS.);
#4319 = CARTESIAN_POINT('',(44.990625,5.52109375,4.));
#4320 = CARTESIAN_POINT('',(44.995495649887,5.595979992013,4.));
#4321 = CARTESIAN_POINT('',(45.006974320347,5.661778012506,4.));
#4322 = CARTESIAN_POINT('',(45.025493451911,5.717522932296,4.));
#4323 = CARTESIAN_POINT('',(45.051325561598,5.762408745475,4.));
#4324 = CARTESIAN_POINT('',(45.084375,5.79609375,4.));
#4325 = PCURVE('',#44,#4326);
#4326 = DEFINITIONAL_REPRESENTATION('',(#4327),#4334);
#4327 = B_SPLINE_CURVE_WITH_KNOTS('',5,(#4328,#4329,#4330,#4331,#4332,
    #4333),.UNSPECIFIED.,.F.,.F.,(6,6),(0.,1.),
  .PIECEWISE_BEZIER_KNOTS.);
#4328 = CARTESIAN_POINT('',(44.990625,5.52109375));
#4329 = CARTESIAN_POINT('',(44.995495649887,5.595979992013));
#4330 = CARTESIAN_POINT('',(45.006974320347,5.661778012506));
#4331 = CARTESIAN_POINT('',(45.025493451911,5.717522932296));
#4332 = CARTESIAN_POINT('',(45.051325561598,5.762408745475));
#4333 = CARTESIAN_POINT('',(45.084375,5.79609375));
#4334 = ( GEOMETRIC_REPRESENTATION_CONTEXT(2) 
PARAMETRIC_REPRESENTATION_CONTEXT() REPRESENTATION_CONTEXT('2D SPACE',''
  ) );
#4335 = PCURVE('',#4336,#4343);
#4336 = SURFACE_OF_LINEAR_EXTRUSION('',#4337,#4341);
#4337 = B_SPLINE_CURVE_WITH_KNOTS('',2,(#4338,#4339,#4340),
  .UNSPECIFIED.,.F.,.F.,(3,3),(0.,1.),.PIECEWISE_BEZIER_KNOTS.);
#4338 = CARTESIAN_POINT('',(45.084375,5.79609375,3.95));
#4339 = CARTESIAN_POINT('',(45.003125,5.71328125,3.95));
#4340 = CARTESIAN_POINT('',(44.990625,5.52109375,3.95));
#4341 = VECTOR('',#4342,1.);
#4342 = DIRECTION('',(-0.,-0.,-1.));
#4343 = DEFINITIONAL_REPRESENTATION('',(#4344),#4351);
#4344 = B_SPLINE_CURVE_WITH_KNOTS('',5,(#4345,#4346,#4347,#4348,#4349,
    #4350),.UNSPECIFIED.,.F.,.F.,(6,6),(0.,1.),
  .PIECEWISE_BEZIER_KNOTS.);
#4345 = CARTESIAN_POINT('',(1.,-5.E-02));
#4346 = CARTESIAN_POINT('',(0.805174004518,-5.E-02));
#4347 = CARTESIAN_POINT('',(0.606989418646,-5.E-02));
#4348 = CARTESIAN_POINT('',(0.406099094185,-5.E-02));
#4349 = CARTESIAN_POINT('',(0.203381159396,-5.E-02));
#4350 = CARTESIAN_POINT('',(0.,-5.E-02));
#4351 = ( GEOMETRIC_REPRESENTATION_CONTEXT(2) 
PARAMETRIC_REPRESENTATION_CONTEXT() REPRESENTATION_CONTEXT('2D SPACE',''
  ) );
#4352 = ORIENTED_EDGE('',*,*,#4353,.F.);
#4353 = EDGE_CURVE('',#4354,#4315,#4356,.T.);
#4354 = VERTEX_POINT('',#4355);
#4355 = CARTESIAN_POINT('',(44.553125,5.56484375,4.));
#4356 = SURFACE_CURVE('',#4357,(#4361,#4367),.PCURVE_S1.);
#4357 = LINE('',#4358,#4359);
#4358 = CARTESIAN_POINT('',(22.991359839109,7.721020266089,4.));
#4359 = VECTOR('',#4360,1.);
#4360 = DIRECTION('',(0.99503719021,-9.9503719021E-02,0.));
#4361 = PCURVE('',#44,#4362);
#4362 = DEFINITIONAL_REPRESENTATION('',(#4363),#4366);
#4363 = B_SPLINE_CURVE_WITH_KNOTS('',1,(#4364,#4365),.UNSPECIFIED.,.F.,
  .F.,(2,2),(21.669305803877,22.108987862301),.PIECEWISE_BEZIER_KNOTS.);
#4364 = CARTESIAN_POINT('',(44.553125,5.56484375));
#4365 = CARTESIAN_POINT('',(44.990625,5.52109375));
#4366 = ( GEOMETRIC_REPRESENTATION_CONTEXT(2) 
PARAMETRIC_REPRESENTATION_CONTEXT() REPRESENTATION_CONTEXT('2D SPACE',''
  ) );
#4367 = PCURVE('',#4368,#4373);
#4368 = PLANE('',#4369);
#4369 = AXIS2_PLACEMENT_3D('',#4370,#4371,#4372);
#4370 = CARTESIAN_POINT('',(44.990625,5.52109375,3.95));
#4371 = DIRECTION('',(-9.9503719021E-02,-0.99503719021,0.));
#4372 = DIRECTION('',(-0.99503719021,9.9503719021E-02,0.));
#4373 = DEFINITIONAL_REPRESENTATION('',(#4374),#4377);
#4374 = B_SPLINE_CURVE_WITH_KNOTS('',1,(#4375,#4376),.UNSPECIFIED.,.F.,
  .F.,(2,2),(21.669305803877,22.108987862301),.PIECEWISE_BEZIER_KNOTS.);
#4375 = CARTESIAN_POINT('',(0.439682058424,-5.E-02));
#4376 = CARTESIAN_POINT('',(0.,-5.E-02));
#4377 = ( GEOMETRIC_REPRESENTATION_CONTEXT(2) 
PARAMETRIC_REPRESENTATION_CONTEXT() REPRESENTATION_CONTEXT('2D SPACE',''
  ) );
#4378 = ORIENTED_EDGE('',*,*,#4379,.F.);
#4379 = EDGE_CURVE('',#4380,#4354,#4382,.T.);
#4380 = VERTEX_POINT('',#4381);
#4381 = CARTESIAN_POINT('',(44.7984375,6.08515625,4.));
#4382 = SURFACE_CURVE('',#4383,(#4398,#4416),.PCURVE_S1.);
#4383 = B_SPLINE_CURVE_WITH_KNOTS('',5,(#4384,#4385,#4386,#4387,#4388,
    #4389,#4390,#4391,#4392,#4393,#4394,#4395,#4396,#4397),
  .UNSPECIFIED.,.F.,.F.,(6,4,4,6),(0.,3.099721431215E-02,0.503823125647,
    1.),.UNSPECIFIED.);
#4384 = CARTESIAN_POINT('',(44.7984375,6.08515625,4.));
#4385 = CARTESIAN_POINT('',(44.795797690971,6.083136396122,4.));
#4386 = CARTESIAN_POINT('',(44.793174854431,6.081095474303,4.));
#4387 = CARTESIAN_POINT('',(44.790569043673,6.079033517835,4.));
#4388 = CARTESIAN_POINT('',(44.787980309456,6.076950563187,4.));
#4389 = CARTESIAN_POINT('',(44.746181833595,6.042753938057,4.));
#4390 = CARTESIAN_POINT('',(44.710936200156,6.00578190536,4.));
#4391 = CARTESIAN_POINT('',(44.679855000038,5.964078190631,4.));
#4392 = CARTESIAN_POINT('',(44.652945680646,5.917949755484,4.));
#4393 = CARTESIAN_POINT('',(44.606130520827,5.815162227684,4.));
#4394 = CARTESIAN_POINT('',(44.586633885255,5.758089723747,4.));
#4395 = CARTESIAN_POINT('',(44.571484210888,5.697023637095,4.));
#4396 = CARTESIAN_POINT('',(44.560411442906,5.632461940168,4.));
#4397 = CARTESIAN_POINT('',(44.553125,5.56484375,4.));
#4398 = PCURVE('',#44,#4399);
#4399 = DEFINITIONAL_REPRESENTATION('',(#4400),#4415);
#4400 = B_SPLINE_CURVE_WITH_KNOTS('',5,(#4401,#4402,#4403,#4404,#4405,
    #4406,#4407,#4408,#4409,#4410,#4411,#4412,#4413,#4414),
  .UNSPECIFIED.,.F.,.F.,(6,4,4,6),(0.,3.099721431215E-02,0.503823125647,
    1.),.UNSPECIFIED.);
#4401 = CARTESIAN_POINT('',(44.7984375,6.08515625));
#4402 = CARTESIAN_POINT('',(44.795797690971,6.083136396122));
#4403 = CARTESIAN_POINT('',(44.793174854431,6.081095474303));
#4404 = CARTESIAN_POINT('',(44.790569043673,6.079033517835));
#4405 = CARTESIAN_POINT('',(44.787980309456,6.076950563187));
#4406 = CARTESIAN_POINT('',(44.746181833595,6.042753938057));
#4407 = CARTESIAN_POINT('',(44.710936200156,6.00578190536));
#4408 = CARTESIAN_POINT('',(44.679855000038,5.964078190631));
#4409 = CARTESIAN_POINT('',(44.652945680646,5.917949755484));
#4410 = CARTESIAN_POINT('',(44.606130520827,5.815162227684));
#4411 = CARTESIAN_POINT('',(44.586633885255,5.758089723747));
#4412 = CARTESIAN_POINT('',(44.571484210888,5.697023637095));
#4413 = CARTESIAN_POINT('',(44.560411442906,5.632461940168));
#4414 = CARTESIAN_POINT('',(44.553125,5.56484375));
#4415 = ( GEOMETRIC_REPRESENTATION_CONTEXT(2) 
PARAMETRIC_REPRESENTATION_CONTEXT() REPRESENTATION_CONTEXT('2D SPACE',''
  ) );
#4416 = PCURVE('',#4417,#4424);
#4417 = SURFACE_OF_LINEAR_EXTRUSION('',#4418,#4422);
#4418 = B_SPLINE_CURVE_WITH_KNOTS('',2,(#4419,#4420,#4421),
  .UNSPECIFIED.,.F.,.F.,(3,3),(0.,1.),.PIECEWISE_BEZIER_KNOTS.);
#4419 = CARTESIAN_POINT('',(44.553125,5.56484375,3.95));
#4420 = CARTESIAN_POINT('',(44.5921875,5.92734375,3.95));
#4421 = CARTESIAN_POINT('',(44.7984375,6.08515625,3.95));
#4422 = VECTOR('',#4423,1.);
#4423 = DIRECTION('',(-0.,-0.,-1.));
#4424 = DEFINITIONAL_REPRESENTATION('',(#4425),#4440);
#4425 = B_SPLINE_CURVE_WITH_KNOTS('',5,(#4426,#4427,#4428,#4429,#4430,
    #4431,#4432,#4433,#4434,#4435,#4436,#4437,#4438,#4439),
  .UNSPECIFIED.,.F.,.F.,(6,4,4,6),(0.,3.099721431215E-02,0.503823125647,
    1.),.UNSPECIFIED.);
#4426 = CARTESIAN_POINT('',(1.,-5.E-02));
#4427 = CARTESIAN_POINT('',(0.993600462961,-5.E-02));
#4428 = CARTESIAN_POINT('',(0.987200574322,-5.E-02));
#4429 = CARTESIAN_POINT('',(0.980800454161,-5.E-02));
#4430 = CARTESIAN_POINT('',(0.974400222639,-5.E-02));
#4431 = CARTESIAN_POINT('',(0.870372159272,-5.E-02));
#4432 = CARTESIAN_POINT('',(0.772738102782,-5.E-02));
#4433 = CARTESIAN_POINT('',(0.675551046258,-5.E-02));
#4434 = CARTESIAN_POINT('',(0.579196147921,-5.E-02));
#4435 = CARTESIAN_POINT('',(0.384102498629,-5.E-02));
#4436 = CARTESIAN_POINT('',(0.285470465532,-5.E-02));
#4437 = CARTESIAN_POINT('',(0.188457149884,-5.E-02));
#4438 = CARTESIAN_POINT('',(9.326646919719E-02,-5.E-02));
#4439 = CARTESIAN_POINT('',(0.,-5.E-02));
#4440 = ( GEOMETRIC_REPRESENTATION_CONTEXT(2) 
PARAMETRIC_REPRESENTATION_CONTEXT() REPRESENTATION_CONTEXT('2D SPACE',''
  ) );
#4441 = ORIENTED_EDGE('',*,*,#4442,.F.);
#4442 = EDGE_CURVE('',#4443,#4380,#4445,.T.);
#4443 = VERTEX_POINT('',#4444);
#4444 = CARTESIAN_POINT('',(45.3140625,6.24296875,4.));
#4445 = SURFACE_CURVE('',#4446,(#4457,#4471),.PCURVE_S1.);
#4446 = B_SPLINE_CURVE_WITH_KNOTS('',5,(#4447,#4448,#4449,#4450,#4451,
    #4452,#4453,#4454,#4455,#4456),.UNSPECIFIED.,.F.,.F.,(6,4,6),(0.,
    0.899321832751,1.),.UNSPECIFIED.);
#4447 = CARTESIAN_POINT('',(45.3140625,6.24296875,4.));
#4448 = CARTESIAN_POINT('',(45.206066204344,6.24296875,4.));
#4449 = CARTESIAN_POINT('',(45.103716142886,6.230949448739,4.));
#4450 = CARTESIAN_POINT('',(45.008200784648,6.205929923437,4.));
#4451 = CARTESIAN_POINT('',(44.920602636156,6.167366742219,4.));
#4452 = CARTESIAN_POINT('',(44.832739514437,6.109924988235,4.));
#4453 = CARTESIAN_POINT('',(44.824000956509,6.103977609612,4.));
#4454 = CARTESIAN_POINT('',(44.815370599587,6.097866546791,4.));
#4455 = CARTESIAN_POINT('',(44.806849218092,6.091592488843,4.));
#4456 = CARTESIAN_POINT('',(44.7984375,6.08515625,4.));
#4457 = PCURVE('',#44,#4458);
#4458 = DEFINITIONAL_REPRESENTATION('',(#4459),#4470);
#4459 = B_SPLINE_CURVE_WITH_KNOTS('',5,(#4460,#4461,#4462,#4463,#4464,
    #4465,#4466,#4467,#4468,#4469),.UNSPECIFIED.,.F.,.F.,(6,4,6),(0.,
    0.899321832751,1.),.UNSPECIFIED.);
#4460 = CARTESIAN_POINT('',(45.3140625,6.24296875));
#4461 = CARTESIAN_POINT('',(45.206066204344,6.24296875));
#4462 = CARTESIAN_POINT('',(45.103716142886,6.230949448739));
#4463 = CARTESIAN_POINT('',(45.008200784648,6.205929923437));
#4464 = CARTESIAN_POINT('',(44.920602636156,6.167366742219));
#4465 = CARTESIAN_POINT('',(44.832739514437,6.109924988235));
#4466 = CARTESIAN_POINT('',(44.824000956509,6.103977609612));
#4467 = CARTESIAN_POINT('',(44.815370599587,6.097866546791));
#4468 = CARTESIAN_POINT('',(44.806849218092,6.091592488843));
#4469 = CARTESIAN_POINT('',(44.7984375,6.08515625));
#4470 = ( GEOMETRIC_REPRESENTATION_CONTEXT(2) 
PARAMETRIC_REPRESENTATION_CONTEXT() REPRESENTATION_CONTEXT('2D SPACE',''
  ) );
#4471 = PCURVE('',#4472,#4479);
#4472 = SURFACE_OF_LINEAR_EXTRUSION('',#4473,#4477);
#4473 = B_SPLINE_CURVE_WITH_KNOTS('',2,(#4474,#4475,#4476),
  .UNSPECIFIED.,.F.,.F.,(3,3),(0.,1.),.PIECEWISE_BEZIER_KNOTS.);
#4474 = CARTESIAN_POINT('',(44.7984375,6.08515625,3.95));
#4475 = CARTESIAN_POINT('',(45.0046875,6.24296875,3.95));
#4476 = CARTESIAN_POINT('',(45.3140625,6.24296875,3.95));
#4477 = VECTOR('',#4478,1.);
#4478 = DIRECTION('',(-0.,-0.,-1.));
#4479 = DEFINITIONAL_REPRESENTATION('',(#4480),#4491);
#4480 = B_SPLINE_CURVE_WITH_KNOTS('',5,(#4481,#4482,#4483,#4484,#4485,
    #4486,#4487,#4488,#4489,#4490),.UNSPECIFIED.,.F.,.F.,(6,4,6),(0.,
    0.899321832751,1.),.UNSPECIFIED.);
#4481 = CARTESIAN_POINT('',(1.,-5.E-02));
#4482 = CARTESIAN_POINT('',(0.825460532273,-5.E-02));
#4483 = CARTESIAN_POINT('',(0.647352640036,-5.E-02));
#4484 = CARTESIAN_POINT('',(0.466561123253,-5.E-02));
#4485 = CARTESIAN_POINT('',(0.284261565967,-5.E-02));
#4486 = CARTESIAN_POINT('',(8.159600250629E-02,-5.E-02));
#4487 = CARTESIAN_POINT('',(6.119202067074E-02,-5.E-02));
#4488 = CARTESIAN_POINT('',(4.079004134744E-02,-5.E-02));
#4489 = CARTESIAN_POINT('',(2.039204385969E-02,-5.E-02));
#4490 = CARTESIAN_POINT('',(0.,-5.E-02));
#4491 = ( GEOMETRIC_REPRESENTATION_CONTEXT(2) 
PARAMETRIC_REPRESENTATION_CONTEXT() REPRESENTATION_CONTEXT('2D SPACE',''
  ) );
#4492 = ORIENTED_EDGE('',*,*,#4493,.F.);
#4493 = EDGE_CURVE('',#4494,#4443,#4496,.T.);
#4494 = VERTEX_POINT('',#4495);
#4495 = CARTESIAN_POINT('',(45.846875,6.06015625,4.));
#4496 = SURFACE_CURVE('',#4497,(#4512,#4530),.PCURVE_S1.);
#4497 = B_SPLINE_CURVE_WITH_KNOTS('',5,(#4498,#4499,#4500,#4501,#4502,
    #4503,#4504,#4505,#4506,#4507,#4508,#4509,#4510,#4511),
  .UNSPECIFIED.,.F.,.F.,(6,4,4,6),(0.,9.409450079905E-02,0.539545110088,
    1.),.UNSPECIFIED.);
#4498 = CARTESIAN_POINT('',(45.846875,6.06015625,4.));
#4499 = CARTESIAN_POINT('',(45.839438919048,6.067172552188,4.));
#4500 = CARTESIAN_POINT('',(45.831866131885,6.074023314069,4.));
#4501 = CARTESIAN_POINT('',(45.824157392768,6.080707359231,4.));
#4502 = CARTESIAN_POINT('',(45.816313600815,6.087223682512,4.));
#4503 = CARTESIAN_POINT('',(45.770568276887,6.123622269877,4.));
#4504 = CARTESIAN_POINT('',(45.729795828428,6.149896791878,4.));
#4505 = CARTESIAN_POINT('',(45.686133342159,6.172302169345,4.));
#4506 = CARTESIAN_POINT('',(45.639757475457,6.190848030555,4.));
#4507 = CARTESIAN_POINT('',(45.540370554441,6.220888369887,4.));
#4508 = CARTESIAN_POINT('',(45.487185512278,6.232125123359,4.));
#4509 = CARTESIAN_POINT('',(45.431569078319,6.239424369423,4.));
#4510 = CARTESIAN_POINT('',(45.373780057897,6.24296875,4.));
#4511 = CARTESIAN_POINT('',(45.3140625,6.24296875,4.));
#4512 = PCURVE('',#44,#4513);
#4513 = DEFINITIONAL_REPRESENTATION('',(#4514),#4529);
#4514 = B_SPLINE_CURVE_WITH_KNOTS('',5,(#4515,#4516,#4517,#4518,#4519,
    #4520,#4521,#4522,#4523,#4524,#4525,#4526,#4527,#4528),
  .UNSPECIFIED.,.F.,.F.,(6,4,4,6),(0.,9.409450079905E-02,0.539545110088,
    1.),.UNSPECIFIED.);
#4515 = CARTESIAN_POINT('',(45.846875,6.06015625));
#4516 = CARTESIAN_POINT('',(45.839438919048,6.067172552188));
#4517 = CARTESIAN_POINT('',(45.831866131885,6.074023314069));
#4518 = CARTESIAN_POINT('',(45.824157392768,6.080707359231));
#4519 = CARTESIAN_POINT('',(45.816313600815,6.087223682512));
#4520 = CARTESIAN_POINT('',(45.770568276887,6.123622269877));
#4521 = CARTESIAN_POINT('',(45.729795828428,6.149896791878));
#4522 = CARTESIAN_POINT('',(45.686133342159,6.172302169345));
#4523 = CARTESIAN_POINT('',(45.639757475457,6.190848030555));
#4524 = CARTESIAN_POINT('',(45.540370554441,6.220888369887));
#4525 = CARTESIAN_POINT('',(45.487185512278,6.232125123359));
#4526 = CARTESIAN_POINT('',(45.431569078319,6.239424369423));
#4527 = CARTESIAN_POINT('',(45.373780057897,6.24296875));
#4528 = CARTESIAN_POINT('',(45.3140625,6.24296875));
#4529 = ( GEOMETRIC_REPRESENTATION_CONTEXT(2) 
PARAMETRIC_REPRESENTATION_CONTEXT() REPRESENTATION_CONTEXT('2D SPACE',''
  ) );
#4530 = PCURVE('',#4531,#4538);
#4531 = SURFACE_OF_LINEAR_EXTRUSION('',#4532,#4536);
#4532 = B_SPLINE_CURVE_WITH_KNOTS('',2,(#4533,#4534,#4535),
  .UNSPECIFIED.,.F.,.F.,(3,3),(0.,1.),.PIECEWISE_BEZIER_KNOTS.);
#4533 = CARTESIAN_POINT('',(45.3140625,6.24296875,3.95));
#4534 = CARTESIAN_POINT('',(45.653125,6.24296875,3.95));
#4535 = CARTESIAN_POINT('',(45.846875,6.06015625,3.95));
#4536 = VECTOR('',#4537,1.);
#4537 = DIRECTION('',(-0.,-0.,-1.));
#4538 = DEFINITIONAL_REPRESENTATION('',(#4539),#4554);
#4539 = B_SPLINE_CURVE_WITH_KNOTS('',5,(#4540,#4541,#4542,#4543,#4544,
    #4545,#4546,#4547,#4548,#4549,#4550,#4551,#4552,#4553),
  .UNSPECIFIED.,.F.,.F.,(6,4,4,6),(0.,9.409450079905E-02,0.539545110088,
    1.),.UNSPECIFIED.);
#4540 = CARTESIAN_POINT('',(1.,-5.E-02));
#4541 = CARTESIAN_POINT('',(0.980810113673,-5.E-02));
#4542 = CARTESIAN_POINT('',(0.961612672853,-5.E-02));
#4543 = CARTESIAN_POINT('',(0.942410168755,-5.E-02));
#4544 = CARTESIAN_POINT('',(0.923205105476,-5.E-02));
#4545 = CARTESIAN_POINT('',(0.813081552448,-5.E-02));
#4546 = CARTESIAN_POINT('',(0.722158308325,-5.E-02));
#4547 = CARTESIAN_POINT('',(0.631508518284,-5.E-02));
#4548 = CARTESIAN_POINT('',(0.54138140501,-5.E-02));
#4549 = CARTESIAN_POINT('',(0.359607927466,-5.E-02));
#4550 = CARTESIAN_POINT('',(0.268007086081,-5.E-02));
#4551 = CARTESIAN_POINT('',(0.17743617544,-5.E-02));
#4552 = CARTESIAN_POINT('',(8.806275818861E-02,-5.E-02));
#4553 = CARTESIAN_POINT('',(0.,-5.E-02));
#4554 = ( GEOMETRIC_REPRESENTATION_CONTEXT(2) 
PARAMETRIC_REPRESENTATION_CONTEXT() REPRESENTATION_CONTEXT('2D SPACE',''
  ) );
#4555 = ORIENTED_EDGE('',*,*,#4556,.F.);
#4556 = EDGE_CURVE('',#4557,#4494,#4559,.T.);
#4557 = VERTEX_POINT('',#4558);
#4558 = CARTESIAN_POINT('',(46.040625,5.60546875,4.));
#4559 = SURFACE_CURVE('',#4560,(#4571,#4585),.PCURVE_S1.);
#4560 = B_SPLINE_CURVE_WITH_KNOTS('',5,(#4561,#4562,#4563,#4564,#4565,
    #4566,#4567,#4568,#4569,#4570),.UNSPECIFIED.,.F.,.F.,(6,4,6),(0.,
    0.532389854038,1.),.UNSPECIFIED.);
#4561 = CARTESIAN_POINT('',(46.040625,5.60546875,4.));
#4562 = CARTESIAN_POINT('',(46.040625,5.662549318709,4.));
#4563 = CARTESIAN_POINT('',(46.035287244502,5.71773991102,4.));
#4564 = CARTESIAN_POINT('',(46.024400814361,5.770779072967,4.));
#4565 = CARTESIAN_POINT('',(46.007873977401,5.821436833357,4.));
#4566 = CARTESIAN_POINT('',(45.966391448698,5.911784332052,4.));
#4567 = CARTESIAN_POINT('',(45.942704363713,5.952062273285,4.));
#4568 = CARTESIAN_POINT('',(45.914781450898,5.990251748355,4.));
#4569 = CARTESIAN_POINT('',(45.882767771833,6.026289683029,4.));
#4570 = CARTESIAN_POINT('',(45.846875,6.06015625,4.));
#4571 = PCURVE('',#44,#4572);
#4572 = DEFINITIONAL_REPRESENTATION('',(#4573),#4584);
#4573 = B_SPLINE_CURVE_WITH_KNOTS('',5,(#4574,#4575,#4576,#4577,#4578,
    #4579,#4580,#4581,#4582,#4583),.UNSPECIFIED.,.F.,.F.,(6,4,6),(0.,
    0.532389854038,1.),.UNSPECIFIED.);
#4574 = CARTESIAN_POINT('',(46.040625,5.60546875));
#4575 = CARTESIAN_POINT('',(46.040625,5.662549318709));
#4576 = CARTESIAN_POINT('',(46.035287244502,5.71773991102));
#4577 = CARTESIAN_POINT('',(46.024400814361,5.770779072967));
#4578 = CARTESIAN_POINT('',(46.007873977401,5.821436833357));
#4579 = CARTESIAN_POINT('',(45.966391448698,5.911784332052));
#4580 = CARTESIAN_POINT('',(45.942704363713,5.952062273285));
#4581 = CARTESIAN_POINT('',(45.914781450898,5.990251748355));
#4582 = CARTESIAN_POINT('',(45.882767771833,6.026289683029));
#4583 = CARTESIAN_POINT('',(45.846875,6.06015625));
#4584 = ( GEOMETRIC_REPRESENTATION_CONTEXT(2) 
PARAMETRIC_REPRESENTATION_CONTEXT() REPRESENTATION_CONTEXT('2D SPACE',''
  ) );
#4585 = PCURVE('',#4586,#4593);
#4586 = SURFACE_OF_LINEAR_EXTRUSION('',#4587,#4591);
#4587 = B_SPLINE_CURVE_WITH_KNOTS('',2,(#4588,#4589,#4590),
  .UNSPECIFIED.,.F.,.F.,(3,3),(0.,1.),.PIECEWISE_BEZIER_KNOTS.);
#4588 = CARTESIAN_POINT('',(45.846875,6.06015625,3.95));
#4589 = CARTESIAN_POINT('',(46.040625,5.87734375,3.95));
#4590 = CARTESIAN_POINT('',(46.040625,5.60546875,3.95));
#4591 = VECTOR('',#4592,1.);
#4592 = DIRECTION('',(-0.,-0.,-1.));
#4593 = DEFINITIONAL_REPRESENTATION('',(#4594),#4605);
#4594 = B_SPLINE_CURVE_WITH_KNOTS('',5,(#4595,#4596,#4597,#4598,#4599,
    #4600,#4601,#4602,#4603,#4604),.UNSPECIFIED.,.F.,.F.,(6,4,6),(0.,
    0.532389854038,1.),.UNSPECIFIED.);
#4595 = CARTESIAN_POINT('',(1.,-5.E-02));
#4596 = CARTESIAN_POINT('',(0.895024241455,-5.E-02));
#4597 = CARTESIAN_POINT('',(0.789011849761,-5.E-02));
#4598 = CARTESIAN_POINT('',(0.682265352178,-5.E-02));
#4599 = CARTESIAN_POINT('',(0.575130135344,-5.E-02));
#4600 = CARTESIAN_POINT('',(0.373905159828,-5.E-02));
#4601 = CARTESIAN_POINT('',(0.279806108183,-5.E-02));
#4602 = CARTESIAN_POINT('',(0.185967013796,-5.E-02));
#4603 = CARTESIAN_POINT('',(9.262650795566E-02,-5.E-02));
#4604 = CARTESIAN_POINT('',(0.,-5.E-02));
#4605 = ( GEOMETRIC_REPRESENTATION_CONTEXT(2) 
PARAMETRIC_REPRESENTATION_CONTEXT() REPRESENTATION_CONTEXT('2D SPACE',''
  ) );
#4606 = ORIENTED_EDGE('',*,*,#4607,.F.);
#4607 = EDGE_CURVE('',#4608,#4557,#4610,.T.);
#4608 = VERTEX_POINT('',#4609);
#4609 = CARTESIAN_POINT('',(45.98515625,5.3109375,4.));
#4610 = SURFACE_CURVE('',#4611,(#4620,#4632),.PCURVE_S1.);
#4611 = B_SPLINE_CURVE_WITH_KNOTS('',4,(#4612,#4613,#4614,#4615,#4616,
    #4617,#4618,#4619),.UNSPECIFIED.,.F.,.F.,(5,3,5),(0.,0.303832471656,
    1.),.UNSPECIFIED.);
#4612 = CARTESIAN_POINT('',(45.98515625,5.3109375,4.));
#4613 = CARTESIAN_POINT('',(45.993584364495,5.332185844995,4.));
#4614 = CARTESIAN_POINT('',(46.001161883068,5.353670557096,4.));
#4615 = CARTESIAN_POINT('',(46.007885810359,5.37538807562,4.));
#4616 = CARTESIAN_POINT('',(46.027203165115,5.447619408435,4.));
#4617 = CARTESIAN_POINT('',(46.036164152663,5.499105330688,4.));
#4618 = CARTESIAN_POINT('',(46.040625,5.551742355601,4.));
#4619 = CARTESIAN_POINT('',(46.040625,5.60546875,4.));
#4620 = PCURVE('',#44,#4621);
#4621 = DEFINITIONAL_REPRESENTATION('',(#4622),#4631);
#4622 = B_SPLINE_CURVE_WITH_KNOTS('',4,(#4623,#4624,#4625,#4626,#4627,
    #4628,#4629,#4630),.UNSPECIFIED.,.F.,.F.,(5,3,5),(0.,0.303832471656,
    1.),.UNSPECIFIED.);
#4623 = CARTESIAN_POINT('',(45.98515625,5.3109375));
#4624 = CARTESIAN_POINT('',(45.993584364495,5.332185844995));
#4625 = CARTESIAN_POINT('',(46.001161883068,5.353670557096));
#4626 = CARTESIAN_POINT('',(46.007885810359,5.37538807562));
#4627 = CARTESIAN_POINT('',(46.027203165115,5.447619408435));
#4628 = CARTESIAN_POINT('',(46.036164152663,5.499105330688));
#4629 = CARTESIAN_POINT('',(46.040625,5.551742355601));
#4630 = CARTESIAN_POINT('',(46.040625,5.60546875));
#4631 = ( GEOMETRIC_REPRESENTATION_CONTEXT(2) 
PARAMETRIC_REPRESENTATION_CONTEXT() REPRESENTATION_CONTEXT('2D SPACE',''
  ) );
#4632 = PCURVE('',#4633,#4640);
#4633 = SURFACE_OF_LINEAR_EXTRUSION('',#4634,#4638);
#4634 = B_SPLINE_CURVE_WITH_KNOTS('',2,(#4635,#4636,#4637),
  .UNSPECIFIED.,.F.,.F.,(3,3),(0.,1.),.PIECEWISE_BEZIER_KNOTS.);
#4635 = CARTESIAN_POINT('',(46.040625,5.60546875,3.95));
#4636 = CARTESIAN_POINT('',(46.040625,5.45078125,3.95));
#4637 = CARTESIAN_POINT('',(45.98515625,5.3109375,3.95));
#4638 = VECTOR('',#4639,1.);
#4639 = DIRECTION('',(-0.,-0.,-1.));
#4640 = DEFINITIONAL_REPRESENTATION('',(#4641),#4650);
#4641 = B_SPLINE_CURVE_WITH_KNOTS('',4,(#4642,#4643,#4644,#4645,#4646,
    #4647,#4648,#4649),.UNSPECIFIED.,.F.,.F.,(5,3,5),(0.,0.303832471656,
    1.),.UNSPECIFIED.);
#4642 = CARTESIAN_POINT('',(1.,-5.E-02));
#4643 = CARTESIAN_POINT('',(0.924028263704,-5.E-02));
#4644 = CARTESIAN_POINT('',(0.848028267708,-5.E-02));
#4645 = CARTESIAN_POINT('',(0.77201411224,-5.E-02));
#4646 = CARTESIAN_POINT('',(0.521829818818,-5.E-02));
#4647 = CARTESIAN_POINT('',(0.347659530314,-5.E-02));
#4648 = CARTESIAN_POINT('',(0.173661072804,-5.E-02));
#4649 = CARTESIAN_POINT('',(0.,-5.E-02));
#4650 = ( GEOMETRIC_REPRESENTATION_CONTEXT(2) 
PARAMETRIC_REPRESENTATION_CONTEXT() REPRESENTATION_CONTEXT('2D SPACE',''
  ) );
#4651 = ORIENTED_EDGE('',*,*,#4652,.F.);
#4652 = EDGE_CURVE('',#4653,#4608,#4655,.T.);
#4653 = VERTEX_POINT('',#4654);
#4654 = CARTESIAN_POINT('',(45.809375,5.01796875,4.));
#4655 = SURFACE_CURVE('',#4656,(#4663,#4673),.PCURVE_S1.);
#4656 = B_SPLINE_CURVE_WITH_KNOTS('',5,(#4657,#4658,#4659,#4660,#4661,
    #4662),.UNSPECIFIED.,.F.,.F.,(6,6),(0.,1.),
  .PIECEWISE_BEZIER_KNOTS.);
#4657 = CARTESIAN_POINT('',(45.809375,5.01796875,4.));
#4658 = CARTESIAN_POINT('',(45.856793357145,5.078319386366,4.));
#4659 = CARTESIAN_POINT('',(45.898315675777,5.137888847509,4.));
#4660 = CARTESIAN_POINT('',(45.933688743133,5.196581180123,4.));
#4661 = CARTESIAN_POINT('',(45.962689877157,5.254296926213,4.));
#4662 = CARTESIAN_POINT('',(45.98515625,5.3109375,4.));
#4663 = PCURVE('',#44,#4664);
#4664 = DEFINITIONAL_REPRESENTATION('',(#4665),#4672);
#4665 = B_SPLINE_CURVE_WITH_KNOTS('',5,(#4666,#4667,#4668,#4669,#4670,
    #4671),.UNSPECIFIED.,.F.,.F.,(6,6),(0.,1.),
  .PIECEWISE_BEZIER_KNOTS.);
#4666 = CARTESIAN_POINT('',(45.809375,5.01796875));
#4667 = CARTESIAN_POINT('',(45.856793357145,5.078319386366));
#4668 = CARTESIAN_POINT('',(45.898315675777,5.137888847509));
#4669 = CARTESIAN_POINT('',(45.933688743133,5.196581180123));
#4670 = CARTESIAN_POINT('',(45.962689877157,5.254296926213));
#4671 = CARTESIAN_POINT('',(45.98515625,5.3109375));
#4672 = ( GEOMETRIC_REPRESENTATION_CONTEXT(2) 
PARAMETRIC_REPRESENTATION_CONTEXT() REPRESENTATION_CONTEXT('2D SPACE',''
  ) );
#4673 = PCURVE('',#4674,#4681);
#4674 = SURFACE_OF_LINEAR_EXTRUSION('',#4675,#4679);
#4675 = B_SPLINE_CURVE_WITH_KNOTS('',2,(#4676,#4677,#4678),
  .UNSPECIFIED.,.F.,.F.,(3,3),(0.,1.),.PIECEWISE_BEZIER_KNOTS.);
#4676 = CARTESIAN_POINT('',(45.98515625,5.3109375,3.95));
#4677 = CARTESIAN_POINT('',(45.9296875,5.17109375,3.95));
#4678 = CARTESIAN_POINT('',(45.809375,5.01796875,3.95));
#4679 = VECTOR('',#4680,1.);
#4680 = DIRECTION('',(-0.,-0.,-1.));
#4681 = DEFINITIONAL_REPRESENTATION('',(#4682),#4689);
#4682 = B_SPLINE_CURVE_WITH_KNOTS('',5,(#4683,#4684,#4685,#4686,#4687,
    #4688),.UNSPECIFIED.,.F.,.F.,(6,6),(0.,1.),
  .PIECEWISE_BEZIER_KNOTS.);
#4683 = CARTESIAN_POINT('',(1.,-5.E-02));
#4684 = CARTESIAN_POINT('',(0.80293669758,-5.E-02));
#4685 = CARTESIAN_POINT('',(0.60421384416,-5.E-02));
#4686 = CARTESIAN_POINT('',(0.404003021038,-5.E-02));
#4687 = CARTESIAN_POINT('',(0.202513783374,-5.E-02));
#4688 = CARTESIAN_POINT('',(0.,-5.E-02));
#4689 = ( GEOMETRIC_REPRESENTATION_CONTEXT(2) 
PARAMETRIC_REPRESENTATION_CONTEXT() REPRESENTATION_CONTEXT('2D SPACE',''
  ) );
#4690 = ORIENTED_EDGE('',*,*,#4691,.F.);
#4691 = EDGE_CURVE('',#4692,#4653,#4694,.T.);
#4692 = VERTEX_POINT('',#4693);
#4693 = CARTESIAN_POINT('',(45.521875,4.72578125,4.));
#4694 = SURFACE_CURVE('',#4695,(#4703,#4714),.PCURVE_S1.);
#4695 = B_SPLINE_CURVE_WITH_KNOTS('',6,(#4696,#4697,#4698,#4699,#4700,
    #4701,#4702),.UNSPECIFIED.,.F.,.F.,(7,7),(0.,1.),
  .PIECEWISE_BEZIER_KNOTS.);
#4696 = CARTESIAN_POINT('',(45.521875,4.72578125,4.));
#4697 = CARTESIAN_POINT('',(45.587276551477,4.785773650603,4.));
#4698 = CARTESIAN_POINT('',(45.646700951433,4.841974860631,4.));
#4699 = CARTESIAN_POINT('',(45.699422730243,4.893878324366,4.));
#4700 = CARTESIAN_POINT('',(45.744629224091,4.940901706772,4.));
#4701 = CARTESIAN_POINT('',(45.781495027756,4.982435452042,4.));
#4702 = CARTESIAN_POINT('',(45.809375,5.01796875,4.));
#4703 = PCURVE('',#44,#4704);
#4704 = DEFINITIONAL_REPRESENTATION('',(#4705),#4713);
#4705 = B_SPLINE_CURVE_WITH_KNOTS('',6,(#4706,#4707,#4708,#4709,#4710,
    #4711,#4712),.UNSPECIFIED.,.F.,.F.,(7,7),(0.,1.),
  .PIECEWISE_BEZIER_KNOTS.);
#4706 = CARTESIAN_POINT('',(45.521875,4.72578125));
#4707 = CARTESIAN_POINT('',(45.587276551477,4.785773650603));
#4708 = CARTESIAN_POINT('',(45.646700951433,4.841974860631));
#4709 = CARTESIAN_POINT('',(45.699422730243,4.893878324366));
#4710 = CARTESIAN_POINT('',(45.744629224091,4.940901706772));
#4711 = CARTESIAN_POINT('',(45.781495027756,4.982435452042));
#4712 = CARTESIAN_POINT('',(45.809375,5.01796875));
#4713 = ( GEOMETRIC_REPRESENTATION_CONTEXT(2) 
PARAMETRIC_REPRESENTATION_CONTEXT() REPRESENTATION_CONTEXT('2D SPACE',''
  ) );
#4714 = PCURVE('',#4715,#4722);
#4715 = SURFACE_OF_LINEAR_EXTRUSION('',#4716,#4720);
#4716 = B_SPLINE_CURVE_WITH_KNOTS('',2,(#4717,#4718,#4719),
  .UNSPECIFIED.,.F.,.F.,(3,3),(0.,1.),.PIECEWISE_BEZIER_KNOTS.);
#4717 = CARTESIAN_POINT('',(45.809375,5.01796875,3.95));
#4718 = CARTESIAN_POINT('',(45.7296875,4.91640625,3.95));
#4719 = CARTESIAN_POINT('',(45.521875,4.72578125,3.95));
#4720 = VECTOR('',#4721,1.);
#4721 = DIRECTION('',(-0.,-0.,-1.));
#4722 = DEFINITIONAL_REPRESENTATION('',(#4723),#4731);
#4723 = B_SPLINE_CURVE_WITH_KNOTS('',6,(#4724,#4725,#4726,#4727,#4728,
    #4729,#4730),.UNSPECIFIED.,.F.,.F.,(7,7),(0.,1.),
  .PIECEWISE_BEZIER_KNOTS.);
#4724 = CARTESIAN_POINT('',(1.,-5.E-02));
#4725 = CARTESIAN_POINT('',(0.842642883665,-5.E-02));
#4726 = CARTESIAN_POINT('',(0.681347507706,-5.E-02));
#4727 = CARTESIAN_POINT('',(0.516138410346,-5.E-02));
#4728 = CARTESIAN_POINT('',(0.347204400212,-5.E-02));
#4729 = CARTESIAN_POINT('',(0.174933159176,-5.E-02));
#4730 = CARTESIAN_POINT('',(0.,-5.E-02));
#4731 = ( GEOMETRIC_REPRESENTATION_CONTEXT(2) 
PARAMETRIC_REPRESENTATION_CONTEXT() REPRESENTATION_CONTEXT('2D SPACE',''
  ) );
#4732 = ORIENTED_EDGE('',*,*,#4733,.F.);
#4733 = EDGE_CURVE('',#4734,#4692,#4736,.T.);
#4734 = VERTEX_POINT('',#4735);
#4735 = CARTESIAN_POINT('',(45.25859375,4.47265625,4.));
#4736 = SURFACE_CURVE('',#4737,(#4745,#4756),.PCURVE_S1.);
#4737 = B_SPLINE_CURVE_WITH_KNOTS('',6,(#4738,#4739,#4740,#4741,#4742,
    #4743,#4744),.UNSPECIFIED.,.F.,.F.,(7,7),(0.,1.),
  .PIECEWISE_BEZIER_KNOTS.);
#4738 = CARTESIAN_POINT('',(45.25859375,4.47265625,4.));
#4739 = CARTESIAN_POINT('',(45.27810974938,4.494646108457,4.));
#4740 = CARTESIAN_POINT('',(45.308675502155,4.525853199532,4.));
#4741 = CARTESIAN_POINT('',(45.349558550069,4.565617615884,4.));
#4742 = CARTESIAN_POINT('',(45.399520297138,4.612873389409,4.));
#4743 = CARTESIAN_POINT('',(45.457318866039,4.666564345163,4.));
#4744 = CARTESIAN_POINT('',(45.521875,4.72578125,4.));
#4745 = PCURVE('',#44,#4746);
#4746 = DEFINITIONAL_REPRESENTATION('',(#4747),#4755);
#4747 = B_SPLINE_CURVE_WITH_KNOTS('',6,(#4748,#4749,#4750,#4751,#4752,
    #4753,#4754),.UNSPECIFIED.,.F.,.F.,(7,7),(0.,1.),
  .PIECEWISE_BEZIER_KNOTS.);
#4748 = CARTESIAN_POINT('',(45.25859375,4.47265625));
#4749 = CARTESIAN_POINT('',(45.27810974938,4.494646108457));
#4750 = CARTESIAN_POINT('',(45.308675502155,4.525853199532));
#4751 = CARTESIAN_POINT('',(45.349558550069,4.565617615884));
#4752 = CARTESIAN_POINT('',(45.399520297138,4.612873389409));
#4753 = CARTESIAN_POINT('',(45.457318866039,4.666564345163));
#4754 = CARTESIAN_POINT('',(45.521875,4.72578125));
#4755 = ( GEOMETRIC_REPRESENTATION_CONTEXT(2) 
PARAMETRIC_REPRESENTATION_CONTEXT() REPRESENTATION_CONTEXT('2D SPACE',''
  ) );
#4756 = PCURVE('',#4757,#4764);
#4757 = SURFACE_OF_LINEAR_EXTRUSION('',#4758,#4762);
#4758 = B_SPLINE_CURVE_WITH_KNOTS('',2,(#4759,#4760,#4761),
  .UNSPECIFIED.,.F.,.F.,(3,3),(0.,1.),.PIECEWISE_BEZIER_KNOTS.);
#4759 = CARTESIAN_POINT('',(45.521875,4.72578125,3.95));
#4760 = CARTESIAN_POINT('',(45.3140625,4.53515625,3.95));
#4761 = CARTESIAN_POINT('',(45.25859375,4.47265625,3.95));
#4762 = VECTOR('',#4763,1.);
#4763 = DIRECTION('',(-0.,-0.,-1.));
#4764 = DEFINITIONAL_REPRESENTATION('',(#4765),#4773);
#4765 = B_SPLINE_CURVE_WITH_KNOTS('',6,(#4766,#4767,#4768,#4769,#4770,
    #4771,#4772),.UNSPECIFIED.,.F.,.F.,(7,7),(0.,1.),
  .PIECEWISE_BEZIER_KNOTS.);
#4766 = CARTESIAN_POINT('',(1.,-5.E-02));
#4767 = CARTESIAN_POINT('',(0.824081132346,-5.E-02));
#4768 = CARTESIAN_POINT('',(0.650556472372,-5.E-02));
#4769 = CARTESIAN_POINT('',(0.480810655424,-5.E-02));
#4770 = CARTESIAN_POINT('',(0.315609552438,-5.E-02));
#4771 = CARTESIAN_POINT('',(0.15532302908,-5.E-02));
#4772 = CARTESIAN_POINT('',(0.,-5.E-02));
#4773 = ( GEOMETRIC_REPRESENTATION_CONTEXT(2) 
PARAMETRIC_REPRESENTATION_CONTEXT() REPRESENTATION_CONTEXT('2D SPACE',''
  ) );
#4774 = ORIENTED_EDGE('',*,*,#4775,.F.);
#4775 = EDGE_CURVE('',#3904,#4734,#4776,.T.);
#4776 = SURFACE_CURVE('',#4777,(#4783,#4792),.PCURVE_S1.);
#4777 = B_SPLINE_CURVE_WITH_KNOTS('',4,(#4778,#4779,#4780,#4781,#4782),
  .UNSPECIFIED.,.F.,.F.,(5,5),(0.,1.),.PIECEWISE_BEZIER_KNOTS.);
#4778 = CARTESIAN_POINT('',(45.16875,4.35078125,4.));
#4779 = CARTESIAN_POINT('',(45.185973286933,4.380530563793,4.));
#4780 = CARTESIAN_POINT('',(45.206706304792,4.410767361061,4.));
#4781 = CARTESIAN_POINT('',(45.230924973858,4.441480164206,4.));
#4782 = CARTESIAN_POINT('',(45.25859375,4.47265625,4.));
#4783 = PCURVE('',#44,#4784);
#4784 = DEFINITIONAL_REPRESENTATION('',(#4785),#4791);
#4785 = B_SPLINE_CURVE_WITH_KNOTS('',4,(#4786,#4787,#4788,#4789,#4790),
  .UNSPECIFIED.,.F.,.F.,(5,5),(0.,1.),.PIECEWISE_BEZIER_KNOTS.);
#4786 = CARTESIAN_POINT('',(45.16875,4.35078125));
#4787 = CARTESIAN_POINT('',(45.185973286933,4.380530563793));
#4788 = CARTESIAN_POINT('',(45.206706304792,4.410767361061));
#4789 = CARTESIAN_POINT('',(45.230924973858,4.441480164206));
#4790 = CARTESIAN_POINT('',(45.25859375,4.47265625));
#4791 = ( GEOMETRIC_REPRESENTATION_CONTEXT(2) 
PARAMETRIC_REPRESENTATION_CONTEXT() REPRESENTATION_CONTEXT('2D SPACE',''
  ) );
#4792 = PCURVE('',#4793,#4800);
#4793 = SURFACE_OF_LINEAR_EXTRUSION('',#4794,#4798);
#4794 = B_SPLINE_CURVE_WITH_KNOTS('',2,(#4795,#4796,#4797),
  .UNSPECIFIED.,.F.,.F.,(3,3),(0.,1.),.PIECEWISE_BEZIER_KNOTS.);
#4795 = CARTESIAN_POINT('',(45.25859375,4.47265625,3.95));
#4796 = CARTESIAN_POINT('',(45.203125,4.41015625,3.95));
#4797 = CARTESIAN_POINT('',(45.16875,4.35078125,3.95));
#4798 = VECTOR('',#4799,1.);
#4799 = DIRECTION('',(-0.,-0.,-1.));
#4800 = DEFINITIONAL_REPRESENTATION('',(#4801),#4807);
#4801 = B_SPLINE_CURVE_WITH_KNOTS('',4,(#4802,#4803,#4804,#4805,#4806),
  .UNSPECIFIED.,.F.,.F.,(5,5),(0.,1.),.PIECEWISE_BEZIER_KNOTS.);
#4802 = CARTESIAN_POINT('',(1.,-5.E-02));
#4803 = CARTESIAN_POINT('',(0.749479462798,-5.E-02));
#4804 = CARTESIAN_POINT('',(0.499258070962,-5.E-02));
#4805 = CARTESIAN_POINT('',(0.249408686349,-5.E-02));
#4806 = CARTESIAN_POINT('',(0.,-5.E-02));
#4807 = ( GEOMETRIC_REPRESENTATION_CONTEXT(2) 
PARAMETRIC_REPRESENTATION_CONTEXT() REPRESENTATION_CONTEXT('2D SPACE',''
  ) );
#4808 = FACE_BOUND('',#4809,.T.);
#4809 = EDGE_LOOP('',(#4810,#4838,#4864,#4890,#4916,#4942,#4968,#4994));
#4810 = ORIENTED_EDGE('',*,*,#4811,.F.);
#4811 = EDGE_CURVE('',#4812,#4814,#4816,.T.);
#4812 = VERTEX_POINT('',#4813);
#4813 = CARTESIAN_POINT('',(64.546875,3.94296875,4.));
#4814 = VERTEX_POINT('',#4815);
#4815 = CARTESIAN_POINT('',(65.009375,3.94296875,4.));
#4816 = SURFACE_CURVE('',#4817,(#4821,#4827),.PCURVE_S1.);
#4817 = LINE('',#4818,#4819);
#4818 = CARTESIAN_POINT('',(32.5046875,3.94296875,4.));
#4819 = VECTOR('',#4820,1.);
#4820 = DIRECTION('',(1.,0.,-0.));
#4821 = PCURVE('',#44,#4822);
#4822 = DEFINITIONAL_REPRESENTATION('',(#4823),#4826);
#4823 = B_SPLINE_CURVE_WITH_KNOTS('',1,(#4824,#4825),.UNSPECIFIED.,.F.,
  .F.,(2,2),(32.0421875,32.5046875),.PIECEWISE_BEZIER_KNOTS.);
#4824 = CARTESIAN_POINT('',(64.546875,3.94296875));
#4825 = CARTESIAN_POINT('',(65.009375,3.94296875));
#4826 = ( GEOMETRIC_REPRESENTATION_CONTEXT(2) 
PARAMETRIC_REPRESENTATION_CONTEXT() REPRESENTATION_CONTEXT('2D SPACE',''
  ) );
#4827 = PCURVE('',#4828,#4833);
#4828 = PLANE('',#4829);
#4829 = AXIS2_PLACEMENT_3D('',#4830,#4831,#4832);
#4830 = CARTESIAN_POINT('',(65.009375,3.94296875,3.95));
#4831 = DIRECTION('',(0.,-1.,0.));
#4832 = DIRECTION('',(-1.,0.,0.));
#4833 = DEFINITIONAL_REPRESENTATION('',(#4834),#4837);
#4834 = B_SPLINE_CURVE_WITH_KNOTS('',1,(#4835,#4836),.UNSPECIFIED.,.F.,
  .F.,(2,2),(32.0421875,32.5046875),.PIECEWISE_BEZIER_KNOTS.);
#4835 = CARTESIAN_POINT('',(0.4625,-5.E-02));
#4836 = CARTESIAN_POINT('',(0.,-5.E-02));
#4837 = ( GEOMETRIC_REPRESENTATION_CONTEXT(2) 
PARAMETRIC_REPRESENTATION_CONTEXT() REPRESENTATION_CONTEXT('2D SPACE',''
  ) );
#4838 = ORIENTED_EDGE('',*,*,#4839,.F.);
#4839 = EDGE_CURVE('',#4840,#4812,#4842,.T.);
#4840 = VERTEX_POINT('',#4841);
#4841 = CARTESIAN_POINT('',(64.546875,5.84609375,4.));
#4842 = SURFACE_CURVE('',#4843,(#4847,#4853),.PCURVE_S1.);
#4843 = LINE('',#4844,#4845);
#4844 = CARTESIAN_POINT('',(64.546875,1.971484375,4.));
#4845 = VECTOR('',#4846,1.);
#4846 = DIRECTION('',(0.,-1.,0.));
#4847 = PCURVE('',#44,#4848);
#4848 = DEFINITIONAL_REPRESENTATION('',(#4849),#4852);
#4849 = B_SPLINE_CURVE_WITH_KNOTS('',1,(#4850,#4851),.UNSPECIFIED.,.F.,
  .F.,(2,2),(-3.874609375,-1.971484375),.PIECEWISE_BEZIER_KNOTS.);
#4850 = CARTESIAN_POINT('',(64.546875,5.84609375));
#4851 = CARTESIAN_POINT('',(64.546875,3.94296875));
#4852 = ( GEOMETRIC_REPRESENTATION_CONTEXT(2) 
PARAMETRIC_REPRESENTATION_CONTEXT() REPRESENTATION_CONTEXT('2D SPACE',''
  ) );
#4853 = PCURVE('',#4854,#4859);
#4854 = PLANE('',#4855);
#4855 = AXIS2_PLACEMENT_3D('',#4856,#4857,#4858);
#4856 = CARTESIAN_POINT('',(64.546875,3.94296875,3.95));
#4857 = DIRECTION('',(-1.,0.,0.));
#4858 = DIRECTION('',(0.,1.,0.));
#4859 = DEFINITIONAL_REPRESENTATION('',(#4860),#4863);
#4860 = B_SPLINE_CURVE_WITH_KNOTS('',1,(#4861,#4862),.UNSPECIFIED.,.F.,
  .F.,(2,2),(-3.874609375,-1.971484375),.PIECEWISE_BEZIER_KNOTS.);
#4861 = CARTESIAN_POINT('',(1.903125,-5.E-02));
#4862 = CARTESIAN_POINT('',(0.,-5.E-02));
#4863 = ( GEOMETRIC_REPRESENTATION_CONTEXT(2) 
PARAMETRIC_REPRESENTATION_CONTEXT() REPRESENTATION_CONTEXT('2D SPACE',''
  ) );
#4864 = ORIENTED_EDGE('',*,*,#4865,.F.);
#4865 = EDGE_CURVE('',#4866,#4840,#4868,.T.);
#4866 = VERTEX_POINT('',#4867);
#4867 = CARTESIAN_POINT('',(63.8671875,5.84609375,4.));
#4868 = SURFACE_CURVE('',#4869,(#4873,#4879),.PCURVE_S1.);
#4869 = LINE('',#4870,#4871);
#4870 = CARTESIAN_POINT('',(32.2734375,5.84609375,4.));
#4871 = VECTOR('',#4872,1.);
#4872 = DIRECTION('',(1.,0.,-0.));
#4873 = PCURVE('',#44,#4874);
#4874 = DEFINITIONAL_REPRESENTATION('',(#4875),#4878);
#4875 = B_SPLINE_CURVE_WITH_KNOTS('',1,(#4876,#4877),.UNSPECIFIED.,.F.,
  .F.,(2,2),(31.59375,32.2734375),.PIECEWISE_BEZIER_KNOTS.);
#4876 = CARTESIAN_POINT('',(63.8671875,5.84609375));
#4877 = CARTESIAN_POINT('',(64.546875,5.84609375));
#4878 = ( GEOMETRIC_REPRESENTATION_CONTEXT(2) 
PARAMETRIC_REPRESENTATION_CONTEXT() REPRESENTATION_CONTEXT('2D SPACE',''
  ) );
#4879 = PCURVE('',#4880,#4885);
#4880 = PLANE('',#4881);
#4881 = AXIS2_PLACEMENT_3D('',#4882,#4883,#4884);
#4882 = CARTESIAN_POINT('',(64.546875,5.84609375,3.95));
#4883 = DIRECTION('',(0.,-1.,0.));
#4884 = DIRECTION('',(-1.,0.,0.));
#4885 = DEFINITIONAL_REPRESENTATION('',(#4886),#4889);
#4886 = B_SPLINE_CURVE_WITH_KNOTS('',1,(#4887,#4888),.UNSPECIFIED.,.F.,
  .F.,(2,2),(31.59375,32.2734375),.PIECEWISE_BEZIER_KNOTS.);
#4887 = CARTESIAN_POINT('',(0.6796875,-5.E-02));
#4888 = CARTESIAN_POINT('',(0.,-5.E-02));
#4889 = ( GEOMETRIC_REPRESENTATION_CONTEXT(2) 
PARAMETRIC_REPRESENTATION_CONTEXT() REPRESENTATION_CONTEXT('2D SPACE',''
  ) );
#4890 = ORIENTED_EDGE('',*,*,#4891,.F.);
#4891 = EDGE_CURVE('',#4892,#4866,#4894,.T.);
#4892 = VERTEX_POINT('',#4893);
#4893 = CARTESIAN_POINT('',(63.8671875,6.23359375,4.));
#4894 = SURFACE_CURVE('',#4895,(#4899,#4905),.PCURVE_S1.);
#4895 = LINE('',#4896,#4897);
#4896 = CARTESIAN_POINT('',(63.8671875,2.923046875,4.));
#4897 = VECTOR('',#4898,1.);
#4898 = DIRECTION('',(0.,-1.,0.));
#4899 = PCURVE('',#44,#4900);
#4900 = DEFINITIONAL_REPRESENTATION('',(#4901),#4904);
#4901 = B_SPLINE_CURVE_WITH_KNOTS('',1,(#4902,#4903),.UNSPECIFIED.,.F.,
  .F.,(2,2),(-3.310546875,-2.923046875),.PIECEWISE_BEZIER_KNOTS.);
#4902 = CARTESIAN_POINT('',(63.8671875,6.23359375));
#4903 = CARTESIAN_POINT('',(63.8671875,5.84609375));
#4904 = ( GEOMETRIC_REPRESENTATION_CONTEXT(2) 
PARAMETRIC_REPRESENTATION_CONTEXT() REPRESENTATION_CONTEXT('2D SPACE',''
  ) );
#4905 = PCURVE('',#4906,#4911);
#4906 = PLANE('',#4907);
#4907 = AXIS2_PLACEMENT_3D('',#4908,#4909,#4910);
#4908 = CARTESIAN_POINT('',(63.8671875,5.84609375,3.95));
#4909 = DIRECTION('',(-1.,0.,0.));
#4910 = DIRECTION('',(0.,1.,0.));
#4911 = DEFINITIONAL_REPRESENTATION('',(#4912),#4915);
#4912 = B_SPLINE_CURVE_WITH_KNOTS('',1,(#4913,#4914),.UNSPECIFIED.,.F.,
  .F.,(2,2),(-3.310546875,-2.923046875),.PIECEWISE_BEZIER_KNOTS.);
#4913 = CARTESIAN_POINT('',(0.3875,-5.E-02));
#4914 = CARTESIAN_POINT('',(0.,-5.E-02));
#4915 = ( GEOMETRIC_REPRESENTATION_CONTEXT(2) 
PARAMETRIC_REPRESENTATION_CONTEXT() REPRESENTATION_CONTEXT('2D SPACE',''
  ) );
#4916 = ORIENTED_EDGE('',*,*,#4917,.F.);
#4917 = EDGE_CURVE('',#4918,#4892,#4920,.T.);
#4918 = VERTEX_POINT('',#4919);
#4919 = CARTESIAN_POINT('',(65.6875,6.23359375,4.));
#4920 = SURFACE_CURVE('',#4921,(#4925,#4931),.PCURVE_S1.);
#4921 = LINE('',#4922,#4923);
#4922 = CARTESIAN_POINT('',(31.93359375,6.23359375,4.));
#4923 = VECTOR('',#4924,1.);
#4924 = DIRECTION('',(-1.,0.,0.));
#4925 = PCURVE('',#44,#4926);
#4926 = DEFINITIONAL_REPRESENTATION('',(#4927),#4930);
#4927 = B_SPLINE_CURVE_WITH_KNOTS('',1,(#4928,#4929),.UNSPECIFIED.,.F.,
  .F.,(2,2),(-33.75390625,-31.93359375),.PIECEWISE_BEZIER_KNOTS.);
#4928 = CARTESIAN_POINT('',(65.6875,6.23359375));
#4929 = CARTESIAN_POINT('',(63.8671875,6.23359375));
#4930 = ( GEOMETRIC_REPRESENTATION_CONTEXT(2) 
PARAMETRIC_REPRESENTATION_CONTEXT() REPRESENTATION_CONTEXT('2D SPACE',''
  ) );
#4931 = PCURVE('',#4932,#4937);
#4932 = PLANE('',#4933);
#4933 = AXIS2_PLACEMENT_3D('',#4934,#4935,#4936);
#4934 = CARTESIAN_POINT('',(63.8671875,6.23359375,3.95));
#4935 = DIRECTION('',(0.,1.,0.));
#4936 = DIRECTION('',(1.,0.,0.));
#4937 = DEFINITIONAL_REPRESENTATION('',(#4938),#4941);
#4938 = B_SPLINE_CURVE_WITH_KNOTS('',1,(#4939,#4940),.UNSPECIFIED.,.F.,
  .F.,(2,2),(-33.75390625,-31.93359375),.PIECEWISE_BEZIER_KNOTS.);
#4939 = CARTESIAN_POINT('',(1.8203125,-5.E-02));
#4940 = CARTESIAN_POINT('',(0.,-5.E-02));
#4941 = ( GEOMETRIC_REPRESENTATION_CONTEXT(2) 
PARAMETRIC_REPRESENTATION_CONTEXT() REPRESENTATION_CONTEXT('2D SPACE',''
  ) );
#4942 = ORIENTED_EDGE('',*,*,#4943,.F.);
#4943 = EDGE_CURVE('',#4944,#4918,#4946,.T.);
#4944 = VERTEX_POINT('',#4945);
#4945 = CARTESIAN_POINT('',(65.6875,5.84609375,4.));
#4946 = SURFACE_CURVE('',#4947,(#4951,#4957),.PCURVE_S1.);
#4947 = LINE('',#4948,#4949);
#4948 = CARTESIAN_POINT('',(65.6875,3.116796875,4.));
#4949 = VECTOR('',#4950,1.);
#4950 = DIRECTION('',(0.,1.,0.));
#4951 = PCURVE('',#44,#4952);
#4952 = DEFINITIONAL_REPRESENTATION('',(#4953),#4956);
#4953 = B_SPLINE_CURVE_WITH_KNOTS('',1,(#4954,#4955),.UNSPECIFIED.,.F.,
  .F.,(2,2),(2.729296875,3.116796875),.PIECEWISE_BEZIER_KNOTS.);
#4954 = CARTESIAN_POINT('',(65.6875,5.84609375));
#4955 = CARTESIAN_POINT('',(65.6875,6.23359375));
#4956 = ( GEOMETRIC_REPRESENTATION_CONTEXT(2) 
PARAMETRIC_REPRESENTATION_CONTEXT() REPRESENTATION_CONTEXT('2D SPACE',''
  ) );
#4957 = PCURVE('',#4958,#4963);
#4958 = PLANE('',#4959);
#4959 = AXIS2_PLACEMENT_3D('',#4960,#4961,#4962);
#4960 = CARTESIAN_POINT('',(65.6875,6.23359375,3.95));
#4961 = DIRECTION('',(1.,0.,0.));
#4962 = DIRECTION('',(0.,-1.,0.));
#4963 = DEFINITIONAL_REPRESENTATION('',(#4964),#4967);
#4964 = B_SPLINE_CURVE_WITH_KNOTS('',1,(#4965,#4966),.UNSPECIFIED.,.F.,
  .F.,(2,2),(2.729296875,3.116796875),.PIECEWISE_BEZIER_KNOTS.);
#4965 = CARTESIAN_POINT('',(0.3875,-5.E-02));
#4966 = CARTESIAN_POINT('',(0.,-5.E-02));
#4967 = ( GEOMETRIC_REPRESENTATION_CONTEXT(2) 
PARAMETRIC_REPRESENTATION_CONTEXT() REPRESENTATION_CONTEXT('2D SPACE',''
  ) );
#4968 = ORIENTED_EDGE('',*,*,#4969,.F.);
#4969 = EDGE_CURVE('',#4970,#4944,#4972,.T.);
#4970 = VERTEX_POINT('',#4971);
#4971 = CARTESIAN_POINT('',(65.009375,5.84609375,4.));
#4972 = SURFACE_CURVE('',#4973,(#4977,#4983),.PCURVE_S1.);
#4973 = LINE('',#4974,#4975);
#4974 = CARTESIAN_POINT('',(32.84375,5.84609375,4.));
#4975 = VECTOR('',#4976,1.);
#4976 = DIRECTION('',(1.,0.,-0.));
#4977 = PCURVE('',#44,#4978);
#4978 = DEFINITIONAL_REPRESENTATION('',(#4979),#4982);
#4979 = B_SPLINE_CURVE_WITH_KNOTS('',1,(#4980,#4981),.UNSPECIFIED.,.F.,
  .F.,(2,2),(32.165625,32.84375),.PIECEWISE_BEZIER_KNOTS.);
#4980 = CARTESIAN_POINT('',(65.009375,5.84609375));
#4981 = CARTESIAN_POINT('',(65.6875,5.84609375));
#4982 = ( GEOMETRIC_REPRESENTATION_CONTEXT(2) 
PARAMETRIC_REPRESENTATION_CONTEXT() REPRESENTATION_CONTEXT('2D SPACE',''
  ) );
#4983 = PCURVE('',#4984,#4989);
#4984 = PLANE('',#4985);
#4985 = AXIS2_PLACEMENT_3D('',#4986,#4987,#4988);
#4986 = CARTESIAN_POINT('',(65.6875,5.84609375,3.95));
#4987 = DIRECTION('',(0.,-1.,0.));
#4988 = DIRECTION('',(-1.,0.,0.));
#4989 = DEFINITIONAL_REPRESENTATION('',(#4990),#4993);
#4990 = B_SPLINE_CURVE_WITH_KNOTS('',1,(#4991,#4992),.UNSPECIFIED.,.F.,
  .F.,(2,2),(32.165625,32.84375),.PIECEWISE_BEZIER_KNOTS.);
#4991 = CARTESIAN_POINT('',(0.678125,-5.E-02));
#4992 = CARTESIAN_POINT('',(0.,-5.E-02));
#4993 = ( GEOMETRIC_REPRESENTATION_CONTEXT(2) 
PARAMETRIC_REPRESENTATION_CONTEXT() REPRESENTATION_CONTEXT('2D SPACE',''
  ) );
#4994 = ORIENTED_EDGE('',*,*,#4995,.F.);
#4995 = EDGE_CURVE('',#4814,#4970,#4996,.T.);
#4996 = SURFACE_CURVE('',#4997,(#5001,#5007),.PCURVE_S1.);
#4997 = LINE('',#4998,#4999);
#4998 = CARTESIAN_POINT('',(65.009375,2.923046875,4.));
#4999 = VECTOR('',#5000,1.);
#5000 = DIRECTION('',(0.,1.,0.));
#5001 = PCURVE('',#44,#5002);
#5002 = DEFINITIONAL_REPRESENTATION('',(#5003),#5006);
#5003 = B_SPLINE_CURVE_WITH_KNOTS('',1,(#5004,#5005),.UNSPECIFIED.,.F.,
  .F.,(2,2),(1.019921875,2.923046875),.PIECEWISE_BEZIER_KNOTS.);
#5004 = CARTESIAN_POINT('',(65.009375,3.94296875));
#5005 = CARTESIAN_POINT('',(65.009375,5.84609375));
#5006 = ( GEOMETRIC_REPRESENTATION_CONTEXT(2) 
PARAMETRIC_REPRESENTATION_CONTEXT() REPRESENTATION_CONTEXT('2D SPACE',''
  ) );
#5007 = PCURVE('',#5008,#5013);
#5008 = PLANE('',#5009);
#5009 = AXIS2_PLACEMENT_3D('',#5010,#5011,#5012);
#5010 = CARTESIAN_POINT('',(65.009375,5.84609375,3.95));
#5011 = DIRECTION('',(1.,0.,0.));
#5012 = DIRECTION('',(0.,-1.,0.));
#5013 = DEFINITIONAL_REPRESENTATION('',(#5014),#5017);
#5014 = B_SPLINE_CURVE_WITH_KNOTS('',1,(#5015,#5016),.UNSPECIFIED.,.F.,
  .F.,(2,2),(1.019921875,2.923046875),.PIECEWISE_BEZIER_KNOTS.);
#5015 = CARTESIAN_POINT('',(1.903125,-5.E-02));
#5016 = CARTESIAN_POINT('',(0.,-5.E-02));
#5017 = ( GEOMETRIC_REPRESENTATION_CONTEXT(2) 
PARAMETRIC_REPRESENTATION_CONTEXT() REPRESENTATION_CONTEXT('2D SPACE',''
  ) );
#5018 = FACE_BOUND('',#5019,.T.);
#5019 = EDGE_LOOP('',(#5020,#5048,#5074,#5100));
#5020 = ORIENTED_EDGE('',*,*,#5021,.F.);
#5021 = EDGE_CURVE('',#5022,#5024,#5026,.T.);
#5022 = VERTEX_POINT('',#5023);
#5023 = CARTESIAN_POINT('',(67.7625,3.94296875,4.));
#5024 = VERTEX_POINT('',#5025);
#5025 = CARTESIAN_POINT('',(68.2015625,3.94296875,4.));
#5026 = SURFACE_CURVE('',#5027,(#5031,#5037),.PCURVE_S1.);
#5027 = LINE('',#5028,#5029);
#5028 = CARTESIAN_POINT('',(34.10078125,3.94296875,4.));
#5029 = VECTOR('',#5030,1.);
#5030 = DIRECTION('',(1.,0.,-0.));
#5031 = PCURVE('',#44,#5032);
#5032 = DEFINITIONAL_REPRESENTATION('',(#5033),#5036);
#5033 = B_SPLINE_CURVE_WITH_KNOTS('',1,(#5034,#5035),.UNSPECIFIED.,.F.,
  .F.,(2,2),(33.66171875,34.10078125),.PIECEWISE_BEZIER_KNOTS.);
#5034 = CARTESIAN_POINT('',(67.7625,3.94296875));
#5035 = CARTESIAN_POINT('',(68.2015625,3.94296875));
#5036 = ( GEOMETRIC_REPRESENTATION_CONTEXT(2) 
PARAMETRIC_REPRESENTATION_CONTEXT() REPRESENTATION_CONTEXT('2D SPACE',''
  ) );
#5037 = PCURVE('',#5038,#5043);
#5038 = PLANE('',#5039);
#5039 = AXIS2_PLACEMENT_3D('',#5040,#5041,#5042);
#5040 = CARTESIAN_POINT('',(68.2015625,3.94296875,3.95));
#5041 = DIRECTION('',(0.,-1.,0.));
#5042 = DIRECTION('',(-1.,0.,0.));
#5043 = DEFINITIONAL_REPRESENTATION('',(#5044),#5047);
#5044 = B_SPLINE_CURVE_WITH_KNOTS('',1,(#5045,#5046),.UNSPECIFIED.,.F.,
  .F.,(2,2),(33.66171875,34.10078125),.PIECEWISE_BEZIER_KNOTS.);
#5045 = CARTESIAN_POINT('',(0.4390625,-5.E-02));
#5046 = CARTESIAN_POINT('',(0.,-5.E-02));
#5047 = ( GEOMETRIC_REPRESENTATION_CONTEXT(2) 
PARAMETRIC_REPRESENTATION_CONTEXT() REPRESENTATION_CONTEXT('2D SPACE',''
  ) );
#5048 = ORIENTED_EDGE('',*,*,#5049,.F.);
#5049 = EDGE_CURVE('',#5050,#5022,#5052,.T.);
#5050 = VERTEX_POINT('',#5051);
#5051 = CARTESIAN_POINT('',(67.7625,4.38203125,4.));
#5052 = SURFACE_CURVE('',#5053,(#5057,#5063),.PCURVE_S1.);
#5053 = LINE('',#5054,#5055);
#5054 = CARTESIAN_POINT('',(67.7625,1.971484375,4.));
#5055 = VECTOR('',#5056,1.);
#5056 = DIRECTION('',(0.,-1.,0.));
#5057 = PCURVE('',#44,#5058);
#5058 = DEFINITIONAL_REPRESENTATION('',(#5059),#5062);
#5059 = B_SPLINE_CURVE_WITH_KNOTS('',1,(#5060,#5061),.UNSPECIFIED.,.F.,
  .F.,(2,2),(-2.410546875,-1.971484375),.PIECEWISE_BEZIER_KNOTS.);
#5060 = CARTESIAN_POINT('',(67.7625,4.38203125));
#5061 = CARTESIAN_POINT('',(67.7625,3.94296875));
#5062 = ( GEOMETRIC_REPRESENTATION_CONTEXT(2) 
PARAMETRIC_REPRESENTATION_CONTEXT() REPRESENTATION_CONTEXT('2D SPACE',''
  ) );
#5063 = PCURVE('',#5064,#5069);
#5064 = PLANE('',#5065);
#5065 = AXIS2_PLACEMENT_3D('',#5066,#5067,#5068);
#5066 = CARTESIAN_POINT('',(67.7625,3.94296875,3.95));
#5067 = DIRECTION('',(-1.,0.,0.));
#5068 = DIRECTION('',(0.,1.,0.));
#5069 = DEFINITIONAL_REPRESENTATION('',(#5070),#5073);
#5070 = B_SPLINE_CURVE_WITH_KNOTS('',1,(#5071,#5072),.UNSPECIFIED.,.F.,
  .F.,(2,2),(-2.410546875,-1.971484375),.PIECEWISE_BEZIER_KNOTS.);
#5071 = CARTESIAN_POINT('',(0.4390625,-5.E-02));
#5072 = CARTESIAN_POINT('',(0.,-5.E-02));
#5073 = ( GEOMETRIC_REPRESENTATION_CONTEXT(2) 
PARAMETRIC_REPRESENTATION_CONTEXT() REPRESENTATION_CONTEXT('2D SPACE',''
  ) );
#5074 = ORIENTED_EDGE('',*,*,#5075,.F.);
#5075 = EDGE_CURVE('',#5076,#5050,#5078,.T.);
#5076 = VERTEX_POINT('',#5077);
#5077 = CARTESIAN_POINT('',(68.2015625,4.38203125,4.));
#5078 = SURFACE_CURVE('',#5079,(#5083,#5089),.PCURVE_S1.);
#5079 = LINE('',#5080,#5081);
#5080 = CARTESIAN_POINT('',(33.88125,4.38203125,4.));
#5081 = VECTOR('',#5082,1.);
#5082 = DIRECTION('',(-1.,0.,0.));
#5083 = PCURVE('',#44,#5084);
#5084 = DEFINITIONAL_REPRESENTATION('',(#5085),#5088);
#5085 = B_SPLINE_CURVE_WITH_KNOTS('',1,(#5086,#5087),.UNSPECIFIED.,.F.,
  .F.,(2,2),(-34.3203125,-33.88125),.PIECEWISE_BEZIER_KNOTS.);
#5086 = CARTESIAN_POINT('',(68.2015625,4.38203125));
#5087 = CARTESIAN_POINT('',(67.7625,4.38203125));
#5088 = ( GEOMETRIC_REPRESENTATION_CONTEXT(2) 
PARAMETRIC_REPRESENTATION_CONTEXT() REPRESENTATION_CONTEXT('2D SPACE',''
  ) );
#5089 = PCURVE('',#5090,#5095);
#5090 = PLANE('',#5091);
#5091 = AXIS2_PLACEMENT_3D('',#5092,#5093,#5094);
#5092 = CARTESIAN_POINT('',(67.7625,4.38203125,3.95));
#5093 = DIRECTION('',(0.,1.,0.));
#5094 = DIRECTION('',(1.,0.,0.));
#5095 = DEFINITIONAL_REPRESENTATION('',(#5096),#5099);
#5096 = B_SPLINE_CURVE_WITH_KNOTS('',1,(#5097,#5098),.UNSPECIFIED.,.F.,
  .F.,(2,2),(-34.3203125,-33.88125),.PIECEWISE_BEZIER_KNOTS.);
#5097 = CARTESIAN_POINT('',(0.4390625,-5.E-02));
#5098 = CARTESIAN_POINT('',(0.,-5.E-02));
#5099 = ( GEOMETRIC_REPRESENTATION_CONTEXT(2) 
PARAMETRIC_REPRESENTATION_CONTEXT() REPRESENTATION_CONTEXT('2D SPACE',''
  ) );
#5100 = ORIENTED_EDGE('',*,*,#5101,.F.);
#5101 = EDGE_CURVE('',#5024,#5076,#5102,.T.);
#5102 = SURFACE_CURVE('',#5103,(#5107,#5113),.PCURVE_S1.);
#5103 = LINE('',#5104,#5105);
#5104 = CARTESIAN_POINT('',(68.2015625,2.191015625,4.));
#5105 = VECTOR('',#5106,1.);
#5106 = DIRECTION('',(0.,1.,0.));
#5107 = PCURVE('',#44,#5108);
#5108 = DEFINITIONAL_REPRESENTATION('',(#5109),#5112);
#5109 = B_SPLINE_CURVE_WITH_KNOTS('',1,(#5110,#5111),.UNSPECIFIED.,.F.,
  .F.,(2,2),(1.751953125,2.191015625),.PIECEWISE_BEZIER_KNOTS.);
#5110 = CARTESIAN_POINT('',(68.2015625,3.94296875));
#5111 = CARTESIAN_POINT('',(68.2015625,4.38203125));
#5112 = ( GEOMETRIC_REPRESENTATION_CONTEXT(2) 
PARAMETRIC_REPRESENTATION_CONTEXT() REPRESENTATION_CONTEXT('2D SPACE',''
  ) );
#5113 = PCURVE('',#5114,#5119);
#5114 = PLANE('',#5115);
#5115 = AXIS2_PLACEMENT_3D('',#5116,#5117,#5118);
#5116 = CARTESIAN_POINT('',(68.2015625,4.38203125,3.95));
#5117 = DIRECTION('',(1.,0.,0.));
#5118 = DIRECTION('',(0.,-1.,0.));
#5119 = DEFINITIONAL_REPRESENTATION('',(#5120),#5123);
#5120 = B_SPLINE_CURVE_WITH_KNOTS('',1,(#5121,#5122),.UNSPECIFIED.,.F.,
  .F.,(2,2),(1.751953125,2.191015625),.PIECEWISE_BEZIER_KNOTS.);
#5121 = CARTESIAN_POINT('',(0.4390625,-5.E-02));
#5122 = CARTESIAN_POINT('',(0.,-5.E-02));
#5123 = ( GEOMETRIC_REPRESENTATION_CONTEXT(2) 
PARAMETRIC_REPRESENTATION_CONTEXT() REPRESENTATION_CONTEXT('2D SPACE',''
  ) );
#5124 = FACE_BOUND('',#5125,.T.);
#5125 = EDGE_LOOP('',(#5126,#5154,#5180,#5206,#5232,#5258,#5284,#5310,
    #5336,#5362,#5388));
#5126 = ORIENTED_EDGE('',*,*,#5127,.F.);
#5127 = EDGE_CURVE('',#5128,#5130,#5132,.T.);
#5128 = VERTEX_POINT('',#5129);
#5129 = CARTESIAN_POINT('',(66.75,3.94296875,4.));
#5130 = VERTEX_POINT('',#5131);
#5131 = CARTESIAN_POINT('',(67.175,3.94296875,4.));
#5132 = SURFACE_CURVE('',#5133,(#5137,#5143),.PCURVE_S1.);
#5133 = LINE('',#5134,#5135);
#5134 = CARTESIAN_POINT('',(33.5875,3.94296875,4.));
#5135 = VECTOR('',#5136,1.);
#5136 = DIRECTION('',(1.,0.,-0.));
#5137 = PCURVE('',#44,#5138);
#5138 = DEFINITIONAL_REPRESENTATION('',(#5139),#5142);
#5139 = B_SPLINE_CURVE_WITH_KNOTS('',1,(#5140,#5141),.UNSPECIFIED.,.F.,
  .F.,(2,2),(33.1625,33.5875),.PIECEWISE_BEZIER_KNOTS.);
#5140 = CARTESIAN_POINT('',(66.75,3.94296875));
#5141 = CARTESIAN_POINT('',(67.175,3.94296875));
#5142 = ( GEOMETRIC_REPRESENTATION_CONTEXT(2) 
PARAMETRIC_REPRESENTATION_CONTEXT() REPRESENTATION_CONTEXT('2D SPACE',''
  ) );
#5143 = PCURVE('',#5144,#5149);
#5144 = PLANE('',#5145);
#5145 = AXIS2_PLACEMENT_3D('',#5146,#5147,#5148);
#5146 = CARTESIAN_POINT('',(67.175,3.94296875,3.95));
#5147 = DIRECTION('',(0.,-1.,0.));
#5148 = DIRECTION('',(-1.,0.,0.));
#5149 = DEFINITIONAL_REPRESENTATION('',(#5150),#5153);
#5150 = B_SPLINE_CURVE_WITH_KNOTS('',1,(#5151,#5152),.UNSPECIFIED.,.F.,
  .F.,(2,2),(33.1625,33.5875),.PIECEWISE_BEZIER_KNOTS.);
#5151 = CARTESIAN_POINT('',(0.425,-5.E-02));
#5152 = CARTESIAN_POINT('',(0.,-5.E-02));
#5153 = ( GEOMETRIC_REPRESENTATION_CONTEXT(2) 
PARAMETRIC_REPRESENTATION_CONTEXT() REPRESENTATION_CONTEXT('2D SPACE',''
  ) );
#5154 = ORIENTED_EDGE('',*,*,#5155,.F.);
#5155 = EDGE_CURVE('',#5156,#5128,#5158,.T.);
#5156 = VERTEX_POINT('',#5157);
#5157 = CARTESIAN_POINT('',(66.75,4.40390625,4.));
#5158 = SURFACE_CURVE('',#5159,(#5163,#5169),.PCURVE_S1.);
#5159 = LINE('',#5160,#5161);
#5160 = CARTESIAN_POINT('',(66.75,1.971484375,4.));
#5161 = VECTOR('',#5162,1.);
#5162 = DIRECTION('',(0.,-1.,0.));
#5163 = PCURVE('',#44,#5164);
#5164 = DEFINITIONAL_REPRESENTATION('',(#5165),#5168);
#5165 = B_SPLINE_CURVE_WITH_KNOTS('',1,(#5166,#5167),.UNSPECIFIED.,.F.,
  .F.,(2,2),(-2.432421875,-1.971484375),.PIECEWISE_BEZIER_KNOTS.);
#5166 = CARTESIAN_POINT('',(66.75,4.40390625));
#5167 = CARTESIAN_POINT('',(66.75,3.94296875));
#5168 = ( GEOMETRIC_REPRESENTATION_CONTEXT(2) 
PARAMETRIC_REPRESENTATION_CONTEXT() REPRESENTATION_CONTEXT('2D SPACE',''
  ) );
#5169 = PCURVE('',#5170,#5175);
#5170 = PLANE('',#5171);
#5171 = AXIS2_PLACEMENT_3D('',#5172,#5173,#5174);
#5172 = CARTESIAN_POINT('',(66.75,3.94296875,3.95));
#5173 = DIRECTION('',(-1.,0.,0.));
#5174 = DIRECTION('',(0.,1.,0.));
#5175 = DEFINITIONAL_REPRESENTATION('',(#5176),#5179);
#5176 = B_SPLINE_CURVE_WITH_KNOTS('',1,(#5177,#5178),.UNSPECIFIED.,.F.,
  .F.,(2,2),(-2.432421875,-1.971484375),.PIECEWISE_BEZIER_KNOTS.);
#5177 = CARTESIAN_POINT('',(0.4609375,-5.E-02));
#5178 = CARTESIAN_POINT('',(0.,-5.E-02));
#5179 = ( GEOMETRIC_REPRESENTATION_CONTEXT(2) 
PARAMETRIC_REPRESENTATION_CONTEXT() REPRESENTATION_CONTEXT('2D SPACE',''
  ) );
#5180 = ORIENTED_EDGE('',*,*,#5181,.F.);
#5181 = EDGE_CURVE('',#5182,#5156,#5184,.T.);
#5182 = VERTEX_POINT('',#5183);
#5183 = CARTESIAN_POINT('',(65.8125,4.40390625,4.));
#5184 = SURFACE_CURVE('',#5185,(#5189,#5195),.PCURVE_S1.);
#5185 = LINE('',#5186,#5187);
#5186 = CARTESIAN_POINT('',(33.375,4.40390625,4.));
#5187 = VECTOR('',#5188,1.);
#5188 = DIRECTION('',(1.,0.,-0.));
#5189 = PCURVE('',#44,#5190);
#5190 = DEFINITIONAL_REPRESENTATION('',(#5191),#5194);
#5191 = B_SPLINE_CURVE_WITH_KNOTS('',1,(#5192,#5193),.UNSPECIFIED.,.F.,
  .F.,(2,2),(32.4375,33.375),.PIECEWISE_BEZIER_KNOTS.);
#5192 = CARTESIAN_POINT('',(65.8125,4.40390625));
#5193 = CARTESIAN_POINT('',(66.75,4.40390625));
#5194 = ( GEOMETRIC_REPRESENTATION_CONTEXT(2) 
PARAMETRIC_REPRESENTATION_CONTEXT() REPRESENTATION_CONTEXT('2D SPACE',''
  ) );
#5195 = PCURVE('',#5196,#5201);
#5196 = PLANE('',#5197);
#5197 = AXIS2_PLACEMENT_3D('',#5198,#5199,#5200);
#5198 = CARTESIAN_POINT('',(66.75,4.40390625,3.95));
#5199 = DIRECTION('',(0.,-1.,0.));
#5200 = DIRECTION('',(-1.,0.,0.));
#5201 = DEFINITIONAL_REPRESENTATION('',(#5202),#5205);
#5202 = B_SPLINE_CURVE_WITH_KNOTS('',1,(#5203,#5204),.UNSPECIFIED.,.F.,
  .F.,(2,2),(32.4375,33.375),.PIECEWISE_BEZIER_KNOTS.);
#5203 = CARTESIAN_POINT('',(0.9375,-5.E-02));
#5204 = CARTESIAN_POINT('',(0.,-5.E-02));
#5205 = ( GEOMETRIC_REPRESENTATION_CONTEXT(2) 
PARAMETRIC_REPRESENTATION_CONTEXT() REPRESENTATION_CONTEXT('2D SPACE',''
  ) );
#5206 = ORIENTED_EDGE('',*,*,#5207,.F.);
#5207 = EDGE_CURVE('',#5208,#5182,#5210,.T.);
#5208 = VERTEX_POINT('',#5209);
#5209 = CARTESIAN_POINT('',(65.8125,4.78828125,4.));
#5210 = SURFACE_CURVE('',#5211,(#5215,#5221),.PCURVE_S1.);
#5211 = LINE('',#5212,#5213);
#5212 = CARTESIAN_POINT('',(65.8125,2.201953125,4.));
#5213 = VECTOR('',#5214,1.);
#5214 = DIRECTION('',(0.,-1.,0.));
#5215 = PCURVE('',#44,#5216);
#5216 = DEFINITIONAL_REPRESENTATION('',(#5217),#5220);
#5217 = B_SPLINE_CURVE_WITH_KNOTS('',1,(#5218,#5219),.UNSPECIFIED.,.F.,
  .F.,(2,2),(-2.586328125,-2.201953125),.PIECEWISE_BEZIER_KNOTS.);
#5218 = CARTESIAN_POINT('',(65.8125,4.78828125));
#5219 = CARTESIAN_POINT('',(65.8125,4.40390625));
#5220 = ( GEOMETRIC_REPRESENTATION_CONTEXT(2) 
PARAMETRIC_REPRESENTATION_CONTEXT() REPRESENTATION_CONTEXT('2D SPACE',''
  ) );
#5221 = PCURVE('',#5222,#5227);
#5222 = PLANE('',#5223);
#5223 = AXIS2_PLACEMENT_3D('',#5224,#5225,#5226);
#5224 = CARTESIAN_POINT('',(65.8125,4.40390625,3.95));
#5225 = DIRECTION('',(-1.,0.,0.));
#5226 = DIRECTION('',(0.,1.,0.));
#5227 = DEFINITIONAL_REPRESENTATION('',(#5228),#5231);
#5228 = B_SPLINE_CURVE_WITH_KNOTS('',1,(#5229,#5230),.UNSPECIFIED.,.F.,
  .F.,(2,2),(-2.586328125,-2.201953125),.PIECEWISE_BEZIER_KNOTS.);
#5229 = CARTESIAN_POINT('',(0.384375,-5.E-02));
#5230 = CARTESIAN_POINT('',(0.,-5.E-02));
#5231 = ( GEOMETRIC_REPRESENTATION_CONTEXT(2) 
PARAMETRIC_REPRESENTATION_CONTEXT() REPRESENTATION_CONTEXT('2D SPACE',''
  ) );
#5232 = ORIENTED_EDGE('',*,*,#5233,.F.);
#5233 = EDGE_CURVE('',#5234,#5208,#5236,.T.);
#5234 = VERTEX_POINT('',#5235);
#5235 = CARTESIAN_POINT('',(66.80625,6.24296875,4.));
#5236 = SURFACE_CURVE('',#5237,(#5241,#5247),.PCURVE_S1.);
#5237 = LINE('',#5238,#5239);
#5238 = CARTESIAN_POINT('',(54.227072765135,-12.17088974946,4.));
#5239 = VECTOR('',#5240,1.);
#5240 = DIRECTION('',(-0.564079656222,-0.825720377268,0.));
#5241 = PCURVE('',#44,#5242);
#5242 = DEFINITIONAL_REPRESENTATION('',(#5243),#5246);
#5243 = B_SPLINE_CURVE_WITH_KNOTS('',1,(#5244,#5245),.UNSPECIFIED.,.F.,
  .F.,(2,2),(-22.30035615734,-20.53863688766),.PIECEWISE_BEZIER_KNOTS.);
#5244 = CARTESIAN_POINT('',(66.80625,6.24296875));
#5245 = CARTESIAN_POINT('',(65.8125,4.78828125));
#5246 = ( GEOMETRIC_REPRESENTATION_CONTEXT(2) 
PARAMETRIC_REPRESENTATION_CONTEXT() REPRESENTATION_CONTEXT('2D SPACE',''
  ) );
#5247 = PCURVE('',#5248,#5253);
#5248 = PLANE('',#5249);
#5249 = AXIS2_PLACEMENT_3D('',#5250,#5251,#5252);
#5250 = CARTESIAN_POINT('',(65.8125,4.78828125,3.95));
#5251 = DIRECTION('',(-0.825720377268,0.564079656222,0.));
#5252 = DIRECTION('',(0.564079656222,0.825720377268,0.));
#5253 = DEFINITIONAL_REPRESENTATION('',(#5254),#5257);
#5254 = B_SPLINE_CURVE_WITH_KNOTS('',1,(#5255,#5256),.UNSPECIFIED.,.F.,
  .F.,(2,2),(-22.30035615734,-20.53863688766),.PIECEWISE_BEZIER_KNOTS.);
#5255 = CARTESIAN_POINT('',(1.761719269678,-5.E-02));
#5256 = CARTESIAN_POINT('',(0.,-5.E-02));
#5257 = ( GEOMETRIC_REPRESENTATION_CONTEXT(2) 
PARAMETRIC_REPRESENTATION_CONTEXT() REPRESENTATION_CONTEXT('2D SPACE',''
  ) );
#5258 = ORIENTED_EDGE('',*,*,#5259,.F.);
#5259 = EDGE_CURVE('',#5260,#5234,#5262,.T.);
#5260 = VERTEX_POINT('',#5261);
#5261 = CARTESIAN_POINT('',(67.175,6.24296875,4.));
#5262 = SURFACE_CURVE('',#5263,(#5267,#5273),.PCURVE_S1.);
#5263 = LINE('',#5264,#5265);
#5264 = CARTESIAN_POINT('',(33.403125,6.24296875,4.));
#5265 = VECTOR('',#5266,1.);
#5266 = DIRECTION('',(-1.,0.,0.));
#5267 = PCURVE('',#44,#5268);
#5268 = DEFINITIONAL_REPRESENTATION('',(#5269),#5272);
#5269 = B_SPLINE_CURVE_WITH_KNOTS('',1,(#5270,#5271),.UNSPECIFIED.,.F.,
  .F.,(2,2),(-33.771875,-33.403125),.PIECEWISE_BEZIER_KNOTS.);
#5270 = CARTESIAN_POINT('',(67.175,6.24296875));
#5271 = CARTESIAN_POINT('',(66.80625,6.24296875));
#5272 = ( GEOMETRIC_REPRESENTATION_CONTEXT(2) 
PARAMETRIC_REPRESENTATION_CONTEXT() REPRESENTATION_CONTEXT('2D SPACE',''
  ) );
#5273 = PCURVE('',#5274,#5279);
#5274 = PLANE('',#5275);
#5275 = AXIS2_PLACEMENT_3D('',#5276,#5277,#5278);
#5276 = CARTESIAN_POINT('',(66.80625,6.24296875,3.95));
#5277 = DIRECTION('',(0.,1.,0.));
#5278 = DIRECTION('',(1.,0.,0.));
#5279 = DEFINITIONAL_REPRESENTATION('',(#5280),#5283);
#5280 = B_SPLINE_CURVE_WITH_KNOTS('',1,(#5281,#5282),.UNSPECIFIED.,.F.,
  .F.,(2,2),(-33.771875,-33.403125),.PIECEWISE_BEZIER_KNOTS.);
#5281 = CARTESIAN_POINT('',(0.36875,-5.E-02));
#5282 = CARTESIAN_POINT('',(0.,-5.E-02));
#5283 = ( GEOMETRIC_REPRESENTATION_CONTEXT(2) 
PARAMETRIC_REPRESENTATION_CONTEXT() REPRESENTATION_CONTEXT('2D SPACE',''
  ) );
#5284 = ORIENTED_EDGE('',*,*,#5285,.F.);
#5285 = EDGE_CURVE('',#5286,#5260,#5288,.T.);
#5286 = VERTEX_POINT('',#5287);
#5287 = CARTESIAN_POINT('',(67.175,4.78984375,4.));
#5288 = SURFACE_CURVE('',#5289,(#5293,#5299),.PCURVE_S1.);
#5289 = LINE('',#5290,#5291);
#5290 = CARTESIAN_POINT('',(67.175,3.121484375,4.));
#5291 = VECTOR('',#5292,1.);
#5292 = DIRECTION('',(0.,1.,0.));
#5293 = PCURVE('',#44,#5294);
#5294 = DEFINITIONAL_REPRESENTATION('',(#5295),#5298);
#5295 = B_SPLINE_CURVE_WITH_KNOTS('',1,(#5296,#5297),.UNSPECIFIED.,.F.,
  .F.,(2,2),(1.668359375,3.121484375),.PIECEWISE_BEZIER_KNOTS.);
#5296 = CARTESIAN_POINT('',(67.175,4.78984375));
#5297 = CARTESIAN_POINT('',(67.175,6.24296875));
#5298 = ( GEOMETRIC_REPRESENTATION_CONTEXT(2) 
PARAMETRIC_REPRESENTATION_CONTEXT() REPRESENTATION_CONTEXT('2D SPACE',''
  ) );
#5299 = PCURVE('',#5300,#5305);
#5300 = PLANE('',#5301);
#5301 = AXIS2_PLACEMENT_3D('',#5302,#5303,#5304);
#5302 = CARTESIAN_POINT('',(67.175,6.24296875,3.95));
#5303 = DIRECTION('',(1.,0.,0.));
#5304 = DIRECTION('',(0.,-1.,0.));
#5305 = DEFINITIONAL_REPRESENTATION('',(#5306),#5309);
#5306 = B_SPLINE_CURVE_WITH_KNOTS('',1,(#5307,#5308),.UNSPECIFIED.,.F.,
  .F.,(2,2),(1.668359375,3.121484375),.PIECEWISE_BEZIER_KNOTS.);
#5307 = CARTESIAN_POINT('',(1.453125,-5.E-02));
#5308 = CARTESIAN_POINT('',(0.,-5.E-02));
#5309 = ( GEOMETRIC_REPRESENTATION_CONTEXT(2) 
PARAMETRIC_REPRESENTATION_CONTEXT() REPRESENTATION_CONTEXT('2D SPACE',''
  ) );
#5310 = ORIENTED_EDGE('',*,*,#5311,.F.);
#5311 = EDGE_CURVE('',#5312,#5286,#5314,.T.);
#5312 = VERTEX_POINT('',#5313);
#5313 = CARTESIAN_POINT('',(67.459375,4.78984375,4.));
#5314 = SURFACE_CURVE('',#5315,(#5319,#5325),.PCURVE_S1.);
#5315 = LINE('',#5316,#5317);
#5316 = CARTESIAN_POINT('',(33.5875,4.78984375,4.));
#5317 = VECTOR('',#5318,1.);
#5318 = DIRECTION('',(-1.,0.,0.));
#5319 = PCURVE('',#44,#5320);
#5320 = DEFINITIONAL_REPRESENTATION('',(#5321),#5324);
#5321 = B_SPLINE_CURVE_WITH_KNOTS('',1,(#5322,#5323),.UNSPECIFIED.,.F.,
  .F.,(2,2),(-33.871875,-33.5875),.PIECEWISE_BEZIER_KNOTS.);
#5322 = CARTESIAN_POINT('',(67.459375,4.78984375));
#5323 = CARTESIAN_POINT('',(67.175,4.78984375));
#5324 = ( GEOMETRIC_REPRESENTATION_CONTEXT(2) 
PARAMETRIC_REPRESENTATION_CONTEXT() REPRESENTATION_CONTEXT('2D SPACE',''
  ) );
#5325 = PCURVE('',#5326,#5331);
#5326 = PLANE('',#5327);
#5327 = AXIS2_PLACEMENT_3D('',#5328,#5329,#5330);
#5328 = CARTESIAN_POINT('',(67.175,4.78984375,3.95));
#5329 = DIRECTION('',(0.,1.,0.));
#5330 = DIRECTION('',(1.,0.,0.));
#5331 = DEFINITIONAL_REPRESENTATION('',(#5332),#5335);
#5332 = B_SPLINE_CURVE_WITH_KNOTS('',1,(#5333,#5334),.UNSPECIFIED.,.F.,
  .F.,(2,2),(-33.871875,-33.5875),.PIECEWISE_BEZIER_KNOTS.);
#5333 = CARTESIAN_POINT('',(0.284375,-5.E-02));
#5334 = CARTESIAN_POINT('',(0.,-5.E-02));
#5335 = ( GEOMETRIC_REPRESENTATION_CONTEXT(2) 
PARAMETRIC_REPRESENTATION_CONTEXT() REPRESENTATION_CONTEXT('2D SPACE',''
  ) );
#5336 = ORIENTED_EDGE('',*,*,#5337,.F.);
#5337 = EDGE_CURVE('',#5338,#5312,#5340,.T.);
#5338 = VERTEX_POINT('',#5339);
#5339 = CARTESIAN_POINT('',(67.459375,4.40390625,4.));
#5340 = SURFACE_CURVE('',#5341,(#5345,#5351),.PCURVE_S1.);
#5341 = LINE('',#5342,#5343);
#5342 = CARTESIAN_POINT('',(67.459375,2.394921875,4.));
#5343 = VECTOR('',#5344,1.);
#5344 = DIRECTION('',(0.,1.,0.));
#5345 = PCURVE('',#44,#5346);
#5346 = DEFINITIONAL_REPRESENTATION('',(#5347),#5350);
#5347 = B_SPLINE_CURVE_WITH_KNOTS('',1,(#5348,#5349),.UNSPECIFIED.,.F.,
  .F.,(2,2),(2.008984375,2.394921875),.PIECEWISE_BEZIER_KNOTS.);
#5348 = CARTESIAN_POINT('',(67.459375,4.40390625));
#5349 = CARTESIAN_POINT('',(67.459375,4.78984375));
#5350 = ( GEOMETRIC_REPRESENTATION_CONTEXT(2) 
PARAMETRIC_REPRESENTATION_CONTEXT() REPRESENTATION_CONTEXT('2D SPACE',''
  ) );
#5351 = PCURVE('',#5352,#5357);
#5352 = PLANE('',#5353);
#5353 = AXIS2_PLACEMENT_3D('',#5354,#5355,#5356);
#5354 = CARTESIAN_POINT('',(67.459375,4.78984375,3.95));
#5355 = DIRECTION('',(1.,0.,0.));
#5356 = DIRECTION('',(0.,-1.,0.));
#5357 = DEFINITIONAL_REPRESENTATION('',(#5358),#5361);
#5358 = B_SPLINE_CURVE_WITH_KNOTS('',1,(#5359,#5360),.UNSPECIFIED.,.F.,
  .F.,(2,2),(2.008984375,2.394921875),.PIECEWISE_BEZIER_KNOTS.);
#5359 = CARTESIAN_POINT('',(0.3859375,-5.E-02));
#5360 = CARTESIAN_POINT('',(0.,-5.E-02));
#5361 = ( GEOMETRIC_REPRESENTATION_CONTEXT(2) 
PARAMETRIC_REPRESENTATION_CONTEXT() REPRESENTATION_CONTEXT('2D SPACE',''
  ) );
#5362 = ORIENTED_EDGE('',*,*,#5363,.F.);
#5363 = EDGE_CURVE('',#5364,#5338,#5366,.T.);
#5364 = VERTEX_POINT('',#5365);
#5365 = CARTESIAN_POINT('',(67.175,4.40390625,4.));
#5366 = SURFACE_CURVE('',#5367,(#5371,#5377),.PCURVE_S1.);
#5367 = LINE('',#5368,#5369);
#5368 = CARTESIAN_POINT('',(33.7296875,4.40390625,4.));
#5369 = VECTOR('',#5370,1.);
#5370 = DIRECTION('',(1.,0.,-0.));
#5371 = PCURVE('',#44,#5372);
#5372 = DEFINITIONAL_REPRESENTATION('',(#5373),#5376);
#5373 = B_SPLINE_CURVE_WITH_KNOTS('',1,(#5374,#5375),.UNSPECIFIED.,.F.,
  .F.,(2,2),(33.4453125,33.7296875),.PIECEWISE_BEZIER_KNOTS.);
#5374 = CARTESIAN_POINT('',(67.175,4.40390625));
#5375 = CARTESIAN_POINT('',(67.459375,4.40390625));
#5376 = ( GEOMETRIC_REPRESENTATION_CONTEXT(2) 
PARAMETRIC_REPRESENTATION_CONTEXT() REPRESENTATION_CONTEXT('2D SPACE',''
  ) );
#5377 = PCURVE('',#5378,#5383);
#5378 = PLANE('',#5379);
#5379 = AXIS2_PLACEMENT_3D('',#5380,#5381,#5382);
#5380 = CARTESIAN_POINT('',(67.459375,4.40390625,3.95));
#5381 = DIRECTION('',(0.,-1.,0.));
#5382 = DIRECTION('',(-1.,0.,0.));
#5383 = DEFINITIONAL_REPRESENTATION('',(#5384),#5387);
#5384 = B_SPLINE_CURVE_WITH_KNOTS('',1,(#5385,#5386),.UNSPECIFIED.,.F.,
  .F.,(2,2),(33.4453125,33.7296875),.PIECEWISE_BEZIER_KNOTS.);
#5385 = CARTESIAN_POINT('',(0.284375,-5.E-02));
#5386 = CARTESIAN_POINT('',(0.,-5.E-02));
#5387 = ( GEOMETRIC_REPRESENTATION_CONTEXT(2) 
PARAMETRIC_REPRESENTATION_CONTEXT() REPRESENTATION_CONTEXT('2D SPACE',''
  ) );
#5388 = ORIENTED_EDGE('',*,*,#5389,.F.);
#5389 = EDGE_CURVE('',#5130,#5364,#5390,.T.);
#5390 = SURFACE_CURVE('',#5391,(#5395,#5401),.PCURVE_S1.);
#5391 = LINE('',#5392,#5393);
#5392 = CARTESIAN_POINT('',(67.175,2.201953125,4.));
#5393 = VECTOR('',#5394,1.);
#5394 = DIRECTION('',(0.,1.,0.));
#5395 = PCURVE('',#44,#5396);
#5396 = DEFINITIONAL_REPRESENTATION('',(#5397),#5400);
#5397 = B_SPLINE_CURVE_WITH_KNOTS('',1,(#5398,#5399),.UNSPECIFIED.,.F.,
  .F.,(2,2),(1.741015625,2.201953125),.PIECEWISE_BEZIER_KNOTS.);
#5398 = CARTESIAN_POINT('',(67.175,3.94296875));
#5399 = CARTESIAN_POINT('',(67.175,4.40390625));
#5400 = ( GEOMETRIC_REPRESENTATION_CONTEXT(2) 
PARAMETRIC_REPRESENTATION_CONTEXT() REPRESENTATION_CONTEXT('2D SPACE',''
  ) );
#5401 = PCURVE('',#5402,#5407);
#5402 = PLANE('',#5403);
#5403 = AXIS2_PLACEMENT_3D('',#5404,#5405,#5406);
#5404 = CARTESIAN_POINT('',(67.175,4.40390625,3.95));
#5405 = DIRECTION('',(1.,0.,0.));
#5406 = DIRECTION('',(0.,-1.,0.));
#5407 = DEFINITIONAL_REPRESENTATION('',(#5408),#5411);
#5408 = B_SPLINE_CURVE_WITH_KNOTS('',1,(#5409,#5410),.UNSPECIFIED.,.F.,
  .F.,(2,2),(1.741015625,2.201953125),.PIECEWISE_BEZIER_KNOTS.);
#5409 = CARTESIAN_POINT('',(0.4609375,-5.E-02));
#5410 = CARTESIAN_POINT('',(0.,-5.E-02));
#5411 = ( GEOMETRIC_REPRESENTATION_CONTEXT(2) 
PARAMETRIC_REPRESENTATION_CONTEXT() REPRESENTATION_CONTEXT('2D SPACE',''
  ) );
#5412 = FACE_BOUND('',#5413,.T.);
#5413 = EDGE_LOOP('',(#5414,#5467,#5524,#5581,#5632,#5683,#5740,#5797));
#5414 = ORIENTED_EDGE('',*,*,#5415,.F.);
#5415 = EDGE_CURVE('',#5416,#5418,#5420,.T.);
#5416 = VERTEX_POINT('',#5417);
#5417 = CARTESIAN_POINT('',(69.8203125,6.00546875,4.));
#5418 = VERTEX_POINT('',#5419);
#5419 = CARTESIAN_POINT('',(69.3,6.24296875,4.));
#5420 = SURFACE_CURVE('',#5421,(#5432,#5446),.PCURVE_S1.);
#5421 = B_SPLINE_CURVE_WITH_KNOTS('',5,(#5422,#5423,#5424,#5425,#5426,
    #5427,#5428,#5429,#5430,#5431),.UNSPECIFIED.,.F.,.F.,(6,4,6),(0.,
    0.37380301965,1.),.UNSPECIFIED.);
#5422 = CARTESIAN_POINT('',(69.8203125,6.00546875,4.));
#5423 = CARTESIAN_POINT('',(69.79241655236,6.04080361701,4.));
#5424 = CARTESIAN_POINT('',(69.762287656118,6.073134844771,4.));
#5425 = CARTESIAN_POINT('',(69.729928396563,6.102272876971,4.));
#5426 = CARTESIAN_POINT('',(69.69538646417,6.128080147491,4.));
#5427 = CARTESIAN_POINT('',(69.597426677209,6.188036331178,4.));
#5428 = CARTESIAN_POINT('',(69.530241986923,6.216062366826,4.));
#5429 = CARTESIAN_POINT('',(69.457737865869,6.234239344731,4.));
#5430 = CARTESIAN_POINT('',(69.380707550521,6.24296875,4.));
#5431 = CARTESIAN_POINT('',(69.3,6.24296875,4.));
#5432 = PCURVE('',#44,#5433);
#5433 = DEFINITIONAL_REPRESENTATION('',(#5434),#5445);
#5434 = B_SPLINE_CURVE_WITH_KNOTS('',5,(#5435,#5436,#5437,#5438,#5439,
    #5440,#5441,#5442,#5443,#5444),.UNSPECIFIED.,.F.,.F.,(6,4,6),(0.,
    0.37380301965,1.),.UNSPECIFIED.);
#5435 = CARTESIAN_POINT('',(69.8203125,6.00546875));
#5436 = CARTESIAN_POINT('',(69.79241655236,6.04080361701));
#5437 = CARTESIAN_POINT('',(69.762287656118,6.073134844771));
#5438 = CARTESIAN_POINT('',(69.729928396563,6.102272876971));
#5439 = CARTESIAN_POINT('',(69.69538646417,6.128080147491));
#5440 = CARTESIAN_POINT('',(69.597426677209,6.188036331178));
#5441 = CARTESIAN_POINT('',(69.530241986923,6.216062366826));
#5442 = CARTESIAN_POINT('',(69.457737865869,6.234239344731));
#5443 = CARTESIAN_POINT('',(69.380707550521,6.24296875));
#5444 = CARTESIAN_POINT('',(69.3,6.24296875));
#5445 = ( GEOMETRIC_REPRESENTATION_CONTEXT(2) 
PARAMETRIC_REPRESENTATION_CONTEXT() REPRESENTATION_CONTEXT('2D SPACE',''
  ) );
#5446 = PCURVE('',#5447,#5454);
#5447 = SURFACE_OF_LINEAR_EXTRUSION('',#5448,#5452);
#5448 = B_SPLINE_CURVE_WITH_KNOTS('',2,(#5449,#5450,#5451),
  .UNSPECIFIED.,.F.,.F.,(3,3),(0.,1.),.PIECEWISE_BEZIER_KNOTS.);
#5449 = CARTESIAN_POINT('',(69.3,6.24296875,3.95));
#5450 = CARTESIAN_POINT('',(69.6328125,6.24296875,3.95));
#5451 = CARTESIAN_POINT('',(69.8203125,6.00546875,3.95));
#5452 = VECTOR('',#5453,1.);
#5453 = DIRECTION('',(-0.,-0.,-1.));
#5454 = DEFINITIONAL_REPRESENTATION('',(#5455),#5466);
#5455 = B_SPLINE_CURVE_WITH_KNOTS('',5,(#5456,#5457,#5458,#5459,#5460,
    #5461,#5462,#5463,#5464,#5465),.UNSPECIFIED.,.F.,.F.,(6,4,6),(0.,
    0.37380301965,1.),.UNSPECIFIED.);
#5456 = CARTESIAN_POINT('',(1.,-5.E-02));
#5457 = CARTESIAN_POINT('',(0.925610806294,-5.E-02));
#5458 = CARTESIAN_POINT('',(0.850627891437,-5.E-02));
#5459 = CARTESIAN_POINT('',(0.775229379485,-5.E-02));
#5460 = CARTESIAN_POINT('',(0.699613368789,-5.E-02));
#5461 = CARTESIAN_POINT('',(0.497332047306,-5.E-02));
#5462 = CARTESIAN_POINT('',(0.370635785989,-5.E-02));
#5463 = CARTESIAN_POINT('',(0.24500113963,-5.E-02));
#5464 = CARTESIAN_POINT('',(0.121250780125,-5.E-02));
#5465 = CARTESIAN_POINT('',(0.,-5.E-02));
#5466 = ( GEOMETRIC_REPRESENTATION_CONTEXT(2) 
PARAMETRIC_REPRESENTATION_CONTEXT() REPRESENTATION_CONTEXT('2D SPACE',''
  ) );
#5467 = ORIENTED_EDGE('',*,*,#5468,.F.);
#5468 = EDGE_CURVE('',#5469,#5416,#5471,.T.);
#5469 = VERTEX_POINT('',#5470);
#5470 = CARTESIAN_POINT('',(70.04375,5.07265625,4.));
#5471 = SURFACE_CURVE('',#5472,(#5485,#5501),.PCURVE_S1.);
#5472 = B_SPLINE_CURVE_WITH_KNOTS('',6,(#5473,#5474,#5475,#5476,#5477,
    #5478,#5479,#5480,#5481,#5482,#5483,#5484),.UNSPECIFIED.,.F.,.F.,(7,
    5,7),(0.,0.537356369683,1.),.UNSPECIFIED.);
#5473 = CARTESIAN_POINT('',(70.04375,5.07265625,4.));
#5474 = CARTESIAN_POINT('',(70.04375,5.172320430165,4.));
#5475 = CARTESIAN_POINT('',(70.040613359155,5.27003652893,4.));
#5476 = CARTESIAN_POINT('',(70.033956036801,5.365458079097,4.));
#5477 = CARTESIAN_POINT('',(70.023314133848,5.458045265398,4.));
#5478 = CARTESIAN_POINT('',(70.008148411317,5.547067908698,4.));
#5479 = CARTESIAN_POINT('',(69.970449432651,5.704454553899,4.));
#5480 = CARTESIAN_POINT('',(69.949236189477,5.773960312544,4.));
#5481 = CARTESIAN_POINT('',(69.923898158064,5.839559706802,4.));
#5482 = CARTESIAN_POINT('',(69.894097663865,5.900522464333,4.));
#5483 = CARTESIAN_POINT('',(69.859572480105,5.956050593225,4.));
#5484 = CARTESIAN_POINT('',(69.8203125,6.00546875,4.));
#5485 = PCURVE('',#44,#5486);
#5486 = DEFINITIONAL_REPRESENTATION('',(#5487),#5500);
#5487 = B_SPLINE_CURVE_WITH_KNOTS('',6,(#5488,#5489,#5490,#5491,#5492,
    #5493,#5494,#5495,#5496,#5497,#5498,#5499),.UNSPECIFIED.,.F.,.F.,(7,
    5,7),(0.,0.537356369683,1.),.UNSPECIFIED.);
#5488 = CARTESIAN_POINT('',(70.04375,5.07265625));
#5489 = CARTESIAN_POINT('',(70.04375,5.172320430165));
#5490 = CARTESIAN_POINT('',(70.040613359155,5.27003652893));
#5491 = CARTESIAN_POINT('',(70.033956036801,5.365458079097));
#5492 = CARTESIAN_POINT('',(70.023314133848,5.458045265398));
#5493 = CARTESIAN_POINT('',(70.008148411317,5.547067908698));
#5494 = CARTESIAN_POINT('',(69.970449432651,5.704454553899));
#5495 = CARTESIAN_POINT('',(69.949236189477,5.773960312544));
#5496 = CARTESIAN_POINT('',(69.923898158064,5.839559706802));
#5497 = CARTESIAN_POINT('',(69.894097663865,5.900522464333));
#5498 = CARTESIAN_POINT('',(69.859572480105,5.956050593225));
#5499 = CARTESIAN_POINT('',(69.8203125,6.00546875));
#5500 = ( GEOMETRIC_REPRESENTATION_CONTEXT(2) 
PARAMETRIC_REPRESENTATION_CONTEXT() REPRESENTATION_CONTEXT('2D SPACE',''
  ) );
#5501 = PCURVE('',#5502,#5509);
#5502 = SURFACE_OF_LINEAR_EXTRUSION('',#5503,#5507);
#5503 = B_SPLINE_CURVE_WITH_KNOTS('',2,(#5504,#5505,#5506),
  .UNSPECIFIED.,.F.,.F.,(3,3),(0.,1.),.PIECEWISE_BEZIER_KNOTS.);
#5504 = CARTESIAN_POINT('',(69.8203125,6.00546875,3.95));
#5505 = CARTESIAN_POINT('',(70.04375,5.72421875,3.95));
#5506 = CARTESIAN_POINT('',(70.04375,5.07265625,3.95));
#5507 = VECTOR('',#5508,1.);
#5508 = DIRECTION('',(-0.,-0.,-1.));
#5509 = DEFINITIONAL_REPRESENTATION('',(#5510),#5523);
#5510 = B_SPLINE_CURVE_WITH_KNOTS('',6,(#5511,#5512,#5513,#5514,#5515,
    #5516,#5517,#5518,#5519,#5520,#5521,#5522),.UNSPECIFIED.,.F.,.F.,(7,
    5,7),(0.,0.537356369683,1.),.UNSPECIFIED.);
#5511 = CARTESIAN_POINT('',(1.,-5.E-02));
#5512 = CARTESIAN_POINT('',(0.923519094357,-5.E-02));
#5513 = CARTESIAN_POINT('',(0.844543871383,-5.E-02));
#5514 = CARTESIAN_POINT('',(0.762851773935,-5.E-02));
#5515 = CARTESIAN_POINT('',(0.678267051809,-5.E-02));
#5516 = CARTESIAN_POINT('',(0.590664218481,-5.E-02));
#5517 = CARTESIAN_POINT('',(0.421941516758,-5.E-02));
#5518 = CARTESIAN_POINT('',(0.341624301251,-5.E-02));
#5519 = CARTESIAN_POINT('',(0.259058780237,-5.E-02));
#5520 = CARTESIAN_POINT('',(0.174375892735,-5.E-02));
#5521 = CARTESIAN_POINT('',(8.785450093405E-02,-5.E-02));
#5522 = CARTESIAN_POINT('',(0.,-5.E-02));
#5523 = ( GEOMETRIC_REPRESENTATION_CONTEXT(2) 
PARAMETRIC_REPRESENTATION_CONTEXT() REPRESENTATION_CONTEXT('2D SPACE',''
  ) );
#5524 = ORIENTED_EDGE('',*,*,#5525,.F.);
#5525 = EDGE_CURVE('',#5526,#5469,#5528,.T.);
#5526 = VERTEX_POINT('',#5527);
#5527 = CARTESIAN_POINT('',(69.81875,4.13828125,4.));
#5528 = SURFACE_CURVE('',#5529,(#5542,#5558),.PCURVE_S1.);
#5529 = B_SPLINE_CURVE_WITH_KNOTS('',6,(#5530,#5531,#5532,#5533,#5534,
    #5535,#5536,#5537,#5538,#5539,#5540,#5541),.UNSPECIFIED.,.F.,.F.,(7,
    5,7),(0.,0.465246322113,1.),.UNSPECIFIED.);
#5530 = CARTESIAN_POINT('',(69.81875,4.13828125,4.));
#5531 = CARTESIAN_POINT('',(69.858409746081,4.188406762408,4.));
#5532 = CARTESIAN_POINT('',(69.893285208061,4.24460276761,4.));
#5533 = CARTESIAN_POINT('',(69.923384370129,4.306202374819,4.));
#5534 = CARTESIAN_POINT('',(69.948967180883,4.372418019053,4.));
#5535 = CARTESIAN_POINT('',(69.970370896743,4.4425264573,4.));
#5536 = CARTESIAN_POINT('',(70.00815347002,4.600305792055,4.));
#5537 = CARTESIAN_POINT('',(70.023300915563,4.689024158228,4.));
#5538 = CARTESIAN_POINT('',(70.033943086297,4.781234457495,4.));
#5539 = CARTESIAN_POINT('',(70.040607455479,4.876229535791,4.));
#5540 = CARTESIAN_POINT('',(70.04375,4.973483718103,4.));
#5541 = CARTESIAN_POINT('',(70.04375,5.07265625,4.));
#5542 = PCURVE('',#44,#5543);
#5543 = DEFINITIONAL_REPRESENTATION('',(#5544),#5557);
#5544 = B_SPLINE_CURVE_WITH_KNOTS('',6,(#5545,#5546,#5547,#5548,#5549,
    #5550,#5551,#5552,#5553,#5554,#5555,#5556),.UNSPECIFIED.,.F.,.F.,(7,
    5,7),(0.,0.465246322113,1.),.UNSPECIFIED.);
#5545 = CARTESIAN_POINT('',(69.81875,4.13828125));
#5546 = CARTESIAN_POINT('',(69.858409746081,4.188406762408));
#5547 = CARTESIAN_POINT('',(69.893285208061,4.24460276761));
#5548 = CARTESIAN_POINT('',(69.923384370129,4.306202374819));
#5549 = CARTESIAN_POINT('',(69.948967180883,4.372418019053));
#5550 = CARTESIAN_POINT('',(69.970370896743,4.4425264573));
#5551 = CARTESIAN_POINT('',(70.00815347002,4.600305792055));
#5552 = CARTESIAN_POINT('',(70.023300915563,4.689024158228));
#5553 = CARTESIAN_POINT('',(70.033943086297,4.781234457495));
#5554 = CARTESIAN_POINT('',(70.040607455479,4.876229535791));
#5555 = CARTESIAN_POINT('',(70.04375,4.973483718103));
#5556 = CARTESIAN_POINT('',(70.04375,5.07265625));
#5557 = ( GEOMETRIC_REPRESENTATION_CONTEXT(2) 
PARAMETRIC_REPRESENTATION_CONTEXT() REPRESENTATION_CONTEXT('2D SPACE',''
  ) );
#5558 = PCURVE('',#5559,#5566);
#5559 = SURFACE_OF_LINEAR_EXTRUSION('',#5560,#5564);
#5560 = B_SPLINE_CURVE_WITH_KNOTS('',2,(#5561,#5562,#5563),
  .UNSPECIFIED.,.F.,.F.,(3,3),(0.,1.),.PIECEWISE_BEZIER_KNOTS.);
#5561 = CARTESIAN_POINT('',(70.04375,5.07265625,3.95));
#5562 = CARTESIAN_POINT('',(70.04375,4.42265625,3.95));
#5563 = CARTESIAN_POINT('',(69.81875,4.13828125,3.95));
#5564 = VECTOR('',#5565,1.);
#5565 = DIRECTION('',(-0.,-0.,-1.));
#5566 = DEFINITIONAL_REPRESENTATION('',(#5567),#5580);
#5567 = B_SPLINE_CURVE_WITH_KNOTS('',6,(#5568,#5569,#5570,#5571,#5572,
    #5573,#5574,#5575,#5576,#5577,#5578,#5579),.UNSPECIFIED.,.F.,.F.,(7,
    5,7),(0.,0.465246322113,1.),.UNSPECIFIED.);
#5568 = CARTESIAN_POINT('',(1.,-5.E-02));
#5569 = CARTESIAN_POINT('',(0.911867230931,-5.E-02));
#5570 = CARTESIAN_POINT('',(0.825045207147,-5.E-02));
#5571 = CARTESIAN_POINT('',(0.740036941324,-5.E-02));
#5572 = CARTESIAN_POINT('',(0.657123316932,-5.E-02));
#5573 = CARTESIAN_POINT('',(0.576439104225,-5.E-02));
#5574 = CARTESIAN_POINT('',(0.407842168587,-5.E-02));
#5575 = CARTESIAN_POINT('',(0.320662964602,-5.E-02));
#5576 = CARTESIAN_POINT('',(0.236429251748,-5.E-02));
#5577 = CARTESIAN_POINT('',(0.15502565312,-5.E-02));
#5578 = CARTESIAN_POINT('',(7.628656299734E-02,-5.E-02));
#5579 = CARTESIAN_POINT('',(0.,-5.E-02));
#5580 = ( GEOMETRIC_REPRESENTATION_CONTEXT(2) 
PARAMETRIC_REPRESENTATION_CONTEXT() REPRESENTATION_CONTEXT('2D SPACE',''
  ) );
#5581 = ORIENTED_EDGE('',*,*,#5582,.F.);
#5582 = EDGE_CURVE('',#5583,#5526,#5585,.T.);
#5583 = VERTEX_POINT('',#5584);
#5584 = CARTESIAN_POINT('',(69.3,3.90390625,4.));
#5585 = SURFACE_CURVE('',#5586,(#5597,#5611),.PCURVE_S1.);
#5586 = B_SPLINE_CURVE_WITH_KNOTS('',5,(#5587,#5588,#5589,#5590,#5591,
    #5592,#5593,#5594,#5595,#5596),.UNSPECIFIED.,.F.,.F.,(6,4,6),(0.,
    0.640411146418,1.),.UNSPECIFIED.);
#5587 = CARTESIAN_POINT('',(69.3,3.90390625,4.));
#5588 = CARTESIAN_POINT('',(69.382433647384,3.90390625,4.));
#5589 = CARTESIAN_POINT('',(69.460990591296,3.912893258589,4.));
#5590 = CARTESIAN_POINT('',(69.53476683601,3.931630669359,4.));
#5591 = CARTESIAN_POINT('',(69.602914545572,3.960552891946,4.));
#5592 = CARTESIAN_POINT('',(69.699679908378,4.021067603113,4.));
#5593 = CARTESIAN_POINT('',(69.732533484836,4.045931299591,4.));
#5594 = CARTESIAN_POINT('',(69.763351849495,4.07384108233,4.));
#5595 = CARTESIAN_POINT('',(69.792092026586,4.104678762503,4.));
#5596 = CARTESIAN_POINT('',(69.81875,4.13828125,4.));
#5597 = PCURVE('',#44,#5598);
#5598 = DEFINITIONAL_REPRESENTATION('',(#5599),#5610);
#5599 = B_SPLINE_CURVE_WITH_KNOTS('',5,(#5600,#5601,#5602,#5603,#5604,
    #5605,#5606,#5607,#5608,#5609),.UNSPECIFIED.,.F.,.F.,(6,4,6),(0.,
    0.640411146418,1.),.UNSPECIFIED.);
#5600 = CARTESIAN_POINT('',(69.3,3.90390625));
#5601 = CARTESIAN_POINT('',(69.382433647384,3.90390625));
#5602 = CARTESIAN_POINT('',(69.460990591296,3.912893258589));
#5603 = CARTESIAN_POINT('',(69.53476683601,3.931630669359));
#5604 = CARTESIAN_POINT('',(69.602914545572,3.960552891946));
#5605 = CARTESIAN_POINT('',(69.699679908378,4.021067603113));
#5606 = CARTESIAN_POINT('',(69.732533484836,4.045931299591));
#5607 = CARTESIAN_POINT('',(69.763351849495,4.07384108233));
#5608 = CARTESIAN_POINT('',(69.792092026586,4.104678762503));
#5609 = CARTESIAN_POINT('',(69.81875,4.13828125));
#5610 = ( GEOMETRIC_REPRESENTATION_CONTEXT(2) 
PARAMETRIC_REPRESENTATION_CONTEXT() REPRESENTATION_CONTEXT('2D SPACE',''
  ) );
#5611 = PCURVE('',#5612,#5619);
#5612 = SURFACE_OF_LINEAR_EXTRUSION('',#5613,#5617);
#5613 = B_SPLINE_CURVE_WITH_KNOTS('',2,(#5614,#5615,#5616),
  .UNSPECIFIED.,.F.,.F.,(3,3),(0.,1.),.PIECEWISE_BEZIER_KNOTS.);
#5614 = CARTESIAN_POINT('',(69.81875,4.13828125,3.95));
#5615 = CARTESIAN_POINT('',(69.6328125,3.90390625,3.95));
#5616 = CARTESIAN_POINT('',(69.3,3.90390625,3.95));
#5617 = VECTOR('',#5618,1.);
#5618 = DIRECTION('',(-0.,-0.,-1.));
#5619 = DEFINITIONAL_REPRESENTATION('',(#5620),#5631);
#5620 = B_SPLINE_CURVE_WITH_KNOTS('',5,(#5621,#5622,#5623,#5624,#5625,
    #5626,#5627,#5628,#5629,#5630),.UNSPECIFIED.,.F.,.F.,(6,4,6),(0.,
    0.640411146418,1.),.UNSPECIFIED.);
#5621 = CARTESIAN_POINT('',(1.,-5.E-02));
#5622 = CARTESIAN_POINT('',(0.87615602271,-5.E-02));
#5623 = CARTESIAN_POINT('',(0.749675192471,-5.E-02));
#5624 = CARTESIAN_POINT('',(0.621196911962,-5.E-02));
#5625 = CARTESIAN_POINT('',(0.491585941245,-5.E-02));
#5626 = CARTESIAN_POINT('',(0.289237899725,-5.E-02));
#5627 = CARTESIAN_POINT('',(0.216471963574,-5.E-02));
#5628 = CARTESIAN_POINT('',(0.143895820586,-5.E-02));
#5629 = CARTESIAN_POINT('',(7.168530665966E-02,-5.E-02));
#5630 = CARTESIAN_POINT('',(0.,-5.E-02));
#5631 = ( GEOMETRIC_REPRESENTATION_CONTEXT(2) 
PARAMETRIC_REPRESENTATION_CONTEXT() REPRESENTATION_CONTEXT('2D SPACE',''
  ) );
#5632 = ORIENTED_EDGE('',*,*,#5633,.F.);
#5633 = EDGE_CURVE('',#5634,#5583,#5636,.T.);
#5634 = VERTEX_POINT('',#5635);
#5635 = CARTESIAN_POINT('',(68.7609375,4.1609375,4.));
#5636 = SURFACE_CURVE('',#5637,(#5648,#5662),.PCURVE_S1.);
#5637 = B_SPLINE_CURVE_WITH_KNOTS('',5,(#5638,#5639,#5640,#5641,#5642,
    #5643,#5644,#5645,#5646,#5647),.UNSPECIFIED.,.F.,.F.,(6,4,6),(0.,
    0.47555135561,1.),.UNSPECIFIED.);
#5638 = CARTESIAN_POINT('',(68.7609375,4.1609375,4.));
#5639 = CARTESIAN_POINT('',(68.799218286752,4.112867351751,4.));
#5640 = CARTESIAN_POINT('',(68.840832521983,4.069790141935,4.));
#5641 = CARTESIAN_POINT('',(68.885789181079,4.032172608364,4.));
#5642 = CARTESIAN_POINT('',(68.933992174424,4.000360231479,4.));
#5643 = CARTESIAN_POINT('',(69.041639645033,3.945940517028,4.));
#5644 = CARTESIAN_POINT('',(69.101743898454,3.924609186733,4.));
#5645 = CARTESIAN_POINT('',(69.165151448695,3.910667271939,4.));
#5646 = CARTESIAN_POINT('',(69.231402870073,3.90390625,4.));
#5647 = CARTESIAN_POINT('',(69.3,3.90390625,4.));
#5648 = PCURVE('',#44,#5649);
#5649 = DEFINITIONAL_REPRESENTATION('',(#5650),#5661);
#5650 = B_SPLINE_CURVE_WITH_KNOTS('',5,(#5651,#5652,#5653,#5654,#5655,
    #5656,#5657,#5658,#5659,#5660),.UNSPECIFIED.,.F.,.F.,(6,4,6),(0.,
    0.47555135561,1.),.UNSPECIFIED.);
#5651 = CARTESIAN_POINT('',(68.7609375,4.1609375));
#5652 = CARTESIAN_POINT('',(68.799218286752,4.112867351751));
#5653 = CARTESIAN_POINT('',(68.840832521983,4.069790141935));
#5654 = CARTESIAN_POINT('',(68.885789181079,4.032172608364));
#5655 = CARTESIAN_POINT('',(68.933992174424,4.000360231479));
#5656 = CARTESIAN_POINT('',(69.041639645033,3.945940517028));
#5657 = CARTESIAN_POINT('',(69.101743898454,3.924609186733));
#5658 = CARTESIAN_POINT('',(69.165151448695,3.910667271939));
#5659 = CARTESIAN_POINT('',(69.231402870073,3.90390625));
#5660 = CARTESIAN_POINT('',(69.3,3.90390625));
#5661 = ( GEOMETRIC_REPRESENTATION_CONTEXT(2) 
PARAMETRIC_REPRESENTATION_CONTEXT() REPRESENTATION_CONTEXT('2D SPACE',''
  ) );
#5662 = PCURVE('',#5663,#5670);
#5663 = SURFACE_OF_LINEAR_EXTRUSION('',#5664,#5668);
#5664 = B_SPLINE_CURVE_WITH_KNOTS('',2,(#5665,#5666,#5667),
  .UNSPECIFIED.,.F.,.F.,(3,3),(0.,1.),.PIECEWISE_BEZIER_KNOTS.);
#5665 = CARTESIAN_POINT('',(69.3,3.90390625,3.95));
#5666 = CARTESIAN_POINT('',(68.965625,3.90390625,3.95));
#5667 = CARTESIAN_POINT('',(68.7609375,4.1609375,3.95));
#5668 = VECTOR('',#5669,1.);
#5669 = DIRECTION('',(-0.,-0.,-1.));
#5670 = DEFINITIONAL_REPRESENTATION('',(#5671),#5682);
#5671 = B_SPLINE_CURVE_WITH_KNOTS('',5,(#5672,#5673,#5674,#5675,#5676,
    #5677,#5678,#5679,#5680,#5681),.UNSPECIFIED.,.F.,.F.,(6,4,6),(0.,
    0.47555135561,1.),.UNSPECIFIED.);
#5672 = CARTESIAN_POINT('',(1.,-5.E-02));
#5673 = CARTESIAN_POINT('',(0.906489681218,-5.E-02));
#5674 = CARTESIAN_POINT('',(0.811761844519,-5.E-02));
#5675 = CARTESIAN_POINT('',(0.71615521365,-5.E-02));
#5676 = CARTESIAN_POINT('',(0.6200741325,-5.E-02));
#5677 = CARTESIAN_POINT('',(0.41804730329,-5.E-02));
#5678 = CARTESIAN_POINT('',(0.312077697498,-5.E-02));
#5679 = CARTESIAN_POINT('',(0.206743757162,-5.E-02));
#5680 = CARTESIAN_POINT('',(0.102575147555,-5.E-02));
#5681 = CARTESIAN_POINT('',(0.,-5.E-02));
#5682 = ( GEOMETRIC_REPRESENTATION_CONTEXT(2) 
PARAMETRIC_REPRESENTATION_CONTEXT() REPRESENTATION_CONTEXT('2D SPACE',''
  ) );
#5683 = ORIENTED_EDGE('',*,*,#5684,.F.);
#5684 = EDGE_CURVE('',#5685,#5634,#5687,.T.);
#5685 = VERTEX_POINT('',#5686);
#5686 = CARTESIAN_POINT('',(68.55625,5.07734375,4.));
#5687 = SURFACE_CURVE('',#5688,(#5701,#5717),.PCURVE_S1.);
#5688 = B_SPLINE_CURVE_WITH_KNOTS('',6,(#5689,#5690,#5691,#5692,#5693,
    #5694,#5695,#5696,#5697,#5698,#5699,#5700),.UNSPECIFIED.,.F.,.F.,(7,
    5,7),(0.,0.577395999105,1.),.UNSPECIFIED.);
#5689 = CARTESIAN_POINT('',(68.55625,5.07734375,4.));
#5690 = CARTESIAN_POINT('',(68.55625,4.970777351719,4.));
#5691 = CARTESIAN_POINT('',(68.559457807628,4.866553771696,4.));
#5692 = CARTESIAN_POINT('',(68.566321227465,4.765094047547,4.));
#5693 = CARTESIAN_POINT('',(68.57740576995,4.667126153111,4.));
#5694 = CARTESIAN_POINT('',(68.593395911305,4.573686667677,4.));
#5695 = CARTESIAN_POINT('',(68.630909140923,4.421969011488,4.));
#5696 = CARTESIAN_POINT('',(68.649795001598,4.360998473084,4.));
#5697 = CARTESIAN_POINT('',(68.67200176042,4.303718419621,4.));
#5698 = CARTESIAN_POINT('',(68.697809364914,4.250802012398,4.));
#5699 = CARTESIAN_POINT('',(68.727444559173,4.202995429512,4.));
#5700 = CARTESIAN_POINT('',(68.7609375,4.1609375,4.));
#5701 = PCURVE('',#44,#5702);
#5702 = DEFINITIONAL_REPRESENTATION('',(#5703),#5716);
#5703 = B_SPLINE_CURVE_WITH_KNOTS('',6,(#5704,#5705,#5706,#5707,#5708,
    #5709,#5710,#5711,#5712,#5713,#5714,#5715),.UNSPECIFIED.,.F.,.F.,(7,
    5,7),(0.,0.577395999105,1.),.UNSPECIFIED.);
#5704 = CARTESIAN_POINT('',(68.55625,5.07734375));
#5705 = CARTESIAN_POINT('',(68.55625,4.970777351719));
#5706 = CARTESIAN_POINT('',(68.559457807628,4.866553771696));
#5707 = CARTESIAN_POINT('',(68.566321227465,4.765094047547));
#5708 = CARTESIAN_POINT('',(68.57740576995,4.667126153111));
#5709 = CARTESIAN_POINT('',(68.593395911305,4.573686667677));
#5710 = CARTESIAN_POINT('',(68.630909140923,4.421969011488));
#5711 = CARTESIAN_POINT('',(68.649795001598,4.360998473084));
#5712 = CARTESIAN_POINT('',(68.67200176042,4.303718419621));
#5713 = CARTESIAN_POINT('',(68.697809364914,4.250802012398));
#5714 = CARTESIAN_POINT('',(68.727444559173,4.202995429512));
#5715 = CARTESIAN_POINT('',(68.7609375,4.1609375));
#5716 = ( GEOMETRIC_REPRESENTATION_CONTEXT(2) 
PARAMETRIC_REPRESENTATION_CONTEXT() REPRESENTATION_CONTEXT('2D SPACE',''
  ) );
#5717 = PCURVE('',#5718,#5725);
#5718 = SURFACE_OF_LINEAR_EXTRUSION('',#5719,#5723);
#5719 = B_SPLINE_CURVE_WITH_KNOTS('',2,(#5720,#5721,#5722),
  .UNSPECIFIED.,.F.,.F.,(3,3),(0.,1.),.PIECEWISE_BEZIER_KNOTS.);
#5720 = CARTESIAN_POINT('',(68.7609375,4.1609375,3.95));
#5721 = CARTESIAN_POINT('',(68.55625,4.41796875,3.95));
#5722 = CARTESIAN_POINT('',(68.55625,5.07734375,3.95));
#5723 = VECTOR('',#5724,1.);
#5724 = DIRECTION('',(-0.,-0.,-1.));
#5725 = DEFINITIONAL_REPRESENTATION('',(#5726),#5739);
#5726 = B_SPLINE_CURVE_WITH_KNOTS('',6,(#5727,#5728,#5729,#5730,#5731,
    #5732,#5733,#5734,#5735,#5736,#5737,#5738),.UNSPECIFIED.,.F.,.F.,(7,
    5,7),(0.,0.577395999105,1.),.UNSPECIFIED.);
#5727 = CARTESIAN_POINT('',(1.,-5.E-02));
#5728 = CARTESIAN_POINT('',(0.919191356753,-5.E-02));
#5729 = CARTESIAN_POINT('',(0.835377894449,-5.E-02));
#5730 = CARTESIAN_POINT('',(0.748211412939,-5.E-02));
#5731 = CARTESIAN_POINT('',(0.657401014697,-5.E-02));
#5732 = CARTESIAN_POINT('',(0.562712492629,-5.E-02));
#5733 = CARTESIAN_POINT('',(0.391750981323,-5.E-02));
#5734 = CARTESIAN_POINT('',(0.317367277956,-5.E-02));
#5735 = CARTESIAN_POINT('',(0.240832116997,-5.E-02));
#5736 = CARTESIAN_POINT('',(0.162238679693,-5.E-02));
#5737 = CARTESIAN_POINT('',(8.181481728816E-02,-5.E-02));
#5738 = CARTESIAN_POINT('',(0.,-5.E-02));
#5739 = ( GEOMETRIC_REPRESENTATION_CONTEXT(2) 
PARAMETRIC_REPRESENTATION_CONTEXT() REPRESENTATION_CONTEXT('2D SPACE',''
  ) );
#5740 = ORIENTED_EDGE('',*,*,#5741,.F.);
#5741 = EDGE_CURVE('',#5742,#5685,#5744,.T.);
#5742 = VERTEX_POINT('',#5743);
#5743 = CARTESIAN_POINT('',(68.78125,6.00859375,4.));
#5744 = SURFACE_CURVE('',#5745,(#5758,#5774),.PCURVE_S1.);
#5745 = B_SPLINE_CURVE_WITH_KNOTS('',6,(#5746,#5747,#5748,#5749,#5750,
    #5751,#5752,#5753,#5754,#5755,#5756,#5757),.UNSPECIFIED.,.F.,.F.,(7,
    5,7),(0.,0.46564176149,1.),.UNSPECIFIED.);
#5746 = CARTESIAN_POINT('',(68.78125,6.00859375,4.));
#5747 = CARTESIAN_POINT('',(68.741619594801,5.958505321207,4.));
#5748 = CARTESIAN_POINT('',(68.706756347286,5.902400856433,4.));
#5749 = CARTESIAN_POINT('',(68.676654854107,5.840934243636,4.));
#5750 = CARTESIAN_POINT('',(68.651061090191,5.774878810541,4.));
#5751 = CARTESIAN_POINT('',(68.629642944632,5.704947560054,4.));
#5752 = CARTESIAN_POINT('',(68.591862732274,5.547707024283,4.));
#5753 = CARTESIAN_POINT('',(68.576716046729,5.459366932108,4.));
#5754 = CARTESIAN_POINT('',(68.566068100161,5.367550492247,4.));
#5755 = CARTESIAN_POINT('',(68.559396918011,5.272957051851,4.));
#5756 = CARTESIAN_POINT('',(68.55625,5.176108152364,4.));
#5757 = CARTESIAN_POINT('',(68.55625,5.07734375,4.));
#5758 = PCURVE('',#44,#5759);
#5759 = DEFINITIONAL_REPRESENTATION('',(#5760),#5773);
#5760 = B_SPLINE_CURVE_WITH_KNOTS('',6,(#5761,#5762,#5763,#5764,#5765,
    #5766,#5767,#5768,#5769,#5770,#5771,#5772),.UNSPECIFIED.,.F.,.F.,(7,
    5,7),(0.,0.46564176149,1.),.UNSPECIFIED.);
#5761 = CARTESIAN_POINT('',(68.78125,6.00859375));
#5762 = CARTESIAN_POINT('',(68.741619594801,5.958505321207));
#5763 = CARTESIAN_POINT('',(68.706756347286,5.902400856433));
#5764 = CARTESIAN_POINT('',(68.676654854107,5.840934243636));
#5765 = CARTESIAN_POINT('',(68.651061090191,5.774878810541));
#5766 = CARTESIAN_POINT('',(68.629642944632,5.704947560054));
#5767 = CARTESIAN_POINT('',(68.591862732274,5.547707024283));
#5768 = CARTESIAN_POINT('',(68.576716046729,5.459366932108));
#5769 = CARTESIAN_POINT('',(68.566068100161,5.367550492247));
#5770 = CARTESIAN_POINT('',(68.559396918011,5.272957051851));
#5771 = CARTESIAN_POINT('',(68.55625,5.176108152364));
#5772 = CARTESIAN_POINT('',(68.55625,5.07734375));
#5773 = ( GEOMETRIC_REPRESENTATION_CONTEXT(2) 
PARAMETRIC_REPRESENTATION_CONTEXT() REPRESENTATION_CONTEXT('2D SPACE',''
  ) );
#5774 = PCURVE('',#5775,#5782);
#5775 = SURFACE_OF_LINEAR_EXTRUSION('',#5776,#5780);
#5776 = B_SPLINE_CURVE_WITH_KNOTS('',2,(#5777,#5778,#5779),
  .UNSPECIFIED.,.F.,.F.,(3,3),(0.,1.),.PIECEWISE_BEZIER_KNOTS.);
#5777 = CARTESIAN_POINT('',(68.55625,5.07734375,3.95));
#5778 = CARTESIAN_POINT('',(68.55625,5.72421875,3.95));
#5779 = CARTESIAN_POINT('',(68.78125,6.00859375,3.95));
#5780 = VECTOR('',#5781,1.);
#5781 = DIRECTION('',(-0.,-0.,-1.));
#5782 = DEFINITIONAL_REPRESENTATION('',(#5783),#5796);
#5783 = B_SPLINE_CURVE_WITH_KNOTS('',6,(#5784,#5785,#5786,#5787,#5788,
    #5789,#5790,#5791,#5792,#5793,#5794,#5795),.UNSPECIFIED.,.F.,.F.,(7,
    5,7),(0.,0.46564176149,1.),.UNSPECIFIED.);
#5784 = CARTESIAN_POINT('',(1.,-5.E-02));
#5785 = CARTESIAN_POINT('',(0.911932432891,-5.E-02));
#5786 = CARTESIAN_POINT('',(0.825151346735,-5.E-02));
#5787 = CARTESIAN_POINT('',(0.740155433368,-5.E-02));
#5788 = CARTESIAN_POINT('',(0.657226095772,-5.E-02));
#5789 = CARTESIAN_POINT('',(0.576500868505,-5.E-02));
#5790 = CARTESIAN_POINT('',(0.407914467978,-5.E-02));
#5791 = CARTESIAN_POINT('',(0.320770054024,-5.E-02));
#5792 = CARTESIAN_POINT('',(0.23654090242,-5.E-02));
#5793 = CARTESIAN_POINT('',(0.155117554724,-5.E-02));
#5794 = CARTESIAN_POINT('',(7.63396346778E-02,-5.E-02));
#5795 = CARTESIAN_POINT('',(0.,-5.E-02));
#5796 = ( GEOMETRIC_REPRESENTATION_CONTEXT(2) 
PARAMETRIC_REPRESENTATION_CONTEXT() REPRESENTATION_CONTEXT('2D SPACE',''
  ) );
#5797 = ORIENTED_EDGE('',*,*,#5798,.F.);
#5798 = EDGE_CURVE('',#5418,#5742,#5799,.T.);
#5799 = SURFACE_CURVE('',#5800,(#5811,#5825),.PCURVE_S1.);
#5800 = B_SPLINE_CURVE_WITH_KNOTS('',5,(#5801,#5802,#5803,#5804,#5805,
    #5806,#5807,#5808,#5809,#5810),.UNSPECIFIED.,.F.,.F.,(6,4,6),(0.,
    0.640411146418,1.),.UNSPECIFIED.);
#5801 = CARTESIAN_POINT('',(69.3,6.24296875,4.));
#5802 = CARTESIAN_POINT('',(69.217566352616,6.24296875,4.));
#5803 = CARTESIAN_POINT('',(69.139009408704,6.233981741411,4.));
#5804 = CARTESIAN_POINT('',(69.06523316399,6.215244330641,4.));
#5805 = CARTESIAN_POINT('',(68.997085454428,6.186322108054,4.));
#5806 = CARTESIAN_POINT('',(68.900320091622,6.125807396887,4.));
#5807 = CARTESIAN_POINT('',(68.867466515164,6.100943700409,4.));
#5808 = CARTESIAN_POINT('',(68.836648150505,6.07303391767,4.));
#5809 = CARTESIAN_POINT('',(68.807907973414,6.042196237497,4.));
#5810 = CARTESIAN_POINT('',(68.78125,6.00859375,4.));
#5811 = PCURVE('',#44,#5812);
#5812 = DEFINITIONAL_REPRESENTATION('',(#5813),#5824);
#5813 = B_SPLINE_CURVE_WITH_KNOTS('',5,(#5814,#5815,#5816,#5817,#5818,
    #5819,#5820,#5821,#5822,#5823),.UNSPECIFIED.,.F.,.F.,(6,4,6),(0.,
    0.640411146418,1.),.UNSPECIFIED.);
#5814 = CARTESIAN_POINT('',(69.3,6.24296875));
#5815 = CARTESIAN_POINT('',(69.217566352616,6.24296875));
#5816 = CARTESIAN_POINT('',(69.139009408704,6.233981741411));
#5817 = CARTESIAN_POINT('',(69.06523316399,6.215244330641));
#5818 = CARTESIAN_POINT('',(68.997085454428,6.186322108054));
#5819 = CARTESIAN_POINT('',(68.900320091622,6.125807396887));
#5820 = CARTESIAN_POINT('',(68.867466515164,6.100943700409));
#5821 = CARTESIAN_POINT('',(68.836648150505,6.07303391767));
#5822 = CARTESIAN_POINT('',(68.807907973414,6.042196237497));
#5823 = CARTESIAN_POINT('',(68.78125,6.00859375));
#5824 = ( GEOMETRIC_REPRESENTATION_CONTEXT(2) 
PARAMETRIC_REPRESENTATION_CONTEXT() REPRESENTATION_CONTEXT('2D SPACE',''
  ) );
#5825 = PCURVE('',#5826,#5833);
#5826 = SURFACE_OF_LINEAR_EXTRUSION('',#5827,#5831);
#5827 = B_SPLINE_CURVE_WITH_KNOTS('',2,(#5828,#5829,#5830),
  .UNSPECIFIED.,.F.,.F.,(3,3),(0.,1.),.PIECEWISE_BEZIER_KNOTS.);
#5828 = CARTESIAN_POINT('',(68.78125,6.00859375,3.95));
#5829 = CARTESIAN_POINT('',(68.9671875,6.24296875,3.95));
#5830 = CARTESIAN_POINT('',(69.3,6.24296875,3.95));
#5831 = VECTOR('',#5832,1.);
#5832 = DIRECTION('',(-0.,-0.,-1.));
#5833 = DEFINITIONAL_REPRESENTATION('',(#5834),#5845);
#5834 = B_SPLINE_CURVE_WITH_KNOTS('',5,(#5835,#5836,#5837,#5838,#5839,
    #5840,#5841,#5842,#5843,#5844),.UNSPECIFIED.,.F.,.F.,(6,4,6),(0.,
    0.640411146418,1.),.UNSPECIFIED.);
#5835 = CARTESIAN_POINT('',(1.,-5.E-02));
#5836 = CARTESIAN_POINT('',(0.87615602271,-5.E-02));
#5837 = CARTESIAN_POINT('',(0.749675192471,-5.E-02));
#5838 = CARTESIAN_POINT('',(0.621196911962,-5.E-02));
#5839 = CARTESIAN_POINT('',(0.491585941245,-5.E-02));
#5840 = CARTESIAN_POINT('',(0.289237899725,-5.E-02));
#5841 = CARTESIAN_POINT('',(0.216471963574,-5.E-02));
#5842 = CARTESIAN_POINT('',(0.143895820586,-5.E-02));
#5843 = CARTESIAN_POINT('',(7.168530665966E-02,-5.E-02));
#5844 = CARTESIAN_POINT('',(0.,-5.E-02));
#5845 = ( GEOMETRIC_REPRESENTATION_CONTEXT(2) 
PARAMETRIC_REPRESENTATION_CONTEXT() REPRESENTATION_CONTEXT('2D SPACE',''
  ) );
#5846 = FACE_BOUND('',#5847,.T.);
#5847 = EDGE_LOOP('',(#5848,#5878,#5906,#5934));
#5848 = ORIENTED_EDGE('',*,*,#5849,.T.);
#5849 = EDGE_CURVE('',#5850,#5852,#5854,.T.);
#5850 = VERTEX_POINT('',#5851);
#5851 = CARTESIAN_POINT('',(12.,10.,4.));
#5852 = VERTEX_POINT('',#5853);
#5853 = CARTESIAN_POINT('',(12.,20.,4.));
#5854 = SURFACE_CURVE('',#5855,(#5859,#5866),.PCURVE_S1.);
#5855 = LINE('',#5856,#5857);
#5856 = CARTESIAN_POINT('',(12.,10.,4.));
#5857 = VECTOR('',#5858,1.);
#5858 = DIRECTION('',(0.,1.,0.));
#5859 = PCURVE('',#44,#5860);
#5860 = DEFINITIONAL_REPRESENTATION('',(#5861),#5865);
#5861 = LINE('',#5862,#5863);
#5862 = CARTESIAN_POINT('',(12.,10.));
#5863 = VECTOR('',#5864,1.);
#5864 = DIRECTION('',(0.,1.));
#5865 = ( GEOMETRIC_REPRESENTATION_CONTEXT(2) 
PARAMETRIC_REPRESENTATION_CONTEXT() REPRESENTATION_CONTEXT('2D SPACE',''
  ) );
#5866 = PCURVE('',#5867,#5872);
#5867 = PLANE('',#5868);
#5868 = AXIS2_PLACEMENT_3D('',#5869,#5870,#5871);
#5869 = CARTESIAN_POINT('',(12.,10.,4.));
#5870 = DIRECTION('',(1.,0.,0.));
#5871 = DIRECTION('',(0.,0.,1.));
#5872 = DEFINITIONAL_REPRESENTATION('',(#5873),#5877);
#5873 = LINE('',#5874,#5875);
#5874 = CARTESIAN_POINT('',(0.,0.));
#5875 = VECTOR('',#5876,1.);
#5876 = DIRECTION('',(0.,-1.));
#5877 = ( GEOMETRIC_REPRESENTATION_CONTEXT(2) 
PARAMETRIC_REPRESENTATION_CONTEXT() REPRESENTATION_CONTEXT('2D SPACE',''
  ) );
#5878 = ORIENTED_EDGE('',*,*,#5879,.T.);
#5879 = EDGE_CURVE('',#5852,#5880,#5882,.T.);
#5880 = VERTEX_POINT('',#5881);
#5881 = CARTESIAN_POINT('',(26.,20.,4.));
#5882 = SURFACE_CURVE('',#5883,(#5887,#5894),.PCURVE_S1.);
#5883 = LINE('',#5884,#5885);
#5884 = CARTESIAN_POINT('',(12.,20.,4.));
#5885 = VECTOR('',#5886,1.);
#5886 = DIRECTION('',(1.,0.,0.));
#5887 = PCURVE('',#44,#5888);
#5888 = DEFINITIONAL_REPRESENTATION('',(#5889),#5893);
#5889 = LINE('',#5890,#5891);
#5890 = CARTESIAN_POINT('',(12.,20.));
#5891 = VECTOR('',#5892,1.);
#5892 = DIRECTION('',(1.,0.));
#5893 = ( GEOMETRIC_REPRESENTATION_CONTEXT(2) 
PARAMETRIC_REPRESENTATION_CONTEXT() REPRESENTATION_CONTEXT('2D SPACE',''
  ) );
#5894 = PCURVE('',#5895,#5900);
#5895 = PLANE('',#5896);
#5896 = AXIS2_PLACEMENT_3D('',#5897,#5898,#5899);
#5897 = CARTESIAN_POINT('',(12.,20.,4.));
#5898 = DIRECTION('',(0.,1.,0.));
#5899 = DIRECTION('',(0.,0.,1.));
#5900 = DEFINITIONAL_REPRESENTATION('',(#5901),#5905);
#5901 = LINE('',#5902,#5903);
#5902 = CARTESIAN_POINT('',(0.,0.));
#5903 = VECTOR('',#5904,1.);
#5904 = DIRECTION('',(0.,1.));
#5905 = ( GEOMETRIC_REPRESENTATION_CONTEXT(2) 
PARAMETRIC_REPRESENTATION_CONTEXT() REPRESENTATION_CONTEXT('2D SPACE',''
  ) );
#5906 = ORIENTED_EDGE('',*,*,#5907,.F.);
#5907 = EDGE_CURVE('',#5908,#5880,#5910,.T.);
#5908 = VERTEX_POINT('',#5909);
#5909 = CARTESIAN_POINT('',(26.,10.,4.));
#5910 = SURFACE_CURVE('',#5911,(#5915,#5922),.PCURVE_S1.);
#5911 = LINE('',#5912,#5913);
#5912 = CARTESIAN_POINT('',(26.,10.,4.));
#5913 = VECTOR('',#5914,1.);
#5914 = DIRECTION('',(0.,1.,0.));
#5915 = PCURVE('',#44,#5916);
#5916 = DEFINITIONAL_REPRESENTATION('',(#5917),#5921);
#5917 = LINE('',#5918,#5919);
#5918 = CARTESIAN_POINT('',(26.,10.));
#5919 = VECTOR('',#5920,1.);
#5920 = DIRECTION('',(0.,1.));
#5921 = ( GEOMETRIC_REPRESENTATION_CONTEXT(2) 
PARAMETRIC_REPRESENTATION_CONTEXT() REPRESENTATION_CONTEXT('2D SPACE',''
  ) );
#5922 = PCURVE('',#5923,#5928);
#5923 = PLANE('',#5924);
#5924 = AXIS2_PLACEMENT_3D('',#5925,#5926,#5927);
#5925 = CARTESIAN_POINT('',(26.,10.,4.));
#5926 = DIRECTION('',(1.,0.,0.));
#5927 = DIRECTION('',(0.,0.,1.));
#5928 = DEFINITIONAL_REPRESENTATION('',(#5929),#5933);
#5929 = LINE('',#5930,#5931);
#5930 = CARTESIAN_POINT('',(0.,0.));
#5931 = VECTOR('',#5932,1.);
#5932 = DIRECTION('',(0.,-1.));
#5933 = ( GEOMETRIC_REPRESENTATION_CONTEXT(2) 
PARAMETRIC_REPRESENTATION_CONTEXT() REPRESENTATION_CONTEXT('2D SPACE',''
  ) );
#5934 = ORIENTED_EDGE('',*,*,#5935,.F.);
#5935 = EDGE_CURVE('',#5850,#5908,#5936,.T.);
#5936 = SURFACE_CURVE('',#5937,(#5941,#5948),.PCURVE_S1.);
#5937 = LINE('',#5938,#5939);
#5938 = CARTESIAN_POINT('',(12.,10.,4.));
#5939 = VECTOR('',#5940,1.);
#5940 = DIRECTION('',(1.,0.,0.));
#5941 = PCURVE('',#44,#5942);
#5942 = DEFINITIONAL_REPRESENTATION('',(#5943),#5947);
#5943 = LINE('',#5944,#5945);
#5944 = CARTESIAN_POINT('',(12.,10.));
#5945 = VECTOR('',#5946,1.);
#5946 = DIRECTION('',(1.,0.));
#5947 = ( GEOMETRIC_REPRESENTATION_CONTEXT(2) 
PARAMETRIC_REPRESENTATION_CONTEXT() REPRESENTATION_CONTEXT('2D SPACE',''
  ) );
#5948 = PCURVE('',#5949,#5954);
#5949 = PLANE('',#5950);
#5950 = AXIS2_PLACEMENT_3D('',#5951,#5952,#5953);
#5951 = CARTESIAN_POINT('',(12.,10.,4.));
#5952 = DIRECTION('',(0.,1.,0.));
#5953 = DIRECTION('',(0.,0.,1.));
#5954 = DEFINITIONAL_REPRESENTATION('',(#5955),#5959);
#5955 = LINE('',#5956,#5957);
#5956 = CARTESIAN_POINT('',(0.,0.));
#5957 = VECTOR('',#5958,1.);
#5958 = DIRECTION('',(0.,1.));
#5959 = ( GEOMETRIC_REPRESENTATION_CONTEXT(2) 
PARAMETRIC_REPRESENTATION_CONTEXT() REPRESENTATION_CONTEXT('2D SPACE',''
  ) );
#5960 = FACE_BOUND('',#5961,.T.);
#5961 = EDGE_LOOP('',(#5962,#5992,#6020,#6048));
#5962 = ORIENTED_EDGE('',*,*,#5963,.T.);
#5963 = EDGE_CURVE('',#5964,#5966,#5968,.T.);
#5964 = VERTEX_POINT('',#5965);
#5965 = CARTESIAN_POINT('',(36.,10.,4.));
#5966 = VERTEX_POINT('',#5967);
#5967 = CARTESIAN_POINT('',(36.,20.,4.));
#5968 = SURFACE_CURVE('',#5969,(#5973,#5980),.PCURVE_S1.);
#5969 = LINE('',#5970,#5971);
#5970 = CARTESIAN_POINT('',(36.,10.,4.));
#5971 = VECTOR('',#5972,1.);
#5972 = DIRECTION('',(0.,1.,0.));
#5973 = PCURVE('',#44,#5974);
#5974 = DEFINITIONAL_REPRESENTATION('',(#5975),#5979);
#5975 = LINE('',#5976,#5977);
#5976 = CARTESIAN_POINT('',(36.,10.));
#5977 = VECTOR('',#5978,1.);
#5978 = DIRECTION('',(0.,1.));
#5979 = ( GEOMETRIC_REPRESENTATION_CONTEXT(2) 
PARAMETRIC_REPRESENTATION_CONTEXT() REPRESENTATION_CONTEXT('2D SPACE',''
  ) );
#5980 = PCURVE('',#5981,#5986);
#5981 = PLANE('',#5982);
#5982 = AXIS2_PLACEMENT_3D('',#5983,#5984,#5985);
#5983 = CARTESIAN_POINT('',(36.,10.,4.));
#5984 = DIRECTION('',(1.,0.,0.));
#5985 = DIRECTION('',(0.,0.,1.));
#5986 = DEFINITIONAL_REPRESENTATION('',(#5987),#5991);
#5987 = LINE('',#5988,#5989);
#5988 = CARTESIAN_POINT('',(0.,0.));
#5989 = VECTOR('',#5990,1.);
#5990 = DIRECTION('',(0.,-1.));
#5991 = ( GEOMETRIC_REPRESENTATION_CONTEXT(2) 
PARAMETRIC_REPRESENTATION_CONTEXT() REPRESENTATION_CONTEXT('2D SPACE',''
  ) );
#5992 = ORIENTED_EDGE('',*,*,#5993,.T.);
#5993 = EDGE_CURVE('',#5966,#5994,#5996,.T.);
#5994 = VERTEX_POINT('',#5995);
#5995 = CARTESIAN_POINT('',(50.,20.,4.));
#5996 = SURFACE_CURVE('',#5997,(#6001,#6008),.PCURVE_S1.);
#5997 = LINE('',#5998,#5999);
#5998 = CARTESIAN_POINT('',(36.,20.,4.));
#5999 = VECTOR('',#6000,1.);
#6000 = DIRECTION('',(1.,0.,0.));
#6001 = PCURVE('',#44,#6002);
#6002 = DEFINITIONAL_REPRESENTATION('',(#6003),#6007);
#6003 = LINE('',#6004,#6005);
#6004 = CARTESIAN_POINT('',(36.,20.));
#6005 = VECTOR('',#6006,1.);
#6006 = DIRECTION('',(1.,0.));
#6007 = ( GEOMETRIC_REPRESENTATION_CONTEXT(2) 
PARAMETRIC_REPRESENTATION_CONTEXT() REPRESENTATION_CONTEXT('2D SPACE',''
  ) );
#6008 = PCURVE('',#6009,#6014);
#6009 = PLANE('',#6010);
#6010 = AXIS2_PLACEMENT_3D('',#6011,#6012,#6013);
#6011 = CARTESIAN_POINT('',(36.,20.,4.));
#6012 = DIRECTION('',(0.,1.,0.));
#6013 = DIRECTION('',(0.,0.,1.));
#6014 = DEFINITIONAL_REPRESENTATION('',(#6015),#6019);
#6015 = LINE('',#6016,#6017);
#6016 = CARTESIAN_POINT('',(0.,0.));
#6017 = VECTOR('',#6018,1.);
#6018 = DIRECTION('',(0.,1.));
#6019 = ( GEOMETRIC_REPRESENTATION_CONTEXT(2) 
PARAMETRIC_REPRESENTATION_CONTEXT() REPRESENTATION_CONTEXT('2D SPACE',''
  ) );
#6020 = ORIENTED_EDGE('',*,*,#6021,.F.);
#6021 = EDGE_CURVE('',#6022,#5994,#6024,.T.);
#6022 = VERTEX_POINT('',#6023);
#6023 = CARTESIAN_POINT('',(50.,10.,4.));
#6024 = SURFACE_CURVE('',#6025,(#6029,#6036),.PCURVE_S1.);
#6025 = LINE('',#6026,#6027);
#6026 = CARTESIAN_POINT('',(50.,10.,4.));
#6027 = VECTOR('',#6028,1.);
#6028 = DIRECTION('',(0.,1.,0.));
#6029 = PCURVE('',#44,#6030);
#6030 = DEFINITIONAL_REPRESENTATION('',(#6031),#6035);
#6031 = LINE('',#6032,#6033);
#6032 = CARTESIAN_POINT('',(50.,10.));
#6033 = VECTOR('',#6034,1.);
#6034 = DIRECTION('',(0.,1.));
#6035 = ( GEOMETRIC_REPRESENTATION_CONTEXT(2) 
PARAMETRIC_REPRESENTATION_CONTEXT() REPRESENTATION_CONTEXT('2D SPACE',''
  ) );
#6036 = PCURVE('',#6037,#6042);
#6037 = PLANE('',#6038);
#6038 = AXIS2_PLACEMENT_3D('',#6039,#6040,#6041);
#6039 = CARTESIAN_POINT('',(50.,10.,4.));
#6040 = DIRECTION('',(1.,0.,0.));
#6041 = DIRECTION('',(0.,0.,1.));
#6042 = DEFINITIONAL_REPRESENTATION('',(#6043),#6047);
#6043 = LINE('',#6044,#6045);
#6044 = CARTESIAN_POINT('',(0.,0.));
#6045 = VECTOR('',#6046,1.);
#6046 = DIRECTION('',(0.,-1.));
#6047 = ( GEOMETRIC_REPRESENTATION_CONTEXT(2) 
PARAMETRIC_REPRESENTATION_CONTEXT() REPRESENTATION_CONTEXT('2D SPACE',''
  ) );
#6048 = ORIENTED_EDGE('',*,*,#6049,.F.);
#6049 = EDGE_CURVE('',#5964,#6022,#6050,.T.);
#6050 = SURFACE_CURVE('',#6051,(#6055,#6062),.PCURVE_S1.);
#6051 = LINE('',#6052,#6053);
#6052 = CARTESIAN_POINT('',(36.,10.,4.));
#6053 = VECTOR('',#6054,1.);
#6054 = DIRECTION('',(1.,0.,0.));
#6055 = PCURVE('',#44,#6056);
#6056 = DEFINITIONAL_REPRESENTATION('',(#6057),#6061);
#6057 = LINE('',#6058,#6059);
#6058 = CARTESIAN_POINT('',(36.,10.));
#6059 = VECTOR('',#6060,1.);
#6060 = DIRECTION('',(1.,0.));
#6061 = ( GEOMETRIC_REPRESENTATION_CONTEXT(2) 
PARAMETRIC_REPRESENTATION_CONTEXT() REPRESENTATION_CONTEXT('2D SPACE',''
  ) );
#6062 = PCURVE('',#6063,#6068);
#6063 = PLANE('',#6064);
#6064 = AXIS2_PLACEMENT_3D('',#6065,#6066,#6067);
#6065 = CARTESIAN_POINT('',(36.,10.,4.));
#6066 = DIRECTION('',(0.,1.,0.));
#6067 = DIRECTION('',(0.,0.,1.));
#6068 = DEFINITIONAL_REPRESENTATION('',(#6069),#6073);
#6069 = LINE('',#6070,#6071);
#6070 = CARTESIAN_POINT('',(0.,0.));
#6071 = VECTOR('',#6072,1.);
#6072 = DIRECTION('',(0.,1.));
#6073 = ( GEOMETRIC_REPRESENTATION_CONTEXT(2) 
PARAMETRIC_REPRESENTATION_CONTEXT() REPRESENTATION_CONTEXT('2D SPACE',''
  ) );
#6074 = FACE_BOUND('',#6075,.T.);
#6075 = EDGE_LOOP('',(#6076,#6106,#6134,#6162));
#6076 = ORIENTED_EDGE('',*,*,#6077,.T.);
#6077 = EDGE_CURVE('',#6078,#6080,#6082,.T.);
#6078 = VERTEX_POINT('',#6079);
#6079 = CARTESIAN_POINT('',(60.,10.,4.));
#6080 = VERTEX_POINT('',#6081);
#6081 = CARTESIAN_POINT('',(60.,20.,4.));
#6082 = SURFACE_CURVE('',#6083,(#6087,#6094),.PCURVE_S1.);
#6083 = LINE('',#6084,#6085);
#6084 = CARTESIAN_POINT('',(60.,10.,4.));
#6085 = VECTOR('',#6086,1.);
#6086 = DIRECTION('',(0.,1.,0.));
#6087 = PCURVE('',#44,#6088);
#6088 = DEFINITIONAL_REPRESENTATION('',(#6089),#6093);
#6089 = LINE('',#6090,#6091);
#6090 = CARTESIAN_POINT('',(60.,10.));
#6091 = VECTOR('',#6092,1.);
#6092 = DIRECTION('',(0.,1.));
#6093 = ( GEOMETRIC_REPRESENTATION_CONTEXT(2) 
PARAMETRIC_REPRESENTATION_CONTEXT() REPRESENTATION_CONTEXT('2D SPACE',''
  ) );
#6094 = PCURVE('',#6095,#6100);
#6095 = PLANE('',#6096);
#6096 = AXIS2_PLACEMENT_3D('',#6097,#6098,#6099);
#6097 = CARTESIAN_POINT('',(60.,10.,4.));
#6098 = DIRECTION('',(1.,0.,0.));
#6099 = DIRECTION('',(0.,0.,1.));
#6100 = DEFINITIONAL_REPRESENTATION('',(#6101),#6105);
#6101 = LINE('',#6102,#6103);
#6102 = CARTESIAN_POINT('',(0.,0.));
#6103 = VECTOR('',#6104,1.);
#6104 = DIRECTION('',(0.,-1.));
#6105 = ( GEOMETRIC_REPRESENTATION_CONTEXT(2) 
PARAMETRIC_REPRESENTATION_CONTEXT() REPRESENTATION_CONTEXT('2D SPACE',''
  ) );
#6106 = ORIENTED_EDGE('',*,*,#6107,.T.);
#6107 = EDGE_CURVE('',#6080,#6108,#6110,.T.);
#6108 = VERTEX_POINT('',#6109);
#6109 = CARTESIAN_POINT('',(74.,20.,4.));
#6110 = SURFACE_CURVE('',#6111,(#6115,#6122),.PCURVE_S1.);
#6111 = LINE('',#6112,#6113);
#6112 = CARTESIAN_POINT('',(60.,20.,4.));
#6113 = VECTOR('',#6114,1.);
#6114 = DIRECTION('',(1.,0.,0.));
#6115 = PCURVE('',#44,#6116);
#6116 = DEFINITIONAL_REPRESENTATION('',(#6117),#6121);
#6117 = LINE('',#6118,#6119);
#6118 = CARTESIAN_POINT('',(60.,20.));
#6119 = VECTOR('',#6120,1.);
#6120 = DIRECTION('',(1.,0.));
#6121 = ( GEOMETRIC_REPRESENTATION_CONTEXT(2) 
PARAMETRIC_REPRESENTATION_CONTEXT() REPRESENTATION_CONTEXT('2D SPACE',''
  ) );
#6122 = PCURVE('',#6123,#6128);
#6123 = PLANE('',#6124);
#6124 = AXIS2_PLACEMENT_3D('',#6125,#6126,#6127);
#6125 = CARTESIAN_POINT('',(60.,20.,4.));
#6126 = DIRECTION('',(0.,1.,0.));
#6127 = DIRECTION('',(0.,0.,1.));
#6128 = DEFINITIONAL_REPRESENTATION('',(#6129),#6133);
#6129 = LINE('',#6130,#6131);
#6130 = CARTESIAN_POINT('',(0.,0.));
#6131 = VECTOR('',#6132,1.);
#6132 = DIRECTION('',(0.,1.));
#6133 = ( GEOMETRIC_REPRESENTATION_CONTEXT(2) 
PARAMETRIC_REPRESENTATION_CONTEXT() REPRESENTATION_CONTEXT('2D SPACE',''
  ) );
#6134 = ORIENTED_EDGE('',*,*,#6135,.F.);
#6135 = EDGE_CURVE('',#6136,#6108,#6138,.T.);
#6136 = VERTEX_POINT('',#6137);
#6137 = CARTESIAN_POINT('',(74.,10.,4.));
#6138 = SURFACE_CURVE('',#6139,(#6143,#6150),.PCURVE_S1.);
#6139 = LINE('',#6140,#6141);
#6140 = CARTESIAN_POINT('',(74.,10.,4.));
#6141 = VECTOR('',#6142,1.);
#6142 = DIRECTION('',(0.,1.,0.));
#6143 = PCURVE('',#44,#6144);
#6144 = DEFINITIONAL_REPRESENTATION('',(#6145),#6149);
#6145 = LINE('',#6146,#6147);
#6146 = CARTESIAN_POINT('',(74.,10.));
#6147 = VECTOR('',#6148,1.);
#6148 = DIRECTION('',(0.,1.));
#6149 = ( GEOMETRIC_REPRESENTATION_CONTEXT(2) 
PARAMETRIC_REPRESENTATION_CONTEXT() REPRESENTATION_CONTEXT('2D SPACE',''
  ) );
#6150 = PCURVE('',#6151,#6156);
#6151 = PLANE('',#6152);
#6152 = AXIS2_PLACEMENT_3D('',#6153,#6154,#6155);
#6153 = CARTESIAN_POINT('',(74.,10.,4.));
#6154 = DIRECTION('',(1.,0.,0.));
#6155 = DIRECTION('',(0.,0.,1.));
#6156 = DEFINITIONAL_REPRESENTATION('',(#6157),#6161);
#6157 = LINE('',#6158,#6159);
#6158 = CARTESIAN_POINT('',(0.,0.));
#6159 = VECTOR('',#6160,1.);
#6160 = DIRECTION('',(0.,-1.));
#6161 = ( GEOMETRIC_REPRESENTATION_CONTEXT(2) 
PARAMETRIC_REPRESENTATION_CONTEXT() REPRESENTATION_CONTEXT('2D SPACE',''
  ) );
#6162 = ORIENTED_EDGE('',*,*,#6163,.F.);
#6163 = EDGE_CURVE('',#6078,#6136,#6164,.T.);
#6164 = SURFACE_CURVE('',#6165,(#6169,#6176),.PCURVE_S1.);
#6165 = LINE('',#6166,#6167);
#6166 = CARTESIAN_POINT('',(60.,10.,4.));
#6167 = VECTOR('',#6168,1.);
#6168 = DIRECTION('',(1.,0.,0.));
#6169 = PCURVE('',#44,#6170);
#6170 = DEFINITIONAL_REPRESENTATION('',(#6171),#6175);
#6171 = LINE('',#6172,#6173);
#6172 = CARTESIAN_POINT('',(60.,10.));
#6173 = VECTOR('',#6174,1.);
#6174 = DIRECTION('',(1.,0.));
#6175 = ( GEOMETRIC_REPRESENTATION_CONTEXT(2) 
PARAMETRIC_REPRESENTATION_CONTEXT() REPRESENTATION_CONTEXT('2D SPACE',''
  ) );
#6176 = PCURVE('',#6177,#6182);
#6177 = PLANE('',#6178);
#6178 = AXIS2_PLACEMENT_3D('',#6179,#6180,#6181);
#6179 = CARTESIAN_POINT('',(60.,10.,4.));
#6180 = DIRECTION('',(0.,1.,0.));
#6181 = DIRECTION('',(0.,0.,1.));
#6182 = DEFINITIONAL_REPRESENTATION('',(#6183),#6187);
#6183 = LINE('',#6184,#6185);
#6184 = CARTESIAN_POINT('',(0.,0.));
#6185 = VECTOR('',#6186,1.);
#6186 = DIRECTION('',(0.,1.));
#6187 = ( GEOMETRIC_REPRESENTATION_CONTEXT(2) 
PARAMETRIC_REPRESENTATION_CONTEXT() REPRESENTATION_CONTEXT('2D SPACE',''
  ) );
#6188 = ADVANCED_FACE('',(#6189),#72,.T.);
#6189 = FACE_BOUND('',#6190,.T.);
#6190 = EDGE_LOOP('',(#6191,#6215,#6236,#6237));
#6191 = ORIENTED_EDGE('',*,*,#6192,.T.);
#6192 = EDGE_CURVE('',#57,#6193,#6195,.T.);
#6193 = VERTEX_POINT('',#6194);
#6194 = CARTESIAN_POINT('',(4.,0.,0.));
#6195 = SURFACE_CURVE('',#6196,(#6201,#6208),.PCURVE_S1.);
#6196 = CIRCLE('',#6197,4.);
#6197 = AXIS2_PLACEMENT_3D('',#6198,#6199,#6200);
#6198 = CARTESIAN_POINT('',(4.,4.,0.));
#6199 = DIRECTION('',(0.,0.,1.));
#6200 = DIRECTION('',(0.,-1.,0.));
#6201 = PCURVE('',#72,#6202);
#6202 = DEFINITIONAL_REPRESENTATION('',(#6203),#6207);
#6203 = LINE('',#6204,#6205);
#6204 = CARTESIAN_POINT('',(-4.712388980385,0.));
#6205 = VECTOR('',#6206,1.);
#6206 = DIRECTION('',(1.,0.));
#6207 = ( GEOMETRIC_REPRESENTATION_CONTEXT(2) 
PARAMETRIC_REPRESENTATION_CONTEXT() REPRESENTATION_CONTEXT('2D SPACE',''
  ) );
#6208 = PCURVE('',#100,#6209);
#6209 = DEFINITIONAL_REPRESENTATION('',(#6210),#6214);
#6210 = CIRCLE('',#6211,4.);
#6211 = AXIS2_PLACEMENT_2D('',#6212,#6213);
#6212 = CARTESIAN_POINT('',(4.,4.));
#6213 = DIRECTION('',(0.,-1.));
#6214 = ( GEOMETRIC_REPRESENTATION_CONTEXT(2) 
PARAMETRIC_REPRESENTATION_CONTEXT() REPRESENTATION_CONTEXT('2D SPACE',''
  ) );
#6215 = ORIENTED_EDGE('',*,*,#6216,.T.);
#6216 = EDGE_CURVE('',#6193,#143,#6217,.T.);
#6217 = SURFACE_CURVE('',#6218,(#6222,#6229),.PCURVE_S1.);
#6218 = LINE('',#6219,#6220);
#6219 = CARTESIAN_POINT('',(4.,0.,0.));
#6220 = VECTOR('',#6221,1.);
#6221 = DIRECTION('',(0.,0.,1.));
#6222 = PCURVE('',#72,#6223);
#6223 = DEFINITIONAL_REPRESENTATION('',(#6224),#6228);
#6224 = LINE('',#6225,#6226);
#6225 = CARTESIAN_POINT('',(1.570796326795,0.));
#6226 = VECTOR('',#6227,1.);
#6227 = DIRECTION('',(0.,1.));
#6228 = ( GEOMETRIC_REPRESENTATION_CONTEXT(2) 
PARAMETRIC_REPRESENTATION_CONTEXT() REPRESENTATION_CONTEXT('2D SPACE',''
  ) );
#6229 = PCURVE('',#182,#6230);
#6230 = DEFINITIONAL_REPRESENTATION('',(#6231),#6235);
#6231 = LINE('',#6232,#6233);
#6232 = CARTESIAN_POINT('',(0.,4.));
#6233 = VECTOR('',#6234,1.);
#6234 = DIRECTION('',(1.,0.));
#6235 = ( GEOMETRIC_REPRESENTATION_CONTEXT(2) 
PARAMETRIC_REPRESENTATION_CONTEXT() REPRESENTATION_CONTEXT('2D SPACE',''
  ) );
#6236 = ORIENTED_EDGE('',*,*,#142,.F.);
#6237 = ORIENTED_EDGE('',*,*,#56,.F.);
#6238 = ADVANCED_FACE('',(#6239),#126,.T.);
#6239 = FACE_BOUND('',#6240,.F.);
#6240 = EDGE_LOOP('',(#6241,#6269,#6290,#6291));
#6241 = ORIENTED_EDGE('',*,*,#6242,.T.);
#6242 = EDGE_CURVE('',#85,#6243,#6245,.T.);
#6243 = VERTEX_POINT('',#6244);
#6244 = CARTESIAN_POINT('',(4.,30.,0.));
#6245 = SURFACE_CURVE('',#6246,(#6251,#6258),.PCURVE_S1.);
#6246 = CIRCLE('',#6247,4.);
#6247 = AXIS2_PLACEMENT_3D('',#6248,#6249,#6250);
#6248 = CARTESIAN_POINT('',(4.,26.,0.));
#6249 = DIRECTION('',(-0.,-0.,-1.));
#6250 = DIRECTION('',(0.,-1.,0.));
#6251 = PCURVE('',#126,#6252);
#6252 = DEFINITIONAL_REPRESENTATION('',(#6253),#6257);
#6253 = LINE('',#6254,#6255);
#6254 = CARTESIAN_POINT('',(1.570796326795,-0.));
#6255 = VECTOR('',#6256,1.);
#6256 = DIRECTION('',(-1.,0.));
#6257 = ( GEOMETRIC_REPRESENTATION_CONTEXT(2) 
PARAMETRIC_REPRESENTATION_CONTEXT() REPRESENTATION_CONTEXT('2D SPACE',''
  ) );
#6258 = PCURVE('',#100,#6259);
#6259 = DEFINITIONAL_REPRESENTATION('',(#6260),#6268);
#6260 = ( BOUNDED_CURVE() B_SPLINE_CURVE(2,(#6261,#6262,#6263,#6264,
#6265,#6266,#6267),.UNSPECIFIED.,.T.,.F.) B_SPLINE_CURVE_WITH_KNOTS((1,2
    ,2,2,2,1),(-2.094395102393,0.,2.094395102393,4.188790204786,
6.28318530718,8.377580409573),.UNSPECIFIED.) CURVE() 
GEOMETRIC_REPRESENTATION_ITEM() RATIONAL_B_SPLINE_CURVE((1.,0.5,1.,0.5,
1.,0.5,1.)) REPRESENTATION_ITEM('') );
#6261 = CARTESIAN_POINT('',(4.,22.));
#6262 = CARTESIAN_POINT('',(-2.928203230276,22.));
#6263 = CARTESIAN_POINT('',(0.535898384862,28.));
#6264 = CARTESIAN_POINT('',(4.,34.));
#6265 = CARTESIAN_POINT('',(7.464101615138,28.));
#6266 = CARTESIAN_POINT('',(10.928203230276,22.));
#6267 = CARTESIAN_POINT('',(4.,22.));
#6268 = ( GEOMETRIC_REPRESENTATION_CONTEXT(2) 
PARAMETRIC_REPRESENTATION_CONTEXT() REPRESENTATION_CONTEXT('2D SPACE',''
  ) );
#6269 = ORIENTED_EDGE('',*,*,#6270,.T.);
#6270 = EDGE_CURVE('',#6243,#285,#6271,.T.);
#6271 = SURFACE_CURVE('',#6272,(#6276,#6283),.PCURVE_S1.);
#6272 = LINE('',#6273,#6274);
#6273 = CARTESIAN_POINT('',(4.,30.,0.));
#6274 = VECTOR('',#6275,1.);
#6275 = DIRECTION('',(0.,0.,1.));
#6276 = PCURVE('',#126,#6277);
#6277 = DEFINITIONAL_REPRESENTATION('',(#6278),#6282);
#6278 = LINE('',#6279,#6280);
#6279 = CARTESIAN_POINT('',(-1.570796326795,0.));
#6280 = VECTOR('',#6281,1.);
#6281 = DIRECTION('',(-0.,1.));
#6282 = ( GEOMETRIC_REPRESENTATION_CONTEXT(2) 
PARAMETRIC_REPRESENTATION_CONTEXT() REPRESENTATION_CONTEXT('2D SPACE',''
  ) );
#6283 = PCURVE('',#300,#6284);
#6284 = DEFINITIONAL_REPRESENTATION('',(#6285),#6289);
#6285 = LINE('',#6286,#6287);
#6286 = CARTESIAN_POINT('',(0.,4.));
#6287 = VECTOR('',#6288,1.);
#6288 = DIRECTION('',(1.,0.));
#6289 = ( GEOMETRIC_REPRESENTATION_CONTEXT(2) 
PARAMETRIC_REPRESENTATION_CONTEXT() REPRESENTATION_CONTEXT('2D SPACE',''
  ) );
#6290 = ORIENTED_EDGE('',*,*,#312,.F.);
#6291 = ORIENTED_EDGE('',*,*,#112,.F.);
#6292 = ADVANCED_FACE('',(#6293),#100,.F.);
#6293 = FACE_BOUND('',#6294,.F.);
#6294 = EDGE_LOOP('',(#6295,#6296,#6297,#6320,#6348,#6371,#6395,#6416));
#6295 = ORIENTED_EDGE('',*,*,#84,.F.);
#6296 = ORIENTED_EDGE('',*,*,#6192,.T.);
#6297 = ORIENTED_EDGE('',*,*,#6298,.T.);
#6298 = EDGE_CURVE('',#6193,#6299,#6301,.T.);
#6299 = VERTEX_POINT('',#6300);
#6300 = CARTESIAN_POINT('',(80.,0.,0.));
#6301 = SURFACE_CURVE('',#6302,(#6306,#6313),.PCURVE_S1.);
#6302 = LINE('',#6303,#6304);
#6303 = CARTESIAN_POINT('',(0.,0.,0.));
#6304 = VECTOR('',#6305,1.);
#6305 = DIRECTION('',(1.,0.,0.));
#6306 = PCURVE('',#100,#6307);
#6307 = DEFINITIONAL_REPRESENTATION('',(#6308),#6312);
#6308 = LINE('',#6309,#6310);
#6309 = CARTESIAN_POINT('',(0.,0.));
#6310 = VECTOR('',#6311,1.);
#6311 = DIRECTION('',(1.,0.));
#6312 = ( GEOMETRIC_REPRESENTATION_CONTEXT(2) 
PARAMETRIC_REPRESENTATION_CONTEXT() REPRESENTATION_CONTEXT('2D SPACE',''
  ) );
#6313 = PCURVE('',#182,#6314);
#6314 = DEFINITIONAL_REPRESENTATION('',(#6315),#6319);
#6315 = LINE('',#6316,#6317);
#6316 = CARTESIAN_POINT('',(0.,0.));
#6317 = VECTOR('',#6318,1.);
#6318 = DIRECTION('',(0.,1.));
#6319 = ( GEOMETRIC_REPRESENTATION_CONTEXT(2) 
PARAMETRIC_REPRESENTATION_CONTEXT() REPRESENTATION_CONTEXT('2D SPACE',''
  ) );
#6320 = ORIENTED_EDGE('',*,*,#6321,.F.);
#6321 = EDGE_CURVE('',#6322,#6299,#6324,.T.);
#6322 = VERTEX_POINT('',#6323);
#6323 = CARTESIAN_POINT('',(84.,4.,0.));
#6324 = SURFACE_CURVE('',#6325,(#6330,#6341),.PCURVE_S1.);
#6325 = CIRCLE('',#6326,4.);
#6326 = AXIS2_PLACEMENT_3D('',#6327,#6328,#6329);
#6327 = CARTESIAN_POINT('',(80.,4.,0.));
#6328 = DIRECTION('',(-0.,-0.,-1.));
#6329 = DIRECTION('',(0.,-1.,0.));
#6330 = PCURVE('',#100,#6331);
#6331 = DEFINITIONAL_REPRESENTATION('',(#6332),#6340);
#6332 = ( BOUNDED_CURVE() B_SPLINE_CURVE(2,(#6333,#6334,#6335,#6336,
#6337,#6338,#6339),.UNSPECIFIED.,.T.,.F.) B_SPLINE_CURVE_WITH_KNOTS((1,2
    ,2,2,2,1),(-2.094395102393,0.,2.094395102393,4.188790204786,
6.28318530718,8.377580409573),.UNSPECIFIED.) CURVE() 
GEOMETRIC_REPRESENTATION_ITEM() RATIONAL_B_SPLINE_CURVE((1.,0.5,1.,0.5,
1.,0.5,1.)) REPRESENTATION_ITEM('') );
#6333 = CARTESIAN_POINT('',(80.,0.));
#6334 = CARTESIAN_POINT('',(73.071796769725,0.));
#6335 = CARTESIAN_POINT('',(76.535898384862,6.));
#6336 = CARTESIAN_POINT('',(80.,12.));
#6337 = CARTESIAN_POINT('',(83.464101615138,6.));
#6338 = CARTESIAN_POINT('',(86.928203230276,6.217248937901E-15));
#6339 = CARTESIAN_POINT('',(80.,0.));
#6340 = ( GEOMETRIC_REPRESENTATION_CONTEXT(2) 
PARAMETRIC_REPRESENTATION_CONTEXT() REPRESENTATION_CONTEXT('2D SPACE',''
  ) );
#6341 = PCURVE('',#215,#6342);
#6342 = DEFINITIONAL_REPRESENTATION('',(#6343),#6347);
#6343 = LINE('',#6344,#6345);
#6344 = CARTESIAN_POINT('',(4.712388980385,-0.));
#6345 = VECTOR('',#6346,1.);
#6346 = DIRECTION('',(-1.,0.));
#6347 = ( GEOMETRIC_REPRESENTATION_CONTEXT(2) 
PARAMETRIC_REPRESENTATION_CONTEXT() REPRESENTATION_CONTEXT('2D SPACE',''
  ) );
#6348 = ORIENTED_EDGE('',*,*,#6349,.T.);
#6349 = EDGE_CURVE('',#6322,#6350,#6352,.T.);
#6350 = VERTEX_POINT('',#6351);
#6351 = CARTESIAN_POINT('',(84.,26.,0.));
#6352 = SURFACE_CURVE('',#6353,(#6357,#6364),.PCURVE_S1.);
#6353 = LINE('',#6354,#6355);
#6354 = CARTESIAN_POINT('',(84.,0.,0.));
#6355 = VECTOR('',#6356,1.);
#6356 = DIRECTION('',(0.,1.,0.));
#6357 = PCURVE('',#100,#6358);
#6358 = DEFINITIONAL_REPRESENTATION('',(#6359),#6363);
#6359 = LINE('',#6360,#6361);
#6360 = CARTESIAN_POINT('',(84.,0.));
#6361 = VECTOR('',#6362,1.);
#6362 = DIRECTION('',(0.,1.));
#6363 = ( GEOMETRIC_REPRESENTATION_CONTEXT(2) 
PARAMETRIC_REPRESENTATION_CONTEXT() REPRESENTATION_CONTEXT('2D SPACE',''
  ) );
#6364 = PCURVE('',#243,#6365);
#6365 = DEFINITIONAL_REPRESENTATION('',(#6366),#6370);
#6366 = LINE('',#6367,#6368);
#6367 = CARTESIAN_POINT('',(0.,0.));
#6368 = VECTOR('',#6369,1.);
#6369 = DIRECTION('',(0.,-1.));
#6370 = ( GEOMETRIC_REPRESENTATION_CONTEXT(2) 
PARAMETRIC_REPRESENTATION_CONTEXT() REPRESENTATION_CONTEXT('2D SPACE',''
  ) );
#6371 = ORIENTED_EDGE('',*,*,#6372,.T.);
#6372 = EDGE_CURVE('',#6350,#6373,#6375,.T.);
#6373 = VERTEX_POINT('',#6374);
#6374 = CARTESIAN_POINT('',(80.,30.,0.));
#6375 = SURFACE_CURVE('',#6376,(#6381,#6388),.PCURVE_S1.);
#6376 = CIRCLE('',#6377,4.);
#6377 = AXIS2_PLACEMENT_3D('',#6378,#6379,#6380);
#6378 = CARTESIAN_POINT('',(80.,26.,0.));
#6379 = DIRECTION('',(0.,0.,1.));
#6380 = DIRECTION('',(0.,-1.,0.));
#6381 = PCURVE('',#100,#6382);
#6382 = DEFINITIONAL_REPRESENTATION('',(#6383),#6387);
#6383 = CIRCLE('',#6384,4.);
#6384 = AXIS2_PLACEMENT_2D('',#6385,#6386);
#6385 = CARTESIAN_POINT('',(80.,26.));
#6386 = DIRECTION('',(0.,-1.));
#6387 = ( GEOMETRIC_REPRESENTATION_CONTEXT(2) 
PARAMETRIC_REPRESENTATION_CONTEXT() REPRESENTATION_CONTEXT('2D SPACE',''
  ) );
#6388 = PCURVE('',#272,#6389);
#6389 = DEFINITIONAL_REPRESENTATION('',(#6390),#6394);
#6390 = LINE('',#6391,#6392);
#6391 = CARTESIAN_POINT('',(-1.570796326795,0.));
#6392 = VECTOR('',#6393,1.);
#6393 = DIRECTION('',(1.,0.));
#6394 = ( GEOMETRIC_REPRESENTATION_CONTEXT(2) 
PARAMETRIC_REPRESENTATION_CONTEXT() REPRESENTATION_CONTEXT('2D SPACE',''
  ) );
#6395 = ORIENTED_EDGE('',*,*,#6396,.F.);
#6396 = EDGE_CURVE('',#6243,#6373,#6397,.T.);
#6397 = SURFACE_CURVE('',#6398,(#6402,#6409),.PCURVE_S1.);
#6398 = LINE('',#6399,#6400);
#6399 = CARTESIAN_POINT('',(0.,30.,0.));
#6400 = VECTOR('',#6401,1.);
#6401 = DIRECTION('',(1.,0.,0.));
#6402 = PCURVE('',#100,#6403);
#6403 = DEFINITIONAL_REPRESENTATION('',(#6404),#6408);
#6404 = LINE('',#6405,#6406);
#6405 = CARTESIAN_POINT('',(0.,30.));
#6406 = VECTOR('',#6407,1.);
#6407 = DIRECTION('',(1.,0.));
#6408 = ( GEOMETRIC_REPRESENTATION_CONTEXT(2) 
PARAMETRIC_REPRESENTATION_CONTEXT() REPRESENTATION_CONTEXT('2D SPACE',''
  ) );
#6409 = PCURVE('',#300,#6410);
#6410 = DEFINITIONAL_REPRESENTATION('',(#6411),#6415);
#6411 = LINE('',#6412,#6413);
#6412 = CARTESIAN_POINT('',(0.,0.));
#6413 = VECTOR('',#6414,1.);
#6414 = DIRECTION('',(0.,1.));
#6415 = ( GEOMETRIC_REPRESENTATION_CONTEXT(2) 
PARAMETRIC_REPRESENTATION_CONTEXT() REPRESENTATION_CONTEXT('2D SPACE',''
  ) );
#6416 = ORIENTED_EDGE('',*,*,#6242,.F.);
#6417 = ADVANCED_FACE('',(#6418),#182,.F.);
#6418 = FACE_BOUND('',#6419,.F.);
#6419 = EDGE_LOOP('',(#6420,#6421,#6422,#6423));
#6420 = ORIENTED_EDGE('',*,*,#6298,.F.);
#6421 = ORIENTED_EDGE('',*,*,#6216,.T.);
#6422 = ORIENTED_EDGE('',*,*,#166,.T.);
#6423 = ORIENTED_EDGE('',*,*,#6424,.F.);
#6424 = EDGE_CURVE('',#6299,#167,#6425,.T.);
#6425 = SURFACE_CURVE('',#6426,(#6430,#6437),.PCURVE_S1.);
#6426 = LINE('',#6427,#6428);
#6427 = CARTESIAN_POINT('',(80.,0.,0.));
#6428 = VECTOR('',#6429,1.);
#6429 = DIRECTION('',(0.,0.,1.));
#6430 = PCURVE('',#182,#6431);
#6431 = DEFINITIONAL_REPRESENTATION('',(#6432),#6436);
#6432 = LINE('',#6433,#6434);
#6433 = CARTESIAN_POINT('',(0.,80.));
#6434 = VECTOR('',#6435,1.);
#6435 = DIRECTION('',(1.,0.));
#6436 = ( GEOMETRIC_REPRESENTATION_CONTEXT(2) 
PARAMETRIC_REPRESENTATION_CONTEXT() REPRESENTATION_CONTEXT('2D SPACE',''
  ) );
#6437 = PCURVE('',#215,#6438);
#6438 = DEFINITIONAL_REPRESENTATION('',(#6439),#6443);
#6439 = LINE('',#6440,#6441);
#6440 = CARTESIAN_POINT('',(-1.570796326795,0.));
#6441 = VECTOR('',#6442,1.);
#6442 = DIRECTION('',(-0.,1.));
#6443 = ( GEOMETRIC_REPRESENTATION_CONTEXT(2) 
PARAMETRIC_REPRESENTATION_CONTEXT() REPRESENTATION_CONTEXT('2D SPACE',''
  ) );
#6444 = ADVANCED_FACE('',(#6445),#300,.T.);
#6445 = FACE_BOUND('',#6446,.T.);
#6446 = EDGE_LOOP('',(#6447,#6448,#6449,#6450));
#6447 = ORIENTED_EDGE('',*,*,#6396,.F.);
#6448 = ORIENTED_EDGE('',*,*,#6270,.T.);
#6449 = ORIENTED_EDGE('',*,*,#284,.T.);
#6450 = ORIENTED_EDGE('',*,*,#6451,.F.);
#6451 = EDGE_CURVE('',#6373,#256,#6452,.T.);
#6452 = SURFACE_CURVE('',#6453,(#6457,#6464),.PCURVE_S1.);
#6453 = LINE('',#6454,#6455);
#6454 = CARTESIAN_POINT('',(80.,30.,0.));
#6455 = VECTOR('',#6456,1.);
#6456 = DIRECTION('',(0.,0.,1.));
#6457 = PCURVE('',#300,#6458);
#6458 = DEFINITIONAL_REPRESENTATION('',(#6459),#6463);
#6459 = LINE('',#6460,#6461);
#6460 = CARTESIAN_POINT('',(0.,80.));
#6461 = VECTOR('',#6462,1.);
#6462 = DIRECTION('',(1.,0.));
#6463 = ( GEOMETRIC_REPRESENTATION_CONTEXT(2) 
PARAMETRIC_REPRESENTATION_CONTEXT() REPRESENTATION_CONTEXT('2D SPACE',''
  ) );
#6464 = PCURVE('',#272,#6465);
#6465 = DEFINITIONAL_REPRESENTATION('',(#6466),#6470);
#6466 = LINE('',#6467,#6468);
#6467 = CARTESIAN_POINT('',(1.570796326795,0.));
#6468 = VECTOR('',#6469,1.);
#6469 = DIRECTION('',(0.,1.));
#6470 = ( GEOMETRIC_REPRESENTATION_CONTEXT(2) 
PARAMETRIC_REPRESENTATION_CONTEXT() REPRESENTATION_CONTEXT('2D SPACE',''
  ) );
#6471 = ADVANCED_FACE('',(#6472),#215,.T.);
#6472 = FACE_BOUND('',#6473,.F.);
#6473 = EDGE_LOOP('',(#6474,#6475,#6476,#6477));
#6474 = ORIENTED_EDGE('',*,*,#6321,.T.);
#6475 = ORIENTED_EDGE('',*,*,#6424,.T.);
#6476 = ORIENTED_EDGE('',*,*,#194,.F.);
#6477 = ORIENTED_EDGE('',*,*,#6478,.F.);
#6478 = EDGE_CURVE('',#6322,#195,#6479,.T.);
#6479 = SURFACE_CURVE('',#6480,(#6484,#6491),.PCURVE_S1.);
#6480 = LINE('',#6481,#6482);
#6481 = CARTESIAN_POINT('',(84.,4.,0.));
#6482 = VECTOR('',#6483,1.);
#6483 = DIRECTION('',(0.,0.,1.));
#6484 = PCURVE('',#215,#6485);
#6485 = DEFINITIONAL_REPRESENTATION('',(#6486),#6490);
#6486 = LINE('',#6487,#6488);
#6487 = CARTESIAN_POINT('',(-0.,0.));
#6488 = VECTOR('',#6489,1.);
#6489 = DIRECTION('',(-0.,1.));
#6490 = ( GEOMETRIC_REPRESENTATION_CONTEXT(2) 
PARAMETRIC_REPRESENTATION_CONTEXT() REPRESENTATION_CONTEXT('2D SPACE',''
  ) );
#6491 = PCURVE('',#243,#6492);
#6492 = DEFINITIONAL_REPRESENTATION('',(#6493),#6497);
#6493 = LINE('',#6494,#6495);
#6494 = CARTESIAN_POINT('',(0.,-4.));
#6495 = VECTOR('',#6496,1.);
#6496 = DIRECTION('',(1.,0.));
#6497 = ( GEOMETRIC_REPRESENTATION_CONTEXT(2) 
PARAMETRIC_REPRESENTATION_CONTEXT() REPRESENTATION_CONTEXT('2D SPACE',''
  ) );
#6498 = ADVANCED_FACE('',(#6499),#272,.T.);
#6499 = FACE_BOUND('',#6500,.T.);
#6500 = EDGE_LOOP('',(#6501,#6502,#6503,#6504));
#6501 = ORIENTED_EDGE('',*,*,#6372,.T.);
#6502 = ORIENTED_EDGE('',*,*,#6451,.T.);
#6503 = ORIENTED_EDGE('',*,*,#255,.F.);
#6504 = ORIENTED_EDGE('',*,*,#6505,.F.);
#6505 = EDGE_CURVE('',#6350,#228,#6506,.T.);
#6506 = SURFACE_CURVE('',#6507,(#6511,#6518),.PCURVE_S1.);
#6507 = LINE('',#6508,#6509);
#6508 = CARTESIAN_POINT('',(84.,26.,0.));
#6509 = VECTOR('',#6510,1.);
#6510 = DIRECTION('',(0.,0.,1.));
#6511 = PCURVE('',#272,#6512);
#6512 = DEFINITIONAL_REPRESENTATION('',(#6513),#6517);
#6513 = LINE('',#6514,#6515);
#6514 = CARTESIAN_POINT('',(0.,0.));
#6515 = VECTOR('',#6516,1.);
#6516 = DIRECTION('',(0.,1.));
#6517 = ( GEOMETRIC_REPRESENTATION_CONTEXT(2) 
PARAMETRIC_REPRESENTATION_CONTEXT() REPRESENTATION_CONTEXT('2D SPACE',''
  ) );
#6518 = PCURVE('',#243,#6519);
#6519 = DEFINITIONAL_REPRESENTATION('',(#6520),#6524);
#6520 = LINE('',#6521,#6522);
#6521 = CARTESIAN_POINT('',(0.,-26.));
#6522 = VECTOR('',#6523,1.);
#6523 = DIRECTION('',(1.,0.));
#6524 = ( GEOMETRIC_REPRESENTATION_CONTEXT(2) 
PARAMETRIC_REPRESENTATION_CONTEXT() REPRESENTATION_CONTEXT('2D SPACE',''
  ) );
#6525 = ADVANCED_FACE('',(#6526),#243,.T.);
#6526 = FACE_BOUND('',#6527,.T.);
#6527 = EDGE_LOOP('',(#6528,#6529,#6530,#6531));
#6528 = ORIENTED_EDGE('',*,*,#227,.F.);
#6529 = ORIENTED_EDGE('',*,*,#6478,.F.);
#6530 = ORIENTED_EDGE('',*,*,#6349,.T.);
#6531 = ORIENTED_EDGE('',*,*,#6505,.T.);
#6532 = ADVANCED_FACE('',(#6533),#357,.T.);
#6533 = FACE_BOUND('',#6534,.T.);
#6534 = EDGE_LOOP('',(#6535,#6536,#6559,#6587));
#6535 = ORIENTED_EDGE('',*,*,#340,.T.);
#6536 = ORIENTED_EDGE('',*,*,#6537,.T.);
#6537 = EDGE_CURVE('',#343,#6538,#6540,.T.);
#6538 = VERTEX_POINT('',#6539);
#6539 = CARTESIAN_POINT('',(17.009375,3.94296875,4.6));
#6540 = SURFACE_CURVE('',#6541,(#6545,#6552),.PCURVE_S1.);
#6541 = LINE('',#6542,#6543);
#6542 = CARTESIAN_POINT('',(17.009375,3.94296875,3.95));
#6543 = VECTOR('',#6544,1.);
#6544 = DIRECTION('',(0.,0.,1.));
#6545 = PCURVE('',#357,#6546);
#6546 = DEFINITIONAL_REPRESENTATION('',(#6547),#6551);
#6547 = LINE('',#6548,#6549);
#6548 = CARTESIAN_POINT('',(0.,-0.));
#6549 = VECTOR('',#6550,1.);
#6550 = DIRECTION('',(0.,-1.));
#6551 = ( GEOMETRIC_REPRESENTATION_CONTEXT(2) 
PARAMETRIC_REPRESENTATION_CONTEXT() REPRESENTATION_CONTEXT('2D SPACE',''
  ) );
#6552 = PCURVE('',#537,#6553);
#6553 = DEFINITIONAL_REPRESENTATION('',(#6554),#6558);
#6554 = LINE('',#6555,#6556);
#6555 = CARTESIAN_POINT('',(1.903125,0.));
#6556 = VECTOR('',#6557,1.);
#6557 = DIRECTION('',(0.,-1.));
#6558 = ( GEOMETRIC_REPRESENTATION_CONTEXT(2) 
PARAMETRIC_REPRESENTATION_CONTEXT() REPRESENTATION_CONTEXT('2D SPACE',''
  ) );
#6559 = ORIENTED_EDGE('',*,*,#6560,.T.);
#6560 = EDGE_CURVE('',#6538,#6561,#6563,.T.);
#6561 = VERTEX_POINT('',#6562);
#6562 = CARTESIAN_POINT('',(16.546875,3.94296875,4.6));
#6563 = SURFACE_CURVE('',#6564,(#6568,#6575),.PCURVE_S1.);
#6564 = LINE('',#6565,#6566);
#6565 = CARTESIAN_POINT('',(17.009375,3.94296875,4.6));
#6566 = VECTOR('',#6567,1.);
#6567 = DIRECTION('',(-1.,0.,0.));
#6568 = PCURVE('',#357,#6569);
#6569 = DEFINITIONAL_REPRESENTATION('',(#6570),#6574);
#6570 = LINE('',#6571,#6572);
#6571 = CARTESIAN_POINT('',(0.,-0.65));
#6572 = VECTOR('',#6573,1.);
#6573 = DIRECTION('',(1.,0.));
#6574 = ( GEOMETRIC_REPRESENTATION_CONTEXT(2) 
PARAMETRIC_REPRESENTATION_CONTEXT() REPRESENTATION_CONTEXT('2D SPACE',''
  ) );
#6575 = PCURVE('',#6576,#6581);
#6576 = PLANE('',#6577);
#6577 = AXIS2_PLACEMENT_3D('',#6578,#6579,#6580);
#6578 = CARTESIAN_POINT('',(15.7984375,3.94296875,4.6));
#6579 = DIRECTION('',(0.,0.,1.));
#6580 = DIRECTION('',(1.,0.,0.));
#6581 = DEFINITIONAL_REPRESENTATION('',(#6582),#6586);
#6582 = LINE('',#6583,#6584);
#6583 = CARTESIAN_POINT('',(1.2109375,0.));
#6584 = VECTOR('',#6585,1.);
#6585 = DIRECTION('',(-1.,0.));
#6586 = ( GEOMETRIC_REPRESENTATION_CONTEXT(2) 
PARAMETRIC_REPRESENTATION_CONTEXT() REPRESENTATION_CONTEXT('2D SPACE',''
  ) );
#6587 = ORIENTED_EDGE('',*,*,#6588,.F.);
#6588 = EDGE_CURVE('',#341,#6561,#6589,.T.);
#6589 = SURFACE_CURVE('',#6590,(#6594,#6601),.PCURVE_S1.);
#6590 = LINE('',#6591,#6592);
#6591 = CARTESIAN_POINT('',(16.546875,3.94296875,3.95));
#6592 = VECTOR('',#6593,1.);
#6593 = DIRECTION('',(0.,0.,1.));
#6594 = PCURVE('',#357,#6595);
#6595 = DEFINITIONAL_REPRESENTATION('',(#6596),#6600);
#6596 = LINE('',#6597,#6598);
#6597 = CARTESIAN_POINT('',(0.4625,0.));
#6598 = VECTOR('',#6599,1.);
#6599 = DIRECTION('',(0.,-1.));
#6600 = ( GEOMETRIC_REPRESENTATION_CONTEXT(2) 
PARAMETRIC_REPRESENTATION_CONTEXT() REPRESENTATION_CONTEXT('2D SPACE',''
  ) );
#6601 = PCURVE('',#383,#6602);
#6602 = DEFINITIONAL_REPRESENTATION('',(#6603),#6607);
#6603 = LINE('',#6604,#6605);
#6604 = CARTESIAN_POINT('',(0.,0.));
#6605 = VECTOR('',#6606,1.);
#6606 = DIRECTION('',(0.,-1.));
#6607 = ( GEOMETRIC_REPRESENTATION_CONTEXT(2) 
PARAMETRIC_REPRESENTATION_CONTEXT() REPRESENTATION_CONTEXT('2D SPACE',''
  ) );
#6608 = ADVANCED_FACE('',(#6609),#383,.T.);
#6609 = FACE_BOUND('',#6610,.T.);
#6610 = EDGE_LOOP('',(#6611,#6612,#6613,#6636));
#6611 = ORIENTED_EDGE('',*,*,#368,.T.);
#6612 = ORIENTED_EDGE('',*,*,#6588,.T.);
#6613 = ORIENTED_EDGE('',*,*,#6614,.T.);
#6614 = EDGE_CURVE('',#6561,#6615,#6617,.T.);
#6615 = VERTEX_POINT('',#6616);
#6616 = CARTESIAN_POINT('',(16.546875,5.84609375,4.6));
#6617 = SURFACE_CURVE('',#6618,(#6622,#6629),.PCURVE_S1.);
#6618 = LINE('',#6619,#6620);
#6619 = CARTESIAN_POINT('',(16.546875,3.94296875,4.6));
#6620 = VECTOR('',#6621,1.);
#6621 = DIRECTION('',(0.,1.,0.));
#6622 = PCURVE('',#383,#6623);
#6623 = DEFINITIONAL_REPRESENTATION('',(#6624),#6628);
#6624 = LINE('',#6625,#6626);
#6625 = CARTESIAN_POINT('',(0.,-0.65));
#6626 = VECTOR('',#6627,1.);
#6627 = DIRECTION('',(1.,0.));
#6628 = ( GEOMETRIC_REPRESENTATION_CONTEXT(2) 
PARAMETRIC_REPRESENTATION_CONTEXT() REPRESENTATION_CONTEXT('2D SPACE',''
  ) );
#6629 = PCURVE('',#6576,#6630);
#6630 = DEFINITIONAL_REPRESENTATION('',(#6631),#6635);
#6631 = LINE('',#6632,#6633);
#6632 = CARTESIAN_POINT('',(0.7484375,0.));
#6633 = VECTOR('',#6634,1.);
#6634 = DIRECTION('',(0.,1.));
#6635 = ( GEOMETRIC_REPRESENTATION_CONTEXT(2) 
PARAMETRIC_REPRESENTATION_CONTEXT() REPRESENTATION_CONTEXT('2D SPACE',''
  ) );
#6636 = ORIENTED_EDGE('',*,*,#6637,.F.);
#6637 = EDGE_CURVE('',#369,#6615,#6638,.T.);
#6638 = SURFACE_CURVE('',#6639,(#6643,#6650),.PCURVE_S1.);
#6639 = LINE('',#6640,#6641);
#6640 = CARTESIAN_POINT('',(16.546875,5.84609375,3.95));
#6641 = VECTOR('',#6642,1.);
#6642 = DIRECTION('',(0.,0.,1.));
#6643 = PCURVE('',#383,#6644);
#6644 = DEFINITIONAL_REPRESENTATION('',(#6645),#6649);
#6645 = LINE('',#6646,#6647);
#6646 = CARTESIAN_POINT('',(1.903125,0.));
#6647 = VECTOR('',#6648,1.);
#6648 = DIRECTION('',(0.,-1.));
#6649 = ( GEOMETRIC_REPRESENTATION_CONTEXT(2) 
PARAMETRIC_REPRESENTATION_CONTEXT() REPRESENTATION_CONTEXT('2D SPACE',''
  ) );
#6650 = PCURVE('',#409,#6651);
#6651 = DEFINITIONAL_REPRESENTATION('',(#6652),#6656);
#6652 = LINE('',#6653,#6654);
#6653 = CARTESIAN_POINT('',(0.,-0.));
#6654 = VECTOR('',#6655,1.);
#6655 = DIRECTION('',(0.,-1.));
#6656 = ( GEOMETRIC_REPRESENTATION_CONTEXT(2) 
PARAMETRIC_REPRESENTATION_CONTEXT() REPRESENTATION_CONTEXT('2D SPACE',''
  ) );
#6657 = ADVANCED_FACE('',(#6658),#537,.T.);
#6658 = FACE_BOUND('',#6659,.T.);
#6659 = EDGE_LOOP('',(#6660,#6661,#6684,#6705));
#6660 = ORIENTED_EDGE('',*,*,#524,.T.);
#6661 = ORIENTED_EDGE('',*,*,#6662,.T.);
#6662 = EDGE_CURVE('',#499,#6663,#6665,.T.);
#6663 = VERTEX_POINT('',#6664);
#6664 = CARTESIAN_POINT('',(17.009375,5.84609375,4.6));
#6665 = SURFACE_CURVE('',#6666,(#6670,#6677),.PCURVE_S1.);
#6666 = LINE('',#6667,#6668);
#6667 = CARTESIAN_POINT('',(17.009375,5.84609375,3.95));
#6668 = VECTOR('',#6669,1.);
#6669 = DIRECTION('',(0.,0.,1.));
#6670 = PCURVE('',#537,#6671);
#6671 = DEFINITIONAL_REPRESENTATION('',(#6672),#6676);
#6672 = LINE('',#6673,#6674);
#6673 = CARTESIAN_POINT('',(0.,0.));
#6674 = VECTOR('',#6675,1.);
#6675 = DIRECTION('',(0.,-1.));
#6676 = ( GEOMETRIC_REPRESENTATION_CONTEXT(2) 
PARAMETRIC_REPRESENTATION_CONTEXT() REPRESENTATION_CONTEXT('2D SPACE',''
  ) );
#6677 = PCURVE('',#513,#6678);
#6678 = DEFINITIONAL_REPRESENTATION('',(#6679),#6683);
#6679 = LINE('',#6680,#6681);
#6680 = CARTESIAN_POINT('',(0.678125,0.));
#6681 = VECTOR('',#6682,1.);
#6682 = DIRECTION('',(0.,-1.));
#6683 = ( GEOMETRIC_REPRESENTATION_CONTEXT(2) 
PARAMETRIC_REPRESENTATION_CONTEXT() REPRESENTATION_CONTEXT('2D SPACE',''
  ) );
#6684 = ORIENTED_EDGE('',*,*,#6685,.T.);
#6685 = EDGE_CURVE('',#6663,#6538,#6686,.T.);
#6686 = SURFACE_CURVE('',#6687,(#6691,#6698),.PCURVE_S1.);
#6687 = LINE('',#6688,#6689);
#6688 = CARTESIAN_POINT('',(17.009375,5.84609375,4.6));
#6689 = VECTOR('',#6690,1.);
#6690 = DIRECTION('',(0.,-1.,0.));
#6691 = PCURVE('',#537,#6692);
#6692 = DEFINITIONAL_REPRESENTATION('',(#6693),#6697);
#6693 = LINE('',#6694,#6695);
#6694 = CARTESIAN_POINT('',(0.,-0.65));
#6695 = VECTOR('',#6696,1.);
#6696 = DIRECTION('',(1.,0.));
#6697 = ( GEOMETRIC_REPRESENTATION_CONTEXT(2) 
PARAMETRIC_REPRESENTATION_CONTEXT() REPRESENTATION_CONTEXT('2D SPACE',''
  ) );
#6698 = PCURVE('',#6576,#6699);
#6699 = DEFINITIONAL_REPRESENTATION('',(#6700),#6704);
#6700 = LINE('',#6701,#6702);
#6701 = CARTESIAN_POINT('',(1.2109375,1.903125));
#6702 = VECTOR('',#6703,1.);
#6703 = DIRECTION('',(0.,-1.));
#6704 = ( GEOMETRIC_REPRESENTATION_CONTEXT(2) 
PARAMETRIC_REPRESENTATION_CONTEXT() REPRESENTATION_CONTEXT('2D SPACE',''
  ) );
#6705 = ORIENTED_EDGE('',*,*,#6537,.F.);
#6706 = ADVANCED_FACE('',(#6707),#409,.T.);
#6707 = FACE_BOUND('',#6708,.T.);
#6708 = EDGE_LOOP('',(#6709,#6710,#6711,#6734));
#6709 = ORIENTED_EDGE('',*,*,#394,.T.);
#6710 = ORIENTED_EDGE('',*,*,#6637,.T.);
#6711 = ORIENTED_EDGE('',*,*,#6712,.T.);
#6712 = EDGE_CURVE('',#6615,#6713,#6715,.T.);
#6713 = VERTEX_POINT('',#6714);
#6714 = CARTESIAN_POINT('',(15.8671875,5.84609375,4.6));
#6715 = SURFACE_CURVE('',#6716,(#6720,#6727),.PCURVE_S1.);
#6716 = LINE('',#6717,#6718);
#6717 = CARTESIAN_POINT('',(16.546875,5.84609375,4.6));
#6718 = VECTOR('',#6719,1.);
#6719 = DIRECTION('',(-1.,0.,0.));
#6720 = PCURVE('',#409,#6721);
#6721 = DEFINITIONAL_REPRESENTATION('',(#6722),#6726);
#6722 = LINE('',#6723,#6724);
#6723 = CARTESIAN_POINT('',(0.,-0.65));
#6724 = VECTOR('',#6725,1.);
#6725 = DIRECTION('',(1.,0.));
#6726 = ( GEOMETRIC_REPRESENTATION_CONTEXT(2) 
PARAMETRIC_REPRESENTATION_CONTEXT() REPRESENTATION_CONTEXT('2D SPACE',''
  ) );
#6727 = PCURVE('',#6576,#6728);
#6728 = DEFINITIONAL_REPRESENTATION('',(#6729),#6733);
#6729 = LINE('',#6730,#6731);
#6730 = CARTESIAN_POINT('',(0.7484375,1.903125));
#6731 = VECTOR('',#6732,1.);
#6732 = DIRECTION('',(-1.,0.));
#6733 = ( GEOMETRIC_REPRESENTATION_CONTEXT(2) 
PARAMETRIC_REPRESENTATION_CONTEXT() REPRESENTATION_CONTEXT('2D SPACE',''
  ) );
#6734 = ORIENTED_EDGE('',*,*,#6735,.F.);
#6735 = EDGE_CURVE('',#395,#6713,#6736,.T.);
#6736 = SURFACE_CURVE('',#6737,(#6741,#6748),.PCURVE_S1.);
#6737 = LINE('',#6738,#6739);
#6738 = CARTESIAN_POINT('',(15.8671875,5.84609375,3.95));
#6739 = VECTOR('',#6740,1.);
#6740 = DIRECTION('',(0.,0.,1.));
#6741 = PCURVE('',#409,#6742);
#6742 = DEFINITIONAL_REPRESENTATION('',(#6743),#6747);
#6743 = LINE('',#6744,#6745);
#6744 = CARTESIAN_POINT('',(0.6796875,0.));
#6745 = VECTOR('',#6746,1.);
#6746 = DIRECTION('',(0.,-1.));
#6747 = ( GEOMETRIC_REPRESENTATION_CONTEXT(2) 
PARAMETRIC_REPRESENTATION_CONTEXT() REPRESENTATION_CONTEXT('2D SPACE',''
  ) );
#6748 = PCURVE('',#435,#6749);
#6749 = DEFINITIONAL_REPRESENTATION('',(#6750),#6754);
#6750 = LINE('',#6751,#6752);
#6751 = CARTESIAN_POINT('',(0.,0.));
#6752 = VECTOR('',#6753,1.);
#6753 = DIRECTION('',(0.,-1.));
#6754 = ( GEOMETRIC_REPRESENTATION_CONTEXT(2) 
PARAMETRIC_REPRESENTATION_CONTEXT() REPRESENTATION_CONTEXT('2D SPACE',''
  ) );
#6755 = ADVANCED_FACE('',(#6756),#513,.T.);
#6756 = FACE_BOUND('',#6757,.T.);
#6757 = EDGE_LOOP('',(#6758,#6759,#6782,#6803));
#6758 = ORIENTED_EDGE('',*,*,#498,.T.);
#6759 = ORIENTED_EDGE('',*,*,#6760,.T.);
#6760 = EDGE_CURVE('',#473,#6761,#6763,.T.);
#6761 = VERTEX_POINT('',#6762);
#6762 = CARTESIAN_POINT('',(17.6875,5.84609375,4.6));
#6763 = SURFACE_CURVE('',#6764,(#6768,#6775),.PCURVE_S1.);
#6764 = LINE('',#6765,#6766);
#6765 = CARTESIAN_POINT('',(17.6875,5.84609375,3.95));
#6766 = VECTOR('',#6767,1.);
#6767 = DIRECTION('',(0.,0.,1.));
#6768 = PCURVE('',#513,#6769);
#6769 = DEFINITIONAL_REPRESENTATION('',(#6770),#6774);
#6770 = LINE('',#6771,#6772);
#6771 = CARTESIAN_POINT('',(0.,-0.));
#6772 = VECTOR('',#6773,1.);
#6773 = DIRECTION('',(0.,-1.));
#6774 = ( GEOMETRIC_REPRESENTATION_CONTEXT(2) 
PARAMETRIC_REPRESENTATION_CONTEXT() REPRESENTATION_CONTEXT('2D SPACE',''
  ) );
#6775 = PCURVE('',#487,#6776);
#6776 = DEFINITIONAL_REPRESENTATION('',(#6777),#6781);
#6777 = LINE('',#6778,#6779);
#6778 = CARTESIAN_POINT('',(0.3875,0.));
#6779 = VECTOR('',#6780,1.);
#6780 = DIRECTION('',(0.,-1.));
#6781 = ( GEOMETRIC_REPRESENTATION_CONTEXT(2) 
PARAMETRIC_REPRESENTATION_CONTEXT() REPRESENTATION_CONTEXT('2D SPACE',''
  ) );
#6782 = ORIENTED_EDGE('',*,*,#6783,.T.);
#6783 = EDGE_CURVE('',#6761,#6663,#6784,.T.);
#6784 = SURFACE_CURVE('',#6785,(#6789,#6796),.PCURVE_S1.);
#6785 = LINE('',#6786,#6787);
#6786 = CARTESIAN_POINT('',(17.6875,5.84609375,4.6));
#6787 = VECTOR('',#6788,1.);
#6788 = DIRECTION('',(-1.,0.,0.));
#6789 = PCURVE('',#513,#6790);
#6790 = DEFINITIONAL_REPRESENTATION('',(#6791),#6795);
#6791 = LINE('',#6792,#6793);
#6792 = CARTESIAN_POINT('',(0.,-0.65));
#6793 = VECTOR('',#6794,1.);
#6794 = DIRECTION('',(1.,0.));
#6795 = ( GEOMETRIC_REPRESENTATION_CONTEXT(2) 
PARAMETRIC_REPRESENTATION_CONTEXT() REPRESENTATION_CONTEXT('2D SPACE',''
  ) );
#6796 = PCURVE('',#6576,#6797);
#6797 = DEFINITIONAL_REPRESENTATION('',(#6798),#6802);
#6798 = LINE('',#6799,#6800);
#6799 = CARTESIAN_POINT('',(1.8890625,1.903125));
#6800 = VECTOR('',#6801,1.);
#6801 = DIRECTION('',(-1.,0.));
#6802 = ( GEOMETRIC_REPRESENTATION_CONTEXT(2) 
PARAMETRIC_REPRESENTATION_CONTEXT() REPRESENTATION_CONTEXT('2D SPACE',''
  ) );
#6803 = ORIENTED_EDGE('',*,*,#6662,.F.);
#6804 = ADVANCED_FACE('',(#6805),#435,.T.);
#6805 = FACE_BOUND('',#6806,.T.);
#6806 = EDGE_LOOP('',(#6807,#6808,#6809,#6832));
#6807 = ORIENTED_EDGE('',*,*,#420,.T.);
#6808 = ORIENTED_EDGE('',*,*,#6735,.T.);
#6809 = ORIENTED_EDGE('',*,*,#6810,.T.);
#6810 = EDGE_CURVE('',#6713,#6811,#6813,.T.);
#6811 = VERTEX_POINT('',#6812);
#6812 = CARTESIAN_POINT('',(15.8671875,6.23359375,4.6));
#6813 = SURFACE_CURVE('',#6814,(#6818,#6825),.PCURVE_S1.);
#6814 = LINE('',#6815,#6816);
#6815 = CARTESIAN_POINT('',(15.8671875,5.84609375,4.6));
#6816 = VECTOR('',#6817,1.);
#6817 = DIRECTION('',(0.,1.,0.));
#6818 = PCURVE('',#435,#6819);
#6819 = DEFINITIONAL_REPRESENTATION('',(#6820),#6824);
#6820 = LINE('',#6821,#6822);
#6821 = CARTESIAN_POINT('',(0.,-0.65));
#6822 = VECTOR('',#6823,1.);
#6823 = DIRECTION('',(1.,0.));
#6824 = ( GEOMETRIC_REPRESENTATION_CONTEXT(2) 
PARAMETRIC_REPRESENTATION_CONTEXT() REPRESENTATION_CONTEXT('2D SPACE',''
  ) );
#6825 = PCURVE('',#6576,#6826);
#6826 = DEFINITIONAL_REPRESENTATION('',(#6827),#6831);
#6827 = LINE('',#6828,#6829);
#6828 = CARTESIAN_POINT('',(6.875E-02,1.903125));
#6829 = VECTOR('',#6830,1.);
#6830 = DIRECTION('',(0.,1.));
#6831 = ( GEOMETRIC_REPRESENTATION_CONTEXT(2) 
PARAMETRIC_REPRESENTATION_CONTEXT() REPRESENTATION_CONTEXT('2D SPACE',''
  ) );
#6832 = ORIENTED_EDGE('',*,*,#6833,.F.);
#6833 = EDGE_CURVE('',#421,#6811,#6834,.T.);
#6834 = SURFACE_CURVE('',#6835,(#6839,#6846),.PCURVE_S1.);
#6835 = LINE('',#6836,#6837);
#6836 = CARTESIAN_POINT('',(15.8671875,6.23359375,3.95));
#6837 = VECTOR('',#6838,1.);
#6838 = DIRECTION('',(0.,0.,1.));
#6839 = PCURVE('',#435,#6840);
#6840 = DEFINITIONAL_REPRESENTATION('',(#6841),#6845);
#6841 = LINE('',#6842,#6843);
#6842 = CARTESIAN_POINT('',(0.3875,0.));
#6843 = VECTOR('',#6844,1.);
#6844 = DIRECTION('',(0.,-1.));
#6845 = ( GEOMETRIC_REPRESENTATION_CONTEXT(2) 
PARAMETRIC_REPRESENTATION_CONTEXT() REPRESENTATION_CONTEXT('2D SPACE',''
  ) );
#6846 = PCURVE('',#461,#6847);
#6847 = DEFINITIONAL_REPRESENTATION('',(#6848),#6852);
#6848 = LINE('',#6849,#6850);
#6849 = CARTESIAN_POINT('',(0.,0.));
#6850 = VECTOR('',#6851,1.);
#6851 = DIRECTION('',(0.,-1.));
#6852 = ( GEOMETRIC_REPRESENTATION_CONTEXT(2) 
PARAMETRIC_REPRESENTATION_CONTEXT() REPRESENTATION_CONTEXT('2D SPACE',''
  ) );
#6853 = ADVANCED_FACE('',(#6854),#487,.T.);
#6854 = FACE_BOUND('',#6855,.T.);
#6855 = EDGE_LOOP('',(#6856,#6857,#6880,#6901));
#6856 = ORIENTED_EDGE('',*,*,#472,.T.);
#6857 = ORIENTED_EDGE('',*,*,#6858,.T.);
#6858 = EDGE_CURVE('',#447,#6859,#6861,.T.);
#6859 = VERTEX_POINT('',#6860);
#6860 = CARTESIAN_POINT('',(17.6875,6.23359375,4.6));
#6861 = SURFACE_CURVE('',#6862,(#6866,#6873),.PCURVE_S1.);
#6862 = LINE('',#6863,#6864);
#6863 = CARTESIAN_POINT('',(17.6875,6.23359375,3.95));
#6864 = VECTOR('',#6865,1.);
#6865 = DIRECTION('',(0.,0.,1.));
#6866 = PCURVE('',#487,#6867);
#6867 = DEFINITIONAL_REPRESENTATION('',(#6868),#6872);
#6868 = LINE('',#6869,#6870);
#6869 = CARTESIAN_POINT('',(0.,0.));
#6870 = VECTOR('',#6871,1.);
#6871 = DIRECTION('',(0.,-1.));
#6872 = ( GEOMETRIC_REPRESENTATION_CONTEXT(2) 
PARAMETRIC_REPRESENTATION_CONTEXT() REPRESENTATION_CONTEXT('2D SPACE',''
  ) );
#6873 = PCURVE('',#461,#6874);
#6874 = DEFINITIONAL_REPRESENTATION('',(#6875),#6879);
#6875 = LINE('',#6876,#6877);
#6876 = CARTESIAN_POINT('',(1.8203125,0.));
#6877 = VECTOR('',#6878,1.);
#6878 = DIRECTION('',(0.,-1.));
#6879 = ( GEOMETRIC_REPRESENTATION_CONTEXT(2) 
PARAMETRIC_REPRESENTATION_CONTEXT() REPRESENTATION_CONTEXT('2D SPACE',''
  ) );
#6880 = ORIENTED_EDGE('',*,*,#6881,.T.);
#6881 = EDGE_CURVE('',#6859,#6761,#6882,.T.);
#6882 = SURFACE_CURVE('',#6883,(#6887,#6894),.PCURVE_S1.);
#6883 = LINE('',#6884,#6885);
#6884 = CARTESIAN_POINT('',(17.6875,6.23359375,4.6));
#6885 = VECTOR('',#6886,1.);
#6886 = DIRECTION('',(0.,-1.,0.));
#6887 = PCURVE('',#487,#6888);
#6888 = DEFINITIONAL_REPRESENTATION('',(#6889),#6893);
#6889 = LINE('',#6890,#6891);
#6890 = CARTESIAN_POINT('',(0.,-0.65));
#6891 = VECTOR('',#6892,1.);
#6892 = DIRECTION('',(1.,0.));
#6893 = ( GEOMETRIC_REPRESENTATION_CONTEXT(2) 
PARAMETRIC_REPRESENTATION_CONTEXT() REPRESENTATION_CONTEXT('2D SPACE',''
  ) );
#6894 = PCURVE('',#6576,#6895);
#6895 = DEFINITIONAL_REPRESENTATION('',(#6896),#6900);
#6896 = LINE('',#6897,#6898);
#6897 = CARTESIAN_POINT('',(1.8890625,2.290625));
#6898 = VECTOR('',#6899,1.);
#6899 = DIRECTION('',(0.,-1.));
#6900 = ( GEOMETRIC_REPRESENTATION_CONTEXT(2) 
PARAMETRIC_REPRESENTATION_CONTEXT() REPRESENTATION_CONTEXT('2D SPACE',''
  ) );
#6901 = ORIENTED_EDGE('',*,*,#6760,.F.);
#6902 = ADVANCED_FACE('',(#6903),#461,.T.);
#6903 = FACE_BOUND('',#6904,.T.);
#6904 = EDGE_LOOP('',(#6905,#6906,#6907,#6928));
#6905 = ORIENTED_EDGE('',*,*,#446,.T.);
#6906 = ORIENTED_EDGE('',*,*,#6833,.T.);
#6907 = ORIENTED_EDGE('',*,*,#6908,.T.);
#6908 = EDGE_CURVE('',#6811,#6859,#6909,.T.);
#6909 = SURFACE_CURVE('',#6910,(#6914,#6921),.PCURVE_S1.);
#6910 = LINE('',#6911,#6912);
#6911 = CARTESIAN_POINT('',(15.8671875,6.23359375,4.6));
#6912 = VECTOR('',#6913,1.);
#6913 = DIRECTION('',(1.,0.,0.));
#6914 = PCURVE('',#461,#6915);
#6915 = DEFINITIONAL_REPRESENTATION('',(#6916),#6920);
#6916 = LINE('',#6917,#6918);
#6917 = CARTESIAN_POINT('',(0.,-0.65));
#6918 = VECTOR('',#6919,1.);
#6919 = DIRECTION('',(1.,0.));
#6920 = ( GEOMETRIC_REPRESENTATION_CONTEXT(2) 
PARAMETRIC_REPRESENTATION_CONTEXT() REPRESENTATION_CONTEXT('2D SPACE',''
  ) );
#6921 = PCURVE('',#6576,#6922);
#6922 = DEFINITIONAL_REPRESENTATION('',(#6923),#6927);
#6923 = LINE('',#6924,#6925);
#6924 = CARTESIAN_POINT('',(6.875E-02,2.290625));
#6925 = VECTOR('',#6926,1.);
#6926 = DIRECTION('',(1.,0.));
#6927 = ( GEOMETRIC_REPRESENTATION_CONTEXT(2) 
PARAMETRIC_REPRESENTATION_CONTEXT() REPRESENTATION_CONTEXT('2D SPACE',''
  ) );
#6928 = ORIENTED_EDGE('',*,*,#6858,.F.);
#6929 = ADVANCED_FACE('',(#6930),#567,.T.);
#6930 = FACE_BOUND('',#6931,.T.);
#6931 = EDGE_LOOP('',(#6932,#6933,#6956,#6984));
#6932 = ORIENTED_EDGE('',*,*,#550,.T.);
#6933 = ORIENTED_EDGE('',*,*,#6934,.T.);
#6934 = EDGE_CURVE('',#553,#6935,#6937,.T.);
#6935 = VERTEX_POINT('',#6936);
#6936 = CARTESIAN_POINT('',(18.5,4.35078125,4.6));
#6937 = SURFACE_CURVE('',#6938,(#6942,#6949),.PCURVE_S1.);
#6938 = LINE('',#6939,#6940);
#6939 = CARTESIAN_POINT('',(18.5,4.35078125,3.95));
#6940 = VECTOR('',#6941,1.);
#6941 = DIRECTION('',(0.,0.,1.));
#6942 = PCURVE('',#567,#6943);
#6943 = DEFINITIONAL_REPRESENTATION('',(#6944),#6948);
#6944 = LINE('',#6945,#6946);
#6945 = CARTESIAN_POINT('',(0.,0.));
#6946 = VECTOR('',#6947,1.);
#6947 = DIRECTION('',(0.,-1.));
#6948 = ( GEOMETRIC_REPRESENTATION_CONTEXT(2) 
PARAMETRIC_REPRESENTATION_CONTEXT() REPRESENTATION_CONTEXT('2D SPACE',''
  ) );
#6949 = PCURVE('',#1442,#6950);
#6950 = DEFINITIONAL_REPRESENTATION('',(#6951),#6955);
#6951 = LINE('',#6952,#6953);
#6952 = CARTESIAN_POINT('',(1.,0.));
#6953 = VECTOR('',#6954,1.);
#6954 = DIRECTION('',(0.,-1.));
#6955 = ( GEOMETRIC_REPRESENTATION_CONTEXT(2) 
PARAMETRIC_REPRESENTATION_CONTEXT() REPRESENTATION_CONTEXT('2D SPACE',''
  ) );
#6956 = ORIENTED_EDGE('',*,*,#6957,.T.);
#6957 = EDGE_CURVE('',#6935,#6958,#6960,.T.);
#6958 = VERTEX_POINT('',#6959);
#6959 = CARTESIAN_POINT('',(19.371875,4.35078125,4.6));
#6960 = SURFACE_CURVE('',#6961,(#6965,#6972),.PCURVE_S1.);
#6961 = LINE('',#6962,#6963);
#6962 = CARTESIAN_POINT('',(18.5,4.35078125,4.6));
#6963 = VECTOR('',#6964,1.);
#6964 = DIRECTION('',(1.,0.,0.));
#6965 = PCURVE('',#567,#6966);
#6966 = DEFINITIONAL_REPRESENTATION('',(#6967),#6971);
#6967 = LINE('',#6968,#6969);
#6968 = CARTESIAN_POINT('',(0.,-0.65));
#6969 = VECTOR('',#6970,1.);
#6970 = DIRECTION('',(1.,0.));
#6971 = ( GEOMETRIC_REPRESENTATION_CONTEXT(2) 
PARAMETRIC_REPRESENTATION_CONTEXT() REPRESENTATION_CONTEXT('2D SPACE',''
  ) );
#6972 = PCURVE('',#6973,#6978);
#6973 = PLANE('',#6974);
#6974 = AXIS2_PLACEMENT_3D('',#6975,#6976,#6977);
#6975 = CARTESIAN_POINT('',(17.753125,3.94296875,4.6));
#6976 = DIRECTION('',(0.,0.,1.));
#6977 = DIRECTION('',(1.,0.,0.));
#6978 = DEFINITIONAL_REPRESENTATION('',(#6979),#6983);
#6979 = LINE('',#6980,#6981);
#6980 = CARTESIAN_POINT('',(0.746875,0.4078125));
#6981 = VECTOR('',#6982,1.);
#6982 = DIRECTION('',(1.,0.));
#6983 = ( GEOMETRIC_REPRESENTATION_CONTEXT(2) 
PARAMETRIC_REPRESENTATION_CONTEXT() REPRESENTATION_CONTEXT('2D SPACE',''
  ) );
#6984 = ORIENTED_EDGE('',*,*,#6985,.F.);
#6985 = EDGE_CURVE('',#551,#6958,#6986,.T.);
#6986 = SURFACE_CURVE('',#6987,(#6991,#6998),.PCURVE_S1.);
#6987 = LINE('',#6988,#6989);
#6988 = CARTESIAN_POINT('',(19.371875,4.35078125,3.95));
#6989 = VECTOR('',#6990,1.);
#6990 = DIRECTION('',(0.,0.,1.));
#6991 = PCURVE('',#567,#6992);
#6992 = DEFINITIONAL_REPRESENTATION('',(#6993),#6997);
#6993 = LINE('',#6994,#6995);
#6994 = CARTESIAN_POINT('',(0.871875,0.));
#6995 = VECTOR('',#6996,1.);
#6996 = DIRECTION('',(0.,-1.));
#6997 = ( GEOMETRIC_REPRESENTATION_CONTEXT(2) 
PARAMETRIC_REPRESENTATION_CONTEXT() REPRESENTATION_CONTEXT('2D SPACE',''
  ) );
#6998 = PCURVE('',#593,#6999);
#6999 = DEFINITIONAL_REPRESENTATION('',(#7000),#7004);
#7000 = LINE('',#7001,#7002);
#7001 = CARTESIAN_POINT('',(0.,0.));
#7002 = VECTOR('',#7003,1.);
#7003 = DIRECTION('',(0.,-1.));
#7004 = ( GEOMETRIC_REPRESENTATION_CONTEXT(2) 
PARAMETRIC_REPRESENTATION_CONTEXT() REPRESENTATION_CONTEXT('2D SPACE',''
  ) );
#7005 = ADVANCED_FACE('',(#7006),#593,.T.);
#7006 = FACE_BOUND('',#7007,.T.);
#7007 = EDGE_LOOP('',(#7008,#7009,#7010,#7033));
#7008 = ORIENTED_EDGE('',*,*,#578,.T.);
#7009 = ORIENTED_EDGE('',*,*,#6985,.T.);
#7010 = ORIENTED_EDGE('',*,*,#7011,.T.);
#7011 = EDGE_CURVE('',#6958,#7012,#7014,.T.);
#7012 = VERTEX_POINT('',#7013);
#7013 = CARTESIAN_POINT('',(19.371875,3.94296875,4.6));
#7014 = SURFACE_CURVE('',#7015,(#7019,#7026),.PCURVE_S1.);
#7015 = LINE('',#7016,#7017);
#7016 = CARTESIAN_POINT('',(19.371875,4.35078125,4.6));
#7017 = VECTOR('',#7018,1.);
#7018 = DIRECTION('',(0.,-1.,0.));
#7019 = PCURVE('',#593,#7020);
#7020 = DEFINITIONAL_REPRESENTATION('',(#7021),#7025);
#7021 = LINE('',#7022,#7023);
#7022 = CARTESIAN_POINT('',(0.,-0.65));
#7023 = VECTOR('',#7024,1.);
#7024 = DIRECTION('',(1.,0.));
#7025 = ( GEOMETRIC_REPRESENTATION_CONTEXT(2) 
PARAMETRIC_REPRESENTATION_CONTEXT() REPRESENTATION_CONTEXT('2D SPACE',''
  ) );
#7026 = PCURVE('',#6973,#7027);
#7027 = DEFINITIONAL_REPRESENTATION('',(#7028),#7032);
#7028 = LINE('',#7029,#7030);
#7029 = CARTESIAN_POINT('',(1.61875,0.4078125));
#7030 = VECTOR('',#7031,1.);
#7031 = DIRECTION('',(0.,-1.));
#7032 = ( GEOMETRIC_REPRESENTATION_CONTEXT(2) 
PARAMETRIC_REPRESENTATION_CONTEXT() REPRESENTATION_CONTEXT('2D SPACE',''
  ) );
#7033 = ORIENTED_EDGE('',*,*,#7034,.F.);
#7034 = EDGE_CURVE('',#579,#7012,#7035,.T.);
#7035 = SURFACE_CURVE('',#7036,(#7040,#7047),.PCURVE_S1.);
#7036 = LINE('',#7037,#7038);
#7037 = CARTESIAN_POINT('',(19.371875,3.94296875,3.95));
#7038 = VECTOR('',#7039,1.);
#7039 = DIRECTION('',(0.,0.,1.));
#7040 = PCURVE('',#593,#7041);
#7041 = DEFINITIONAL_REPRESENTATION('',(#7042),#7046);
#7042 = LINE('',#7043,#7044);
#7043 = CARTESIAN_POINT('',(0.4078125,0.));
#7044 = VECTOR('',#7045,1.);
#7045 = DIRECTION('',(0.,-1.));
#7046 = ( GEOMETRIC_REPRESENTATION_CONTEXT(2) 
PARAMETRIC_REPRESENTATION_CONTEXT() REPRESENTATION_CONTEXT('2D SPACE',''
  ) );
#7047 = PCURVE('',#619,#7048);
#7048 = DEFINITIONAL_REPRESENTATION('',(#7049),#7053);
#7049 = LINE('',#7050,#7051);
#7050 = CARTESIAN_POINT('',(0.,-0.));
#7051 = VECTOR('',#7052,1.);
#7052 = DIRECTION('',(0.,-1.));
#7053 = ( GEOMETRIC_REPRESENTATION_CONTEXT(2) 
PARAMETRIC_REPRESENTATION_CONTEXT() REPRESENTATION_CONTEXT('2D SPACE',''
  ) );
#7054 = ADVANCED_FACE('',(#7055),#1442,.T.);
#7055 = FACE_BOUND('',#7056,.T.);
#7056 = EDGE_LOOP('',(#7057,#7058,#7081,#7102));
#7057 = ORIENTED_EDGE('',*,*,#1424,.T.);
#7058 = ORIENTED_EDGE('',*,*,#7059,.T.);
#7059 = EDGE_CURVE('',#1383,#7060,#7062,.T.);
#7060 = VERTEX_POINT('',#7061);
#7061 = CARTESIAN_POINT('',(18.58984375,4.47265625,4.6));
#7062 = SURFACE_CURVE('',#7063,(#7067,#7074),.PCURVE_S1.);
#7063 = LINE('',#7064,#7065);
#7064 = CARTESIAN_POINT('',(18.58984375,4.47265625,3.95));
#7065 = VECTOR('',#7066,1.);
#7066 = DIRECTION('',(0.,0.,1.));
#7067 = PCURVE('',#1442,#7068);
#7068 = DEFINITIONAL_REPRESENTATION('',(#7069),#7073);
#7069 = LINE('',#7070,#7071);
#7070 = CARTESIAN_POINT('',(0.,0.));
#7071 = VECTOR('',#7072,1.);
#7072 = DIRECTION('',(0.,-1.));
#7073 = ( GEOMETRIC_REPRESENTATION_CONTEXT(2) 
PARAMETRIC_REPRESENTATION_CONTEXT() REPRESENTATION_CONTEXT('2D SPACE',''
  ) );
#7074 = PCURVE('',#1406,#7075);
#7075 = DEFINITIONAL_REPRESENTATION('',(#7076),#7080);
#7076 = LINE('',#7077,#7078);
#7077 = CARTESIAN_POINT('',(1.,0.));
#7078 = VECTOR('',#7079,1.);
#7079 = DIRECTION('',(0.,-1.));
#7080 = ( GEOMETRIC_REPRESENTATION_CONTEXT(2) 
PARAMETRIC_REPRESENTATION_CONTEXT() REPRESENTATION_CONTEXT('2D SPACE',''
  ) );
#7081 = ORIENTED_EDGE('',*,*,#7082,.T.);
#7082 = EDGE_CURVE('',#7060,#6935,#7083,.T.);
#7083 = SURFACE_CURVE('',#7084,(#7088,#7095),.PCURVE_S1.);
#7084 = B_SPLINE_CURVE_WITH_KNOTS('',2,(#7085,#7086,#7087),
  .UNSPECIFIED.,.F.,.F.,(3,3),(0.,1.),.PIECEWISE_BEZIER_KNOTS.);
#7085 = CARTESIAN_POINT('',(18.58984375,4.47265625,4.6));
#7086 = CARTESIAN_POINT('',(18.534375,4.41015625,4.6));
#7087 = CARTESIAN_POINT('',(18.5,4.35078125,4.6));
#7088 = PCURVE('',#1442,#7089);
#7089 = DEFINITIONAL_REPRESENTATION('',(#7090),#7094);
#7090 = LINE('',#7091,#7092);
#7091 = CARTESIAN_POINT('',(0.,-0.65));
#7092 = VECTOR('',#7093,1.);
#7093 = DIRECTION('',(1.,0.));
#7094 = ( GEOMETRIC_REPRESENTATION_CONTEXT(2) 
PARAMETRIC_REPRESENTATION_CONTEXT() REPRESENTATION_CONTEXT('2D SPACE',''
  ) );
#7095 = PCURVE('',#6973,#7096);
#7096 = DEFINITIONAL_REPRESENTATION('',(#7097),#7101);
#7097 = B_SPLINE_CURVE_WITH_KNOTS('',2,(#7098,#7099,#7100),
  .UNSPECIFIED.,.F.,.F.,(3,3),(0.,1.),.PIECEWISE_BEZIER_KNOTS.);
#7098 = CARTESIAN_POINT('',(0.83671875,0.5296875));
#7099 = CARTESIAN_POINT('',(0.78125,0.4671875));
#7100 = CARTESIAN_POINT('',(0.746875,0.4078125));
#7101 = ( GEOMETRIC_REPRESENTATION_CONTEXT(2) 
PARAMETRIC_REPRESENTATION_CONTEXT() REPRESENTATION_CONTEXT('2D SPACE',''
  ) );
#7102 = ORIENTED_EDGE('',*,*,#6934,.F.);
#7103 = ADVANCED_FACE('',(#7104),#619,.T.);
#7104 = FACE_BOUND('',#7105,.T.);
#7105 = EDGE_LOOP('',(#7106,#7107,#7108,#7131));
#7106 = ORIENTED_EDGE('',*,*,#604,.T.);
#7107 = ORIENTED_EDGE('',*,*,#7034,.T.);
#7108 = ORIENTED_EDGE('',*,*,#7109,.T.);
#7109 = EDGE_CURVE('',#7012,#7110,#7112,.T.);
#7110 = VERTEX_POINT('',#7111);
#7111 = CARTESIAN_POINT('',(17.8328125,3.94296875,4.6));
#7112 = SURFACE_CURVE('',#7113,(#7117,#7124),.PCURVE_S1.);
#7113 = LINE('',#7114,#7115);
#7114 = CARTESIAN_POINT('',(19.371875,3.94296875,4.6));
#7115 = VECTOR('',#7116,1.);
#7116 = DIRECTION('',(-1.,0.,0.));
#7117 = PCURVE('',#619,#7118);
#7118 = DEFINITIONAL_REPRESENTATION('',(#7119),#7123);
#7119 = LINE('',#7120,#7121);
#7120 = CARTESIAN_POINT('',(0.,-0.65));
#7121 = VECTOR('',#7122,1.);
#7122 = DIRECTION('',(1.,0.));
#7123 = ( GEOMETRIC_REPRESENTATION_CONTEXT(2) 
PARAMETRIC_REPRESENTATION_CONTEXT() REPRESENTATION_CONTEXT('2D SPACE',''
  ) );
#7124 = PCURVE('',#6973,#7125);
#7125 = DEFINITIONAL_REPRESENTATION('',(#7126),#7130);
#7126 = LINE('',#7127,#7128);
#7127 = CARTESIAN_POINT('',(1.61875,0.));
#7128 = VECTOR('',#7129,1.);
#7129 = DIRECTION('',(-1.,0.));
#7130 = ( GEOMETRIC_REPRESENTATION_CONTEXT(2) 
PARAMETRIC_REPRESENTATION_CONTEXT() REPRESENTATION_CONTEXT('2D SPACE',''
  ) );
#7131 = ORIENTED_EDGE('',*,*,#7132,.F.);
#7132 = EDGE_CURVE('',#605,#7110,#7133,.T.);
#7133 = SURFACE_CURVE('',#7134,(#7138,#7145),.PCURVE_S1.);
#7134 = LINE('',#7135,#7136);
#7135 = CARTESIAN_POINT('',(17.8328125,3.94296875,3.95));
#7136 = VECTOR('',#7137,1.);
#7137 = DIRECTION('',(0.,0.,1.));
#7138 = PCURVE('',#619,#7139);
#7139 = DEFINITIONAL_REPRESENTATION('',(#7140),#7144);
#7140 = LINE('',#7141,#7142);
#7141 = CARTESIAN_POINT('',(1.5390625,0.));
#7142 = VECTOR('',#7143,1.);
#7143 = DIRECTION('',(0.,-1.));
#7144 = ( GEOMETRIC_REPRESENTATION_CONTEXT(2) 
PARAMETRIC_REPRESENTATION_CONTEXT() REPRESENTATION_CONTEXT('2D SPACE',''
  ) );
#7145 = PCURVE('',#660,#7146);
#7146 = DEFINITIONAL_REPRESENTATION('',(#7147),#7151);
#7147 = LINE('',#7148,#7149);
#7148 = CARTESIAN_POINT('',(0.,0.));
#7149 = VECTOR('',#7150,1.);
#7150 = DIRECTION('',(0.,-1.));
#7151 = ( GEOMETRIC_REPRESENTATION_CONTEXT(2) 
PARAMETRIC_REPRESENTATION_CONTEXT() REPRESENTATION_CONTEXT('2D SPACE',''
  ) );
#7152 = ADVANCED_FACE('',(#7153),#1406,.T.);
#7153 = FACE_BOUND('',#7154,.T.);
#7154 = EDGE_LOOP('',(#7155,#7156,#7179,#7200));
#7155 = ORIENTED_EDGE('',*,*,#1382,.T.);
#7156 = ORIENTED_EDGE('',*,*,#7157,.T.);
#7157 = EDGE_CURVE('',#1341,#7158,#7160,.T.);
#7158 = VERTEX_POINT('',#7159);
#7159 = CARTESIAN_POINT('',(18.853125,4.72578125,4.6));
#7160 = SURFACE_CURVE('',#7161,(#7165,#7172),.PCURVE_S1.);
#7161 = LINE('',#7162,#7163);
#7162 = CARTESIAN_POINT('',(18.853125,4.72578125,3.95));
#7163 = VECTOR('',#7164,1.);
#7164 = DIRECTION('',(0.,0.,1.));
#7165 = PCURVE('',#1406,#7166);
#7166 = DEFINITIONAL_REPRESENTATION('',(#7167),#7171);
#7167 = LINE('',#7168,#7169);
#7168 = CARTESIAN_POINT('',(0.,0.));
#7169 = VECTOR('',#7170,1.);
#7170 = DIRECTION('',(0.,-1.));
#7171 = ( GEOMETRIC_REPRESENTATION_CONTEXT(2) 
PARAMETRIC_REPRESENTATION_CONTEXT() REPRESENTATION_CONTEXT('2D SPACE',''
  ) );
#7172 = PCURVE('',#1364,#7173);
#7173 = DEFINITIONAL_REPRESENTATION('',(#7174),#7178);
#7174 = LINE('',#7175,#7176);
#7175 = CARTESIAN_POINT('',(1.,0.));
#7176 = VECTOR('',#7177,1.);
#7177 = DIRECTION('',(0.,-1.));
#7178 = ( GEOMETRIC_REPRESENTATION_CONTEXT(2) 
PARAMETRIC_REPRESENTATION_CONTEXT() REPRESENTATION_CONTEXT('2D SPACE',''
  ) );
#7179 = ORIENTED_EDGE('',*,*,#7180,.T.);
#7180 = EDGE_CURVE('',#7158,#7060,#7181,.T.);
#7181 = SURFACE_CURVE('',#7182,(#7186,#7193),.PCURVE_S1.);
#7182 = B_SPLINE_CURVE_WITH_KNOTS('',2,(#7183,#7184,#7185),
  .UNSPECIFIED.,.F.,.F.,(3,3),(0.,1.),.PIECEWISE_BEZIER_KNOTS.);
#7183 = CARTESIAN_POINT('',(18.853125,4.72578125,4.6));
#7184 = CARTESIAN_POINT('',(18.6453125,4.53515625,4.6));
#7185 = CARTESIAN_POINT('',(18.58984375,4.47265625,4.6));
#7186 = PCURVE('',#1406,#7187);
#7187 = DEFINITIONAL_REPRESENTATION('',(#7188),#7192);
#7188 = LINE('',#7189,#7190);
#7189 = CARTESIAN_POINT('',(0.,-0.65));
#7190 = VECTOR('',#7191,1.);
#7191 = DIRECTION('',(1.,0.));
#7192 = ( GEOMETRIC_REPRESENTATION_CONTEXT(2) 
PARAMETRIC_REPRESENTATION_CONTEXT() REPRESENTATION_CONTEXT('2D SPACE',''
  ) );
#7193 = PCURVE('',#6973,#7194);
#7194 = DEFINITIONAL_REPRESENTATION('',(#7195),#7199);
#7195 = B_SPLINE_CURVE_WITH_KNOTS('',2,(#7196,#7197,#7198),
  .UNSPECIFIED.,.F.,.F.,(3,3),(0.,1.),.PIECEWISE_BEZIER_KNOTS.);
#7196 = CARTESIAN_POINT('',(1.1,0.7828125));
#7197 = CARTESIAN_POINT('',(0.8921875,0.5921875));
#7198 = CARTESIAN_POINT('',(0.83671875,0.5296875));
#7199 = ( GEOMETRIC_REPRESENTATION_CONTEXT(2) 
PARAMETRIC_REPRESENTATION_CONTEXT() REPRESENTATION_CONTEXT('2D SPACE',''
  ) );
#7200 = ORIENTED_EDGE('',*,*,#7059,.F.);
#7201 = ADVANCED_FACE('',(#7202),#660,.T.);
#7202 = FACE_BOUND('',#7203,.T.);
#7203 = EDGE_LOOP('',(#7204,#7205,#7206,#7229));
#7204 = ORIENTED_EDGE('',*,*,#630,.T.);
#7205 = ORIENTED_EDGE('',*,*,#7132,.T.);
#7206 = ORIENTED_EDGE('',*,*,#7207,.T.);
#7207 = EDGE_CURVE('',#7110,#7208,#7210,.T.);
#7208 = VERTEX_POINT('',#7209);
#7209 = CARTESIAN_POINT('',(17.9828125,4.38125,4.6));
#7210 = SURFACE_CURVE('',#7211,(#7215,#7222),.PCURVE_S1.);
#7211 = B_SPLINE_CURVE_WITH_KNOTS('',2,(#7212,#7213,#7214),
  .UNSPECIFIED.,.F.,.F.,(3,3),(0.,1.),.PIECEWISE_BEZIER_KNOTS.);
#7212 = CARTESIAN_POINT('',(17.8328125,3.94296875,4.6));
#7213 = CARTESIAN_POINT('',(17.8578125,4.17421875,4.6));
#7214 = CARTESIAN_POINT('',(17.9828125,4.38125,4.6));
#7215 = PCURVE('',#660,#7216);
#7216 = DEFINITIONAL_REPRESENTATION('',(#7217),#7221);
#7217 = LINE('',#7218,#7219);
#7218 = CARTESIAN_POINT('',(0.,-0.65));
#7219 = VECTOR('',#7220,1.);
#7220 = DIRECTION('',(1.,0.));
#7221 = ( GEOMETRIC_REPRESENTATION_CONTEXT(2) 
PARAMETRIC_REPRESENTATION_CONTEXT() REPRESENTATION_CONTEXT('2D SPACE',''
  ) );
#7222 = PCURVE('',#6973,#7223);
#7223 = DEFINITIONAL_REPRESENTATION('',(#7224),#7228);
#7224 = B_SPLINE_CURVE_WITH_KNOTS('',2,(#7225,#7226,#7227),
  .UNSPECIFIED.,.F.,.F.,(3,3),(0.,1.),.PIECEWISE_BEZIER_KNOTS.);
#7225 = CARTESIAN_POINT('',(7.96875E-02,0.));
#7226 = CARTESIAN_POINT('',(0.1046875,0.23125));
#7227 = CARTESIAN_POINT('',(0.2296875,0.43828125));
#7228 = ( GEOMETRIC_REPRESENTATION_CONTEXT(2) 
PARAMETRIC_REPRESENTATION_CONTEXT() REPRESENTATION_CONTEXT('2D SPACE',''
  ) );
#7229 = ORIENTED_EDGE('',*,*,#7230,.F.);
#7230 = EDGE_CURVE('',#631,#7208,#7231,.T.);
#7231 = SURFACE_CURVE('',#7232,(#7236,#7243),.PCURVE_S1.);
#7232 = LINE('',#7233,#7234);
#7233 = CARTESIAN_POINT('',(17.9828125,4.38125,3.95));
#7234 = VECTOR('',#7235,1.);
#7235 = DIRECTION('',(0.,0.,1.));
#7236 = PCURVE('',#660,#7237);
#7237 = DEFINITIONAL_REPRESENTATION('',(#7238),#7242);
#7238 = LINE('',#7239,#7240);
#7239 = CARTESIAN_POINT('',(1.,0.));
#7240 = VECTOR('',#7241,1.);
#7241 = DIRECTION('',(0.,-1.));
#7242 = ( GEOMETRIC_REPRESENTATION_CONTEXT(2) 
PARAMETRIC_REPRESENTATION_CONTEXT() REPRESENTATION_CONTEXT('2D SPACE',''
  ) );
#7243 = PCURVE('',#707,#7244);
#7244 = DEFINITIONAL_REPRESENTATION('',(#7245),#7249);
#7245 = LINE('',#7246,#7247);
#7246 = CARTESIAN_POINT('',(0.,0.));
#7247 = VECTOR('',#7248,1.);
#7248 = DIRECTION('',(0.,-1.));
#7249 = ( GEOMETRIC_REPRESENTATION_CONTEXT(2) 
PARAMETRIC_REPRESENTATION_CONTEXT() REPRESENTATION_CONTEXT('2D SPACE',''
  ) );
#7250 = ADVANCED_FACE('',(#7251),#1364,.T.);
#7251 = FACE_BOUND('',#7252,.T.);
#7252 = EDGE_LOOP('',(#7253,#7254,#7277,#7298));
#7253 = ORIENTED_EDGE('',*,*,#1340,.T.);
#7254 = ORIENTED_EDGE('',*,*,#7255,.T.);
#7255 = EDGE_CURVE('',#1302,#7256,#7258,.T.);
#7256 = VERTEX_POINT('',#7257);
#7257 = CARTESIAN_POINT('',(19.140625,5.01796875,4.6));
#7258 = SURFACE_CURVE('',#7259,(#7263,#7270),.PCURVE_S1.);
#7259 = LINE('',#7260,#7261);
#7260 = CARTESIAN_POINT('',(19.140625,5.01796875,3.95));
#7261 = VECTOR('',#7262,1.);
#7262 = DIRECTION('',(0.,0.,1.));
#7263 = PCURVE('',#1364,#7264);
#7264 = DEFINITIONAL_REPRESENTATION('',(#7265),#7269);
#7265 = LINE('',#7266,#7267);
#7266 = CARTESIAN_POINT('',(0.,0.));
#7267 = VECTOR('',#7268,1.);
#7268 = DIRECTION('',(0.,-1.));
#7269 = ( GEOMETRIC_REPRESENTATION_CONTEXT(2) 
PARAMETRIC_REPRESENTATION_CONTEXT() REPRESENTATION_CONTEXT('2D SPACE',''
  ) );
#7270 = PCURVE('',#1323,#7271);
#7271 = DEFINITIONAL_REPRESENTATION('',(#7272),#7276);
#7272 = LINE('',#7273,#7274);
#7273 = CARTESIAN_POINT('',(1.,0.));
#7274 = VECTOR('',#7275,1.);
#7275 = DIRECTION('',(0.,-1.));
#7276 = ( GEOMETRIC_REPRESENTATION_CONTEXT(2) 
PARAMETRIC_REPRESENTATION_CONTEXT() REPRESENTATION_CONTEXT('2D SPACE',''
  ) );
#7277 = ORIENTED_EDGE('',*,*,#7278,.T.);
#7278 = EDGE_CURVE('',#7256,#7158,#7279,.T.);
#7279 = SURFACE_CURVE('',#7280,(#7284,#7291),.PCURVE_S1.);
#7280 = B_SPLINE_CURVE_WITH_KNOTS('',2,(#7281,#7282,#7283),
  .UNSPECIFIED.,.F.,.F.,(3,3),(0.,1.),.PIECEWISE_BEZIER_KNOTS.);
#7281 = CARTESIAN_POINT('',(19.140625,5.01796875,4.6));
#7282 = CARTESIAN_POINT('',(19.0609375,4.91640625,4.6));
#7283 = CARTESIAN_POINT('',(18.853125,4.72578125,4.6));
#7284 = PCURVE('',#1364,#7285);
#7285 = DEFINITIONAL_REPRESENTATION('',(#7286),#7290);
#7286 = LINE('',#7287,#7288);
#7287 = CARTESIAN_POINT('',(0.,-0.65));
#7288 = VECTOR('',#7289,1.);
#7289 = DIRECTION('',(1.,0.));
#7290 = ( GEOMETRIC_REPRESENTATION_CONTEXT(2) 
PARAMETRIC_REPRESENTATION_CONTEXT() REPRESENTATION_CONTEXT('2D SPACE',''
  ) );
#7291 = PCURVE('',#6973,#7292);
#7292 = DEFINITIONAL_REPRESENTATION('',(#7293),#7297);
#7293 = B_SPLINE_CURVE_WITH_KNOTS('',2,(#7294,#7295,#7296),
  .UNSPECIFIED.,.F.,.F.,(3,3),(0.,1.),.PIECEWISE_BEZIER_KNOTS.);
#7294 = CARTESIAN_POINT('',(1.3875,1.075));
#7295 = CARTESIAN_POINT('',(1.3078125,0.9734375));
#7296 = CARTESIAN_POINT('',(1.1,0.7828125));
#7297 = ( GEOMETRIC_REPRESENTATION_CONTEXT(2) 
PARAMETRIC_REPRESENTATION_CONTEXT() REPRESENTATION_CONTEXT('2D SPACE',''
  ) );
#7298 = ORIENTED_EDGE('',*,*,#7157,.F.);
#7299 = ADVANCED_FACE('',(#7300),#707,.T.);
#7300 = FACE_BOUND('',#7301,.T.);
#7301 = EDGE_LOOP('',(#7302,#7303,#7304,#7327));
#7302 = ORIENTED_EDGE('',*,*,#681,.T.);
#7303 = ORIENTED_EDGE('',*,*,#7230,.T.);
#7304 = ORIENTED_EDGE('',*,*,#7305,.T.);
#7305 = EDGE_CURVE('',#7208,#7306,#7308,.T.);
#7306 = VERTEX_POINT('',#7307);
#7307 = CARTESIAN_POINT('',(18.4765625,4.93046875,4.6));
#7308 = SURFACE_CURVE('',#7309,(#7313,#7320),.PCURVE_S1.);
#7309 = B_SPLINE_CURVE_WITH_KNOTS('',2,(#7310,#7311,#7312),
  .UNSPECIFIED.,.F.,.F.,(3,3),(0.,1.),.PIECEWISE_BEZIER_KNOTS.);
#7310 = CARTESIAN_POINT('',(17.9828125,4.38125,4.6));
#7311 = CARTESIAN_POINT('',(18.1078125,4.58828125,4.6));
#7312 = CARTESIAN_POINT('',(18.4765625,4.93046875,4.6));
#7313 = PCURVE('',#707,#7314);
#7314 = DEFINITIONAL_REPRESENTATION('',(#7315),#7319);
#7315 = LINE('',#7316,#7317);
#7316 = CARTESIAN_POINT('',(0.,-0.65));
#7317 = VECTOR('',#7318,1.);
#7318 = DIRECTION('',(1.,0.));
#7319 = ( GEOMETRIC_REPRESENTATION_CONTEXT(2) 
PARAMETRIC_REPRESENTATION_CONTEXT() REPRESENTATION_CONTEXT('2D SPACE',''
  ) );
#7320 = PCURVE('',#6973,#7321);
#7321 = DEFINITIONAL_REPRESENTATION('',(#7322),#7326);
#7322 = B_SPLINE_CURVE_WITH_KNOTS('',2,(#7323,#7324,#7325),
  .UNSPECIFIED.,.F.,.F.,(3,3),(0.,1.),.PIECEWISE_BEZIER_KNOTS.);
#7323 = CARTESIAN_POINT('',(0.2296875,0.43828125));
#7324 = CARTESIAN_POINT('',(0.3546875,0.6453125));
#7325 = CARTESIAN_POINT('',(0.7234375,0.9875));
#7326 = ( GEOMETRIC_REPRESENTATION_CONTEXT(2) 
PARAMETRIC_REPRESENTATION_CONTEXT() REPRESENTATION_CONTEXT('2D SPACE',''
  ) );
#7327 = ORIENTED_EDGE('',*,*,#7328,.F.);
#7328 = EDGE_CURVE('',#682,#7306,#7329,.T.);
#7329 = SURFACE_CURVE('',#7330,(#7334,#7341),.PCURVE_S1.);
#7330 = LINE('',#7331,#7332);
#7331 = CARTESIAN_POINT('',(18.4765625,4.93046875,3.95));
#7332 = VECTOR('',#7333,1.);
#7333 = DIRECTION('',(0.,0.,1.));
#7334 = PCURVE('',#707,#7335);
#7335 = DEFINITIONAL_REPRESENTATION('',(#7336),#7340);
#7336 = LINE('',#7337,#7338);
#7337 = CARTESIAN_POINT('',(1.,0.));
#7338 = VECTOR('',#7339,1.);
#7339 = DIRECTION('',(0.,-1.));
#7340 = ( GEOMETRIC_REPRESENTATION_CONTEXT(2) 
PARAMETRIC_REPRESENTATION_CONTEXT() REPRESENTATION_CONTEXT('2D SPACE',''
  ) );
#7341 = PCURVE('',#752,#7342);
#7342 = DEFINITIONAL_REPRESENTATION('',(#7343),#7347);
#7343 = LINE('',#7344,#7345);
#7344 = CARTESIAN_POINT('',(0.,0.));
#7345 = VECTOR('',#7346,1.);
#7346 = DIRECTION('',(0.,-1.));
#7347 = ( GEOMETRIC_REPRESENTATION_CONTEXT(2) 
PARAMETRIC_REPRESENTATION_CONTEXT() REPRESENTATION_CONTEXT('2D SPACE',''
  ) );
#7348 = ADVANCED_FACE('',(#7349),#1323,.T.);
#7349 = FACE_BOUND('',#7350,.T.);
#7350 = EDGE_LOOP('',(#7351,#7352,#7375,#7396));
#7351 = ORIENTED_EDGE('',*,*,#1301,.T.);
#7352 = ORIENTED_EDGE('',*,*,#7353,.T.);
#7353 = EDGE_CURVE('',#1257,#7354,#7356,.T.);
#7354 = VERTEX_POINT('',#7355);
#7355 = CARTESIAN_POINT('',(19.31640625,5.3109375,4.6));
#7356 = SURFACE_CURVE('',#7357,(#7361,#7368),.PCURVE_S1.);
#7357 = LINE('',#7358,#7359);
#7358 = CARTESIAN_POINT('',(19.31640625,5.3109375,3.95));
#7359 = VECTOR('',#7360,1.);
#7360 = DIRECTION('',(0.,0.,1.));
#7361 = PCURVE('',#1323,#7362);
#7362 = DEFINITIONAL_REPRESENTATION('',(#7363),#7367);
#7363 = LINE('',#7364,#7365);
#7364 = CARTESIAN_POINT('',(0.,0.));
#7365 = VECTOR('',#7366,1.);
#7366 = DIRECTION('',(0.,-1.));
#7367 = ( GEOMETRIC_REPRESENTATION_CONTEXT(2) 
PARAMETRIC_REPRESENTATION_CONTEXT() REPRESENTATION_CONTEXT('2D SPACE',''
  ) );
#7368 = PCURVE('',#1282,#7369);
#7369 = DEFINITIONAL_REPRESENTATION('',(#7370),#7374);
#7370 = LINE('',#7371,#7372);
#7371 = CARTESIAN_POINT('',(1.,0.));
#7372 = VECTOR('',#7373,1.);
#7373 = DIRECTION('',(0.,-1.));
#7374 = ( GEOMETRIC_REPRESENTATION_CONTEXT(2) 
PARAMETRIC_REPRESENTATION_CONTEXT() REPRESENTATION_CONTEXT('2D SPACE',''
  ) );
#7375 = ORIENTED_EDGE('',*,*,#7376,.T.);
#7376 = EDGE_CURVE('',#7354,#7256,#7377,.T.);
#7377 = SURFACE_CURVE('',#7378,(#7382,#7389),.PCURVE_S1.);
#7378 = B_SPLINE_CURVE_WITH_KNOTS('',2,(#7379,#7380,#7381),
  .UNSPECIFIED.,.F.,.F.,(3,3),(0.,1.),.PIECEWISE_BEZIER_KNOTS.);
#7379 = CARTESIAN_POINT('',(19.31640625,5.3109375,4.6));
#7380 = CARTESIAN_POINT('',(19.2609375,5.17109375,4.6));
#7381 = CARTESIAN_POINT('',(19.140625,5.01796875,4.6));
#7382 = PCURVE('',#1323,#7383);
#7383 = DEFINITIONAL_REPRESENTATION('',(#7384),#7388);
#7384 = LINE('',#7385,#7386);
#7385 = CARTESIAN_POINT('',(0.,-0.65));
#7386 = VECTOR('',#7387,1.);
#7387 = DIRECTION('',(1.,0.));
#7388 = ( GEOMETRIC_REPRESENTATION_CONTEXT(2) 
PARAMETRIC_REPRESENTATION_CONTEXT() REPRESENTATION_CONTEXT('2D SPACE',''
  ) );
#7389 = PCURVE('',#6973,#7390);
#7390 = DEFINITIONAL_REPRESENTATION('',(#7391),#7395);
#7391 = B_SPLINE_CURVE_WITH_KNOTS('',2,(#7392,#7393,#7394),
  .UNSPECIFIED.,.F.,.F.,(3,3),(0.,1.),.PIECEWISE_BEZIER_KNOTS.);
#7392 = CARTESIAN_POINT('',(1.56328125,1.36796875));
#7393 = CARTESIAN_POINT('',(1.5078125,1.228125));
#7394 = CARTESIAN_POINT('',(1.3875,1.075));
#7395 = ( GEOMETRIC_REPRESENTATION_CONTEXT(2) 
PARAMETRIC_REPRESENTATION_CONTEXT() REPRESENTATION_CONTEXT('2D SPACE',''
  ) );
#7396 = ORIENTED_EDGE('',*,*,#7255,.F.);
#7397 = ADVANCED_FACE('',(#7398),#752,.T.);
#7398 = FACE_BOUND('',#7399,.T.);
#7399 = EDGE_LOOP('',(#7400,#7401,#7402,#7425));
#7400 = ORIENTED_EDGE('',*,*,#726,.T.);
#7401 = ORIENTED_EDGE('',*,*,#7328,.T.);
#7402 = ORIENTED_EDGE('',*,*,#7403,.T.);
#7403 = EDGE_CURVE('',#7306,#7404,#7406,.T.);
#7404 = VERTEX_POINT('',#7405);
#7405 = CARTESIAN_POINT('',(18.840625,5.30546875,4.6));
#7406 = SURFACE_CURVE('',#7407,(#7411,#7418),.PCURVE_S1.);
#7407 = B_SPLINE_CURVE_WITH_KNOTS('',2,(#7408,#7409,#7410),
  .UNSPECIFIED.,.F.,.F.,(3,3),(0.,1.),.PIECEWISE_BEZIER_KNOTS.);
#7408 = CARTESIAN_POINT('',(18.4765625,4.93046875,4.6));
#7409 = CARTESIAN_POINT('',(18.7734375,5.20703125,4.6));
#7410 = CARTESIAN_POINT('',(18.840625,5.30546875,4.6));
#7411 = PCURVE('',#752,#7412);
#7412 = DEFINITIONAL_REPRESENTATION('',(#7413),#7417);
#7413 = LINE('',#7414,#7415);
#7414 = CARTESIAN_POINT('',(0.,-0.65));
#7415 = VECTOR('',#7416,1.);
#7416 = DIRECTION('',(1.,0.));
#7417 = ( GEOMETRIC_REPRESENTATION_CONTEXT(2) 
PARAMETRIC_REPRESENTATION_CONTEXT() REPRESENTATION_CONTEXT('2D SPACE',''
  ) );
#7418 = PCURVE('',#6973,#7419);
#7419 = DEFINITIONAL_REPRESENTATION('',(#7420),#7424);
#7420 = B_SPLINE_CURVE_WITH_KNOTS('',2,(#7421,#7422,#7423),
  .UNSPECIFIED.,.F.,.F.,(3,3),(0.,1.),.PIECEWISE_BEZIER_KNOTS.);
#7421 = CARTESIAN_POINT('',(0.7234375,0.9875));
#7422 = CARTESIAN_POINT('',(1.0203125,1.2640625));
#7423 = CARTESIAN_POINT('',(1.0875,1.3625));
#7424 = ( GEOMETRIC_REPRESENTATION_CONTEXT(2) 
PARAMETRIC_REPRESENTATION_CONTEXT() REPRESENTATION_CONTEXT('2D SPACE',''
  ) );
#7425 = ORIENTED_EDGE('',*,*,#7426,.F.);
#7426 = EDGE_CURVE('',#727,#7404,#7427,.T.);
#7427 = SURFACE_CURVE('',#7428,(#7432,#7439),.PCURVE_S1.);
#7428 = LINE('',#7429,#7430);
#7429 = CARTESIAN_POINT('',(18.840625,5.30546875,3.95));
#7430 = VECTOR('',#7431,1.);
#7431 = DIRECTION('',(0.,0.,1.));
#7432 = PCURVE('',#752,#7433);
#7433 = DEFINITIONAL_REPRESENTATION('',(#7434),#7438);
#7434 = LINE('',#7435,#7436);
#7435 = CARTESIAN_POINT('',(1.,0.));
#7436 = VECTOR('',#7437,1.);
#7437 = DIRECTION('',(0.,-1.));
#7438 = ( GEOMETRIC_REPRESENTATION_CONTEXT(2) 
PARAMETRIC_REPRESENTATION_CONTEXT() REPRESENTATION_CONTEXT('2D SPACE',''
  ) );
#7439 = PCURVE('',#793,#7440);
#7440 = DEFINITIONAL_REPRESENTATION('',(#7441),#7445);
#7441 = LINE('',#7442,#7443);
#7442 = CARTESIAN_POINT('',(0.,0.));
#7443 = VECTOR('',#7444,1.);
#7444 = DIRECTION('',(0.,-1.));
#7445 = ( GEOMETRIC_REPRESENTATION_CONTEXT(2) 
PARAMETRIC_REPRESENTATION_CONTEXT() REPRESENTATION_CONTEXT('2D SPACE',''
  ) );
#7446 = ADVANCED_FACE('',(#7447),#1282,.T.);
#7447 = FACE_BOUND('',#7448,.T.);
#7448 = EDGE_LOOP('',(#7449,#7450,#7473,#7494));
#7449 = ORIENTED_EDGE('',*,*,#1256,.T.);
#7450 = ORIENTED_EDGE('',*,*,#7451,.T.);
#7451 = EDGE_CURVE('',#1206,#7452,#7454,.T.);
#7452 = VERTEX_POINT('',#7453);
#7453 = CARTESIAN_POINT('',(19.371875,5.60546875,4.6));
#7454 = SURFACE_CURVE('',#7455,(#7459,#7466),.PCURVE_S1.);
#7455 = LINE('',#7456,#7457);
#7456 = CARTESIAN_POINT('',(19.371875,5.60546875,3.95));
#7457 = VECTOR('',#7458,1.);
#7458 = DIRECTION('',(0.,0.,1.));
#7459 = PCURVE('',#1282,#7460);
#7460 = DEFINITIONAL_REPRESENTATION('',(#7461),#7465);
#7461 = LINE('',#7462,#7463);
#7462 = CARTESIAN_POINT('',(0.,0.));
#7463 = VECTOR('',#7464,1.);
#7464 = DIRECTION('',(0.,-1.));
#7465 = ( GEOMETRIC_REPRESENTATION_CONTEXT(2) 
PARAMETRIC_REPRESENTATION_CONTEXT() REPRESENTATION_CONTEXT('2D SPACE',''
  ) );
#7466 = PCURVE('',#1235,#7467);
#7467 = DEFINITIONAL_REPRESENTATION('',(#7468),#7472);
#7468 = LINE('',#7469,#7470);
#7469 = CARTESIAN_POINT('',(1.,0.));
#7470 = VECTOR('',#7471,1.);
#7471 = DIRECTION('',(0.,-1.));
#7472 = ( GEOMETRIC_REPRESENTATION_CONTEXT(2) 
PARAMETRIC_REPRESENTATION_CONTEXT() REPRESENTATION_CONTEXT('2D SPACE',''
  ) );
#7473 = ORIENTED_EDGE('',*,*,#7474,.T.);
#7474 = EDGE_CURVE('',#7452,#7354,#7475,.T.);
#7475 = SURFACE_CURVE('',#7476,(#7480,#7487),.PCURVE_S1.);
#7476 = B_SPLINE_CURVE_WITH_KNOTS('',2,(#7477,#7478,#7479),
  .UNSPECIFIED.,.F.,.F.,(3,3),(0.,1.),.PIECEWISE_BEZIER_KNOTS.);
#7477 = CARTESIAN_POINT('',(19.371875,5.60546875,4.6));
#7478 = CARTESIAN_POINT('',(19.371875,5.45078125,4.6));
#7479 = CARTESIAN_POINT('',(19.31640625,5.3109375,4.6));
#7480 = PCURVE('',#1282,#7481);
#7481 = DEFINITIONAL_REPRESENTATION('',(#7482),#7486);
#7482 = LINE('',#7483,#7484);
#7483 = CARTESIAN_POINT('',(0.,-0.65));
#7484 = VECTOR('',#7485,1.);
#7485 = DIRECTION('',(1.,0.));
#7486 = ( GEOMETRIC_REPRESENTATION_CONTEXT(2) 
PARAMETRIC_REPRESENTATION_CONTEXT() REPRESENTATION_CONTEXT('2D SPACE',''
  ) );
#7487 = PCURVE('',#6973,#7488);
#7488 = DEFINITIONAL_REPRESENTATION('',(#7489),#7493);
#7489 = B_SPLINE_CURVE_WITH_KNOTS('',2,(#7490,#7491,#7492),
  .UNSPECIFIED.,.F.,.F.,(3,3),(0.,1.),.PIECEWISE_BEZIER_KNOTS.);
#7490 = CARTESIAN_POINT('',(1.61875,1.6625));
#7491 = CARTESIAN_POINT('',(1.61875,1.5078125));
#7492 = CARTESIAN_POINT('',(1.56328125,1.36796875));
#7493 = ( GEOMETRIC_REPRESENTATION_CONTEXT(2) 
PARAMETRIC_REPRESENTATION_CONTEXT() REPRESENTATION_CONTEXT('2D SPACE',''
  ) );
#7494 = ORIENTED_EDGE('',*,*,#7353,.F.);
#7495 = ADVANCED_FACE('',(#7496),#793,.T.);
#7496 = FACE_BOUND('',#7497,.T.);
#7497 = EDGE_LOOP('',(#7498,#7499,#7500,#7523));
#7498 = ORIENTED_EDGE('',*,*,#771,.T.);
#7499 = ORIENTED_EDGE('',*,*,#7426,.T.);
#7500 = ORIENTED_EDGE('',*,*,#7501,.T.);
#7501 = EDGE_CURVE('',#7404,#7502,#7504,.T.);
#7502 = VERTEX_POINT('',#7503);
#7503 = CARTESIAN_POINT('',(18.93125,5.57421875,4.6));
#7504 = SURFACE_CURVE('',#7505,(#7509,#7516),.PCURVE_S1.);
#7505 = B_SPLINE_CURVE_WITH_KNOTS('',2,(#7506,#7507,#7508),
  .UNSPECIFIED.,.F.,.F.,(3,3),(0.,1.),.PIECEWISE_BEZIER_KNOTS.);
#7506 = CARTESIAN_POINT('',(18.840625,5.30546875,4.6));
#7507 = CARTESIAN_POINT('',(18.93125,5.44140625,4.6));
#7508 = CARTESIAN_POINT('',(18.93125,5.57421875,4.6));
#7509 = PCURVE('',#793,#7510);
#7510 = DEFINITIONAL_REPRESENTATION('',(#7511),#7515);
#7511 = LINE('',#7512,#7513);
#7512 = CARTESIAN_POINT('',(0.,-0.65));
#7513 = VECTOR('',#7514,1.);
#7514 = DIRECTION('',(1.,0.));
#7515 = ( GEOMETRIC_REPRESENTATION_CONTEXT(2) 
PARAMETRIC_REPRESENTATION_CONTEXT() REPRESENTATION_CONTEXT('2D SPACE',''
  ) );
#7516 = PCURVE('',#6973,#7517);
#7517 = DEFINITIONAL_REPRESENTATION('',(#7518),#7522);
#7518 = B_SPLINE_CURVE_WITH_KNOTS('',2,(#7519,#7520,#7521),
  .UNSPECIFIED.,.F.,.F.,(3,3),(0.,1.),.PIECEWISE_BEZIER_KNOTS.);
#7519 = CARTESIAN_POINT('',(1.0875,1.3625));
#7520 = CARTESIAN_POINT('',(1.178125,1.4984375));
#7521 = CARTESIAN_POINT('',(1.178125,1.63125));
#7522 = ( GEOMETRIC_REPRESENTATION_CONTEXT(2) 
PARAMETRIC_REPRESENTATION_CONTEXT() REPRESENTATION_CONTEXT('2D SPACE',''
  ) );
#7523 = ORIENTED_EDGE('',*,*,#7524,.F.);
#7524 = EDGE_CURVE('',#772,#7502,#7525,.T.);
#7525 = SURFACE_CURVE('',#7526,(#7530,#7537),.PCURVE_S1.);
#7526 = LINE('',#7527,#7528);
#7527 = CARTESIAN_POINT('',(18.93125,5.57421875,3.95));
#7528 = VECTOR('',#7529,1.);
#7529 = DIRECTION('',(0.,0.,1.));
#7530 = PCURVE('',#793,#7531);
#7531 = DEFINITIONAL_REPRESENTATION('',(#7532),#7536);
#7532 = LINE('',#7533,#7534);
#7533 = CARTESIAN_POINT('',(1.,0.));
#7534 = VECTOR('',#7535,1.);
#7535 = DIRECTION('',(0.,-1.));
#7536 = ( GEOMETRIC_REPRESENTATION_CONTEXT(2) 
PARAMETRIC_REPRESENTATION_CONTEXT() REPRESENTATION_CONTEXT('2D SPACE',''
  ) );
#7537 = PCURVE('',#840,#7538);
#7538 = DEFINITIONAL_REPRESENTATION('',(#7539),#7543);
#7539 = LINE('',#7540,#7541);
#7540 = CARTESIAN_POINT('',(0.,0.));
#7541 = VECTOR('',#7542,1.);
#7542 = DIRECTION('',(0.,-1.));
#7543 = ( GEOMETRIC_REPRESENTATION_CONTEXT(2) 
PARAMETRIC_REPRESENTATION_CONTEXT() REPRESENTATION_CONTEXT('2D SPACE',''
  ) );
#7544 = ADVANCED_FACE('',(#7545),#1235,.T.);
#7545 = FACE_BOUND('',#7546,.T.);
#7546 = EDGE_LOOP('',(#7547,#7548,#7571,#7592));
#7547 = ORIENTED_EDGE('',*,*,#1205,.T.);
#7548 = ORIENTED_EDGE('',*,*,#7549,.T.);
#7549 = EDGE_CURVE('',#1143,#7550,#7552,.T.);
#7550 = VERTEX_POINT('',#7551);
#7551 = CARTESIAN_POINT('',(19.178125,6.06015625,4.6));
#7552 = SURFACE_CURVE('',#7553,(#7557,#7564),.PCURVE_S1.);
#7553 = LINE('',#7554,#7555);
#7554 = CARTESIAN_POINT('',(19.178125,6.06015625,3.95));
#7555 = VECTOR('',#7556,1.);
#7556 = DIRECTION('',(0.,0.,1.));
#7557 = PCURVE('',#1235,#7558);
#7558 = DEFINITIONAL_REPRESENTATION('',(#7559),#7563);
#7559 = LINE('',#7560,#7561);
#7560 = CARTESIAN_POINT('',(0.,0.));
#7561 = VECTOR('',#7562,1.);
#7562 = DIRECTION('',(0.,-1.));
#7563 = ( GEOMETRIC_REPRESENTATION_CONTEXT(2) 
PARAMETRIC_REPRESENTATION_CONTEXT() REPRESENTATION_CONTEXT('2D SPACE',''
  ) );
#7564 = PCURVE('',#1180,#7565);
#7565 = DEFINITIONAL_REPRESENTATION('',(#7566),#7570);
#7566 = LINE('',#7567,#7568);
#7567 = CARTESIAN_POINT('',(1.,0.));
#7568 = VECTOR('',#7569,1.);
#7569 = DIRECTION('',(0.,-1.));
#7570 = ( GEOMETRIC_REPRESENTATION_CONTEXT(2) 
PARAMETRIC_REPRESENTATION_CONTEXT() REPRESENTATION_CONTEXT('2D SPACE',''
  ) );
#7571 = ORIENTED_EDGE('',*,*,#7572,.T.);
#7572 = EDGE_CURVE('',#7550,#7452,#7573,.T.);
#7573 = SURFACE_CURVE('',#7574,(#7578,#7585),.PCURVE_S1.);
#7574 = B_SPLINE_CURVE_WITH_KNOTS('',2,(#7575,#7576,#7577),
  .UNSPECIFIED.,.F.,.F.,(3,3),(0.,1.),.PIECEWISE_BEZIER_KNOTS.);
#7575 = CARTESIAN_POINT('',(19.178125,6.06015625,4.6));
#7576 = CARTESIAN_POINT('',(19.371875,5.87734375,4.6));
#7577 = CARTESIAN_POINT('',(19.371875,5.60546875,4.6));
#7578 = PCURVE('',#1235,#7579);
#7579 = DEFINITIONAL_REPRESENTATION('',(#7580),#7584);
#7580 = LINE('',#7581,#7582);
#7581 = CARTESIAN_POINT('',(0.,-0.65));
#7582 = VECTOR('',#7583,1.);
#7583 = DIRECTION('',(1.,0.));
#7584 = ( GEOMETRIC_REPRESENTATION_CONTEXT(2) 
PARAMETRIC_REPRESENTATION_CONTEXT() REPRESENTATION_CONTEXT('2D SPACE',''
  ) );
#7585 = PCURVE('',#6973,#7586);
#7586 = DEFINITIONAL_REPRESENTATION('',(#7587),#7591);
#7587 = B_SPLINE_CURVE_WITH_KNOTS('',2,(#7588,#7589,#7590),
  .UNSPECIFIED.,.F.,.F.,(3,3),(0.,1.),.PIECEWISE_BEZIER_KNOTS.);
#7588 = CARTESIAN_POINT('',(1.425,2.1171875));
#7589 = CARTESIAN_POINT('',(1.61875,1.934375));
#7590 = CARTESIAN_POINT('',(1.61875,1.6625));
#7591 = ( GEOMETRIC_REPRESENTATION_CONTEXT(2) 
PARAMETRIC_REPRESENTATION_CONTEXT() REPRESENTATION_CONTEXT('2D SPACE',''
  ) );
#7592 = ORIENTED_EDGE('',*,*,#7451,.F.);
#7593 = ADVANCED_FACE('',(#7594),#840,.T.);
#7594 = FACE_BOUND('',#7595,.T.);
#7595 = EDGE_LOOP('',(#7596,#7597,#7598,#7621));
#7596 = ORIENTED_EDGE('',*,*,#810,.T.);
#7597 = ORIENTED_EDGE('',*,*,#7524,.T.);
#7598 = ORIENTED_EDGE('',*,*,#7599,.T.);
#7599 = EDGE_CURVE('',#7502,#7600,#7602,.T.);
#7600 = VERTEX_POINT('',#7601);
#7601 = CARTESIAN_POINT('',(18.85234375,5.8,4.6));
#7602 = SURFACE_CURVE('',#7603,(#7607,#7614),.PCURVE_S1.);
#7603 = B_SPLINE_CURVE_WITH_KNOTS('',2,(#7604,#7605,#7606),
  .UNSPECIFIED.,.F.,.F.,(3,3),(0.,1.),.PIECEWISE_BEZIER_KNOTS.);
#7604 = CARTESIAN_POINT('',(18.93125,5.57421875,4.6));
#7605 = CARTESIAN_POINT('',(18.93125,5.72109375,4.6));
#7606 = CARTESIAN_POINT('',(18.85234375,5.8,4.6));
#7607 = PCURVE('',#840,#7608);
#7608 = DEFINITIONAL_REPRESENTATION('',(#7609),#7613);
#7609 = LINE('',#7610,#7611);
#7610 = CARTESIAN_POINT('',(0.,-0.65));
#7611 = VECTOR('',#7612,1.);
#7612 = DIRECTION('',(1.,0.));
#7613 = ( GEOMETRIC_REPRESENTATION_CONTEXT(2) 
PARAMETRIC_REPRESENTATION_CONTEXT() REPRESENTATION_CONTEXT('2D SPACE',''
  ) );
#7614 = PCURVE('',#6973,#7615);
#7615 = DEFINITIONAL_REPRESENTATION('',(#7616),#7620);
#7616 = B_SPLINE_CURVE_WITH_KNOTS('',2,(#7617,#7618,#7619),
  .UNSPECIFIED.,.F.,.F.,(3,3),(0.,1.),.PIECEWISE_BEZIER_KNOTS.);
#7617 = CARTESIAN_POINT('',(1.178125,1.63125));
#7618 = CARTESIAN_POINT('',(1.178125,1.778125));
#7619 = CARTESIAN_POINT('',(1.09921875,1.85703125));
#7620 = ( GEOMETRIC_REPRESENTATION_CONTEXT(2) 
PARAMETRIC_REPRESENTATION_CONTEXT() REPRESENTATION_CONTEXT('2D SPACE',''
  ) );
#7621 = ORIENTED_EDGE('',*,*,#7622,.F.);
#7622 = EDGE_CURVE('',#811,#7600,#7623,.T.);
#7623 = SURFACE_CURVE('',#7624,(#7628,#7635),.PCURVE_S1.);
#7624 = LINE('',#7625,#7626);
#7625 = CARTESIAN_POINT('',(18.85234375,5.8,3.95));
#7626 = VECTOR('',#7627,1.);
#7627 = DIRECTION('',(0.,0.,1.));
#7628 = PCURVE('',#840,#7629);
#7629 = DEFINITIONAL_REPRESENTATION('',(#7630),#7634);
#7630 = LINE('',#7631,#7632);
#7631 = CARTESIAN_POINT('',(1.,0.));
#7632 = VECTOR('',#7633,1.);
#7633 = DIRECTION('',(0.,-1.));
#7634 = ( GEOMETRIC_REPRESENTATION_CONTEXT(2) 
PARAMETRIC_REPRESENTATION_CONTEXT() REPRESENTATION_CONTEXT('2D SPACE',''
  ) );
#7635 = PCURVE('',#891,#7636);
#7636 = DEFINITIONAL_REPRESENTATION('',(#7637),#7641);
#7637 = LINE('',#7638,#7639);
#7638 = CARTESIAN_POINT('',(0.,0.));
#7639 = VECTOR('',#7640,1.);
#7640 = DIRECTION('',(0.,-1.));
#7641 = ( GEOMETRIC_REPRESENTATION_CONTEXT(2) 
PARAMETRIC_REPRESENTATION_CONTEXT() REPRESENTATION_CONTEXT('2D SPACE',''
  ) );
#7642 = ADVANCED_FACE('',(#7643),#1180,.T.);
#7643 = FACE_BOUND('',#7644,.T.);
#7644 = EDGE_LOOP('',(#7645,#7646,#7669,#7690));
#7645 = ORIENTED_EDGE('',*,*,#1142,.T.);
#7646 = ORIENTED_EDGE('',*,*,#7647,.T.);
#7647 = EDGE_CURVE('',#1092,#7648,#7650,.T.);
#7648 = VERTEX_POINT('',#7649);
#7649 = CARTESIAN_POINT('',(18.6453125,6.24296875,4.6));
#7650 = SURFACE_CURVE('',#7651,(#7655,#7662),.PCURVE_S1.);
#7651 = LINE('',#7652,#7653);
#7652 = CARTESIAN_POINT('',(18.6453125,6.24296875,3.95));
#7653 = VECTOR('',#7654,1.);
#7654 = DIRECTION('',(0.,0.,1.));
#7655 = PCURVE('',#1180,#7656);
#7656 = DEFINITIONAL_REPRESENTATION('',(#7657),#7661);
#7657 = LINE('',#7658,#7659);
#7658 = CARTESIAN_POINT('',(0.,0.));
#7659 = VECTOR('',#7660,1.);
#7660 = DIRECTION('',(0.,-1.));
#7661 = ( GEOMETRIC_REPRESENTATION_CONTEXT(2) 
PARAMETRIC_REPRESENTATION_CONTEXT() REPRESENTATION_CONTEXT('2D SPACE',''
  ) );
#7662 = PCURVE('',#1121,#7663);
#7663 = DEFINITIONAL_REPRESENTATION('',(#7664),#7668);
#7664 = LINE('',#7665,#7666);
#7665 = CARTESIAN_POINT('',(1.,0.));
#7666 = VECTOR('',#7667,1.);
#7667 = DIRECTION('',(0.,-1.));
#7668 = ( GEOMETRIC_REPRESENTATION_CONTEXT(2) 
PARAMETRIC_REPRESENTATION_CONTEXT() REPRESENTATION_CONTEXT('2D SPACE',''
  ) );
#7669 = ORIENTED_EDGE('',*,*,#7670,.T.);
#7670 = EDGE_CURVE('',#7648,#7550,#7671,.T.);
#7671 = SURFACE_CURVE('',#7672,(#7676,#7683),.PCURVE_S1.);
#7672 = B_SPLINE_CURVE_WITH_KNOTS('',2,(#7673,#7674,#7675),
  .UNSPECIFIED.,.F.,.F.,(3,3),(0.,1.),.PIECEWISE_BEZIER_KNOTS.);
#7673 = CARTESIAN_POINT('',(18.6453125,6.24296875,4.6));
#7674 = CARTESIAN_POINT('',(18.984375,6.24296875,4.6));
#7675 = CARTESIAN_POINT('',(19.178125,6.06015625,4.6));
#7676 = PCURVE('',#1180,#7677);
#7677 = DEFINITIONAL_REPRESENTATION('',(#7678),#7682);
#7678 = LINE('',#7679,#7680);
#7679 = CARTESIAN_POINT('',(0.,-0.65));
#7680 = VECTOR('',#7681,1.);
#7681 = DIRECTION('',(1.,0.));
#7682 = ( GEOMETRIC_REPRESENTATION_CONTEXT(2) 
PARAMETRIC_REPRESENTATION_CONTEXT() REPRESENTATION_CONTEXT('2D SPACE',''
  ) );
#7683 = PCURVE('',#6973,#7684);
#7684 = DEFINITIONAL_REPRESENTATION('',(#7685),#7689);
#7685 = B_SPLINE_CURVE_WITH_KNOTS('',2,(#7686,#7687,#7688),
  .UNSPECIFIED.,.F.,.F.,(3,3),(0.,1.),.PIECEWISE_BEZIER_KNOTS.);
#7686 = CARTESIAN_POINT('',(0.8921875,2.3));
#7687 = CARTESIAN_POINT('',(1.23125,2.3));
#7688 = CARTESIAN_POINT('',(1.425,2.1171875));
#7689 = ( GEOMETRIC_REPRESENTATION_CONTEXT(2) 
PARAMETRIC_REPRESENTATION_CONTEXT() REPRESENTATION_CONTEXT('2D SPACE',''
  ) );
#7690 = ORIENTED_EDGE('',*,*,#7549,.F.);
#7691 = ADVANCED_FACE('',(#7692),#891,.T.);
#7692 = FACE_BOUND('',#7693,.T.);
#7693 = EDGE_LOOP('',(#7694,#7695,#7696,#7719));
#7694 = ORIENTED_EDGE('',*,*,#861,.T.);
#7695 = ORIENTED_EDGE('',*,*,#7622,.T.);
#7696 = ORIENTED_EDGE('',*,*,#7697,.T.);
#7697 = EDGE_CURVE('',#7600,#7698,#7700,.T.);
#7698 = VERTEX_POINT('',#7699);
#7699 = CARTESIAN_POINT('',(18.634375,5.87890625,4.6));
#7700 = SURFACE_CURVE('',#7701,(#7705,#7712),.PCURVE_S1.);
#7701 = B_SPLINE_CURVE_WITH_KNOTS('',2,(#7702,#7703,#7704),
  .UNSPECIFIED.,.F.,.F.,(3,3),(0.,1.),.PIECEWISE_BEZIER_KNOTS.);
#7702 = CARTESIAN_POINT('',(18.85234375,5.8,4.6));
#7703 = CARTESIAN_POINT('',(18.7734375,5.87890625,4.6));
#7704 = CARTESIAN_POINT('',(18.634375,5.87890625,4.6));
#7705 = PCURVE('',#891,#7706);
#7706 = DEFINITIONAL_REPRESENTATION('',(#7707),#7711);
#7707 = LINE('',#7708,#7709);
#7708 = CARTESIAN_POINT('',(0.,-0.65));
#7709 = VECTOR('',#7710,1.);
#7710 = DIRECTION('',(1.,0.));
#7711 = ( GEOMETRIC_REPRESENTATION_CONTEXT(2) 
PARAMETRIC_REPRESENTATION_CONTEXT() REPRESENTATION_CONTEXT('2D SPACE',''
  ) );
#7712 = PCURVE('',#6973,#7713);
#7713 = DEFINITIONAL_REPRESENTATION('',(#7714),#7718);
#7714 = B_SPLINE_CURVE_WITH_KNOTS('',2,(#7715,#7716,#7717),
  .UNSPECIFIED.,.F.,.F.,(3,3),(0.,1.),.PIECEWISE_BEZIER_KNOTS.);
#7715 = CARTESIAN_POINT('',(1.09921875,1.85703125));
#7716 = CARTESIAN_POINT('',(1.0203125,1.9359375));
#7717 = CARTESIAN_POINT('',(0.88125,1.9359375));
#7718 = ( GEOMETRIC_REPRESENTATION_CONTEXT(2) 
PARAMETRIC_REPRESENTATION_CONTEXT() REPRESENTATION_CONTEXT('2D SPACE',''
  ) );
#7719 = ORIENTED_EDGE('',*,*,#7720,.F.);
#7720 = EDGE_CURVE('',#862,#7698,#7721,.T.);
#7721 = SURFACE_CURVE('',#7722,(#7726,#7733),.PCURVE_S1.);
#7722 = LINE('',#7723,#7724);
#7723 = CARTESIAN_POINT('',(18.634375,5.87890625,3.95));
#7724 = VECTOR('',#7725,1.);
#7725 = DIRECTION('',(0.,0.,1.));
#7726 = PCURVE('',#891,#7727);
#7727 = DEFINITIONAL_REPRESENTATION('',(#7728),#7732);
#7728 = LINE('',#7729,#7730);
#7729 = CARTESIAN_POINT('',(1.,0.));
#7730 = VECTOR('',#7731,1.);
#7731 = DIRECTION('',(0.,-1.));
#7732 = ( GEOMETRIC_REPRESENTATION_CONTEXT(2) 
PARAMETRIC_REPRESENTATION_CONTEXT() REPRESENTATION_CONTEXT('2D SPACE',''
  ) );
#7733 = PCURVE('',#942,#7734);
#7734 = DEFINITIONAL_REPRESENTATION('',(#7735),#7739);
#7735 = LINE('',#7736,#7737);
#7736 = CARTESIAN_POINT('',(0.,0.));
#7737 = VECTOR('',#7738,1.);
#7738 = DIRECTION('',(0.,-1.));
#7739 = ( GEOMETRIC_REPRESENTATION_CONTEXT(2) 
PARAMETRIC_REPRESENTATION_CONTEXT() REPRESENTATION_CONTEXT('2D SPACE',''
  ) );
#7740 = ADVANCED_FACE('',(#7741),#1121,.T.);
#7741 = FACE_BOUND('',#7742,.T.);
#7742 = EDGE_LOOP('',(#7743,#7744,#7767,#7788));
#7743 = ORIENTED_EDGE('',*,*,#1091,.T.);
#7744 = ORIENTED_EDGE('',*,*,#7745,.T.);
#7745 = EDGE_CURVE('',#1029,#7746,#7748,.T.);
#7746 = VERTEX_POINT('',#7747);
#7747 = CARTESIAN_POINT('',(18.1296875,6.08515625,4.6));
#7748 = SURFACE_CURVE('',#7749,(#7753,#7760),.PCURVE_S1.);
#7749 = LINE('',#7750,#7751);
#7750 = CARTESIAN_POINT('',(18.1296875,6.08515625,3.95));
#7751 = VECTOR('',#7752,1.);
#7752 = DIRECTION('',(0.,0.,1.));
#7753 = PCURVE('',#1121,#7754);
#7754 = DEFINITIONAL_REPRESENTATION('',(#7755),#7759);
#7755 = LINE('',#7756,#7757);
#7756 = CARTESIAN_POINT('',(0.,0.));
#7757 = VECTOR('',#7758,1.);
#7758 = DIRECTION('',(0.,-1.));
#7759 = ( GEOMETRIC_REPRESENTATION_CONTEXT(2) 
PARAMETRIC_REPRESENTATION_CONTEXT() REPRESENTATION_CONTEXT('2D SPACE',''
  ) );
#7760 = PCURVE('',#1066,#7761);
#7761 = DEFINITIONAL_REPRESENTATION('',(#7762),#7766);
#7762 = LINE('',#7763,#7764);
#7763 = CARTESIAN_POINT('',(1.,0.));
#7764 = VECTOR('',#7765,1.);
#7765 = DIRECTION('',(0.,-1.));
#7766 = ( GEOMETRIC_REPRESENTATION_CONTEXT(2) 
PARAMETRIC_REPRESENTATION_CONTEXT() REPRESENTATION_CONTEXT('2D SPACE',''
  ) );
#7767 = ORIENTED_EDGE('',*,*,#7768,.T.);
#7768 = EDGE_CURVE('',#7746,#7648,#7769,.T.);
#7769 = SURFACE_CURVE('',#7770,(#7774,#7781),.PCURVE_S1.);
#7770 = B_SPLINE_CURVE_WITH_KNOTS('',2,(#7771,#7772,#7773),
  .UNSPECIFIED.,.F.,.F.,(3,3),(0.,1.),.PIECEWISE_BEZIER_KNOTS.);
#7771 = CARTESIAN_POINT('',(18.1296875,6.08515625,4.6));
#7772 = CARTESIAN_POINT('',(18.3359375,6.24296875,4.6));
#7773 = CARTESIAN_POINT('',(18.6453125,6.24296875,4.6));
#7774 = PCURVE('',#1121,#7775);
#7775 = DEFINITIONAL_REPRESENTATION('',(#7776),#7780);
#7776 = LINE('',#7777,#7778);
#7777 = CARTESIAN_POINT('',(0.,-0.65));
#7778 = VECTOR('',#7779,1.);
#7779 = DIRECTION('',(1.,0.));
#7780 = ( GEOMETRIC_REPRESENTATION_CONTEXT(2) 
PARAMETRIC_REPRESENTATION_CONTEXT() REPRESENTATION_CONTEXT('2D SPACE',''
  ) );
#7781 = PCURVE('',#6973,#7782);
#7782 = DEFINITIONAL_REPRESENTATION('',(#7783),#7787);
#7783 = B_SPLINE_CURVE_WITH_KNOTS('',2,(#7784,#7785,#7786),
  .UNSPECIFIED.,.F.,.F.,(3,3),(0.,1.),.PIECEWISE_BEZIER_KNOTS.);
#7784 = CARTESIAN_POINT('',(0.3765625,2.1421875));
#7785 = CARTESIAN_POINT('',(0.5828125,2.3));
#7786 = CARTESIAN_POINT('',(0.8921875,2.3));
#7787 = ( GEOMETRIC_REPRESENTATION_CONTEXT(2) 
PARAMETRIC_REPRESENTATION_CONTEXT() REPRESENTATION_CONTEXT('2D SPACE',''
  ) );
#7788 = ORIENTED_EDGE('',*,*,#7647,.F.);
#7789 = ADVANCED_FACE('',(#7790),#942,.T.);
#7790 = FACE_BOUND('',#7791,.T.);
#7791 = EDGE_LOOP('',(#7792,#7793,#7794,#7817));
#7792 = ORIENTED_EDGE('',*,*,#912,.T.);
#7793 = ORIENTED_EDGE('',*,*,#7720,.T.);
#7794 = ORIENTED_EDGE('',*,*,#7795,.T.);
#7795 = EDGE_CURVE('',#7698,#7796,#7798,.T.);
#7796 = VERTEX_POINT('',#7797);
#7797 = CARTESIAN_POINT('',(18.415625,5.79609375,4.6));
#7798 = SURFACE_CURVE('',#7799,(#7803,#7810),.PCURVE_S1.);
#7799 = B_SPLINE_CURVE_WITH_KNOTS('',2,(#7800,#7801,#7802),
  .UNSPECIFIED.,.F.,.F.,(3,3),(0.,1.),.PIECEWISE_BEZIER_KNOTS.);
#7800 = CARTESIAN_POINT('',(18.634375,5.87890625,4.6));
#7801 = CARTESIAN_POINT('',(18.496875,5.87890625,4.6));
#7802 = CARTESIAN_POINT('',(18.415625,5.79609375,4.6));
#7803 = PCURVE('',#942,#7804);
#7804 = DEFINITIONAL_REPRESENTATION('',(#7805),#7809);
#7805 = LINE('',#7806,#7807);
#7806 = CARTESIAN_POINT('',(0.,-0.65));
#7807 = VECTOR('',#7808,1.);
#7808 = DIRECTION('',(1.,0.));
#7809 = ( GEOMETRIC_REPRESENTATION_CONTEXT(2) 
PARAMETRIC_REPRESENTATION_CONTEXT() REPRESENTATION_CONTEXT('2D SPACE',''
  ) );
#7810 = PCURVE('',#6973,#7811);
#7811 = DEFINITIONAL_REPRESENTATION('',(#7812),#7816);
#7812 = B_SPLINE_CURVE_WITH_KNOTS('',2,(#7813,#7814,#7815),
  .UNSPECIFIED.,.F.,.F.,(3,3),(0.,1.),.PIECEWISE_BEZIER_KNOTS.);
#7813 = CARTESIAN_POINT('',(0.88125,1.9359375));
#7814 = CARTESIAN_POINT('',(0.74375,1.9359375));
#7815 = CARTESIAN_POINT('',(0.6625,1.853125));
#7816 = ( GEOMETRIC_REPRESENTATION_CONTEXT(2) 
PARAMETRIC_REPRESENTATION_CONTEXT() REPRESENTATION_CONTEXT('2D SPACE',''
  ) );
#7817 = ORIENTED_EDGE('',*,*,#7818,.F.);
#7818 = EDGE_CURVE('',#913,#7796,#7819,.T.);
#7819 = SURFACE_CURVE('',#7820,(#7824,#7831),.PCURVE_S1.);
#7820 = LINE('',#7821,#7822);
#7821 = CARTESIAN_POINT('',(18.415625,5.79609375,3.95));
#7822 = VECTOR('',#7823,1.);
#7823 = DIRECTION('',(0.,0.,1.));
#7824 = PCURVE('',#942,#7825);
#7825 = DEFINITIONAL_REPRESENTATION('',(#7826),#7830);
#7826 = LINE('',#7827,#7828);
#7827 = CARTESIAN_POINT('',(1.,0.));
#7828 = VECTOR('',#7829,1.);
#7829 = DIRECTION('',(0.,-1.));
#7830 = ( GEOMETRIC_REPRESENTATION_CONTEXT(2) 
PARAMETRIC_REPRESENTATION_CONTEXT() REPRESENTATION_CONTEXT('2D SPACE',''
  ) );
#7831 = PCURVE('',#985,#7832);
#7832 = DEFINITIONAL_REPRESENTATION('',(#7833),#7837);
#7833 = LINE('',#7834,#7835);
#7834 = CARTESIAN_POINT('',(0.,0.));
#7835 = VECTOR('',#7836,1.);
#7836 = DIRECTION('',(0.,-1.));
#7837 = ( GEOMETRIC_REPRESENTATION_CONTEXT(2) 
PARAMETRIC_REPRESENTATION_CONTEXT() REPRESENTATION_CONTEXT('2D SPACE',''
  ) );
#7838 = ADVANCED_FACE('',(#7839),#1066,.T.);
#7839 = FACE_BOUND('',#7840,.T.);
#7840 = EDGE_LOOP('',(#7841,#7842,#7865,#7886));
#7841 = ORIENTED_EDGE('',*,*,#1028,.T.);
#7842 = ORIENTED_EDGE('',*,*,#7843,.T.);
#7843 = EDGE_CURVE('',#1003,#7844,#7846,.T.);
#7844 = VERTEX_POINT('',#7845);
#7845 = CARTESIAN_POINT('',(17.884375,5.56484375,4.6));
#7846 = SURFACE_CURVE('',#7847,(#7851,#7858),.PCURVE_S1.);
#7847 = LINE('',#7848,#7849);
#7848 = CARTESIAN_POINT('',(17.884375,5.56484375,3.95));
#7849 = VECTOR('',#7850,1.);
#7850 = DIRECTION('',(0.,0.,1.));
#7851 = PCURVE('',#1066,#7852);
#7852 = DEFINITIONAL_REPRESENTATION('',(#7853),#7857);
#7853 = LINE('',#7854,#7855);
#7854 = CARTESIAN_POINT('',(0.,0.));
#7855 = VECTOR('',#7856,1.);
#7856 = DIRECTION('',(0.,-1.));
#7857 = ( GEOMETRIC_REPRESENTATION_CONTEXT(2) 
PARAMETRIC_REPRESENTATION_CONTEXT() REPRESENTATION_CONTEXT('2D SPACE',''
  ) );
#7858 = PCURVE('',#1017,#7859);
#7859 = DEFINITIONAL_REPRESENTATION('',(#7860),#7864);
#7860 = LINE('',#7861,#7862);
#7861 = CARTESIAN_POINT('',(0.439682058424,0.));
#7862 = VECTOR('',#7863,1.);
#7863 = DIRECTION('',(0.,-1.));
#7864 = ( GEOMETRIC_REPRESENTATION_CONTEXT(2) 
PARAMETRIC_REPRESENTATION_CONTEXT() REPRESENTATION_CONTEXT('2D SPACE',''
  ) );
#7865 = ORIENTED_EDGE('',*,*,#7866,.T.);
#7866 = EDGE_CURVE('',#7844,#7746,#7867,.T.);
#7867 = SURFACE_CURVE('',#7868,(#7872,#7879),.PCURVE_S1.);
#7868 = B_SPLINE_CURVE_WITH_KNOTS('',2,(#7869,#7870,#7871),
  .UNSPECIFIED.,.F.,.F.,(3,3),(0.,1.),.PIECEWISE_BEZIER_KNOTS.);
#7869 = CARTESIAN_POINT('',(17.884375,5.56484375,4.6));
#7870 = CARTESIAN_POINT('',(17.9234375,5.92734375,4.6));
#7871 = CARTESIAN_POINT('',(18.1296875,6.08515625,4.6));
#7872 = PCURVE('',#1066,#7873);
#7873 = DEFINITIONAL_REPRESENTATION('',(#7874),#7878);
#7874 = LINE('',#7875,#7876);
#7875 = CARTESIAN_POINT('',(0.,-0.65));
#7876 = VECTOR('',#7877,1.);
#7877 = DIRECTION('',(1.,0.));
#7878 = ( GEOMETRIC_REPRESENTATION_CONTEXT(2) 
PARAMETRIC_REPRESENTATION_CONTEXT() REPRESENTATION_CONTEXT('2D SPACE',''
  ) );
#7879 = PCURVE('',#6973,#7880);
#7880 = DEFINITIONAL_REPRESENTATION('',(#7881),#7885);
#7881 = B_SPLINE_CURVE_WITH_KNOTS('',2,(#7882,#7883,#7884),
  .UNSPECIFIED.,.F.,.F.,(3,3),(0.,1.),.PIECEWISE_BEZIER_KNOTS.);
#7882 = CARTESIAN_POINT('',(0.13125,1.621875));
#7883 = CARTESIAN_POINT('',(0.1703125,1.984375));
#7884 = CARTESIAN_POINT('',(0.3765625,2.1421875));
#7885 = ( GEOMETRIC_REPRESENTATION_CONTEXT(2) 
PARAMETRIC_REPRESENTATION_CONTEXT() REPRESENTATION_CONTEXT('2D SPACE',''
  ) );
#7886 = ORIENTED_EDGE('',*,*,#7745,.F.);
#7887 = ADVANCED_FACE('',(#7888),#985,.T.);
#7888 = FACE_BOUND('',#7889,.T.);
#7889 = EDGE_LOOP('',(#7890,#7891,#7892,#7915));
#7890 = ORIENTED_EDGE('',*,*,#963,.T.);
#7891 = ORIENTED_EDGE('',*,*,#7818,.T.);
#7892 = ORIENTED_EDGE('',*,*,#7893,.T.);
#7893 = EDGE_CURVE('',#7796,#7894,#7896,.T.);
#7894 = VERTEX_POINT('',#7895);
#7895 = CARTESIAN_POINT('',(18.321875,5.52109375,4.6));
#7896 = SURFACE_CURVE('',#7897,(#7901,#7908),.PCURVE_S1.);
#7897 = B_SPLINE_CURVE_WITH_KNOTS('',2,(#7898,#7899,#7900),
  .UNSPECIFIED.,.F.,.F.,(3,3),(0.,1.),.PIECEWISE_BEZIER_KNOTS.);
#7898 = CARTESIAN_POINT('',(18.415625,5.79609375,4.6));
#7899 = CARTESIAN_POINT('',(18.334375,5.71328125,4.6));
#7900 = CARTESIAN_POINT('',(18.321875,5.52109375,4.6));
#7901 = PCURVE('',#985,#7902);
#7902 = DEFINITIONAL_REPRESENTATION('',(#7903),#7907);
#7903 = LINE('',#7904,#7905);
#7904 = CARTESIAN_POINT('',(0.,-0.65));
#7905 = VECTOR('',#7906,1.);
#7906 = DIRECTION('',(1.,0.));
#7907 = ( GEOMETRIC_REPRESENTATION_CONTEXT(2) 
PARAMETRIC_REPRESENTATION_CONTEXT() REPRESENTATION_CONTEXT('2D SPACE',''
  ) );
#7908 = PCURVE('',#6973,#7909);
#7909 = DEFINITIONAL_REPRESENTATION('',(#7910),#7914);
#7910 = B_SPLINE_CURVE_WITH_KNOTS('',2,(#7911,#7912,#7913),
  .UNSPECIFIED.,.F.,.F.,(3,3),(0.,1.),.PIECEWISE_BEZIER_KNOTS.);
#7911 = CARTESIAN_POINT('',(0.6625,1.853125));
#7912 = CARTESIAN_POINT('',(0.58125,1.7703125));
#7913 = CARTESIAN_POINT('',(0.56875,1.578125));
#7914 = ( GEOMETRIC_REPRESENTATION_CONTEXT(2) 
PARAMETRIC_REPRESENTATION_CONTEXT() REPRESENTATION_CONTEXT('2D SPACE',''
  ) );
#7915 = ORIENTED_EDGE('',*,*,#7916,.F.);
#7916 = EDGE_CURVE('',#964,#7894,#7917,.T.);
#7917 = SURFACE_CURVE('',#7918,(#7922,#7929),.PCURVE_S1.);
#7918 = LINE('',#7919,#7920);
#7919 = CARTESIAN_POINT('',(18.321875,5.52109375,3.95));
#7920 = VECTOR('',#7921,1.);
#7921 = DIRECTION('',(0.,0.,1.));
#7922 = PCURVE('',#985,#7923);
#7923 = DEFINITIONAL_REPRESENTATION('',(#7924),#7928);
#7924 = LINE('',#7925,#7926);
#7925 = CARTESIAN_POINT('',(1.,0.));
#7926 = VECTOR('',#7927,1.);
#7927 = DIRECTION('',(0.,-1.));
#7928 = ( GEOMETRIC_REPRESENTATION_CONTEXT(2) 
PARAMETRIC_REPRESENTATION_CONTEXT() REPRESENTATION_CONTEXT('2D SPACE',''
  ) );
#7929 = PCURVE('',#1017,#7930);
#7930 = DEFINITIONAL_REPRESENTATION('',(#7931),#7935);
#7931 = LINE('',#7932,#7933);
#7932 = CARTESIAN_POINT('',(0.,0.));
#7933 = VECTOR('',#7934,1.);
#7934 = DIRECTION('',(0.,-1.));
#7935 = ( GEOMETRIC_REPRESENTATION_CONTEXT(2) 
PARAMETRIC_REPRESENTATION_CONTEXT() REPRESENTATION_CONTEXT('2D SPACE',''
  ) );
#7936 = ADVANCED_FACE('',(#7937),#1017,.T.);
#7937 = FACE_BOUND('',#7938,.T.);
#7938 = EDGE_LOOP('',(#7939,#7940,#7941,#7962));
#7939 = ORIENTED_EDGE('',*,*,#1002,.T.);
#7940 = ORIENTED_EDGE('',*,*,#7916,.T.);
#7941 = ORIENTED_EDGE('',*,*,#7942,.T.);
#7942 = EDGE_CURVE('',#7894,#7844,#7943,.T.);
#7943 = SURFACE_CURVE('',#7944,(#7948,#7955),.PCURVE_S1.);
#7944 = LINE('',#7945,#7946);
#7945 = CARTESIAN_POINT('',(18.321875,5.52109375,4.6));
#7946 = VECTOR('',#7947,1.);
#7947 = DIRECTION('',(-0.99503719021,9.9503719021E-02,0.));
#7948 = PCURVE('',#1017,#7949);
#7949 = DEFINITIONAL_REPRESENTATION('',(#7950),#7954);
#7950 = LINE('',#7951,#7952);
#7951 = CARTESIAN_POINT('',(0.,-0.65));
#7952 = VECTOR('',#7953,1.);
#7953 = DIRECTION('',(1.,0.));
#7954 = ( GEOMETRIC_REPRESENTATION_CONTEXT(2) 
PARAMETRIC_REPRESENTATION_CONTEXT() REPRESENTATION_CONTEXT('2D SPACE',''
  ) );
#7955 = PCURVE('',#6973,#7956);
#7956 = DEFINITIONAL_REPRESENTATION('',(#7957),#7961);
#7957 = LINE('',#7958,#7959);
#7958 = CARTESIAN_POINT('',(0.56875,1.578125));
#7959 = VECTOR('',#7960,1.);
#7960 = DIRECTION('',(-0.99503719021,9.9503719021E-02));
#7961 = ( GEOMETRIC_REPRESENTATION_CONTEXT(2) 
PARAMETRIC_REPRESENTATION_CONTEXT() REPRESENTATION_CONTEXT('2D SPACE',''
  ) );
#7962 = ORIENTED_EDGE('',*,*,#7843,.F.);
#7963 = ADVANCED_FACE('',(#7964),#1477,.T.);
#7964 = FACE_BOUND('',#7965,.T.);
#7965 = EDGE_LOOP('',(#7966,#7967,#7990,#8018));
#7966 = ORIENTED_EDGE('',*,*,#1460,.T.);
#7967 = ORIENTED_EDGE('',*,*,#7968,.T.);
#7968 = EDGE_CURVE('',#1463,#7969,#7971,.T.);
#7969 = VERTEX_POINT('',#7970);
#7970 = CARTESIAN_POINT('',(20.2015625,3.94296875,4.6));
#7971 = SURFACE_CURVE('',#7972,(#7976,#7983),.PCURVE_S1.);
#7972 = LINE('',#7973,#7974);
#7973 = CARTESIAN_POINT('',(20.2015625,3.94296875,3.95));
#7974 = VECTOR('',#7975,1.);
#7975 = DIRECTION('',(0.,0.,1.));
#7976 = PCURVE('',#1477,#7977);
#7977 = DEFINITIONAL_REPRESENTATION('',(#7978),#7982);
#7978 = LINE('',#7979,#7980);
#7979 = CARTESIAN_POINT('',(0.,-0.));
#7980 = VECTOR('',#7981,1.);
#7981 = DIRECTION('',(0.,-1.));
#7982 = ( GEOMETRIC_REPRESENTATION_CONTEXT(2) 
PARAMETRIC_REPRESENTATION_CONTEXT() REPRESENTATION_CONTEXT('2D SPACE',''
  ) );
#7983 = PCURVE('',#1553,#7984);
#7984 = DEFINITIONAL_REPRESENTATION('',(#7985),#7989);
#7985 = LINE('',#7986,#7987);
#7986 = CARTESIAN_POINT('',(0.4390625,0.));
#7987 = VECTOR('',#7988,1.);
#7988 = DIRECTION('',(0.,-1.));
#7989 = ( GEOMETRIC_REPRESENTATION_CONTEXT(2) 
PARAMETRIC_REPRESENTATION_CONTEXT() REPRESENTATION_CONTEXT('2D SPACE',''
  ) );
#7990 = ORIENTED_EDGE('',*,*,#7991,.T.);
#7991 = EDGE_CURVE('',#7969,#7992,#7994,.T.);
#7992 = VERTEX_POINT('',#7993);
#7993 = CARTESIAN_POINT('',(19.7625,3.94296875,4.6));
#7994 = SURFACE_CURVE('',#7995,(#7999,#8006),.PCURVE_S1.);
#7995 = LINE('',#7996,#7997);
#7996 = CARTESIAN_POINT('',(20.2015625,3.94296875,4.6));
#7997 = VECTOR('',#7998,1.);
#7998 = DIRECTION('',(-1.,0.,0.));
#7999 = PCURVE('',#1477,#8000);
#8000 = DEFINITIONAL_REPRESENTATION('',(#8001),#8005);
#8001 = LINE('',#8002,#8003);
#8002 = CARTESIAN_POINT('',(0.,-0.65));
#8003 = VECTOR('',#8004,1.);
#8004 = DIRECTION('',(1.,0.));
#8005 = ( GEOMETRIC_REPRESENTATION_CONTEXT(2) 
PARAMETRIC_REPRESENTATION_CONTEXT() REPRESENTATION_CONTEXT('2D SPACE',''
  ) );
#8006 = PCURVE('',#8007,#8012);
#8007 = PLANE('',#8008);
#8008 = AXIS2_PLACEMENT_3D('',#8009,#8010,#8011);
#8009 = CARTESIAN_POINT('',(19.5328125,3.94296875,4.6));
#8010 = DIRECTION('',(0.,0.,1.));
#8011 = DIRECTION('',(1.,0.,0.));
#8012 = DEFINITIONAL_REPRESENTATION('',(#8013),#8017);
#8013 = LINE('',#8014,#8015);
#8014 = CARTESIAN_POINT('',(0.66875,0.));
#8015 = VECTOR('',#8016,1.);
#8016 = DIRECTION('',(-1.,0.));
#8017 = ( GEOMETRIC_REPRESENTATION_CONTEXT(2) 
PARAMETRIC_REPRESENTATION_CONTEXT() REPRESENTATION_CONTEXT('2D SPACE',''
  ) );
#8018 = ORIENTED_EDGE('',*,*,#8019,.F.);
#8019 = EDGE_CURVE('',#1461,#7992,#8020,.T.);
#8020 = SURFACE_CURVE('',#8021,(#8025,#8032),.PCURVE_S1.);
#8021 = LINE('',#8022,#8023);
#8022 = CARTESIAN_POINT('',(19.7625,3.94296875,3.95));
#8023 = VECTOR('',#8024,1.);
#8024 = DIRECTION('',(0.,0.,1.));
#8025 = PCURVE('',#1477,#8026);
#8026 = DEFINITIONAL_REPRESENTATION('',(#8027),#8031);
#8027 = LINE('',#8028,#8029);
#8028 = CARTESIAN_POINT('',(0.4390625,0.));
#8029 = VECTOR('',#8030,1.);
#8030 = DIRECTION('',(0.,-1.));
#8031 = ( GEOMETRIC_REPRESENTATION_CONTEXT(2) 
PARAMETRIC_REPRESENTATION_CONTEXT() REPRESENTATION_CONTEXT('2D SPACE',''
  ) );
#8032 = PCURVE('',#1503,#8033);
#8033 = DEFINITIONAL_REPRESENTATION('',(#8034),#8038);
#8034 = LINE('',#8035,#8036);
#8035 = CARTESIAN_POINT('',(0.,0.));
#8036 = VECTOR('',#8037,1.);
#8037 = DIRECTION('',(0.,-1.));
#8038 = ( GEOMETRIC_REPRESENTATION_CONTEXT(2) 
PARAMETRIC_REPRESENTATION_CONTEXT() REPRESENTATION_CONTEXT('2D SPACE',''
  ) );
#8039 = ADVANCED_FACE('',(#8040),#1503,.T.);
#8040 = FACE_BOUND('',#8041,.T.);
#8041 = EDGE_LOOP('',(#8042,#8043,#8044,#8067));
#8042 = ORIENTED_EDGE('',*,*,#1488,.T.);
#8043 = ORIENTED_EDGE('',*,*,#8019,.T.);
#8044 = ORIENTED_EDGE('',*,*,#8045,.T.);
#8045 = EDGE_CURVE('',#7992,#8046,#8048,.T.);
#8046 = VERTEX_POINT('',#8047);
#8047 = CARTESIAN_POINT('',(19.7625,4.38203125,4.6));
#8048 = SURFACE_CURVE('',#8049,(#8053,#8060),.PCURVE_S1.);
#8049 = LINE('',#8050,#8051);
#8050 = CARTESIAN_POINT('',(19.7625,3.94296875,4.6));
#8051 = VECTOR('',#8052,1.);
#8052 = DIRECTION('',(0.,1.,0.));
#8053 = PCURVE('',#1503,#8054);
#8054 = DEFINITIONAL_REPRESENTATION('',(#8055),#8059);
#8055 = LINE('',#8056,#8057);
#8056 = CARTESIAN_POINT('',(0.,-0.65));
#8057 = VECTOR('',#8058,1.);
#8058 = DIRECTION('',(1.,0.));
#8059 = ( GEOMETRIC_REPRESENTATION_CONTEXT(2) 
PARAMETRIC_REPRESENTATION_CONTEXT() REPRESENTATION_CONTEXT('2D SPACE',''
  ) );
#8060 = PCURVE('',#8007,#8061);
#8061 = DEFINITIONAL_REPRESENTATION('',(#8062),#8066);
#8062 = LINE('',#8063,#8064);
#8063 = CARTESIAN_POINT('',(0.2296875,0.));
#8064 = VECTOR('',#8065,1.);
#8065 = DIRECTION('',(0.,1.));
#8066 = ( GEOMETRIC_REPRESENTATION_CONTEXT(2) 
PARAMETRIC_REPRESENTATION_CONTEXT() REPRESENTATION_CONTEXT('2D SPACE',''
  ) );
#8067 = ORIENTED_EDGE('',*,*,#8068,.F.);
#8068 = EDGE_CURVE('',#1489,#8046,#8069,.T.);
#8069 = SURFACE_CURVE('',#8070,(#8074,#8081),.PCURVE_S1.);
#8070 = LINE('',#8071,#8072);
#8071 = CARTESIAN_POINT('',(19.7625,4.38203125,3.95));
#8072 = VECTOR('',#8073,1.);
#8073 = DIRECTION('',(0.,0.,1.));
#8074 = PCURVE('',#1503,#8075);
#8075 = DEFINITIONAL_REPRESENTATION('',(#8076),#8080);
#8076 = LINE('',#8077,#8078);
#8077 = CARTESIAN_POINT('',(0.4390625,0.));
#8078 = VECTOR('',#8079,1.);
#8079 = DIRECTION('',(0.,-1.));
#8080 = ( GEOMETRIC_REPRESENTATION_CONTEXT(2) 
PARAMETRIC_REPRESENTATION_CONTEXT() REPRESENTATION_CONTEXT('2D SPACE',''
  ) );
#8081 = PCURVE('',#1529,#8082);
#8082 = DEFINITIONAL_REPRESENTATION('',(#8083),#8087);
#8083 = LINE('',#8084,#8085);
#8084 = CARTESIAN_POINT('',(0.,0.));
#8085 = VECTOR('',#8086,1.);
#8086 = DIRECTION('',(0.,-1.));
#8087 = ( GEOMETRIC_REPRESENTATION_CONTEXT(2) 
PARAMETRIC_REPRESENTATION_CONTEXT() REPRESENTATION_CONTEXT('2D SPACE',''
  ) );
#8088 = ADVANCED_FACE('',(#8089),#1553,.T.);
#8089 = FACE_BOUND('',#8090,.T.);
#8090 = EDGE_LOOP('',(#8091,#8092,#8115,#8136));
#8091 = ORIENTED_EDGE('',*,*,#1540,.T.);
#8092 = ORIENTED_EDGE('',*,*,#8093,.T.);
#8093 = EDGE_CURVE('',#1515,#8094,#8096,.T.);
#8094 = VERTEX_POINT('',#8095);
#8095 = CARTESIAN_POINT('',(20.2015625,4.38203125,4.6));
#8096 = SURFACE_CURVE('',#8097,(#8101,#8108),.PCURVE_S1.);
#8097 = LINE('',#8098,#8099);
#8098 = CARTESIAN_POINT('',(20.2015625,4.38203125,3.95));
#8099 = VECTOR('',#8100,1.);
#8100 = DIRECTION('',(0.,0.,1.));
#8101 = PCURVE('',#1553,#8102);
#8102 = DEFINITIONAL_REPRESENTATION('',(#8103),#8107);
#8103 = LINE('',#8104,#8105);
#8104 = CARTESIAN_POINT('',(0.,0.));
#8105 = VECTOR('',#8106,1.);
#8106 = DIRECTION('',(0.,-1.));
#8107 = ( GEOMETRIC_REPRESENTATION_CONTEXT(2) 
PARAMETRIC_REPRESENTATION_CONTEXT() REPRESENTATION_CONTEXT('2D SPACE',''
  ) );
#8108 = PCURVE('',#1529,#8109);
#8109 = DEFINITIONAL_REPRESENTATION('',(#8110),#8114);
#8110 = LINE('',#8111,#8112);
#8111 = CARTESIAN_POINT('',(0.4390625,0.));
#8112 = VECTOR('',#8113,1.);
#8113 = DIRECTION('',(0.,-1.));
#8114 = ( GEOMETRIC_REPRESENTATION_CONTEXT(2) 
PARAMETRIC_REPRESENTATION_CONTEXT() REPRESENTATION_CONTEXT('2D SPACE',''
  ) );
#8115 = ORIENTED_EDGE('',*,*,#8116,.T.);
#8116 = EDGE_CURVE('',#8094,#7969,#8117,.T.);
#8117 = SURFACE_CURVE('',#8118,(#8122,#8129),.PCURVE_S1.);
#8118 = LINE('',#8119,#8120);
#8119 = CARTESIAN_POINT('',(20.2015625,4.38203125,4.6));
#8120 = VECTOR('',#8121,1.);
#8121 = DIRECTION('',(0.,-1.,0.));
#8122 = PCURVE('',#1553,#8123);
#8123 = DEFINITIONAL_REPRESENTATION('',(#8124),#8128);
#8124 = LINE('',#8125,#8126);
#8125 = CARTESIAN_POINT('',(0.,-0.65));
#8126 = VECTOR('',#8127,1.);
#8127 = DIRECTION('',(1.,0.));
#8128 = ( GEOMETRIC_REPRESENTATION_CONTEXT(2) 
PARAMETRIC_REPRESENTATION_CONTEXT() REPRESENTATION_CONTEXT('2D SPACE',''
  ) );
#8129 = PCURVE('',#8007,#8130);
#8130 = DEFINITIONAL_REPRESENTATION('',(#8131),#8135);
#8131 = LINE('',#8132,#8133);
#8132 = CARTESIAN_POINT('',(0.66875,0.4390625));
#8133 = VECTOR('',#8134,1.);
#8134 = DIRECTION('',(0.,-1.));
#8135 = ( GEOMETRIC_REPRESENTATION_CONTEXT(2) 
PARAMETRIC_REPRESENTATION_CONTEXT() REPRESENTATION_CONTEXT('2D SPACE',''
  ) );
#8136 = ORIENTED_EDGE('',*,*,#7968,.F.);
#8137 = ADVANCED_FACE('',(#8138),#1529,.T.);
#8138 = FACE_BOUND('',#8139,.T.);
#8139 = EDGE_LOOP('',(#8140,#8141,#8142,#8163));
#8140 = ORIENTED_EDGE('',*,*,#1514,.T.);
#8141 = ORIENTED_EDGE('',*,*,#8068,.T.);
#8142 = ORIENTED_EDGE('',*,*,#8143,.T.);
#8143 = EDGE_CURVE('',#8046,#8094,#8144,.T.);
#8144 = SURFACE_CURVE('',#8145,(#8149,#8156),.PCURVE_S1.);
#8145 = LINE('',#8146,#8147);
#8146 = CARTESIAN_POINT('',(19.7625,4.38203125,4.6));
#8147 = VECTOR('',#8148,1.);
#8148 = DIRECTION('',(1.,0.,0.));
#8149 = PCURVE('',#1529,#8150);
#8150 = DEFINITIONAL_REPRESENTATION('',(#8151),#8155);
#8151 = LINE('',#8152,#8153);
#8152 = CARTESIAN_POINT('',(0.,-0.65));
#8153 = VECTOR('',#8154,1.);
#8154 = DIRECTION('',(1.,0.));
#8155 = ( GEOMETRIC_REPRESENTATION_CONTEXT(2) 
PARAMETRIC_REPRESENTATION_CONTEXT() REPRESENTATION_CONTEXT('2D SPACE',''
  ) );
#8156 = PCURVE('',#8007,#8157);
#8157 = DEFINITIONAL_REPRESENTATION('',(#8158),#8162);
#8158 = LINE('',#8159,#8160);
#8159 = CARTESIAN_POINT('',(0.2296875,0.4390625));
#8160 = VECTOR('',#8161,1.);
#8161 = DIRECTION('',(1.,0.));
#8162 = ( GEOMETRIC_REPRESENTATION_CONTEXT(2) 
PARAMETRIC_REPRESENTATION_CONTEXT() REPRESENTATION_CONTEXT('2D SPACE',''
  ) );
#8163 = ORIENTED_EDGE('',*,*,#8093,.F.);
#8164 = ADVANCED_FACE('',(#8165),#1583,.T.);
#8165 = FACE_BOUND('',#8166,.T.);
#8166 = EDGE_LOOP('',(#8167,#8168,#8191,#8219));
#8167 = ORIENTED_EDGE('',*,*,#1566,.T.);
#8168 = ORIENTED_EDGE('',*,*,#8169,.T.);
#8169 = EDGE_CURVE('',#1569,#8170,#8172,.T.);
#8170 = VERTEX_POINT('',#8171);
#8171 = CARTESIAN_POINT('',(22.0453125,5.67265625,4.6));
#8172 = SURFACE_CURVE('',#8173,(#8177,#8184),.PCURVE_S1.);
#8173 = LINE('',#8174,#8175);
#8174 = CARTESIAN_POINT('',(22.0453125,5.67265625,3.95));
#8175 = VECTOR('',#8176,1.);
#8176 = DIRECTION('',(0.,0.,1.));
#8177 = PCURVE('',#1583,#8178);
#8178 = DEFINITIONAL_REPRESENTATION('',(#8179),#8183);
#8179 = LINE('',#8180,#8181);
#8180 = CARTESIAN_POINT('',(0.,0.));
#8181 = VECTOR('',#8182,1.);
#8182 = DIRECTION('',(0.,-1.));
#8183 = ( GEOMETRIC_REPRESENTATION_CONTEXT(2) 
PARAMETRIC_REPRESENTATION_CONTEXT() REPRESENTATION_CONTEXT('2D SPACE',''
  ) );
#8184 = PCURVE('',#2322,#8185);
#8185 = DEFINITIONAL_REPRESENTATION('',(#8186),#8190);
#8186 = LINE('',#8187,#8188);
#8187 = CARTESIAN_POINT('',(1.,0.));
#8188 = VECTOR('',#8189,1.);
#8189 = DIRECTION('',(0.,-1.));
#8190 = ( GEOMETRIC_REPRESENTATION_CONTEXT(2) 
PARAMETRIC_REPRESENTATION_CONTEXT() REPRESENTATION_CONTEXT('2D SPACE',''
  ) );
#8191 = ORIENTED_EDGE('',*,*,#8192,.T.);
#8192 = EDGE_CURVE('',#8170,#8193,#8195,.T.);
#8193 = VERTEX_POINT('',#8194);
#8194 = CARTESIAN_POINT('',(21.6203125,5.62578125,4.6));
#8195 = SURFACE_CURVE('',#8196,(#8200,#8207),.PCURVE_S1.);
#8196 = LINE('',#8197,#8198);
#8197 = CARTESIAN_POINT('',(22.0453125,5.67265625,4.6));
#8198 = VECTOR('',#8199,1.);
#8199 = DIRECTION('',(-0.993972540491,-0.109629324319,0.));
#8200 = PCURVE('',#1583,#8201);
#8201 = DEFINITIONAL_REPRESENTATION('',(#8202),#8206);
#8202 = LINE('',#8203,#8204);
#8203 = CARTESIAN_POINT('',(0.,-0.65));
#8204 = VECTOR('',#8205,1.);
#8205 = DIRECTION('',(1.,0.));
#8206 = ( GEOMETRIC_REPRESENTATION_CONTEXT(2) 
PARAMETRIC_REPRESENTATION_CONTEXT() REPRESENTATION_CONTEXT('2D SPACE',''
  ) );
#8207 = PCURVE('',#8208,#8213);
#8208 = PLANE('',#8209);
#8209 = AXIS2_PLACEMENT_3D('',#8210,#8211,#8212);
#8210 = CARTESIAN_POINT('',(20.421875,3.94296875,4.6));
#8211 = DIRECTION('',(0.,0.,1.));
#8212 = DIRECTION('',(1.,0.,0.));
#8213 = DEFINITIONAL_REPRESENTATION('',(#8214),#8218);
#8214 = LINE('',#8215,#8216);
#8215 = CARTESIAN_POINT('',(1.6234375,1.7296875));
#8216 = VECTOR('',#8217,1.);
#8217 = DIRECTION('',(-0.993972540491,-0.109629324319));
#8218 = ( GEOMETRIC_REPRESENTATION_CONTEXT(2) 
PARAMETRIC_REPRESENTATION_CONTEXT() REPRESENTATION_CONTEXT('2D SPACE',''
  ) );
#8219 = ORIENTED_EDGE('',*,*,#8220,.F.);
#8220 = EDGE_CURVE('',#1567,#8193,#8221,.T.);
#8221 = SURFACE_CURVE('',#8222,(#8226,#8233),.PCURVE_S1.);
#8222 = LINE('',#8223,#8224);
#8223 = CARTESIAN_POINT('',(21.6203125,5.62578125,3.95));
#8224 = VECTOR('',#8225,1.);
#8225 = DIRECTION('',(0.,0.,1.));
#8226 = PCURVE('',#1583,#8227);
#8227 = DEFINITIONAL_REPRESENTATION('',(#8228),#8232);
#8228 = LINE('',#8229,#8230);
#8229 = CARTESIAN_POINT('',(0.427577204286,0.));
#8230 = VECTOR('',#8231,1.);
#8231 = DIRECTION('',(0.,-1.));
#8232 = ( GEOMETRIC_REPRESENTATION_CONTEXT(2) 
PARAMETRIC_REPRESENTATION_CONTEXT() REPRESENTATION_CONTEXT('2D SPACE',''
  ) );
#8233 = PCURVE('',#1616,#8234);
#8234 = DEFINITIONAL_REPRESENTATION('',(#8235),#8239);
#8235 = LINE('',#8236,#8237);
#8236 = CARTESIAN_POINT('',(0.,0.));
#8237 = VECTOR('',#8238,1.);
#8238 = DIRECTION('',(0.,-1.));
#8239 = ( GEOMETRIC_REPRESENTATION_CONTEXT(2) 
PARAMETRIC_REPRESENTATION_CONTEXT() REPRESENTATION_CONTEXT('2D SPACE',''
  ) );
#8240 = ADVANCED_FACE('',(#8241),#1616,.T.);
#8241 = FACE_BOUND('',#8242,.T.);
#8242 = EDGE_LOOP('',(#8243,#8244,#8245,#8268));
#8243 = ORIENTED_EDGE('',*,*,#1594,.T.);
#8244 = ORIENTED_EDGE('',*,*,#8220,.T.);
#8245 = ORIENTED_EDGE('',*,*,#8246,.T.);
#8246 = EDGE_CURVE('',#8193,#8247,#8249,.T.);
#8247 = VERTEX_POINT('',#8248);
#8248 = CARTESIAN_POINT('',(21.5390625,5.81953125,4.6));
#8249 = SURFACE_CURVE('',#8250,(#8254,#8261),.PCURVE_S1.);
#8250 = B_SPLINE_CURVE_WITH_KNOTS('',2,(#8251,#8252,#8253),
  .UNSPECIFIED.,.F.,.F.,(3,3),(0.,1.),.PIECEWISE_BEZIER_KNOTS.);
#8251 = CARTESIAN_POINT('',(21.6203125,5.62578125,4.6));
#8252 = CARTESIAN_POINT('',(21.6046875,5.75703125,4.6));
#8253 = CARTESIAN_POINT('',(21.5390625,5.81953125,4.6));
#8254 = PCURVE('',#1616,#8255);
#8255 = DEFINITIONAL_REPRESENTATION('',(#8256),#8260);
#8256 = LINE('',#8257,#8258);
#8257 = CARTESIAN_POINT('',(0.,-0.65));
#8258 = VECTOR('',#8259,1.);
#8259 = DIRECTION('',(1.,0.));
#8260 = ( GEOMETRIC_REPRESENTATION_CONTEXT(2) 
PARAMETRIC_REPRESENTATION_CONTEXT() REPRESENTATION_CONTEXT('2D SPACE',''
  ) );
#8261 = PCURVE('',#8208,#8262);
#8262 = DEFINITIONAL_REPRESENTATION('',(#8263),#8267);
#8263 = B_SPLINE_CURVE_WITH_KNOTS('',2,(#8264,#8265,#8266),
  .UNSPECIFIED.,.F.,.F.,(3,3),(0.,1.),.PIECEWISE_BEZIER_KNOTS.);
#8264 = CARTESIAN_POINT('',(1.1984375,1.6828125));
#8265 = CARTESIAN_POINT('',(1.1828125,1.8140625));
#8266 = CARTESIAN_POINT('',(1.1171875,1.8765625));
#8267 = ( GEOMETRIC_REPRESENTATION_CONTEXT(2) 
PARAMETRIC_REPRESENTATION_CONTEXT() REPRESENTATION_CONTEXT('2D SPACE',''
  ) );
#8268 = ORIENTED_EDGE('',*,*,#8269,.F.);
#8269 = EDGE_CURVE('',#1595,#8247,#8270,.T.);
#8270 = SURFACE_CURVE('',#8271,(#8275,#8282),.PCURVE_S1.);
#8271 = LINE('',#8272,#8273);
#8272 = CARTESIAN_POINT('',(21.5390625,5.81953125,3.95));
#8273 = VECTOR('',#8274,1.);
#8274 = DIRECTION('',(0.,0.,1.));
#8275 = PCURVE('',#1616,#8276);
#8276 = DEFINITIONAL_REPRESENTATION('',(#8277),#8281);
#8277 = LINE('',#8278,#8279);
#8278 = CARTESIAN_POINT('',(1.,0.));
#8279 = VECTOR('',#8280,1.);
#8280 = DIRECTION('',(0.,-1.));
#8281 = ( GEOMETRIC_REPRESENTATION_CONTEXT(2) 
PARAMETRIC_REPRESENTATION_CONTEXT() REPRESENTATION_CONTEXT('2D SPACE',''
  ) );
#8282 = PCURVE('',#1659,#8283);
#8283 = DEFINITIONAL_REPRESENTATION('',(#8284),#8288);
#8284 = LINE('',#8285,#8286);
#8285 = CARTESIAN_POINT('',(0.,0.));
#8286 = VECTOR('',#8287,1.);
#8287 = DIRECTION('',(0.,-1.));
#8288 = ( GEOMETRIC_REPRESENTATION_CONTEXT(2) 
PARAMETRIC_REPRESENTATION_CONTEXT() REPRESENTATION_CONTEXT('2D SPACE',''
  ) );
#8289 = ADVANCED_FACE('',(#8290),#2322,.T.);
#8290 = FACE_BOUND('',#8291,.T.);
#8291 = EDGE_LOOP('',(#8292,#8293,#8316,#8337));
#8292 = ORIENTED_EDGE('',*,*,#2302,.T.);
#8293 = ORIENTED_EDGE('',*,*,#8294,.T.);
#8294 = EDGE_CURVE('',#2252,#8295,#8297,.T.);
#8295 = VERTEX_POINT('',#8296);
#8296 = CARTESIAN_POINT('',(21.82734375,6.096875,4.6));
#8297 = SURFACE_CURVE('',#8298,(#8302,#8309),.PCURVE_S1.);
#8298 = LINE('',#8299,#8300);
#8299 = CARTESIAN_POINT('',(21.82734375,6.096875,3.95));
#8300 = VECTOR('',#8301,1.);
#8301 = DIRECTION('',(0.,0.,1.));
#8302 = PCURVE('',#2322,#8303);
#8303 = DEFINITIONAL_REPRESENTATION('',(#8304),#8308);
#8304 = LINE('',#8305,#8306);
#8305 = CARTESIAN_POINT('',(0.,0.));
#8306 = VECTOR('',#8307,1.);
#8307 = DIRECTION('',(0.,-1.));
#8308 = ( GEOMETRIC_REPRESENTATION_CONTEXT(2) 
PARAMETRIC_REPRESENTATION_CONTEXT() REPRESENTATION_CONTEXT('2D SPACE',''
  ) );
#8309 = PCURVE('',#2281,#8310);
#8310 = DEFINITIONAL_REPRESENTATION('',(#8311),#8315);
#8311 = LINE('',#8312,#8313);
#8312 = CARTESIAN_POINT('',(1.,0.));
#8313 = VECTOR('',#8314,1.);
#8314 = DIRECTION('',(0.,-1.));
#8315 = ( GEOMETRIC_REPRESENTATION_CONTEXT(2) 
PARAMETRIC_REPRESENTATION_CONTEXT() REPRESENTATION_CONTEXT('2D SPACE',''
  ) );
#8316 = ORIENTED_EDGE('',*,*,#8317,.T.);
#8317 = EDGE_CURVE('',#8295,#8170,#8318,.T.);
#8318 = SURFACE_CURVE('',#8319,(#8323,#8330),.PCURVE_S1.);
#8319 = B_SPLINE_CURVE_WITH_KNOTS('',2,(#8320,#8321,#8322),
  .UNSPECIFIED.,.F.,.F.,(3,3),(0.,1.),.PIECEWISE_BEZIER_KNOTS.);
#8320 = CARTESIAN_POINT('',(21.82734375,6.096875,4.6));
#8321 = CARTESIAN_POINT('',(21.9984375,5.95078125,4.6));
#8322 = CARTESIAN_POINT('',(22.0453125,5.67265625,4.6));
#8323 = PCURVE('',#2322,#8324);
#8324 = DEFINITIONAL_REPRESENTATION('',(#8325),#8329);
#8325 = LINE('',#8326,#8327);
#8326 = CARTESIAN_POINT('',(0.,-0.65));
#8327 = VECTOR('',#8328,1.);
#8328 = DIRECTION('',(1.,0.));
#8329 = ( GEOMETRIC_REPRESENTATION_CONTEXT(2) 
PARAMETRIC_REPRESENTATION_CONTEXT() REPRESENTATION_CONTEXT('2D SPACE',''
  ) );
#8330 = PCURVE('',#8208,#8331);
#8331 = DEFINITIONAL_REPRESENTATION('',(#8332),#8336);
#8332 = B_SPLINE_CURVE_WITH_KNOTS('',2,(#8333,#8334,#8335),
  .UNSPECIFIED.,.F.,.F.,(3,3),(0.,1.),.PIECEWISE_BEZIER_KNOTS.);
#8333 = CARTESIAN_POINT('',(1.40546875,2.15390625));
#8334 = CARTESIAN_POINT('',(1.5765625,2.0078125));
#8335 = CARTESIAN_POINT('',(1.6234375,1.7296875));
#8336 = ( GEOMETRIC_REPRESENTATION_CONTEXT(2) 
PARAMETRIC_REPRESENTATION_CONTEXT() REPRESENTATION_CONTEXT('2D SPACE',''
  ) );
#8337 = ORIENTED_EDGE('',*,*,#8169,.F.);
#8338 = ADVANCED_FACE('',(#8339),#1659,.T.);
#8339 = FACE_BOUND('',#8340,.T.);
#8340 = EDGE_LOOP('',(#8341,#8342,#8343,#8366));
#8341 = ORIENTED_EDGE('',*,*,#1633,.T.);
#8342 = ORIENTED_EDGE('',*,*,#8269,.T.);
#8343 = ORIENTED_EDGE('',*,*,#8344,.T.);
#8344 = EDGE_CURVE('',#8247,#8345,#8347,.T.);
#8345 = VERTEX_POINT('',#8346);
#8346 = CARTESIAN_POINT('',(21.36875,5.88203125,4.6));
#8347 = SURFACE_CURVE('',#8348,(#8352,#8359),.PCURVE_S1.);
#8348 = B_SPLINE_CURVE_WITH_KNOTS('',2,(#8349,#8350,#8351),
  .UNSPECIFIED.,.F.,.F.,(3,3),(0.,1.),.PIECEWISE_BEZIER_KNOTS.);
#8349 = CARTESIAN_POINT('',(21.5390625,5.81953125,4.6));
#8350 = CARTESIAN_POINT('',(21.4734375,5.88203125,4.6));
#8351 = CARTESIAN_POINT('',(21.36875,5.88203125,4.6));
#8352 = PCURVE('',#1659,#8353);
#8353 = DEFINITIONAL_REPRESENTATION('',(#8354),#8358);
#8354 = LINE('',#8355,#8356);
#8355 = CARTESIAN_POINT('',(0.,-0.65));
#8356 = VECTOR('',#8357,1.);
#8357 = DIRECTION('',(1.,0.));
#8358 = ( GEOMETRIC_REPRESENTATION_CONTEXT(2) 
PARAMETRIC_REPRESENTATION_CONTEXT() REPRESENTATION_CONTEXT('2D SPACE',''
  ) );
#8359 = PCURVE('',#8208,#8360);
#8360 = DEFINITIONAL_REPRESENTATION('',(#8361),#8365);
#8361 = B_SPLINE_CURVE_WITH_KNOTS('',2,(#8362,#8363,#8364),
  .UNSPECIFIED.,.F.,.F.,(3,3),(0.,1.),.PIECEWISE_BEZIER_KNOTS.);
#8362 = CARTESIAN_POINT('',(1.1171875,1.8765625));
#8363 = CARTESIAN_POINT('',(1.0515625,1.9390625));
#8364 = CARTESIAN_POINT('',(0.946875,1.9390625));
#8365 = ( GEOMETRIC_REPRESENTATION_CONTEXT(2) 
PARAMETRIC_REPRESENTATION_CONTEXT() REPRESENTATION_CONTEXT('2D SPACE',''
  ) );
#8366 = ORIENTED_EDGE('',*,*,#8367,.F.);
#8367 = EDGE_CURVE('',#1634,#8345,#8368,.T.);
#8368 = SURFACE_CURVE('',#8369,(#8373,#8380),.PCURVE_S1.);
#8369 = LINE('',#8370,#8371);
#8370 = CARTESIAN_POINT('',(21.36875,5.88203125,3.95));
#8371 = VECTOR('',#8372,1.);
#8372 = DIRECTION('',(0.,0.,1.));
#8373 = PCURVE('',#1659,#8374);
#8374 = DEFINITIONAL_REPRESENTATION('',(#8375),#8379);
#8375 = LINE('',#8376,#8377);
#8376 = CARTESIAN_POINT('',(1.,0.));
#8377 = VECTOR('',#8378,1.);
#8378 = DIRECTION('',(0.,-1.));
#8379 = ( GEOMETRIC_REPRESENTATION_CONTEXT(2) 
PARAMETRIC_REPRESENTATION_CONTEXT() REPRESENTATION_CONTEXT('2D SPACE',''
  ) );
#8380 = PCURVE('',#1708,#8381);
#8381 = DEFINITIONAL_REPRESENTATION('',(#8382),#8386);
#8382 = LINE('',#8383,#8384);
#8383 = CARTESIAN_POINT('',(0.,0.));
#8384 = VECTOR('',#8385,1.);
#8385 = DIRECTION('',(0.,-1.));
#8386 = ( GEOMETRIC_REPRESENTATION_CONTEXT(2) 
PARAMETRIC_REPRESENTATION_CONTEXT() REPRESENTATION_CONTEXT('2D SPACE',''
  ) );
#8387 = ADVANCED_FACE('',(#8388),#2281,.T.);
#8388 = FACE_BOUND('',#8389,.T.);
#8389 = EDGE_LOOP('',(#8390,#8391,#8414,#8435));
#8390 = ORIENTED_EDGE('',*,*,#2251,.T.);
#8391 = ORIENTED_EDGE('',*,*,#8392,.T.);
#8392 = EDGE_CURVE('',#2201,#8393,#8395,.T.);
#8393 = VERTEX_POINT('',#8394);
#8394 = CARTESIAN_POINT('',(21.3953125,6.24296875,4.6));
#8395 = SURFACE_CURVE('',#8396,(#8400,#8407),.PCURVE_S1.);
#8396 = LINE('',#8397,#8398);
#8397 = CARTESIAN_POINT('',(21.3953125,6.24296875,3.95));
#8398 = VECTOR('',#8399,1.);
#8399 = DIRECTION('',(0.,0.,1.));
#8400 = PCURVE('',#2281,#8401);
#8401 = DEFINITIONAL_REPRESENTATION('',(#8402),#8406);
#8402 = LINE('',#8403,#8404);
#8403 = CARTESIAN_POINT('',(0.,0.));
#8404 = VECTOR('',#8405,1.);
#8405 = DIRECTION('',(0.,-1.));
#8406 = ( GEOMETRIC_REPRESENTATION_CONTEXT(2) 
PARAMETRIC_REPRESENTATION_CONTEXT() REPRESENTATION_CONTEXT('2D SPACE',''
  ) );
#8407 = PCURVE('',#2230,#8408);
#8408 = DEFINITIONAL_REPRESENTATION('',(#8409),#8413);
#8409 = LINE('',#8410,#8411);
#8410 = CARTESIAN_POINT('',(1.,0.));
#8411 = VECTOR('',#8412,1.);
#8412 = DIRECTION('',(0.,-1.));
#8413 = ( GEOMETRIC_REPRESENTATION_CONTEXT(2) 
PARAMETRIC_REPRESENTATION_CONTEXT() REPRESENTATION_CONTEXT('2D SPACE',''
  ) );
#8414 = ORIENTED_EDGE('',*,*,#8415,.T.);
#8415 = EDGE_CURVE('',#8393,#8295,#8416,.T.);
#8416 = SURFACE_CURVE('',#8417,(#8421,#8428),.PCURVE_S1.);
#8417 = B_SPLINE_CURVE_WITH_KNOTS('',2,(#8418,#8419,#8420),
  .UNSPECIFIED.,.F.,.F.,(3,3),(0.,1.),.PIECEWISE_BEZIER_KNOTS.);
#8418 = CARTESIAN_POINT('',(21.3953125,6.24296875,4.6));
#8419 = CARTESIAN_POINT('',(21.65625,6.24296875,4.6));
#8420 = CARTESIAN_POINT('',(21.82734375,6.096875,4.6));
#8421 = PCURVE('',#2281,#8422);
#8422 = DEFINITIONAL_REPRESENTATION('',(#8423),#8427);
#8423 = LINE('',#8424,#8425);
#8424 = CARTESIAN_POINT('',(0.,-0.65));
#8425 = VECTOR('',#8426,1.);
#8426 = DIRECTION('',(1.,0.));
#8427 = ( GEOMETRIC_REPRESENTATION_CONTEXT(2) 
PARAMETRIC_REPRESENTATION_CONTEXT() REPRESENTATION_CONTEXT('2D SPACE',''
  ) );
#8428 = PCURVE('',#8208,#8429);
#8429 = DEFINITIONAL_REPRESENTATION('',(#8430),#8434);
#8430 = B_SPLINE_CURVE_WITH_KNOTS('',2,(#8431,#8432,#8433),
  .UNSPECIFIED.,.F.,.F.,(3,3),(0.,1.),.PIECEWISE_BEZIER_KNOTS.);
#8431 = CARTESIAN_POINT('',(0.9734375,2.3));
#8432 = CARTESIAN_POINT('',(1.234375,2.3));
#8433 = CARTESIAN_POINT('',(1.40546875,2.15390625));
#8434 = ( GEOMETRIC_REPRESENTATION_CONTEXT(2) 
PARAMETRIC_REPRESENTATION_CONTEXT() REPRESENTATION_CONTEXT('2D SPACE',''
  ) );
#8435 = ORIENTED_EDGE('',*,*,#8294,.F.);
#8436 = ADVANCED_FACE('',(#8437),#1708,.T.);
#8437 = FACE_BOUND('',#8438,.T.);
#8438 = EDGE_LOOP('',(#8439,#8440,#8441,#8464));
#8439 = ORIENTED_EDGE('',*,*,#1678,.T.);
#8440 = ORIENTED_EDGE('',*,*,#8367,.T.);
#8441 = ORIENTED_EDGE('',*,*,#8442,.T.);
#8442 = EDGE_CURVE('',#8345,#8443,#8445,.T.);
#8443 = VERTEX_POINT('',#8444);
#8444 = CARTESIAN_POINT('',(21.13359375,5.75703125,4.6));
#8445 = SURFACE_CURVE('',#8446,(#8450,#8457),.PCURVE_S1.);
#8446 = B_SPLINE_CURVE_WITH_KNOTS('',2,(#8447,#8448,#8449),
  .UNSPECIFIED.,.F.,.F.,(3,3),(0.,1.),.PIECEWISE_BEZIER_KNOTS.);
#8447 = CARTESIAN_POINT('',(21.36875,5.88203125,4.6));
#8448 = CARTESIAN_POINT('',(21.2296875,5.88203125,4.6));
#8449 = CARTESIAN_POINT('',(21.13359375,5.75703125,4.6));
#8450 = PCURVE('',#1708,#8451);
#8451 = DEFINITIONAL_REPRESENTATION('',(#8452),#8456);
#8452 = LINE('',#8453,#8454);
#8453 = CARTESIAN_POINT('',(0.,-0.65));
#8454 = VECTOR('',#8455,1.);
#8455 = DIRECTION('',(1.,0.));
#8456 = ( GEOMETRIC_REPRESENTATION_CONTEXT(2) 
PARAMETRIC_REPRESENTATION_CONTEXT() REPRESENTATION_CONTEXT('2D SPACE',''
  ) );
#8457 = PCURVE('',#8208,#8458);
#8458 = DEFINITIONAL_REPRESENTATION('',(#8459),#8463);
#8459 = B_SPLINE_CURVE_WITH_KNOTS('',2,(#8460,#8461,#8462),
  .UNSPECIFIED.,.F.,.F.,(3,3),(0.,1.),.PIECEWISE_BEZIER_KNOTS.);
#8460 = CARTESIAN_POINT('',(0.946875,1.9390625));
#8461 = CARTESIAN_POINT('',(0.8078125,1.9390625));
#8462 = CARTESIAN_POINT('',(0.71171875,1.8140625));
#8463 = ( GEOMETRIC_REPRESENTATION_CONTEXT(2) 
PARAMETRIC_REPRESENTATION_CONTEXT() REPRESENTATION_CONTEXT('2D SPACE',''
  ) );
#8464 = ORIENTED_EDGE('',*,*,#8465,.F.);
#8465 = EDGE_CURVE('',#1679,#8443,#8466,.T.);
#8466 = SURFACE_CURVE('',#8467,(#8471,#8478),.PCURVE_S1.);
#8467 = LINE('',#8468,#8469);
#8468 = CARTESIAN_POINT('',(21.13359375,5.75703125,3.95));
#8469 = VECTOR('',#8470,1.);
#8470 = DIRECTION('',(0.,0.,1.));
#8471 = PCURVE('',#1708,#8472);
#8472 = DEFINITIONAL_REPRESENTATION('',(#8473),#8477);
#8473 = LINE('',#8474,#8475);
#8474 = CARTESIAN_POINT('',(1.,0.));
#8475 = VECTOR('',#8476,1.);
#8476 = DIRECTION('',(0.,-1.));
#8477 = ( GEOMETRIC_REPRESENTATION_CONTEXT(2) 
PARAMETRIC_REPRESENTATION_CONTEXT() REPRESENTATION_CONTEXT('2D SPACE',''
  ) );
#8478 = PCURVE('',#1755,#8479);
#8479 = DEFINITIONAL_REPRESENTATION('',(#8480),#8484);
#8480 = LINE('',#8481,#8482);
#8481 = CARTESIAN_POINT('',(0.,0.));
#8482 = VECTOR('',#8483,1.);
#8483 = DIRECTION('',(0.,-1.));
#8484 = ( GEOMETRIC_REPRESENTATION_CONTEXT(2) 
PARAMETRIC_REPRESENTATION_CONTEXT() REPRESENTATION_CONTEXT('2D SPACE',''
  ) );
#8485 = ADVANCED_FACE('',(#8486),#2230,.T.);
#8486 = FACE_BOUND('',#8487,.T.);
#8487 = EDGE_LOOP('',(#8488,#8489,#8512,#8533));
#8488 = ORIENTED_EDGE('',*,*,#2200,.T.);
#8489 = ORIENTED_EDGE('',*,*,#8490,.T.);
#8490 = EDGE_CURVE('',#2144,#8491,#8493,.T.);
#8491 = VERTEX_POINT('',#8492);
#8492 = CARTESIAN_POINT('',(20.790625,5.96484375,4.6));
#8493 = SURFACE_CURVE('',#8494,(#8498,#8505),.PCURVE_S1.);
#8494 = LINE('',#8495,#8496);
#8495 = CARTESIAN_POINT('',(20.790625,5.96484375,3.95));
#8496 = VECTOR('',#8497,1.);
#8497 = DIRECTION('',(0.,0.,1.));
#8498 = PCURVE('',#2230,#8499);
#8499 = DEFINITIONAL_REPRESENTATION('',(#8500),#8504);
#8500 = LINE('',#8501,#8502);
#8501 = CARTESIAN_POINT('',(0.,0.));
#8502 = VECTOR('',#8503,1.);
#8503 = DIRECTION('',(0.,-1.));
#8504 = ( GEOMETRIC_REPRESENTATION_CONTEXT(2) 
PARAMETRIC_REPRESENTATION_CONTEXT() REPRESENTATION_CONTEXT('2D SPACE',''
  ) );
#8505 = PCURVE('',#2177,#8506);
#8506 = DEFINITIONAL_REPRESENTATION('',(#8507),#8511);
#8507 = LINE('',#8508,#8509);
#8508 = CARTESIAN_POINT('',(1.,0.));
#8509 = VECTOR('',#8510,1.);
#8510 = DIRECTION('',(0.,-1.));
#8511 = ( GEOMETRIC_REPRESENTATION_CONTEXT(2) 
PARAMETRIC_REPRESENTATION_CONTEXT() REPRESENTATION_CONTEXT('2D SPACE',''
  ) );
#8512 = ORIENTED_EDGE('',*,*,#8513,.T.);
#8513 = EDGE_CURVE('',#8491,#8393,#8514,.T.);
#8514 = SURFACE_CURVE('',#8515,(#8519,#8526),.PCURVE_S1.);
#8515 = B_SPLINE_CURVE_WITH_KNOTS('',2,(#8516,#8517,#8518),
  .UNSPECIFIED.,.F.,.F.,(3,3),(0.,1.),.PIECEWISE_BEZIER_KNOTS.);
#8516 = CARTESIAN_POINT('',(20.790625,5.96484375,4.6));
#8517 = CARTESIAN_POINT('',(21.0234375,6.24296875,4.6));
#8518 = CARTESIAN_POINT('',(21.3953125,6.24296875,4.6));
#8519 = PCURVE('',#2230,#8520);
#8520 = DEFINITIONAL_REPRESENTATION('',(#8521),#8525);
#8521 = LINE('',#8522,#8523);
#8522 = CARTESIAN_POINT('',(0.,-0.65));
#8523 = VECTOR('',#8524,1.);
#8524 = DIRECTION('',(1.,0.));
#8525 = ( GEOMETRIC_REPRESENTATION_CONTEXT(2) 
PARAMETRIC_REPRESENTATION_CONTEXT() REPRESENTATION_CONTEXT('2D SPACE',''
  ) );
#8526 = PCURVE('',#8208,#8527);
#8527 = DEFINITIONAL_REPRESENTATION('',(#8528),#8532);
#8528 = B_SPLINE_CURVE_WITH_KNOTS('',2,(#8529,#8530,#8531),
  .UNSPECIFIED.,.F.,.F.,(3,3),(0.,1.),.PIECEWISE_BEZIER_KNOTS.);
#8529 = CARTESIAN_POINT('',(0.36875,2.021875));
#8530 = CARTESIAN_POINT('',(0.6015625,2.3));
#8531 = CARTESIAN_POINT('',(0.9734375,2.3));
#8532 = ( GEOMETRIC_REPRESENTATION_CONTEXT(2) 
PARAMETRIC_REPRESENTATION_CONTEXT() REPRESENTATION_CONTEXT('2D SPACE',''
  ) );
#8533 = ORIENTED_EDGE('',*,*,#8392,.F.);
#8534 = ADVANCED_FACE('',(#8535),#1755,.T.);
#8535 = FACE_BOUND('',#8536,.T.);
#8536 = EDGE_LOOP('',(#8537,#8538,#8539,#8562));
#8537 = ORIENTED_EDGE('',*,*,#1729,.T.);
#8538 = ORIENTED_EDGE('',*,*,#8465,.T.);
#8539 = ORIENTED_EDGE('',*,*,#8540,.T.);
#8540 = EDGE_CURVE('',#8443,#8541,#8543,.T.);
#8541 = VERTEX_POINT('',#8542);
#8542 = CARTESIAN_POINT('',(21.0125,5.23671875,4.6));
#8543 = SURFACE_CURVE('',#8544,(#8548,#8555),.PCURVE_S1.);
#8544 = B_SPLINE_CURVE_WITH_KNOTS('',2,(#8545,#8546,#8547),
  .UNSPECIFIED.,.F.,.F.,(3,3),(0.,1.),.PIECEWISE_BEZIER_KNOTS.);
#8545 = CARTESIAN_POINT('',(21.13359375,5.75703125,4.6));
#8546 = CARTESIAN_POINT('',(21.0375,5.63203125,4.6));
#8547 = CARTESIAN_POINT('',(21.0125,5.23671875,4.6));
#8548 = PCURVE('',#1755,#8549);
#8549 = DEFINITIONAL_REPRESENTATION('',(#8550),#8554);
#8550 = LINE('',#8551,#8552);
#8551 = CARTESIAN_POINT('',(0.,-0.65));
#8552 = VECTOR('',#8553,1.);
#8553 = DIRECTION('',(1.,0.));
#8554 = ( GEOMETRIC_REPRESENTATION_CONTEXT(2) 
PARAMETRIC_REPRESENTATION_CONTEXT() REPRESENTATION_CONTEXT('2D SPACE',''
  ) );
#8555 = PCURVE('',#8208,#8556);
#8556 = DEFINITIONAL_REPRESENTATION('',(#8557),#8561);
#8557 = B_SPLINE_CURVE_WITH_KNOTS('',2,(#8558,#8559,#8560),
  .UNSPECIFIED.,.F.,.F.,(3,3),(0.,1.),.PIECEWISE_BEZIER_KNOTS.);
#8558 = CARTESIAN_POINT('',(0.71171875,1.8140625));
#8559 = CARTESIAN_POINT('',(0.615625,1.6890625));
#8560 = CARTESIAN_POINT('',(0.590625,1.29375));
#8561 = ( GEOMETRIC_REPRESENTATION_CONTEXT(2) 
PARAMETRIC_REPRESENTATION_CONTEXT() REPRESENTATION_CONTEXT('2D SPACE',''
  ) );
#8562 = ORIENTED_EDGE('',*,*,#8563,.F.);
#8563 = EDGE_CURVE('',#1730,#8541,#8564,.T.);
#8564 = SURFACE_CURVE('',#8565,(#8569,#8576),.PCURVE_S1.);
#8565 = LINE('',#8566,#8567);
#8566 = CARTESIAN_POINT('',(21.0125,5.23671875,3.95));
#8567 = VECTOR('',#8568,1.);
#8568 = DIRECTION('',(0.,0.,1.));
#8569 = PCURVE('',#1755,#8570);
#8570 = DEFINITIONAL_REPRESENTATION('',(#8571),#8575);
#8571 = LINE('',#8572,#8573);
#8572 = CARTESIAN_POINT('',(1.,0.));
#8573 = VECTOR('',#8574,1.);
#8574 = DIRECTION('',(0.,-1.));
#8575 = ( GEOMETRIC_REPRESENTATION_CONTEXT(2) 
PARAMETRIC_REPRESENTATION_CONTEXT() REPRESENTATION_CONTEXT('2D SPACE',''
  ) );
#8576 = PCURVE('',#1804,#8577);
#8577 = DEFINITIONAL_REPRESENTATION('',(#8578),#8582);
#8578 = LINE('',#8579,#8580);
#8579 = CARTESIAN_POINT('',(0.,0.));
#8580 = VECTOR('',#8581,1.);
#8581 = DIRECTION('',(0.,-1.));
#8582 = ( GEOMETRIC_REPRESENTATION_CONTEXT(2) 
PARAMETRIC_REPRESENTATION_CONTEXT() REPRESENTATION_CONTEXT('2D SPACE',''
  ) );
#8583 = ADVANCED_FACE('',(#8584),#2177,.T.);
#8584 = FACE_BOUND('',#8585,.T.);
#8585 = EDGE_LOOP('',(#8586,#8587,#8610,#8631));
#8586 = ORIENTED_EDGE('',*,*,#2143,.T.);
#8587 = ORIENTED_EDGE('',*,*,#8588,.T.);
#8588 = EDGE_CURVE('',#2087,#8589,#8591,.T.);
#8589 = VERTEX_POINT('',#8590);
#8590 = CARTESIAN_POINT('',(20.5578125,5.05703125,4.6));
#8591 = SURFACE_CURVE('',#8592,(#8596,#8603),.PCURVE_S1.);
#8592 = LINE('',#8593,#8594);
#8593 = CARTESIAN_POINT('',(20.5578125,5.05703125,3.95));
#8594 = VECTOR('',#8595,1.);
#8595 = DIRECTION('',(0.,0.,1.));
#8596 = PCURVE('',#2177,#8597);
#8597 = DEFINITIONAL_REPRESENTATION('',(#8598),#8602);
#8598 = LINE('',#8599,#8600);
#8599 = CARTESIAN_POINT('',(0.,0.));
#8600 = VECTOR('',#8601,1.);
#8601 = DIRECTION('',(0.,-1.));
#8602 = ( GEOMETRIC_REPRESENTATION_CONTEXT(2) 
PARAMETRIC_REPRESENTATION_CONTEXT() REPRESENTATION_CONTEXT('2D SPACE',''
  ) );
#8603 = PCURVE('',#2120,#8604);
#8604 = DEFINITIONAL_REPRESENTATION('',(#8605),#8609);
#8605 = LINE('',#8606,#8607);
#8606 = CARTESIAN_POINT('',(1.,0.));
#8607 = VECTOR('',#8608,1.);
#8608 = DIRECTION('',(0.,-1.));
#8609 = ( GEOMETRIC_REPRESENTATION_CONTEXT(2) 
PARAMETRIC_REPRESENTATION_CONTEXT() REPRESENTATION_CONTEXT('2D SPACE',''
  ) );
#8610 = ORIENTED_EDGE('',*,*,#8611,.T.);
#8611 = EDGE_CURVE('',#8589,#8491,#8612,.T.);
#8612 = SURFACE_CURVE('',#8613,(#8617,#8624),.PCURVE_S1.);
#8613 = B_SPLINE_CURVE_WITH_KNOTS('',2,(#8614,#8615,#8616),
  .UNSPECIFIED.,.F.,.F.,(3,3),(0.,1.),.PIECEWISE_BEZIER_KNOTS.);
#8614 = CARTESIAN_POINT('',(20.5578125,5.05703125,4.6));
#8615 = CARTESIAN_POINT('',(20.5578125,5.68671875,4.6));
#8616 = CARTESIAN_POINT('',(20.790625,5.96484375,4.6));
#8617 = PCURVE('',#2177,#8618);
#8618 = DEFINITIONAL_REPRESENTATION('',(#8619),#8623);
#8619 = LINE('',#8620,#8621);
#8620 = CARTESIAN_POINT('',(0.,-0.65));
#8621 = VECTOR('',#8622,1.);
#8622 = DIRECTION('',(1.,0.));
#8623 = ( GEOMETRIC_REPRESENTATION_CONTEXT(2) 
PARAMETRIC_REPRESENTATION_CONTEXT() REPRESENTATION_CONTEXT('2D SPACE',''
  ) );
#8624 = PCURVE('',#8208,#8625);
#8625 = DEFINITIONAL_REPRESENTATION('',(#8626),#8630);
#8626 = B_SPLINE_CURVE_WITH_KNOTS('',2,(#8627,#8628,#8629),
  .UNSPECIFIED.,.F.,.F.,(3,3),(0.,1.),.PIECEWISE_BEZIER_KNOTS.);
#8627 = CARTESIAN_POINT('',(0.1359375,1.1140625));
#8628 = CARTESIAN_POINT('',(0.1359375,1.74375));
#8629 = CARTESIAN_POINT('',(0.36875,2.021875));
#8630 = ( GEOMETRIC_REPRESENTATION_CONTEXT(2) 
PARAMETRIC_REPRESENTATION_CONTEXT() REPRESENTATION_CONTEXT('2D SPACE',''
  ) );
#8631 = ORIENTED_EDGE('',*,*,#8490,.F.);
#8632 = ADVANCED_FACE('',(#8633),#1804,.T.);
#8633 = FACE_BOUND('',#8634,.T.);
#8634 = EDGE_LOOP('',(#8635,#8636,#8637,#8660));
#8635 = ORIENTED_EDGE('',*,*,#1774,.T.);
#8636 = ORIENTED_EDGE('',*,*,#8563,.T.);
#8637 = ORIENTED_EDGE('',*,*,#8638,.T.);
#8638 = EDGE_CURVE('',#8541,#8639,#8641,.T.);
#8639 = VERTEX_POINT('',#8640);
#8640 = CARTESIAN_POINT('',(21.4203125,5.43046875,4.6));
#8641 = SURFACE_CURVE('',#8642,(#8646,#8653),.PCURVE_S1.);
#8642 = B_SPLINE_CURVE_WITH_KNOTS('',2,(#8643,#8644,#8645),
  .UNSPECIFIED.,.F.,.F.,(3,3),(0.,1.),.PIECEWISE_BEZIER_KNOTS.);
#8643 = CARTESIAN_POINT('',(21.0125,5.23671875,4.6));
#8644 = CARTESIAN_POINT('',(21.1765625,5.43046875,4.6));
#8645 = CARTESIAN_POINT('',(21.4203125,5.43046875,4.6));
#8646 = PCURVE('',#1804,#8647);
#8647 = DEFINITIONAL_REPRESENTATION('',(#8648),#8652);
#8648 = LINE('',#8649,#8650);
#8649 = CARTESIAN_POINT('',(0.,-0.65));
#8650 = VECTOR('',#8651,1.);
#8651 = DIRECTION('',(1.,0.));
#8652 = ( GEOMETRIC_REPRESENTATION_CONTEXT(2) 
PARAMETRIC_REPRESENTATION_CONTEXT() REPRESENTATION_CONTEXT('2D SPACE',''
  ) );
#8653 = PCURVE('',#8208,#8654);
#8654 = DEFINITIONAL_REPRESENTATION('',(#8655),#8659);
#8655 = B_SPLINE_CURVE_WITH_KNOTS('',2,(#8656,#8657,#8658),
  .UNSPECIFIED.,.F.,.F.,(3,3),(0.,1.),.PIECEWISE_BEZIER_KNOTS.);
#8656 = CARTESIAN_POINT('',(0.590625,1.29375));
#8657 = CARTESIAN_POINT('',(0.7546875,1.4875));
#8658 = CARTESIAN_POINT('',(0.9984375,1.4875));
#8659 = ( GEOMETRIC_REPRESENTATION_CONTEXT(2) 
PARAMETRIC_REPRESENTATION_CONTEXT() REPRESENTATION_CONTEXT('2D SPACE',''
  ) );
#8660 = ORIENTED_EDGE('',*,*,#8661,.F.);
#8661 = EDGE_CURVE('',#1775,#8639,#8662,.T.);
#8662 = SURFACE_CURVE('',#8663,(#8667,#8674),.PCURVE_S1.);
#8663 = LINE('',#8664,#8665);
#8664 = CARTESIAN_POINT('',(21.4203125,5.43046875,3.95));
#8665 = VECTOR('',#8666,1.);
#8666 = DIRECTION('',(0.,0.,1.));
#8667 = PCURVE('',#1804,#8668);
#8668 = DEFINITIONAL_REPRESENTATION('',(#8669),#8673);
#8669 = LINE('',#8670,#8671);
#8670 = CARTESIAN_POINT('',(1.,0.));
#8671 = VECTOR('',#8672,1.);
#8672 = DIRECTION('',(0.,-1.));
#8673 = ( GEOMETRIC_REPRESENTATION_CONTEXT(2) 
PARAMETRIC_REPRESENTATION_CONTEXT() REPRESENTATION_CONTEXT('2D SPACE',''
  ) );
#8674 = PCURVE('',#1855,#8675);
#8675 = DEFINITIONAL_REPRESENTATION('',(#8676),#8680);
#8676 = LINE('',#8677,#8678);
#8677 = CARTESIAN_POINT('',(0.,0.));
#8678 = VECTOR('',#8679,1.);
#8679 = DIRECTION('',(0.,-1.));
#8680 = ( GEOMETRIC_REPRESENTATION_CONTEXT(2) 
PARAMETRIC_REPRESENTATION_CONTEXT() REPRESENTATION_CONTEXT('2D SPACE',''
  ) );
#8681 = ADVANCED_FACE('',(#8682),#2120,.T.);
#8682 = FACE_BOUND('',#8683,.T.);
#8683 = EDGE_LOOP('',(#8684,#8685,#8708,#8729));
#8684 = ORIENTED_EDGE('',*,*,#2086,.T.);
#8685 = ORIENTED_EDGE('',*,*,#8686,.T.);
#8686 = EDGE_CURVE('',#2036,#8687,#8689,.T.);
#8687 = VERTEX_POINT('',#8688);
#8688 = CARTESIAN_POINT('',(20.78125,4.1734375,4.6));
#8689 = SURFACE_CURVE('',#8690,(#8694,#8701),.PCURVE_S1.);
#8690 = LINE('',#8691,#8692);
#8691 = CARTESIAN_POINT('',(20.78125,4.1734375,3.95));
#8692 = VECTOR('',#8693,1.);
#8693 = DIRECTION('',(0.,0.,1.));
#8694 = PCURVE('',#2120,#8695);
#8695 = DEFINITIONAL_REPRESENTATION('',(#8696),#8700);
#8696 = LINE('',#8697,#8698);
#8697 = CARTESIAN_POINT('',(0.,0.));
#8698 = VECTOR('',#8699,1.);
#8699 = DIRECTION('',(0.,-1.));
#8700 = ( GEOMETRIC_REPRESENTATION_CONTEXT(2) 
PARAMETRIC_REPRESENTATION_CONTEXT() REPRESENTATION_CONTEXT('2D SPACE',''
  ) );
#8701 = PCURVE('',#2065,#8702);
#8702 = DEFINITIONAL_REPRESENTATION('',(#8703),#8707);
#8703 = LINE('',#8704,#8705);
#8704 = CARTESIAN_POINT('',(1.,0.));
#8705 = VECTOR('',#8706,1.);
#8706 = DIRECTION('',(0.,-1.));
#8707 = ( GEOMETRIC_REPRESENTATION_CONTEXT(2) 
PARAMETRIC_REPRESENTATION_CONTEXT() REPRESENTATION_CONTEXT('2D SPACE',''
  ) );
#8708 = ORIENTED_EDGE('',*,*,#8709,.T.);
#8709 = EDGE_CURVE('',#8687,#8589,#8710,.T.);
#8710 = SURFACE_CURVE('',#8711,(#8715,#8722),.PCURVE_S1.);
#8711 = B_SPLINE_CURVE_WITH_KNOTS('',2,(#8712,#8713,#8714),
  .UNSPECIFIED.,.F.,.F.,(3,3),(0.,1.),.PIECEWISE_BEZIER_KNOTS.);
#8712 = CARTESIAN_POINT('',(20.78125,4.1734375,4.6));
#8713 = CARTESIAN_POINT('',(20.5578125,4.44296875,4.6));
#8714 = CARTESIAN_POINT('',(20.5578125,5.05703125,4.6));
#8715 = PCURVE('',#2120,#8716);
#8716 = DEFINITIONAL_REPRESENTATION('',(#8717),#8721);
#8717 = LINE('',#8718,#8719);
#8718 = CARTESIAN_POINT('',(0.,-0.65));
#8719 = VECTOR('',#8720,1.);
#8720 = DIRECTION('',(1.,0.));
#8721 = ( GEOMETRIC_REPRESENTATION_CONTEXT(2) 
PARAMETRIC_REPRESENTATION_CONTEXT() REPRESENTATION_CONTEXT('2D SPACE',''
  ) );
#8722 = PCURVE('',#8208,#8723);
#8723 = DEFINITIONAL_REPRESENTATION('',(#8724),#8728);
#8724 = B_SPLINE_CURVE_WITH_KNOTS('',2,(#8725,#8726,#8727),
  .UNSPECIFIED.,.F.,.F.,(3,3),(0.,1.),.PIECEWISE_BEZIER_KNOTS.);
#8725 = CARTESIAN_POINT('',(0.359375,0.23046875));
#8726 = CARTESIAN_POINT('',(0.1359375,0.5));
#8727 = CARTESIAN_POINT('',(0.1359375,1.1140625));
#8728 = ( GEOMETRIC_REPRESENTATION_CONTEXT(2) 
PARAMETRIC_REPRESENTATION_CONTEXT() REPRESENTATION_CONTEXT('2D SPACE',''
  ) );
#8729 = ORIENTED_EDGE('',*,*,#8588,.F.);
#8730 = ADVANCED_FACE('',(#8731),#1855,.T.);
#8731 = FACE_BOUND('',#8732,.T.);
#8732 = EDGE_LOOP('',(#8733,#8734,#8735,#8758));
#8733 = ORIENTED_EDGE('',*,*,#1825,.T.);
#8734 = ORIENTED_EDGE('',*,*,#8661,.T.);
#8735 = ORIENTED_EDGE('',*,*,#8736,.T.);
#8736 = EDGE_CURVE('',#8639,#8737,#8739,.T.);
#8737 = VERTEX_POINT('',#8738);
#8738 = CARTESIAN_POINT('',(21.89140625,5.22109375,4.6));
#8739 = SURFACE_CURVE('',#8740,(#8744,#8751),.PCURVE_S1.);
#8740 = B_SPLINE_CURVE_WITH_KNOTS('',2,(#8741,#8742,#8743),
  .UNSPECIFIED.,.F.,.F.,(3,3),(0.,1.),.PIECEWISE_BEZIER_KNOTS.);
#8741 = CARTESIAN_POINT('',(21.4203125,5.43046875,4.6));
#8742 = CARTESIAN_POINT('',(21.6953125,5.43046875,4.6));
#8743 = CARTESIAN_POINT('',(21.89140625,5.22109375,4.6));
#8744 = PCURVE('',#1855,#8745);
#8745 = DEFINITIONAL_REPRESENTATION('',(#8746),#8750);
#8746 = LINE('',#8747,#8748);
#8747 = CARTESIAN_POINT('',(0.,-0.65));
#8748 = VECTOR('',#8749,1.);
#8749 = DIRECTION('',(1.,0.));
#8750 = ( GEOMETRIC_REPRESENTATION_CONTEXT(2) 
PARAMETRIC_REPRESENTATION_CONTEXT() REPRESENTATION_CONTEXT('2D SPACE',''
  ) );
#8751 = PCURVE('',#8208,#8752);
#8752 = DEFINITIONAL_REPRESENTATION('',(#8753),#8757);
#8753 = B_SPLINE_CURVE_WITH_KNOTS('',2,(#8754,#8755,#8756),
  .UNSPECIFIED.,.F.,.F.,(3,3),(0.,1.),.PIECEWISE_BEZIER_KNOTS.);
#8754 = CARTESIAN_POINT('',(0.9984375,1.4875));
#8755 = CARTESIAN_POINT('',(1.2734375,1.4875));
#8756 = CARTESIAN_POINT('',(1.46953125,1.278125));
#8757 = ( GEOMETRIC_REPRESENTATION_CONTEXT(2) 
PARAMETRIC_REPRESENTATION_CONTEXT() REPRESENTATION_CONTEXT('2D SPACE',''
  ) );
#8758 = ORIENTED_EDGE('',*,*,#8759,.F.);
#8759 = EDGE_CURVE('',#1826,#8737,#8760,.T.);
#8760 = SURFACE_CURVE('',#8761,(#8765,#8772),.PCURVE_S1.);
#8761 = LINE('',#8762,#8763);
#8762 = CARTESIAN_POINT('',(21.89140625,5.22109375,3.95));
#8763 = VECTOR('',#8764,1.);
#8764 = DIRECTION('',(0.,0.,1.));
#8765 = PCURVE('',#1855,#8766);
#8766 = DEFINITIONAL_REPRESENTATION('',(#8767),#8771);
#8767 = LINE('',#8768,#8769);
#8768 = CARTESIAN_POINT('',(1.,0.));
#8769 = VECTOR('',#8770,1.);
#8770 = DIRECTION('',(0.,-1.));
#8771 = ( GEOMETRIC_REPRESENTATION_CONTEXT(2) 
PARAMETRIC_REPRESENTATION_CONTEXT() REPRESENTATION_CONTEXT('2D SPACE',''
  ) );
#8772 = PCURVE('',#1906,#8773);
#8773 = DEFINITIONAL_REPRESENTATION('',(#8774),#8778);
#8774 = LINE('',#8775,#8776);
#8775 = CARTESIAN_POINT('',(0.,0.));
#8776 = VECTOR('',#8777,1.);
#8777 = DIRECTION('',(0.,-1.));
#8778 = ( GEOMETRIC_REPRESENTATION_CONTEXT(2) 
PARAMETRIC_REPRESENTATION_CONTEXT() REPRESENTATION_CONTEXT('2D SPACE',''
  ) );
#8779 = ADVANCED_FACE('',(#8780),#2065,.T.);
#8780 = FACE_BOUND('',#8781,.T.);
#8781 = EDGE_LOOP('',(#8782,#8783,#8806,#8827));
#8782 = ORIENTED_EDGE('',*,*,#2035,.T.);
#8783 = ORIENTED_EDGE('',*,*,#8784,.T.);
#8784 = EDGE_CURVE('',#1985,#8785,#8787,.T.);
#8785 = VERTEX_POINT('',#8786);
#8786 = CARTESIAN_POINT('',(21.3515625,3.90390625,4.6));
#8787 = SURFACE_CURVE('',#8788,(#8792,#8799),.PCURVE_S1.);
#8788 = LINE('',#8789,#8790);
#8789 = CARTESIAN_POINT('',(21.3515625,3.90390625,3.95));
#8790 = VECTOR('',#8791,1.);
#8791 = DIRECTION('',(0.,0.,1.));
#8792 = PCURVE('',#2065,#8793);
#8793 = DEFINITIONAL_REPRESENTATION('',(#8794),#8798);
#8794 = LINE('',#8795,#8796);
#8795 = CARTESIAN_POINT('',(0.,0.));
#8796 = VECTOR('',#8797,1.);
#8797 = DIRECTION('',(0.,-1.));
#8798 = ( GEOMETRIC_REPRESENTATION_CONTEXT(2) 
PARAMETRIC_REPRESENTATION_CONTEXT() REPRESENTATION_CONTEXT('2D SPACE',''
  ) );
#8799 = PCURVE('',#2014,#8800);
#8800 = DEFINITIONAL_REPRESENTATION('',(#8801),#8805);
#8801 = LINE('',#8802,#8803);
#8802 = CARTESIAN_POINT('',(1.,0.));
#8803 = VECTOR('',#8804,1.);
#8804 = DIRECTION('',(0.,-1.));
#8805 = ( GEOMETRIC_REPRESENTATION_CONTEXT(2) 
PARAMETRIC_REPRESENTATION_CONTEXT() REPRESENTATION_CONTEXT('2D SPACE',''
  ) );
#8806 = ORIENTED_EDGE('',*,*,#8807,.T.);
#8807 = EDGE_CURVE('',#8785,#8687,#8808,.T.);
#8808 = SURFACE_CURVE('',#8809,(#8813,#8820),.PCURVE_S1.);
#8809 = B_SPLINE_CURVE_WITH_KNOTS('',2,(#8810,#8811,#8812),
  .UNSPECIFIED.,.F.,.F.,(3,3),(0.,1.),.PIECEWISE_BEZIER_KNOTS.);
#8810 = CARTESIAN_POINT('',(21.3515625,3.90390625,4.6));
#8811 = CARTESIAN_POINT('',(21.0046875,3.90390625,4.6));
#8812 = CARTESIAN_POINT('',(20.78125,4.1734375,4.6));
#8813 = PCURVE('',#2065,#8814);
#8814 = DEFINITIONAL_REPRESENTATION('',(#8815),#8819);
#8815 = LINE('',#8816,#8817);
#8816 = CARTESIAN_POINT('',(0.,-0.65));
#8817 = VECTOR('',#8818,1.);
#8818 = DIRECTION('',(1.,0.));
#8819 = ( GEOMETRIC_REPRESENTATION_CONTEXT(2) 
PARAMETRIC_REPRESENTATION_CONTEXT() REPRESENTATION_CONTEXT('2D SPACE',''
  ) );
#8820 = PCURVE('',#8208,#8821);
#8821 = DEFINITIONAL_REPRESENTATION('',(#8822),#8826);
#8822 = B_SPLINE_CURVE_WITH_KNOTS('',2,(#8823,#8824,#8825),
  .UNSPECIFIED.,.F.,.F.,(3,3),(0.,1.),.PIECEWISE_BEZIER_KNOTS.);
#8823 = CARTESIAN_POINT('',(0.9296875,-3.90625E-02));
#8824 = CARTESIAN_POINT('',(0.5828125,-3.90625E-02));
#8825 = CARTESIAN_POINT('',(0.359375,0.23046875));
#8826 = ( GEOMETRIC_REPRESENTATION_CONTEXT(2) 
PARAMETRIC_REPRESENTATION_CONTEXT() REPRESENTATION_CONTEXT('2D SPACE',''
  ) );
#8827 = ORIENTED_EDGE('',*,*,#8686,.F.);
#8828 = ADVANCED_FACE('',(#8829),#1906,.T.);
#8829 = FACE_BOUND('',#8830,.T.);
#8830 = EDGE_LOOP('',(#8831,#8832,#8833,#8856));
#8831 = ORIENTED_EDGE('',*,*,#1876,.T.);
#8832 = ORIENTED_EDGE('',*,*,#8759,.T.);
#8833 = ORIENTED_EDGE('',*,*,#8834,.T.);
#8834 = EDGE_CURVE('',#8737,#8835,#8837,.T.);
#8835 = VERTEX_POINT('',#8836);
#8836 = CARTESIAN_POINT('',(22.0875,4.68046875,4.6));
#8837 = SURFACE_CURVE('',#8838,(#8842,#8849),.PCURVE_S1.);
#8838 = B_SPLINE_CURVE_WITH_KNOTS('',2,(#8839,#8840,#8841),
  .UNSPECIFIED.,.F.,.F.,(3,3),(0.,1.),.PIECEWISE_BEZIER_KNOTS.);
#8839 = CARTESIAN_POINT('',(21.89140625,5.22109375,4.6));
#8840 = CARTESIAN_POINT('',(22.0875,5.01171875,4.6));
#8841 = CARTESIAN_POINT('',(22.0875,4.68046875,4.6));
#8842 = PCURVE('',#1906,#8843);
#8843 = DEFINITIONAL_REPRESENTATION('',(#8844),#8848);
#8844 = LINE('',#8845,#8846);
#8845 = CARTESIAN_POINT('',(0.,-0.65));
#8846 = VECTOR('',#8847,1.);
#8847 = DIRECTION('',(1.,0.));
#8848 = ( GEOMETRIC_REPRESENTATION_CONTEXT(2) 
PARAMETRIC_REPRESENTATION_CONTEXT() REPRESENTATION_CONTEXT('2D SPACE',''
  ) );
#8849 = PCURVE('',#8208,#8850);
#8850 = DEFINITIONAL_REPRESENTATION('',(#8851),#8855);
#8851 = B_SPLINE_CURVE_WITH_KNOTS('',2,(#8852,#8853,#8854),
  .UNSPECIFIED.,.F.,.F.,(3,3),(0.,1.),.PIECEWISE_BEZIER_KNOTS.);
#8852 = CARTESIAN_POINT('',(1.46953125,1.278125));
#8853 = CARTESIAN_POINT('',(1.665625,1.06875));
#8854 = CARTESIAN_POINT('',(1.665625,0.7375));
#8855 = ( GEOMETRIC_REPRESENTATION_CONTEXT(2) 
PARAMETRIC_REPRESENTATION_CONTEXT() REPRESENTATION_CONTEXT('2D SPACE',''
  ) );
#8856 = ORIENTED_EDGE('',*,*,#8857,.F.);
#8857 = EDGE_CURVE('',#1877,#8835,#8858,.T.);
#8858 = SURFACE_CURVE('',#8859,(#8863,#8870),.PCURVE_S1.);
#8859 = LINE('',#8860,#8861);
#8860 = CARTESIAN_POINT('',(22.0875,4.68046875,3.95));
#8861 = VECTOR('',#8862,1.);
#8862 = DIRECTION('',(0.,0.,1.));
#8863 = PCURVE('',#1906,#8864);
#8864 = DEFINITIONAL_REPRESENTATION('',(#8865),#8869);
#8865 = LINE('',#8866,#8867);
#8866 = CARTESIAN_POINT('',(1.,0.));
#8867 = VECTOR('',#8868,1.);
#8868 = DIRECTION('',(0.,-1.));
#8869 = ( GEOMETRIC_REPRESENTATION_CONTEXT(2) 
PARAMETRIC_REPRESENTATION_CONTEXT() REPRESENTATION_CONTEXT('2D SPACE',''
  ) );
#8870 = PCURVE('',#1961,#8871);
#8871 = DEFINITIONAL_REPRESENTATION('',(#8872),#8876);
#8872 = LINE('',#8873,#8874);
#8873 = CARTESIAN_POINT('',(0.,0.));
#8874 = VECTOR('',#8875,1.);
#8875 = DIRECTION('',(0.,-1.));
#8876 = ( GEOMETRIC_REPRESENTATION_CONTEXT(2) 
PARAMETRIC_REPRESENTATION_CONTEXT() REPRESENTATION_CONTEXT('2D SPACE',''
  ) );
#8877 = ADVANCED_FACE('',(#8878),#2014,.T.);
#8878 = FACE_BOUND('',#8879,.T.);
#8879 = EDGE_LOOP('',(#8880,#8881,#8904,#8925));
#8880 = ORIENTED_EDGE('',*,*,#1984,.T.);
#8881 = ORIENTED_EDGE('',*,*,#8882,.T.);
#8882 = EDGE_CURVE('',#1928,#8883,#8885,.T.);
#8883 = VERTEX_POINT('',#8884);
#8884 = CARTESIAN_POINT('',(21.88125,4.11640625,4.6));
#8885 = SURFACE_CURVE('',#8886,(#8890,#8897),.PCURVE_S1.);
#8886 = LINE('',#8887,#8888);
#8887 = CARTESIAN_POINT('',(21.88125,4.11640625,3.95));
#8888 = VECTOR('',#8889,1.);
#8889 = DIRECTION('',(0.,0.,1.));
#8890 = PCURVE('',#2014,#8891);
#8891 = DEFINITIONAL_REPRESENTATION('',(#8892),#8896);
#8892 = LINE('',#8893,#8894);
#8893 = CARTESIAN_POINT('',(0.,0.));
#8894 = VECTOR('',#8895,1.);
#8895 = DIRECTION('',(0.,-1.));
#8896 = ( GEOMETRIC_REPRESENTATION_CONTEXT(2) 
PARAMETRIC_REPRESENTATION_CONTEXT() REPRESENTATION_CONTEXT('2D SPACE',''
  ) );
#8897 = PCURVE('',#1961,#8898);
#8898 = DEFINITIONAL_REPRESENTATION('',(#8899),#8903);
#8899 = LINE('',#8900,#8901);
#8900 = CARTESIAN_POINT('',(1.,0.));
#8901 = VECTOR('',#8902,1.);
#8902 = DIRECTION('',(0.,-1.));
#8903 = ( GEOMETRIC_REPRESENTATION_CONTEXT(2) 
PARAMETRIC_REPRESENTATION_CONTEXT() REPRESENTATION_CONTEXT('2D SPACE',''
  ) );
#8904 = ORIENTED_EDGE('',*,*,#8905,.T.);
#8905 = EDGE_CURVE('',#8883,#8785,#8906,.T.);
#8906 = SURFACE_CURVE('',#8907,(#8911,#8918),.PCURVE_S1.);
#8907 = B_SPLINE_CURVE_WITH_KNOTS('',2,(#8908,#8909,#8910),
  .UNSPECIFIED.,.F.,.F.,(3,3),(0.,1.),.PIECEWISE_BEZIER_KNOTS.);
#8908 = CARTESIAN_POINT('',(21.88125,4.11640625,4.6));
#8909 = CARTESIAN_POINT('',(21.675,3.90390625,4.6));
#8910 = CARTESIAN_POINT('',(21.3515625,3.90390625,4.6));
#8911 = PCURVE('',#2014,#8912);
#8912 = DEFINITIONAL_REPRESENTATION('',(#8913),#8917);
#8913 = LINE('',#8914,#8915);
#8914 = CARTESIAN_POINT('',(0.,-0.65));
#8915 = VECTOR('',#8916,1.);
#8916 = DIRECTION('',(1.,0.));
#8917 = ( GEOMETRIC_REPRESENTATION_CONTEXT(2) 
PARAMETRIC_REPRESENTATION_CONTEXT() REPRESENTATION_CONTEXT('2D SPACE',''
  ) );
#8918 = PCURVE('',#8208,#8919);
#8919 = DEFINITIONAL_REPRESENTATION('',(#8920),#8924);
#8920 = B_SPLINE_CURVE_WITH_KNOTS('',2,(#8921,#8922,#8923),
  .UNSPECIFIED.,.F.,.F.,(3,3),(0.,1.),.PIECEWISE_BEZIER_KNOTS.);
#8921 = CARTESIAN_POINT('',(1.459375,0.1734375));
#8922 = CARTESIAN_POINT('',(1.253125,-3.90625E-02));
#8923 = CARTESIAN_POINT('',(0.9296875,-3.90625E-02));
#8924 = ( GEOMETRIC_REPRESENTATION_CONTEXT(2) 
PARAMETRIC_REPRESENTATION_CONTEXT() REPRESENTATION_CONTEXT('2D SPACE',''
  ) );
#8925 = ORIENTED_EDGE('',*,*,#8784,.F.);
#8926 = ADVANCED_FACE('',(#8927),#1961,.T.);
#8927 = FACE_BOUND('',#8928,.T.);
#8928 = EDGE_LOOP('',(#8929,#8930,#8931,#8952));
#8929 = ORIENTED_EDGE('',*,*,#1927,.T.);
#8930 = ORIENTED_EDGE('',*,*,#8857,.T.);
#8931 = ORIENTED_EDGE('',*,*,#8932,.T.);
#8932 = EDGE_CURVE('',#8835,#8883,#8933,.T.);
#8933 = SURFACE_CURVE('',#8934,(#8938,#8945),.PCURVE_S1.);
#8934 = B_SPLINE_CURVE_WITH_KNOTS('',2,(#8935,#8936,#8937),
  .UNSPECIFIED.,.F.,.F.,(3,3),(0.,1.),.PIECEWISE_BEZIER_KNOTS.);
#8935 = CARTESIAN_POINT('',(22.0875,4.68046875,4.6));
#8936 = CARTESIAN_POINT('',(22.0875,4.32890625,4.6));
#8937 = CARTESIAN_POINT('',(21.88125,4.11640625,4.6));
#8938 = PCURVE('',#1961,#8939);
#8939 = DEFINITIONAL_REPRESENTATION('',(#8940),#8944);
#8940 = LINE('',#8941,#8942);
#8941 = CARTESIAN_POINT('',(0.,-0.65));
#8942 = VECTOR('',#8943,1.);
#8943 = DIRECTION('',(1.,0.));
#8944 = ( GEOMETRIC_REPRESENTATION_CONTEXT(2) 
PARAMETRIC_REPRESENTATION_CONTEXT() REPRESENTATION_CONTEXT('2D SPACE',''
  ) );
#8945 = PCURVE('',#8208,#8946);
#8946 = DEFINITIONAL_REPRESENTATION('',(#8947),#8951);
#8947 = B_SPLINE_CURVE_WITH_KNOTS('',2,(#8948,#8949,#8950),
  .UNSPECIFIED.,.F.,.F.,(3,3),(0.,1.),.PIECEWISE_BEZIER_KNOTS.);
#8948 = CARTESIAN_POINT('',(1.665625,0.7375));
#8949 = CARTESIAN_POINT('',(1.665625,0.3859375));
#8950 = CARTESIAN_POINT('',(1.459375,0.1734375));
#8951 = ( GEOMETRIC_REPRESENTATION_CONTEXT(2) 
PARAMETRIC_REPRESENTATION_CONTEXT() REPRESENTATION_CONTEXT('2D SPACE',''
  ) );
#8952 = ORIENTED_EDGE('',*,*,#8882,.F.);
#8953 = ADVANCED_FACE('',(#8954),#2358,.T.);
#8954 = FACE_BOUND('',#8955,.T.);
#8955 = EDGE_LOOP('',(#8956,#8957,#8980,#9008));
#8956 = ORIENTED_EDGE('',*,*,#2341,.T.);
#8957 = ORIENTED_EDGE('',*,*,#8958,.T.);
#8958 = EDGE_CURVE('',#2344,#8959,#8961,.T.);
#8959 = VERTEX_POINT('',#8960);
#8960 = CARTESIAN_POINT('',(41.009375,3.94296875,4.6));
#8961 = SURFACE_CURVE('',#8962,(#8966,#8973),.PCURVE_S1.);
#8962 = LINE('',#8963,#8964);
#8963 = CARTESIAN_POINT('',(41.009375,3.94296875,3.95));
#8964 = VECTOR('',#8965,1.);
#8965 = DIRECTION('',(0.,0.,1.));
#8966 = PCURVE('',#2358,#8967);
#8967 = DEFINITIONAL_REPRESENTATION('',(#8968),#8972);
#8968 = LINE('',#8969,#8970);
#8969 = CARTESIAN_POINT('',(0.,-0.));
#8970 = VECTOR('',#8971,1.);
#8971 = DIRECTION('',(0.,-1.));
#8972 = ( GEOMETRIC_REPRESENTATION_CONTEXT(2) 
PARAMETRIC_REPRESENTATION_CONTEXT() REPRESENTATION_CONTEXT('2D SPACE',''
  ) );
#8973 = PCURVE('',#2538,#8974);
#8974 = DEFINITIONAL_REPRESENTATION('',(#8975),#8979);
#8975 = LINE('',#8976,#8977);
#8976 = CARTESIAN_POINT('',(1.903125,0.));
#8977 = VECTOR('',#8978,1.);
#8978 = DIRECTION('',(0.,-1.));
#8979 = ( GEOMETRIC_REPRESENTATION_CONTEXT(2) 
PARAMETRIC_REPRESENTATION_CONTEXT() REPRESENTATION_CONTEXT('2D SPACE',''
  ) );
#8980 = ORIENTED_EDGE('',*,*,#8981,.T.);
#8981 = EDGE_CURVE('',#8959,#8982,#8984,.T.);
#8982 = VERTEX_POINT('',#8983);
#8983 = CARTESIAN_POINT('',(40.546875,3.94296875,4.6));
#8984 = SURFACE_CURVE('',#8985,(#8989,#8996),.PCURVE_S1.);
#8985 = LINE('',#8986,#8987);
#8986 = CARTESIAN_POINT('',(41.009375,3.94296875,4.6));
#8987 = VECTOR('',#8988,1.);
#8988 = DIRECTION('',(-1.,0.,0.));
#8989 = PCURVE('',#2358,#8990);
#8990 = DEFINITIONAL_REPRESENTATION('',(#8991),#8995);
#8991 = LINE('',#8992,#8993);
#8992 = CARTESIAN_POINT('',(0.,-0.65));
#8993 = VECTOR('',#8994,1.);
#8994 = DIRECTION('',(1.,0.));
#8995 = ( GEOMETRIC_REPRESENTATION_CONTEXT(2) 
PARAMETRIC_REPRESENTATION_CONTEXT() REPRESENTATION_CONTEXT('2D SPACE',''
  ) );
#8996 = PCURVE('',#8997,#9002);
#8997 = PLANE('',#8998);
#8998 = AXIS2_PLACEMENT_3D('',#8999,#9000,#9001);
#8999 = CARTESIAN_POINT('',(39.7984375,3.94296875,4.6));
#9000 = DIRECTION('',(0.,0.,1.));
#9001 = DIRECTION('',(1.,0.,0.));
#9002 = DEFINITIONAL_REPRESENTATION('',(#9003),#9007);
#9003 = LINE('',#9004,#9005);
#9004 = CARTESIAN_POINT('',(1.2109375,0.));
#9005 = VECTOR('',#9006,1.);
#9006 = DIRECTION('',(-1.,0.));
#9007 = ( GEOMETRIC_REPRESENTATION_CONTEXT(2) 
PARAMETRIC_REPRESENTATION_CONTEXT() REPRESENTATION_CONTEXT('2D SPACE',''
  ) );
#9008 = ORIENTED_EDGE('',*,*,#9009,.F.);
#9009 = EDGE_CURVE('',#2342,#8982,#9010,.T.);
#9010 = SURFACE_CURVE('',#9011,(#9015,#9022),.PCURVE_S1.);
#9011 = LINE('',#9012,#9013);
#9012 = CARTESIAN_POINT('',(40.546875,3.94296875,3.95));
#9013 = VECTOR('',#9014,1.);
#9014 = DIRECTION('',(0.,0.,1.));
#9015 = PCURVE('',#2358,#9016);
#9016 = DEFINITIONAL_REPRESENTATION('',(#9017),#9021);
#9017 = LINE('',#9018,#9019);
#9018 = CARTESIAN_POINT('',(0.4625,0.));
#9019 = VECTOR('',#9020,1.);
#9020 = DIRECTION('',(0.,-1.));
#9021 = ( GEOMETRIC_REPRESENTATION_CONTEXT(2) 
PARAMETRIC_REPRESENTATION_CONTEXT() REPRESENTATION_CONTEXT('2D SPACE',''
  ) );
#9022 = PCURVE('',#2384,#9023);
#9023 = DEFINITIONAL_REPRESENTATION('',(#9024),#9028);
#9024 = LINE('',#9025,#9026);
#9025 = CARTESIAN_POINT('',(0.,0.));
#9026 = VECTOR('',#9027,1.);
#9027 = DIRECTION('',(0.,-1.));
#9028 = ( GEOMETRIC_REPRESENTATION_CONTEXT(2) 
PARAMETRIC_REPRESENTATION_CONTEXT() REPRESENTATION_CONTEXT('2D SPACE',''
  ) );
#9029 = ADVANCED_FACE('',(#9030),#2384,.T.);
#9030 = FACE_BOUND('',#9031,.T.);
#9031 = EDGE_LOOP('',(#9032,#9033,#9034,#9057));
#9032 = ORIENTED_EDGE('',*,*,#2369,.T.);
#9033 = ORIENTED_EDGE('',*,*,#9009,.T.);
#9034 = ORIENTED_EDGE('',*,*,#9035,.T.);
#9035 = EDGE_CURVE('',#8982,#9036,#9038,.T.);
#9036 = VERTEX_POINT('',#9037);
#9037 = CARTESIAN_POINT('',(40.546875,5.84609375,4.6));
#9038 = SURFACE_CURVE('',#9039,(#9043,#9050),.PCURVE_S1.);
#9039 = LINE('',#9040,#9041);
#9040 = CARTESIAN_POINT('',(40.546875,3.94296875,4.6));
#9041 = VECTOR('',#9042,1.);
#9042 = DIRECTION('',(0.,1.,0.));
#9043 = PCURVE('',#2384,#9044);
#9044 = DEFINITIONAL_REPRESENTATION('',(#9045),#9049);
#9045 = LINE('',#9046,#9047);
#9046 = CARTESIAN_POINT('',(0.,-0.65));
#9047 = VECTOR('',#9048,1.);
#9048 = DIRECTION('',(1.,0.));
#9049 = ( GEOMETRIC_REPRESENTATION_CONTEXT(2) 
PARAMETRIC_REPRESENTATION_CONTEXT() REPRESENTATION_CONTEXT('2D SPACE',''
  ) );
#9050 = PCURVE('',#8997,#9051);
#9051 = DEFINITIONAL_REPRESENTATION('',(#9052),#9056);
#9052 = LINE('',#9053,#9054);
#9053 = CARTESIAN_POINT('',(0.7484375,0.));
#9054 = VECTOR('',#9055,1.);
#9055 = DIRECTION('',(0.,1.));
#9056 = ( GEOMETRIC_REPRESENTATION_CONTEXT(2) 
PARAMETRIC_REPRESENTATION_CONTEXT() REPRESENTATION_CONTEXT('2D SPACE',''
  ) );
#9057 = ORIENTED_EDGE('',*,*,#9058,.F.);
#9058 = EDGE_CURVE('',#2370,#9036,#9059,.T.);
#9059 = SURFACE_CURVE('',#9060,(#9064,#9071),.PCURVE_S1.);
#9060 = LINE('',#9061,#9062);
#9061 = CARTESIAN_POINT('',(40.546875,5.84609375,3.95));
#9062 = VECTOR('',#9063,1.);
#9063 = DIRECTION('',(0.,0.,1.));
#9064 = PCURVE('',#2384,#9065);
#9065 = DEFINITIONAL_REPRESENTATION('',(#9066),#9070);
#9066 = LINE('',#9067,#9068);
#9067 = CARTESIAN_POINT('',(1.903125,0.));
#9068 = VECTOR('',#9069,1.);
#9069 = DIRECTION('',(0.,-1.));
#9070 = ( GEOMETRIC_REPRESENTATION_CONTEXT(2) 
PARAMETRIC_REPRESENTATION_CONTEXT() REPRESENTATION_CONTEXT('2D SPACE',''
  ) );
#9071 = PCURVE('',#2410,#9072);
#9072 = DEFINITIONAL_REPRESENTATION('',(#9073),#9077);
#9073 = LINE('',#9074,#9075);
#9074 = CARTESIAN_POINT('',(0.,-0.));
#9075 = VECTOR('',#9076,1.);
#9076 = DIRECTION('',(0.,-1.));
#9077 = ( GEOMETRIC_REPRESENTATION_CONTEXT(2) 
PARAMETRIC_REPRESENTATION_CONTEXT() REPRESENTATION_CONTEXT('2D SPACE',''
  ) );
#9078 = ADVANCED_FACE('',(#9079),#2538,.T.);
#9079 = FACE_BOUND('',#9080,.T.);
#9080 = EDGE_LOOP('',(#9081,#9082,#9105,#9126));
#9081 = ORIENTED_EDGE('',*,*,#2525,.T.);
#9082 = ORIENTED_EDGE('',*,*,#9083,.T.);
#9083 = EDGE_CURVE('',#2500,#9084,#9086,.T.);
#9084 = VERTEX_POINT('',#9085);
#9085 = CARTESIAN_POINT('',(41.009375,5.84609375,4.6));
#9086 = SURFACE_CURVE('',#9087,(#9091,#9098),.PCURVE_S1.);
#9087 = LINE('',#9088,#9089);
#9088 = CARTESIAN_POINT('',(41.009375,5.84609375,3.95));
#9089 = VECTOR('',#9090,1.);
#9090 = DIRECTION('',(0.,0.,1.));
#9091 = PCURVE('',#2538,#9092);
#9092 = DEFINITIONAL_REPRESENTATION('',(#9093),#9097);
#9093 = LINE('',#9094,#9095);
#9094 = CARTESIAN_POINT('',(0.,0.));
#9095 = VECTOR('',#9096,1.);
#9096 = DIRECTION('',(0.,-1.));
#9097 = ( GEOMETRIC_REPRESENTATION_CONTEXT(2) 
PARAMETRIC_REPRESENTATION_CONTEXT() REPRESENTATION_CONTEXT('2D SPACE',''
  ) );
#9098 = PCURVE('',#2514,#9099);
#9099 = DEFINITIONAL_REPRESENTATION('',(#9100),#9104);
#9100 = LINE('',#9101,#9102);
#9101 = CARTESIAN_POINT('',(0.678125,0.));
#9102 = VECTOR('',#9103,1.);
#9103 = DIRECTION('',(0.,-1.));
#9104 = ( GEOMETRIC_REPRESENTATION_CONTEXT(2) 
PARAMETRIC_REPRESENTATION_CONTEXT() REPRESENTATION_CONTEXT('2D SPACE',''
  ) );
#9105 = ORIENTED_EDGE('',*,*,#9106,.T.);
#9106 = EDGE_CURVE('',#9084,#8959,#9107,.T.);
#9107 = SURFACE_CURVE('',#9108,(#9112,#9119),.PCURVE_S1.);
#9108 = LINE('',#9109,#9110);
#9109 = CARTESIAN_POINT('',(41.009375,5.84609375,4.6));
#9110 = VECTOR('',#9111,1.);
#9111 = DIRECTION('',(0.,-1.,0.));
#9112 = PCURVE('',#2538,#9113);
#9113 = DEFINITIONAL_REPRESENTATION('',(#9114),#9118);
#9114 = LINE('',#9115,#9116);
#9115 = CARTESIAN_POINT('',(0.,-0.65));
#9116 = VECTOR('',#9117,1.);
#9117 = DIRECTION('',(1.,0.));
#9118 = ( GEOMETRIC_REPRESENTATION_CONTEXT(2) 
PARAMETRIC_REPRESENTATION_CONTEXT() REPRESENTATION_CONTEXT('2D SPACE',''
  ) );
#9119 = PCURVE('',#8997,#9120);
#9120 = DEFINITIONAL_REPRESENTATION('',(#9121),#9125);
#9121 = LINE('',#9122,#9123);
#9122 = CARTESIAN_POINT('',(1.2109375,1.903125));
#9123 = VECTOR('',#9124,1.);
#9124 = DIRECTION('',(0.,-1.));
#9125 = ( GEOMETRIC_REPRESENTATION_CONTEXT(2) 
PARAMETRIC_REPRESENTATION_CONTEXT() REPRESENTATION_CONTEXT('2D SPACE',''
  ) );
#9126 = ORIENTED_EDGE('',*,*,#8958,.F.);
#9127 = ADVANCED_FACE('',(#9128),#2410,.T.);
#9128 = FACE_BOUND('',#9129,.T.);
#9129 = EDGE_LOOP('',(#9130,#9131,#9132,#9155));
#9130 = ORIENTED_EDGE('',*,*,#2395,.T.);
#9131 = ORIENTED_EDGE('',*,*,#9058,.T.);
#9132 = ORIENTED_EDGE('',*,*,#9133,.T.);
#9133 = EDGE_CURVE('',#9036,#9134,#9136,.T.);
#9134 = VERTEX_POINT('',#9135);
#9135 = CARTESIAN_POINT('',(39.8671875,5.84609375,4.6));
#9136 = SURFACE_CURVE('',#9137,(#9141,#9148),.PCURVE_S1.);
#9137 = LINE('',#9138,#9139);
#9138 = CARTESIAN_POINT('',(40.546875,5.84609375,4.6));
#9139 = VECTOR('',#9140,1.);
#9140 = DIRECTION('',(-1.,0.,0.));
#9141 = PCURVE('',#2410,#9142);
#9142 = DEFINITIONAL_REPRESENTATION('',(#9143),#9147);
#9143 = LINE('',#9144,#9145);
#9144 = CARTESIAN_POINT('',(0.,-0.65));
#9145 = VECTOR('',#9146,1.);
#9146 = DIRECTION('',(1.,0.));
#9147 = ( GEOMETRIC_REPRESENTATION_CONTEXT(2) 
PARAMETRIC_REPRESENTATION_CONTEXT() REPRESENTATION_CONTEXT('2D SPACE',''
  ) );
#9148 = PCURVE('',#8997,#9149);
#9149 = DEFINITIONAL_REPRESENTATION('',(#9150),#9154);
#9150 = LINE('',#9151,#9152);
#9151 = CARTESIAN_POINT('',(0.7484375,1.903125));
#9152 = VECTOR('',#9153,1.);
#9153 = DIRECTION('',(-1.,0.));
#9154 = ( GEOMETRIC_REPRESENTATION_CONTEXT(2) 
PARAMETRIC_REPRESENTATION_CONTEXT() REPRESENTATION_CONTEXT('2D SPACE',''
  ) );
#9155 = ORIENTED_EDGE('',*,*,#9156,.F.);
#9156 = EDGE_CURVE('',#2396,#9134,#9157,.T.);
#9157 = SURFACE_CURVE('',#9158,(#9162,#9169),.PCURVE_S1.);
#9158 = LINE('',#9159,#9160);
#9159 = CARTESIAN_POINT('',(39.8671875,5.84609375,3.95));
#9160 = VECTOR('',#9161,1.);
#9161 = DIRECTION('',(0.,0.,1.));
#9162 = PCURVE('',#2410,#9163);
#9163 = DEFINITIONAL_REPRESENTATION('',(#9164),#9168);
#9164 = LINE('',#9165,#9166);
#9165 = CARTESIAN_POINT('',(0.6796875,0.));
#9166 = VECTOR('',#9167,1.);
#9167 = DIRECTION('',(0.,-1.));
#9168 = ( GEOMETRIC_REPRESENTATION_CONTEXT(2) 
PARAMETRIC_REPRESENTATION_CONTEXT() REPRESENTATION_CONTEXT('2D SPACE',''
  ) );
#9169 = PCURVE('',#2436,#9170);
#9170 = DEFINITIONAL_REPRESENTATION('',(#9171),#9175);
#9171 = LINE('',#9172,#9173);
#9172 = CARTESIAN_POINT('',(0.,0.));
#9173 = VECTOR('',#9174,1.);
#9174 = DIRECTION('',(0.,-1.));
#9175 = ( GEOMETRIC_REPRESENTATION_CONTEXT(2) 
PARAMETRIC_REPRESENTATION_CONTEXT() REPRESENTATION_CONTEXT('2D SPACE',''
  ) );
#9176 = ADVANCED_FACE('',(#9177),#2514,.T.);
#9177 = FACE_BOUND('',#9178,.T.);
#9178 = EDGE_LOOP('',(#9179,#9180,#9203,#9224));
#9179 = ORIENTED_EDGE('',*,*,#2499,.T.);
#9180 = ORIENTED_EDGE('',*,*,#9181,.T.);
#9181 = EDGE_CURVE('',#2474,#9182,#9184,.T.);
#9182 = VERTEX_POINT('',#9183);
#9183 = CARTESIAN_POINT('',(41.6875,5.84609375,4.6));
#9184 = SURFACE_CURVE('',#9185,(#9189,#9196),.PCURVE_S1.);
#9185 = LINE('',#9186,#9187);
#9186 = CARTESIAN_POINT('',(41.6875,5.84609375,3.95));
#9187 = VECTOR('',#9188,1.);
#9188 = DIRECTION('',(0.,0.,1.));
#9189 = PCURVE('',#2514,#9190);
#9190 = DEFINITIONAL_REPRESENTATION('',(#9191),#9195);
#9191 = LINE('',#9192,#9193);
#9192 = CARTESIAN_POINT('',(0.,-0.));
#9193 = VECTOR('',#9194,1.);
#9194 = DIRECTION('',(0.,-1.));
#9195 = ( GEOMETRIC_REPRESENTATION_CONTEXT(2) 
PARAMETRIC_REPRESENTATION_CONTEXT() REPRESENTATION_CONTEXT('2D SPACE',''
  ) );
#9196 = PCURVE('',#2488,#9197);
#9197 = DEFINITIONAL_REPRESENTATION('',(#9198),#9202);
#9198 = LINE('',#9199,#9200);
#9199 = CARTESIAN_POINT('',(0.3875,0.));
#9200 = VECTOR('',#9201,1.);
#9201 = DIRECTION('',(0.,-1.));
#9202 = ( GEOMETRIC_REPRESENTATION_CONTEXT(2) 
PARAMETRIC_REPRESENTATION_CONTEXT() REPRESENTATION_CONTEXT('2D SPACE',''
  ) );
#9203 = ORIENTED_EDGE('',*,*,#9204,.T.);
#9204 = EDGE_CURVE('',#9182,#9084,#9205,.T.);
#9205 = SURFACE_CURVE('',#9206,(#9210,#9217),.PCURVE_S1.);
#9206 = LINE('',#9207,#9208);
#9207 = CARTESIAN_POINT('',(41.6875,5.84609375,4.6));
#9208 = VECTOR('',#9209,1.);
#9209 = DIRECTION('',(-1.,0.,0.));
#9210 = PCURVE('',#2514,#9211);
#9211 = DEFINITIONAL_REPRESENTATION('',(#9212),#9216);
#9212 = LINE('',#9213,#9214);
#9213 = CARTESIAN_POINT('',(0.,-0.65));
#9214 = VECTOR('',#9215,1.);
#9215 = DIRECTION('',(1.,0.));
#9216 = ( GEOMETRIC_REPRESENTATION_CONTEXT(2) 
PARAMETRIC_REPRESENTATION_CONTEXT() REPRESENTATION_CONTEXT('2D SPACE',''
  ) );
#9217 = PCURVE('',#8997,#9218);
#9218 = DEFINITIONAL_REPRESENTATION('',(#9219),#9223);
#9219 = LINE('',#9220,#9221);
#9220 = CARTESIAN_POINT('',(1.8890625,1.903125));
#9221 = VECTOR('',#9222,1.);
#9222 = DIRECTION('',(-1.,0.));
#9223 = ( GEOMETRIC_REPRESENTATION_CONTEXT(2) 
PARAMETRIC_REPRESENTATION_CONTEXT() REPRESENTATION_CONTEXT('2D SPACE',''
  ) );
#9224 = ORIENTED_EDGE('',*,*,#9083,.F.);
#9225 = ADVANCED_FACE('',(#9226),#2436,.T.);
#9226 = FACE_BOUND('',#9227,.T.);
#9227 = EDGE_LOOP('',(#9228,#9229,#9230,#9253));
#9228 = ORIENTED_EDGE('',*,*,#2421,.T.);
#9229 = ORIENTED_EDGE('',*,*,#9156,.T.);
#9230 = ORIENTED_EDGE('',*,*,#9231,.T.);
#9231 = EDGE_CURVE('',#9134,#9232,#9234,.T.);
#9232 = VERTEX_POINT('',#9233);
#9233 = CARTESIAN_POINT('',(39.8671875,6.23359375,4.6));
#9234 = SURFACE_CURVE('',#9235,(#9239,#9246),.PCURVE_S1.);
#9235 = LINE('',#9236,#9237);
#9236 = CARTESIAN_POINT('',(39.8671875,5.84609375,4.6));
#9237 = VECTOR('',#9238,1.);
#9238 = DIRECTION('',(0.,1.,0.));
#9239 = PCURVE('',#2436,#9240);
#9240 = DEFINITIONAL_REPRESENTATION('',(#9241),#9245);
#9241 = LINE('',#9242,#9243);
#9242 = CARTESIAN_POINT('',(0.,-0.65));
#9243 = VECTOR('',#9244,1.);
#9244 = DIRECTION('',(1.,0.));
#9245 = ( GEOMETRIC_REPRESENTATION_CONTEXT(2) 
PARAMETRIC_REPRESENTATION_CONTEXT() REPRESENTATION_CONTEXT('2D SPACE',''
  ) );
#9246 = PCURVE('',#8997,#9247);
#9247 = DEFINITIONAL_REPRESENTATION('',(#9248),#9252);
#9248 = LINE('',#9249,#9250);
#9249 = CARTESIAN_POINT('',(6.875E-02,1.903125));
#9250 = VECTOR('',#9251,1.);
#9251 = DIRECTION('',(0.,1.));
#9252 = ( GEOMETRIC_REPRESENTATION_CONTEXT(2) 
PARAMETRIC_REPRESENTATION_CONTEXT() REPRESENTATION_CONTEXT('2D SPACE',''
  ) );
#9253 = ORIENTED_EDGE('',*,*,#9254,.F.);
#9254 = EDGE_CURVE('',#2422,#9232,#9255,.T.);
#9255 = SURFACE_CURVE('',#9256,(#9260,#9267),.PCURVE_S1.);
#9256 = LINE('',#9257,#9258);
#9257 = CARTESIAN_POINT('',(39.8671875,6.23359375,3.95));
#9258 = VECTOR('',#9259,1.);
#9259 = DIRECTION('',(0.,0.,1.));
#9260 = PCURVE('',#2436,#9261);
#9261 = DEFINITIONAL_REPRESENTATION('',(#9262),#9266);
#9262 = LINE('',#9263,#9264);
#9263 = CARTESIAN_POINT('',(0.3875,0.));
#9264 = VECTOR('',#9265,1.);
#9265 = DIRECTION('',(0.,-1.));
#9266 = ( GEOMETRIC_REPRESENTATION_CONTEXT(2) 
PARAMETRIC_REPRESENTATION_CONTEXT() REPRESENTATION_CONTEXT('2D SPACE',''
  ) );
#9267 = PCURVE('',#2462,#9268);
#9268 = DEFINITIONAL_REPRESENTATION('',(#9269),#9273);
#9269 = LINE('',#9270,#9271);
#9270 = CARTESIAN_POINT('',(0.,0.));
#9271 = VECTOR('',#9272,1.);
#9272 = DIRECTION('',(0.,-1.));
#9273 = ( GEOMETRIC_REPRESENTATION_CONTEXT(2) 
PARAMETRIC_REPRESENTATION_CONTEXT() REPRESENTATION_CONTEXT('2D SPACE',''
  ) );
#9274 = ADVANCED_FACE('',(#9275),#2488,.T.);
#9275 = FACE_BOUND('',#9276,.T.);
#9276 = EDGE_LOOP('',(#9277,#9278,#9301,#9322));
#9277 = ORIENTED_EDGE('',*,*,#2473,.T.);
#9278 = ORIENTED_EDGE('',*,*,#9279,.T.);
#9279 = EDGE_CURVE('',#2448,#9280,#9282,.T.);
#9280 = VERTEX_POINT('',#9281);
#9281 = CARTESIAN_POINT('',(41.6875,6.23359375,4.6));
#9282 = SURFACE_CURVE('',#9283,(#9287,#9294),.PCURVE_S1.);
#9283 = LINE('',#9284,#9285);
#9284 = CARTESIAN_POINT('',(41.6875,6.23359375,3.95));
#9285 = VECTOR('',#9286,1.);
#9286 = DIRECTION('',(0.,0.,1.));
#9287 = PCURVE('',#2488,#9288);
#9288 = DEFINITIONAL_REPRESENTATION('',(#9289),#9293);
#9289 = LINE('',#9290,#9291);
#9290 = CARTESIAN_POINT('',(0.,0.));
#9291 = VECTOR('',#9292,1.);
#9292 = DIRECTION('',(0.,-1.));
#9293 = ( GEOMETRIC_REPRESENTATION_CONTEXT(2) 
PARAMETRIC_REPRESENTATION_CONTEXT() REPRESENTATION_CONTEXT('2D SPACE',''
  ) );
#9294 = PCURVE('',#2462,#9295);
#9295 = DEFINITIONAL_REPRESENTATION('',(#9296),#9300);
#9296 = LINE('',#9297,#9298);
#9297 = CARTESIAN_POINT('',(1.8203125,0.));
#9298 = VECTOR('',#9299,1.);
#9299 = DIRECTION('',(0.,-1.));
#9300 = ( GEOMETRIC_REPRESENTATION_CONTEXT(2) 
PARAMETRIC_REPRESENTATION_CONTEXT() REPRESENTATION_CONTEXT('2D SPACE',''
  ) );
#9301 = ORIENTED_EDGE('',*,*,#9302,.T.);
#9302 = EDGE_CURVE('',#9280,#9182,#9303,.T.);
#9303 = SURFACE_CURVE('',#9304,(#9308,#9315),.PCURVE_S1.);
#9304 = LINE('',#9305,#9306);
#9305 = CARTESIAN_POINT('',(41.6875,6.23359375,4.6));
#9306 = VECTOR('',#9307,1.);
#9307 = DIRECTION('',(0.,-1.,0.));
#9308 = PCURVE('',#2488,#9309);
#9309 = DEFINITIONAL_REPRESENTATION('',(#9310),#9314);
#9310 = LINE('',#9311,#9312);
#9311 = CARTESIAN_POINT('',(0.,-0.65));
#9312 = VECTOR('',#9313,1.);
#9313 = DIRECTION('',(1.,0.));
#9314 = ( GEOMETRIC_REPRESENTATION_CONTEXT(2) 
PARAMETRIC_REPRESENTATION_CONTEXT() REPRESENTATION_CONTEXT('2D SPACE',''
  ) );
#9315 = PCURVE('',#8997,#9316);
#9316 = DEFINITIONAL_REPRESENTATION('',(#9317),#9321);
#9317 = LINE('',#9318,#9319);
#9318 = CARTESIAN_POINT('',(1.8890625,2.290625));
#9319 = VECTOR('',#9320,1.);
#9320 = DIRECTION('',(0.,-1.));
#9321 = ( GEOMETRIC_REPRESENTATION_CONTEXT(2) 
PARAMETRIC_REPRESENTATION_CONTEXT() REPRESENTATION_CONTEXT('2D SPACE',''
  ) );
#9322 = ORIENTED_EDGE('',*,*,#9181,.F.);
#9323 = ADVANCED_FACE('',(#9324),#2462,.T.);
#9324 = FACE_BOUND('',#9325,.T.);
#9325 = EDGE_LOOP('',(#9326,#9327,#9328,#9349));
#9326 = ORIENTED_EDGE('',*,*,#2447,.T.);
#9327 = ORIENTED_EDGE('',*,*,#9254,.T.);
#9328 = ORIENTED_EDGE('',*,*,#9329,.T.);
#9329 = EDGE_CURVE('',#9232,#9280,#9330,.T.);
#9330 = SURFACE_CURVE('',#9331,(#9335,#9342),.PCURVE_S1.);
#9331 = LINE('',#9332,#9333);
#9332 = CARTESIAN_POINT('',(39.8671875,6.23359375,4.6));
#9333 = VECTOR('',#9334,1.);
#9334 = DIRECTION('',(1.,0.,0.));
#9335 = PCURVE('',#2462,#9336);
#9336 = DEFINITIONAL_REPRESENTATION('',(#9337),#9341);
#9337 = LINE('',#9338,#9339);
#9338 = CARTESIAN_POINT('',(0.,-0.65));
#9339 = VECTOR('',#9340,1.);
#9340 = DIRECTION('',(1.,0.));
#9341 = ( GEOMETRIC_REPRESENTATION_CONTEXT(2) 
PARAMETRIC_REPRESENTATION_CONTEXT() REPRESENTATION_CONTEXT('2D SPACE',''
  ) );
#9342 = PCURVE('',#8997,#9343);
#9343 = DEFINITIONAL_REPRESENTATION('',(#9344),#9348);
#9344 = LINE('',#9345,#9346);
#9345 = CARTESIAN_POINT('',(6.875E-02,2.290625));
#9346 = VECTOR('',#9347,1.);
#9347 = DIRECTION('',(1.,0.));
#9348 = ( GEOMETRIC_REPRESENTATION_CONTEXT(2) 
PARAMETRIC_REPRESENTATION_CONTEXT() REPRESENTATION_CONTEXT('2D SPACE',''
  ) );
#9349 = ORIENTED_EDGE('',*,*,#9279,.F.);
#9350 = ADVANCED_FACE('',(#9351),#2568,.T.);
#9351 = FACE_BOUND('',#9352,.T.);
#9352 = EDGE_LOOP('',(#9353,#9354,#9377,#9405));
#9353 = ORIENTED_EDGE('',*,*,#2551,.T.);
#9354 = ORIENTED_EDGE('',*,*,#9355,.T.);
#9355 = EDGE_CURVE('',#2554,#9356,#9358,.T.);
#9356 = VERTEX_POINT('',#9357);
#9357 = CARTESIAN_POINT('',(41.8734375,4.55078125,4.6));
#9358 = SURFACE_CURVE('',#9359,(#9363,#9370),.PCURVE_S1.);
#9359 = LINE('',#9360,#9361);
#9360 = CARTESIAN_POINT('',(41.8734375,4.55078125,3.95));
#9361 = VECTOR('',#9362,1.);
#9362 = DIRECTION('',(0.,0.,1.));
#9363 = PCURVE('',#2568,#9364);
#9364 = DEFINITIONAL_REPRESENTATION('',(#9365),#9369);
#9365 = LINE('',#9366,#9367);
#9366 = CARTESIAN_POINT('',(0.,0.));
#9367 = VECTOR('',#9368,1.);
#9368 = DIRECTION('',(0.,-1.));
#9369 = ( GEOMETRIC_REPRESENTATION_CONTEXT(2) 
PARAMETRIC_REPRESENTATION_CONTEXT() REPRESENTATION_CONTEXT('2D SPACE',''
  ) );
#9370 = PCURVE('',#3772,#9371);
#9371 = DEFINITIONAL_REPRESENTATION('',(#9372),#9376);
#9372 = LINE('',#9373,#9374);
#9373 = CARTESIAN_POINT('',(1.,0.));
#9374 = VECTOR('',#9375,1.);
#9375 = DIRECTION('',(0.,-1.));
#9376 = ( GEOMETRIC_REPRESENTATION_CONTEXT(2) 
PARAMETRIC_REPRESENTATION_CONTEXT() REPRESENTATION_CONTEXT('2D SPACE',''
  ) );
#9377 = ORIENTED_EDGE('',*,*,#9378,.T.);
#9378 = EDGE_CURVE('',#9356,#9379,#9381,.T.);
#9379 = VERTEX_POINT('',#9380);
#9380 = CARTESIAN_POINT('',(42.2984375,4.60234375,4.6));
#9381 = SURFACE_CURVE('',#9382,(#9386,#9393),.PCURVE_S1.);
#9382 = LINE('',#9383,#9384);
#9383 = CARTESIAN_POINT('',(41.8734375,4.55078125,4.6));
#9384 = VECTOR('',#9385,1.);
#9385 = DIRECTION('',(0.992720564438,0.120440362597,0.));
#9386 = PCURVE('',#2568,#9387);
#9387 = DEFINITIONAL_REPRESENTATION('',(#9388),#9392);
#9388 = LINE('',#9389,#9390);
#9389 = CARTESIAN_POINT('',(0.,-0.65));
#9390 = VECTOR('',#9391,1.);
#9391 = DIRECTION('',(1.,0.));
#9392 = ( GEOMETRIC_REPRESENTATION_CONTEXT(2) 
PARAMETRIC_REPRESENTATION_CONTEXT() REPRESENTATION_CONTEXT('2D SPACE',''
  ) );
#9393 = PCURVE('',#9394,#9399);
#9394 = PLANE('',#9395);
#9395 = AXIS2_PLACEMENT_3D('',#9396,#9397,#9398);
#9396 = CARTESIAN_POINT('',(41.753125,3.94296875,4.6));
#9397 = DIRECTION('',(0.,0.,1.));
#9398 = DIRECTION('',(1.,0.,0.));
#9399 = DEFINITIONAL_REPRESENTATION('',(#9400),#9404);
#9400 = LINE('',#9401,#9402);
#9401 = CARTESIAN_POINT('',(0.1203125,0.6078125));
#9402 = VECTOR('',#9403,1.);
#9403 = DIRECTION('',(0.992720564438,0.120440362597));
#9404 = ( GEOMETRIC_REPRESENTATION_CONTEXT(2) 
PARAMETRIC_REPRESENTATION_CONTEXT() REPRESENTATION_CONTEXT('2D SPACE',''
  ) );
#9405 = ORIENTED_EDGE('',*,*,#9406,.F.);
#9406 = EDGE_CURVE('',#2552,#9379,#9407,.T.);
#9407 = SURFACE_CURVE('',#9408,(#9412,#9419),.PCURVE_S1.);
#9408 = LINE('',#9409,#9410);
#9409 = CARTESIAN_POINT('',(42.2984375,4.60234375,3.95));
#9410 = VECTOR('',#9411,1.);
#9411 = DIRECTION('',(0.,0.,1.));
#9412 = PCURVE('',#2568,#9413);
#9413 = DEFINITIONAL_REPRESENTATION('',(#9414),#9418);
#9414 = LINE('',#9415,#9416);
#9415 = CARTESIAN_POINT('',(0.428116446082,0.));
#9416 = VECTOR('',#9417,1.);
#9417 = DIRECTION('',(0.,-1.));
#9418 = ( GEOMETRIC_REPRESENTATION_CONTEXT(2) 
PARAMETRIC_REPRESENTATION_CONTEXT() REPRESENTATION_CONTEXT('2D SPACE',''
  ) );
#9419 = PCURVE('',#2601,#9420);
#9420 = DEFINITIONAL_REPRESENTATION('',(#9421),#9425);
#9421 = LINE('',#9422,#9423);
#9422 = CARTESIAN_POINT('',(0.,0.));
#9423 = VECTOR('',#9424,1.);
#9424 = DIRECTION('',(0.,-1.));
#9425 = ( GEOMETRIC_REPRESENTATION_CONTEXT(2) 
PARAMETRIC_REPRESENTATION_CONTEXT() REPRESENTATION_CONTEXT('2D SPACE',''
  ) );
#9426 = ADVANCED_FACE('',(#9427),#2601,.T.);
#9427 = FACE_BOUND('',#9428,.T.);
#9428 = EDGE_LOOP('',(#9429,#9430,#9431,#9454));
#9429 = ORIENTED_EDGE('',*,*,#2579,.T.);
#9430 = ORIENTED_EDGE('',*,*,#9406,.T.);
#9431 = ORIENTED_EDGE('',*,*,#9432,.T.);
#9432 = EDGE_CURVE('',#9379,#9433,#9435,.T.);
#9433 = VERTEX_POINT('',#9434);
#9434 = CARTESIAN_POINT('',(42.4078125,4.35390625,4.6));
#9435 = SURFACE_CURVE('',#9436,(#9440,#9447),.PCURVE_S1.);
#9436 = B_SPLINE_CURVE_WITH_KNOTS('',2,(#9437,#9438,#9439),
  .UNSPECIFIED.,.F.,.F.,(3,3),(0.,1.),.PIECEWISE_BEZIER_KNOTS.);
#9437 = CARTESIAN_POINT('',(42.2984375,4.60234375,4.6));
#9438 = CARTESIAN_POINT('',(42.31875,4.43984375,4.6));
#9439 = CARTESIAN_POINT('',(42.4078125,4.35390625,4.6));
#9440 = PCURVE('',#2601,#9441);
#9441 = DEFINITIONAL_REPRESENTATION('',(#9442),#9446);
#9442 = LINE('',#9443,#9444);
#9443 = CARTESIAN_POINT('',(0.,-0.65));
#9444 = VECTOR('',#9445,1.);
#9445 = DIRECTION('',(1.,0.));
#9446 = ( GEOMETRIC_REPRESENTATION_CONTEXT(2) 
PARAMETRIC_REPRESENTATION_CONTEXT() REPRESENTATION_CONTEXT('2D SPACE',''
  ) );
#9447 = PCURVE('',#9394,#9448);
#9448 = DEFINITIONAL_REPRESENTATION('',(#9449),#9453);
#9449 = B_SPLINE_CURVE_WITH_KNOTS('',2,(#9450,#9451,#9452),
  .UNSPECIFIED.,.F.,.F.,(3,3),(0.,1.),.PIECEWISE_BEZIER_KNOTS.);
#9450 = CARTESIAN_POINT('',(0.5453125,0.659375));
#9451 = CARTESIAN_POINT('',(0.565625,0.496875));
#9452 = CARTESIAN_POINT('',(0.6546875,0.4109375));
#9453 = ( GEOMETRIC_REPRESENTATION_CONTEXT(2) 
PARAMETRIC_REPRESENTATION_CONTEXT() REPRESENTATION_CONTEXT('2D SPACE',''
  ) );
#9454 = ORIENTED_EDGE('',*,*,#9455,.F.);
#9455 = EDGE_CURVE('',#2580,#9433,#9456,.T.);
#9456 = SURFACE_CURVE('',#9457,(#9461,#9468),.PCURVE_S1.);
#9457 = LINE('',#9458,#9459);
#9458 = CARTESIAN_POINT('',(42.4078125,4.35390625,3.95));
#9459 = VECTOR('',#9460,1.);
#9460 = DIRECTION('',(0.,0.,1.));
#9461 = PCURVE('',#2601,#9462);
#9462 = DEFINITIONAL_REPRESENTATION('',(#9463),#9467);
#9463 = LINE('',#9464,#9465);
#9464 = CARTESIAN_POINT('',(1.,0.));
#9465 = VECTOR('',#9466,1.);
#9466 = DIRECTION('',(0.,-1.));
#9467 = ( GEOMETRIC_REPRESENTATION_CONTEXT(2) 
PARAMETRIC_REPRESENTATION_CONTEXT() REPRESENTATION_CONTEXT('2D SPACE',''
  ) );
#9468 = PCURVE('',#2644,#9469);
#9469 = DEFINITIONAL_REPRESENTATION('',(#9470),#9474);
#9470 = LINE('',#9471,#9472);
#9471 = CARTESIAN_POINT('',(0.,0.));
#9472 = VECTOR('',#9473,1.);
#9473 = DIRECTION('',(0.,-1.));
#9474 = ( GEOMETRIC_REPRESENTATION_CONTEXT(2) 
PARAMETRIC_REPRESENTATION_CONTEXT() REPRESENTATION_CONTEXT('2D SPACE',''
  ) );
#9475 = ADVANCED_FACE('',(#9476),#3772,.T.);
#9476 = FACE_BOUND('',#9477,.T.);
#9477 = EDGE_LOOP('',(#9478,#9479,#9502,#9523));
#9478 = ORIENTED_EDGE('',*,*,#3744,.T.);
#9479 = ORIENTED_EDGE('',*,*,#9480,.T.);
#9480 = EDGE_CURVE('',#3694,#9481,#9483,.T.);
#9481 = VERTEX_POINT('',#9482);
#9482 = CARTESIAN_POINT('',(42.1109375,4.0828125,4.6));
#9483 = SURFACE_CURVE('',#9484,(#9488,#9495),.PCURVE_S1.);
#9484 = LINE('',#9485,#9486);
#9485 = CARTESIAN_POINT('',(42.1109375,4.0828125,3.95));
#9486 = VECTOR('',#9487,1.);
#9487 = DIRECTION('',(0.,0.,1.));
#9488 = PCURVE('',#3772,#9489);
#9489 = DEFINITIONAL_REPRESENTATION('',(#9490),#9494);
#9490 = LINE('',#9491,#9492);
#9491 = CARTESIAN_POINT('',(0.,0.));
#9492 = VECTOR('',#9493,1.);
#9493 = DIRECTION('',(0.,-1.));
#9494 = ( GEOMETRIC_REPRESENTATION_CONTEXT(2) 
PARAMETRIC_REPRESENTATION_CONTEXT() REPRESENTATION_CONTEXT('2D SPACE',''
  ) );
#9495 = PCURVE('',#3723,#9496);
#9496 = DEFINITIONAL_REPRESENTATION('',(#9497),#9501);
#9497 = LINE('',#9498,#9499);
#9498 = CARTESIAN_POINT('',(1.,0.));
#9499 = VECTOR('',#9500,1.);
#9500 = DIRECTION('',(0.,-1.));
#9501 = ( GEOMETRIC_REPRESENTATION_CONTEXT(2) 
PARAMETRIC_REPRESENTATION_CONTEXT() REPRESENTATION_CONTEXT('2D SPACE',''
  ) );
#9502 = ORIENTED_EDGE('',*,*,#9503,.T.);
#9503 = EDGE_CURVE('',#9481,#9356,#9504,.T.);
#9504 = SURFACE_CURVE('',#9505,(#9509,#9516),.PCURVE_S1.);
#9505 = B_SPLINE_CURVE_WITH_KNOTS('',2,(#9506,#9507,#9508),
  .UNSPECIFIED.,.F.,.F.,(3,3),(0.,1.),.PIECEWISE_BEZIER_KNOTS.);
#9506 = CARTESIAN_POINT('',(42.1109375,4.0828125,4.6));
#9507 = CARTESIAN_POINT('',(41.90625,4.26171875,4.6));
#9508 = CARTESIAN_POINT('',(41.8734375,4.55078125,4.6));
#9509 = PCURVE('',#3772,#9510);
#9510 = DEFINITIONAL_REPRESENTATION('',(#9511),#9515);
#9511 = LINE('',#9512,#9513);
#9512 = CARTESIAN_POINT('',(0.,-0.65));
#9513 = VECTOR('',#9514,1.);
#9514 = DIRECTION('',(1.,0.));
#9515 = ( GEOMETRIC_REPRESENTATION_CONTEXT(2) 
PARAMETRIC_REPRESENTATION_CONTEXT() REPRESENTATION_CONTEXT('2D SPACE',''
  ) );
#9516 = PCURVE('',#9394,#9517);
#9517 = DEFINITIONAL_REPRESENTATION('',(#9518),#9522);
#9518 = B_SPLINE_CURVE_WITH_KNOTS('',2,(#9519,#9520,#9521),
  .UNSPECIFIED.,.F.,.F.,(3,3),(0.,1.),.PIECEWISE_BEZIER_KNOTS.);
#9519 = CARTESIAN_POINT('',(0.3578125,0.13984375));
#9520 = CARTESIAN_POINT('',(0.153125,0.31875));
#9521 = CARTESIAN_POINT('',(0.1203125,0.6078125));
#9522 = ( GEOMETRIC_REPRESENTATION_CONTEXT(2) 
PARAMETRIC_REPRESENTATION_CONTEXT() REPRESENTATION_CONTEXT('2D SPACE',''
  ) );
#9523 = ORIENTED_EDGE('',*,*,#9355,.F.);
#9524 = ADVANCED_FACE('',(#9525),#2644,.T.);
#9525 = FACE_BOUND('',#9526,.T.);
#9526 = EDGE_LOOP('',(#9527,#9528,#9529,#9552));
#9527 = ORIENTED_EDGE('',*,*,#2618,.T.);
#9528 = ORIENTED_EDGE('',*,*,#9455,.T.);
#9529 = ORIENTED_EDGE('',*,*,#9530,.T.);
#9530 = EDGE_CURVE('',#9433,#9531,#9533,.T.);
#9531 = VERTEX_POINT('',#9532);
#9532 = CARTESIAN_POINT('',(42.6234375,4.26796875,4.6));
#9533 = SURFACE_CURVE('',#9534,(#9538,#9545),.PCURVE_S1.);
#9534 = B_SPLINE_CURVE_WITH_KNOTS('',2,(#9535,#9536,#9537),
  .UNSPECIFIED.,.F.,.F.,(3,3),(0.,1.),.PIECEWISE_BEZIER_KNOTS.);
#9535 = CARTESIAN_POINT('',(42.4078125,4.35390625,4.6));
#9536 = CARTESIAN_POINT('',(42.496875,4.26796875,4.6));
#9537 = CARTESIAN_POINT('',(42.6234375,4.26796875,4.6));
#9538 = PCURVE('',#2644,#9539);
#9539 = DEFINITIONAL_REPRESENTATION('',(#9540),#9544);
#9540 = LINE('',#9541,#9542);
#9541 = CARTESIAN_POINT('',(0.,-0.65));
#9542 = VECTOR('',#9543,1.);
#9543 = DIRECTION('',(1.,0.));
#9544 = ( GEOMETRIC_REPRESENTATION_CONTEXT(2) 
PARAMETRIC_REPRESENTATION_CONTEXT() REPRESENTATION_CONTEXT('2D SPACE',''
  ) );
#9545 = PCURVE('',#9394,#9546);
#9546 = DEFINITIONAL_REPRESENTATION('',(#9547),#9551);
#9547 = B_SPLINE_CURVE_WITH_KNOTS('',2,(#9548,#9549,#9550),
  .UNSPECIFIED.,.F.,.F.,(3,3),(0.,1.),.PIECEWISE_BEZIER_KNOTS.);
#9548 = CARTESIAN_POINT('',(0.6546875,0.4109375));
#9549 = CARTESIAN_POINT('',(0.74375,0.325));
#9550 = CARTESIAN_POINT('',(0.8703125,0.325));
#9551 = ( GEOMETRIC_REPRESENTATION_CONTEXT(2) 
PARAMETRIC_REPRESENTATION_CONTEXT() REPRESENTATION_CONTEXT('2D SPACE',''
  ) );
#9552 = ORIENTED_EDGE('',*,*,#9553,.F.);
#9553 = EDGE_CURVE('',#2619,#9531,#9554,.T.);
#9554 = SURFACE_CURVE('',#9555,(#9559,#9566),.PCURVE_S1.);
#9555 = LINE('',#9556,#9557);
#9556 = CARTESIAN_POINT('',(42.6234375,4.26796875,3.95));
#9557 = VECTOR('',#9558,1.);
#9558 = DIRECTION('',(0.,0.,1.));
#9559 = PCURVE('',#2644,#9560);
#9560 = DEFINITIONAL_REPRESENTATION('',(#9561),#9565);
#9561 = LINE('',#9562,#9563);
#9562 = CARTESIAN_POINT('',(1.,0.));
#9563 = VECTOR('',#9564,1.);
#9564 = DIRECTION('',(0.,-1.));
#9565 = ( GEOMETRIC_REPRESENTATION_CONTEXT(2) 
PARAMETRIC_REPRESENTATION_CONTEXT() REPRESENTATION_CONTEXT('2D SPACE',''
  ) );
#9566 = PCURVE('',#2689,#9567);
#9567 = DEFINITIONAL_REPRESENTATION('',(#9568),#9572);
#9568 = LINE('',#9569,#9570);
#9569 = CARTESIAN_POINT('',(0.,0.));
#9570 = VECTOR('',#9571,1.);
#9571 = DIRECTION('',(0.,-1.));
#9572 = ( GEOMETRIC_REPRESENTATION_CONTEXT(2) 
PARAMETRIC_REPRESENTATION_CONTEXT() REPRESENTATION_CONTEXT('2D SPACE',''
  ) );
#9573 = ADVANCED_FACE('',(#9574),#3723,.T.);
#9574 = FACE_BOUND('',#9575,.T.);
#9575 = EDGE_LOOP('',(#9576,#9577,#9600,#9621));
#9576 = ORIENTED_EDGE('',*,*,#3693,.T.);
#9577 = ORIENTED_EDGE('',*,*,#9578,.T.);
#9578 = EDGE_CURVE('',#3643,#9579,#9581,.T.);
#9579 = VERTEX_POINT('',#9580);
#9580 = CARTESIAN_POINT('',(42.6265625,3.90390625,4.6));
#9581 = SURFACE_CURVE('',#9582,(#9586,#9593),.PCURVE_S1.);
#9582 = LINE('',#9583,#9584);
#9583 = CARTESIAN_POINT('',(42.6265625,3.90390625,3.95));
#9584 = VECTOR('',#9585,1.);
#9585 = DIRECTION('',(0.,0.,1.));
#9586 = PCURVE('',#3723,#9587);
#9587 = DEFINITIONAL_REPRESENTATION('',(#9588),#9592);
#9588 = LINE('',#9589,#9590);
#9589 = CARTESIAN_POINT('',(0.,0.));
#9590 = VECTOR('',#9591,1.);
#9591 = DIRECTION('',(0.,-1.));
#9592 = ( GEOMETRIC_REPRESENTATION_CONTEXT(2) 
PARAMETRIC_REPRESENTATION_CONTEXT() REPRESENTATION_CONTEXT('2D SPACE',''
  ) );
#9593 = PCURVE('',#3672,#9594);
#9594 = DEFINITIONAL_REPRESENTATION('',(#9595),#9599);
#9595 = LINE('',#9596,#9597);
#9596 = CARTESIAN_POINT('',(1.,0.));
#9597 = VECTOR('',#9598,1.);
#9598 = DIRECTION('',(0.,-1.));
#9599 = ( GEOMETRIC_REPRESENTATION_CONTEXT(2) 
PARAMETRIC_REPRESENTATION_CONTEXT() REPRESENTATION_CONTEXT('2D SPACE',''
  ) );
#9600 = ORIENTED_EDGE('',*,*,#9601,.T.);
#9601 = EDGE_CURVE('',#9579,#9481,#9602,.T.);
#9602 = SURFACE_CURVE('',#9603,(#9607,#9614),.PCURVE_S1.);
#9603 = B_SPLINE_CURVE_WITH_KNOTS('',2,(#9604,#9605,#9606),
  .UNSPECIFIED.,.F.,.F.,(3,3),(0.,1.),.PIECEWISE_BEZIER_KNOTS.);
#9604 = CARTESIAN_POINT('',(42.6265625,3.90390625,4.6));
#9605 = CARTESIAN_POINT('',(42.315625,3.90390625,4.6));
#9606 = CARTESIAN_POINT('',(42.1109375,4.0828125,4.6));
#9607 = PCURVE('',#3723,#9608);
#9608 = DEFINITIONAL_REPRESENTATION('',(#9609),#9613);
#9609 = LINE('',#9610,#9611);
#9610 = CARTESIAN_POINT('',(0.,-0.65));
#9611 = VECTOR('',#9612,1.);
#9612 = DIRECTION('',(1.,0.));
#9613 = ( GEOMETRIC_REPRESENTATION_CONTEXT(2) 
PARAMETRIC_REPRESENTATION_CONTEXT() REPRESENTATION_CONTEXT('2D SPACE',''
  ) );
#9614 = PCURVE('',#9394,#9615);
#9615 = DEFINITIONAL_REPRESENTATION('',(#9616),#9620);
#9616 = B_SPLINE_CURVE_WITH_KNOTS('',2,(#9617,#9618,#9619),
  .UNSPECIFIED.,.F.,.F.,(3,3),(0.,1.),.PIECEWISE_BEZIER_KNOTS.);
#9617 = CARTESIAN_POINT('',(0.8734375,-3.90625E-02));
#9618 = CARTESIAN_POINT('',(0.5625,-3.90625E-02));
#9619 = CARTESIAN_POINT('',(0.3578125,0.13984375));
#9620 = ( GEOMETRIC_REPRESENTATION_CONTEXT(2) 
PARAMETRIC_REPRESENTATION_CONTEXT() REPRESENTATION_CONTEXT('2D SPACE',''
  ) );
#9621 = ORIENTED_EDGE('',*,*,#9480,.F.);
#9622 = ADVANCED_FACE('',(#9623),#2689,.T.);
#9623 = FACE_BOUND('',#9624,.T.);
#9624 = EDGE_LOOP('',(#9625,#9626,#9627,#9650));
#9625 = ORIENTED_EDGE('',*,*,#2663,.T.);
#9626 = ORIENTED_EDGE('',*,*,#9553,.T.);
#9627 = ORIENTED_EDGE('',*,*,#9628,.T.);
#9628 = EDGE_CURVE('',#9531,#9629,#9631,.T.);
#9629 = VERTEX_POINT('',#9630);
#9630 = CARTESIAN_POINT('',(42.85234375,4.37109375,4.6));
#9631 = SURFACE_CURVE('',#9632,(#9636,#9643),.PCURVE_S1.);
#9632 = B_SPLINE_CURVE_WITH_KNOTS('',2,(#9633,#9634,#9635),
  .UNSPECIFIED.,.F.,.F.,(3,3),(0.,1.),.PIECEWISE_BEZIER_KNOTS.);
#9633 = CARTESIAN_POINT('',(42.6234375,4.26796875,4.6));
#9634 = CARTESIAN_POINT('',(42.759375,4.26796875,4.6));
#9635 = CARTESIAN_POINT('',(42.85234375,4.37109375,4.6));
#9636 = PCURVE('',#2689,#9637);
#9637 = DEFINITIONAL_REPRESENTATION('',(#9638),#9642);
#9638 = LINE('',#9639,#9640);
#9639 = CARTESIAN_POINT('',(0.,-0.65));
#9640 = VECTOR('',#9641,1.);
#9641 = DIRECTION('',(1.,0.));
#9642 = ( GEOMETRIC_REPRESENTATION_CONTEXT(2) 
PARAMETRIC_REPRESENTATION_CONTEXT() REPRESENTATION_CONTEXT('2D SPACE',''
  ) );
#9643 = PCURVE('',#9394,#9644);
#9644 = DEFINITIONAL_REPRESENTATION('',(#9645),#9649);
#9645 = B_SPLINE_CURVE_WITH_KNOTS('',2,(#9646,#9647,#9648),
  .UNSPECIFIED.,.F.,.F.,(3,3),(0.,1.),.PIECEWISE_BEZIER_KNOTS.);
#9646 = CARTESIAN_POINT('',(0.8703125,0.325));
#9647 = CARTESIAN_POINT('',(1.00625,0.325));
#9648 = CARTESIAN_POINT('',(1.09921875,0.428125));
#9649 = ( GEOMETRIC_REPRESENTATION_CONTEXT(2) 
PARAMETRIC_REPRESENTATION_CONTEXT() REPRESENTATION_CONTEXT('2D SPACE',''
  ) );
#9650 = ORIENTED_EDGE('',*,*,#9651,.F.);
#9651 = EDGE_CURVE('',#2664,#9629,#9652,.T.);
#9652 = SURFACE_CURVE('',#9653,(#9657,#9664),.PCURVE_S1.);
#9653 = LINE('',#9654,#9655);
#9654 = CARTESIAN_POINT('',(42.85234375,4.37109375,3.95));
#9655 = VECTOR('',#9656,1.);
#9656 = DIRECTION('',(0.,0.,1.));
#9657 = PCURVE('',#2689,#9658);
#9658 = DEFINITIONAL_REPRESENTATION('',(#9659),#9663);
#9659 = LINE('',#9660,#9661);
#9660 = CARTESIAN_POINT('',(1.,0.));
#9661 = VECTOR('',#9662,1.);
#9662 = DIRECTION('',(0.,-1.));
#9663 = ( GEOMETRIC_REPRESENTATION_CONTEXT(2) 
PARAMETRIC_REPRESENTATION_CONTEXT() REPRESENTATION_CONTEXT('2D SPACE',''
  ) );
#9664 = PCURVE('',#2730,#9665);
#9665 = DEFINITIONAL_REPRESENTATION('',(#9666),#9670);
#9666 = LINE('',#9667,#9668);
#9667 = CARTESIAN_POINT('',(0.,0.));
#9668 = VECTOR('',#9669,1.);
#9669 = DIRECTION('',(0.,-1.));
#9670 = ( GEOMETRIC_REPRESENTATION_CONTEXT(2) 
PARAMETRIC_REPRESENTATION_CONTEXT() REPRESENTATION_CONTEXT('2D SPACE',''
  ) );
#9671 = ADVANCED_FACE('',(#9672),#3672,.T.);
#9672 = FACE_BOUND('',#9673,.T.);
#9673 = EDGE_LOOP('',(#9674,#9675,#9698,#9719));
#9674 = ORIENTED_EDGE('',*,*,#3642,.T.);
#9675 = ORIENTED_EDGE('',*,*,#9676,.T.);
#9676 = EDGE_CURVE('',#3592,#9677,#9679,.T.);
#9677 = VERTEX_POINT('',#9678);
#9678 = CARTESIAN_POINT('',(43.175,4.11640625,4.6));
#9679 = SURFACE_CURVE('',#9680,(#9684,#9691),.PCURVE_S1.);
#9680 = LINE('',#9681,#9682);
#9681 = CARTESIAN_POINT('',(43.175,4.11640625,3.95));
#9682 = VECTOR('',#9683,1.);
#9683 = DIRECTION('',(0.,0.,1.));
#9684 = PCURVE('',#3672,#9685);
#9685 = DEFINITIONAL_REPRESENTATION('',(#9686),#9690);
#9686 = LINE('',#9687,#9688);
#9687 = CARTESIAN_POINT('',(0.,0.));
#9688 = VECTOR('',#9689,1.);
#9689 = DIRECTION('',(0.,-1.));
#9690 = ( GEOMETRIC_REPRESENTATION_CONTEXT(2) 
PARAMETRIC_REPRESENTATION_CONTEXT() REPRESENTATION_CONTEXT('2D SPACE',''
  ) );
#9691 = PCURVE('',#3621,#9692);
#9692 = DEFINITIONAL_REPRESENTATION('',(#9693),#9697);
#9693 = LINE('',#9694,#9695);
#9694 = CARTESIAN_POINT('',(1.,0.));
#9695 = VECTOR('',#9696,1.);
#9696 = DIRECTION('',(0.,-1.));
#9697 = ( GEOMETRIC_REPRESENTATION_CONTEXT(2) 
PARAMETRIC_REPRESENTATION_CONTEXT() REPRESENTATION_CONTEXT('2D SPACE',''
  ) );
#9698 = ORIENTED_EDGE('',*,*,#9699,.T.);
#9699 = EDGE_CURVE('',#9677,#9579,#9700,.T.);
#9700 = SURFACE_CURVE('',#9701,(#9705,#9712),.PCURVE_S1.);
#9701 = B_SPLINE_CURVE_WITH_KNOTS('',2,(#9702,#9703,#9704),
  .UNSPECIFIED.,.F.,.F.,(3,3),(0.,1.),.PIECEWISE_BEZIER_KNOTS.);
#9702 = CARTESIAN_POINT('',(43.175,4.11640625,4.6));
#9703 = CARTESIAN_POINT('',(42.9546875,3.90390625,4.6));
#9704 = CARTESIAN_POINT('',(42.6265625,3.90390625,4.6));
#9705 = PCURVE('',#3672,#9706);
#9706 = DEFINITIONAL_REPRESENTATION('',(#9707),#9711);
#9707 = LINE('',#9708,#9709);
#9708 = CARTESIAN_POINT('',(0.,-0.65));
#9709 = VECTOR('',#9710,1.);
#9710 = DIRECTION('',(1.,0.));
#9711 = ( GEOMETRIC_REPRESENTATION_CONTEXT(2) 
PARAMETRIC_REPRESENTATION_CONTEXT() REPRESENTATION_CONTEXT('2D SPACE',''
  ) );
#9712 = PCURVE('',#9394,#9713);
#9713 = DEFINITIONAL_REPRESENTATION('',(#9714),#9718);
#9714 = B_SPLINE_CURVE_WITH_KNOTS('',2,(#9715,#9716,#9717),
  .UNSPECIFIED.,.F.,.F.,(3,3),(0.,1.),.PIECEWISE_BEZIER_KNOTS.);
#9715 = CARTESIAN_POINT('',(1.421875,0.1734375));
#9716 = CARTESIAN_POINT('',(1.2015625,-3.90625E-02));
#9717 = CARTESIAN_POINT('',(0.8734375,-3.90625E-02));
#9718 = ( GEOMETRIC_REPRESENTATION_CONTEXT(2) 
PARAMETRIC_REPRESENTATION_CONTEXT() REPRESENTATION_CONTEXT('2D SPACE',''
  ) );
#9719 = ORIENTED_EDGE('',*,*,#9578,.F.);
#9720 = ADVANCED_FACE('',(#9721),#2730,.T.);
#9721 = FACE_BOUND('',#9722,.T.);
#9722 = EDGE_LOOP('',(#9723,#9724,#9725,#9748));
#9723 = ORIENTED_EDGE('',*,*,#2708,.T.);
#9724 = ORIENTED_EDGE('',*,*,#9651,.T.);
#9725 = ORIENTED_EDGE('',*,*,#9726,.T.);
#9726 = EDGE_CURVE('',#9629,#9727,#9729,.T.);
#9727 = VERTEX_POINT('',#9728);
#9728 = CARTESIAN_POINT('',(42.9453125,4.64921875,4.6));
#9729 = SURFACE_CURVE('',#9730,(#9734,#9741),.PCURVE_S1.);
#9730 = B_SPLINE_CURVE_WITH_KNOTS('',2,(#9731,#9732,#9733),
  .UNSPECIFIED.,.F.,.F.,(3,3),(0.,1.),.PIECEWISE_BEZIER_KNOTS.);
#9731 = CARTESIAN_POINT('',(42.85234375,4.37109375,4.6));
#9732 = CARTESIAN_POINT('',(42.9453125,4.47421875,4.6));
#9733 = CARTESIAN_POINT('',(42.9453125,4.64921875,4.6));
#9734 = PCURVE('',#2730,#9735);
#9735 = DEFINITIONAL_REPRESENTATION('',(#9736),#9740);
#9736 = LINE('',#9737,#9738);
#9737 = CARTESIAN_POINT('',(0.,-0.65));
#9738 = VECTOR('',#9739,1.);
#9739 = DIRECTION('',(1.,0.));
#9740 = ( GEOMETRIC_REPRESENTATION_CONTEXT(2) 
PARAMETRIC_REPRESENTATION_CONTEXT() REPRESENTATION_CONTEXT('2D SPACE',''
  ) );
#9741 = PCURVE('',#9394,#9742);
#9742 = DEFINITIONAL_REPRESENTATION('',(#9743),#9747);
#9743 = B_SPLINE_CURVE_WITH_KNOTS('',2,(#9744,#9745,#9746),
  .UNSPECIFIED.,.F.,.F.,(3,3),(0.,1.),.PIECEWISE_BEZIER_KNOTS.);
#9744 = CARTESIAN_POINT('',(1.09921875,0.428125));
#9745 = CARTESIAN_POINT('',(1.1921875,0.53125));
#9746 = CARTESIAN_POINT('',(1.1921875,0.70625));
#9747 = ( GEOMETRIC_REPRESENTATION_CONTEXT(2) 
PARAMETRIC_REPRESENTATION_CONTEXT() REPRESENTATION_CONTEXT('2D SPACE',''
  ) );
#9748 = ORIENTED_EDGE('',*,*,#9749,.F.);
#9749 = EDGE_CURVE('',#2709,#9727,#9750,.T.);
#9750 = SURFACE_CURVE('',#9751,(#9755,#9762),.PCURVE_S1.);
#9751 = LINE('',#9752,#9753);
#9752 = CARTESIAN_POINT('',(42.9453125,4.64921875,3.95));
#9753 = VECTOR('',#9754,1.);
#9754 = DIRECTION('',(0.,0.,1.));
#9755 = PCURVE('',#2730,#9756);
#9756 = DEFINITIONAL_REPRESENTATION('',(#9757),#9761);
#9757 = LINE('',#9758,#9759);
#9758 = CARTESIAN_POINT('',(1.,0.));
#9759 = VECTOR('',#9760,1.);
#9760 = DIRECTION('',(0.,-1.));
#9761 = ( GEOMETRIC_REPRESENTATION_CONTEXT(2) 
PARAMETRIC_REPRESENTATION_CONTEXT() REPRESENTATION_CONTEXT('2D SPACE',''
  ) );
#9762 = PCURVE('',#2777,#9763);
#9763 = DEFINITIONAL_REPRESENTATION('',(#9764),#9768);
#9764 = LINE('',#9765,#9766);
#9765 = CARTESIAN_POINT('',(0.,0.));
#9766 = VECTOR('',#9767,1.);
#9767 = DIRECTION('',(0.,-1.));
#9768 = ( GEOMETRIC_REPRESENTATION_CONTEXT(2) 
PARAMETRIC_REPRESENTATION_CONTEXT() REPRESENTATION_CONTEXT('2D SPACE',''
  ) );
#9769 = ADVANCED_FACE('',(#9770),#3621,.T.);
#9770 = FACE_BOUND('',#9771,.T.);
#9771 = EDGE_LOOP('',(#9772,#9773,#9796,#9817));
#9772 = ORIENTED_EDGE('',*,*,#3591,.T.);
#9773 = ORIENTED_EDGE('',*,*,#9774,.T.);
#9774 = EDGE_CURVE('',#3541,#9775,#9777,.T.);
#9775 = VERTEX_POINT('',#9776);
#9776 = CARTESIAN_POINT('',(43.3953125,4.63046875,4.6));
#9777 = SURFACE_CURVE('',#9778,(#9782,#9789),.PCURVE_S1.);
#9778 = LINE('',#9779,#9780);
#9779 = CARTESIAN_POINT('',(43.3953125,4.63046875,3.95));
#9780 = VECTOR('',#9781,1.);
#9781 = DIRECTION('',(0.,0.,1.));
#9782 = PCURVE('',#3621,#9783);
#9783 = DEFINITIONAL_REPRESENTATION('',(#9784),#9788);
#9784 = LINE('',#9785,#9786);
#9785 = CARTESIAN_POINT('',(0.,0.));
#9786 = VECTOR('',#9787,1.);
#9787 = DIRECTION('',(0.,-1.));
#9788 = ( GEOMETRIC_REPRESENTATION_CONTEXT(2) 
PARAMETRIC_REPRESENTATION_CONTEXT() REPRESENTATION_CONTEXT('2D SPACE',''
  ) );
#9789 = PCURVE('',#3570,#9790);
#9790 = DEFINITIONAL_REPRESENTATION('',(#9791),#9795);
#9791 = LINE('',#9792,#9793);
#9792 = CARTESIAN_POINT('',(1.,0.));
#9793 = VECTOR('',#9794,1.);
#9794 = DIRECTION('',(0.,-1.));
#9795 = ( GEOMETRIC_REPRESENTATION_CONTEXT(2) 
PARAMETRIC_REPRESENTATION_CONTEXT() REPRESENTATION_CONTEXT('2D SPACE',''
  ) );
#9796 = ORIENTED_EDGE('',*,*,#9797,.T.);
#9797 = EDGE_CURVE('',#9775,#9677,#9798,.T.);
#9798 = SURFACE_CURVE('',#9799,(#9803,#9810),.PCURVE_S1.);
#9799 = B_SPLINE_CURVE_WITH_KNOTS('',2,(#9800,#9801,#9802),
  .UNSPECIFIED.,.F.,.F.,(3,3),(0.,1.),.PIECEWISE_BEZIER_KNOTS.);
#9800 = CARTESIAN_POINT('',(43.3953125,4.63046875,4.6));
#9801 = CARTESIAN_POINT('',(43.3953125,4.32890625,4.6));
#9802 = CARTESIAN_POINT('',(43.175,4.11640625,4.6));
#9803 = PCURVE('',#3621,#9804);
#9804 = DEFINITIONAL_REPRESENTATION('',(#9805),#9809);
#9805 = LINE('',#9806,#9807);
#9806 = CARTESIAN_POINT('',(0.,-0.65));
#9807 = VECTOR('',#9808,1.);
#9808 = DIRECTION('',(1.,0.));
#9809 = ( GEOMETRIC_REPRESENTATION_CONTEXT(2) 
PARAMETRIC_REPRESENTATION_CONTEXT() REPRESENTATION_CONTEXT('2D SPACE',''
  ) );
#9810 = PCURVE('',#9394,#9811);
#9811 = DEFINITIONAL_REPRESENTATION('',(#9812),#9816);
#9812 = B_SPLINE_CURVE_WITH_KNOTS('',2,(#9813,#9814,#9815),
  .UNSPECIFIED.,.F.,.F.,(3,3),(0.,1.),.PIECEWISE_BEZIER_KNOTS.);
#9813 = CARTESIAN_POINT('',(1.6421875,0.6875));
#9814 = CARTESIAN_POINT('',(1.6421875,0.3859375));
#9815 = CARTESIAN_POINT('',(1.421875,0.1734375));
#9816 = ( GEOMETRIC_REPRESENTATION_CONTEXT(2) 
PARAMETRIC_REPRESENTATION_CONTEXT() REPRESENTATION_CONTEXT('2D SPACE',''
  ) );
#9817 = ORIENTED_EDGE('',*,*,#9676,.F.);
#9818 = ADVANCED_FACE('',(#9819),#2777,.T.);
#9819 = FACE_BOUND('',#9820,.T.);
#9820 = EDGE_LOOP('',(#9821,#9822,#9823,#9846));
#9821 = ORIENTED_EDGE('',*,*,#2747,.T.);
#9822 = ORIENTED_EDGE('',*,*,#9749,.T.);
#9823 = ORIENTED_EDGE('',*,*,#9824,.T.);
#9824 = EDGE_CURVE('',#9727,#9825,#9827,.T.);
#9825 = VERTEX_POINT('',#9826);
#9826 = CARTESIAN_POINT('',(42.85625,4.91171875,4.6));
#9827 = SURFACE_CURVE('',#9828,(#9832,#9839),.PCURVE_S1.);
#9828 = B_SPLINE_CURVE_WITH_KNOTS('',2,(#9829,#9830,#9831),
  .UNSPECIFIED.,.F.,.F.,(3,3),(0.,1.),.PIECEWISE_BEZIER_KNOTS.);
#9829 = CARTESIAN_POINT('',(42.9453125,4.64921875,4.6));
#9830 = CARTESIAN_POINT('',(42.9453125,4.81484375,4.6));
#9831 = CARTESIAN_POINT('',(42.85625,4.91171875,4.6));
#9832 = PCURVE('',#2777,#9833);
#9833 = DEFINITIONAL_REPRESENTATION('',(#9834),#9838);
#9834 = LINE('',#9835,#9836);
#9835 = CARTESIAN_POINT('',(0.,-0.65));
#9836 = VECTOR('',#9837,1.);
#9837 = DIRECTION('',(1.,0.));
#9838 = ( GEOMETRIC_REPRESENTATION_CONTEXT(2) 
PARAMETRIC_REPRESENTATION_CONTEXT() REPRESENTATION_CONTEXT('2D SPACE',''
  ) );
#9839 = PCURVE('',#9394,#9840);
#9840 = DEFINITIONAL_REPRESENTATION('',(#9841),#9845);
#9841 = B_SPLINE_CURVE_WITH_KNOTS('',2,(#9842,#9843,#9844),
  .UNSPECIFIED.,.F.,.F.,(3,3),(0.,1.),.PIECEWISE_BEZIER_KNOTS.);
#9842 = CARTESIAN_POINT('',(1.1921875,0.70625));
#9843 = CARTESIAN_POINT('',(1.1921875,0.871875));
#9844 = CARTESIAN_POINT('',(1.103125,0.96875));
#9845 = ( GEOMETRIC_REPRESENTATION_CONTEXT(2) 
PARAMETRIC_REPRESENTATION_CONTEXT() REPRESENTATION_CONTEXT('2D SPACE',''
  ) );
#9846 = ORIENTED_EDGE('',*,*,#9847,.F.);
#9847 = EDGE_CURVE('',#2748,#9825,#9848,.T.);
#9848 = SURFACE_CURVE('',#9849,(#9853,#9860),.PCURVE_S1.);
#9849 = LINE('',#9850,#9851);
#9850 = CARTESIAN_POINT('',(42.85625,4.91171875,3.95));
#9851 = VECTOR('',#9852,1.);
#9852 = DIRECTION('',(0.,0.,1.));
#9853 = PCURVE('',#2777,#9854);
#9854 = DEFINITIONAL_REPRESENTATION('',(#9855),#9859);
#9855 = LINE('',#9856,#9857);
#9856 = CARTESIAN_POINT('',(1.,0.));
#9857 = VECTOR('',#9858,1.);
#9858 = DIRECTION('',(0.,-1.));
#9859 = ( GEOMETRIC_REPRESENTATION_CONTEXT(2) 
PARAMETRIC_REPRESENTATION_CONTEXT() REPRESENTATION_CONTEXT('2D SPACE',''
  ) );
#9860 = PCURVE('',#2824,#9861);
#9861 = DEFINITIONAL_REPRESENTATION('',(#9862),#9866);
#9862 = LINE('',#9863,#9864);
#9863 = CARTESIAN_POINT('',(0.,0.));
#9864 = VECTOR('',#9865,1.);
#9865 = DIRECTION('',(0.,-1.));
#9866 = ( GEOMETRIC_REPRESENTATION_CONTEXT(2) 
PARAMETRIC_REPRESENTATION_CONTEXT() REPRESENTATION_CONTEXT('2D SPACE',''
  ) );
#9867 = ADVANCED_FACE('',(#9868),#3570,.T.);
#9868 = FACE_BOUND('',#9869,.T.);
#9869 = EDGE_LOOP('',(#9870,#9871,#9894,#9915));
#9870 = ORIENTED_EDGE('',*,*,#3540,.T.);
#9871 = ORIENTED_EDGE('',*,*,#9872,.T.);
#9872 = EDGE_CURVE('',#3490,#9873,#9875,.T.);
#9873 = VERTEX_POINT('',#9874);
#9874 = CARTESIAN_POINT('',(43.27734375,4.98515625,4.6));
#9875 = SURFACE_CURVE('',#9876,(#9880,#9887),.PCURVE_S1.);
#9876 = LINE('',#9877,#9878);
#9877 = CARTESIAN_POINT('',(43.27734375,4.98515625,3.95));
#9878 = VECTOR('',#9879,1.);
#9879 = DIRECTION('',(0.,0.,1.));
#9880 = PCURVE('',#3570,#9881);
#9881 = DEFINITIONAL_REPRESENTATION('',(#9882),#9886);
#9882 = LINE('',#9883,#9884);
#9883 = CARTESIAN_POINT('',(0.,0.));
#9884 = VECTOR('',#9885,1.);
#9885 = DIRECTION('',(0.,-1.));
#9886 = ( GEOMETRIC_REPRESENTATION_CONTEXT(2) 
PARAMETRIC_REPRESENTATION_CONTEXT() REPRESENTATION_CONTEXT('2D SPACE',''
  ) );
#9887 = PCURVE('',#3519,#9888);
#9888 = DEFINITIONAL_REPRESENTATION('',(#9889),#9893);
#9889 = LINE('',#9890,#9891);
#9890 = CARTESIAN_POINT('',(1.,0.));
#9891 = VECTOR('',#9892,1.);
#9892 = DIRECTION('',(0.,-1.));
#9893 = ( GEOMETRIC_REPRESENTATION_CONTEXT(2) 
PARAMETRIC_REPRESENTATION_CONTEXT() REPRESENTATION_CONTEXT('2D SPACE',''
  ) );
#9894 = ORIENTED_EDGE('',*,*,#9895,.T.);
#9895 = EDGE_CURVE('',#9873,#9775,#9896,.T.);
#9896 = SURFACE_CURVE('',#9897,(#9901,#9908),.PCURVE_S1.);
#9897 = B_SPLINE_CURVE_WITH_KNOTS('',2,(#9898,#9899,#9900),
  .UNSPECIFIED.,.F.,.F.,(3,3),(0.,1.),.PIECEWISE_BEZIER_KNOTS.);
#9898 = CARTESIAN_POINT('',(43.27734375,4.98515625,4.6));
#9899 = CARTESIAN_POINT('',(43.3953125,4.83828125,4.6));
#9900 = CARTESIAN_POINT('',(43.3953125,4.63046875,4.6));
#9901 = PCURVE('',#3570,#9902);
#9902 = DEFINITIONAL_REPRESENTATION('',(#9903),#9907);
#9903 = LINE('',#9904,#9905);
#9904 = CARTESIAN_POINT('',(0.,-0.65));
#9905 = VECTOR('',#9906,1.);
#9906 = DIRECTION('',(1.,0.));
#9907 = ( GEOMETRIC_REPRESENTATION_CONTEXT(2) 
PARAMETRIC_REPRESENTATION_CONTEXT() REPRESENTATION_CONTEXT('2D SPACE',''
  ) );
#9908 = PCURVE('',#9394,#9909);
#9909 = DEFINITIONAL_REPRESENTATION('',(#9910),#9914);
#9910 = B_SPLINE_CURVE_WITH_KNOTS('',2,(#9911,#9912,#9913),
  .UNSPECIFIED.,.F.,.F.,(3,3),(0.,1.),.PIECEWISE_BEZIER_KNOTS.);
#9911 = CARTESIAN_POINT('',(1.52421875,1.0421875));
#9912 = CARTESIAN_POINT('',(1.6421875,0.8953125));
#9913 = CARTESIAN_POINT('',(1.6421875,0.6875));
#9914 = ( GEOMETRIC_REPRESENTATION_CONTEXT(2) 
PARAMETRIC_REPRESENTATION_CONTEXT() REPRESENTATION_CONTEXT('2D SPACE',''
  ) );
#9915 = ORIENTED_EDGE('',*,*,#9774,.F.);
#9916 = ADVANCED_FACE('',(#9917),#2824,.T.);
#9917 = FACE_BOUND('',#9918,.T.);
#9918 = EDGE_LOOP('',(#9919,#9920,#9921,#9944));
#9919 = ORIENTED_EDGE('',*,*,#2798,.T.);
#9920 = ORIENTED_EDGE('',*,*,#9847,.T.);
#9921 = ORIENTED_EDGE('',*,*,#9922,.T.);
#9922 = EDGE_CURVE('',#9825,#9923,#9925,.T.);
#9923 = VERTEX_POINT('',#9924);
#9924 = CARTESIAN_POINT('',(42.6390625,5.00859375,4.6));
#9925 = SURFACE_CURVE('',#9926,(#9930,#9937),.PCURVE_S1.);
#9926 = B_SPLINE_CURVE_WITH_KNOTS('',2,(#9927,#9928,#9929),
  .UNSPECIFIED.,.F.,.F.,(3,3),(0.,1.),.PIECEWISE_BEZIER_KNOTS.);
#9927 = CARTESIAN_POINT('',(42.85625,4.91171875,4.6));
#9928 = CARTESIAN_POINT('',(42.7671875,5.00859375,4.6));
#9929 = CARTESIAN_POINT('',(42.6390625,5.00859375,4.6));
#9930 = PCURVE('',#2824,#9931);
#9931 = DEFINITIONAL_REPRESENTATION('',(#9932),#9936);
#9932 = LINE('',#9933,#9934);
#9933 = CARTESIAN_POINT('',(0.,-0.65));
#9934 = VECTOR('',#9935,1.);
#9935 = DIRECTION('',(1.,0.));
#9936 = ( GEOMETRIC_REPRESENTATION_CONTEXT(2) 
PARAMETRIC_REPRESENTATION_CONTEXT() REPRESENTATION_CONTEXT('2D SPACE',''
  ) );
#9937 = PCURVE('',#9394,#9938);
#9938 = DEFINITIONAL_REPRESENTATION('',(#9939),#9943);
#9939 = B_SPLINE_CURVE_WITH_KNOTS('',2,(#9940,#9941,#9942),
  .UNSPECIFIED.,.F.,.F.,(3,3),(0.,1.),.PIECEWISE_BEZIER_KNOTS.);
#9940 = CARTESIAN_POINT('',(1.103125,0.96875));
#9941 = CARTESIAN_POINT('',(1.0140625,1.065625));
#9942 = CARTESIAN_POINT('',(0.8859375,1.065625));
#9943 = ( GEOMETRIC_REPRESENTATION_CONTEXT(2) 
PARAMETRIC_REPRESENTATION_CONTEXT() REPRESENTATION_CONTEXT('2D SPACE',''
  ) );
#9944 = ORIENTED_EDGE('',*,*,#9945,.F.);
#9945 = EDGE_CURVE('',#2799,#9923,#9946,.T.);
#9946 = SURFACE_CURVE('',#9947,(#9951,#9958),.PCURVE_S1.);
#9947 = LINE('',#9948,#9949);
#9948 = CARTESIAN_POINT('',(42.6390625,5.00859375,3.95));
#9949 = VECTOR('',#9950,1.);
#9950 = DIRECTION('',(0.,0.,1.));
#9951 = PCURVE('',#2824,#9952);
#9952 = DEFINITIONAL_REPRESENTATION('',(#9953),#9957);
#9953 = LINE('',#9954,#9955);
#9954 = CARTESIAN_POINT('',(1.,0.));
#9955 = VECTOR('',#9956,1.);
#9956 = DIRECTION('',(0.,-1.));
#9957 = ( GEOMETRIC_REPRESENTATION_CONTEXT(2) 
PARAMETRIC_REPRESENTATION_CONTEXT() REPRESENTATION_CONTEXT('2D SPACE',''
  ) );
#9958 = PCURVE('',#2863,#9959);
#9959 = DEFINITIONAL_REPRESENTATION('',(#9960),#9964);
#9960 = LINE('',#9961,#9962);
#9961 = CARTESIAN_POINT('',(0.,0.));
#9962 = VECTOR('',#9963,1.);
#9963 = DIRECTION('',(0.,-1.));
#9964 = ( GEOMETRIC_REPRESENTATION_CONTEXT(2) 
PARAMETRIC_REPRESENTATION_CONTEXT() REPRESENTATION_CONTEXT('2D SPACE',''
  ) );
#9965 = ADVANCED_FACE('',(#9966),#3519,.T.);
#9966 = FACE_BOUND('',#9967,.T.);
#9967 = EDGE_LOOP('',(#9968,#9969,#9992,#10013));
#9968 = ORIENTED_EDGE('',*,*,#3489,.T.);
#9969 = ORIENTED_EDGE('',*,*,#9970,.T.);
#9970 = EDGE_CURVE('',#3433,#9971,#9973,.T.);
#9971 = VERTEX_POINT('',#9972);
#9972 = CARTESIAN_POINT('',(42.9625,5.17421875,4.6));
#9973 = SURFACE_CURVE('',#9974,(#9978,#9985),.PCURVE_S1.);
#9974 = LINE('',#9975,#9976);
#9975 = CARTESIAN_POINT('',(42.9625,5.17421875,3.95));
#9976 = VECTOR('',#9977,1.);
#9977 = DIRECTION('',(0.,0.,1.));
#9978 = PCURVE('',#3519,#9979);
#9979 = DEFINITIONAL_REPRESENTATION('',(#9980),#9984);
#9980 = LINE('',#9981,#9982);
#9981 = CARTESIAN_POINT('',(0.,0.));
#9982 = VECTOR('',#9983,1.);
#9983 = DIRECTION('',(0.,-1.));
#9984 = ( GEOMETRIC_REPRESENTATION_CONTEXT(2) 
PARAMETRIC_REPRESENTATION_CONTEXT() REPRESENTATION_CONTEXT('2D SPACE',''
  ) );
#9985 = PCURVE('',#3466,#9986);
#9986 = DEFINITIONAL_REPRESENTATION('',(#9987),#9991);
#9987 = LINE('',#9988,#9989);
#9988 = CARTESIAN_POINT('',(1.,0.));
#9989 = VECTOR('',#9990,1.);
#9990 = DIRECTION('',(0.,-1.));
#9991 = ( GEOMETRIC_REPRESENTATION_CONTEXT(2) 
PARAMETRIC_REPRESENTATION_CONTEXT() REPRESENTATION_CONTEXT('2D SPACE',''
  ) );
#9992 = ORIENTED_EDGE('',*,*,#9993,.T.);
#9993 = EDGE_CURVE('',#9971,#9873,#9994,.T.);
#9994 = SURFACE_CURVE('',#9995,(#9999,#10006),.PCURVE_S1.);
#9995 = B_SPLINE_CURVE_WITH_KNOTS('',2,(#9996,#9997,#9998),
  .UNSPECIFIED.,.F.,.F.,(3,3),(0.,1.),.PIECEWISE_BEZIER_KNOTS.);
#9996 = CARTESIAN_POINT('',(42.9625,5.17421875,4.6));
#9997 = CARTESIAN_POINT('',(43.159375,5.13203125,4.6));
#9998 = CARTESIAN_POINT('',(43.27734375,4.98515625,4.6));
#9999 = PCURVE('',#3519,#10000);
#10000 = DEFINITIONAL_REPRESENTATION('',(#10001),#10005);
#10001 = LINE('',#10002,#10003);
#10002 = CARTESIAN_POINT('',(0.,-0.65));
#10003 = VECTOR('',#10004,1.);
#10004 = DIRECTION('',(1.,0.));
#10005 = ( GEOMETRIC_REPRESENTATION_CONTEXT(2) 
PARAMETRIC_REPRESENTATION_CONTEXT() REPRESENTATION_CONTEXT('2D SPACE',''
  ) );
#10006 = PCURVE('',#9394,#10007);
#10007 = DEFINITIONAL_REPRESENTATION('',(#10008),#10012);
#10008 = B_SPLINE_CURVE_WITH_KNOTS('',2,(#10009,#10010,#10011),
  .UNSPECIFIED.,.F.,.F.,(3,3),(0.,1.),.PIECEWISE_BEZIER_KNOTS.);
#10009 = CARTESIAN_POINT('',(1.209375,1.23125));
#10010 = CARTESIAN_POINT('',(1.40625,1.1890625));
#10011 = CARTESIAN_POINT('',(1.52421875,1.0421875));
#10012 = ( GEOMETRIC_REPRESENTATION_CONTEXT(2) 
PARAMETRIC_REPRESENTATION_CONTEXT() REPRESENTATION_CONTEXT('2D SPACE',''
  ) );
#10013 = ORIENTED_EDGE('',*,*,#9872,.F.);
#10014 = ADVANCED_FACE('',(#10015),#2863,.T.);
#10015 = FACE_BOUND('',#10016,.T.);
#10016 = EDGE_LOOP('',(#10017,#10018,#10019,#10042));
#10017 = ORIENTED_EDGE('',*,*,#2843,.T.);
#10018 = ORIENTED_EDGE('',*,*,#9945,.T.);
#10019 = ORIENTED_EDGE('',*,*,#10020,.T.);
#10020 = EDGE_CURVE('',#9923,#10021,#10023,.T.);
#10021 = VERTEX_POINT('',#10022);
#10022 = CARTESIAN_POINT('',(42.4375,4.97578125,4.6));
#10023 = SURFACE_CURVE('',#10024,(#10028,#10035),.PCURVE_S1.);
#10024 = B_SPLINE_CURVE_WITH_KNOTS('',2,(#10025,#10026,#10027),
  .UNSPECIFIED.,.F.,.F.,(3,3),(0.,1.),.PIECEWISE_BEZIER_KNOTS.);
#10025 = CARTESIAN_POINT('',(42.6390625,5.00859375,4.6));
#10026 = CARTESIAN_POINT('',(42.5546875,5.00859375,4.6));
#10027 = CARTESIAN_POINT('',(42.4375,4.97578125,4.6));
#10028 = PCURVE('',#2863,#10029);
#10029 = DEFINITIONAL_REPRESENTATION('',(#10030),#10034);
#10030 = LINE('',#10031,#10032);
#10031 = CARTESIAN_POINT('',(0.,-0.65));
#10032 = VECTOR('',#10033,1.);
#10033 = DIRECTION('',(1.,0.));
#10034 = ( GEOMETRIC_REPRESENTATION_CONTEXT(2) 
PARAMETRIC_REPRESENTATION_CONTEXT() REPRESENTATION_CONTEXT('2D SPACE',''
  ) );
#10035 = PCURVE('',#9394,#10036);
#10036 = DEFINITIONAL_REPRESENTATION('',(#10037),#10041);
#10037 = B_SPLINE_CURVE_WITH_KNOTS('',2,(#10038,#10039,#10040),
  .UNSPECIFIED.,.F.,.F.,(3,3),(0.,1.),.PIECEWISE_BEZIER_KNOTS.);
#10038 = CARTESIAN_POINT('',(0.8859375,1.065625));
#10039 = CARTESIAN_POINT('',(0.8015625,1.065625));
#10040 = CARTESIAN_POINT('',(0.684375,1.0328125));
#10041 = ( GEOMETRIC_REPRESENTATION_CONTEXT(2) 
PARAMETRIC_REPRESENTATION_CONTEXT() REPRESENTATION_CONTEXT('2D SPACE',''
  ) );
#10042 = ORIENTED_EDGE('',*,*,#10043,.F.);
#10043 = EDGE_CURVE('',#2844,#10021,#10044,.T.);
#10044 = SURFACE_CURVE('',#10045,(#10049,#10056),.PCURVE_S1.);
#10045 = LINE('',#10046,#10047);
#10046 = CARTESIAN_POINT('',(42.4375,4.97578125,3.95));
#10047 = VECTOR('',#10048,1.);
#10048 = DIRECTION('',(0.,0.,1.));
#10049 = PCURVE('',#2863,#10050);
#10050 = DEFINITIONAL_REPRESENTATION('',(#10051),#10055);
#10051 = LINE('',#10052,#10053);
#10052 = CARTESIAN_POINT('',(1.,0.));
#10053 = VECTOR('',#10054,1.);
#10054 = DIRECTION('',(0.,-1.));
#10055 = ( GEOMETRIC_REPRESENTATION_CONTEXT(2) 
PARAMETRIC_REPRESENTATION_CONTEXT() REPRESENTATION_CONTEXT('2D SPACE',''
  ) );
#10056 = PCURVE('',#2894,#10057);
#10057 = DEFINITIONAL_REPRESENTATION('',(#10058),#10062);
#10058 = LINE('',#10059,#10060);
#10059 = CARTESIAN_POINT('',(0.,0.));
#10060 = VECTOR('',#10061,1.);
#10061 = DIRECTION('',(0.,-1.));
#10062 = ( GEOMETRIC_REPRESENTATION_CONTEXT(2) 
PARAMETRIC_REPRESENTATION_CONTEXT() REPRESENTATION_CONTEXT('2D SPACE',''
  ) );
#10063 = ADVANCED_FACE('',(#10064),#3466,.T.);
#10064 = FACE_BOUND('',#10065,.T.);
#10065 = EDGE_LOOP('',(#10066,#10067,#10090,#10111));
#10066 = ORIENTED_EDGE('',*,*,#3432,.T.);
#10067 = ORIENTED_EDGE('',*,*,#10068,.T.);
#10068 = EDGE_CURVE('',#3382,#10069,#10071,.T.);
#10069 = VERTEX_POINT('',#10070);
#10070 = CARTESIAN_POINT('',(43.2921875,5.65546875,4.6));
#10071 = SURFACE_CURVE('',#10072,(#10076,#10083),.PCURVE_S1.);
#10072 = LINE('',#10073,#10074);
#10073 = CARTESIAN_POINT('',(43.2921875,5.65546875,3.95));
#10074 = VECTOR('',#10075,1.);
#10075 = DIRECTION('',(0.,0.,1.));
#10076 = PCURVE('',#3466,#10077);
#10077 = DEFINITIONAL_REPRESENTATION('',(#10078),#10082);
#10078 = LINE('',#10079,#10080);
#10079 = CARTESIAN_POINT('',(0.,0.));
#10080 = VECTOR('',#10081,1.);
#10081 = DIRECTION('',(0.,-1.));
#10082 = ( GEOMETRIC_REPRESENTATION_CONTEXT(2) 
PARAMETRIC_REPRESENTATION_CONTEXT() REPRESENTATION_CONTEXT('2D SPACE',''
  ) );
#10083 = PCURVE('',#3411,#10084);
#10084 = DEFINITIONAL_REPRESENTATION('',(#10085),#10089);
#10085 = LINE('',#10086,#10087);
#10086 = CARTESIAN_POINT('',(1.,0.));
#10087 = VECTOR('',#10088,1.);
#10088 = DIRECTION('',(0.,-1.));
#10089 = ( GEOMETRIC_REPRESENTATION_CONTEXT(2) 
PARAMETRIC_REPRESENTATION_CONTEXT() REPRESENTATION_CONTEXT('2D SPACE',''
  ) );
#10090 = ORIENTED_EDGE('',*,*,#10091,.T.);
#10091 = EDGE_CURVE('',#10069,#9971,#10092,.T.);
#10092 = SURFACE_CURVE('',#10093,(#10097,#10104),.PCURVE_S1.);
#10093 = B_SPLINE_CURVE_WITH_KNOTS('',2,(#10094,#10095,#10096),
  .UNSPECIFIED.,.F.,.F.,(3,3),(0.,1.),.PIECEWISE_BEZIER_KNOTS.);
#10094 = CARTESIAN_POINT('',(43.2921875,5.65546875,4.6));
#10095 = CARTESIAN_POINT('',(43.2921875,5.35390625,4.6));
#10096 = CARTESIAN_POINT('',(42.9625,5.17421875,4.6));
#10097 = PCURVE('',#3466,#10098);
#10098 = DEFINITIONAL_REPRESENTATION('',(#10099),#10103);
#10099 = LINE('',#10100,#10101);
#10100 = CARTESIAN_POINT('',(0.,-0.65));
#10101 = VECTOR('',#10102,1.);
#10102 = DIRECTION('',(1.,0.));
#10103 = ( GEOMETRIC_REPRESENTATION_CONTEXT(2) 
PARAMETRIC_REPRESENTATION_CONTEXT() REPRESENTATION_CONTEXT('2D SPACE',''
  ) );
#10104 = PCURVE('',#9394,#10105);
#10105 = DEFINITIONAL_REPRESENTATION('',(#10106),#10110);
#10106 = B_SPLINE_CURVE_WITH_KNOTS('',2,(#10107,#10108,#10109),
  .UNSPECIFIED.,.F.,.F.,(3,3),(0.,1.),.PIECEWISE_BEZIER_KNOTS.);
#10107 = CARTESIAN_POINT('',(1.5390625,1.7125));
#10108 = CARTESIAN_POINT('',(1.5390625,1.4109375));
#10109 = CARTESIAN_POINT('',(1.209375,1.23125));
#10110 = ( GEOMETRIC_REPRESENTATION_CONTEXT(2) 
PARAMETRIC_REPRESENTATION_CONTEXT() REPRESENTATION_CONTEXT('2D SPACE',''
  ) );
#10111 = ORIENTED_EDGE('',*,*,#9970,.F.);
#10112 = ADVANCED_FACE('',(#10113),#2894,.T.);
#10113 = FACE_BOUND('',#10114,.T.);
#10114 = EDGE_LOOP('',(#10115,#10116,#10117,#10140));
#10115 = ORIENTED_EDGE('',*,*,#2879,.T.);
#10116 = ORIENTED_EDGE('',*,*,#10043,.T.);
#10117 = ORIENTED_EDGE('',*,*,#10118,.T.);
#10118 = EDGE_CURVE('',#10021,#10119,#10121,.T.);
#10119 = VERTEX_POINT('',#10120);
#10120 = CARTESIAN_POINT('',(42.4859375,5.33359375,4.6));
#10121 = SURFACE_CURVE('',#10122,(#10126,#10133),.PCURVE_S1.);
#10122 = LINE('',#10123,#10124);
#10123 = CARTESIAN_POINT('',(42.4375,4.97578125,4.6));
#10124 = VECTOR('',#10125,1.);
#10125 = DIRECTION('',(0.134147607842,0.990961361159,0.));
#10126 = PCURVE('',#2894,#10127);
#10127 = DEFINITIONAL_REPRESENTATION('',(#10128),#10132);
#10128 = LINE('',#10129,#10130);
#10129 = CARTESIAN_POINT('',(0.,-0.65));
#10130 = VECTOR('',#10131,1.);
#10131 = DIRECTION('',(1.,0.));
#10132 = ( GEOMETRIC_REPRESENTATION_CONTEXT(2) 
PARAMETRIC_REPRESENTATION_CONTEXT() REPRESENTATION_CONTEXT('2D SPACE',''
  ) );
#10133 = PCURVE('',#9394,#10134);
#10134 = DEFINITIONAL_REPRESENTATION('',(#10135),#10139);
#10135 = LINE('',#10136,#10137);
#10136 = CARTESIAN_POINT('',(0.684375,1.0328125));
#10137 = VECTOR('',#10138,1.);
#10138 = DIRECTION('',(0.134147607842,0.990961361159));
#10139 = ( GEOMETRIC_REPRESENTATION_CONTEXT(2) 
PARAMETRIC_REPRESENTATION_CONTEXT() REPRESENTATION_CONTEXT('2D SPACE',''
  ) );
#10140 = ORIENTED_EDGE('',*,*,#10141,.F.);
#10141 = EDGE_CURVE('',#2880,#10119,#10142,.T.);
#10142 = SURFACE_CURVE('',#10143,(#10147,#10154),.PCURVE_S1.);
#10143 = LINE('',#10144,#10145);
#10144 = CARTESIAN_POINT('',(42.4859375,5.33359375,3.95));
#10145 = VECTOR('',#10146,1.);
#10146 = DIRECTION('',(0.,0.,1.));
#10147 = PCURVE('',#2894,#10148);
#10148 = DEFINITIONAL_REPRESENTATION('',(#10149),#10153);
#10149 = LINE('',#10150,#10151);
#10150 = CARTESIAN_POINT('',(0.361076136795,0.));
#10151 = VECTOR('',#10152,1.);
#10152 = DIRECTION('',(0.,-1.));
#10153 = ( GEOMETRIC_REPRESENTATION_CONTEXT(2) 
PARAMETRIC_REPRESENTATION_CONTEXT() REPRESENTATION_CONTEXT('2D SPACE',''
  ) );
#10154 = PCURVE('',#2927,#10155);
#10155 = DEFINITIONAL_REPRESENTATION('',(#10156),#10160);
#10156 = LINE('',#10157,#10158);
#10157 = CARTESIAN_POINT('',(0.,0.));
#10158 = VECTOR('',#10159,1.);
#10159 = DIRECTION('',(0.,-1.));
#10160 = ( GEOMETRIC_REPRESENTATION_CONTEXT(2) 
PARAMETRIC_REPRESENTATION_CONTEXT() REPRESENTATION_CONTEXT('2D SPACE',''
  ) );
#10161 = ADVANCED_FACE('',(#10162),#3411,.T.);
#10162 = FACE_BOUND('',#10163,.T.);
#10163 = EDGE_LOOP('',(#10164,#10165,#10188,#10209));
#10164 = ORIENTED_EDGE('',*,*,#3381,.T.);
#10165 = ORIENTED_EDGE('',*,*,#10166,.T.);
#10166 = EDGE_CURVE('',#3331,#10167,#10169,.T.);
#10167 = VERTEX_POINT('',#10168);
#10168 = CARTESIAN_POINT('',(43.13125,6.03671875,4.6));
#10169 = SURFACE_CURVE('',#10170,(#10174,#10181),.PCURVE_S1.);
#10170 = LINE('',#10171,#10172);
#10171 = CARTESIAN_POINT('',(43.13125,6.03671875,3.95));
#10172 = VECTOR('',#10173,1.);
#10173 = DIRECTION('',(0.,0.,1.));
#10174 = PCURVE('',#3411,#10175);
#10175 = DEFINITIONAL_REPRESENTATION('',(#10176),#10180);
#10176 = LINE('',#10177,#10178);
#10177 = CARTESIAN_POINT('',(0.,0.));
#10178 = VECTOR('',#10179,1.);
#10179 = DIRECTION('',(0.,-1.));
#10180 = ( GEOMETRIC_REPRESENTATION_CONTEXT(2) 
PARAMETRIC_REPRESENTATION_CONTEXT() REPRESENTATION_CONTEXT('2D SPACE',''
  ) );
#10181 = PCURVE('',#3360,#10182);
#10182 = DEFINITIONAL_REPRESENTATION('',(#10183),#10187);
#10183 = LINE('',#10184,#10185);
#10184 = CARTESIAN_POINT('',(1.,0.));
#10185 = VECTOR('',#10186,1.);
#10186 = DIRECTION('',(0.,-1.));
#10187 = ( GEOMETRIC_REPRESENTATION_CONTEXT(2) 
PARAMETRIC_REPRESENTATION_CONTEXT() REPRESENTATION_CONTEXT('2D SPACE',''
  ) );
#10188 = ORIENTED_EDGE('',*,*,#10189,.T.);
#10189 = EDGE_CURVE('',#10167,#10069,#10190,.T.);
#10190 = SURFACE_CURVE('',#10191,(#10195,#10202),.PCURVE_S1.);
#10191 = B_SPLINE_CURVE_WITH_KNOTS('',2,(#10192,#10193,#10194),
  .UNSPECIFIED.,.F.,.F.,(3,3),(0.,1.),.PIECEWISE_BEZIER_KNOTS.);
#10192 = CARTESIAN_POINT('',(43.13125,6.03671875,4.6));
#10193 = CARTESIAN_POINT('',(43.2921875,5.86796875,4.6));
#10194 = CARTESIAN_POINT('',(43.2921875,5.65546875,4.6));
#10195 = PCURVE('',#3411,#10196);
#10196 = DEFINITIONAL_REPRESENTATION('',(#10197),#10201);
#10197 = LINE('',#10198,#10199);
#10198 = CARTESIAN_POINT('',(0.,-0.65));
#10199 = VECTOR('',#10200,1.);
#10200 = DIRECTION('',(1.,0.));
#10201 = ( GEOMETRIC_REPRESENTATION_CONTEXT(2) 
PARAMETRIC_REPRESENTATION_CONTEXT() REPRESENTATION_CONTEXT('2D SPACE',''
  ) );
#10202 = PCURVE('',#9394,#10203);
#10203 = DEFINITIONAL_REPRESENTATION('',(#10204),#10208);
#10204 = B_SPLINE_CURVE_WITH_KNOTS('',2,(#10205,#10206,#10207),
  .UNSPECIFIED.,.F.,.F.,(3,3),(0.,1.),.PIECEWISE_BEZIER_KNOTS.);
#10205 = CARTESIAN_POINT('',(1.378125,2.09375));
#10206 = CARTESIAN_POINT('',(1.5390625,1.925));
#10207 = CARTESIAN_POINT('',(1.5390625,1.7125));
#10208 = ( GEOMETRIC_REPRESENTATION_CONTEXT(2) 
PARAMETRIC_REPRESENTATION_CONTEXT() REPRESENTATION_CONTEXT('2D SPACE',''
  ) );
#10209 = ORIENTED_EDGE('',*,*,#10068,.F.);
#10210 = ADVANCED_FACE('',(#10211),#2927,.T.);
#10211 = FACE_BOUND('',#10212,.T.);
#10212 = EDGE_LOOP('',(#10213,#10214,#10215,#10238));
#10213 = ORIENTED_EDGE('',*,*,#2905,.T.);
#10214 = ORIENTED_EDGE('',*,*,#10141,.T.);
#10215 = ORIENTED_EDGE('',*,*,#10216,.T.);
#10216 = EDGE_CURVE('',#10119,#10217,#10219,.T.);
#10217 = VERTEX_POINT('',#10218);
#10218 = CARTESIAN_POINT('',(42.7578125,5.4109375,4.6));
#10219 = SURFACE_CURVE('',#10220,(#10224,#10231),.PCURVE_S1.);
#10220 = B_SPLINE_CURVE_WITH_KNOTS('',2,(#10221,#10222,#10223),
  .UNSPECIFIED.,.F.,.F.,(3,3),(0.,1.),.PIECEWISE_BEZIER_KNOTS.);
#10221 = CARTESIAN_POINT('',(42.4859375,5.33359375,4.6));
#10222 = CARTESIAN_POINT('',(42.6640625,5.32890625,4.6));
#10223 = CARTESIAN_POINT('',(42.7578125,5.4109375,4.6));
#10224 = PCURVE('',#2927,#10225);
#10225 = DEFINITIONAL_REPRESENTATION('',(#10226),#10230);
#10226 = LINE('',#10227,#10228);
#10227 = CARTESIAN_POINT('',(0.,-0.65));
#10228 = VECTOR('',#10229,1.);
#10229 = DIRECTION('',(1.,0.));
#10230 = ( GEOMETRIC_REPRESENTATION_CONTEXT(2) 
PARAMETRIC_REPRESENTATION_CONTEXT() REPRESENTATION_CONTEXT('2D SPACE',''
  ) );
#10231 = PCURVE('',#9394,#10232);
#10232 = DEFINITIONAL_REPRESENTATION('',(#10233),#10237);
#10233 = B_SPLINE_CURVE_WITH_KNOTS('',2,(#10234,#10235,#10236),
  .UNSPECIFIED.,.F.,.F.,(3,3),(0.,1.),.PIECEWISE_BEZIER_KNOTS.);
#10234 = CARTESIAN_POINT('',(0.7328125,1.390625));
#10235 = CARTESIAN_POINT('',(0.9109375,1.3859375));
#10236 = CARTESIAN_POINT('',(1.0046875,1.46796875));
#10237 = ( GEOMETRIC_REPRESENTATION_CONTEXT(2) 
PARAMETRIC_REPRESENTATION_CONTEXT() REPRESENTATION_CONTEXT('2D SPACE',''
  ) );
#10238 = ORIENTED_EDGE('',*,*,#10239,.F.);
#10239 = EDGE_CURVE('',#2906,#10217,#10240,.T.);
#10240 = SURFACE_CURVE('',#10241,(#10245,#10252),.PCURVE_S1.);
#10241 = LINE('',#10242,#10243);
#10242 = CARTESIAN_POINT('',(42.7578125,5.4109375,3.95));
#10243 = VECTOR('',#10244,1.);
#10244 = DIRECTION('',(0.,0.,1.));
#10245 = PCURVE('',#2927,#10246);
#10246 = DEFINITIONAL_REPRESENTATION('',(#10247),#10251);
#10247 = LINE('',#10248,#10249);
#10248 = CARTESIAN_POINT('',(1.,0.));
#10249 = VECTOR('',#10250,1.);
#10250 = DIRECTION('',(0.,-1.));
#10251 = ( GEOMETRIC_REPRESENTATION_CONTEXT(2) 
PARAMETRIC_REPRESENTATION_CONTEXT() REPRESENTATION_CONTEXT('2D SPACE',''
  ) );
#10252 = PCURVE('',#2974,#10253);
#10253 = DEFINITIONAL_REPRESENTATION('',(#10254),#10258);
#10254 = LINE('',#10255,#10256);
#10255 = CARTESIAN_POINT('',(0.,0.));
#10256 = VECTOR('',#10257,1.);
#10257 = DIRECTION('',(0.,-1.));
#10258 = ( GEOMETRIC_REPRESENTATION_CONTEXT(2) 
PARAMETRIC_REPRESENTATION_CONTEXT() REPRESENTATION_CONTEXT('2D SPACE',''
  ) );
#10259 = ADVANCED_FACE('',(#10260),#3360,.T.);
#10260 = FACE_BOUND('',#10261,.T.);
#10261 = EDGE_LOOP('',(#10262,#10263,#10286,#10307));
#10262 = ORIENTED_EDGE('',*,*,#3330,.T.);
#10263 = ORIENTED_EDGE('',*,*,#10264,.T.);
#10264 = EDGE_CURVE('',#3292,#10265,#10267,.T.);
#10265 = VERTEX_POINT('',#10266);
#10266 = CARTESIAN_POINT('',(42.6125,6.24296875,4.6));
#10267 = SURFACE_CURVE('',#10268,(#10272,#10279),.PCURVE_S1.);
#10268 = LINE('',#10269,#10270);
#10269 = CARTESIAN_POINT('',(42.6125,6.24296875,3.95));
#10270 = VECTOR('',#10271,1.);
#10271 = DIRECTION('',(0.,0.,1.));
#10272 = PCURVE('',#3360,#10273);
#10273 = DEFINITIONAL_REPRESENTATION('',(#10274),#10278);
#10274 = LINE('',#10275,#10276);
#10275 = CARTESIAN_POINT('',(0.,0.));
#10276 = VECTOR('',#10277,1.);
#10277 = DIRECTION('',(0.,-1.));
#10278 = ( GEOMETRIC_REPRESENTATION_CONTEXT(2) 
PARAMETRIC_REPRESENTATION_CONTEXT() REPRESENTATION_CONTEXT('2D SPACE',''
  ) );
#10279 = PCURVE('',#3313,#10280);
#10280 = DEFINITIONAL_REPRESENTATION('',(#10281),#10285);
#10281 = LINE('',#10282,#10283);
#10282 = CARTESIAN_POINT('',(1.,0.));
#10283 = VECTOR('',#10284,1.);
#10284 = DIRECTION('',(0.,-1.));
#10285 = ( GEOMETRIC_REPRESENTATION_CONTEXT(2) 
PARAMETRIC_REPRESENTATION_CONTEXT() REPRESENTATION_CONTEXT('2D SPACE',''
  ) );
#10286 = ORIENTED_EDGE('',*,*,#10287,.T.);
#10287 = EDGE_CURVE('',#10265,#10167,#10288,.T.);
#10288 = SURFACE_CURVE('',#10289,(#10293,#10300),.PCURVE_S1.);
#10289 = B_SPLINE_CURVE_WITH_KNOTS('',2,(#10290,#10291,#10292),
  .UNSPECIFIED.,.F.,.F.,(3,3),(0.,1.),.PIECEWISE_BEZIER_KNOTS.);
#10290 = CARTESIAN_POINT('',(42.6125,6.24296875,4.6));
#10291 = CARTESIAN_POINT('',(42.9359375,6.24296875,4.6));
#10292 = CARTESIAN_POINT('',(43.13125,6.03671875,4.6));
#10293 = PCURVE('',#3360,#10294);
#10294 = DEFINITIONAL_REPRESENTATION('',(#10295),#10299);
#10295 = LINE('',#10296,#10297);
#10296 = CARTESIAN_POINT('',(0.,-0.65));
#10297 = VECTOR('',#10298,1.);
#10298 = DIRECTION('',(1.,0.));
#10299 = ( GEOMETRIC_REPRESENTATION_CONTEXT(2) 
PARAMETRIC_REPRESENTATION_CONTEXT() REPRESENTATION_CONTEXT('2D SPACE',''
  ) );
#10300 = PCURVE('',#9394,#10301);
#10301 = DEFINITIONAL_REPRESENTATION('',(#10302),#10306);
#10302 = B_SPLINE_CURVE_WITH_KNOTS('',2,(#10303,#10304,#10305),
  .UNSPECIFIED.,.F.,.F.,(3,3),(0.,1.),.PIECEWISE_BEZIER_KNOTS.);
#10303 = CARTESIAN_POINT('',(0.859375,2.3));
#10304 = CARTESIAN_POINT('',(1.1828125,2.3));
#10305 = CARTESIAN_POINT('',(1.378125,2.09375));
#10306 = ( GEOMETRIC_REPRESENTATION_CONTEXT(2) 
PARAMETRIC_REPRESENTATION_CONTEXT() REPRESENTATION_CONTEXT('2D SPACE',''
  ) );
#10307 = ORIENTED_EDGE('',*,*,#10166,.F.);
#10308 = ADVANCED_FACE('',(#10309),#2974,.T.);
#10309 = FACE_BOUND('',#10310,.T.);
#10310 = EDGE_LOOP('',(#10311,#10312,#10313,#10336));
#10311 = ORIENTED_EDGE('',*,*,#2944,.T.);
#10312 = ORIENTED_EDGE('',*,*,#10239,.T.);
#10313 = ORIENTED_EDGE('',*,*,#10314,.T.);
#10314 = EDGE_CURVE('',#10217,#10315,#10317,.T.);
#10315 = VERTEX_POINT('',#10316);
#10316 = CARTESIAN_POINT('',(42.8515625,5.62890625,4.6));
#10317 = SURFACE_CURVE('',#10318,(#10322,#10329),.PCURVE_S1.);
#10318 = B_SPLINE_CURVE_WITH_KNOTS('',2,(#10319,#10320,#10321),
  .UNSPECIFIED.,.F.,.F.,(3,3),(0.,1.),.PIECEWISE_BEZIER_KNOTS.);
#10319 = CARTESIAN_POINT('',(42.7578125,5.4109375,4.6));
#10320 = CARTESIAN_POINT('',(42.8515625,5.49296875,4.6));
#10321 = CARTESIAN_POINT('',(42.8515625,5.62890625,4.6));
#10322 = PCURVE('',#2974,#10323);
#10323 = DEFINITIONAL_REPRESENTATION('',(#10324),#10328);
#10324 = LINE('',#10325,#10326);
#10325 = CARTESIAN_POINT('',(0.,-0.65));
#10326 = VECTOR('',#10327,1.);
#10327 = DIRECTION('',(1.,0.));
#10328 = ( GEOMETRIC_REPRESENTATION_CONTEXT(2) 
PARAMETRIC_REPRESENTATION_CONTEXT() REPRESENTATION_CONTEXT('2D SPACE',''
  ) );
#10329 = PCURVE('',#9394,#10330);
#10330 = DEFINITIONAL_REPRESENTATION('',(#10331),#10335);
#10331 = B_SPLINE_CURVE_WITH_KNOTS('',2,(#10332,#10333,#10334),
  .UNSPECIFIED.,.F.,.F.,(3,3),(0.,1.),.PIECEWISE_BEZIER_KNOTS.);
#10332 = CARTESIAN_POINT('',(1.0046875,1.46796875));
#10333 = CARTESIAN_POINT('',(1.0984375,1.55));
#10334 = CARTESIAN_POINT('',(1.0984375,1.6859375));
#10335 = ( GEOMETRIC_REPRESENTATION_CONTEXT(2) 
PARAMETRIC_REPRESENTATION_CONTEXT() REPRESENTATION_CONTEXT('2D SPACE',''
  ) );
#10336 = ORIENTED_EDGE('',*,*,#10337,.F.);
#10337 = EDGE_CURVE('',#2945,#10315,#10338,.T.);
#10338 = SURFACE_CURVE('',#10339,(#10343,#10350),.PCURVE_S1.);
#10339 = LINE('',#10340,#10341);
#10340 = CARTESIAN_POINT('',(42.8515625,5.62890625,3.95));
#10341 = VECTOR('',#10342,1.);
#10342 = DIRECTION('',(0.,0.,1.));
#10343 = PCURVE('',#2974,#10344);
#10344 = DEFINITIONAL_REPRESENTATION('',(#10345),#10349);
#10345 = LINE('',#10346,#10347);
#10346 = CARTESIAN_POINT('',(1.,0.));
#10347 = VECTOR('',#10348,1.);
#10348 = DIRECTION('',(0.,-1.));
#10349 = ( GEOMETRIC_REPRESENTATION_CONTEXT(2) 
PARAMETRIC_REPRESENTATION_CONTEXT() REPRESENTATION_CONTEXT('2D SPACE',''
  ) );
#10350 = PCURVE('',#3025,#10351);
#10351 = DEFINITIONAL_REPRESENTATION('',(#10352),#10356);
#10352 = LINE('',#10353,#10354);
#10353 = CARTESIAN_POINT('',(0.,0.));
#10354 = VECTOR('',#10355,1.);
#10355 = DIRECTION('',(0.,-1.));
#10356 = ( GEOMETRIC_REPRESENTATION_CONTEXT(2) 
PARAMETRIC_REPRESENTATION_CONTEXT() REPRESENTATION_CONTEXT('2D SPACE',''
  ) );
#10357 = ADVANCED_FACE('',(#10358),#3313,.T.);
#10358 = FACE_BOUND('',#10359,.T.);
#10359 = EDGE_LOOP('',(#10360,#10361,#10384,#10405));
#10360 = ORIENTED_EDGE('',*,*,#3291,.T.);
#10361 = ORIENTED_EDGE('',*,*,#10362,.T.);
#10362 = EDGE_CURVE('',#3241,#10363,#10365,.T.);
#10363 = VERTEX_POINT('',#10364);
#10364 = CARTESIAN_POINT('',(42.27109375,6.171875,4.6));
#10365 = SURFACE_CURVE('',#10366,(#10370,#10377),.PCURVE_S1.);
#10366 = LINE('',#10367,#10368);
#10367 = CARTESIAN_POINT('',(42.27109375,6.171875,3.95));
#10368 = VECTOR('',#10369,1.);
#10369 = DIRECTION('',(0.,0.,1.));
#10370 = PCURVE('',#3313,#10371);
#10371 = DEFINITIONAL_REPRESENTATION('',(#10372),#10376);
#10372 = LINE('',#10373,#10374);
#10373 = CARTESIAN_POINT('',(0.,0.));
#10374 = VECTOR('',#10375,1.);
#10375 = DIRECTION('',(0.,-1.));
#10376 = ( GEOMETRIC_REPRESENTATION_CONTEXT(2) 
PARAMETRIC_REPRESENTATION_CONTEXT() REPRESENTATION_CONTEXT('2D SPACE',''
  ) );
#10377 = PCURVE('',#3270,#10378);
#10378 = DEFINITIONAL_REPRESENTATION('',(#10379),#10383);
#10379 = LINE('',#10380,#10381);
#10380 = CARTESIAN_POINT('',(1.,0.));
#10381 = VECTOR('',#10382,1.);
#10382 = DIRECTION('',(0.,-1.));
#10383 = ( GEOMETRIC_REPRESENTATION_CONTEXT(2) 
PARAMETRIC_REPRESENTATION_CONTEXT() REPRESENTATION_CONTEXT('2D SPACE',''
  ) );
#10384 = ORIENTED_EDGE('',*,*,#10385,.T.);
#10385 = EDGE_CURVE('',#10363,#10265,#10386,.T.);
#10386 = SURFACE_CURVE('',#10387,(#10391,#10398),.PCURVE_S1.);
#10387 = B_SPLINE_CURVE_WITH_KNOTS('',2,(#10388,#10389,#10390),
  .UNSPECIFIED.,.F.,.F.,(3,3),(0.,1.),.PIECEWISE_BEZIER_KNOTS.);
#10388 = CARTESIAN_POINT('',(42.27109375,6.171875,4.6));
#10389 = CARTESIAN_POINT('',(42.4234375,6.24296875,4.6));
#10390 = CARTESIAN_POINT('',(42.6125,6.24296875,4.6));
#10391 = PCURVE('',#3313,#10392);
#10392 = DEFINITIONAL_REPRESENTATION('',(#10393),#10397);
#10393 = LINE('',#10394,#10395);
#10394 = CARTESIAN_POINT('',(0.,-0.65));
#10395 = VECTOR('',#10396,1.);
#10396 = DIRECTION('',(1.,0.));
#10397 = ( GEOMETRIC_REPRESENTATION_CONTEXT(2) 
PARAMETRIC_REPRESENTATION_CONTEXT() REPRESENTATION_CONTEXT('2D SPACE',''
  ) );
#10398 = PCURVE('',#9394,#10399);
#10399 = DEFINITIONAL_REPRESENTATION('',(#10400),#10404);
#10400 = B_SPLINE_CURVE_WITH_KNOTS('',2,(#10401,#10402,#10403),
  .UNSPECIFIED.,.F.,.F.,(3,3),(0.,1.),.PIECEWISE_BEZIER_KNOTS.);
#10401 = CARTESIAN_POINT('',(0.51796875,2.22890625));
#10402 = CARTESIAN_POINT('',(0.6703125,2.3));
#10403 = CARTESIAN_POINT('',(0.859375,2.3));
#10404 = ( GEOMETRIC_REPRESENTATION_CONTEXT(2) 
PARAMETRIC_REPRESENTATION_CONTEXT() REPRESENTATION_CONTEXT('2D SPACE',''
  ) );
#10405 = ORIENTED_EDGE('',*,*,#10264,.F.);
#10406 = ADVANCED_FACE('',(#10407),#3025,.T.);
#10407 = FACE_BOUND('',#10408,.T.);
#10408 = EDGE_LOOP('',(#10409,#10410,#10411,#10434));
#10409 = ORIENTED_EDGE('',*,*,#2995,.T.);
#10410 = ORIENTED_EDGE('',*,*,#10337,.T.);
#10411 = ORIENTED_EDGE('',*,*,#10412,.T.);
#10412 = EDGE_CURVE('',#10315,#10413,#10415,.T.);
#10413 = VERTEX_POINT('',#10414);
#10414 = CARTESIAN_POINT('',(42.7828125,5.81328125,4.6));
#10415 = SURFACE_CURVE('',#10416,(#10420,#10427),.PCURVE_S1.);
#10416 = B_SPLINE_CURVE_WITH_KNOTS('',2,(#10417,#10418,#10419),
  .UNSPECIFIED.,.F.,.F.,(3,3),(0.,1.),.PIECEWISE_BEZIER_KNOTS.);
#10417 = CARTESIAN_POINT('',(42.8515625,5.62890625,4.6));
#10418 = CARTESIAN_POINT('',(42.8515625,5.74453125,4.6));
#10419 = CARTESIAN_POINT('',(42.7828125,5.81328125,4.6));
#10420 = PCURVE('',#3025,#10421);
#10421 = DEFINITIONAL_REPRESENTATION('',(#10422),#10426);
#10422 = LINE('',#10423,#10424);
#10423 = CARTESIAN_POINT('',(0.,-0.65));
#10424 = VECTOR('',#10425,1.);
#10425 = DIRECTION('',(1.,0.));
#10426 = ( GEOMETRIC_REPRESENTATION_CONTEXT(2) 
PARAMETRIC_REPRESENTATION_CONTEXT() REPRESENTATION_CONTEXT('2D SPACE',''
  ) );
#10427 = PCURVE('',#9394,#10428);
#10428 = DEFINITIONAL_REPRESENTATION('',(#10429),#10433);
#10429 = B_SPLINE_CURVE_WITH_KNOTS('',2,(#10430,#10431,#10432),
  .UNSPECIFIED.,.F.,.F.,(3,3),(0.,1.),.PIECEWISE_BEZIER_KNOTS.);
#10430 = CARTESIAN_POINT('',(1.0984375,1.6859375));
#10431 = CARTESIAN_POINT('',(1.0984375,1.8015625));
#10432 = CARTESIAN_POINT('',(1.0296875,1.8703125));
#10433 = ( GEOMETRIC_REPRESENTATION_CONTEXT(2) 
PARAMETRIC_REPRESENTATION_CONTEXT() REPRESENTATION_CONTEXT('2D SPACE',''
  ) );
#10434 = ORIENTED_EDGE('',*,*,#10435,.F.);
#10435 = EDGE_CURVE('',#2996,#10413,#10436,.T.);
#10436 = SURFACE_CURVE('',#10437,(#10441,#10448),.PCURVE_S1.);
#10437 = LINE('',#10438,#10439);
#10438 = CARTESIAN_POINT('',(42.7828125,5.81328125,3.95));
#10439 = VECTOR('',#10440,1.);
#10440 = DIRECTION('',(0.,0.,1.));
#10441 = PCURVE('',#3025,#10442);
#10442 = DEFINITIONAL_REPRESENTATION('',(#10443),#10447);
#10443 = LINE('',#10444,#10445);
#10444 = CARTESIAN_POINT('',(1.,0.));
#10445 = VECTOR('',#10446,1.);
#10446 = DIRECTION('',(0.,-1.));
#10447 = ( GEOMETRIC_REPRESENTATION_CONTEXT(2) 
PARAMETRIC_REPRESENTATION_CONTEXT() REPRESENTATION_CONTEXT('2D SPACE',''
  ) );
#10448 = PCURVE('',#3072,#10449);
#10449 = DEFINITIONAL_REPRESENTATION('',(#10450),#10454);
#10450 = LINE('',#10451,#10452);
#10451 = CARTESIAN_POINT('',(0.,0.));
#10452 = VECTOR('',#10453,1.);
#10453 = DIRECTION('',(0.,-1.));
#10454 = ( GEOMETRIC_REPRESENTATION_CONTEXT(2) 
PARAMETRIC_REPRESENTATION_CONTEXT() REPRESENTATION_CONTEXT('2D SPACE',''
  ) );
#10455 = ADVANCED_FACE('',(#10456),#3270,.T.);
#10456 = FACE_BOUND('',#10457,.T.);
#10457 = EDGE_LOOP('',(#10458,#10459,#10482,#10503));
#10458 = ORIENTED_EDGE('',*,*,#3240,.T.);
#10459 = ORIENTED_EDGE('',*,*,#10460,.T.);
#10460 = EDGE_CURVE('',#3202,#10461,#10463,.T.);
#10461 = VERTEX_POINT('',#10462);
#10462 = CARTESIAN_POINT('',(42.03359375,5.9765625,4.6));
#10463 = SURFACE_CURVE('',#10464,(#10468,#10475),.PCURVE_S1.);
#10464 = LINE('',#10465,#10466);
#10465 = CARTESIAN_POINT('',(42.03359375,5.9765625,3.95));
#10466 = VECTOR('',#10467,1.);
#10467 = DIRECTION('',(0.,0.,1.));
#10468 = PCURVE('',#3270,#10469);
#10469 = DEFINITIONAL_REPRESENTATION('',(#10470),#10474);
#10470 = LINE('',#10471,#10472);
#10471 = CARTESIAN_POINT('',(0.,0.));
#10472 = VECTOR('',#10473,1.);
#10473 = DIRECTION('',(0.,-1.));
#10474 = ( GEOMETRIC_REPRESENTATION_CONTEXT(2) 
PARAMETRIC_REPRESENTATION_CONTEXT() REPRESENTATION_CONTEXT('2D SPACE',''
  ) );
#10475 = PCURVE('',#3223,#10476);
#10476 = DEFINITIONAL_REPRESENTATION('',(#10477),#10481);
#10477 = LINE('',#10478,#10479);
#10478 = CARTESIAN_POINT('',(1.,0.));
#10479 = VECTOR('',#10480,1.);
#10480 = DIRECTION('',(0.,-1.));
#10481 = ( GEOMETRIC_REPRESENTATION_CONTEXT(2) 
PARAMETRIC_REPRESENTATION_CONTEXT() REPRESENTATION_CONTEXT('2D SPACE',''
  ) );
#10482 = ORIENTED_EDGE('',*,*,#10483,.T.);
#10483 = EDGE_CURVE('',#10461,#10363,#10484,.T.);
#10484 = SURFACE_CURVE('',#10485,(#10489,#10496),.PCURVE_S1.);
#10485 = B_SPLINE_CURVE_WITH_KNOTS('',2,(#10486,#10487,#10488),
  .UNSPECIFIED.,.F.,.F.,(3,3),(0.,1.),.PIECEWISE_BEZIER_KNOTS.);
#10486 = CARTESIAN_POINT('',(42.03359375,5.9765625,4.6));
#10487 = CARTESIAN_POINT('',(42.11875,6.10078125,4.6));
#10488 = CARTESIAN_POINT('',(42.27109375,6.171875,4.6));
#10489 = PCURVE('',#3270,#10490);
#10490 = DEFINITIONAL_REPRESENTATION('',(#10491),#10495);
#10491 = LINE('',#10492,#10493);
#10492 = CARTESIAN_POINT('',(0.,-0.65));
#10493 = VECTOR('',#10494,1.);
#10494 = DIRECTION('',(1.,0.));
#10495 = ( GEOMETRIC_REPRESENTATION_CONTEXT(2) 
PARAMETRIC_REPRESENTATION_CONTEXT() REPRESENTATION_CONTEXT('2D SPACE',''
  ) );
#10496 = PCURVE('',#9394,#10497);
#10497 = DEFINITIONAL_REPRESENTATION('',(#10498),#10502);
#10498 = B_SPLINE_CURVE_WITH_KNOTS('',2,(#10499,#10500,#10501),
  .UNSPECIFIED.,.F.,.F.,(3,3),(0.,1.),.PIECEWISE_BEZIER_KNOTS.);
#10499 = CARTESIAN_POINT('',(0.28046875,2.03359375));
#10500 = CARTESIAN_POINT('',(0.365625,2.1578125));
#10501 = CARTESIAN_POINT('',(0.51796875,2.22890625));
#10502 = ( GEOMETRIC_REPRESENTATION_CONTEXT(2) 
PARAMETRIC_REPRESENTATION_CONTEXT() REPRESENTATION_CONTEXT('2D SPACE',''
  ) );
#10503 = ORIENTED_EDGE('',*,*,#10362,.F.);
#10504 = ADVANCED_FACE('',(#10505),#3072,.T.);
#10505 = FACE_BOUND('',#10506,.T.);
#10506 = EDGE_LOOP('',(#10507,#10508,#10509,#10532));
#10507 = ORIENTED_EDGE('',*,*,#3046,.T.);
#10508 = ORIENTED_EDGE('',*,*,#10435,.T.);
#10509 = ORIENTED_EDGE('',*,*,#10510,.T.);
#10510 = EDGE_CURVE('',#10413,#10511,#10513,.T.);
#10511 = VERTEX_POINT('',#10512);
#10512 = CARTESIAN_POINT('',(42.6,5.88203125,4.6));
#10513 = SURFACE_CURVE('',#10514,(#10518,#10525),.PCURVE_S1.);
#10514 = B_SPLINE_CURVE_WITH_KNOTS('',2,(#10515,#10516,#10517),
  .UNSPECIFIED.,.F.,.F.,(3,3),(0.,1.),.PIECEWISE_BEZIER_KNOTS.);
#10515 = CARTESIAN_POINT('',(42.7828125,5.81328125,4.6));
#10516 = CARTESIAN_POINT('',(42.7140625,5.88203125,4.6));
#10517 = CARTESIAN_POINT('',(42.6,5.88203125,4.6));
#10518 = PCURVE('',#3072,#10519);
#10519 = DEFINITIONAL_REPRESENTATION('',(#10520),#10524);
#10520 = LINE('',#10521,#10522);
#10521 = CARTESIAN_POINT('',(0.,-0.65));
#10522 = VECTOR('',#10523,1.);
#10523 = DIRECTION('',(1.,0.));
#10524 = ( GEOMETRIC_REPRESENTATION_CONTEXT(2) 
PARAMETRIC_REPRESENTATION_CONTEXT() REPRESENTATION_CONTEXT('2D SPACE',''
  ) );
#10525 = PCURVE('',#9394,#10526);
#10526 = DEFINITIONAL_REPRESENTATION('',(#10527),#10531);
#10527 = B_SPLINE_CURVE_WITH_KNOTS('',2,(#10528,#10529,#10530),
  .UNSPECIFIED.,.F.,.F.,(3,3),(0.,1.),.PIECEWISE_BEZIER_KNOTS.);
#10528 = CARTESIAN_POINT('',(1.0296875,1.8703125));
#10529 = CARTESIAN_POINT('',(0.9609375,1.9390625));
#10530 = CARTESIAN_POINT('',(0.846875,1.9390625));
#10531 = ( GEOMETRIC_REPRESENTATION_CONTEXT(2) 
PARAMETRIC_REPRESENTATION_CONTEXT() REPRESENTATION_CONTEXT('2D SPACE',''
  ) );
#10532 = ORIENTED_EDGE('',*,*,#10533,.F.);
#10533 = EDGE_CURVE('',#3047,#10511,#10534,.T.);
#10534 = SURFACE_CURVE('',#10535,(#10539,#10546),.PCURVE_S1.);
#10535 = LINE('',#10536,#10537);
#10536 = CARTESIAN_POINT('',(42.6,5.88203125,3.95));
#10537 = VECTOR('',#10538,1.);
#10538 = DIRECTION('',(0.,0.,1.));
#10539 = PCURVE('',#3072,#10540);
#10540 = DEFINITIONAL_REPRESENTATION('',(#10541),#10545);
#10541 = LINE('',#10542,#10543);
#10542 = CARTESIAN_POINT('',(1.,0.));
#10543 = VECTOR('',#10544,1.);
#10544 = DIRECTION('',(0.,-1.));
#10545 = ( GEOMETRIC_REPRESENTATION_CONTEXT(2) 
PARAMETRIC_REPRESENTATION_CONTEXT() REPRESENTATION_CONTEXT('2D SPACE',''
  ) );
#10546 = PCURVE('',#3117,#10547);
#10547 = DEFINITIONAL_REPRESENTATION('',(#10548),#10552);
#10548 = LINE('',#10549,#10550);
#10549 = CARTESIAN_POINT('',(0.,0.));
#10550 = VECTOR('',#10551,1.);
#10551 = DIRECTION('',(0.,-1.));
#10552 = ( GEOMETRIC_REPRESENTATION_CONTEXT(2) 
PARAMETRIC_REPRESENTATION_CONTEXT() REPRESENTATION_CONTEXT('2D SPACE',''
  ) );
#10553 = ADVANCED_FACE('',(#10554),#3223,.T.);
#10554 = FACE_BOUND('',#10555,.T.);
#10555 = EDGE_LOOP('',(#10556,#10557,#10580,#10601));
#10556 = ORIENTED_EDGE('',*,*,#3201,.T.);
#10557 = ORIENTED_EDGE('',*,*,#10558,.T.);
#10558 = EDGE_CURVE('',#3176,#10559,#10561,.T.);
#10559 = VERTEX_POINT('',#10560);
#10560 = CARTESIAN_POINT('',(41.90625,5.64453125,4.6));
#10561 = SURFACE_CURVE('',#10562,(#10566,#10573),.PCURVE_S1.);
#10562 = LINE('',#10563,#10564);
#10563 = CARTESIAN_POINT('',(41.90625,5.64453125,3.95));
#10564 = VECTOR('',#10565,1.);
#10565 = DIRECTION('',(0.,0.,1.));
#10566 = PCURVE('',#3223,#10567);
#10567 = DEFINITIONAL_REPRESENTATION('',(#10568),#10572);
#10568 = LINE('',#10569,#10570);
#10569 = CARTESIAN_POINT('',(0.,0.));
#10570 = VECTOR('',#10571,1.);
#10571 = DIRECTION('',(0.,-1.));
#10572 = ( GEOMETRIC_REPRESENTATION_CONTEXT(2) 
PARAMETRIC_REPRESENTATION_CONTEXT() REPRESENTATION_CONTEXT('2D SPACE',''
  ) );
#10573 = PCURVE('',#3190,#10574);
#10574 = DEFINITIONAL_REPRESENTATION('',(#10575),#10579);
#10575 = LINE('',#10576,#10577);
#10576 = CARTESIAN_POINT('',(0.410485730758,0.));
#10577 = VECTOR('',#10578,1.);
#10578 = DIRECTION('',(0.,-1.));
#10579 = ( GEOMETRIC_REPRESENTATION_CONTEXT(2) 
PARAMETRIC_REPRESENTATION_CONTEXT() REPRESENTATION_CONTEXT('2D SPACE',''
  ) );
#10580 = ORIENTED_EDGE('',*,*,#10581,.T.);
#10581 = EDGE_CURVE('',#10559,#10461,#10582,.T.);
#10582 = SURFACE_CURVE('',#10583,(#10587,#10594),.PCURVE_S1.);
#10583 = B_SPLINE_CURVE_WITH_KNOTS('',2,(#10584,#10585,#10586),
  .UNSPECIFIED.,.F.,.F.,(3,3),(0.,1.),.PIECEWISE_BEZIER_KNOTS.);
#10584 = CARTESIAN_POINT('',(41.90625,5.64453125,4.6));
#10585 = CARTESIAN_POINT('',(41.9484375,5.85234375,4.6));
#10586 = CARTESIAN_POINT('',(42.03359375,5.9765625,4.6));
#10587 = PCURVE('',#3223,#10588);
#10588 = DEFINITIONAL_REPRESENTATION('',(#10589),#10593);
#10589 = LINE('',#10590,#10591);
#10590 = CARTESIAN_POINT('',(0.,-0.65));
#10591 = VECTOR('',#10592,1.);
#10592 = DIRECTION('',(1.,0.));
#10593 = ( GEOMETRIC_REPRESENTATION_CONTEXT(2) 
PARAMETRIC_REPRESENTATION_CONTEXT() REPRESENTATION_CONTEXT('2D SPACE',''
  ) );
#10594 = PCURVE('',#9394,#10595);
#10595 = DEFINITIONAL_REPRESENTATION('',(#10596),#10600);
#10596 = B_SPLINE_CURVE_WITH_KNOTS('',2,(#10597,#10598,#10599),
  .UNSPECIFIED.,.F.,.F.,(3,3),(0.,1.),.PIECEWISE_BEZIER_KNOTS.);
#10597 = CARTESIAN_POINT('',(0.153125,1.7015625));
#10598 = CARTESIAN_POINT('',(0.1953125,1.909375));
#10599 = CARTESIAN_POINT('',(0.28046875,2.03359375));
#10600 = ( GEOMETRIC_REPRESENTATION_CONTEXT(2) 
PARAMETRIC_REPRESENTATION_CONTEXT() REPRESENTATION_CONTEXT('2D SPACE',''
  ) );
#10601 = ORIENTED_EDGE('',*,*,#10460,.F.);
#10602 = ADVANCED_FACE('',(#10603),#3117,.T.);
#10603 = FACE_BOUND('',#10604,.T.);
#10604 = EDGE_LOOP('',(#10605,#10606,#10607,#10630));
#10605 = ORIENTED_EDGE('',*,*,#3091,.T.);
#10606 = ORIENTED_EDGE('',*,*,#10533,.T.);
#10607 = ORIENTED_EDGE('',*,*,#10608,.T.);
#10608 = EDGE_CURVE('',#10511,#10609,#10611,.T.);
#10609 = VERTEX_POINT('',#10610);
#10610 = CARTESIAN_POINT('',(42.4078125,5.80390625,4.6));
#10611 = SURFACE_CURVE('',#10612,(#10616,#10623),.PCURVE_S1.);
#10612 = B_SPLINE_CURVE_WITH_KNOTS('',2,(#10613,#10614,#10615),
  .UNSPECIFIED.,.F.,.F.,(3,3),(0.,1.),.PIECEWISE_BEZIER_KNOTS.);
#10613 = CARTESIAN_POINT('',(42.6,5.88203125,4.6));
#10614 = CARTESIAN_POINT('',(42.4875,5.88203125,4.6));
#10615 = CARTESIAN_POINT('',(42.4078125,5.80390625,4.6));
#10616 = PCURVE('',#3117,#10617);
#10617 = DEFINITIONAL_REPRESENTATION('',(#10618),#10622);
#10618 = LINE('',#10619,#10620);
#10619 = CARTESIAN_POINT('',(0.,-0.65));
#10620 = VECTOR('',#10621,1.);
#10621 = DIRECTION('',(1.,0.));
#10622 = ( GEOMETRIC_REPRESENTATION_CONTEXT(2) 
PARAMETRIC_REPRESENTATION_CONTEXT() REPRESENTATION_CONTEXT('2D SPACE',''
  ) );
#10623 = PCURVE('',#9394,#10624);
#10624 = DEFINITIONAL_REPRESENTATION('',(#10625),#10629);
#10625 = B_SPLINE_CURVE_WITH_KNOTS('',2,(#10626,#10627,#10628),
  .UNSPECIFIED.,.F.,.F.,(3,3),(0.,1.),.PIECEWISE_BEZIER_KNOTS.);
#10626 = CARTESIAN_POINT('',(0.846875,1.9390625));
#10627 = CARTESIAN_POINT('',(0.734375,1.9390625));
#10628 = CARTESIAN_POINT('',(0.6546875,1.8609375));
#10629 = ( GEOMETRIC_REPRESENTATION_CONTEXT(2) 
PARAMETRIC_REPRESENTATION_CONTEXT() REPRESENTATION_CONTEXT('2D SPACE',''
  ) );
#10630 = ORIENTED_EDGE('',*,*,#10631,.F.);
#10631 = EDGE_CURVE('',#3092,#10609,#10632,.T.);
#10632 = SURFACE_CURVE('',#10633,(#10637,#10644),.PCURVE_S1.);
#10633 = LINE('',#10634,#10635);
#10634 = CARTESIAN_POINT('',(42.4078125,5.80390625,3.95));
#10635 = VECTOR('',#10636,1.);
#10636 = DIRECTION('',(0.,0.,1.));
#10637 = PCURVE('',#3117,#10638);
#10638 = DEFINITIONAL_REPRESENTATION('',(#10639),#10643);
#10639 = LINE('',#10640,#10641);
#10640 = CARTESIAN_POINT('',(1.,0.));
#10641 = VECTOR('',#10642,1.);
#10642 = DIRECTION('',(0.,-1.));
#10643 = ( GEOMETRIC_REPRESENTATION_CONTEXT(2) 
PARAMETRIC_REPRESENTATION_CONTEXT() REPRESENTATION_CONTEXT('2D SPACE',''
  ) );
#10644 = PCURVE('',#3158,#10645);
#10645 = DEFINITIONAL_REPRESENTATION('',(#10646),#10650);
#10646 = LINE('',#10647,#10648);
#10647 = CARTESIAN_POINT('',(0.,0.));
#10648 = VECTOR('',#10649,1.);
#10649 = DIRECTION('',(0.,-1.));
#10650 = ( GEOMETRIC_REPRESENTATION_CONTEXT(2) 
PARAMETRIC_REPRESENTATION_CONTEXT() REPRESENTATION_CONTEXT('2D SPACE',''
  ) );
#10651 = ADVANCED_FACE('',(#10652),#3190,.T.);
#10652 = FACE_BOUND('',#10653,.T.);
#10653 = EDGE_LOOP('',(#10654,#10655,#10678,#10699));
#10654 = ORIENTED_EDGE('',*,*,#3175,.T.);
#10655 = ORIENTED_EDGE('',*,*,#10656,.T.);
#10656 = EDGE_CURVE('',#3137,#10657,#10659,.T.);
#10657 = VERTEX_POINT('',#10658);
#10658 = CARTESIAN_POINT('',(42.3109375,5.57578125,4.6));
#10659 = SURFACE_CURVE('',#10660,(#10664,#10671),.PCURVE_S1.);
#10660 = LINE('',#10661,#10662);
#10661 = CARTESIAN_POINT('',(42.3109375,5.57578125,3.95));
#10662 = VECTOR('',#10663,1.);
#10663 = DIRECTION('',(0.,0.,1.));
#10664 = PCURVE('',#3190,#10665);
#10665 = DEFINITIONAL_REPRESENTATION('',(#10666),#10670);
#10666 = LINE('',#10667,#10668);
#10667 = CARTESIAN_POINT('',(0.,0.));
#10668 = VECTOR('',#10669,1.);
#10669 = DIRECTION('',(0.,-1.));
#10670 = ( GEOMETRIC_REPRESENTATION_CONTEXT(2) 
PARAMETRIC_REPRESENTATION_CONTEXT() REPRESENTATION_CONTEXT('2D SPACE',''
  ) );
#10671 = PCURVE('',#3158,#10672);
#10672 = DEFINITIONAL_REPRESENTATION('',(#10673),#10677);
#10673 = LINE('',#10674,#10675);
#10674 = CARTESIAN_POINT('',(1.,0.));
#10675 = VECTOR('',#10676,1.);
#10676 = DIRECTION('',(0.,-1.));
#10677 = ( GEOMETRIC_REPRESENTATION_CONTEXT(2) 
PARAMETRIC_REPRESENTATION_CONTEXT() REPRESENTATION_CONTEXT('2D SPACE',''
  ) );
#10678 = ORIENTED_EDGE('',*,*,#10679,.T.);
#10679 = EDGE_CURVE('',#10657,#10559,#10680,.T.);
#10680 = SURFACE_CURVE('',#10681,(#10685,#10692),.PCURVE_S1.);
#10681 = LINE('',#10682,#10683);
#10682 = CARTESIAN_POINT('',(42.3109375,5.57578125,4.6));
#10683 = VECTOR('',#10684,1.);
#10684 = DIRECTION('',(-0.985874708123,0.167484506399,0.));
#10685 = PCURVE('',#3190,#10686);
#10686 = DEFINITIONAL_REPRESENTATION('',(#10687),#10691);
#10687 = LINE('',#10688,#10689);
#10688 = CARTESIAN_POINT('',(0.,-0.65));
#10689 = VECTOR('',#10690,1.);
#10690 = DIRECTION('',(1.,0.));
#10691 = ( GEOMETRIC_REPRESENTATION_CONTEXT(2) 
PARAMETRIC_REPRESENTATION_CONTEXT() REPRESENTATION_CONTEXT('2D SPACE',''
  ) );
#10692 = PCURVE('',#9394,#10693);
#10693 = DEFINITIONAL_REPRESENTATION('',(#10694),#10698);
#10694 = LINE('',#10695,#10696);
#10695 = CARTESIAN_POINT('',(0.5578125,1.6328125));
#10696 = VECTOR('',#10697,1.);
#10697 = DIRECTION('',(-0.985874708123,0.167484506399));
#10698 = ( GEOMETRIC_REPRESENTATION_CONTEXT(2) 
PARAMETRIC_REPRESENTATION_CONTEXT() REPRESENTATION_CONTEXT('2D SPACE',''
  ) );
#10699 = ORIENTED_EDGE('',*,*,#10558,.F.);
#10700 = ADVANCED_FACE('',(#10701),#3158,.T.);
#10701 = FACE_BOUND('',#10702,.T.);
#10702 = EDGE_LOOP('',(#10703,#10704,#10705,#10726));
#10703 = ORIENTED_EDGE('',*,*,#3136,.T.);
#10704 = ORIENTED_EDGE('',*,*,#10631,.T.);
#10705 = ORIENTED_EDGE('',*,*,#10706,.T.);
#10706 = EDGE_CURVE('',#10609,#10657,#10707,.T.);
#10707 = SURFACE_CURVE('',#10708,(#10712,#10719),.PCURVE_S1.);
#10708 = B_SPLINE_CURVE_WITH_KNOTS('',2,(#10709,#10710,#10711),
  .UNSPECIFIED.,.F.,.F.,(3,3),(0.,1.),.PIECEWISE_BEZIER_KNOTS.);
#10709 = CARTESIAN_POINT('',(42.4078125,5.80390625,4.6));
#10710 = CARTESIAN_POINT('',(42.328125,5.72578125,4.6));
#10711 = CARTESIAN_POINT('',(42.3109375,5.57578125,4.6));
#10712 = PCURVE('',#3158,#10713);
#10713 = DEFINITIONAL_REPRESENTATION('',(#10714),#10718);
#10714 = LINE('',#10715,#10716);
#10715 = CARTESIAN_POINT('',(0.,-0.65));
#10716 = VECTOR('',#10717,1.);
#10717 = DIRECTION('',(1.,0.));
#10718 = ( GEOMETRIC_REPRESENTATION_CONTEXT(2) 
PARAMETRIC_REPRESENTATION_CONTEXT() REPRESENTATION_CONTEXT('2D SPACE',''
  ) );
#10719 = PCURVE('',#9394,#10720);
#10720 = DEFINITIONAL_REPRESENTATION('',(#10721),#10725);
#10721 = B_SPLINE_CURVE_WITH_KNOTS('',2,(#10722,#10723,#10724),
  .UNSPECIFIED.,.F.,.F.,(3,3),(0.,1.),.PIECEWISE_BEZIER_KNOTS.);
#10722 = CARTESIAN_POINT('',(0.6546875,1.8609375));
#10723 = CARTESIAN_POINT('',(0.575,1.7828125));
#10724 = CARTESIAN_POINT('',(0.5578125,1.6328125));
#10725 = ( GEOMETRIC_REPRESENTATION_CONTEXT(2) 
PARAMETRIC_REPRESENTATION_CONTEXT() REPRESENTATION_CONTEXT('2D SPACE',''
  ) );
#10726 = ORIENTED_EDGE('',*,*,#10656,.F.);
#10727 = ADVANCED_FACE('',(#10728),#3812,.T.);
#10728 = FACE_BOUND('',#10729,.T.);
#10729 = EDGE_LOOP('',(#10730,#10731,#10754,#10782));
#10730 = ORIENTED_EDGE('',*,*,#3795,.T.);
#10731 = ORIENTED_EDGE('',*,*,#10732,.T.);
#10732 = EDGE_CURVE('',#3798,#10733,#10735,.T.);
#10733 = VERTEX_POINT('',#10734);
#10734 = CARTESIAN_POINT('',(44.2015625,3.94296875,4.6));
#10735 = SURFACE_CURVE('',#10736,(#10740,#10747),.PCURVE_S1.);
#10736 = LINE('',#10737,#10738);
#10737 = CARTESIAN_POINT('',(44.2015625,3.94296875,3.95));
#10738 = VECTOR('',#10739,1.);
#10739 = DIRECTION('',(0.,0.,1.));
#10740 = PCURVE('',#3812,#10741);
#10741 = DEFINITIONAL_REPRESENTATION('',(#10742),#10746);
#10742 = LINE('',#10743,#10744);
#10743 = CARTESIAN_POINT('',(0.,-0.));
#10744 = VECTOR('',#10745,1.);
#10745 = DIRECTION('',(0.,-1.));
#10746 = ( GEOMETRIC_REPRESENTATION_CONTEXT(2) 
PARAMETRIC_REPRESENTATION_CONTEXT() REPRESENTATION_CONTEXT('2D SPACE',''
  ) );
#10747 = PCURVE('',#3888,#10748);
#10748 = DEFINITIONAL_REPRESENTATION('',(#10749),#10753);
#10749 = LINE('',#10750,#10751);
#10750 = CARTESIAN_POINT('',(0.4390625,0.));
#10751 = VECTOR('',#10752,1.);
#10752 = DIRECTION('',(0.,-1.));
#10753 = ( GEOMETRIC_REPRESENTATION_CONTEXT(2) 
PARAMETRIC_REPRESENTATION_CONTEXT() REPRESENTATION_CONTEXT('2D SPACE',''
  ) );
#10754 = ORIENTED_EDGE('',*,*,#10755,.T.);
#10755 = EDGE_CURVE('',#10733,#10756,#10758,.T.);
#10756 = VERTEX_POINT('',#10757);
#10757 = CARTESIAN_POINT('',(43.7625,3.94296875,4.6));
#10758 = SURFACE_CURVE('',#10759,(#10763,#10770),.PCURVE_S1.);
#10759 = LINE('',#10760,#10761);
#10760 = CARTESIAN_POINT('',(44.2015625,3.94296875,4.6));
#10761 = VECTOR('',#10762,1.);
#10762 = DIRECTION('',(-1.,0.,0.));
#10763 = PCURVE('',#3812,#10764);
#10764 = DEFINITIONAL_REPRESENTATION('',(#10765),#10769);
#10765 = LINE('',#10766,#10767);
#10766 = CARTESIAN_POINT('',(0.,-0.65));
#10767 = VECTOR('',#10768,1.);
#10768 = DIRECTION('',(1.,0.));
#10769 = ( GEOMETRIC_REPRESENTATION_CONTEXT(2) 
PARAMETRIC_REPRESENTATION_CONTEXT() REPRESENTATION_CONTEXT('2D SPACE',''
  ) );
#10770 = PCURVE('',#10771,#10776);
#10771 = PLANE('',#10772);
#10772 = AXIS2_PLACEMENT_3D('',#10773,#10774,#10775);
#10773 = CARTESIAN_POINT('',(43.5328125,3.94296875,4.6));
#10774 = DIRECTION('',(0.,0.,1.));
#10775 = DIRECTION('',(1.,0.,0.));
#10776 = DEFINITIONAL_REPRESENTATION('',(#10777),#10781);
#10777 = LINE('',#10778,#10779);
#10778 = CARTESIAN_POINT('',(0.66875,0.));
#10779 = VECTOR('',#10780,1.);
#10780 = DIRECTION('',(-1.,0.));
#10781 = ( GEOMETRIC_REPRESENTATION_CONTEXT(2) 
PARAMETRIC_REPRESENTATION_CONTEXT() REPRESENTATION_CONTEXT('2D SPACE',''
  ) );
#10782 = ORIENTED_EDGE('',*,*,#10783,.F.);
#10783 = EDGE_CURVE('',#3796,#10756,#10784,.T.);
#10784 = SURFACE_CURVE('',#10785,(#10789,#10796),.PCURVE_S1.);
#10785 = LINE('',#10786,#10787);
#10786 = CARTESIAN_POINT('',(43.7625,3.94296875,3.95));
#10787 = VECTOR('',#10788,1.);
#10788 = DIRECTION('',(0.,0.,1.));
#10789 = PCURVE('',#3812,#10790);
#10790 = DEFINITIONAL_REPRESENTATION('',(#10791),#10795);
#10791 = LINE('',#10792,#10793);
#10792 = CARTESIAN_POINT('',(0.4390625,0.));
#10793 = VECTOR('',#10794,1.);
#10794 = DIRECTION('',(0.,-1.));
#10795 = ( GEOMETRIC_REPRESENTATION_CONTEXT(2) 
PARAMETRIC_REPRESENTATION_CONTEXT() REPRESENTATION_CONTEXT('2D SPACE',''
  ) );
#10796 = PCURVE('',#3838,#10797);
#10797 = DEFINITIONAL_REPRESENTATION('',(#10798),#10802);
#10798 = LINE('',#10799,#10800);
#10799 = CARTESIAN_POINT('',(0.,0.));
#10800 = VECTOR('',#10801,1.);
#10801 = DIRECTION('',(0.,-1.));
#10802 = ( GEOMETRIC_REPRESENTATION_CONTEXT(2) 
PARAMETRIC_REPRESENTATION_CONTEXT() REPRESENTATION_CONTEXT('2D SPACE',''
  ) );
#10803 = ADVANCED_FACE('',(#10804),#3838,.T.);
#10804 = FACE_BOUND('',#10805,.T.);
#10805 = EDGE_LOOP('',(#10806,#10807,#10808,#10831));
#10806 = ORIENTED_EDGE('',*,*,#3823,.T.);
#10807 = ORIENTED_EDGE('',*,*,#10783,.T.);
#10808 = ORIENTED_EDGE('',*,*,#10809,.T.);
#10809 = EDGE_CURVE('',#10756,#10810,#10812,.T.);
#10810 = VERTEX_POINT('',#10811);
#10811 = CARTESIAN_POINT('',(43.7625,4.38203125,4.6));
#10812 = SURFACE_CURVE('',#10813,(#10817,#10824),.PCURVE_S1.);
#10813 = LINE('',#10814,#10815);
#10814 = CARTESIAN_POINT('',(43.7625,3.94296875,4.6));
#10815 = VECTOR('',#10816,1.);
#10816 = DIRECTION('',(0.,1.,0.));
#10817 = PCURVE('',#3838,#10818);
#10818 = DEFINITIONAL_REPRESENTATION('',(#10819),#10823);
#10819 = LINE('',#10820,#10821);
#10820 = CARTESIAN_POINT('',(0.,-0.65));
#10821 = VECTOR('',#10822,1.);
#10822 = DIRECTION('',(1.,0.));
#10823 = ( GEOMETRIC_REPRESENTATION_CONTEXT(2) 
PARAMETRIC_REPRESENTATION_CONTEXT() REPRESENTATION_CONTEXT('2D SPACE',''
  ) );
#10824 = PCURVE('',#10771,#10825);
#10825 = DEFINITIONAL_REPRESENTATION('',(#10826),#10830);
#10826 = LINE('',#10827,#10828);
#10827 = CARTESIAN_POINT('',(0.2296875,0.));
#10828 = VECTOR('',#10829,1.);
#10829 = DIRECTION('',(0.,1.));
#10830 = ( GEOMETRIC_REPRESENTATION_CONTEXT(2) 
PARAMETRIC_REPRESENTATION_CONTEXT() REPRESENTATION_CONTEXT('2D SPACE',''
  ) );
#10831 = ORIENTED_EDGE('',*,*,#10832,.F.);
#10832 = EDGE_CURVE('',#3824,#10810,#10833,.T.);
#10833 = SURFACE_CURVE('',#10834,(#10838,#10845),.PCURVE_S1.);
#10834 = LINE('',#10835,#10836);
#10835 = CARTESIAN_POINT('',(43.7625,4.38203125,3.95));
#10836 = VECTOR('',#10837,1.);
#10837 = DIRECTION('',(0.,0.,1.));
#10838 = PCURVE('',#3838,#10839);
#10839 = DEFINITIONAL_REPRESENTATION('',(#10840),#10844);
#10840 = LINE('',#10841,#10842);
#10841 = CARTESIAN_POINT('',(0.4390625,0.));
#10842 = VECTOR('',#10843,1.);
#10843 = DIRECTION('',(0.,-1.));
#10844 = ( GEOMETRIC_REPRESENTATION_CONTEXT(2) 
PARAMETRIC_REPRESENTATION_CONTEXT() REPRESENTATION_CONTEXT('2D SPACE',''
  ) );
#10845 = PCURVE('',#3864,#10846);
#10846 = DEFINITIONAL_REPRESENTATION('',(#10847),#10851);
#10847 = LINE('',#10848,#10849);
#10848 = CARTESIAN_POINT('',(0.,0.));
#10849 = VECTOR('',#10850,1.);
#10850 = DIRECTION('',(0.,-1.));
#10851 = ( GEOMETRIC_REPRESENTATION_CONTEXT(2) 
PARAMETRIC_REPRESENTATION_CONTEXT() REPRESENTATION_CONTEXT('2D SPACE',''
  ) );
#10852 = ADVANCED_FACE('',(#10853),#3888,.T.);
#10853 = FACE_BOUND('',#10854,.T.);
#10854 = EDGE_LOOP('',(#10855,#10856,#10879,#10900));
#10855 = ORIENTED_EDGE('',*,*,#3875,.T.);
#10856 = ORIENTED_EDGE('',*,*,#10857,.T.);
#10857 = EDGE_CURVE('',#3850,#10858,#10860,.T.);
#10858 = VERTEX_POINT('',#10859);
#10859 = CARTESIAN_POINT('',(44.2015625,4.38203125,4.6));
#10860 = SURFACE_CURVE('',#10861,(#10865,#10872),.PCURVE_S1.);
#10861 = LINE('',#10862,#10863);
#10862 = CARTESIAN_POINT('',(44.2015625,4.38203125,3.95));
#10863 = VECTOR('',#10864,1.);
#10864 = DIRECTION('',(0.,0.,1.));
#10865 = PCURVE('',#3888,#10866);
#10866 = DEFINITIONAL_REPRESENTATION('',(#10867),#10871);
#10867 = LINE('',#10868,#10869);
#10868 = CARTESIAN_POINT('',(0.,0.));
#10869 = VECTOR('',#10870,1.);
#10870 = DIRECTION('',(0.,-1.));
#10871 = ( GEOMETRIC_REPRESENTATION_CONTEXT(2) 
PARAMETRIC_REPRESENTATION_CONTEXT() REPRESENTATION_CONTEXT('2D SPACE',''
  ) );
#10872 = PCURVE('',#3864,#10873);
#10873 = DEFINITIONAL_REPRESENTATION('',(#10874),#10878);
#10874 = LINE('',#10875,#10876);
#10875 = CARTESIAN_POINT('',(0.4390625,0.));
#10876 = VECTOR('',#10877,1.);
#10877 = DIRECTION('',(0.,-1.));
#10878 = ( GEOMETRIC_REPRESENTATION_CONTEXT(2) 
PARAMETRIC_REPRESENTATION_CONTEXT() REPRESENTATION_CONTEXT('2D SPACE',''
  ) );
#10879 = ORIENTED_EDGE('',*,*,#10880,.T.);
#10880 = EDGE_CURVE('',#10858,#10733,#10881,.T.);
#10881 = SURFACE_CURVE('',#10882,(#10886,#10893),.PCURVE_S1.);
#10882 = LINE('',#10883,#10884);
#10883 = CARTESIAN_POINT('',(44.2015625,4.38203125,4.6));
#10884 = VECTOR('',#10885,1.);
#10885 = DIRECTION('',(0.,-1.,0.));
#10886 = PCURVE('',#3888,#10887);
#10887 = DEFINITIONAL_REPRESENTATION('',(#10888),#10892);
#10888 = LINE('',#10889,#10890);
#10889 = CARTESIAN_POINT('',(0.,-0.65));
#10890 = VECTOR('',#10891,1.);
#10891 = DIRECTION('',(1.,0.));
#10892 = ( GEOMETRIC_REPRESENTATION_CONTEXT(2) 
PARAMETRIC_REPRESENTATION_CONTEXT() REPRESENTATION_CONTEXT('2D SPACE',''
  ) );
#10893 = PCURVE('',#10771,#10894);
#10894 = DEFINITIONAL_REPRESENTATION('',(#10895),#10899);
#10895 = LINE('',#10896,#10897);
#10896 = CARTESIAN_POINT('',(0.66875,0.4390625));
#10897 = VECTOR('',#10898,1.);
#10898 = DIRECTION('',(0.,-1.));
#10899 = ( GEOMETRIC_REPRESENTATION_CONTEXT(2) 
PARAMETRIC_REPRESENTATION_CONTEXT() REPRESENTATION_CONTEXT('2D SPACE',''
  ) );
#10900 = ORIENTED_EDGE('',*,*,#10732,.F.);
#10901 = ADVANCED_FACE('',(#10902),#3864,.T.);
#10902 = FACE_BOUND('',#10903,.T.);
#10903 = EDGE_LOOP('',(#10904,#10905,#10906,#10927));
#10904 = ORIENTED_EDGE('',*,*,#3849,.T.);
#10905 = ORIENTED_EDGE('',*,*,#10832,.T.);
#10906 = ORIENTED_EDGE('',*,*,#10907,.T.);
#10907 = EDGE_CURVE('',#10810,#10858,#10908,.T.);
#10908 = SURFACE_CURVE('',#10909,(#10913,#10920),.PCURVE_S1.);
#10909 = LINE('',#10910,#10911);
#10910 = CARTESIAN_POINT('',(43.7625,4.38203125,4.6));
#10911 = VECTOR('',#10912,1.);
#10912 = DIRECTION('',(1.,0.,0.));
#10913 = PCURVE('',#3864,#10914);
#10914 = DEFINITIONAL_REPRESENTATION('',(#10915),#10919);
#10915 = LINE('',#10916,#10917);
#10916 = CARTESIAN_POINT('',(0.,-0.65));
#10917 = VECTOR('',#10918,1.);
#10918 = DIRECTION('',(1.,0.));
#10919 = ( GEOMETRIC_REPRESENTATION_CONTEXT(2) 
PARAMETRIC_REPRESENTATION_CONTEXT() REPRESENTATION_CONTEXT('2D SPACE',''
  ) );
#10920 = PCURVE('',#10771,#10921);
#10921 = DEFINITIONAL_REPRESENTATION('',(#10922),#10926);
#10922 = LINE('',#10923,#10924);
#10923 = CARTESIAN_POINT('',(0.2296875,0.4390625));
#10924 = VECTOR('',#10925,1.);
#10925 = DIRECTION('',(1.,0.));
#10926 = ( GEOMETRIC_REPRESENTATION_CONTEXT(2) 
PARAMETRIC_REPRESENTATION_CONTEXT() REPRESENTATION_CONTEXT('2D SPACE',''
  ) );
#10927 = ORIENTED_EDGE('',*,*,#10857,.F.);
#10928 = ADVANCED_FACE('',(#10929),#3918,.T.);
#10929 = FACE_BOUND('',#10930,.T.);
#10930 = EDGE_LOOP('',(#10931,#10932,#10955,#10983));
#10931 = ORIENTED_EDGE('',*,*,#3901,.T.);
#10932 = ORIENTED_EDGE('',*,*,#10933,.T.);
#10933 = EDGE_CURVE('',#3904,#10934,#10936,.T.);
#10934 = VERTEX_POINT('',#10935);
#10935 = CARTESIAN_POINT('',(45.16875,4.35078125,4.6));
#10936 = SURFACE_CURVE('',#10937,(#10941,#10948),.PCURVE_S1.);
#10937 = LINE('',#10938,#10939);
#10938 = CARTESIAN_POINT('',(45.16875,4.35078125,3.95));
#10939 = VECTOR('',#10940,1.);
#10940 = DIRECTION('',(0.,0.,1.));
#10941 = PCURVE('',#3918,#10942);
#10942 = DEFINITIONAL_REPRESENTATION('',(#10943),#10947);
#10943 = LINE('',#10944,#10945);
#10944 = CARTESIAN_POINT('',(0.,0.));
#10945 = VECTOR('',#10946,1.);
#10946 = DIRECTION('',(0.,-1.));
#10947 = ( GEOMETRIC_REPRESENTATION_CONTEXT(2) 
PARAMETRIC_REPRESENTATION_CONTEXT() REPRESENTATION_CONTEXT('2D SPACE',''
  ) );
#10948 = PCURVE('',#4793,#10949);
#10949 = DEFINITIONAL_REPRESENTATION('',(#10950),#10954);
#10950 = LINE('',#10951,#10952);
#10951 = CARTESIAN_POINT('',(1.,0.));
#10952 = VECTOR('',#10953,1.);
#10953 = DIRECTION('',(0.,-1.));
#10954 = ( GEOMETRIC_REPRESENTATION_CONTEXT(2) 
PARAMETRIC_REPRESENTATION_CONTEXT() REPRESENTATION_CONTEXT('2D SPACE',''
  ) );
#10955 = ORIENTED_EDGE('',*,*,#10956,.T.);
#10956 = EDGE_CURVE('',#10934,#10957,#10959,.T.);
#10957 = VERTEX_POINT('',#10958);
#10958 = CARTESIAN_POINT('',(46.040625,4.35078125,4.6));
#10959 = SURFACE_CURVE('',#10960,(#10964,#10971),.PCURVE_S1.);
#10960 = LINE('',#10961,#10962);
#10961 = CARTESIAN_POINT('',(45.16875,4.35078125,4.6));
#10962 = VECTOR('',#10963,1.);
#10963 = DIRECTION('',(1.,0.,0.));
#10964 = PCURVE('',#3918,#10965);
#10965 = DEFINITIONAL_REPRESENTATION('',(#10966),#10970);
#10966 = LINE('',#10967,#10968);
#10967 = CARTESIAN_POINT('',(0.,-0.65));
#10968 = VECTOR('',#10969,1.);
#10969 = DIRECTION('',(1.,0.));
#10970 = ( GEOMETRIC_REPRESENTATION_CONTEXT(2) 
PARAMETRIC_REPRESENTATION_CONTEXT() REPRESENTATION_CONTEXT('2D SPACE',''
  ) );
#10971 = PCURVE('',#10972,#10977);
#10972 = PLANE('',#10973);
#10973 = AXIS2_PLACEMENT_3D('',#10974,#10975,#10976);
#10974 = CARTESIAN_POINT('',(44.421875,3.94296875,4.6));
#10975 = DIRECTION('',(0.,0.,1.));
#10976 = DIRECTION('',(1.,0.,0.));
#10977 = DEFINITIONAL_REPRESENTATION('',(#10978),#10982);
#10978 = LINE('',#10979,#10980);
#10979 = CARTESIAN_POINT('',(0.746875,0.4078125));
#10980 = VECTOR('',#10981,1.);
#10981 = DIRECTION('',(1.,0.));
#10982 = ( GEOMETRIC_REPRESENTATION_CONTEXT(2) 
PARAMETRIC_REPRESENTATION_CONTEXT() REPRESENTATION_CONTEXT('2D SPACE',''
  ) );
#10983 = ORIENTED_EDGE('',*,*,#10984,.F.);
#10984 = EDGE_CURVE('',#3902,#10957,#10985,.T.);
#10985 = SURFACE_CURVE('',#10986,(#10990,#10997),.PCURVE_S1.);
#10986 = LINE('',#10987,#10988);
#10987 = CARTESIAN_POINT('',(46.040625,4.35078125,3.95));
#10988 = VECTOR('',#10989,1.);
#10989 = DIRECTION('',(0.,0.,1.));
#10990 = PCURVE('',#3918,#10991);
#10991 = DEFINITIONAL_REPRESENTATION('',(#10992),#10996);
#10992 = LINE('',#10993,#10994);
#10993 = CARTESIAN_POINT('',(0.871875,0.));
#10994 = VECTOR('',#10995,1.);
#10995 = DIRECTION('',(0.,-1.));
#10996 = ( GEOMETRIC_REPRESENTATION_CONTEXT(2) 
PARAMETRIC_REPRESENTATION_CONTEXT() REPRESENTATION_CONTEXT('2D SPACE',''
  ) );
#10997 = PCURVE('',#3944,#10998);
#10998 = DEFINITIONAL_REPRESENTATION('',(#10999),#11003);
#10999 = LINE('',#11000,#11001);
#11000 = CARTESIAN_POINT('',(0.,0.));
#11001 = VECTOR('',#11002,1.);
#11002 = DIRECTION('',(0.,-1.));
#11003 = ( GEOMETRIC_REPRESENTATION_CONTEXT(2) 
PARAMETRIC_REPRESENTATION_CONTEXT() REPRESENTATION_CONTEXT('2D SPACE',''
  ) );
#11004 = ADVANCED_FACE('',(#11005),#3944,.T.);
#11005 = FACE_BOUND('',#11006,.T.);
#11006 = EDGE_LOOP('',(#11007,#11008,#11009,#11032));
#11007 = ORIENTED_EDGE('',*,*,#3929,.T.);
#11008 = ORIENTED_EDGE('',*,*,#10984,.T.);
#11009 = ORIENTED_EDGE('',*,*,#11010,.T.);
#11010 = EDGE_CURVE('',#10957,#11011,#11013,.T.);
#11011 = VERTEX_POINT('',#11012);
#11012 = CARTESIAN_POINT('',(46.040625,3.94296875,4.6));
#11013 = SURFACE_CURVE('',#11014,(#11018,#11025),.PCURVE_S1.);
#11014 = LINE('',#11015,#11016);
#11015 = CARTESIAN_POINT('',(46.040625,4.35078125,4.6));
#11016 = VECTOR('',#11017,1.);
#11017 = DIRECTION('',(0.,-1.,0.));
#11018 = PCURVE('',#3944,#11019);
#11019 = DEFINITIONAL_REPRESENTATION('',(#11020),#11024);
#11020 = LINE('',#11021,#11022);
#11021 = CARTESIAN_POINT('',(0.,-0.65));
#11022 = VECTOR('',#11023,1.);
#11023 = DIRECTION('',(1.,0.));
#11024 = ( GEOMETRIC_REPRESENTATION_CONTEXT(2) 
PARAMETRIC_REPRESENTATION_CONTEXT() REPRESENTATION_CONTEXT('2D SPACE',''
  ) );
#11025 = PCURVE('',#10972,#11026);
#11026 = DEFINITIONAL_REPRESENTATION('',(#11027),#11031);
#11027 = LINE('',#11028,#11029);
#11028 = CARTESIAN_POINT('',(1.61875,0.4078125));
#11029 = VECTOR('',#11030,1.);
#11030 = DIRECTION('',(0.,-1.));
#11031 = ( GEOMETRIC_REPRESENTATION_CONTEXT(2) 
PARAMETRIC_REPRESENTATION_CONTEXT() REPRESENTATION_CONTEXT('2D SPACE',''
  ) );
#11032 = ORIENTED_EDGE('',*,*,#11033,.F.);
#11033 = EDGE_CURVE('',#3930,#11011,#11034,.T.);
#11034 = SURFACE_CURVE('',#11035,(#11039,#11046),.PCURVE_S1.);
#11035 = LINE('',#11036,#11037);
#11036 = CARTESIAN_POINT('',(46.040625,3.94296875,3.95));
#11037 = VECTOR('',#11038,1.);
#11038 = DIRECTION('',(0.,0.,1.));
#11039 = PCURVE('',#3944,#11040);
#11040 = DEFINITIONAL_REPRESENTATION('',(#11041),#11045);
#11041 = LINE('',#11042,#11043);
#11042 = CARTESIAN_POINT('',(0.4078125,0.));
#11043 = VECTOR('',#11044,1.);
#11044 = DIRECTION('',(0.,-1.));
#11045 = ( GEOMETRIC_REPRESENTATION_CONTEXT(2) 
PARAMETRIC_REPRESENTATION_CONTEXT() REPRESENTATION_CONTEXT('2D SPACE',''
  ) );
#11046 = PCURVE('',#3970,#11047);
#11047 = DEFINITIONAL_REPRESENTATION('',(#11048),#11052);
#11048 = LINE('',#11049,#11050);
#11049 = CARTESIAN_POINT('',(0.,-0.));
#11050 = VECTOR('',#11051,1.);
#11051 = DIRECTION('',(0.,-1.));
#11052 = ( GEOMETRIC_REPRESENTATION_CONTEXT(2) 
PARAMETRIC_REPRESENTATION_CONTEXT() REPRESENTATION_CONTEXT('2D SPACE',''
  ) );
#11053 = ADVANCED_FACE('',(#11054),#4793,.T.);
#11054 = FACE_BOUND('',#11055,.T.);
#11055 = EDGE_LOOP('',(#11056,#11057,#11080,#11101));
#11056 = ORIENTED_EDGE('',*,*,#4775,.T.);
#11057 = ORIENTED_EDGE('',*,*,#11058,.T.);
#11058 = EDGE_CURVE('',#4734,#11059,#11061,.T.);
#11059 = VERTEX_POINT('',#11060);
#11060 = CARTESIAN_POINT('',(45.25859375,4.47265625,4.6));
#11061 = SURFACE_CURVE('',#11062,(#11066,#11073),.PCURVE_S1.);
#11062 = LINE('',#11063,#11064);
#11063 = CARTESIAN_POINT('',(45.25859375,4.47265625,3.95));
#11064 = VECTOR('',#11065,1.);
#11065 = DIRECTION('',(0.,0.,1.));
#11066 = PCURVE('',#4793,#11067);
#11067 = DEFINITIONAL_REPRESENTATION('',(#11068),#11072);
#11068 = LINE('',#11069,#11070);
#11069 = CARTESIAN_POINT('',(0.,0.));
#11070 = VECTOR('',#11071,1.);
#11071 = DIRECTION('',(0.,-1.));
#11072 = ( GEOMETRIC_REPRESENTATION_CONTEXT(2) 
PARAMETRIC_REPRESENTATION_CONTEXT() REPRESENTATION_CONTEXT('2D SPACE',''
  ) );
#11073 = PCURVE('',#4757,#11074);
#11074 = DEFINITIONAL_REPRESENTATION('',(#11075),#11079);
#11075 = LINE('',#11076,#11077);
#11076 = CARTESIAN_POINT('',(1.,0.));
#11077 = VECTOR('',#11078,1.);
#11078 = DIRECTION('',(0.,-1.));
#11079 = ( GEOMETRIC_REPRESENTATION_CONTEXT(2) 
PARAMETRIC_REPRESENTATION_CONTEXT() REPRESENTATION_CONTEXT('2D SPACE',''
  ) );
#11080 = ORIENTED_EDGE('',*,*,#11081,.T.);
#11081 = EDGE_CURVE('',#11059,#10934,#11082,.T.);
#11082 = SURFACE_CURVE('',#11083,(#11087,#11094),.PCURVE_S1.);
#11083 = B_SPLINE_CURVE_WITH_KNOTS('',2,(#11084,#11085,#11086),
  .UNSPECIFIED.,.F.,.F.,(3,3),(0.,1.),.PIECEWISE_BEZIER_KNOTS.);
#11084 = CARTESIAN_POINT('',(45.25859375,4.47265625,4.6));
#11085 = CARTESIAN_POINT('',(45.203125,4.41015625,4.6));
#11086 = CARTESIAN_POINT('',(45.16875,4.35078125,4.6));
#11087 = PCURVE('',#4793,#11088);
#11088 = DEFINITIONAL_REPRESENTATION('',(#11089),#11093);
#11089 = LINE('',#11090,#11091);
#11090 = CARTESIAN_POINT('',(0.,-0.65));
#11091 = VECTOR('',#11092,1.);
#11092 = DIRECTION('',(1.,0.));
#11093 = ( GEOMETRIC_REPRESENTATION_CONTEXT(2) 
PARAMETRIC_REPRESENTATION_CONTEXT() REPRESENTATION_CONTEXT('2D SPACE',''
  ) );
#11094 = PCURVE('',#10972,#11095);
#11095 = DEFINITIONAL_REPRESENTATION('',(#11096),#11100);
#11096 = B_SPLINE_CURVE_WITH_KNOTS('',2,(#11097,#11098,#11099),
  .UNSPECIFIED.,.F.,.F.,(3,3),(0.,1.),.PIECEWISE_BEZIER_KNOTS.);
#11097 = CARTESIAN_POINT('',(0.83671875,0.5296875));
#11098 = CARTESIAN_POINT('',(0.78125,0.4671875));
#11099 = CARTESIAN_POINT('',(0.746875,0.4078125));
#11100 = ( GEOMETRIC_REPRESENTATION_CONTEXT(2) 
PARAMETRIC_REPRESENTATION_CONTEXT() REPRESENTATION_CONTEXT('2D SPACE',''
  ) );
#11101 = ORIENTED_EDGE('',*,*,#10933,.F.);
#11102 = ADVANCED_FACE('',(#11103),#3970,.T.);
#11103 = FACE_BOUND('',#11104,.T.);
#11104 = EDGE_LOOP('',(#11105,#11106,#11107,#11130));
#11105 = ORIENTED_EDGE('',*,*,#3955,.T.);
#11106 = ORIENTED_EDGE('',*,*,#11033,.T.);
#11107 = ORIENTED_EDGE('',*,*,#11108,.T.);
#11108 = EDGE_CURVE('',#11011,#11109,#11111,.T.);
#11109 = VERTEX_POINT('',#11110);
#11110 = CARTESIAN_POINT('',(44.5015625,3.94296875,4.6));
#11111 = SURFACE_CURVE('',#11112,(#11116,#11123),.PCURVE_S1.);
#11112 = LINE('',#11113,#11114);
#11113 = CARTESIAN_POINT('',(46.040625,3.94296875,4.6));
#11114 = VECTOR('',#11115,1.);
#11115 = DIRECTION('',(-1.,0.,0.));
#11116 = PCURVE('',#3970,#11117);
#11117 = DEFINITIONAL_REPRESENTATION('',(#11118),#11122);
#11118 = LINE('',#11119,#11120);
#11119 = CARTESIAN_POINT('',(0.,-0.65));
#11120 = VECTOR('',#11121,1.);
#11121 = DIRECTION('',(1.,0.));
#11122 = ( GEOMETRIC_REPRESENTATION_CONTEXT(2) 
PARAMETRIC_REPRESENTATION_CONTEXT() REPRESENTATION_CONTEXT('2D SPACE',''
  ) );
#11123 = PCURVE('',#10972,#11124);
#11124 = DEFINITIONAL_REPRESENTATION('',(#11125),#11129);
#11125 = LINE('',#11126,#11127);
#11126 = CARTESIAN_POINT('',(1.61875,0.));
#11127 = VECTOR('',#11128,1.);
#11128 = DIRECTION('',(-1.,0.));
#11129 = ( GEOMETRIC_REPRESENTATION_CONTEXT(2) 
PARAMETRIC_REPRESENTATION_CONTEXT() REPRESENTATION_CONTEXT('2D SPACE',''
  ) );
#11130 = ORIENTED_EDGE('',*,*,#11131,.F.);
#11131 = EDGE_CURVE('',#3956,#11109,#11132,.T.);
#11132 = SURFACE_CURVE('',#11133,(#11137,#11144),.PCURVE_S1.);
#11133 = LINE('',#11134,#11135);
#11134 = CARTESIAN_POINT('',(44.5015625,3.94296875,3.95));
#11135 = VECTOR('',#11136,1.);
#11136 = DIRECTION('',(0.,0.,1.));
#11137 = PCURVE('',#3970,#11138);
#11138 = DEFINITIONAL_REPRESENTATION('',(#11139),#11143);
#11139 = LINE('',#11140,#11141);
#11140 = CARTESIAN_POINT('',(1.5390625,0.));
#11141 = VECTOR('',#11142,1.);
#11142 = DIRECTION('',(0.,-1.));
#11143 = ( GEOMETRIC_REPRESENTATION_CONTEXT(2) 
PARAMETRIC_REPRESENTATION_CONTEXT() REPRESENTATION_CONTEXT('2D SPACE',''
  ) );
#11144 = PCURVE('',#4011,#11145);
#11145 = DEFINITIONAL_REPRESENTATION('',(#11146),#11150);
#11146 = LINE('',#11147,#11148);
#11147 = CARTESIAN_POINT('',(0.,0.));
#11148 = VECTOR('',#11149,1.);
#11149 = DIRECTION('',(0.,-1.));
#11150 = ( GEOMETRIC_REPRESENTATION_CONTEXT(2) 
PARAMETRIC_REPRESENTATION_CONTEXT() REPRESENTATION_CONTEXT('2D SPACE',''
  ) );
#11151 = ADVANCED_FACE('',(#11152),#4757,.T.);
#11152 = FACE_BOUND('',#11153,.T.);
#11153 = EDGE_LOOP('',(#11154,#11155,#11178,#11199));
#11154 = ORIENTED_EDGE('',*,*,#4733,.T.);
#11155 = ORIENTED_EDGE('',*,*,#11156,.T.);
#11156 = EDGE_CURVE('',#4692,#11157,#11159,.T.);
#11157 = VERTEX_POINT('',#11158);
#11158 = CARTESIAN_POINT('',(45.521875,4.72578125,4.6));
#11159 = SURFACE_CURVE('',#11160,(#11164,#11171),.PCURVE_S1.);
#11160 = LINE('',#11161,#11162);
#11161 = CARTESIAN_POINT('',(45.521875,4.72578125,3.95));
#11162 = VECTOR('',#11163,1.);
#11163 = DIRECTION('',(0.,0.,1.));
#11164 = PCURVE('',#4757,#11165);
#11165 = DEFINITIONAL_REPRESENTATION('',(#11166),#11170);
#11166 = LINE('',#11167,#11168);
#11167 = CARTESIAN_POINT('',(0.,0.));
#11168 = VECTOR('',#11169,1.);
#11169 = DIRECTION('',(0.,-1.));
#11170 = ( GEOMETRIC_REPRESENTATION_CONTEXT(2) 
PARAMETRIC_REPRESENTATION_CONTEXT() REPRESENTATION_CONTEXT('2D SPACE',''
  ) );
#11171 = PCURVE('',#4715,#11172);
#11172 = DEFINITIONAL_REPRESENTATION('',(#11173),#11177);
#11173 = LINE('',#11174,#11175);
#11174 = CARTESIAN_POINT('',(1.,0.));
#11175 = VECTOR('',#11176,1.);
#11176 = DIRECTION('',(0.,-1.));
#11177 = ( GEOMETRIC_REPRESENTATION_CONTEXT(2) 
PARAMETRIC_REPRESENTATION_CONTEXT() REPRESENTATION_CONTEXT('2D SPACE',''
  ) );
#11178 = ORIENTED_EDGE('',*,*,#11179,.T.);
#11179 = EDGE_CURVE('',#11157,#11059,#11180,.T.);
#11180 = SURFACE_CURVE('',#11181,(#11185,#11192),.PCURVE_S1.);
#11181 = B_SPLINE_CURVE_WITH_KNOTS('',2,(#11182,#11183,#11184),
  .UNSPECIFIED.,.F.,.F.,(3,3),(0.,1.),.PIECEWISE_BEZIER_KNOTS.);
#11182 = CARTESIAN_POINT('',(45.521875,4.72578125,4.6));
#11183 = CARTESIAN_POINT('',(45.3140625,4.53515625,4.6));
#11184 = CARTESIAN_POINT('',(45.25859375,4.47265625,4.6));
#11185 = PCURVE('',#4757,#11186);
#11186 = DEFINITIONAL_REPRESENTATION('',(#11187),#11191);
#11187 = LINE('',#11188,#11189);
#11188 = CARTESIAN_POINT('',(0.,-0.65));
#11189 = VECTOR('',#11190,1.);
#11190 = DIRECTION('',(1.,0.));
#11191 = ( GEOMETRIC_REPRESENTATION_CONTEXT(2) 
PARAMETRIC_REPRESENTATION_CONTEXT() REPRESENTATION_CONTEXT('2D SPACE',''
  ) );
#11192 = PCURVE('',#10972,#11193);
#11193 = DEFINITIONAL_REPRESENTATION('',(#11194),#11198);
#11194 = B_SPLINE_CURVE_WITH_KNOTS('',2,(#11195,#11196,#11197),
  .UNSPECIFIED.,.F.,.F.,(3,3),(0.,1.),.PIECEWISE_BEZIER_KNOTS.);
#11195 = CARTESIAN_POINT('',(1.1,0.7828125));
#11196 = CARTESIAN_POINT('',(0.8921875,0.5921875));
#11197 = CARTESIAN_POINT('',(0.83671875,0.5296875));
#11198 = ( GEOMETRIC_REPRESENTATION_CONTEXT(2) 
PARAMETRIC_REPRESENTATION_CONTEXT() REPRESENTATION_CONTEXT('2D SPACE',''
  ) );
#11199 = ORIENTED_EDGE('',*,*,#11058,.F.);
#11200 = ADVANCED_FACE('',(#11201),#4011,.T.);
#11201 = FACE_BOUND('',#11202,.T.);
#11202 = EDGE_LOOP('',(#11203,#11204,#11205,#11228));
#11203 = ORIENTED_EDGE('',*,*,#3981,.T.);
#11204 = ORIENTED_EDGE('',*,*,#11131,.T.);
#11205 = ORIENTED_EDGE('',*,*,#11206,.T.);
#11206 = EDGE_CURVE('',#11109,#11207,#11209,.T.);
#11207 = VERTEX_POINT('',#11208);
#11208 = CARTESIAN_POINT('',(44.6515625,4.38125,4.6));
#11209 = SURFACE_CURVE('',#11210,(#11214,#11221),.PCURVE_S1.);
#11210 = B_SPLINE_CURVE_WITH_KNOTS('',2,(#11211,#11212,#11213),
  .UNSPECIFIED.,.F.,.F.,(3,3),(0.,1.),.PIECEWISE_BEZIER_KNOTS.);
#11211 = CARTESIAN_POINT('',(44.5015625,3.94296875,4.6));
#11212 = CARTESIAN_POINT('',(44.5265625,4.17421875,4.6));
#11213 = CARTESIAN_POINT('',(44.6515625,4.38125,4.6));
#11214 = PCURVE('',#4011,#11215);
#11215 = DEFINITIONAL_REPRESENTATION('',(#11216),#11220);
#11216 = LINE('',#11217,#11218);
#11217 = CARTESIAN_POINT('',(0.,-0.65));
#11218 = VECTOR('',#11219,1.);
#11219 = DIRECTION('',(1.,0.));
#11220 = ( GEOMETRIC_REPRESENTATION_CONTEXT(2) 
PARAMETRIC_REPRESENTATION_CONTEXT() REPRESENTATION_CONTEXT('2D SPACE',''
  ) );
#11221 = PCURVE('',#10972,#11222);
#11222 = DEFINITIONAL_REPRESENTATION('',(#11223),#11227);
#11223 = B_SPLINE_CURVE_WITH_KNOTS('',2,(#11224,#11225,#11226),
  .UNSPECIFIED.,.F.,.F.,(3,3),(0.,1.),.PIECEWISE_BEZIER_KNOTS.);
#11224 = CARTESIAN_POINT('',(7.96875E-02,0.));
#11225 = CARTESIAN_POINT('',(0.1046875,0.23125));
#11226 = CARTESIAN_POINT('',(0.2296875,0.43828125));
#11227 = ( GEOMETRIC_REPRESENTATION_CONTEXT(2) 
PARAMETRIC_REPRESENTATION_CONTEXT() REPRESENTATION_CONTEXT('2D SPACE',''
  ) );
#11228 = ORIENTED_EDGE('',*,*,#11229,.F.);
#11229 = EDGE_CURVE('',#3982,#11207,#11230,.T.);
#11230 = SURFACE_CURVE('',#11231,(#11235,#11242),.PCURVE_S1.);
#11231 = LINE('',#11232,#11233);
#11232 = CARTESIAN_POINT('',(44.6515625,4.38125,3.95));
#11233 = VECTOR('',#11234,1.);
#11234 = DIRECTION('',(0.,0.,1.));
#11235 = PCURVE('',#4011,#11236);
#11236 = DEFINITIONAL_REPRESENTATION('',(#11237),#11241);
#11237 = LINE('',#11238,#11239);
#11238 = CARTESIAN_POINT('',(1.,0.));
#11239 = VECTOR('',#11240,1.);
#11240 = DIRECTION('',(0.,-1.));
#11241 = ( GEOMETRIC_REPRESENTATION_CONTEXT(2) 
PARAMETRIC_REPRESENTATION_CONTEXT() REPRESENTATION_CONTEXT('2D SPACE',''
  ) );
#11242 = PCURVE('',#4058,#11243);
#11243 = DEFINITIONAL_REPRESENTATION('',(#11244),#11248);
#11244 = LINE('',#11245,#11246);
#11245 = CARTESIAN_POINT('',(0.,0.));
#11246 = VECTOR('',#11247,1.);
#11247 = DIRECTION('',(0.,-1.));
#11248 = ( GEOMETRIC_REPRESENTATION_CONTEXT(2) 
PARAMETRIC_REPRESENTATION_CONTEXT() REPRESENTATION_CONTEXT('2D SPACE',''
  ) );
#11249 = ADVANCED_FACE('',(#11250),#4715,.T.);
#11250 = FACE_BOUND('',#11251,.T.);
#11251 = EDGE_LOOP('',(#11252,#11253,#11276,#11297));
#11252 = ORIENTED_EDGE('',*,*,#4691,.T.);
#11253 = ORIENTED_EDGE('',*,*,#11254,.T.);
#11254 = EDGE_CURVE('',#4653,#11255,#11257,.T.);
#11255 = VERTEX_POINT('',#11256);
#11256 = CARTESIAN_POINT('',(45.809375,5.01796875,4.6));
#11257 = SURFACE_CURVE('',#11258,(#11262,#11269),.PCURVE_S1.);
#11258 = LINE('',#11259,#11260);
#11259 = CARTESIAN_POINT('',(45.809375,5.01796875,3.95));
#11260 = VECTOR('',#11261,1.);
#11261 = DIRECTION('',(0.,0.,1.));
#11262 = PCURVE('',#4715,#11263);
#11263 = DEFINITIONAL_REPRESENTATION('',(#11264),#11268);
#11264 = LINE('',#11265,#11266);
#11265 = CARTESIAN_POINT('',(0.,0.));
#11266 = VECTOR('',#11267,1.);
#11267 = DIRECTION('',(0.,-1.));
#11268 = ( GEOMETRIC_REPRESENTATION_CONTEXT(2) 
PARAMETRIC_REPRESENTATION_CONTEXT() REPRESENTATION_CONTEXT('2D SPACE',''
  ) );
#11269 = PCURVE('',#4674,#11270);
#11270 = DEFINITIONAL_REPRESENTATION('',(#11271),#11275);
#11271 = LINE('',#11272,#11273);
#11272 = CARTESIAN_POINT('',(1.,0.));
#11273 = VECTOR('',#11274,1.);
#11274 = DIRECTION('',(0.,-1.));
#11275 = ( GEOMETRIC_REPRESENTATION_CONTEXT(2) 
PARAMETRIC_REPRESENTATION_CONTEXT() REPRESENTATION_CONTEXT('2D SPACE',''
  ) );
#11276 = ORIENTED_EDGE('',*,*,#11277,.T.);
#11277 = EDGE_CURVE('',#11255,#11157,#11278,.T.);
#11278 = SURFACE_CURVE('',#11279,(#11283,#11290),.PCURVE_S1.);
#11279 = B_SPLINE_CURVE_WITH_KNOTS('',2,(#11280,#11281,#11282),
  .UNSPECIFIED.,.F.,.F.,(3,3),(0.,1.),.PIECEWISE_BEZIER_KNOTS.);
#11280 = CARTESIAN_POINT('',(45.809375,5.01796875,4.6));
#11281 = CARTESIAN_POINT('',(45.7296875,4.91640625,4.6));
#11282 = CARTESIAN_POINT('',(45.521875,4.72578125,4.6));
#11283 = PCURVE('',#4715,#11284);
#11284 = DEFINITIONAL_REPRESENTATION('',(#11285),#11289);
#11285 = LINE('',#11286,#11287);
#11286 = CARTESIAN_POINT('',(0.,-0.65));
#11287 = VECTOR('',#11288,1.);
#11288 = DIRECTION('',(1.,0.));
#11289 = ( GEOMETRIC_REPRESENTATION_CONTEXT(2) 
PARAMETRIC_REPRESENTATION_CONTEXT() REPRESENTATION_CONTEXT('2D SPACE',''
  ) );
#11290 = PCURVE('',#10972,#11291);
#11291 = DEFINITIONAL_REPRESENTATION('',(#11292),#11296);
#11292 = B_SPLINE_CURVE_WITH_KNOTS('',2,(#11293,#11294,#11295),
  .UNSPECIFIED.,.F.,.F.,(3,3),(0.,1.),.PIECEWISE_BEZIER_KNOTS.);
#11293 = CARTESIAN_POINT('',(1.3875,1.075));
#11294 = CARTESIAN_POINT('',(1.3078125,0.9734375));
#11295 = CARTESIAN_POINT('',(1.1,0.7828125));
#11296 = ( GEOMETRIC_REPRESENTATION_CONTEXT(2) 
PARAMETRIC_REPRESENTATION_CONTEXT() REPRESENTATION_CONTEXT('2D SPACE',''
  ) );
#11297 = ORIENTED_EDGE('',*,*,#11156,.F.);
#11298 = ADVANCED_FACE('',(#11299),#4058,.T.);
#11299 = FACE_BOUND('',#11300,.T.);
#11300 = EDGE_LOOP('',(#11301,#11302,#11303,#11326));
#11301 = ORIENTED_EDGE('',*,*,#4032,.T.);
#11302 = ORIENTED_EDGE('',*,*,#11229,.T.);
#11303 = ORIENTED_EDGE('',*,*,#11304,.T.);
#11304 = EDGE_CURVE('',#11207,#11305,#11307,.T.);
#11305 = VERTEX_POINT('',#11306);
#11306 = CARTESIAN_POINT('',(45.1453125,4.93046875,4.6));
#11307 = SURFACE_CURVE('',#11308,(#11312,#11319),.PCURVE_S1.);
#11308 = B_SPLINE_CURVE_WITH_KNOTS('',2,(#11309,#11310,#11311),
  .UNSPECIFIED.,.F.,.F.,(3,3),(0.,1.),.PIECEWISE_BEZIER_KNOTS.);
#11309 = CARTESIAN_POINT('',(44.6515625,4.38125,4.6));
#11310 = CARTESIAN_POINT('',(44.7765625,4.58828125,4.6));
#11311 = CARTESIAN_POINT('',(45.1453125,4.93046875,4.6));
#11312 = PCURVE('',#4058,#11313);
#11313 = DEFINITIONAL_REPRESENTATION('',(#11314),#11318);
#11314 = LINE('',#11315,#11316);
#11315 = CARTESIAN_POINT('',(0.,-0.65));
#11316 = VECTOR('',#11317,1.);
#11317 = DIRECTION('',(1.,0.));
#11318 = ( GEOMETRIC_REPRESENTATION_CONTEXT(2) 
PARAMETRIC_REPRESENTATION_CONTEXT() REPRESENTATION_CONTEXT('2D SPACE',''
  ) );
#11319 = PCURVE('',#10972,#11320);
#11320 = DEFINITIONAL_REPRESENTATION('',(#11321),#11325);
#11321 = B_SPLINE_CURVE_WITH_KNOTS('',2,(#11322,#11323,#11324),
  .UNSPECIFIED.,.F.,.F.,(3,3),(0.,1.),.PIECEWISE_BEZIER_KNOTS.);
#11322 = CARTESIAN_POINT('',(0.2296875,0.43828125));
#11323 = CARTESIAN_POINT('',(0.3546875,0.6453125));
#11324 = CARTESIAN_POINT('',(0.7234375,0.9875));
#11325 = ( GEOMETRIC_REPRESENTATION_CONTEXT(2) 
PARAMETRIC_REPRESENTATION_CONTEXT() REPRESENTATION_CONTEXT('2D SPACE',''
  ) );
#11326 = ORIENTED_EDGE('',*,*,#11327,.F.);
#11327 = EDGE_CURVE('',#4033,#11305,#11328,.T.);
#11328 = SURFACE_CURVE('',#11329,(#11333,#11340),.PCURVE_S1.);
#11329 = LINE('',#11330,#11331);
#11330 = CARTESIAN_POINT('',(45.1453125,4.93046875,3.95));
#11331 = VECTOR('',#11332,1.);
#11332 = DIRECTION('',(0.,0.,1.));
#11333 = PCURVE('',#4058,#11334);
#11334 = DEFINITIONAL_REPRESENTATION('',(#11335),#11339);
#11335 = LINE('',#11336,#11337);
#11336 = CARTESIAN_POINT('',(1.,0.));
#11337 = VECTOR('',#11338,1.);
#11338 = DIRECTION('',(0.,-1.));
#11339 = ( GEOMETRIC_REPRESENTATION_CONTEXT(2) 
PARAMETRIC_REPRESENTATION_CONTEXT() REPRESENTATION_CONTEXT('2D SPACE',''
  ) );
#11340 = PCURVE('',#4103,#11341);
#11341 = DEFINITIONAL_REPRESENTATION('',(#11342),#11346);
#11342 = LINE('',#11343,#11344);
#11343 = CARTESIAN_POINT('',(0.,0.));
#11344 = VECTOR('',#11345,1.);
#11345 = DIRECTION('',(0.,-1.));
#11346 = ( GEOMETRIC_REPRESENTATION_CONTEXT(2) 
PARAMETRIC_REPRESENTATION_CONTEXT() REPRESENTATION_CONTEXT('2D SPACE',''
  ) );
#11347 = ADVANCED_FACE('',(#11348),#4674,.T.);
#11348 = FACE_BOUND('',#11349,.T.);
#11349 = EDGE_LOOP('',(#11350,#11351,#11374,#11395));
#11350 = ORIENTED_EDGE('',*,*,#4652,.T.);
#11351 = ORIENTED_EDGE('',*,*,#11352,.T.);
#11352 = EDGE_CURVE('',#4608,#11353,#11355,.T.);
#11353 = VERTEX_POINT('',#11354);
#11354 = CARTESIAN_POINT('',(45.98515625,5.3109375,4.6));
#11355 = SURFACE_CURVE('',#11356,(#11360,#11367),.PCURVE_S1.);
#11356 = LINE('',#11357,#11358);
#11357 = CARTESIAN_POINT('',(45.98515625,5.3109375,3.95));
#11358 = VECTOR('',#11359,1.);
#11359 = DIRECTION('',(0.,0.,1.));
#11360 = PCURVE('',#4674,#11361);
#11361 = DEFINITIONAL_REPRESENTATION('',(#11362),#11366);
#11362 = LINE('',#11363,#11364);
#11363 = CARTESIAN_POINT('',(0.,0.));
#11364 = VECTOR('',#11365,1.);
#11365 = DIRECTION('',(0.,-1.));
#11366 = ( GEOMETRIC_REPRESENTATION_CONTEXT(2) 
PARAMETRIC_REPRESENTATION_CONTEXT() REPRESENTATION_CONTEXT('2D SPACE',''
  ) );
#11367 = PCURVE('',#4633,#11368);
#11368 = DEFINITIONAL_REPRESENTATION('',(#11369),#11373);
#11369 = LINE('',#11370,#11371);
#11370 = CARTESIAN_POINT('',(1.,0.));
#11371 = VECTOR('',#11372,1.);
#11372 = DIRECTION('',(0.,-1.));
#11373 = ( GEOMETRIC_REPRESENTATION_CONTEXT(2) 
PARAMETRIC_REPRESENTATION_CONTEXT() REPRESENTATION_CONTEXT('2D SPACE',''
  ) );
#11374 = ORIENTED_EDGE('',*,*,#11375,.T.);
#11375 = EDGE_CURVE('',#11353,#11255,#11376,.T.);
#11376 = SURFACE_CURVE('',#11377,(#11381,#11388),.PCURVE_S1.);
#11377 = B_SPLINE_CURVE_WITH_KNOTS('',2,(#11378,#11379,#11380),
  .UNSPECIFIED.,.F.,.F.,(3,3),(0.,1.),.PIECEWISE_BEZIER_KNOTS.);
#11378 = CARTESIAN_POINT('',(45.98515625,5.3109375,4.6));
#11379 = CARTESIAN_POINT('',(45.9296875,5.17109375,4.6));
#11380 = CARTESIAN_POINT('',(45.809375,5.01796875,4.6));
#11381 = PCURVE('',#4674,#11382);
#11382 = DEFINITIONAL_REPRESENTATION('',(#11383),#11387);
#11383 = LINE('',#11384,#11385);
#11384 = CARTESIAN_POINT('',(0.,-0.65));
#11385 = VECTOR('',#11386,1.);
#11386 = DIRECTION('',(1.,0.));
#11387 = ( GEOMETRIC_REPRESENTATION_CONTEXT(2) 
PARAMETRIC_REPRESENTATION_CONTEXT() REPRESENTATION_CONTEXT('2D SPACE',''
  ) );
#11388 = PCURVE('',#10972,#11389);
#11389 = DEFINITIONAL_REPRESENTATION('',(#11390),#11394);
#11390 = B_SPLINE_CURVE_WITH_KNOTS('',2,(#11391,#11392,#11393),
  .UNSPECIFIED.,.F.,.F.,(3,3),(0.,1.),.PIECEWISE_BEZIER_KNOTS.);
#11391 = CARTESIAN_POINT('',(1.56328125,1.36796875));
#11392 = CARTESIAN_POINT('',(1.5078125,1.228125));
#11393 = CARTESIAN_POINT('',(1.3875,1.075));
#11394 = ( GEOMETRIC_REPRESENTATION_CONTEXT(2) 
PARAMETRIC_REPRESENTATION_CONTEXT() REPRESENTATION_CONTEXT('2D SPACE',''
  ) );
#11395 = ORIENTED_EDGE('',*,*,#11254,.F.);
#11396 = ADVANCED_FACE('',(#11397),#4103,.T.);
#11397 = FACE_BOUND('',#11398,.T.);
#11398 = EDGE_LOOP('',(#11399,#11400,#11401,#11424));
#11399 = ORIENTED_EDGE('',*,*,#4077,.T.);
#11400 = ORIENTED_EDGE('',*,*,#11327,.T.);
#11401 = ORIENTED_EDGE('',*,*,#11402,.T.);
#11402 = EDGE_CURVE('',#11305,#11403,#11405,.T.);
#11403 = VERTEX_POINT('',#11404);
#11404 = CARTESIAN_POINT('',(45.509375,5.30546875,4.6));
#11405 = SURFACE_CURVE('',#11406,(#11410,#11417),.PCURVE_S1.);
#11406 = B_SPLINE_CURVE_WITH_KNOTS('',2,(#11407,#11408,#11409),
  .UNSPECIFIED.,.F.,.F.,(3,3),(0.,1.),.PIECEWISE_BEZIER_KNOTS.);
#11407 = CARTESIAN_POINT('',(45.1453125,4.93046875,4.6));
#11408 = CARTESIAN_POINT('',(45.4421875,5.20703125,4.6));
#11409 = CARTESIAN_POINT('',(45.509375,5.30546875,4.6));
#11410 = PCURVE('',#4103,#11411);
#11411 = DEFINITIONAL_REPRESENTATION('',(#11412),#11416);
#11412 = LINE('',#11413,#11414);
#11413 = CARTESIAN_POINT('',(0.,-0.65));
#11414 = VECTOR('',#11415,1.);
#11415 = DIRECTION('',(1.,0.));
#11416 = ( GEOMETRIC_REPRESENTATION_CONTEXT(2) 
PARAMETRIC_REPRESENTATION_CONTEXT() REPRESENTATION_CONTEXT('2D SPACE',''
  ) );
#11417 = PCURVE('',#10972,#11418);
#11418 = DEFINITIONAL_REPRESENTATION('',(#11419),#11423);
#11419 = B_SPLINE_CURVE_WITH_KNOTS('',2,(#11420,#11421,#11422),
  .UNSPECIFIED.,.F.,.F.,(3,3),(0.,1.),.PIECEWISE_BEZIER_KNOTS.);
#11420 = CARTESIAN_POINT('',(0.7234375,0.9875));
#11421 = CARTESIAN_POINT('',(1.0203125,1.2640625));
#11422 = CARTESIAN_POINT('',(1.0875,1.3625));
#11423 = ( GEOMETRIC_REPRESENTATION_CONTEXT(2) 
PARAMETRIC_REPRESENTATION_CONTEXT() REPRESENTATION_CONTEXT('2D SPACE',''
  ) );
#11424 = ORIENTED_EDGE('',*,*,#11425,.F.);
#11425 = EDGE_CURVE('',#4078,#11403,#11426,.T.);
#11426 = SURFACE_CURVE('',#11427,(#11431,#11438),.PCURVE_S1.);
#11427 = LINE('',#11428,#11429);
#11428 = CARTESIAN_POINT('',(45.509375,5.30546875,3.95));
#11429 = VECTOR('',#11430,1.);
#11430 = DIRECTION('',(0.,0.,1.));
#11431 = PCURVE('',#4103,#11432);
#11432 = DEFINITIONAL_REPRESENTATION('',(#11433),#11437);
#11433 = LINE('',#11434,#11435);
#11434 = CARTESIAN_POINT('',(1.,0.));
#11435 = VECTOR('',#11436,1.);
#11436 = DIRECTION('',(0.,-1.));
#11437 = ( GEOMETRIC_REPRESENTATION_CONTEXT(2) 
PARAMETRIC_REPRESENTATION_CONTEXT() REPRESENTATION_CONTEXT('2D SPACE',''
  ) );
#11438 = PCURVE('',#4144,#11439);
#11439 = DEFINITIONAL_REPRESENTATION('',(#11440),#11444);
#11440 = LINE('',#11441,#11442);
#11441 = CARTESIAN_POINT('',(0.,0.));
#11442 = VECTOR('',#11443,1.);
#11443 = DIRECTION('',(0.,-1.));
#11444 = ( GEOMETRIC_REPRESENTATION_CONTEXT(2) 
PARAMETRIC_REPRESENTATION_CONTEXT() REPRESENTATION_CONTEXT('2D SPACE',''
  ) );
#11445 = ADVANCED_FACE('',(#11446),#4633,.T.);
#11446 = FACE_BOUND('',#11447,.T.);
#11447 = EDGE_LOOP('',(#11448,#11449,#11472,#11493));
#11448 = ORIENTED_EDGE('',*,*,#4607,.T.);
#11449 = ORIENTED_EDGE('',*,*,#11450,.T.);
#11450 = EDGE_CURVE('',#4557,#11451,#11453,.T.);
#11451 = VERTEX_POINT('',#11452);
#11452 = CARTESIAN_POINT('',(46.040625,5.60546875,4.6));
#11453 = SURFACE_CURVE('',#11454,(#11458,#11465),.PCURVE_S1.);
#11454 = LINE('',#11455,#11456);
#11455 = CARTESIAN_POINT('',(46.040625,5.60546875,3.95));
#11456 = VECTOR('',#11457,1.);
#11457 = DIRECTION('',(0.,0.,1.));
#11458 = PCURVE('',#4633,#11459);
#11459 = DEFINITIONAL_REPRESENTATION('',(#11460),#11464);
#11460 = LINE('',#11461,#11462);
#11461 = CARTESIAN_POINT('',(0.,0.));
#11462 = VECTOR('',#11463,1.);
#11463 = DIRECTION('',(0.,-1.));
#11464 = ( GEOMETRIC_REPRESENTATION_CONTEXT(2) 
PARAMETRIC_REPRESENTATION_CONTEXT() REPRESENTATION_CONTEXT('2D SPACE',''
  ) );
#11465 = PCURVE('',#4586,#11466);
#11466 = DEFINITIONAL_REPRESENTATION('',(#11467),#11471);
#11467 = LINE('',#11468,#11469);
#11468 = CARTESIAN_POINT('',(1.,0.));
#11469 = VECTOR('',#11470,1.);
#11470 = DIRECTION('',(0.,-1.));
#11471 = ( GEOMETRIC_REPRESENTATION_CONTEXT(2) 
PARAMETRIC_REPRESENTATION_CONTEXT() REPRESENTATION_CONTEXT('2D SPACE',''
  ) );
#11472 = ORIENTED_EDGE('',*,*,#11473,.T.);
#11473 = EDGE_CURVE('',#11451,#11353,#11474,.T.);
#11474 = SURFACE_CURVE('',#11475,(#11479,#11486),.PCURVE_S1.);
#11475 = B_SPLINE_CURVE_WITH_KNOTS('',2,(#11476,#11477,#11478),
  .UNSPECIFIED.,.F.,.F.,(3,3),(0.,1.),.PIECEWISE_BEZIER_KNOTS.);
#11476 = CARTESIAN_POINT('',(46.040625,5.60546875,4.6));
#11477 = CARTESIAN_POINT('',(46.040625,5.45078125,4.6));
#11478 = CARTESIAN_POINT('',(45.98515625,5.3109375,4.6));
#11479 = PCURVE('',#4633,#11480);
#11480 = DEFINITIONAL_REPRESENTATION('',(#11481),#11485);
#11481 = LINE('',#11482,#11483);
#11482 = CARTESIAN_POINT('',(0.,-0.65));
#11483 = VECTOR('',#11484,1.);
#11484 = DIRECTION('',(1.,0.));
#11485 = ( GEOMETRIC_REPRESENTATION_CONTEXT(2) 
PARAMETRIC_REPRESENTATION_CONTEXT() REPRESENTATION_CONTEXT('2D SPACE',''
  ) );
#11486 = PCURVE('',#10972,#11487);
#11487 = DEFINITIONAL_REPRESENTATION('',(#11488),#11492);
#11488 = B_SPLINE_CURVE_WITH_KNOTS('',2,(#11489,#11490,#11491),
  .UNSPECIFIED.,.F.,.F.,(3,3),(0.,1.),.PIECEWISE_BEZIER_KNOTS.);
#11489 = CARTESIAN_POINT('',(1.61875,1.6625));
#11490 = CARTESIAN_POINT('',(1.61875,1.5078125));
#11491 = CARTESIAN_POINT('',(1.56328125,1.36796875));
#11492 = ( GEOMETRIC_REPRESENTATION_CONTEXT(2) 
PARAMETRIC_REPRESENTATION_CONTEXT() REPRESENTATION_CONTEXT('2D SPACE',''
  ) );
#11493 = ORIENTED_EDGE('',*,*,#11352,.F.);
#11494 = ADVANCED_FACE('',(#11495),#4144,.T.);
#11495 = FACE_BOUND('',#11496,.T.);
#11496 = EDGE_LOOP('',(#11497,#11498,#11499,#11522));
#11497 = ORIENTED_EDGE('',*,*,#4122,.T.);
#11498 = ORIENTED_EDGE('',*,*,#11425,.T.);
#11499 = ORIENTED_EDGE('',*,*,#11500,.T.);
#11500 = EDGE_CURVE('',#11403,#11501,#11503,.T.);
#11501 = VERTEX_POINT('',#11502);
#11502 = CARTESIAN_POINT('',(45.6,5.57421875,4.6));
#11503 = SURFACE_CURVE('',#11504,(#11508,#11515),.PCURVE_S1.);
#11504 = B_SPLINE_CURVE_WITH_KNOTS('',2,(#11505,#11506,#11507),
  .UNSPECIFIED.,.F.,.F.,(3,3),(0.,1.),.PIECEWISE_BEZIER_KNOTS.);
#11505 = CARTESIAN_POINT('',(45.509375,5.30546875,4.6));
#11506 = CARTESIAN_POINT('',(45.6,5.44140625,4.6));
#11507 = CARTESIAN_POINT('',(45.6,5.57421875,4.6));
#11508 = PCURVE('',#4144,#11509);
#11509 = DEFINITIONAL_REPRESENTATION('',(#11510),#11514);
#11510 = LINE('',#11511,#11512);
#11511 = CARTESIAN_POINT('',(0.,-0.65));
#11512 = VECTOR('',#11513,1.);
#11513 = DIRECTION('',(1.,0.));
#11514 = ( GEOMETRIC_REPRESENTATION_CONTEXT(2) 
PARAMETRIC_REPRESENTATION_CONTEXT() REPRESENTATION_CONTEXT('2D SPACE',''
  ) );
#11515 = PCURVE('',#10972,#11516);
#11516 = DEFINITIONAL_REPRESENTATION('',(#11517),#11521);
#11517 = B_SPLINE_CURVE_WITH_KNOTS('',2,(#11518,#11519,#11520),
  .UNSPECIFIED.,.F.,.F.,(3,3),(0.,1.),.PIECEWISE_BEZIER_KNOTS.);
#11518 = CARTESIAN_POINT('',(1.0875,1.3625));
#11519 = CARTESIAN_POINT('',(1.178125,1.4984375));
#11520 = CARTESIAN_POINT('',(1.178125,1.63125));
#11521 = ( GEOMETRIC_REPRESENTATION_CONTEXT(2) 
PARAMETRIC_REPRESENTATION_CONTEXT() REPRESENTATION_CONTEXT('2D SPACE',''
  ) );
#11522 = ORIENTED_EDGE('',*,*,#11523,.F.);
#11523 = EDGE_CURVE('',#4123,#11501,#11524,.T.);
#11524 = SURFACE_CURVE('',#11525,(#11529,#11536),.PCURVE_S1.);
#11525 = LINE('',#11526,#11527);
#11526 = CARTESIAN_POINT('',(45.6,5.57421875,3.95));
#11527 = VECTOR('',#11528,1.);
#11528 = DIRECTION('',(0.,0.,1.));
#11529 = PCURVE('',#4144,#11530);
#11530 = DEFINITIONAL_REPRESENTATION('',(#11531),#11535);
#11531 = LINE('',#11532,#11533);
#11532 = CARTESIAN_POINT('',(1.,0.));
#11533 = VECTOR('',#11534,1.);
#11534 = DIRECTION('',(0.,-1.));
#11535 = ( GEOMETRIC_REPRESENTATION_CONTEXT(2) 
PARAMETRIC_REPRESENTATION_CONTEXT() REPRESENTATION_CONTEXT('2D SPACE',''
  ) );
#11536 = PCURVE('',#4191,#11537);
#11537 = DEFINITIONAL_REPRESENTATION('',(#11538),#11542);
#11538 = LINE('',#11539,#11540);
#11539 = CARTESIAN_POINT('',(0.,0.));
#11540 = VECTOR('',#11541,1.);
#11541 = DIRECTION('',(0.,-1.));
#11542 = ( GEOMETRIC_REPRESENTATION_CONTEXT(2) 
PARAMETRIC_REPRESENTATION_CONTEXT() REPRESENTATION_CONTEXT('2D SPACE',''
  ) );
#11543 = ADVANCED_FACE('',(#11544),#4586,.T.);
#11544 = FACE_BOUND('',#11545,.T.);
#11545 = EDGE_LOOP('',(#11546,#11547,#11570,#11591));
#11546 = ORIENTED_EDGE('',*,*,#4556,.T.);
#11547 = ORIENTED_EDGE('',*,*,#11548,.T.);
#11548 = EDGE_CURVE('',#4494,#11549,#11551,.T.);
#11549 = VERTEX_POINT('',#11550);
#11550 = CARTESIAN_POINT('',(45.846875,6.06015625,4.6));
#11551 = SURFACE_CURVE('',#11552,(#11556,#11563),.PCURVE_S1.);
#11552 = LINE('',#11553,#11554);
#11553 = CARTESIAN_POINT('',(45.846875,6.06015625,3.95));
#11554 = VECTOR('',#11555,1.);
#11555 = DIRECTION('',(0.,0.,1.));
#11556 = PCURVE('',#4586,#11557);
#11557 = DEFINITIONAL_REPRESENTATION('',(#11558),#11562);
#11558 = LINE('',#11559,#11560);
#11559 = CARTESIAN_POINT('',(0.,0.));
#11560 = VECTOR('',#11561,1.);
#11561 = DIRECTION('',(0.,-1.));
#11562 = ( GEOMETRIC_REPRESENTATION_CONTEXT(2) 
PARAMETRIC_REPRESENTATION_CONTEXT() REPRESENTATION_CONTEXT('2D SPACE',''
  ) );
#11563 = PCURVE('',#4531,#11564);
#11564 = DEFINITIONAL_REPRESENTATION('',(#11565),#11569);
#11565 = LINE('',#11566,#11567);
#11566 = CARTESIAN_POINT('',(1.,0.));
#11567 = VECTOR('',#11568,1.);
#11568 = DIRECTION('',(0.,-1.));
#11569 = ( GEOMETRIC_REPRESENTATION_CONTEXT(2) 
PARAMETRIC_REPRESENTATION_CONTEXT() REPRESENTATION_CONTEXT('2D SPACE',''
  ) );
#11570 = ORIENTED_EDGE('',*,*,#11571,.T.);
#11571 = EDGE_CURVE('',#11549,#11451,#11572,.T.);
#11572 = SURFACE_CURVE('',#11573,(#11577,#11584),.PCURVE_S1.);
#11573 = B_SPLINE_CURVE_WITH_KNOTS('',2,(#11574,#11575,#11576),
  .UNSPECIFIED.,.F.,.F.,(3,3),(0.,1.),.PIECEWISE_BEZIER_KNOTS.);
#11574 = CARTESIAN_POINT('',(45.846875,6.06015625,4.6));
#11575 = CARTESIAN_POINT('',(46.040625,5.87734375,4.6));
#11576 = CARTESIAN_POINT('',(46.040625,5.60546875,4.6));
#11577 = PCURVE('',#4586,#11578);
#11578 = DEFINITIONAL_REPRESENTATION('',(#11579),#11583);
#11579 = LINE('',#11580,#11581);
#11580 = CARTESIAN_POINT('',(0.,-0.65));
#11581 = VECTOR('',#11582,1.);
#11582 = DIRECTION('',(1.,0.));
#11583 = ( GEOMETRIC_REPRESENTATION_CONTEXT(2) 
PARAMETRIC_REPRESENTATION_CONTEXT() REPRESENTATION_CONTEXT('2D SPACE',''
  ) );
#11584 = PCURVE('',#10972,#11585);
#11585 = DEFINITIONAL_REPRESENTATION('',(#11586),#11590);
#11586 = B_SPLINE_CURVE_WITH_KNOTS('',2,(#11587,#11588,#11589),
  .UNSPECIFIED.,.F.,.F.,(3,3),(0.,1.),.PIECEWISE_BEZIER_KNOTS.);
#11587 = CARTESIAN_POINT('',(1.425,2.1171875));
#11588 = CARTESIAN_POINT('',(1.61875,1.934375));
#11589 = CARTESIAN_POINT('',(1.61875,1.6625));
#11590 = ( GEOMETRIC_REPRESENTATION_CONTEXT(2) 
PARAMETRIC_REPRESENTATION_CONTEXT() REPRESENTATION_CONTEXT('2D SPACE',''
  ) );
#11591 = ORIENTED_EDGE('',*,*,#11450,.F.);
#11592 = ADVANCED_FACE('',(#11593),#4191,.T.);
#11593 = FACE_BOUND('',#11594,.T.);
#11594 = EDGE_LOOP('',(#11595,#11596,#11597,#11620));
#11595 = ORIENTED_EDGE('',*,*,#4161,.T.);
#11596 = ORIENTED_EDGE('',*,*,#11523,.T.);
#11597 = ORIENTED_EDGE('',*,*,#11598,.T.);
#11598 = EDGE_CURVE('',#11501,#11599,#11601,.T.);
#11599 = VERTEX_POINT('',#11600);
#11600 = CARTESIAN_POINT('',(45.52109375,5.8,4.6));
#11601 = SURFACE_CURVE('',#11602,(#11606,#11613),.PCURVE_S1.);
#11602 = B_SPLINE_CURVE_WITH_KNOTS('',2,(#11603,#11604,#11605),
  .UNSPECIFIED.,.F.,.F.,(3,3),(0.,1.),.PIECEWISE_BEZIER_KNOTS.);
#11603 = CARTESIAN_POINT('',(45.6,5.57421875,4.6));
#11604 = CARTESIAN_POINT('',(45.6,5.72109375,4.6));
#11605 = CARTESIAN_POINT('',(45.52109375,5.8,4.6));
#11606 = PCURVE('',#4191,#11607);
#11607 = DEFINITIONAL_REPRESENTATION('',(#11608),#11612);
#11608 = LINE('',#11609,#11610);
#11609 = CARTESIAN_POINT('',(0.,-0.65));
#11610 = VECTOR('',#11611,1.);
#11611 = DIRECTION('',(1.,0.));
#11612 = ( GEOMETRIC_REPRESENTATION_CONTEXT(2) 
PARAMETRIC_REPRESENTATION_CONTEXT() REPRESENTATION_CONTEXT('2D SPACE',''
  ) );
#11613 = PCURVE('',#10972,#11614);
#11614 = DEFINITIONAL_REPRESENTATION('',(#11615),#11619);
#11615 = B_SPLINE_CURVE_WITH_KNOTS('',2,(#11616,#11617,#11618),
  .UNSPECIFIED.,.F.,.F.,(3,3),(0.,1.),.PIECEWISE_BEZIER_KNOTS.);
#11616 = CARTESIAN_POINT('',(1.178125,1.63125));
#11617 = CARTESIAN_POINT('',(1.178125,1.778125));
#11618 = CARTESIAN_POINT('',(1.09921875,1.85703125));
#11619 = ( GEOMETRIC_REPRESENTATION_CONTEXT(2) 
PARAMETRIC_REPRESENTATION_CONTEXT() REPRESENTATION_CONTEXT('2D SPACE',''
  ) );
#11620 = ORIENTED_EDGE('',*,*,#11621,.F.);
#11621 = EDGE_CURVE('',#4162,#11599,#11622,.T.);
#11622 = SURFACE_CURVE('',#11623,(#11627,#11634),.PCURVE_S1.);
#11623 = LINE('',#11624,#11625);
#11624 = CARTESIAN_POINT('',(45.52109375,5.8,3.95));
#11625 = VECTOR('',#11626,1.);
#11626 = DIRECTION('',(0.,0.,1.));
#11627 = PCURVE('',#4191,#11628);
#11628 = DEFINITIONAL_REPRESENTATION('',(#11629),#11633);
#11629 = LINE('',#11630,#11631);
#11630 = CARTESIAN_POINT('',(1.,0.));
#11631 = VECTOR('',#11632,1.);
#11632 = DIRECTION('',(0.,-1.));
#11633 = ( GEOMETRIC_REPRESENTATION_CONTEXT(2) 
PARAMETRIC_REPRESENTATION_CONTEXT() REPRESENTATION_CONTEXT('2D SPACE',''
  ) );
#11634 = PCURVE('',#4242,#11635);
#11635 = DEFINITIONAL_REPRESENTATION('',(#11636),#11640);
#11636 = LINE('',#11637,#11638);
#11637 = CARTESIAN_POINT('',(0.,0.));
#11638 = VECTOR('',#11639,1.);
#11639 = DIRECTION('',(0.,-1.));
#11640 = ( GEOMETRIC_REPRESENTATION_CONTEXT(2) 
PARAMETRIC_REPRESENTATION_CONTEXT() REPRESENTATION_CONTEXT('2D SPACE',''
  ) );
#11641 = ADVANCED_FACE('',(#11642),#4531,.T.);
#11642 = FACE_BOUND('',#11643,.T.);
#11643 = EDGE_LOOP('',(#11644,#11645,#11668,#11689));
#11644 = ORIENTED_EDGE('',*,*,#4493,.T.);
#11645 = ORIENTED_EDGE('',*,*,#11646,.T.);
#11646 = EDGE_CURVE('',#4443,#11647,#11649,.T.);
#11647 = VERTEX_POINT('',#11648);
#11648 = CARTESIAN_POINT('',(45.3140625,6.24296875,4.6));
#11649 = SURFACE_CURVE('',#11650,(#11654,#11661),.PCURVE_S1.);
#11650 = LINE('',#11651,#11652);
#11651 = CARTESIAN_POINT('',(45.3140625,6.24296875,3.95));
#11652 = VECTOR('',#11653,1.);
#11653 = DIRECTION('',(0.,0.,1.));
#11654 = PCURVE('',#4531,#11655);
#11655 = DEFINITIONAL_REPRESENTATION('',(#11656),#11660);
#11656 = LINE('',#11657,#11658);
#11657 = CARTESIAN_POINT('',(0.,0.));
#11658 = VECTOR('',#11659,1.);
#11659 = DIRECTION('',(0.,-1.));
#11660 = ( GEOMETRIC_REPRESENTATION_CONTEXT(2) 
PARAMETRIC_REPRESENTATION_CONTEXT() REPRESENTATION_CONTEXT('2D SPACE',''
  ) );
#11661 = PCURVE('',#4472,#11662);
#11662 = DEFINITIONAL_REPRESENTATION('',(#11663),#11667);
#11663 = LINE('',#11664,#11665);
#11664 = CARTESIAN_POINT('',(1.,0.));
#11665 = VECTOR('',#11666,1.);
#11666 = DIRECTION('',(0.,-1.));
#11667 = ( GEOMETRIC_REPRESENTATION_CONTEXT(2) 
PARAMETRIC_REPRESENTATION_CONTEXT() REPRESENTATION_CONTEXT('2D SPACE',''
  ) );
#11668 = ORIENTED_EDGE('',*,*,#11669,.T.);
#11669 = EDGE_CURVE('',#11647,#11549,#11670,.T.);
#11670 = SURFACE_CURVE('',#11671,(#11675,#11682),.PCURVE_S1.);
#11671 = B_SPLINE_CURVE_WITH_KNOTS('',2,(#11672,#11673,#11674),
  .UNSPECIFIED.,.F.,.F.,(3,3),(0.,1.),.PIECEWISE_BEZIER_KNOTS.);
#11672 = CARTESIAN_POINT('',(45.3140625,6.24296875,4.6));
#11673 = CARTESIAN_POINT('',(45.653125,6.24296875,4.6));
#11674 = CARTESIAN_POINT('',(45.846875,6.06015625,4.6));
#11675 = PCURVE('',#4531,#11676);
#11676 = DEFINITIONAL_REPRESENTATION('',(#11677),#11681);
#11677 = LINE('',#11678,#11679);
#11678 = CARTESIAN_POINT('',(0.,-0.65));
#11679 = VECTOR('',#11680,1.);
#11680 = DIRECTION('',(1.,0.));
#11681 = ( GEOMETRIC_REPRESENTATION_CONTEXT(2) 
PARAMETRIC_REPRESENTATION_CONTEXT() REPRESENTATION_CONTEXT('2D SPACE',''
  ) );
#11682 = PCURVE('',#10972,#11683);
#11683 = DEFINITIONAL_REPRESENTATION('',(#11684),#11688);
#11684 = B_SPLINE_CURVE_WITH_KNOTS('',2,(#11685,#11686,#11687),
  .UNSPECIFIED.,.F.,.F.,(3,3),(0.,1.),.PIECEWISE_BEZIER_KNOTS.);
#11685 = CARTESIAN_POINT('',(0.8921875,2.3));
#11686 = CARTESIAN_POINT('',(1.23125,2.3));
#11687 = CARTESIAN_POINT('',(1.425,2.1171875));
#11688 = ( GEOMETRIC_REPRESENTATION_CONTEXT(2) 
PARAMETRIC_REPRESENTATION_CONTEXT() REPRESENTATION_CONTEXT('2D SPACE',''
  ) );
#11689 = ORIENTED_EDGE('',*,*,#11548,.F.);
#11690 = ADVANCED_FACE('',(#11691),#4242,.T.);
#11691 = FACE_BOUND('',#11692,.T.);
#11692 = EDGE_LOOP('',(#11693,#11694,#11695,#11718));
#11693 = ORIENTED_EDGE('',*,*,#4212,.T.);
#11694 = ORIENTED_EDGE('',*,*,#11621,.T.);
#11695 = ORIENTED_EDGE('',*,*,#11696,.T.);
#11696 = EDGE_CURVE('',#11599,#11697,#11699,.T.);
#11697 = VERTEX_POINT('',#11698);
#11698 = CARTESIAN_POINT('',(45.303125,5.87890625,4.6));
#11699 = SURFACE_CURVE('',#11700,(#11704,#11711),.PCURVE_S1.);
#11700 = B_SPLINE_CURVE_WITH_KNOTS('',2,(#11701,#11702,#11703),
  .UNSPECIFIED.,.F.,.F.,(3,3),(0.,1.),.PIECEWISE_BEZIER_KNOTS.);
#11701 = CARTESIAN_POINT('',(45.52109375,5.8,4.6));
#11702 = CARTESIAN_POINT('',(45.4421875,5.87890625,4.6));
#11703 = CARTESIAN_POINT('',(45.303125,5.87890625,4.6));
#11704 = PCURVE('',#4242,#11705);
#11705 = DEFINITIONAL_REPRESENTATION('',(#11706),#11710);
#11706 = LINE('',#11707,#11708);
#11707 = CARTESIAN_POINT('',(0.,-0.65));
#11708 = VECTOR('',#11709,1.);
#11709 = DIRECTION('',(1.,0.));
#11710 = ( GEOMETRIC_REPRESENTATION_CONTEXT(2) 
PARAMETRIC_REPRESENTATION_CONTEXT() REPRESENTATION_CONTEXT('2D SPACE',''
  ) );
#11711 = PCURVE('',#10972,#11712);
#11712 = DEFINITIONAL_REPRESENTATION('',(#11713),#11717);
#11713 = B_SPLINE_CURVE_WITH_KNOTS('',2,(#11714,#11715,#11716),
  .UNSPECIFIED.,.F.,.F.,(3,3),(0.,1.),.PIECEWISE_BEZIER_KNOTS.);
#11714 = CARTESIAN_POINT('',(1.09921875,1.85703125));
#11715 = CARTESIAN_POINT('',(1.0203125,1.9359375));
#11716 = CARTESIAN_POINT('',(0.88125,1.9359375));
#11717 = ( GEOMETRIC_REPRESENTATION_CONTEXT(2) 
PARAMETRIC_REPRESENTATION_CONTEXT() REPRESENTATION_CONTEXT('2D SPACE',''
  ) );
#11718 = ORIENTED_EDGE('',*,*,#11719,.F.);
#11719 = EDGE_CURVE('',#4213,#11697,#11720,.T.);
#11720 = SURFACE_CURVE('',#11721,(#11725,#11732),.PCURVE_S1.);
#11721 = LINE('',#11722,#11723);
#11722 = CARTESIAN_POINT('',(45.303125,5.87890625,3.95));
#11723 = VECTOR('',#11724,1.);
#11724 = DIRECTION('',(0.,0.,1.));
#11725 = PCURVE('',#4242,#11726);
#11726 = DEFINITIONAL_REPRESENTATION('',(#11727),#11731);
#11727 = LINE('',#11728,#11729);
#11728 = CARTESIAN_POINT('',(1.,0.));
#11729 = VECTOR('',#11730,1.);
#11730 = DIRECTION('',(0.,-1.));
#11731 = ( GEOMETRIC_REPRESENTATION_CONTEXT(2) 
PARAMETRIC_REPRESENTATION_CONTEXT() REPRESENTATION_CONTEXT('2D SPACE',''
  ) );
#11732 = PCURVE('',#4293,#11733);
#11733 = DEFINITIONAL_REPRESENTATION('',(#11734),#11738);
#11734 = LINE('',#11735,#11736);
#11735 = CARTESIAN_POINT('',(0.,0.));
#11736 = VECTOR('',#11737,1.);
#11737 = DIRECTION('',(0.,-1.));
#11738 = ( GEOMETRIC_REPRESENTATION_CONTEXT(2) 
PARAMETRIC_REPRESENTATION_CONTEXT() REPRESENTATION_CONTEXT('2D SPACE',''
  ) );
#11739 = ADVANCED_FACE('',(#11740),#4472,.T.);
#11740 = FACE_BOUND('',#11741,.T.);
#11741 = EDGE_LOOP('',(#11742,#11743,#11766,#11787));
#11742 = ORIENTED_EDGE('',*,*,#4442,.T.);
#11743 = ORIENTED_EDGE('',*,*,#11744,.T.);
#11744 = EDGE_CURVE('',#4380,#11745,#11747,.T.);
#11745 = VERTEX_POINT('',#11746);
#11746 = CARTESIAN_POINT('',(44.7984375,6.08515625,4.6));
#11747 = SURFACE_CURVE('',#11748,(#11752,#11759),.PCURVE_S1.);
#11748 = LINE('',#11749,#11750);
#11749 = CARTESIAN_POINT('',(44.7984375,6.08515625,3.95));
#11750 = VECTOR('',#11751,1.);
#11751 = DIRECTION('',(0.,0.,1.));
#11752 = PCURVE('',#4472,#11753);
#11753 = DEFINITIONAL_REPRESENTATION('',(#11754),#11758);
#11754 = LINE('',#11755,#11756);
#11755 = CARTESIAN_POINT('',(0.,0.));
#11756 = VECTOR('',#11757,1.);
#11757 = DIRECTION('',(0.,-1.));
#11758 = ( GEOMETRIC_REPRESENTATION_CONTEXT(2) 
PARAMETRIC_REPRESENTATION_CONTEXT() REPRESENTATION_CONTEXT('2D SPACE',''
  ) );
#11759 = PCURVE('',#4417,#11760);
#11760 = DEFINITIONAL_REPRESENTATION('',(#11761),#11765);
#11761 = LINE('',#11762,#11763);
#11762 = CARTESIAN_POINT('',(1.,0.));
#11763 = VECTOR('',#11764,1.);
#11764 = DIRECTION('',(0.,-1.));
#11765 = ( GEOMETRIC_REPRESENTATION_CONTEXT(2) 
PARAMETRIC_REPRESENTATION_CONTEXT() REPRESENTATION_CONTEXT('2D SPACE',''
  ) );
#11766 = ORIENTED_EDGE('',*,*,#11767,.T.);
#11767 = EDGE_CURVE('',#11745,#11647,#11768,.T.);
#11768 = SURFACE_CURVE('',#11769,(#11773,#11780),.PCURVE_S1.);
#11769 = B_SPLINE_CURVE_WITH_KNOTS('',2,(#11770,#11771,#11772),
  .UNSPECIFIED.,.F.,.F.,(3,3),(0.,1.),.PIECEWISE_BEZIER_KNOTS.);
#11770 = CARTESIAN_POINT('',(44.7984375,6.08515625,4.6));
#11771 = CARTESIAN_POINT('',(45.0046875,6.24296875,4.6));
#11772 = CARTESIAN_POINT('',(45.3140625,6.24296875,4.6));
#11773 = PCURVE('',#4472,#11774);
#11774 = DEFINITIONAL_REPRESENTATION('',(#11775),#11779);
#11775 = LINE('',#11776,#11777);
#11776 = CARTESIAN_POINT('',(0.,-0.65));
#11777 = VECTOR('',#11778,1.);
#11778 = DIRECTION('',(1.,0.));
#11779 = ( GEOMETRIC_REPRESENTATION_CONTEXT(2) 
PARAMETRIC_REPRESENTATION_CONTEXT() REPRESENTATION_CONTEXT('2D SPACE',''
  ) );
#11780 = PCURVE('',#10972,#11781);
#11781 = DEFINITIONAL_REPRESENTATION('',(#11782),#11786);
#11782 = B_SPLINE_CURVE_WITH_KNOTS('',2,(#11783,#11784,#11785),
  .UNSPECIFIED.,.F.,.F.,(3,3),(0.,1.),.PIECEWISE_BEZIER_KNOTS.);
#11783 = CARTESIAN_POINT('',(0.3765625,2.1421875));
#11784 = CARTESIAN_POINT('',(0.5828125,2.3));
#11785 = CARTESIAN_POINT('',(0.8921875,2.3));
#11786 = ( GEOMETRIC_REPRESENTATION_CONTEXT(2) 
PARAMETRIC_REPRESENTATION_CONTEXT() REPRESENTATION_CONTEXT('2D SPACE',''
  ) );
#11787 = ORIENTED_EDGE('',*,*,#11646,.F.);
#11788 = ADVANCED_FACE('',(#11789),#4293,.T.);
#11789 = FACE_BOUND('',#11790,.T.);
#11790 = EDGE_LOOP('',(#11791,#11792,#11793,#11816));
#11791 = ORIENTED_EDGE('',*,*,#4263,.T.);
#11792 = ORIENTED_EDGE('',*,*,#11719,.T.);
#11793 = ORIENTED_EDGE('',*,*,#11794,.T.);
#11794 = EDGE_CURVE('',#11697,#11795,#11797,.T.);
#11795 = VERTEX_POINT('',#11796);
#11796 = CARTESIAN_POINT('',(45.084375,5.79609375,4.6));
#11797 = SURFACE_CURVE('',#11798,(#11802,#11809),.PCURVE_S1.);
#11798 = B_SPLINE_CURVE_WITH_KNOTS('',2,(#11799,#11800,#11801),
  .UNSPECIFIED.,.F.,.F.,(3,3),(0.,1.),.PIECEWISE_BEZIER_KNOTS.);
#11799 = CARTESIAN_POINT('',(45.303125,5.87890625,4.6));
#11800 = CARTESIAN_POINT('',(45.165625,5.87890625,4.6));
#11801 = CARTESIAN_POINT('',(45.084375,5.79609375,4.6));
#11802 = PCURVE('',#4293,#11803);
#11803 = DEFINITIONAL_REPRESENTATION('',(#11804),#11808);
#11804 = LINE('',#11805,#11806);
#11805 = CARTESIAN_POINT('',(0.,-0.65));
#11806 = VECTOR('',#11807,1.);
#11807 = DIRECTION('',(1.,0.));
#11808 = ( GEOMETRIC_REPRESENTATION_CONTEXT(2) 
PARAMETRIC_REPRESENTATION_CONTEXT() REPRESENTATION_CONTEXT('2D SPACE',''
  ) );
#11809 = PCURVE('',#10972,#11810);
#11810 = DEFINITIONAL_REPRESENTATION('',(#11811),#11815);
#11811 = B_SPLINE_CURVE_WITH_KNOTS('',2,(#11812,#11813,#11814),
  .UNSPECIFIED.,.F.,.F.,(3,3),(0.,1.),.PIECEWISE_BEZIER_KNOTS.);
#11812 = CARTESIAN_POINT('',(0.88125,1.9359375));
#11813 = CARTESIAN_POINT('',(0.74375,1.9359375));
#11814 = CARTESIAN_POINT('',(0.6625,1.853125));
#11815 = ( GEOMETRIC_REPRESENTATION_CONTEXT(2) 
PARAMETRIC_REPRESENTATION_CONTEXT() REPRESENTATION_CONTEXT('2D SPACE',''
  ) );
#11816 = ORIENTED_EDGE('',*,*,#11817,.F.);
#11817 = EDGE_CURVE('',#4264,#11795,#11818,.T.);
#11818 = SURFACE_CURVE('',#11819,(#11823,#11830),.PCURVE_S1.);
#11819 = LINE('',#11820,#11821);
#11820 = CARTESIAN_POINT('',(45.084375,5.79609375,3.95));
#11821 = VECTOR('',#11822,1.);
#11822 = DIRECTION('',(0.,0.,1.));
#11823 = PCURVE('',#4293,#11824);
#11824 = DEFINITIONAL_REPRESENTATION('',(#11825),#11829);
#11825 = LINE('',#11826,#11827);
#11826 = CARTESIAN_POINT('',(1.,0.));
#11827 = VECTOR('',#11828,1.);
#11828 = DIRECTION('',(0.,-1.));
#11829 = ( GEOMETRIC_REPRESENTATION_CONTEXT(2) 
PARAMETRIC_REPRESENTATION_CONTEXT() REPRESENTATION_CONTEXT('2D SPACE',''
  ) );
#11830 = PCURVE('',#4336,#11831);
#11831 = DEFINITIONAL_REPRESENTATION('',(#11832),#11836);
#11832 = LINE('',#11833,#11834);
#11833 = CARTESIAN_POINT('',(0.,0.));
#11834 = VECTOR('',#11835,1.);
#11835 = DIRECTION('',(0.,-1.));
#11836 = ( GEOMETRIC_REPRESENTATION_CONTEXT(2) 
PARAMETRIC_REPRESENTATION_CONTEXT() REPRESENTATION_CONTEXT('2D SPACE',''
  ) );
#11837 = ADVANCED_FACE('',(#11838),#4417,.T.);
#11838 = FACE_BOUND('',#11839,.T.);
#11839 = EDGE_LOOP('',(#11840,#11841,#11864,#11885));
#11840 = ORIENTED_EDGE('',*,*,#4379,.T.);
#11841 = ORIENTED_EDGE('',*,*,#11842,.T.);
#11842 = EDGE_CURVE('',#4354,#11843,#11845,.T.);
#11843 = VERTEX_POINT('',#11844);
#11844 = CARTESIAN_POINT('',(44.553125,5.56484375,4.6));
#11845 = SURFACE_CURVE('',#11846,(#11850,#11857),.PCURVE_S1.);
#11846 = LINE('',#11847,#11848);
#11847 = CARTESIAN_POINT('',(44.553125,5.56484375,3.95));
#11848 = VECTOR('',#11849,1.);
#11849 = DIRECTION('',(0.,0.,1.));
#11850 = PCURVE('',#4417,#11851);
#11851 = DEFINITIONAL_REPRESENTATION('',(#11852),#11856);
#11852 = LINE('',#11853,#11854);
#11853 = CARTESIAN_POINT('',(0.,0.));
#11854 = VECTOR('',#11855,1.);
#11855 = DIRECTION('',(0.,-1.));
#11856 = ( GEOMETRIC_REPRESENTATION_CONTEXT(2) 
PARAMETRIC_REPRESENTATION_CONTEXT() REPRESENTATION_CONTEXT('2D SPACE',''
  ) );
#11857 = PCURVE('',#4368,#11858);
#11858 = DEFINITIONAL_REPRESENTATION('',(#11859),#11863);
#11859 = LINE('',#11860,#11861);
#11860 = CARTESIAN_POINT('',(0.439682058424,0.));
#11861 = VECTOR('',#11862,1.);
#11862 = DIRECTION('',(0.,-1.));
#11863 = ( GEOMETRIC_REPRESENTATION_CONTEXT(2) 
PARAMETRIC_REPRESENTATION_CONTEXT() REPRESENTATION_CONTEXT('2D SPACE',''
  ) );
#11864 = ORIENTED_EDGE('',*,*,#11865,.T.);
#11865 = EDGE_CURVE('',#11843,#11745,#11866,.T.);
#11866 = SURFACE_CURVE('',#11867,(#11871,#11878),.PCURVE_S1.);
#11867 = B_SPLINE_CURVE_WITH_KNOTS('',2,(#11868,#11869,#11870),
  .UNSPECIFIED.,.F.,.F.,(3,3),(0.,1.),.PIECEWISE_BEZIER_KNOTS.);
#11868 = CARTESIAN_POINT('',(44.553125,5.56484375,4.6));
#11869 = CARTESIAN_POINT('',(44.5921875,5.92734375,4.6));
#11870 = CARTESIAN_POINT('',(44.7984375,6.08515625,4.6));
#11871 = PCURVE('',#4417,#11872);
#11872 = DEFINITIONAL_REPRESENTATION('',(#11873),#11877);
#11873 = LINE('',#11874,#11875);
#11874 = CARTESIAN_POINT('',(0.,-0.65));
#11875 = VECTOR('',#11876,1.);
#11876 = DIRECTION('',(1.,0.));
#11877 = ( GEOMETRIC_REPRESENTATION_CONTEXT(2) 
PARAMETRIC_REPRESENTATION_CONTEXT() REPRESENTATION_CONTEXT('2D SPACE',''
  ) );
#11878 = PCURVE('',#10972,#11879);
#11879 = DEFINITIONAL_REPRESENTATION('',(#11880),#11884);
#11880 = B_SPLINE_CURVE_WITH_KNOTS('',2,(#11881,#11882,#11883),
  .UNSPECIFIED.,.F.,.F.,(3,3),(0.,1.),.PIECEWISE_BEZIER_KNOTS.);
#11881 = CARTESIAN_POINT('',(0.13125,1.621875));
#11882 = CARTESIAN_POINT('',(0.1703125,1.984375));
#11883 = CARTESIAN_POINT('',(0.3765625,2.1421875));
#11884 = ( GEOMETRIC_REPRESENTATION_CONTEXT(2) 
PARAMETRIC_REPRESENTATION_CONTEXT() REPRESENTATION_CONTEXT('2D SPACE',''
  ) );
#11885 = ORIENTED_EDGE('',*,*,#11744,.F.);
#11886 = ADVANCED_FACE('',(#11887),#4336,.T.);
#11887 = FACE_BOUND('',#11888,.T.);
#11888 = EDGE_LOOP('',(#11889,#11890,#11891,#11914));
#11889 = ORIENTED_EDGE('',*,*,#4314,.T.);
#11890 = ORIENTED_EDGE('',*,*,#11817,.T.);
#11891 = ORIENTED_EDGE('',*,*,#11892,.T.);
#11892 = EDGE_CURVE('',#11795,#11893,#11895,.T.);
#11893 = VERTEX_POINT('',#11894);
#11894 = CARTESIAN_POINT('',(44.990625,5.52109375,4.6));
#11895 = SURFACE_CURVE('',#11896,(#11900,#11907),.PCURVE_S1.);
#11896 = B_SPLINE_CURVE_WITH_KNOTS('',2,(#11897,#11898,#11899),
  .UNSPECIFIED.,.F.,.F.,(3,3),(0.,1.),.PIECEWISE_BEZIER_KNOTS.);
#11897 = CARTESIAN_POINT('',(45.084375,5.79609375,4.6));
#11898 = CARTESIAN_POINT('',(45.003125,5.71328125,4.6));
#11899 = CARTESIAN_POINT('',(44.990625,5.52109375,4.6));
#11900 = PCURVE('',#4336,#11901);
#11901 = DEFINITIONAL_REPRESENTATION('',(#11902),#11906);
#11902 = LINE('',#11903,#11904);
#11903 = CARTESIAN_POINT('',(0.,-0.65));
#11904 = VECTOR('',#11905,1.);
#11905 = DIRECTION('',(1.,0.));
#11906 = ( GEOMETRIC_REPRESENTATION_CONTEXT(2) 
PARAMETRIC_REPRESENTATION_CONTEXT() REPRESENTATION_CONTEXT('2D SPACE',''
  ) );
#11907 = PCURVE('',#10972,#11908);
#11908 = DEFINITIONAL_REPRESENTATION('',(#11909),#11913);
#11909 = B_SPLINE_CURVE_WITH_KNOTS('',2,(#11910,#11911,#11912),
  .UNSPECIFIED.,.F.,.F.,(3,3),(0.,1.),.PIECEWISE_BEZIER_KNOTS.);
#11910 = CARTESIAN_POINT('',(0.6625,1.853125));
#11911 = CARTESIAN_POINT('',(0.58125,1.7703125));
#11912 = CARTESIAN_POINT('',(0.56875,1.578125));
#11913 = ( GEOMETRIC_REPRESENTATION_CONTEXT(2) 
PARAMETRIC_REPRESENTATION_CONTEXT() REPRESENTATION_CONTEXT('2D SPACE',''
  ) );
#11914 = ORIENTED_EDGE('',*,*,#11915,.F.);
#11915 = EDGE_CURVE('',#4315,#11893,#11916,.T.);
#11916 = SURFACE_CURVE('',#11917,(#11921,#11928),.PCURVE_S1.);
#11917 = LINE('',#11918,#11919);
#11918 = CARTESIAN_POINT('',(44.990625,5.52109375,3.95));
#11919 = VECTOR('',#11920,1.);
#11920 = DIRECTION('',(0.,0.,1.));
#11921 = PCURVE('',#4336,#11922);
#11922 = DEFINITIONAL_REPRESENTATION('',(#11923),#11927);
#11923 = LINE('',#11924,#11925);
#11924 = CARTESIAN_POINT('',(1.,0.));
#11925 = VECTOR('',#11926,1.);
#11926 = DIRECTION('',(0.,-1.));
#11927 = ( GEOMETRIC_REPRESENTATION_CONTEXT(2) 
PARAMETRIC_REPRESENTATION_CONTEXT() REPRESENTATION_CONTEXT('2D SPACE',''
  ) );
#11928 = PCURVE('',#4368,#11929);
#11929 = DEFINITIONAL_REPRESENTATION('',(#11930),#11934);
#11930 = LINE('',#11931,#11932);
#11931 = CARTESIAN_POINT('',(0.,0.));
#11932 = VECTOR('',#11933,1.);
#11933 = DIRECTION('',(0.,-1.));
#11934 = ( GEOMETRIC_REPRESENTATION_CONTEXT(2) 
PARAMETRIC_REPRESENTATION_CONTEXT() REPRESENTATION_CONTEXT('2D SPACE',''
  ) );
#11935 = ADVANCED_FACE('',(#11936),#4368,.T.);
#11936 = FACE_BOUND('',#11937,.T.);
#11937 = EDGE_LOOP('',(#11938,#11939,#11940,#11961));
#11938 = ORIENTED_EDGE('',*,*,#4353,.T.);
#11939 = ORIENTED_EDGE('',*,*,#11915,.T.);
#11940 = ORIENTED_EDGE('',*,*,#11941,.T.);
#11941 = EDGE_CURVE('',#11893,#11843,#11942,.T.);
#11942 = SURFACE_CURVE('',#11943,(#11947,#11954),.PCURVE_S1.);
#11943 = LINE('',#11944,#11945);
#11944 = CARTESIAN_POINT('',(44.990625,5.52109375,4.6));
#11945 = VECTOR('',#11946,1.);
#11946 = DIRECTION('',(-0.99503719021,9.9503719021E-02,0.));
#11947 = PCURVE('',#4368,#11948);
#11948 = DEFINITIONAL_REPRESENTATION('',(#11949),#11953);
#11949 = LINE('',#11950,#11951);
#11950 = CARTESIAN_POINT('',(0.,-0.65));
#11951 = VECTOR('',#11952,1.);
#11952 = DIRECTION('',(1.,0.));
#11953 = ( GEOMETRIC_REPRESENTATION_CONTEXT(2) 
PARAMETRIC_REPRESENTATION_CONTEXT() REPRESENTATION_CONTEXT('2D SPACE',''
  ) );
#11954 = PCURVE('',#10972,#11955);
#11955 = DEFINITIONAL_REPRESENTATION('',(#11956),#11960);
#11956 = LINE('',#11957,#11958);
#11957 = CARTESIAN_POINT('',(0.56875,1.578125));
#11958 = VECTOR('',#11959,1.);
#11959 = DIRECTION('',(-0.99503719021,9.9503719021E-02));
#11960 = ( GEOMETRIC_REPRESENTATION_CONTEXT(2) 
PARAMETRIC_REPRESENTATION_CONTEXT() REPRESENTATION_CONTEXT('2D SPACE',''
  ) );
#11961 = ORIENTED_EDGE('',*,*,#11842,.F.);
#11962 = ADVANCED_FACE('',(#11963),#4828,.T.);
#11963 = FACE_BOUND('',#11964,.T.);
#11964 = EDGE_LOOP('',(#11965,#11966,#11989,#12017));
#11965 = ORIENTED_EDGE('',*,*,#4811,.T.);
#11966 = ORIENTED_EDGE('',*,*,#11967,.T.);
#11967 = EDGE_CURVE('',#4814,#11968,#11970,.T.);
#11968 = VERTEX_POINT('',#11969);
#11969 = CARTESIAN_POINT('',(65.009375,3.94296875,4.6));
#11970 = SURFACE_CURVE('',#11971,(#11975,#11982),.PCURVE_S1.);
#11971 = LINE('',#11972,#11973);
#11972 = CARTESIAN_POINT('',(65.009375,3.94296875,3.95));
#11973 = VECTOR('',#11974,1.);
#11974 = DIRECTION('',(0.,0.,1.));
#11975 = PCURVE('',#4828,#11976);
#11976 = DEFINITIONAL_REPRESENTATION('',(#11977),#11981);
#11977 = LINE('',#11978,#11979);
#11978 = CARTESIAN_POINT('',(0.,-0.));
#11979 = VECTOR('',#11980,1.);
#11980 = DIRECTION('',(0.,-1.));
#11981 = ( GEOMETRIC_REPRESENTATION_CONTEXT(2) 
PARAMETRIC_REPRESENTATION_CONTEXT() REPRESENTATION_CONTEXT('2D SPACE',''
  ) );
#11982 = PCURVE('',#5008,#11983);
#11983 = DEFINITIONAL_REPRESENTATION('',(#11984),#11988);
#11984 = LINE('',#11985,#11986);
#11985 = CARTESIAN_POINT('',(1.903125,0.));
#11986 = VECTOR('',#11987,1.);
#11987 = DIRECTION('',(0.,-1.));
#11988 = ( GEOMETRIC_REPRESENTATION_CONTEXT(2) 
PARAMETRIC_REPRESENTATION_CONTEXT() REPRESENTATION_CONTEXT('2D SPACE',''
  ) );
#11989 = ORIENTED_EDGE('',*,*,#11990,.T.);
#11990 = EDGE_CURVE('',#11968,#11991,#11993,.T.);
#11991 = VERTEX_POINT('',#11992);
#11992 = CARTESIAN_POINT('',(64.546875,3.94296875,4.6));
#11993 = SURFACE_CURVE('',#11994,(#11998,#12005),.PCURVE_S1.);
#11994 = LINE('',#11995,#11996);
#11995 = CARTESIAN_POINT('',(65.009375,3.94296875,4.6));
#11996 = VECTOR('',#11997,1.);
#11997 = DIRECTION('',(-1.,0.,0.));
#11998 = PCURVE('',#4828,#11999);
#11999 = DEFINITIONAL_REPRESENTATION('',(#12000),#12004);
#12000 = LINE('',#12001,#12002);
#12001 = CARTESIAN_POINT('',(0.,-0.65));
#12002 = VECTOR('',#12003,1.);
#12003 = DIRECTION('',(1.,0.));
#12004 = ( GEOMETRIC_REPRESENTATION_CONTEXT(2) 
PARAMETRIC_REPRESENTATION_CONTEXT() REPRESENTATION_CONTEXT('2D SPACE',''
  ) );
#12005 = PCURVE('',#12006,#12011);
#12006 = PLANE('',#12007);
#12007 = AXIS2_PLACEMENT_3D('',#12008,#12009,#12010);
#12008 = CARTESIAN_POINT('',(63.7984375,3.94296875,4.6));
#12009 = DIRECTION('',(0.,0.,1.));
#12010 = DIRECTION('',(1.,0.,0.));
#12011 = DEFINITIONAL_REPRESENTATION('',(#12012),#12016);
#12012 = LINE('',#12013,#12014);
#12013 = CARTESIAN_POINT('',(1.2109375,0.));
#12014 = VECTOR('',#12015,1.);
#12015 = DIRECTION('',(-1.,0.));
#12016 = ( GEOMETRIC_REPRESENTATION_CONTEXT(2) 
PARAMETRIC_REPRESENTATION_CONTEXT() REPRESENTATION_CONTEXT('2D SPACE',''
  ) );
#12017 = ORIENTED_EDGE('',*,*,#12018,.F.);
#12018 = EDGE_CURVE('',#4812,#11991,#12019,.T.);
#12019 = SURFACE_CURVE('',#12020,(#12024,#12031),.PCURVE_S1.);
#12020 = LINE('',#12021,#12022);
#12021 = CARTESIAN_POINT('',(64.546875,3.94296875,3.95));
#12022 = VECTOR('',#12023,1.);
#12023 = DIRECTION('',(0.,0.,1.));
#12024 = PCURVE('',#4828,#12025);
#12025 = DEFINITIONAL_REPRESENTATION('',(#12026),#12030);
#12026 = LINE('',#12027,#12028);
#12027 = CARTESIAN_POINT('',(0.4625,0.));
#12028 = VECTOR('',#12029,1.);
#12029 = DIRECTION('',(0.,-1.));
#12030 = ( GEOMETRIC_REPRESENTATION_CONTEXT(2) 
PARAMETRIC_REPRESENTATION_CONTEXT() REPRESENTATION_CONTEXT('2D SPACE',''
  ) );
#12031 = PCURVE('',#4854,#12032);
#12032 = DEFINITIONAL_REPRESENTATION('',(#12033),#12037);
#12033 = LINE('',#12034,#12035);
#12034 = CARTESIAN_POINT('',(0.,0.));
#12035 = VECTOR('',#12036,1.);
#12036 = DIRECTION('',(0.,-1.));
#12037 = ( GEOMETRIC_REPRESENTATION_CONTEXT(2) 
PARAMETRIC_REPRESENTATION_CONTEXT() REPRESENTATION_CONTEXT('2D SPACE',''
  ) );
#12038 = ADVANCED_FACE('',(#12039),#5008,.T.);
#12039 = FACE_BOUND('',#12040,.T.);
#12040 = EDGE_LOOP('',(#12041,#12042,#12065,#12086));
#12041 = ORIENTED_EDGE('',*,*,#4995,.T.);
#12042 = ORIENTED_EDGE('',*,*,#12043,.T.);
#12043 = EDGE_CURVE('',#4970,#12044,#12046,.T.);
#12044 = VERTEX_POINT('',#12045);
#12045 = CARTESIAN_POINT('',(65.009375,5.84609375,4.6));
#12046 = SURFACE_CURVE('',#12047,(#12051,#12058),.PCURVE_S1.);
#12047 = LINE('',#12048,#12049);
#12048 = CARTESIAN_POINT('',(65.009375,5.84609375,3.95));
#12049 = VECTOR('',#12050,1.);
#12050 = DIRECTION('',(0.,0.,1.));
#12051 = PCURVE('',#5008,#12052);
#12052 = DEFINITIONAL_REPRESENTATION('',(#12053),#12057);
#12053 = LINE('',#12054,#12055);
#12054 = CARTESIAN_POINT('',(0.,0.));
#12055 = VECTOR('',#12056,1.);
#12056 = DIRECTION('',(0.,-1.));
#12057 = ( GEOMETRIC_REPRESENTATION_CONTEXT(2) 
PARAMETRIC_REPRESENTATION_CONTEXT() REPRESENTATION_CONTEXT('2D SPACE',''
  ) );
#12058 = PCURVE('',#4984,#12059);
#12059 = DEFINITIONAL_REPRESENTATION('',(#12060),#12064);
#12060 = LINE('',#12061,#12062);
#12061 = CARTESIAN_POINT('',(0.678125,0.));
#12062 = VECTOR('',#12063,1.);
#12063 = DIRECTION('',(0.,-1.));
#12064 = ( GEOMETRIC_REPRESENTATION_CONTEXT(2) 
PARAMETRIC_REPRESENTATION_CONTEXT() REPRESENTATION_CONTEXT('2D SPACE',''
  ) );
#12065 = ORIENTED_EDGE('',*,*,#12066,.T.);
#12066 = EDGE_CURVE('',#12044,#11968,#12067,.T.);
#12067 = SURFACE_CURVE('',#12068,(#12072,#12079),.PCURVE_S1.);
#12068 = LINE('',#12069,#12070);
#12069 = CARTESIAN_POINT('',(65.009375,5.84609375,4.6));
#12070 = VECTOR('',#12071,1.);
#12071 = DIRECTION('',(0.,-1.,0.));
#12072 = PCURVE('',#5008,#12073);
#12073 = DEFINITIONAL_REPRESENTATION('',(#12074),#12078);
#12074 = LINE('',#12075,#12076);
#12075 = CARTESIAN_POINT('',(0.,-0.65));
#12076 = VECTOR('',#12077,1.);
#12077 = DIRECTION('',(1.,0.));
#12078 = ( GEOMETRIC_REPRESENTATION_CONTEXT(2) 
PARAMETRIC_REPRESENTATION_CONTEXT() REPRESENTATION_CONTEXT('2D SPACE',''
  ) );
#12079 = PCURVE('',#12006,#12080);
#12080 = DEFINITIONAL_REPRESENTATION('',(#12081),#12085);
#12081 = LINE('',#12082,#12083);
#12082 = CARTESIAN_POINT('',(1.2109375,1.903125));
#12083 = VECTOR('',#12084,1.);
#12084 = DIRECTION('',(0.,-1.));
#12085 = ( GEOMETRIC_REPRESENTATION_CONTEXT(2) 
PARAMETRIC_REPRESENTATION_CONTEXT() REPRESENTATION_CONTEXT('2D SPACE',''
  ) );
#12086 = ORIENTED_EDGE('',*,*,#11967,.F.);
#12087 = ADVANCED_FACE('',(#12088),#4984,.T.);
#12088 = FACE_BOUND('',#12089,.T.);
#12089 = EDGE_LOOP('',(#12090,#12091,#12114,#12135));
#12090 = ORIENTED_EDGE('',*,*,#4969,.T.);
#12091 = ORIENTED_EDGE('',*,*,#12092,.T.);
#12092 = EDGE_CURVE('',#4944,#12093,#12095,.T.);
#12093 = VERTEX_POINT('',#12094);
#12094 = CARTESIAN_POINT('',(65.6875,5.84609375,4.6));
#12095 = SURFACE_CURVE('',#12096,(#12100,#12107),.PCURVE_S1.);
#12096 = LINE('',#12097,#12098);
#12097 = CARTESIAN_POINT('',(65.6875,5.84609375,3.95));
#12098 = VECTOR('',#12099,1.);
#12099 = DIRECTION('',(0.,0.,1.));
#12100 = PCURVE('',#4984,#12101);
#12101 = DEFINITIONAL_REPRESENTATION('',(#12102),#12106);
#12102 = LINE('',#12103,#12104);
#12103 = CARTESIAN_POINT('',(0.,-0.));
#12104 = VECTOR('',#12105,1.);
#12105 = DIRECTION('',(0.,-1.));
#12106 = ( GEOMETRIC_REPRESENTATION_CONTEXT(2) 
PARAMETRIC_REPRESENTATION_CONTEXT() REPRESENTATION_CONTEXT('2D SPACE',''
  ) );
#12107 = PCURVE('',#4958,#12108);
#12108 = DEFINITIONAL_REPRESENTATION('',(#12109),#12113);
#12109 = LINE('',#12110,#12111);
#12110 = CARTESIAN_POINT('',(0.3875,0.));
#12111 = VECTOR('',#12112,1.);
#12112 = DIRECTION('',(0.,-1.));
#12113 = ( GEOMETRIC_REPRESENTATION_CONTEXT(2) 
PARAMETRIC_REPRESENTATION_CONTEXT() REPRESENTATION_CONTEXT('2D SPACE',''
  ) );
#12114 = ORIENTED_EDGE('',*,*,#12115,.T.);
#12115 = EDGE_CURVE('',#12093,#12044,#12116,.T.);
#12116 = SURFACE_CURVE('',#12117,(#12121,#12128),.PCURVE_S1.);
#12117 = LINE('',#12118,#12119);
#12118 = CARTESIAN_POINT('',(65.6875,5.84609375,4.6));
#12119 = VECTOR('',#12120,1.);
#12120 = DIRECTION('',(-1.,0.,0.));
#12121 = PCURVE('',#4984,#12122);
#12122 = DEFINITIONAL_REPRESENTATION('',(#12123),#12127);
#12123 = LINE('',#12124,#12125);
#12124 = CARTESIAN_POINT('',(0.,-0.65));
#12125 = VECTOR('',#12126,1.);
#12126 = DIRECTION('',(1.,0.));
#12127 = ( GEOMETRIC_REPRESENTATION_CONTEXT(2) 
PARAMETRIC_REPRESENTATION_CONTEXT() REPRESENTATION_CONTEXT('2D SPACE',''
  ) );
#12128 = PCURVE('',#12006,#12129);
#12129 = DEFINITIONAL_REPRESENTATION('',(#12130),#12134);
#12130 = LINE('',#12131,#12132);
#12131 = CARTESIAN_POINT('',(1.8890625,1.903125));
#12132 = VECTOR('',#12133,1.);
#12133 = DIRECTION('',(-1.,0.));
#12134 = ( GEOMETRIC_REPRESENTATION_CONTEXT(2) 
PARAMETRIC_REPRESENTATION_CONTEXT() REPRESENTATION_CONTEXT('2D SPACE',''
  ) );
#12135 = ORIENTED_EDGE('',*,*,#12043,.F.);
#12136 = ADVANCED_FACE('',(#12137),#4958,.T.);
#12137 = FACE_BOUND('',#12138,.T.);
#12138 = EDGE_LOOP('',(#12139,#12140,#12163,#12184));
#12139 = ORIENTED_EDGE('',*,*,#4943,.T.);
#12140 = ORIENTED_EDGE('',*,*,#12141,.T.);
#12141 = EDGE_CURVE('',#4918,#12142,#12144,.T.);
#12142 = VERTEX_POINT('',#12143);
#12143 = CARTESIAN_POINT('',(65.6875,6.23359375,4.6));
#12144 = SURFACE_CURVE('',#12145,(#12149,#12156),.PCURVE_S1.);
#12145 = LINE('',#12146,#12147);
#12146 = CARTESIAN_POINT('',(65.6875,6.23359375,3.95));
#12147 = VECTOR('',#12148,1.);
#12148 = DIRECTION('',(0.,0.,1.));
#12149 = PCURVE('',#4958,#12150);
#12150 = DEFINITIONAL_REPRESENTATION('',(#12151),#12155);
#12151 = LINE('',#12152,#12153);
#12152 = CARTESIAN_POINT('',(0.,0.));
#12153 = VECTOR('',#12154,1.);
#12154 = DIRECTION('',(0.,-1.));
#12155 = ( GEOMETRIC_REPRESENTATION_CONTEXT(2) 
PARAMETRIC_REPRESENTATION_CONTEXT() REPRESENTATION_CONTEXT('2D SPACE',''
  ) );
#12156 = PCURVE('',#4932,#12157);
#12157 = DEFINITIONAL_REPRESENTATION('',(#12158),#12162);
#12158 = LINE('',#12159,#12160);
#12159 = CARTESIAN_POINT('',(1.8203125,0.));
#12160 = VECTOR('',#12161,1.);
#12161 = DIRECTION('',(0.,-1.));
#12162 = ( GEOMETRIC_REPRESENTATION_CONTEXT(2) 
PARAMETRIC_REPRESENTATION_CONTEXT() REPRESENTATION_CONTEXT('2D SPACE',''
  ) );
#12163 = ORIENTED_EDGE('',*,*,#12164,.T.);
#12164 = EDGE_CURVE('',#12142,#12093,#12165,.T.);
#12165 = SURFACE_CURVE('',#12166,(#12170,#12177),.PCURVE_S1.);
#12166 = LINE('',#12167,#12168);
#12167 = CARTESIAN_POINT('',(65.6875,6.23359375,4.6));
#12168 = VECTOR('',#12169,1.);
#12169 = DIRECTION('',(0.,-1.,0.));
#12170 = PCURVE('',#4958,#12171);
#12171 = DEFINITIONAL_REPRESENTATION('',(#12172),#12176);
#12172 = LINE('',#12173,#12174);
#12173 = CARTESIAN_POINT('',(0.,-0.65));
#12174 = VECTOR('',#12175,1.);
#12175 = DIRECTION('',(1.,0.));
#12176 = ( GEOMETRIC_REPRESENTATION_CONTEXT(2) 
PARAMETRIC_REPRESENTATION_CONTEXT() REPRESENTATION_CONTEXT('2D SPACE',''
  ) );
#12177 = PCURVE('',#12006,#12178);
#12178 = DEFINITIONAL_REPRESENTATION('',(#12179),#12183);
#12179 = LINE('',#12180,#12181);
#12180 = CARTESIAN_POINT('',(1.8890625,2.290625));
#12181 = VECTOR('',#12182,1.);
#12182 = DIRECTION('',(0.,-1.));
#12183 = ( GEOMETRIC_REPRESENTATION_CONTEXT(2) 
PARAMETRIC_REPRESENTATION_CONTEXT() REPRESENTATION_CONTEXT('2D SPACE',''
  ) );
#12184 = ORIENTED_EDGE('',*,*,#12092,.F.);
#12185 = ADVANCED_FACE('',(#12186),#4932,.T.);
#12186 = FACE_BOUND('',#12187,.T.);
#12187 = EDGE_LOOP('',(#12188,#12189,#12212,#12233));
#12188 = ORIENTED_EDGE('',*,*,#4917,.T.);
#12189 = ORIENTED_EDGE('',*,*,#12190,.T.);
#12190 = EDGE_CURVE('',#4892,#12191,#12193,.T.);
#12191 = VERTEX_POINT('',#12192);
#12192 = CARTESIAN_POINT('',(63.8671875,6.23359375,4.6));
#12193 = SURFACE_CURVE('',#12194,(#12198,#12205),.PCURVE_S1.);
#12194 = LINE('',#12195,#12196);
#12195 = CARTESIAN_POINT('',(63.8671875,6.23359375,3.95));
#12196 = VECTOR('',#12197,1.);
#12197 = DIRECTION('',(0.,0.,1.));
#12198 = PCURVE('',#4932,#12199);
#12199 = DEFINITIONAL_REPRESENTATION('',(#12200),#12204);
#12200 = LINE('',#12201,#12202);
#12201 = CARTESIAN_POINT('',(0.,0.));
#12202 = VECTOR('',#12203,1.);
#12203 = DIRECTION('',(0.,-1.));
#12204 = ( GEOMETRIC_REPRESENTATION_CONTEXT(2) 
PARAMETRIC_REPRESENTATION_CONTEXT() REPRESENTATION_CONTEXT('2D SPACE',''
  ) );
#12205 = PCURVE('',#4906,#12206);
#12206 = DEFINITIONAL_REPRESENTATION('',(#12207),#12211);
#12207 = LINE('',#12208,#12209);
#12208 = CARTESIAN_POINT('',(0.3875,0.));
#12209 = VECTOR('',#12210,1.);
#12210 = DIRECTION('',(0.,-1.));
#12211 = ( GEOMETRIC_REPRESENTATION_CONTEXT(2) 
PARAMETRIC_REPRESENTATION_CONTEXT() REPRESENTATION_CONTEXT('2D SPACE',''
  ) );
#12212 = ORIENTED_EDGE('',*,*,#12213,.T.);
#12213 = EDGE_CURVE('',#12191,#12142,#12214,.T.);
#12214 = SURFACE_CURVE('',#12215,(#12219,#12226),.PCURVE_S1.);
#12215 = LINE('',#12216,#12217);
#12216 = CARTESIAN_POINT('',(63.8671875,6.23359375,4.6));
#12217 = VECTOR('',#12218,1.);
#12218 = DIRECTION('',(1.,0.,0.));
#12219 = PCURVE('',#4932,#12220);
#12220 = DEFINITIONAL_REPRESENTATION('',(#12221),#12225);
#12221 = LINE('',#12222,#12223);
#12222 = CARTESIAN_POINT('',(0.,-0.65));
#12223 = VECTOR('',#12224,1.);
#12224 = DIRECTION('',(1.,0.));
#12225 = ( GEOMETRIC_REPRESENTATION_CONTEXT(2) 
PARAMETRIC_REPRESENTATION_CONTEXT() REPRESENTATION_CONTEXT('2D SPACE',''
  ) );
#12226 = PCURVE('',#12006,#12227);
#12227 = DEFINITIONAL_REPRESENTATION('',(#12228),#12232);
#12228 = LINE('',#12229,#12230);
#12229 = CARTESIAN_POINT('',(6.875E-02,2.290625));
#12230 = VECTOR('',#12231,1.);
#12231 = DIRECTION('',(1.,0.));
#12232 = ( GEOMETRIC_REPRESENTATION_CONTEXT(2) 
PARAMETRIC_REPRESENTATION_CONTEXT() REPRESENTATION_CONTEXT('2D SPACE',''
  ) );
#12233 = ORIENTED_EDGE('',*,*,#12141,.F.);
#12234 = ADVANCED_FACE('',(#12235),#4906,.T.);
#12235 = FACE_BOUND('',#12236,.T.);
#12236 = EDGE_LOOP('',(#12237,#12238,#12261,#12282));
#12237 = ORIENTED_EDGE('',*,*,#4891,.T.);
#12238 = ORIENTED_EDGE('',*,*,#12239,.T.);
#12239 = EDGE_CURVE('',#4866,#12240,#12242,.T.);
#12240 = VERTEX_POINT('',#12241);
#12241 = CARTESIAN_POINT('',(63.8671875,5.84609375,4.6));
#12242 = SURFACE_CURVE('',#12243,(#12247,#12254),.PCURVE_S1.);
#12243 = LINE('',#12244,#12245);
#12244 = CARTESIAN_POINT('',(63.8671875,5.84609375,3.95));
#12245 = VECTOR('',#12246,1.);
#12246 = DIRECTION('',(0.,0.,1.));
#12247 = PCURVE('',#4906,#12248);
#12248 = DEFINITIONAL_REPRESENTATION('',(#12249),#12253);
#12249 = LINE('',#12250,#12251);
#12250 = CARTESIAN_POINT('',(0.,0.));
#12251 = VECTOR('',#12252,1.);
#12252 = DIRECTION('',(0.,-1.));
#12253 = ( GEOMETRIC_REPRESENTATION_CONTEXT(2) 
PARAMETRIC_REPRESENTATION_CONTEXT() REPRESENTATION_CONTEXT('2D SPACE',''
  ) );
#12254 = PCURVE('',#4880,#12255);
#12255 = DEFINITIONAL_REPRESENTATION('',(#12256),#12260);
#12256 = LINE('',#12257,#12258);
#12257 = CARTESIAN_POINT('',(0.6796875,0.));
#12258 = VECTOR('',#12259,1.);
#12259 = DIRECTION('',(0.,-1.));
#12260 = ( GEOMETRIC_REPRESENTATION_CONTEXT(2) 
PARAMETRIC_REPRESENTATION_CONTEXT() REPRESENTATION_CONTEXT('2D SPACE',''
  ) );
#12261 = ORIENTED_EDGE('',*,*,#12262,.T.);
#12262 = EDGE_CURVE('',#12240,#12191,#12263,.T.);
#12263 = SURFACE_CURVE('',#12264,(#12268,#12275),.PCURVE_S1.);
#12264 = LINE('',#12265,#12266);
#12265 = CARTESIAN_POINT('',(63.8671875,5.84609375,4.6));
#12266 = VECTOR('',#12267,1.);
#12267 = DIRECTION('',(0.,1.,0.));
#12268 = PCURVE('',#4906,#12269);
#12269 = DEFINITIONAL_REPRESENTATION('',(#12270),#12274);
#12270 = LINE('',#12271,#12272);
#12271 = CARTESIAN_POINT('',(0.,-0.65));
#12272 = VECTOR('',#12273,1.);
#12273 = DIRECTION('',(1.,0.));
#12274 = ( GEOMETRIC_REPRESENTATION_CONTEXT(2) 
PARAMETRIC_REPRESENTATION_CONTEXT() REPRESENTATION_CONTEXT('2D SPACE',''
  ) );
#12275 = PCURVE('',#12006,#12276);
#12276 = DEFINITIONAL_REPRESENTATION('',(#12277),#12281);
#12277 = LINE('',#12278,#12279);
#12278 = CARTESIAN_POINT('',(6.875E-02,1.903125));
#12279 = VECTOR('',#12280,1.);
#12280 = DIRECTION('',(0.,1.));
#12281 = ( GEOMETRIC_REPRESENTATION_CONTEXT(2) 
PARAMETRIC_REPRESENTATION_CONTEXT() REPRESENTATION_CONTEXT('2D SPACE',''
  ) );
#12282 = ORIENTED_EDGE('',*,*,#12190,.F.);
#12283 = ADVANCED_FACE('',(#12284),#4880,.T.);
#12284 = FACE_BOUND('',#12285,.T.);
#12285 = EDGE_LOOP('',(#12286,#12287,#12310,#12331));
#12286 = ORIENTED_EDGE('',*,*,#4865,.T.);
#12287 = ORIENTED_EDGE('',*,*,#12288,.T.);
#12288 = EDGE_CURVE('',#4840,#12289,#12291,.T.);
#12289 = VERTEX_POINT('',#12290);
#12290 = CARTESIAN_POINT('',(64.546875,5.84609375,4.6));
#12291 = SURFACE_CURVE('',#12292,(#12296,#12303),.PCURVE_S1.);
#12292 = LINE('',#12293,#12294);
#12293 = CARTESIAN_POINT('',(64.546875,5.84609375,3.95));
#12294 = VECTOR('',#12295,1.);
#12295 = DIRECTION('',(0.,0.,1.));
#12296 = PCURVE('',#4880,#12297);
#12297 = DEFINITIONAL_REPRESENTATION('',(#12298),#12302);
#12298 = LINE('',#12299,#12300);
#12299 = CARTESIAN_POINT('',(0.,-0.));
#12300 = VECTOR('',#12301,1.);
#12301 = DIRECTION('',(0.,-1.));
#12302 = ( GEOMETRIC_REPRESENTATION_CONTEXT(2) 
PARAMETRIC_REPRESENTATION_CONTEXT() REPRESENTATION_CONTEXT('2D SPACE',''
  ) );
#12303 = PCURVE('',#4854,#12304);
#12304 = DEFINITIONAL_REPRESENTATION('',(#12305),#12309);
#12305 = LINE('',#12306,#12307);
#12306 = CARTESIAN_POINT('',(1.903125,0.));
#12307 = VECTOR('',#12308,1.);
#12308 = DIRECTION('',(0.,-1.));
#12309 = ( GEOMETRIC_REPRESENTATION_CONTEXT(2) 
PARAMETRIC_REPRESENTATION_CONTEXT() REPRESENTATION_CONTEXT('2D SPACE',''
  ) );
#12310 = ORIENTED_EDGE('',*,*,#12311,.T.);
#12311 = EDGE_CURVE('',#12289,#12240,#12312,.T.);
#12312 = SURFACE_CURVE('',#12313,(#12317,#12324),.PCURVE_S1.);
#12313 = LINE('',#12314,#12315);
#12314 = CARTESIAN_POINT('',(64.546875,5.84609375,4.6));
#12315 = VECTOR('',#12316,1.);
#12316 = DIRECTION('',(-1.,0.,0.));
#12317 = PCURVE('',#4880,#12318);
#12318 = DEFINITIONAL_REPRESENTATION('',(#12319),#12323);
#12319 = LINE('',#12320,#12321);
#12320 = CARTESIAN_POINT('',(0.,-0.65));
#12321 = VECTOR('',#12322,1.);
#12322 = DIRECTION('',(1.,0.));
#12323 = ( GEOMETRIC_REPRESENTATION_CONTEXT(2) 
PARAMETRIC_REPRESENTATION_CONTEXT() REPRESENTATION_CONTEXT('2D SPACE',''
  ) );
#12324 = PCURVE('',#12006,#12325);
#12325 = DEFINITIONAL_REPRESENTATION('',(#12326),#12330);
#12326 = LINE('',#12327,#12328);
#12327 = CARTESIAN_POINT('',(0.7484375,1.903125));
#12328 = VECTOR('',#12329,1.);
#12329 = DIRECTION('',(-1.,0.));
#12330 = ( GEOMETRIC_REPRESENTATION_CONTEXT(2) 
PARAMETRIC_REPRESENTATION_CONTEXT() REPRESENTATION_CONTEXT('2D SPACE',''
  ) );
#12331 = ORIENTED_EDGE('',*,*,#12239,.F.);
#12332 = ADVANCED_FACE('',(#12333),#4854,.T.);
#12333 = FACE_BOUND('',#12334,.T.);
#12334 = EDGE_LOOP('',(#12335,#12336,#12337,#12358));
#12335 = ORIENTED_EDGE('',*,*,#4839,.T.);
#12336 = ORIENTED_EDGE('',*,*,#12018,.T.);
#12337 = ORIENTED_EDGE('',*,*,#12338,.T.);
#12338 = EDGE_CURVE('',#11991,#12289,#12339,.T.);
#12339 = SURFACE_CURVE('',#12340,(#12344,#12351),.PCURVE_S1.);
#12340 = LINE('',#12341,#12342);
#12341 = CARTESIAN_POINT('',(64.546875,3.94296875,4.6));
#12342 = VECTOR('',#12343,1.);
#12343 = DIRECTION('',(0.,1.,0.));
#12344 = PCURVE('',#4854,#12345);
#12345 = DEFINITIONAL_REPRESENTATION('',(#12346),#12350);
#12346 = LINE('',#12347,#12348);
#12347 = CARTESIAN_POINT('',(0.,-0.65));
#12348 = VECTOR('',#12349,1.);
#12349 = DIRECTION('',(1.,0.));
#12350 = ( GEOMETRIC_REPRESENTATION_CONTEXT(2) 
PARAMETRIC_REPRESENTATION_CONTEXT() REPRESENTATION_CONTEXT('2D SPACE',''
  ) );
#12351 = PCURVE('',#12006,#12352);
#12352 = DEFINITIONAL_REPRESENTATION('',(#12353),#12357);
#12353 = LINE('',#12354,#12355);
#12354 = CARTESIAN_POINT('',(0.7484375,0.));
#12355 = VECTOR('',#12356,1.);
#12356 = DIRECTION('',(0.,1.));
#12357 = ( GEOMETRIC_REPRESENTATION_CONTEXT(2) 
PARAMETRIC_REPRESENTATION_CONTEXT() REPRESENTATION_CONTEXT('2D SPACE',''
  ) );
#12358 = ORIENTED_EDGE('',*,*,#12288,.F.);
#12359 = ADVANCED_FACE('',(#12360),#5038,.T.);
#12360 = FACE_BOUND('',#12361,.T.);
#12361 = EDGE_LOOP('',(#12362,#12363,#12386,#12414));
#12362 = ORIENTED_EDGE('',*,*,#5021,.T.);
#12363 = ORIENTED_EDGE('',*,*,#12364,.T.);
#12364 = EDGE_CURVE('',#5024,#12365,#12367,.T.);
#12365 = VERTEX_POINT('',#12366);
#12366 = CARTESIAN_POINT('',(68.2015625,3.94296875,4.6));
#12367 = SURFACE_CURVE('',#12368,(#12372,#12379),.PCURVE_S1.);
#12368 = LINE('',#12369,#12370);
#12369 = CARTESIAN_POINT('',(68.2015625,3.94296875,3.95));
#12370 = VECTOR('',#12371,1.);
#12371 = DIRECTION('',(0.,0.,1.));
#12372 = PCURVE('',#5038,#12373);
#12373 = DEFINITIONAL_REPRESENTATION('',(#12374),#12378);
#12374 = LINE('',#12375,#12376);
#12375 = CARTESIAN_POINT('',(0.,-0.));
#12376 = VECTOR('',#12377,1.);
#12377 = DIRECTION('',(0.,-1.));
#12378 = ( GEOMETRIC_REPRESENTATION_CONTEXT(2) 
PARAMETRIC_REPRESENTATION_CONTEXT() REPRESENTATION_CONTEXT('2D SPACE',''
  ) );
#12379 = PCURVE('',#5114,#12380);
#12380 = DEFINITIONAL_REPRESENTATION('',(#12381),#12385);
#12381 = LINE('',#12382,#12383);
#12382 = CARTESIAN_POINT('',(0.4390625,0.));
#12383 = VECTOR('',#12384,1.);
#12384 = DIRECTION('',(0.,-1.));
#12385 = ( GEOMETRIC_REPRESENTATION_CONTEXT(2) 
PARAMETRIC_REPRESENTATION_CONTEXT() REPRESENTATION_CONTEXT('2D SPACE',''
  ) );
#12386 = ORIENTED_EDGE('',*,*,#12387,.T.);
#12387 = EDGE_CURVE('',#12365,#12388,#12390,.T.);
#12388 = VERTEX_POINT('',#12389);
#12389 = CARTESIAN_POINT('',(67.7625,3.94296875,4.6));
#12390 = SURFACE_CURVE('',#12391,(#12395,#12402),.PCURVE_S1.);
#12391 = LINE('',#12392,#12393);
#12392 = CARTESIAN_POINT('',(68.2015625,3.94296875,4.6));
#12393 = VECTOR('',#12394,1.);
#12394 = DIRECTION('',(-1.,0.,0.));
#12395 = PCURVE('',#5038,#12396);
#12396 = DEFINITIONAL_REPRESENTATION('',(#12397),#12401);
#12397 = LINE('',#12398,#12399);
#12398 = CARTESIAN_POINT('',(0.,-0.65));
#12399 = VECTOR('',#12400,1.);
#12400 = DIRECTION('',(1.,0.));
#12401 = ( GEOMETRIC_REPRESENTATION_CONTEXT(2) 
PARAMETRIC_REPRESENTATION_CONTEXT() REPRESENTATION_CONTEXT('2D SPACE',''
  ) );
#12402 = PCURVE('',#12403,#12408);
#12403 = PLANE('',#12404);
#12404 = AXIS2_PLACEMENT_3D('',#12405,#12406,#12407);
#12405 = CARTESIAN_POINT('',(67.5328125,3.94296875,4.6));
#12406 = DIRECTION('',(0.,0.,1.));
#12407 = DIRECTION('',(1.,0.,0.));
#12408 = DEFINITIONAL_REPRESENTATION('',(#12409),#12413);
#12409 = LINE('',#12410,#12411);
#12410 = CARTESIAN_POINT('',(0.66875,0.));
#12411 = VECTOR('',#12412,1.);
#12412 = DIRECTION('',(-1.,0.));
#12413 = ( GEOMETRIC_REPRESENTATION_CONTEXT(2) 
PARAMETRIC_REPRESENTATION_CONTEXT() REPRESENTATION_CONTEXT('2D SPACE',''
  ) );
#12414 = ORIENTED_EDGE('',*,*,#12415,.F.);
#12415 = EDGE_CURVE('',#5022,#12388,#12416,.T.);
#12416 = SURFACE_CURVE('',#12417,(#12421,#12428),.PCURVE_S1.);
#12417 = LINE('',#12418,#12419);
#12418 = CARTESIAN_POINT('',(67.7625,3.94296875,3.95));
#12419 = VECTOR('',#12420,1.);
#12420 = DIRECTION('',(0.,0.,1.));
#12421 = PCURVE('',#5038,#12422);
#12422 = DEFINITIONAL_REPRESENTATION('',(#12423),#12427);
#12423 = LINE('',#12424,#12425);
#12424 = CARTESIAN_POINT('',(0.4390625,0.));
#12425 = VECTOR('',#12426,1.);
#12426 = DIRECTION('',(0.,-1.));
#12427 = ( GEOMETRIC_REPRESENTATION_CONTEXT(2) 
PARAMETRIC_REPRESENTATION_CONTEXT() REPRESENTATION_CONTEXT('2D SPACE',''
  ) );
#12428 = PCURVE('',#5064,#12429);
#12429 = DEFINITIONAL_REPRESENTATION('',(#12430),#12434);
#12430 = LINE('',#12431,#12432);
#12431 = CARTESIAN_POINT('',(0.,0.));
#12432 = VECTOR('',#12433,1.);
#12433 = DIRECTION('',(0.,-1.));
#12434 = ( GEOMETRIC_REPRESENTATION_CONTEXT(2) 
PARAMETRIC_REPRESENTATION_CONTEXT() REPRESENTATION_CONTEXT('2D SPACE',''
  ) );
#12435 = ADVANCED_FACE('',(#12436),#5114,.T.);
#12436 = FACE_BOUND('',#12437,.T.);
#12437 = EDGE_LOOP('',(#12438,#12439,#12462,#12483));
#12438 = ORIENTED_EDGE('',*,*,#5101,.T.);
#12439 = ORIENTED_EDGE('',*,*,#12440,.T.);
#12440 = EDGE_CURVE('',#5076,#12441,#12443,.T.);
#12441 = VERTEX_POINT('',#12442);
#12442 = CARTESIAN_POINT('',(68.2015625,4.38203125,4.6));
#12443 = SURFACE_CURVE('',#12444,(#12448,#12455),.PCURVE_S1.);
#12444 = LINE('',#12445,#12446);
#12445 = CARTESIAN_POINT('',(68.2015625,4.38203125,3.95));
#12446 = VECTOR('',#12447,1.);
#12447 = DIRECTION('',(0.,0.,1.));
#12448 = PCURVE('',#5114,#12449);
#12449 = DEFINITIONAL_REPRESENTATION('',(#12450),#12454);
#12450 = LINE('',#12451,#12452);
#12451 = CARTESIAN_POINT('',(0.,0.));
#12452 = VECTOR('',#12453,1.);
#12453 = DIRECTION('',(0.,-1.));
#12454 = ( GEOMETRIC_REPRESENTATION_CONTEXT(2) 
PARAMETRIC_REPRESENTATION_CONTEXT() REPRESENTATION_CONTEXT('2D SPACE',''
  ) );
#12455 = PCURVE('',#5090,#12456);
#12456 = DEFINITIONAL_REPRESENTATION('',(#12457),#12461);
#12457 = LINE('',#12458,#12459);
#12458 = CARTESIAN_POINT('',(0.4390625,0.));
#12459 = VECTOR('',#12460,1.);
#12460 = DIRECTION('',(0.,-1.));
#12461 = ( GEOMETRIC_REPRESENTATION_CONTEXT(2) 
PARAMETRIC_REPRESENTATION_CONTEXT() REPRESENTATION_CONTEXT('2D SPACE',''
  ) );
#12462 = ORIENTED_EDGE('',*,*,#12463,.T.);
#12463 = EDGE_CURVE('',#12441,#12365,#12464,.T.);
#12464 = SURFACE_CURVE('',#12465,(#12469,#12476),.PCURVE_S1.);
#12465 = LINE('',#12466,#12467);
#12466 = CARTESIAN_POINT('',(68.2015625,4.38203125,4.6));
#12467 = VECTOR('',#12468,1.);
#12468 = DIRECTION('',(0.,-1.,0.));
#12469 = PCURVE('',#5114,#12470);
#12470 = DEFINITIONAL_REPRESENTATION('',(#12471),#12475);
#12471 = LINE('',#12472,#12473);
#12472 = CARTESIAN_POINT('',(0.,-0.65));
#12473 = VECTOR('',#12474,1.);
#12474 = DIRECTION('',(1.,0.));
#12475 = ( GEOMETRIC_REPRESENTATION_CONTEXT(2) 
PARAMETRIC_REPRESENTATION_CONTEXT() REPRESENTATION_CONTEXT('2D SPACE',''
  ) );
#12476 = PCURVE('',#12403,#12477);
#12477 = DEFINITIONAL_REPRESENTATION('',(#12478),#12482);
#12478 = LINE('',#12479,#12480);
#12479 = CARTESIAN_POINT('',(0.66875,0.4390625));
#12480 = VECTOR('',#12481,1.);
#12481 = DIRECTION('',(0.,-1.));
#12482 = ( GEOMETRIC_REPRESENTATION_CONTEXT(2) 
PARAMETRIC_REPRESENTATION_CONTEXT() REPRESENTATION_CONTEXT('2D SPACE',''
  ) );
#12483 = ORIENTED_EDGE('',*,*,#12364,.F.);
#12484 = ADVANCED_FACE('',(#12485),#5090,.T.);
#12485 = FACE_BOUND('',#12486,.T.);
#12486 = EDGE_LOOP('',(#12487,#12488,#12511,#12532));
#12487 = ORIENTED_EDGE('',*,*,#5075,.T.);
#12488 = ORIENTED_EDGE('',*,*,#12489,.T.);
#12489 = EDGE_CURVE('',#5050,#12490,#12492,.T.);
#12490 = VERTEX_POINT('',#12491);
#12491 = CARTESIAN_POINT('',(67.7625,4.38203125,4.6));
#12492 = SURFACE_CURVE('',#12493,(#12497,#12504),.PCURVE_S1.);
#12493 = LINE('',#12494,#12495);
#12494 = CARTESIAN_POINT('',(67.7625,4.38203125,3.95));
#12495 = VECTOR('',#12496,1.);
#12496 = DIRECTION('',(0.,0.,1.));
#12497 = PCURVE('',#5090,#12498);
#12498 = DEFINITIONAL_REPRESENTATION('',(#12499),#12503);
#12499 = LINE('',#12500,#12501);
#12500 = CARTESIAN_POINT('',(0.,0.));
#12501 = VECTOR('',#12502,1.);
#12502 = DIRECTION('',(0.,-1.));
#12503 = ( GEOMETRIC_REPRESENTATION_CONTEXT(2) 
PARAMETRIC_REPRESENTATION_CONTEXT() REPRESENTATION_CONTEXT('2D SPACE',''
  ) );
#12504 = PCURVE('',#5064,#12505);
#12505 = DEFINITIONAL_REPRESENTATION('',(#12506),#12510);
#12506 = LINE('',#12507,#12508);
#12507 = CARTESIAN_POINT('',(0.4390625,0.));
#12508 = VECTOR('',#12509,1.);
#12509 = DIRECTION('',(0.,-1.));
#12510 = ( GEOMETRIC_REPRESENTATION_CONTEXT(2) 
PARAMETRIC_REPRESENTATION_CONTEXT() REPRESENTATION_CONTEXT('2D SPACE',''
  ) );
#12511 = ORIENTED_EDGE('',*,*,#12512,.T.);
#12512 = EDGE_CURVE('',#12490,#12441,#12513,.T.);
#12513 = SURFACE_CURVE('',#12514,(#12518,#12525),.PCURVE_S1.);
#12514 = LINE('',#12515,#12516);
#12515 = CARTESIAN_POINT('',(67.7625,4.38203125,4.6));
#12516 = VECTOR('',#12517,1.);
#12517 = DIRECTION('',(1.,0.,0.));
#12518 = PCURVE('',#5090,#12519);
#12519 = DEFINITIONAL_REPRESENTATION('',(#12520),#12524);
#12520 = LINE('',#12521,#12522);
#12521 = CARTESIAN_POINT('',(0.,-0.65));
#12522 = VECTOR('',#12523,1.);
#12523 = DIRECTION('',(1.,0.));
#12524 = ( GEOMETRIC_REPRESENTATION_CONTEXT(2) 
PARAMETRIC_REPRESENTATION_CONTEXT() REPRESENTATION_CONTEXT('2D SPACE',''
  ) );
#12525 = PCURVE('',#12403,#12526);
#12526 = DEFINITIONAL_REPRESENTATION('',(#12527),#12531);
#12527 = LINE('',#12528,#12529);
#12528 = CARTESIAN_POINT('',(0.2296875,0.4390625));
#12529 = VECTOR('',#12530,1.);
#12530 = DIRECTION('',(1.,0.));
#12531 = ( GEOMETRIC_REPRESENTATION_CONTEXT(2) 
PARAMETRIC_REPRESENTATION_CONTEXT() REPRESENTATION_CONTEXT('2D SPACE',''
  ) );
#12532 = ORIENTED_EDGE('',*,*,#12440,.F.);
#12533 = ADVANCED_FACE('',(#12534),#5064,.T.);
#12534 = FACE_BOUND('',#12535,.T.);
#12535 = EDGE_LOOP('',(#12536,#12537,#12538,#12559));
#12536 = ORIENTED_EDGE('',*,*,#5049,.T.);
#12537 = ORIENTED_EDGE('',*,*,#12415,.T.);
#12538 = ORIENTED_EDGE('',*,*,#12539,.T.);
#12539 = EDGE_CURVE('',#12388,#12490,#12540,.T.);
#12540 = SURFACE_CURVE('',#12541,(#12545,#12552),.PCURVE_S1.);
#12541 = LINE('',#12542,#12543);
#12542 = CARTESIAN_POINT('',(67.7625,3.94296875,4.6));
#12543 = VECTOR('',#12544,1.);
#12544 = DIRECTION('',(0.,1.,0.));
#12545 = PCURVE('',#5064,#12546);
#12546 = DEFINITIONAL_REPRESENTATION('',(#12547),#12551);
#12547 = LINE('',#12548,#12549);
#12548 = CARTESIAN_POINT('',(0.,-0.65));
#12549 = VECTOR('',#12550,1.);
#12550 = DIRECTION('',(1.,0.));
#12551 = ( GEOMETRIC_REPRESENTATION_CONTEXT(2) 
PARAMETRIC_REPRESENTATION_CONTEXT() REPRESENTATION_CONTEXT('2D SPACE',''
  ) );
#12552 = PCURVE('',#12403,#12553);
#12553 = DEFINITIONAL_REPRESENTATION('',(#12554),#12558);
#12554 = LINE('',#12555,#12556);
#12555 = CARTESIAN_POINT('',(0.2296875,0.));
#12556 = VECTOR('',#12557,1.);
#12557 = DIRECTION('',(0.,1.));
#12558 = ( GEOMETRIC_REPRESENTATION_CONTEXT(2) 
PARAMETRIC_REPRESENTATION_CONTEXT() REPRESENTATION_CONTEXT('2D SPACE',''
  ) );
#12559 = ORIENTED_EDGE('',*,*,#12489,.F.);
#12560 = ADVANCED_FACE('',(#12561),#5144,.T.);
#12561 = FACE_BOUND('',#12562,.T.);
#12562 = EDGE_LOOP('',(#12563,#12564,#12587,#12615));
#12563 = ORIENTED_EDGE('',*,*,#5127,.T.);
#12564 = ORIENTED_EDGE('',*,*,#12565,.T.);
#12565 = EDGE_CURVE('',#5130,#12566,#12568,.T.);
#12566 = VERTEX_POINT('',#12567);
#12567 = CARTESIAN_POINT('',(67.175,3.94296875,4.6));
#12568 = SURFACE_CURVE('',#12569,(#12573,#12580),.PCURVE_S1.);
#12569 = LINE('',#12570,#12571);
#12570 = CARTESIAN_POINT('',(67.175,3.94296875,3.95));
#12571 = VECTOR('',#12572,1.);
#12572 = DIRECTION('',(0.,0.,1.));
#12573 = PCURVE('',#5144,#12574);
#12574 = DEFINITIONAL_REPRESENTATION('',(#12575),#12579);
#12575 = LINE('',#12576,#12577);
#12576 = CARTESIAN_POINT('',(0.,-0.));
#12577 = VECTOR('',#12578,1.);
#12578 = DIRECTION('',(0.,-1.));
#12579 = ( GEOMETRIC_REPRESENTATION_CONTEXT(2) 
PARAMETRIC_REPRESENTATION_CONTEXT() REPRESENTATION_CONTEXT('2D SPACE',''
  ) );
#12580 = PCURVE('',#5402,#12581);
#12581 = DEFINITIONAL_REPRESENTATION('',(#12582),#12586);
#12582 = LINE('',#12583,#12584);
#12583 = CARTESIAN_POINT('',(0.4609375,0.));
#12584 = VECTOR('',#12585,1.);
#12585 = DIRECTION('',(0.,-1.));
#12586 = ( GEOMETRIC_REPRESENTATION_CONTEXT(2) 
PARAMETRIC_REPRESENTATION_CONTEXT() REPRESENTATION_CONTEXT('2D SPACE',''
  ) );
#12587 = ORIENTED_EDGE('',*,*,#12588,.T.);
#12588 = EDGE_CURVE('',#12566,#12589,#12591,.T.);
#12589 = VERTEX_POINT('',#12590);
#12590 = CARTESIAN_POINT('',(66.75,3.94296875,4.6));
#12591 = SURFACE_CURVE('',#12592,(#12596,#12603),.PCURVE_S1.);
#12592 = LINE('',#12593,#12594);
#12593 = CARTESIAN_POINT('',(67.175,3.94296875,4.6));
#12594 = VECTOR('',#12595,1.);
#12595 = DIRECTION('',(-1.,0.,0.));
#12596 = PCURVE('',#5144,#12597);
#12597 = DEFINITIONAL_REPRESENTATION('',(#12598),#12602);
#12598 = LINE('',#12599,#12600);
#12599 = CARTESIAN_POINT('',(0.,-0.65));
#12600 = VECTOR('',#12601,1.);
#12601 = DIRECTION('',(1.,0.));
#12602 = ( GEOMETRIC_REPRESENTATION_CONTEXT(2) 
PARAMETRIC_REPRESENTATION_CONTEXT() REPRESENTATION_CONTEXT('2D SPACE',''
  ) );
#12603 = PCURVE('',#12604,#12609);
#12604 = PLANE('',#12605);
#12605 = AXIS2_PLACEMENT_3D('',#12606,#12607,#12608);
#12606 = CARTESIAN_POINT('',(65.753125,3.94296875,4.6));
#12607 = DIRECTION('',(0.,0.,1.));
#12608 = DIRECTION('',(1.,0.,0.));
#12609 = DEFINITIONAL_REPRESENTATION('',(#12610),#12614);
#12610 = LINE('',#12611,#12612);
#12611 = CARTESIAN_POINT('',(1.421875,0.));
#12612 = VECTOR('',#12613,1.);
#12613 = DIRECTION('',(-1.,0.));
#12614 = ( GEOMETRIC_REPRESENTATION_CONTEXT(2) 
PARAMETRIC_REPRESENTATION_CONTEXT() REPRESENTATION_CONTEXT('2D SPACE',''
  ) );
#12615 = ORIENTED_EDGE('',*,*,#12616,.F.);
#12616 = EDGE_CURVE('',#5128,#12589,#12617,.T.);
#12617 = SURFACE_CURVE('',#12618,(#12622,#12629),.PCURVE_S1.);
#12618 = LINE('',#12619,#12620);
#12619 = CARTESIAN_POINT('',(66.75,3.94296875,3.95));
#12620 = VECTOR('',#12621,1.);
#12621 = DIRECTION('',(0.,0.,1.));
#12622 = PCURVE('',#5144,#12623);
#12623 = DEFINITIONAL_REPRESENTATION('',(#12624),#12628);
#12624 = LINE('',#12625,#12626);
#12625 = CARTESIAN_POINT('',(0.425,0.));
#12626 = VECTOR('',#12627,1.);
#12627 = DIRECTION('',(0.,-1.));
#12628 = ( GEOMETRIC_REPRESENTATION_CONTEXT(2) 
PARAMETRIC_REPRESENTATION_CONTEXT() REPRESENTATION_CONTEXT('2D SPACE',''
  ) );
#12629 = PCURVE('',#5170,#12630);
#12630 = DEFINITIONAL_REPRESENTATION('',(#12631),#12635);
#12631 = LINE('',#12632,#12633);
#12632 = CARTESIAN_POINT('',(0.,0.));
#12633 = VECTOR('',#12634,1.);
#12634 = DIRECTION('',(0.,-1.));
#12635 = ( GEOMETRIC_REPRESENTATION_CONTEXT(2) 
PARAMETRIC_REPRESENTATION_CONTEXT() REPRESENTATION_CONTEXT('2D SPACE',''
  ) );
#12636 = ADVANCED_FACE('',(#12637),#5402,.T.);
#12637 = FACE_BOUND('',#12638,.T.);
#12638 = EDGE_LOOP('',(#12639,#12640,#12663,#12684));
#12639 = ORIENTED_EDGE('',*,*,#5389,.T.);
#12640 = ORIENTED_EDGE('',*,*,#12641,.T.);
#12641 = EDGE_CURVE('',#5364,#12642,#12644,.T.);
#12642 = VERTEX_POINT('',#12643);
#12643 = CARTESIAN_POINT('',(67.175,4.40390625,4.6));
#12644 = SURFACE_CURVE('',#12645,(#12649,#12656),.PCURVE_S1.);
#12645 = LINE('',#12646,#12647);
#12646 = CARTESIAN_POINT('',(67.175,4.40390625,3.95));
#12647 = VECTOR('',#12648,1.);
#12648 = DIRECTION('',(0.,0.,1.));
#12649 = PCURVE('',#5402,#12650);
#12650 = DEFINITIONAL_REPRESENTATION('',(#12651),#12655);
#12651 = LINE('',#12652,#12653);
#12652 = CARTESIAN_POINT('',(0.,0.));
#12653 = VECTOR('',#12654,1.);
#12654 = DIRECTION('',(0.,-1.));
#12655 = ( GEOMETRIC_REPRESENTATION_CONTEXT(2) 
PARAMETRIC_REPRESENTATION_CONTEXT() REPRESENTATION_CONTEXT('2D SPACE',''
  ) );
#12656 = PCURVE('',#5378,#12657);
#12657 = DEFINITIONAL_REPRESENTATION('',(#12658),#12662);
#12658 = LINE('',#12659,#12660);
#12659 = CARTESIAN_POINT('',(0.284375,0.));
#12660 = VECTOR('',#12661,1.);
#12661 = DIRECTION('',(0.,-1.));
#12662 = ( GEOMETRIC_REPRESENTATION_CONTEXT(2) 
PARAMETRIC_REPRESENTATION_CONTEXT() REPRESENTATION_CONTEXT('2D SPACE',''
  ) );
#12663 = ORIENTED_EDGE('',*,*,#12664,.T.);
#12664 = EDGE_CURVE('',#12642,#12566,#12665,.T.);
#12665 = SURFACE_CURVE('',#12666,(#12670,#12677),.PCURVE_S1.);
#12666 = LINE('',#12667,#12668);
#12667 = CARTESIAN_POINT('',(67.175,4.40390625,4.6));
#12668 = VECTOR('',#12669,1.);
#12669 = DIRECTION('',(0.,-1.,0.));
#12670 = PCURVE('',#5402,#12671);
#12671 = DEFINITIONAL_REPRESENTATION('',(#12672),#12676);
#12672 = LINE('',#12673,#12674);
#12673 = CARTESIAN_POINT('',(0.,-0.65));
#12674 = VECTOR('',#12675,1.);
#12675 = DIRECTION('',(1.,0.));
#12676 = ( GEOMETRIC_REPRESENTATION_CONTEXT(2) 
PARAMETRIC_REPRESENTATION_CONTEXT() REPRESENTATION_CONTEXT('2D SPACE',''
  ) );
#12677 = PCURVE('',#12604,#12678);
#12678 = DEFINITIONAL_REPRESENTATION('',(#12679),#12683);
#12679 = LINE('',#12680,#12681);
#12680 = CARTESIAN_POINT('',(1.421875,0.4609375));
#12681 = VECTOR('',#12682,1.);
#12682 = DIRECTION('',(0.,-1.));
#12683 = ( GEOMETRIC_REPRESENTATION_CONTEXT(2) 
PARAMETRIC_REPRESENTATION_CONTEXT() REPRESENTATION_CONTEXT('2D SPACE',''
  ) );
#12684 = ORIENTED_EDGE('',*,*,#12565,.F.);
#12685 = ADVANCED_FACE('',(#12686),#5378,.T.);
#12686 = FACE_BOUND('',#12687,.T.);
#12687 = EDGE_LOOP('',(#12688,#12689,#12712,#12733));
#12688 = ORIENTED_EDGE('',*,*,#5363,.T.);
#12689 = ORIENTED_EDGE('',*,*,#12690,.T.);
#12690 = EDGE_CURVE('',#5338,#12691,#12693,.T.);
#12691 = VERTEX_POINT('',#12692);
#12692 = CARTESIAN_POINT('',(67.459375,4.40390625,4.6));
#12693 = SURFACE_CURVE('',#12694,(#12698,#12705),.PCURVE_S1.);
#12694 = LINE('',#12695,#12696);
#12695 = CARTESIAN_POINT('',(67.459375,4.40390625,3.95));
#12696 = VECTOR('',#12697,1.);
#12697 = DIRECTION('',(0.,0.,1.));
#12698 = PCURVE('',#5378,#12699);
#12699 = DEFINITIONAL_REPRESENTATION('',(#12700),#12704);
#12700 = LINE('',#12701,#12702);
#12701 = CARTESIAN_POINT('',(0.,-0.));
#12702 = VECTOR('',#12703,1.);
#12703 = DIRECTION('',(0.,-1.));
#12704 = ( GEOMETRIC_REPRESENTATION_CONTEXT(2) 
PARAMETRIC_REPRESENTATION_CONTEXT() REPRESENTATION_CONTEXT('2D SPACE',''
  ) );
#12705 = PCURVE('',#5352,#12706);
#12706 = DEFINITIONAL_REPRESENTATION('',(#12707),#12711);
#12707 = LINE('',#12708,#12709);
#12708 = CARTESIAN_POINT('',(0.3859375,0.));
#12709 = VECTOR('',#12710,1.);
#12710 = DIRECTION('',(0.,-1.));
#12711 = ( GEOMETRIC_REPRESENTATION_CONTEXT(2) 
PARAMETRIC_REPRESENTATION_CONTEXT() REPRESENTATION_CONTEXT('2D SPACE',''
  ) );
#12712 = ORIENTED_EDGE('',*,*,#12713,.T.);
#12713 = EDGE_CURVE('',#12691,#12642,#12714,.T.);
#12714 = SURFACE_CURVE('',#12715,(#12719,#12726),.PCURVE_S1.);
#12715 = LINE('',#12716,#12717);
#12716 = CARTESIAN_POINT('',(67.459375,4.40390625,4.6));
#12717 = VECTOR('',#12718,1.);
#12718 = DIRECTION('',(-1.,0.,0.));
#12719 = PCURVE('',#5378,#12720);
#12720 = DEFINITIONAL_REPRESENTATION('',(#12721),#12725);
#12721 = LINE('',#12722,#12723);
#12722 = CARTESIAN_POINT('',(0.,-0.65));
#12723 = VECTOR('',#12724,1.);
#12724 = DIRECTION('',(1.,0.));
#12725 = ( GEOMETRIC_REPRESENTATION_CONTEXT(2) 
PARAMETRIC_REPRESENTATION_CONTEXT() REPRESENTATION_CONTEXT('2D SPACE',''
  ) );
#12726 = PCURVE('',#12604,#12727);
#12727 = DEFINITIONAL_REPRESENTATION('',(#12728),#12732);
#12728 = LINE('',#12729,#12730);
#12729 = CARTESIAN_POINT('',(1.70625,0.4609375));
#12730 = VECTOR('',#12731,1.);
#12731 = DIRECTION('',(-1.,0.));
#12732 = ( GEOMETRIC_REPRESENTATION_CONTEXT(2) 
PARAMETRIC_REPRESENTATION_CONTEXT() REPRESENTATION_CONTEXT('2D SPACE',''
  ) );
#12733 = ORIENTED_EDGE('',*,*,#12641,.F.);
#12734 = ADVANCED_FACE('',(#12735),#5352,.T.);
#12735 = FACE_BOUND('',#12736,.T.);
#12736 = EDGE_LOOP('',(#12737,#12738,#12761,#12782));
#12737 = ORIENTED_EDGE('',*,*,#5337,.T.);
#12738 = ORIENTED_EDGE('',*,*,#12739,.T.);
#12739 = EDGE_CURVE('',#5312,#12740,#12742,.T.);
#12740 = VERTEX_POINT('',#12741);
#12741 = CARTESIAN_POINT('',(67.459375,4.78984375,4.6));
#12742 = SURFACE_CURVE('',#12743,(#12747,#12754),.PCURVE_S1.);
#12743 = LINE('',#12744,#12745);
#12744 = CARTESIAN_POINT('',(67.459375,4.78984375,3.95));
#12745 = VECTOR('',#12746,1.);
#12746 = DIRECTION('',(0.,0.,1.));
#12747 = PCURVE('',#5352,#12748);
#12748 = DEFINITIONAL_REPRESENTATION('',(#12749),#12753);
#12749 = LINE('',#12750,#12751);
#12750 = CARTESIAN_POINT('',(0.,0.));
#12751 = VECTOR('',#12752,1.);
#12752 = DIRECTION('',(0.,-1.));
#12753 = ( GEOMETRIC_REPRESENTATION_CONTEXT(2) 
PARAMETRIC_REPRESENTATION_CONTEXT() REPRESENTATION_CONTEXT('2D SPACE',''
  ) );
#12754 = PCURVE('',#5326,#12755);
#12755 = DEFINITIONAL_REPRESENTATION('',(#12756),#12760);
#12756 = LINE('',#12757,#12758);
#12757 = CARTESIAN_POINT('',(0.284375,0.));
#12758 = VECTOR('',#12759,1.);
#12759 = DIRECTION('',(0.,-1.));
#12760 = ( GEOMETRIC_REPRESENTATION_CONTEXT(2) 
PARAMETRIC_REPRESENTATION_CONTEXT() REPRESENTATION_CONTEXT('2D SPACE',''
  ) );
#12761 = ORIENTED_EDGE('',*,*,#12762,.T.);
#12762 = EDGE_CURVE('',#12740,#12691,#12763,.T.);
#12763 = SURFACE_CURVE('',#12764,(#12768,#12775),.PCURVE_S1.);
#12764 = LINE('',#12765,#12766);
#12765 = CARTESIAN_POINT('',(67.459375,4.78984375,4.6));
#12766 = VECTOR('',#12767,1.);
#12767 = DIRECTION('',(0.,-1.,0.));
#12768 = PCURVE('',#5352,#12769);
#12769 = DEFINITIONAL_REPRESENTATION('',(#12770),#12774);
#12770 = LINE('',#12771,#12772);
#12771 = CARTESIAN_POINT('',(0.,-0.65));
#12772 = VECTOR('',#12773,1.);
#12773 = DIRECTION('',(1.,0.));
#12774 = ( GEOMETRIC_REPRESENTATION_CONTEXT(2) 
PARAMETRIC_REPRESENTATION_CONTEXT() REPRESENTATION_CONTEXT('2D SPACE',''
  ) );
#12775 = PCURVE('',#12604,#12776);
#12776 = DEFINITIONAL_REPRESENTATION('',(#12777),#12781);
#12777 = LINE('',#12778,#12779);
#12778 = CARTESIAN_POINT('',(1.70625,0.846875));
#12779 = VECTOR('',#12780,1.);
#12780 = DIRECTION('',(0.,-1.));
#12781 = ( GEOMETRIC_REPRESENTATION_CONTEXT(2) 
PARAMETRIC_REPRESENTATION_CONTEXT() REPRESENTATION_CONTEXT('2D SPACE',''
  ) );
#12782 = ORIENTED_EDGE('',*,*,#12690,.F.);
#12783 = ADVANCED_FACE('',(#12784),#5326,.T.);
#12784 = FACE_BOUND('',#12785,.T.);
#12785 = EDGE_LOOP('',(#12786,#12787,#12810,#12831));
#12786 = ORIENTED_EDGE('',*,*,#5311,.T.);
#12787 = ORIENTED_EDGE('',*,*,#12788,.T.);
#12788 = EDGE_CURVE('',#5286,#12789,#12791,.T.);
#12789 = VERTEX_POINT('',#12790);
#12790 = CARTESIAN_POINT('',(67.175,4.78984375,4.6));
#12791 = SURFACE_CURVE('',#12792,(#12796,#12803),.PCURVE_S1.);
#12792 = LINE('',#12793,#12794);
#12793 = CARTESIAN_POINT('',(67.175,4.78984375,3.95));
#12794 = VECTOR('',#12795,1.);
#12795 = DIRECTION('',(0.,0.,1.));
#12796 = PCURVE('',#5326,#12797);
#12797 = DEFINITIONAL_REPRESENTATION('',(#12798),#12802);
#12798 = LINE('',#12799,#12800);
#12799 = CARTESIAN_POINT('',(0.,0.));
#12800 = VECTOR('',#12801,1.);
#12801 = DIRECTION('',(0.,-1.));
#12802 = ( GEOMETRIC_REPRESENTATION_CONTEXT(2) 
PARAMETRIC_REPRESENTATION_CONTEXT() REPRESENTATION_CONTEXT('2D SPACE',''
  ) );
#12803 = PCURVE('',#5300,#12804);
#12804 = DEFINITIONAL_REPRESENTATION('',(#12805),#12809);
#12805 = LINE('',#12806,#12807);
#12806 = CARTESIAN_POINT('',(1.453125,0.));
#12807 = VECTOR('',#12808,1.);
#12808 = DIRECTION('',(0.,-1.));
#12809 = ( GEOMETRIC_REPRESENTATION_CONTEXT(2) 
PARAMETRIC_REPRESENTATION_CONTEXT() REPRESENTATION_CONTEXT('2D SPACE',''
  ) );
#12810 = ORIENTED_EDGE('',*,*,#12811,.T.);
#12811 = EDGE_CURVE('',#12789,#12740,#12812,.T.);
#12812 = SURFACE_CURVE('',#12813,(#12817,#12824),.PCURVE_S1.);
#12813 = LINE('',#12814,#12815);
#12814 = CARTESIAN_POINT('',(67.175,4.78984375,4.6));
#12815 = VECTOR('',#12816,1.);
#12816 = DIRECTION('',(1.,0.,0.));
#12817 = PCURVE('',#5326,#12818);
#12818 = DEFINITIONAL_REPRESENTATION('',(#12819),#12823);
#12819 = LINE('',#12820,#12821);
#12820 = CARTESIAN_POINT('',(0.,-0.65));
#12821 = VECTOR('',#12822,1.);
#12822 = DIRECTION('',(1.,0.));
#12823 = ( GEOMETRIC_REPRESENTATION_CONTEXT(2) 
PARAMETRIC_REPRESENTATION_CONTEXT() REPRESENTATION_CONTEXT('2D SPACE',''
  ) );
#12824 = PCURVE('',#12604,#12825);
#12825 = DEFINITIONAL_REPRESENTATION('',(#12826),#12830);
#12826 = LINE('',#12827,#12828);
#12827 = CARTESIAN_POINT('',(1.421875,0.846875));
#12828 = VECTOR('',#12829,1.);
#12829 = DIRECTION('',(1.,0.));
#12830 = ( GEOMETRIC_REPRESENTATION_CONTEXT(2) 
PARAMETRIC_REPRESENTATION_CONTEXT() REPRESENTATION_CONTEXT('2D SPACE',''
  ) );
#12831 = ORIENTED_EDGE('',*,*,#12739,.F.);
#12832 = ADVANCED_FACE('',(#12833),#5300,.T.);
#12833 = FACE_BOUND('',#12834,.T.);
#12834 = EDGE_LOOP('',(#12835,#12836,#12859,#12880));
#12835 = ORIENTED_EDGE('',*,*,#5285,.T.);
#12836 = ORIENTED_EDGE('',*,*,#12837,.T.);
#12837 = EDGE_CURVE('',#5260,#12838,#12840,.T.);
#12838 = VERTEX_POINT('',#12839);
#12839 = CARTESIAN_POINT('',(67.175,6.24296875,4.6));
#12840 = SURFACE_CURVE('',#12841,(#12845,#12852),.PCURVE_S1.);
#12841 = LINE('',#12842,#12843);
#12842 = CARTESIAN_POINT('',(67.175,6.24296875,3.95));
#12843 = VECTOR('',#12844,1.);
#12844 = DIRECTION('',(0.,0.,1.));
#12845 = PCURVE('',#5300,#12846);
#12846 = DEFINITIONAL_REPRESENTATION('',(#12847),#12851);
#12847 = LINE('',#12848,#12849);
#12848 = CARTESIAN_POINT('',(0.,0.));
#12849 = VECTOR('',#12850,1.);
#12850 = DIRECTION('',(0.,-1.));
#12851 = ( GEOMETRIC_REPRESENTATION_CONTEXT(2) 
PARAMETRIC_REPRESENTATION_CONTEXT() REPRESENTATION_CONTEXT('2D SPACE',''
  ) );
#12852 = PCURVE('',#5274,#12853);
#12853 = DEFINITIONAL_REPRESENTATION('',(#12854),#12858);
#12854 = LINE('',#12855,#12856);
#12855 = CARTESIAN_POINT('',(0.36875,0.));
#12856 = VECTOR('',#12857,1.);
#12857 = DIRECTION('',(0.,-1.));
#12858 = ( GEOMETRIC_REPRESENTATION_CONTEXT(2) 
PARAMETRIC_REPRESENTATION_CONTEXT() REPRESENTATION_CONTEXT('2D SPACE',''
  ) );
#12859 = ORIENTED_EDGE('',*,*,#12860,.T.);
#12860 = EDGE_CURVE('',#12838,#12789,#12861,.T.);
#12861 = SURFACE_CURVE('',#12862,(#12866,#12873),.PCURVE_S1.);
#12862 = LINE('',#12863,#12864);
#12863 = CARTESIAN_POINT('',(67.175,6.24296875,4.6));
#12864 = VECTOR('',#12865,1.);
#12865 = DIRECTION('',(0.,-1.,0.));
#12866 = PCURVE('',#5300,#12867);
#12867 = DEFINITIONAL_REPRESENTATION('',(#12868),#12872);
#12868 = LINE('',#12869,#12870);
#12869 = CARTESIAN_POINT('',(0.,-0.65));
#12870 = VECTOR('',#12871,1.);
#12871 = DIRECTION('',(1.,0.));
#12872 = ( GEOMETRIC_REPRESENTATION_CONTEXT(2) 
PARAMETRIC_REPRESENTATION_CONTEXT() REPRESENTATION_CONTEXT('2D SPACE',''
  ) );
#12873 = PCURVE('',#12604,#12874);
#12874 = DEFINITIONAL_REPRESENTATION('',(#12875),#12879);
#12875 = LINE('',#12876,#12877);
#12876 = CARTESIAN_POINT('',(1.421875,2.3));
#12877 = VECTOR('',#12878,1.);
#12878 = DIRECTION('',(0.,-1.));
#12879 = ( GEOMETRIC_REPRESENTATION_CONTEXT(2) 
PARAMETRIC_REPRESENTATION_CONTEXT() REPRESENTATION_CONTEXT('2D SPACE',''
  ) );
#12880 = ORIENTED_EDGE('',*,*,#12788,.F.);
#12881 = ADVANCED_FACE('',(#12882),#5274,.T.);
#12882 = FACE_BOUND('',#12883,.T.);
#12883 = EDGE_LOOP('',(#12884,#12885,#12908,#12929));
#12884 = ORIENTED_EDGE('',*,*,#5259,.T.);
#12885 = ORIENTED_EDGE('',*,*,#12886,.T.);
#12886 = EDGE_CURVE('',#5234,#12887,#12889,.T.);
#12887 = VERTEX_POINT('',#12888);
#12888 = CARTESIAN_POINT('',(66.80625,6.24296875,4.6));
#12889 = SURFACE_CURVE('',#12890,(#12894,#12901),.PCURVE_S1.);
#12890 = LINE('',#12891,#12892);
#12891 = CARTESIAN_POINT('',(66.80625,6.24296875,3.95));
#12892 = VECTOR('',#12893,1.);
#12893 = DIRECTION('',(0.,0.,1.));
#12894 = PCURVE('',#5274,#12895);
#12895 = DEFINITIONAL_REPRESENTATION('',(#12896),#12900);
#12896 = LINE('',#12897,#12898);
#12897 = CARTESIAN_POINT('',(0.,0.));
#12898 = VECTOR('',#12899,1.);
#12899 = DIRECTION('',(0.,-1.));
#12900 = ( GEOMETRIC_REPRESENTATION_CONTEXT(2) 
PARAMETRIC_REPRESENTATION_CONTEXT() REPRESENTATION_CONTEXT('2D SPACE',''
  ) );
#12901 = PCURVE('',#5248,#12902);
#12902 = DEFINITIONAL_REPRESENTATION('',(#12903),#12907);
#12903 = LINE('',#12904,#12905);
#12904 = CARTESIAN_POINT('',(1.761719269678,0.));
#12905 = VECTOR('',#12906,1.);
#12906 = DIRECTION('',(0.,-1.));
#12907 = ( GEOMETRIC_REPRESENTATION_CONTEXT(2) 
PARAMETRIC_REPRESENTATION_CONTEXT() REPRESENTATION_CONTEXT('2D SPACE',''
  ) );
#12908 = ORIENTED_EDGE('',*,*,#12909,.T.);
#12909 = EDGE_CURVE('',#12887,#12838,#12910,.T.);
#12910 = SURFACE_CURVE('',#12911,(#12915,#12922),.PCURVE_S1.);
#12911 = LINE('',#12912,#12913);
#12912 = CARTESIAN_POINT('',(66.80625,6.24296875,4.6));
#12913 = VECTOR('',#12914,1.);
#12914 = DIRECTION('',(1.,0.,0.));
#12915 = PCURVE('',#5274,#12916);
#12916 = DEFINITIONAL_REPRESENTATION('',(#12917),#12921);
#12917 = LINE('',#12918,#12919);
#12918 = CARTESIAN_POINT('',(0.,-0.65));
#12919 = VECTOR('',#12920,1.);
#12920 = DIRECTION('',(1.,0.));
#12921 = ( GEOMETRIC_REPRESENTATION_CONTEXT(2) 
PARAMETRIC_REPRESENTATION_CONTEXT() REPRESENTATION_CONTEXT('2D SPACE',''
  ) );
#12922 = PCURVE('',#12604,#12923);
#12923 = DEFINITIONAL_REPRESENTATION('',(#12924),#12928);
#12924 = LINE('',#12925,#12926);
#12925 = CARTESIAN_POINT('',(1.053125,2.3));
#12926 = VECTOR('',#12927,1.);
#12927 = DIRECTION('',(1.,0.));
#12928 = ( GEOMETRIC_REPRESENTATION_CONTEXT(2) 
PARAMETRIC_REPRESENTATION_CONTEXT() REPRESENTATION_CONTEXT('2D SPACE',''
  ) );
#12929 = ORIENTED_EDGE('',*,*,#12837,.F.);
#12930 = ADVANCED_FACE('',(#12931),#5248,.T.);
#12931 = FACE_BOUND('',#12932,.T.);
#12932 = EDGE_LOOP('',(#12933,#12934,#12957,#12978));
#12933 = ORIENTED_EDGE('',*,*,#5233,.T.);
#12934 = ORIENTED_EDGE('',*,*,#12935,.T.);
#12935 = EDGE_CURVE('',#5208,#12936,#12938,.T.);
#12936 = VERTEX_POINT('',#12937);
#12937 = CARTESIAN_POINT('',(65.8125,4.78828125,4.6));
#12938 = SURFACE_CURVE('',#12939,(#12943,#12950),.PCURVE_S1.);
#12939 = LINE('',#12940,#12941);
#12940 = CARTESIAN_POINT('',(65.8125,4.78828125,3.95));
#12941 = VECTOR('',#12942,1.);
#12942 = DIRECTION('',(0.,0.,1.));
#12943 = PCURVE('',#5248,#12944);
#12944 = DEFINITIONAL_REPRESENTATION('',(#12945),#12949);
#12945 = LINE('',#12946,#12947);
#12946 = CARTESIAN_POINT('',(0.,0.));
#12947 = VECTOR('',#12948,1.);
#12948 = DIRECTION('',(0.,-1.));
#12949 = ( GEOMETRIC_REPRESENTATION_CONTEXT(2) 
PARAMETRIC_REPRESENTATION_CONTEXT() REPRESENTATION_CONTEXT('2D SPACE',''
  ) );
#12950 = PCURVE('',#5222,#12951);
#12951 = DEFINITIONAL_REPRESENTATION('',(#12952),#12956);
#12952 = LINE('',#12953,#12954);
#12953 = CARTESIAN_POINT('',(0.384375,0.));
#12954 = VECTOR('',#12955,1.);
#12955 = DIRECTION('',(0.,-1.));
#12956 = ( GEOMETRIC_REPRESENTATION_CONTEXT(2) 
PARAMETRIC_REPRESENTATION_CONTEXT() REPRESENTATION_CONTEXT('2D SPACE',''
  ) );
#12957 = ORIENTED_EDGE('',*,*,#12958,.T.);
#12958 = EDGE_CURVE('',#12936,#12887,#12959,.T.);
#12959 = SURFACE_CURVE('',#12960,(#12964,#12971),.PCURVE_S1.);
#12960 = LINE('',#12961,#12962);
#12961 = CARTESIAN_POINT('',(65.8125,4.78828125,4.6));
#12962 = VECTOR('',#12963,1.);
#12963 = DIRECTION('',(0.564079656222,0.825720377268,0.));
#12964 = PCURVE('',#5248,#12965);
#12965 = DEFINITIONAL_REPRESENTATION('',(#12966),#12970);
#12966 = LINE('',#12967,#12968);
#12967 = CARTESIAN_POINT('',(0.,-0.65));
#12968 = VECTOR('',#12969,1.);
#12969 = DIRECTION('',(1.,0.));
#12970 = ( GEOMETRIC_REPRESENTATION_CONTEXT(2) 
PARAMETRIC_REPRESENTATION_CONTEXT() REPRESENTATION_CONTEXT('2D SPACE',''
  ) );
#12971 = PCURVE('',#12604,#12972);
#12972 = DEFINITIONAL_REPRESENTATION('',(#12973),#12977);
#12973 = LINE('',#12974,#12975);
#12974 = CARTESIAN_POINT('',(5.9375E-02,0.8453125));
#12975 = VECTOR('',#12976,1.);
#12976 = DIRECTION('',(0.564079656222,0.825720377268));
#12977 = ( GEOMETRIC_REPRESENTATION_CONTEXT(2) 
PARAMETRIC_REPRESENTATION_CONTEXT() REPRESENTATION_CONTEXT('2D SPACE',''
  ) );
#12978 = ORIENTED_EDGE('',*,*,#12886,.F.);
#12979 = ADVANCED_FACE('',(#12980),#5222,.T.);
#12980 = FACE_BOUND('',#12981,.T.);
#12981 = EDGE_LOOP('',(#12982,#12983,#13006,#13027));
#12982 = ORIENTED_EDGE('',*,*,#5207,.T.);
#12983 = ORIENTED_EDGE('',*,*,#12984,.T.);
#12984 = EDGE_CURVE('',#5182,#12985,#12987,.T.);
#12985 = VERTEX_POINT('',#12986);
#12986 = CARTESIAN_POINT('',(65.8125,4.40390625,4.6));
#12987 = SURFACE_CURVE('',#12988,(#12992,#12999),.PCURVE_S1.);
#12988 = LINE('',#12989,#12990);
#12989 = CARTESIAN_POINT('',(65.8125,4.40390625,3.95));
#12990 = VECTOR('',#12991,1.);
#12991 = DIRECTION('',(0.,0.,1.));
#12992 = PCURVE('',#5222,#12993);
#12993 = DEFINITIONAL_REPRESENTATION('',(#12994),#12998);
#12994 = LINE('',#12995,#12996);
#12995 = CARTESIAN_POINT('',(0.,0.));
#12996 = VECTOR('',#12997,1.);
#12997 = DIRECTION('',(0.,-1.));
#12998 = ( GEOMETRIC_REPRESENTATION_CONTEXT(2) 
PARAMETRIC_REPRESENTATION_CONTEXT() REPRESENTATION_CONTEXT('2D SPACE',''
  ) );
#12999 = PCURVE('',#5196,#13000);
#13000 = DEFINITIONAL_REPRESENTATION('',(#13001),#13005);
#13001 = LINE('',#13002,#13003);
#13002 = CARTESIAN_POINT('',(0.9375,0.));
#13003 = VECTOR('',#13004,1.);
#13004 = DIRECTION('',(0.,-1.));
#13005 = ( GEOMETRIC_REPRESENTATION_CONTEXT(2) 
PARAMETRIC_REPRESENTATION_CONTEXT() REPRESENTATION_CONTEXT('2D SPACE',''
  ) );
#13006 = ORIENTED_EDGE('',*,*,#13007,.T.);
#13007 = EDGE_CURVE('',#12985,#12936,#13008,.T.);
#13008 = SURFACE_CURVE('',#13009,(#13013,#13020),.PCURVE_S1.);
#13009 = LINE('',#13010,#13011);
#13010 = CARTESIAN_POINT('',(65.8125,4.40390625,4.6));
#13011 = VECTOR('',#13012,1.);
#13012 = DIRECTION('',(0.,1.,0.));
#13013 = PCURVE('',#5222,#13014);
#13014 = DEFINITIONAL_REPRESENTATION('',(#13015),#13019);
#13015 = LINE('',#13016,#13017);
#13016 = CARTESIAN_POINT('',(0.,-0.65));
#13017 = VECTOR('',#13018,1.);
#13018 = DIRECTION('',(1.,0.));
#13019 = ( GEOMETRIC_REPRESENTATION_CONTEXT(2) 
PARAMETRIC_REPRESENTATION_CONTEXT() REPRESENTATION_CONTEXT('2D SPACE',''
  ) );
#13020 = PCURVE('',#12604,#13021);
#13021 = DEFINITIONAL_REPRESENTATION('',(#13022),#13026);
#13022 = LINE('',#13023,#13024);
#13023 = CARTESIAN_POINT('',(5.9375E-02,0.4609375));
#13024 = VECTOR('',#13025,1.);
#13025 = DIRECTION('',(0.,1.));
#13026 = ( GEOMETRIC_REPRESENTATION_CONTEXT(2) 
PARAMETRIC_REPRESENTATION_CONTEXT() REPRESENTATION_CONTEXT('2D SPACE',''
  ) );
#13027 = ORIENTED_EDGE('',*,*,#12935,.F.);
#13028 = ADVANCED_FACE('',(#13029),#5196,.T.);
#13029 = FACE_BOUND('',#13030,.T.);
#13030 = EDGE_LOOP('',(#13031,#13032,#13055,#13076));
#13031 = ORIENTED_EDGE('',*,*,#5181,.T.);
#13032 = ORIENTED_EDGE('',*,*,#13033,.T.);
#13033 = EDGE_CURVE('',#5156,#13034,#13036,.T.);
#13034 = VERTEX_POINT('',#13035);
#13035 = CARTESIAN_POINT('',(66.75,4.40390625,4.6));
#13036 = SURFACE_CURVE('',#13037,(#13041,#13048),.PCURVE_S1.);
#13037 = LINE('',#13038,#13039);
#13038 = CARTESIAN_POINT('',(66.75,4.40390625,3.95));
#13039 = VECTOR('',#13040,1.);
#13040 = DIRECTION('',(0.,0.,1.));
#13041 = PCURVE('',#5196,#13042);
#13042 = DEFINITIONAL_REPRESENTATION('',(#13043),#13047);
#13043 = LINE('',#13044,#13045);
#13044 = CARTESIAN_POINT('',(0.,-0.));
#13045 = VECTOR('',#13046,1.);
#13046 = DIRECTION('',(0.,-1.));
#13047 = ( GEOMETRIC_REPRESENTATION_CONTEXT(2) 
PARAMETRIC_REPRESENTATION_CONTEXT() REPRESENTATION_CONTEXT('2D SPACE',''
  ) );
#13048 = PCURVE('',#5170,#13049);
#13049 = DEFINITIONAL_REPRESENTATION('',(#13050),#13054);
#13050 = LINE('',#13051,#13052);
#13051 = CARTESIAN_POINT('',(0.4609375,0.));
#13052 = VECTOR('',#13053,1.);
#13053 = DIRECTION('',(0.,-1.));
#13054 = ( GEOMETRIC_REPRESENTATION_CONTEXT(2) 
PARAMETRIC_REPRESENTATION_CONTEXT() REPRESENTATION_CONTEXT('2D SPACE',''
  ) );
#13055 = ORIENTED_EDGE('',*,*,#13056,.T.);
#13056 = EDGE_CURVE('',#13034,#12985,#13057,.T.);
#13057 = SURFACE_CURVE('',#13058,(#13062,#13069),.PCURVE_S1.);
#13058 = LINE('',#13059,#13060);
#13059 = CARTESIAN_POINT('',(66.75,4.40390625,4.6));
#13060 = VECTOR('',#13061,1.);
#13061 = DIRECTION('',(-1.,0.,0.));
#13062 = PCURVE('',#5196,#13063);
#13063 = DEFINITIONAL_REPRESENTATION('',(#13064),#13068);
#13064 = LINE('',#13065,#13066);
#13065 = CARTESIAN_POINT('',(0.,-0.65));
#13066 = VECTOR('',#13067,1.);
#13067 = DIRECTION('',(1.,0.));
#13068 = ( GEOMETRIC_REPRESENTATION_CONTEXT(2) 
PARAMETRIC_REPRESENTATION_CONTEXT() REPRESENTATION_CONTEXT('2D SPACE',''
  ) );
#13069 = PCURVE('',#12604,#13070);
#13070 = DEFINITIONAL_REPRESENTATION('',(#13071),#13075);
#13071 = LINE('',#13072,#13073);
#13072 = CARTESIAN_POINT('',(0.996875,0.4609375));
#13073 = VECTOR('',#13074,1.);
#13074 = DIRECTION('',(-1.,0.));
#13075 = ( GEOMETRIC_REPRESENTATION_CONTEXT(2) 
PARAMETRIC_REPRESENTATION_CONTEXT() REPRESENTATION_CONTEXT('2D SPACE',''
  ) );
#13076 = ORIENTED_EDGE('',*,*,#12984,.F.);
#13077 = ADVANCED_FACE('',(#13078),#5170,.T.);
#13078 = FACE_BOUND('',#13079,.T.);
#13079 = EDGE_LOOP('',(#13080,#13081,#13082,#13103));
#13080 = ORIENTED_EDGE('',*,*,#5155,.T.);
#13081 = ORIENTED_EDGE('',*,*,#12616,.T.);
#13082 = ORIENTED_EDGE('',*,*,#13083,.T.);
#13083 = EDGE_CURVE('',#12589,#13034,#13084,.T.);
#13084 = SURFACE_CURVE('',#13085,(#13089,#13096),.PCURVE_S1.);
#13085 = LINE('',#13086,#13087);
#13086 = CARTESIAN_POINT('',(66.75,3.94296875,4.6));
#13087 = VECTOR('',#13088,1.);
#13088 = DIRECTION('',(0.,1.,0.));
#13089 = PCURVE('',#5170,#13090);
#13090 = DEFINITIONAL_REPRESENTATION('',(#13091),#13095);
#13091 = LINE('',#13092,#13093);
#13092 = CARTESIAN_POINT('',(0.,-0.65));
#13093 = VECTOR('',#13094,1.);
#13094 = DIRECTION('',(1.,0.));
#13095 = ( GEOMETRIC_REPRESENTATION_CONTEXT(2) 
PARAMETRIC_REPRESENTATION_CONTEXT() REPRESENTATION_CONTEXT('2D SPACE',''
  ) );
#13096 = PCURVE('',#12604,#13097);
#13097 = DEFINITIONAL_REPRESENTATION('',(#13098),#13102);
#13098 = LINE('',#13099,#13100);
#13099 = CARTESIAN_POINT('',(0.996875,0.));
#13100 = VECTOR('',#13101,1.);
#13101 = DIRECTION('',(0.,1.));
#13102 = ( GEOMETRIC_REPRESENTATION_CONTEXT(2) 
PARAMETRIC_REPRESENTATION_CONTEXT() REPRESENTATION_CONTEXT('2D SPACE',''
  ) );
#13103 = ORIENTED_EDGE('',*,*,#13033,.F.);
#13104 = ADVANCED_FACE('',(#13105),#5447,.T.);
#13105 = FACE_BOUND('',#13106,.T.);
#13106 = EDGE_LOOP('',(#13107,#13108,#13131,#13159));
#13107 = ORIENTED_EDGE('',*,*,#5415,.T.);
#13108 = ORIENTED_EDGE('',*,*,#13109,.T.);
#13109 = EDGE_CURVE('',#5418,#13110,#13112,.T.);
#13110 = VERTEX_POINT('',#13111);
#13111 = CARTESIAN_POINT('',(69.3,6.24296875,4.6));
#13112 = SURFACE_CURVE('',#13113,(#13117,#13124),.PCURVE_S1.);
#13113 = LINE('',#13114,#13115);
#13114 = CARTESIAN_POINT('',(69.3,6.24296875,3.95));
#13115 = VECTOR('',#13116,1.);
#13116 = DIRECTION('',(0.,0.,1.));
#13117 = PCURVE('',#5447,#13118);
#13118 = DEFINITIONAL_REPRESENTATION('',(#13119),#13123);
#13119 = LINE('',#13120,#13121);
#13120 = CARTESIAN_POINT('',(0.,0.));
#13121 = VECTOR('',#13122,1.);
#13122 = DIRECTION('',(0.,-1.));
#13123 = ( GEOMETRIC_REPRESENTATION_CONTEXT(2) 
PARAMETRIC_REPRESENTATION_CONTEXT() REPRESENTATION_CONTEXT('2D SPACE',''
  ) );
#13124 = PCURVE('',#5826,#13125);
#13125 = DEFINITIONAL_REPRESENTATION('',(#13126),#13130);
#13126 = LINE('',#13127,#13128);
#13127 = CARTESIAN_POINT('',(1.,0.));
#13128 = VECTOR('',#13129,1.);
#13129 = DIRECTION('',(0.,-1.));
#13130 = ( GEOMETRIC_REPRESENTATION_CONTEXT(2) 
PARAMETRIC_REPRESENTATION_CONTEXT() REPRESENTATION_CONTEXT('2D SPACE',''
  ) );
#13131 = ORIENTED_EDGE('',*,*,#13132,.T.);
#13132 = EDGE_CURVE('',#13110,#13133,#13135,.T.);
#13133 = VERTEX_POINT('',#13134);
#13134 = CARTESIAN_POINT('',(69.8203125,6.00546875,4.6));
#13135 = SURFACE_CURVE('',#13136,(#13140,#13147),.PCURVE_S1.);
#13136 = B_SPLINE_CURVE_WITH_KNOTS('',2,(#13137,#13138,#13139),
  .UNSPECIFIED.,.F.,.F.,(3,3),(0.,1.),.PIECEWISE_BEZIER_KNOTS.);
#13137 = CARTESIAN_POINT('',(69.3,6.24296875,4.6));
#13138 = CARTESIAN_POINT('',(69.6328125,6.24296875,4.6));
#13139 = CARTESIAN_POINT('',(69.8203125,6.00546875,4.6));
#13140 = PCURVE('',#5447,#13141);
#13141 = DEFINITIONAL_REPRESENTATION('',(#13142),#13146);
#13142 = LINE('',#13143,#13144);
#13143 = CARTESIAN_POINT('',(0.,-0.65));
#13144 = VECTOR('',#13145,1.);
#13145 = DIRECTION('',(1.,0.));
#13146 = ( GEOMETRIC_REPRESENTATION_CONTEXT(2) 
PARAMETRIC_REPRESENTATION_CONTEXT() REPRESENTATION_CONTEXT('2D SPACE',''
  ) );
#13147 = PCURVE('',#13148,#13153);
#13148 = PLANE('',#13149);
#13149 = AXIS2_PLACEMENT_3D('',#13150,#13151,#13152);
#13150 = CARTESIAN_POINT('',(68.421875,3.94296875,4.6));
#13151 = DIRECTION('',(0.,0.,1.));
#13152 = DIRECTION('',(1.,0.,0.));
#13153 = DEFINITIONAL_REPRESENTATION('',(#13154),#13158);
#13154 = B_SPLINE_CURVE_WITH_KNOTS('',2,(#13155,#13156,#13157),
  .UNSPECIFIED.,.F.,.F.,(3,3),(0.,1.),.PIECEWISE_BEZIER_KNOTS.);
#13155 = CARTESIAN_POINT('',(0.878125,2.3));
#13156 = CARTESIAN_POINT('',(1.2109375,2.3));
#13157 = CARTESIAN_POINT('',(1.3984375,2.0625));
#13158 = ( GEOMETRIC_REPRESENTATION_CONTEXT(2) 
PARAMETRIC_REPRESENTATION_CONTEXT() REPRESENTATION_CONTEXT('2D SPACE',''
  ) );
#13159 = ORIENTED_EDGE('',*,*,#13160,.F.);
#13160 = EDGE_CURVE('',#5416,#13133,#13161,.T.);
#13161 = SURFACE_CURVE('',#13162,(#13166,#13173),.PCURVE_S1.);
#13162 = LINE('',#13163,#13164);
#13163 = CARTESIAN_POINT('',(69.8203125,6.00546875,3.95));
#13164 = VECTOR('',#13165,1.);
#13165 = DIRECTION('',(0.,0.,1.));
#13166 = PCURVE('',#5447,#13167);
#13167 = DEFINITIONAL_REPRESENTATION('',(#13168),#13172);
#13168 = LINE('',#13169,#13170);
#13169 = CARTESIAN_POINT('',(1.,0.));
#13170 = VECTOR('',#13171,1.);
#13171 = DIRECTION('',(0.,-1.));
#13172 = ( GEOMETRIC_REPRESENTATION_CONTEXT(2) 
PARAMETRIC_REPRESENTATION_CONTEXT() REPRESENTATION_CONTEXT('2D SPACE',''
  ) );
#13173 = PCURVE('',#5502,#13174);
#13174 = DEFINITIONAL_REPRESENTATION('',(#13175),#13179);
#13175 = LINE('',#13176,#13177);
#13176 = CARTESIAN_POINT('',(0.,0.));
#13177 = VECTOR('',#13178,1.);
#13178 = DIRECTION('',(0.,-1.));
#13179 = ( GEOMETRIC_REPRESENTATION_CONTEXT(2) 
PARAMETRIC_REPRESENTATION_CONTEXT() REPRESENTATION_CONTEXT('2D SPACE',''
  ) );
#13180 = ADVANCED_FACE('',(#13181),#5826,.T.);
#13181 = FACE_BOUND('',#13182,.T.);
#13182 = EDGE_LOOP('',(#13183,#13184,#13207,#13228));
#13183 = ORIENTED_EDGE('',*,*,#5798,.T.);
#13184 = ORIENTED_EDGE('',*,*,#13185,.T.);
#13185 = EDGE_CURVE('',#5742,#13186,#13188,.T.);
#13186 = VERTEX_POINT('',#13187);
#13187 = CARTESIAN_POINT('',(68.78125,6.00859375,4.6));
#13188 = SURFACE_CURVE('',#13189,(#13193,#13200),.PCURVE_S1.);
#13189 = LINE('',#13190,#13191);
#13190 = CARTESIAN_POINT('',(68.78125,6.00859375,3.95));
#13191 = VECTOR('',#13192,1.);
#13192 = DIRECTION('',(0.,0.,1.));
#13193 = PCURVE('',#5826,#13194);
#13194 = DEFINITIONAL_REPRESENTATION('',(#13195),#13199);
#13195 = LINE('',#13196,#13197);
#13196 = CARTESIAN_POINT('',(0.,0.));
#13197 = VECTOR('',#13198,1.);
#13198 = DIRECTION('',(0.,-1.));
#13199 = ( GEOMETRIC_REPRESENTATION_CONTEXT(2) 
PARAMETRIC_REPRESENTATION_CONTEXT() REPRESENTATION_CONTEXT('2D SPACE',''
  ) );
#13200 = PCURVE('',#5775,#13201);
#13201 = DEFINITIONAL_REPRESENTATION('',(#13202),#13206);
#13202 = LINE('',#13203,#13204);
#13203 = CARTESIAN_POINT('',(1.,0.));
#13204 = VECTOR('',#13205,1.);
#13205 = DIRECTION('',(0.,-1.));
#13206 = ( GEOMETRIC_REPRESENTATION_CONTEXT(2) 
PARAMETRIC_REPRESENTATION_CONTEXT() REPRESENTATION_CONTEXT('2D SPACE',''
  ) );
#13207 = ORIENTED_EDGE('',*,*,#13208,.T.);
#13208 = EDGE_CURVE('',#13186,#13110,#13209,.T.);
#13209 = SURFACE_CURVE('',#13210,(#13214,#13221),.PCURVE_S1.);
#13210 = B_SPLINE_CURVE_WITH_KNOTS('',2,(#13211,#13212,#13213),
  .UNSPECIFIED.,.F.,.F.,(3,3),(0.,1.),.PIECEWISE_BEZIER_KNOTS.);
#13211 = CARTESIAN_POINT('',(68.78125,6.00859375,4.6));
#13212 = CARTESIAN_POINT('',(68.9671875,6.24296875,4.6));
#13213 = CARTESIAN_POINT('',(69.3,6.24296875,4.6));
#13214 = PCURVE('',#5826,#13215);
#13215 = DEFINITIONAL_REPRESENTATION('',(#13216),#13220);
#13216 = LINE('',#13217,#13218);
#13217 = CARTESIAN_POINT('',(0.,-0.65));
#13218 = VECTOR('',#13219,1.);
#13219 = DIRECTION('',(1.,0.));
#13220 = ( GEOMETRIC_REPRESENTATION_CONTEXT(2) 
PARAMETRIC_REPRESENTATION_CONTEXT() REPRESENTATION_CONTEXT('2D SPACE',''
  ) );
#13221 = PCURVE('',#13148,#13222);
#13222 = DEFINITIONAL_REPRESENTATION('',(#13223),#13227);
#13223 = B_SPLINE_CURVE_WITH_KNOTS('',2,(#13224,#13225,#13226),
  .UNSPECIFIED.,.F.,.F.,(3,3),(0.,1.),.PIECEWISE_BEZIER_KNOTS.);
#13224 = CARTESIAN_POINT('',(0.359375,2.065625));
#13225 = CARTESIAN_POINT('',(0.5453125,2.3));
#13226 = CARTESIAN_POINT('',(0.878125,2.3));
#13227 = ( GEOMETRIC_REPRESENTATION_CONTEXT(2) 
PARAMETRIC_REPRESENTATION_CONTEXT() REPRESENTATION_CONTEXT('2D SPACE',''
  ) );
#13228 = ORIENTED_EDGE('',*,*,#13109,.F.);
#13229 = ADVANCED_FACE('',(#13230),#5775,.T.);
#13230 = FACE_BOUND('',#13231,.T.);
#13231 = EDGE_LOOP('',(#13232,#13233,#13256,#13277));
#13232 = ORIENTED_EDGE('',*,*,#5741,.T.);
#13233 = ORIENTED_EDGE('',*,*,#13234,.T.);
#13234 = EDGE_CURVE('',#5685,#13235,#13237,.T.);
#13235 = VERTEX_POINT('',#13236);
#13236 = CARTESIAN_POINT('',(68.55625,5.07734375,4.6));
#13237 = SURFACE_CURVE('',#13238,(#13242,#13249),.PCURVE_S1.);
#13238 = LINE('',#13239,#13240);
#13239 = CARTESIAN_POINT('',(68.55625,5.07734375,3.95));
#13240 = VECTOR('',#13241,1.);
#13241 = DIRECTION('',(0.,0.,1.));
#13242 = PCURVE('',#5775,#13243);
#13243 = DEFINITIONAL_REPRESENTATION('',(#13244),#13248);
#13244 = LINE('',#13245,#13246);
#13245 = CARTESIAN_POINT('',(0.,0.));
#13246 = VECTOR('',#13247,1.);
#13247 = DIRECTION('',(0.,-1.));
#13248 = ( GEOMETRIC_REPRESENTATION_CONTEXT(2) 
PARAMETRIC_REPRESENTATION_CONTEXT() REPRESENTATION_CONTEXT('2D SPACE',''
  ) );
#13249 = PCURVE('',#5718,#13250);
#13250 = DEFINITIONAL_REPRESENTATION('',(#13251),#13255);
#13251 = LINE('',#13252,#13253);
#13252 = CARTESIAN_POINT('',(1.,0.));
#13253 = VECTOR('',#13254,1.);
#13254 = DIRECTION('',(0.,-1.));
#13255 = ( GEOMETRIC_REPRESENTATION_CONTEXT(2) 
PARAMETRIC_REPRESENTATION_CONTEXT() REPRESENTATION_CONTEXT('2D SPACE',''
  ) );
#13256 = ORIENTED_EDGE('',*,*,#13257,.T.);
#13257 = EDGE_CURVE('',#13235,#13186,#13258,.T.);
#13258 = SURFACE_CURVE('',#13259,(#13263,#13270),.PCURVE_S1.);
#13259 = B_SPLINE_CURVE_WITH_KNOTS('',2,(#13260,#13261,#13262),
  .UNSPECIFIED.,.F.,.F.,(3,3),(0.,1.),.PIECEWISE_BEZIER_KNOTS.);
#13260 = CARTESIAN_POINT('',(68.55625,5.07734375,4.6));
#13261 = CARTESIAN_POINT('',(68.55625,5.72421875,4.6));
#13262 = CARTESIAN_POINT('',(68.78125,6.00859375,4.6));
#13263 = PCURVE('',#5775,#13264);
#13264 = DEFINITIONAL_REPRESENTATION('',(#13265),#13269);
#13265 = LINE('',#13266,#13267);
#13266 = CARTESIAN_POINT('',(0.,-0.65));
#13267 = VECTOR('',#13268,1.);
#13268 = DIRECTION('',(1.,0.));
#13269 = ( GEOMETRIC_REPRESENTATION_CONTEXT(2) 
PARAMETRIC_REPRESENTATION_CONTEXT() REPRESENTATION_CONTEXT('2D SPACE',''
  ) );
#13270 = PCURVE('',#13148,#13271);
#13271 = DEFINITIONAL_REPRESENTATION('',(#13272),#13276);
#13272 = B_SPLINE_CURVE_WITH_KNOTS('',2,(#13273,#13274,#13275),
  .UNSPECIFIED.,.F.,.F.,(3,3),(0.,1.),.PIECEWISE_BEZIER_KNOTS.);
#13273 = CARTESIAN_POINT('',(0.134375,1.134375));
#13274 = CARTESIAN_POINT('',(0.134375,1.78125));
#13275 = CARTESIAN_POINT('',(0.359375,2.065625));
#13276 = ( GEOMETRIC_REPRESENTATION_CONTEXT(2) 
PARAMETRIC_REPRESENTATION_CONTEXT() REPRESENTATION_CONTEXT('2D SPACE',''
  ) );
#13277 = ORIENTED_EDGE('',*,*,#13185,.F.);
#13278 = ADVANCED_FACE('',(#13279),#5718,.T.);
#13279 = FACE_BOUND('',#13280,.T.);
#13280 = EDGE_LOOP('',(#13281,#13282,#13305,#13326));
#13281 = ORIENTED_EDGE('',*,*,#5684,.T.);
#13282 = ORIENTED_EDGE('',*,*,#13283,.T.);
#13283 = EDGE_CURVE('',#5634,#13284,#13286,.T.);
#13284 = VERTEX_POINT('',#13285);
#13285 = CARTESIAN_POINT('',(68.7609375,4.1609375,4.6));
#13286 = SURFACE_CURVE('',#13287,(#13291,#13298),.PCURVE_S1.);
#13287 = LINE('',#13288,#13289);
#13288 = CARTESIAN_POINT('',(68.7609375,4.1609375,3.95));
#13289 = VECTOR('',#13290,1.);
#13290 = DIRECTION('',(0.,0.,1.));
#13291 = PCURVE('',#5718,#13292);
#13292 = DEFINITIONAL_REPRESENTATION('',(#13293),#13297);
#13293 = LINE('',#13294,#13295);
#13294 = CARTESIAN_POINT('',(0.,0.));
#13295 = VECTOR('',#13296,1.);
#13296 = DIRECTION('',(0.,-1.));
#13297 = ( GEOMETRIC_REPRESENTATION_CONTEXT(2) 
PARAMETRIC_REPRESENTATION_CONTEXT() REPRESENTATION_CONTEXT('2D SPACE',''
  ) );
#13298 = PCURVE('',#5663,#13299);
#13299 = DEFINITIONAL_REPRESENTATION('',(#13300),#13304);
#13300 = LINE('',#13301,#13302);
#13301 = CARTESIAN_POINT('',(1.,0.));
#13302 = VECTOR('',#13303,1.);
#13303 = DIRECTION('',(0.,-1.));
#13304 = ( GEOMETRIC_REPRESENTATION_CONTEXT(2) 
PARAMETRIC_REPRESENTATION_CONTEXT() REPRESENTATION_CONTEXT('2D SPACE',''
  ) );
#13305 = ORIENTED_EDGE('',*,*,#13306,.T.);
#13306 = EDGE_CURVE('',#13284,#13235,#13307,.T.);
#13307 = SURFACE_CURVE('',#13308,(#13312,#13319),.PCURVE_S1.);
#13308 = B_SPLINE_CURVE_WITH_KNOTS('',2,(#13309,#13310,#13311),
  .UNSPECIFIED.,.F.,.F.,(3,3),(0.,1.),.PIECEWISE_BEZIER_KNOTS.);
#13309 = CARTESIAN_POINT('',(68.7609375,4.1609375,4.6));
#13310 = CARTESIAN_POINT('',(68.55625,4.41796875,4.6));
#13311 = CARTESIAN_POINT('',(68.55625,5.07734375,4.6));
#13312 = PCURVE('',#5718,#13313);
#13313 = DEFINITIONAL_REPRESENTATION('',(#13314),#13318);
#13314 = LINE('',#13315,#13316);
#13315 = CARTESIAN_POINT('',(0.,-0.65));
#13316 = VECTOR('',#13317,1.);
#13317 = DIRECTION('',(1.,0.));
#13318 = ( GEOMETRIC_REPRESENTATION_CONTEXT(2) 
PARAMETRIC_REPRESENTATION_CONTEXT() REPRESENTATION_CONTEXT('2D SPACE',''
  ) );
#13319 = PCURVE('',#13148,#13320);
#13320 = DEFINITIONAL_REPRESENTATION('',(#13321),#13325);
#13321 = B_SPLINE_CURVE_WITH_KNOTS('',2,(#13322,#13323,#13324),
  .UNSPECIFIED.,.F.,.F.,(3,3),(0.,1.),.PIECEWISE_BEZIER_KNOTS.);
#13322 = CARTESIAN_POINT('',(0.3390625,0.21796875));
#13323 = CARTESIAN_POINT('',(0.134375,0.475));
#13324 = CARTESIAN_POINT('',(0.134375,1.134375));
#13325 = ( GEOMETRIC_REPRESENTATION_CONTEXT(2) 
PARAMETRIC_REPRESENTATION_CONTEXT() REPRESENTATION_CONTEXT('2D SPACE',''
  ) );
#13326 = ORIENTED_EDGE('',*,*,#13234,.F.);
#13327 = ADVANCED_FACE('',(#13328),#5663,.T.);
#13328 = FACE_BOUND('',#13329,.T.);
#13329 = EDGE_LOOP('',(#13330,#13331,#13354,#13375));
#13330 = ORIENTED_EDGE('',*,*,#5633,.T.);
#13331 = ORIENTED_EDGE('',*,*,#13332,.T.);
#13332 = EDGE_CURVE('',#5583,#13333,#13335,.T.);
#13333 = VERTEX_POINT('',#13334);
#13334 = CARTESIAN_POINT('',(69.3,3.90390625,4.6));
#13335 = SURFACE_CURVE('',#13336,(#13340,#13347),.PCURVE_S1.);
#13336 = LINE('',#13337,#13338);
#13337 = CARTESIAN_POINT('',(69.3,3.90390625,3.95));
#13338 = VECTOR('',#13339,1.);
#13339 = DIRECTION('',(0.,0.,1.));
#13340 = PCURVE('',#5663,#13341);
#13341 = DEFINITIONAL_REPRESENTATION('',(#13342),#13346);
#13342 = LINE('',#13343,#13344);
#13343 = CARTESIAN_POINT('',(0.,0.));
#13344 = VECTOR('',#13345,1.);
#13345 = DIRECTION('',(0.,-1.));
#13346 = ( GEOMETRIC_REPRESENTATION_CONTEXT(2) 
PARAMETRIC_REPRESENTATION_CONTEXT() REPRESENTATION_CONTEXT('2D SPACE',''
  ) );
#13347 = PCURVE('',#5612,#13348);
#13348 = DEFINITIONAL_REPRESENTATION('',(#13349),#13353);
#13349 = LINE('',#13350,#13351);
#13350 = CARTESIAN_POINT('',(1.,0.));
#13351 = VECTOR('',#13352,1.);
#13352 = DIRECTION('',(0.,-1.));
#13353 = ( GEOMETRIC_REPRESENTATION_CONTEXT(2) 
PARAMETRIC_REPRESENTATION_CONTEXT() REPRESENTATION_CONTEXT('2D SPACE',''
  ) );
#13354 = ORIENTED_EDGE('',*,*,#13355,.T.);
#13355 = EDGE_CURVE('',#13333,#13284,#13356,.T.);
#13356 = SURFACE_CURVE('',#13357,(#13361,#13368),.PCURVE_S1.);
#13357 = B_SPLINE_CURVE_WITH_KNOTS('',2,(#13358,#13359,#13360),
  .UNSPECIFIED.,.F.,.F.,(3,3),(0.,1.),.PIECEWISE_BEZIER_KNOTS.);
#13358 = CARTESIAN_POINT('',(69.3,3.90390625,4.6));
#13359 = CARTESIAN_POINT('',(68.965625,3.90390625,4.6));
#13360 = CARTESIAN_POINT('',(68.7609375,4.1609375,4.6));
#13361 = PCURVE('',#5663,#13362);
#13362 = DEFINITIONAL_REPRESENTATION('',(#13363),#13367);
#13363 = LINE('',#13364,#13365);
#13364 = CARTESIAN_POINT('',(0.,-0.65));
#13365 = VECTOR('',#13366,1.);
#13366 = DIRECTION('',(1.,0.));
#13367 = ( GEOMETRIC_REPRESENTATION_CONTEXT(2) 
PARAMETRIC_REPRESENTATION_CONTEXT() REPRESENTATION_CONTEXT('2D SPACE',''
  ) );
#13368 = PCURVE('',#13148,#13369);
#13369 = DEFINITIONAL_REPRESENTATION('',(#13370),#13374);
#13370 = B_SPLINE_CURVE_WITH_KNOTS('',2,(#13371,#13372,#13373),
  .UNSPECIFIED.,.F.,.F.,(3,3),(0.,1.),.PIECEWISE_BEZIER_KNOTS.);
#13371 = CARTESIAN_POINT('',(0.878125,-3.90625E-02));
#13372 = CARTESIAN_POINT('',(0.54375,-3.90625E-02));
#13373 = CARTESIAN_POINT('',(0.3390625,0.21796875));
#13374 = ( GEOMETRIC_REPRESENTATION_CONTEXT(2) 
PARAMETRIC_REPRESENTATION_CONTEXT() REPRESENTATION_CONTEXT('2D SPACE',''
  ) );
#13375 = ORIENTED_EDGE('',*,*,#13283,.F.);
#13376 = ADVANCED_FACE('',(#13377),#5612,.T.);
#13377 = FACE_BOUND('',#13378,.T.);
#13378 = EDGE_LOOP('',(#13379,#13380,#13403,#13424));
#13379 = ORIENTED_EDGE('',*,*,#5582,.T.);
#13380 = ORIENTED_EDGE('',*,*,#13381,.T.);
#13381 = EDGE_CURVE('',#5526,#13382,#13384,.T.);
#13382 = VERTEX_POINT('',#13383);
#13383 = CARTESIAN_POINT('',(69.81875,4.13828125,4.6));
#13384 = SURFACE_CURVE('',#13385,(#13389,#13396),.PCURVE_S1.);
#13385 = LINE('',#13386,#13387);
#13386 = CARTESIAN_POINT('',(69.81875,4.13828125,3.95));
#13387 = VECTOR('',#13388,1.);
#13388 = DIRECTION('',(0.,0.,1.));
#13389 = PCURVE('',#5612,#13390);
#13390 = DEFINITIONAL_REPRESENTATION('',(#13391),#13395);
#13391 = LINE('',#13392,#13393);
#13392 = CARTESIAN_POINT('',(0.,0.));
#13393 = VECTOR('',#13394,1.);
#13394 = DIRECTION('',(0.,-1.));
#13395 = ( GEOMETRIC_REPRESENTATION_CONTEXT(2) 
PARAMETRIC_REPRESENTATION_CONTEXT() REPRESENTATION_CONTEXT('2D SPACE',''
  ) );
#13396 = PCURVE('',#5559,#13397);
#13397 = DEFINITIONAL_REPRESENTATION('',(#13398),#13402);
#13398 = LINE('',#13399,#13400);
#13399 = CARTESIAN_POINT('',(1.,0.));
#13400 = VECTOR('',#13401,1.);
#13401 = DIRECTION('',(0.,-1.));
#13402 = ( GEOMETRIC_REPRESENTATION_CONTEXT(2) 
PARAMETRIC_REPRESENTATION_CONTEXT() REPRESENTATION_CONTEXT('2D SPACE',''
  ) );
#13403 = ORIENTED_EDGE('',*,*,#13404,.T.);
#13404 = EDGE_CURVE('',#13382,#13333,#13405,.T.);
#13405 = SURFACE_CURVE('',#13406,(#13410,#13417),.PCURVE_S1.);
#13406 = B_SPLINE_CURVE_WITH_KNOTS('',2,(#13407,#13408,#13409),
  .UNSPECIFIED.,.F.,.F.,(3,3),(0.,1.),.PIECEWISE_BEZIER_KNOTS.);
#13407 = CARTESIAN_POINT('',(69.81875,4.13828125,4.6));
#13408 = CARTESIAN_POINT('',(69.6328125,3.90390625,4.6));
#13409 = CARTESIAN_POINT('',(69.3,3.90390625,4.6));
#13410 = PCURVE('',#5612,#13411);
#13411 = DEFINITIONAL_REPRESENTATION('',(#13412),#13416);
#13412 = LINE('',#13413,#13414);
#13413 = CARTESIAN_POINT('',(0.,-0.65));
#13414 = VECTOR('',#13415,1.);
#13415 = DIRECTION('',(1.,0.));
#13416 = ( GEOMETRIC_REPRESENTATION_CONTEXT(2) 
PARAMETRIC_REPRESENTATION_CONTEXT() REPRESENTATION_CONTEXT('2D SPACE',''
  ) );
#13417 = PCURVE('',#13148,#13418);
#13418 = DEFINITIONAL_REPRESENTATION('',(#13419),#13423);
#13419 = B_SPLINE_CURVE_WITH_KNOTS('',2,(#13420,#13421,#13422),
  .UNSPECIFIED.,.F.,.F.,(3,3),(0.,1.),.PIECEWISE_BEZIER_KNOTS.);
#13420 = CARTESIAN_POINT('',(1.396875,0.1953125));
#13421 = CARTESIAN_POINT('',(1.2109375,-3.90625E-02));
#13422 = CARTESIAN_POINT('',(0.878125,-3.90625E-02));
#13423 = ( GEOMETRIC_REPRESENTATION_CONTEXT(2) 
PARAMETRIC_REPRESENTATION_CONTEXT() REPRESENTATION_CONTEXT('2D SPACE',''
  ) );
#13424 = ORIENTED_EDGE('',*,*,#13332,.F.);
#13425 = ADVANCED_FACE('',(#13426),#5559,.T.);
#13426 = FACE_BOUND('',#13427,.T.);
#13427 = EDGE_LOOP('',(#13428,#13429,#13452,#13473));
#13428 = ORIENTED_EDGE('',*,*,#5525,.T.);
#13429 = ORIENTED_EDGE('',*,*,#13430,.T.);
#13430 = EDGE_CURVE('',#5469,#13431,#13433,.T.);
#13431 = VERTEX_POINT('',#13432);
#13432 = CARTESIAN_POINT('',(70.04375,5.07265625,4.6));
#13433 = SURFACE_CURVE('',#13434,(#13438,#13445),.PCURVE_S1.);
#13434 = LINE('',#13435,#13436);
#13435 = CARTESIAN_POINT('',(70.04375,5.07265625,3.95));
#13436 = VECTOR('',#13437,1.);
#13437 = DIRECTION('',(0.,0.,1.));
#13438 = PCURVE('',#5559,#13439);
#13439 = DEFINITIONAL_REPRESENTATION('',(#13440),#13444);
#13440 = LINE('',#13441,#13442);
#13441 = CARTESIAN_POINT('',(0.,0.));
#13442 = VECTOR('',#13443,1.);
#13443 = DIRECTION('',(0.,-1.));
#13444 = ( GEOMETRIC_REPRESENTATION_CONTEXT(2) 
PARAMETRIC_REPRESENTATION_CONTEXT() REPRESENTATION_CONTEXT('2D SPACE',''
  ) );
#13445 = PCURVE('',#5502,#13446);
#13446 = DEFINITIONAL_REPRESENTATION('',(#13447),#13451);
#13447 = LINE('',#13448,#13449);
#13448 = CARTESIAN_POINT('',(1.,0.));
#13449 = VECTOR('',#13450,1.);
#13450 = DIRECTION('',(0.,-1.));
#13451 = ( GEOMETRIC_REPRESENTATION_CONTEXT(2) 
PARAMETRIC_REPRESENTATION_CONTEXT() REPRESENTATION_CONTEXT('2D SPACE',''
  ) );
#13452 = ORIENTED_EDGE('',*,*,#13453,.T.);
#13453 = EDGE_CURVE('',#13431,#13382,#13454,.T.);
#13454 = SURFACE_CURVE('',#13455,(#13459,#13466),.PCURVE_S1.);
#13455 = B_SPLINE_CURVE_WITH_KNOTS('',2,(#13456,#13457,#13458),
  .UNSPECIFIED.,.F.,.F.,(3,3),(0.,1.),.PIECEWISE_BEZIER_KNOTS.);
#13456 = CARTESIAN_POINT('',(70.04375,5.07265625,4.6));
#13457 = CARTESIAN_POINT('',(70.04375,4.42265625,4.6));
#13458 = CARTESIAN_POINT('',(69.81875,4.13828125,4.6));
#13459 = PCURVE('',#5559,#13460);
#13460 = DEFINITIONAL_REPRESENTATION('',(#13461),#13465);
#13461 = LINE('',#13462,#13463);
#13462 = CARTESIAN_POINT('',(0.,-0.65));
#13463 = VECTOR('',#13464,1.);
#13464 = DIRECTION('',(1.,0.));
#13465 = ( GEOMETRIC_REPRESENTATION_CONTEXT(2) 
PARAMETRIC_REPRESENTATION_CONTEXT() REPRESENTATION_CONTEXT('2D SPACE',''
  ) );
#13466 = PCURVE('',#13148,#13467);
#13467 = DEFINITIONAL_REPRESENTATION('',(#13468),#13472);
#13468 = B_SPLINE_CURVE_WITH_KNOTS('',2,(#13469,#13470,#13471),
  .UNSPECIFIED.,.F.,.F.,(3,3),(0.,1.),.PIECEWISE_BEZIER_KNOTS.);
#13469 = CARTESIAN_POINT('',(1.621875,1.1296875));
#13470 = CARTESIAN_POINT('',(1.621875,0.4796875));
#13471 = CARTESIAN_POINT('',(1.396875,0.1953125));
#13472 = ( GEOMETRIC_REPRESENTATION_CONTEXT(2) 
PARAMETRIC_REPRESENTATION_CONTEXT() REPRESENTATION_CONTEXT('2D SPACE',''
  ) );
#13473 = ORIENTED_EDGE('',*,*,#13381,.F.);
#13474 = ADVANCED_FACE('',(#13475),#5502,.T.);
#13475 = FACE_BOUND('',#13476,.T.);
#13476 = EDGE_LOOP('',(#13477,#13478,#13479,#13500));
#13477 = ORIENTED_EDGE('',*,*,#5468,.T.);
#13478 = ORIENTED_EDGE('',*,*,#13160,.T.);
#13479 = ORIENTED_EDGE('',*,*,#13480,.T.);
#13480 = EDGE_CURVE('',#13133,#13431,#13481,.T.);
#13481 = SURFACE_CURVE('',#13482,(#13486,#13493),.PCURVE_S1.);
#13482 = B_SPLINE_CURVE_WITH_KNOTS('',2,(#13483,#13484,#13485),
  .UNSPECIFIED.,.F.,.F.,(3,3),(0.,1.),.PIECEWISE_BEZIER_KNOTS.);
#13483 = CARTESIAN_POINT('',(69.8203125,6.00546875,4.6));
#13484 = CARTESIAN_POINT('',(70.04375,5.72421875,4.6));
#13485 = CARTESIAN_POINT('',(70.04375,5.07265625,4.6));
#13486 = PCURVE('',#5502,#13487);
#13487 = DEFINITIONAL_REPRESENTATION('',(#13488),#13492);
#13488 = LINE('',#13489,#13490);
#13489 = CARTESIAN_POINT('',(0.,-0.65));
#13490 = VECTOR('',#13491,1.);
#13491 = DIRECTION('',(1.,0.));
#13492 = ( GEOMETRIC_REPRESENTATION_CONTEXT(2) 
PARAMETRIC_REPRESENTATION_CONTEXT() REPRESENTATION_CONTEXT('2D SPACE',''
  ) );
#13493 = PCURVE('',#13148,#13494);
#13494 = DEFINITIONAL_REPRESENTATION('',(#13495),#13499);
#13495 = B_SPLINE_CURVE_WITH_KNOTS('',2,(#13496,#13497,#13498),
  .UNSPECIFIED.,.F.,.F.,(3,3),(0.,1.),.PIECEWISE_BEZIER_KNOTS.);
#13496 = CARTESIAN_POINT('',(1.3984375,2.0625));
#13497 = CARTESIAN_POINT('',(1.621875,1.78125));
#13498 = CARTESIAN_POINT('',(1.621875,1.1296875));
#13499 = ( GEOMETRIC_REPRESENTATION_CONTEXT(2) 
PARAMETRIC_REPRESENTATION_CONTEXT() REPRESENTATION_CONTEXT('2D SPACE',''
  ) );
#13500 = ORIENTED_EDGE('',*,*,#13430,.F.);
#13501 = ADVANCED_FACE('',(#13502),#5867,.F.);
#13502 = FACE_BOUND('',#13503,.F.);
#13503 = EDGE_LOOP('',(#13504,#13527,#13528,#13551));
#13504 = ORIENTED_EDGE('',*,*,#13505,.F.);
#13505 = EDGE_CURVE('',#5850,#13506,#13508,.T.);
#13506 = VERTEX_POINT('',#13507);
#13507 = CARTESIAN_POINT('',(12.,10.,7.));
#13508 = SURFACE_CURVE('',#13509,(#13513,#13520),.PCURVE_S1.);
#13509 = LINE('',#13510,#13511);
#13510 = CARTESIAN_POINT('',(12.,10.,4.));
#13511 = VECTOR('',#13512,1.);
#13512 = DIRECTION('',(0.,0.,1.));
#13513 = PCURVE('',#5867,#13514);
#13514 = DEFINITIONAL_REPRESENTATION('',(#13515),#13519);
#13515 = LINE('',#13516,#13517);
#13516 = CARTESIAN_POINT('',(0.,0.));
#13517 = VECTOR('',#13518,1.);
#13518 = DIRECTION('',(1.,0.));
#13519 = ( GEOMETRIC_REPRESENTATION_CONTEXT(2) 
PARAMETRIC_REPRESENTATION_CONTEXT() REPRESENTATION_CONTEXT('2D SPACE',''
  ) );
#13520 = PCURVE('',#5949,#13521);
#13521 = DEFINITIONAL_REPRESENTATION('',(#13522),#13526);
#13522 = LINE('',#13523,#13524);
#13523 = CARTESIAN_POINT('',(0.,0.));
#13524 = VECTOR('',#13525,1.);
#13525 = DIRECTION('',(1.,0.));
#13526 = ( GEOMETRIC_REPRESENTATION_CONTEXT(2) 
PARAMETRIC_REPRESENTATION_CONTEXT() REPRESENTATION_CONTEXT('2D SPACE',''
  ) );
#13527 = ORIENTED_EDGE('',*,*,#5849,.T.);
#13528 = ORIENTED_EDGE('',*,*,#13529,.T.);
#13529 = EDGE_CURVE('',#5852,#13530,#13532,.T.);
#13530 = VERTEX_POINT('',#13531);
#13531 = CARTESIAN_POINT('',(12.,20.,7.));
#13532 = SURFACE_CURVE('',#13533,(#13537,#13544),.PCURVE_S1.);
#13533 = LINE('',#13534,#13535);
#13534 = CARTESIAN_POINT('',(12.,20.,4.));
#13535 = VECTOR('',#13536,1.);
#13536 = DIRECTION('',(0.,0.,1.));
#13537 = PCURVE('',#5867,#13538);
#13538 = DEFINITIONAL_REPRESENTATION('',(#13539),#13543);
#13539 = LINE('',#13540,#13541);
#13540 = CARTESIAN_POINT('',(0.,-10.));
#13541 = VECTOR('',#13542,1.);
#13542 = DIRECTION('',(1.,0.));
#13543 = ( GEOMETRIC_REPRESENTATION_CONTEXT(2) 
PARAMETRIC_REPRESENTATION_CONTEXT() REPRESENTATION_CONTEXT('2D SPACE',''
  ) );
#13544 = PCURVE('',#5895,#13545);
#13545 = DEFINITIONAL_REPRESENTATION('',(#13546),#13550);
#13546 = LINE('',#13547,#13548);
#13547 = CARTESIAN_POINT('',(0.,0.));
#13548 = VECTOR('',#13549,1.);
#13549 = DIRECTION('',(1.,0.));
#13550 = ( GEOMETRIC_REPRESENTATION_CONTEXT(2) 
PARAMETRIC_REPRESENTATION_CONTEXT() REPRESENTATION_CONTEXT('2D SPACE',''
  ) );
#13551 = ORIENTED_EDGE('',*,*,#13552,.F.);
#13552 = EDGE_CURVE('',#13506,#13530,#13553,.T.);
#13553 = SURFACE_CURVE('',#13554,(#13558,#13565),.PCURVE_S1.);
#13554 = LINE('',#13555,#13556);
#13555 = CARTESIAN_POINT('',(12.,10.,7.));
#13556 = VECTOR('',#13557,1.);
#13557 = DIRECTION('',(0.,1.,0.));
#13558 = PCURVE('',#5867,#13559);
#13559 = DEFINITIONAL_REPRESENTATION('',(#13560),#13564);
#13560 = LINE('',#13561,#13562);
#13561 = CARTESIAN_POINT('',(3.,0.));
#13562 = VECTOR('',#13563,1.);
#13563 = DIRECTION('',(0.,-1.));
#13564 = ( GEOMETRIC_REPRESENTATION_CONTEXT(2) 
PARAMETRIC_REPRESENTATION_CONTEXT() REPRESENTATION_CONTEXT('2D SPACE',''
  ) );
#13565 = PCURVE('',#13566,#13571);
#13566 = PLANE('',#13567);
#13567 = AXIS2_PLACEMENT_3D('',#13568,#13569,#13570);
#13568 = CARTESIAN_POINT('',(12.,10.,7.));
#13569 = DIRECTION('',(0.,0.,1.));
#13570 = DIRECTION('',(1.,0.,0.));
#13571 = DEFINITIONAL_REPRESENTATION('',(#13572),#13576);
#13572 = LINE('',#13573,#13574);
#13573 = CARTESIAN_POINT('',(0.,0.));
#13574 = VECTOR('',#13575,1.);
#13575 = DIRECTION('',(0.,1.));
#13576 = ( GEOMETRIC_REPRESENTATION_CONTEXT(2) 
PARAMETRIC_REPRESENTATION_CONTEXT() REPRESENTATION_CONTEXT('2D SPACE',''
  ) );
#13577 = ADVANCED_FACE('',(#13578,#13626),#5895,.T.);
#13578 = FACE_BOUND('',#13579,.T.);
#13579 = EDGE_LOOP('',(#13580,#13581,#13582,#13605));
#13580 = ORIENTED_EDGE('',*,*,#5879,.F.);
#13581 = ORIENTED_EDGE('',*,*,#13529,.T.);
#13582 = ORIENTED_EDGE('',*,*,#13583,.T.);
#13583 = EDGE_CURVE('',#13530,#13584,#13586,.T.);
#13584 = VERTEX_POINT('',#13585);
#13585 = CARTESIAN_POINT('',(26.,20.,7.));
#13586 = SURFACE_CURVE('',#13587,(#13591,#13598),.PCURVE_S1.);
#13587 = LINE('',#13588,#13589);
#13588 = CARTESIAN_POINT('',(12.,20.,7.));
#13589 = VECTOR('',#13590,1.);
#13590 = DIRECTION('',(1.,0.,0.));
#13591 = PCURVE('',#5895,#13592);
#13592 = DEFINITIONAL_REPRESENTATION('',(#13593),#13597);
#13593 = LINE('',#13594,#13595);
#13594 = CARTESIAN_POINT('',(3.,0.));
#13595 = VECTOR('',#13596,1.);
#13596 = DIRECTION('',(0.,1.));
#13597 = ( GEOMETRIC_REPRESENTATION_CONTEXT(2) 
PARAMETRIC_REPRESENTATION_CONTEXT() REPRESENTATION_CONTEXT('2D SPACE',''
  ) );
#13598 = PCURVE('',#13566,#13599);
#13599 = DEFINITIONAL_REPRESENTATION('',(#13600),#13604);
#13600 = LINE('',#13601,#13602);
#13601 = CARTESIAN_POINT('',(0.,10.));
#13602 = VECTOR('',#13603,1.);
#13603 = DIRECTION('',(1.,0.));
#13604 = ( GEOMETRIC_REPRESENTATION_CONTEXT(2) 
PARAMETRIC_REPRESENTATION_CONTEXT() REPRESENTATION_CONTEXT('2D SPACE',''
  ) );
#13605 = ORIENTED_EDGE('',*,*,#13606,.F.);
#13606 = EDGE_CURVE('',#5880,#13584,#13607,.T.);
#13607 = SURFACE_CURVE('',#13608,(#13612,#13619),.PCURVE_S1.);
#13608 = LINE('',#13609,#13610);
#13609 = CARTESIAN_POINT('',(26.,20.,4.));
#13610 = VECTOR('',#13611,1.);
#13611 = DIRECTION('',(0.,0.,1.));
#13612 = PCURVE('',#5895,#13613);
#13613 = DEFINITIONAL_REPRESENTATION('',(#13614),#13618);
#13614 = LINE('',#13615,#13616);
#13615 = CARTESIAN_POINT('',(0.,14.));
#13616 = VECTOR('',#13617,1.);
#13617 = DIRECTION('',(1.,0.));
#13618 = ( GEOMETRIC_REPRESENTATION_CONTEXT(2) 
PARAMETRIC_REPRESENTATION_CONTEXT() REPRESENTATION_CONTEXT('2D SPACE',''
  ) );
#13619 = PCURVE('',#5923,#13620);
#13620 = DEFINITIONAL_REPRESENTATION('',(#13621),#13625);
#13621 = LINE('',#13622,#13623);
#13622 = CARTESIAN_POINT('',(0.,-10.));
#13623 = VECTOR('',#13624,1.);
#13624 = DIRECTION('',(1.,0.));
#13625 = ( GEOMETRIC_REPRESENTATION_CONTEXT(2) 
PARAMETRIC_REPRESENTATION_CONTEXT() REPRESENTATION_CONTEXT('2D SPACE',''
  ) );
#13626 = FACE_BOUND('',#13627,.T.);
#13627 = EDGE_LOOP('',(#13628,#13656,#13682,#13708));
#13628 = ORIENTED_EDGE('',*,*,#13629,.F.);
#13629 = EDGE_CURVE('',#13630,#13632,#13634,.T.);
#13630 = VERTEX_POINT('',#13631);
#13631 = CARTESIAN_POINT('',(17.7,20.,6.4));
#13632 = VERTEX_POINT('',#13633);
#13633 = CARTESIAN_POINT('',(20.3,20.,6.4));
#13634 = SURFACE_CURVE('',#13635,(#13639,#13645),.PCURVE_S1.);
#13635 = LINE('',#13636,#13637);
#13636 = CARTESIAN_POINT('',(14.85,20.,6.4));
#13637 = VECTOR('',#13638,1.);
#13638 = DIRECTION('',(1.,0.,0.));
#13639 = PCURVE('',#5895,#13640);
#13640 = DEFINITIONAL_REPRESENTATION('',(#13641),#13644);
#13641 = B_SPLINE_CURVE_WITH_KNOTS('',1,(#13642,#13643),.UNSPECIFIED.,
  .F.,.F.,(2,2),(2.85,5.45),.PIECEWISE_BEZIER_KNOTS.);
#13642 = CARTESIAN_POINT('',(2.4,5.7));
#13643 = CARTESIAN_POINT('',(2.4,8.3));
#13644 = ( GEOMETRIC_REPRESENTATION_CONTEXT(2) 
PARAMETRIC_REPRESENTATION_CONTEXT() REPRESENTATION_CONTEXT('2D SPACE',''
  ) );
#13645 = PCURVE('',#13646,#13651);
#13646 = PLANE('',#13647);
#13647 = AXIS2_PLACEMENT_3D('',#13648,#13649,#13650);
#13648 = CARTESIAN_POINT('',(17.7,9.,6.4));
#13649 = DIRECTION('',(0.,0.,1.));
#13650 = DIRECTION('',(1.,0.,0.));
#13651 = DEFINITIONAL_REPRESENTATION('',(#13652),#13655);
#13652 = B_SPLINE_CURVE_WITH_KNOTS('',1,(#13653,#13654),.UNSPECIFIED.,
  .F.,.F.,(2,2),(2.85,5.45),.PIECEWISE_BEZIER_KNOTS.);
#13653 = CARTESIAN_POINT('',(0.,11.));
#13654 = CARTESIAN_POINT('',(2.6,11.));
#13655 = ( GEOMETRIC_REPRESENTATION_CONTEXT(2) 
PARAMETRIC_REPRESENTATION_CONTEXT() REPRESENTATION_CONTEXT('2D SPACE',''
  ) );
#13656 = ORIENTED_EDGE('',*,*,#13657,.T.);
#13657 = EDGE_CURVE('',#13630,#13658,#13660,.T.);
#13658 = VERTEX_POINT('',#13659);
#13659 = CARTESIAN_POINT('',(17.7,20.,4.6));
#13660 = SURFACE_CURVE('',#13661,(#13665,#13671),.PCURVE_S1.);
#13661 = LINE('',#13662,#13663);
#13662 = CARTESIAN_POINT('',(17.7,20.,4.3));
#13663 = VECTOR('',#13664,1.);
#13664 = DIRECTION('',(0.,0.,-1.));
#13665 = PCURVE('',#5895,#13666);
#13666 = DEFINITIONAL_REPRESENTATION('',(#13667),#13670);
#13667 = B_SPLINE_CURVE_WITH_KNOTS('',1,(#13668,#13669),.UNSPECIFIED.,
  .F.,.F.,(2,2),(-2.1,-0.3),.PIECEWISE_BEZIER_KNOTS.);
#13668 = CARTESIAN_POINT('',(2.4,5.7));
#13669 = CARTESIAN_POINT('',(0.6,5.7));
#13670 = ( GEOMETRIC_REPRESENTATION_CONTEXT(2) 
PARAMETRIC_REPRESENTATION_CONTEXT() REPRESENTATION_CONTEXT('2D SPACE',''
  ) );
#13671 = PCURVE('',#13672,#13677);
#13672 = PLANE('',#13673);
#13673 = AXIS2_PLACEMENT_3D('',#13674,#13675,#13676);
#13674 = CARTESIAN_POINT('',(17.7,9.,4.6));
#13675 = DIRECTION('',(1.,0.,0.));
#13676 = DIRECTION('',(0.,0.,1.));
#13677 = DEFINITIONAL_REPRESENTATION('',(#13678),#13681);
#13678 = B_SPLINE_CURVE_WITH_KNOTS('',1,(#13679,#13680),.UNSPECIFIED.,
  .F.,.F.,(2,2),(-2.1,-0.3),.PIECEWISE_BEZIER_KNOTS.);
#13679 = CARTESIAN_POINT('',(1.8,-11.));
#13680 = CARTESIAN_POINT('',(0.,-11.));
#13681 = ( GEOMETRIC_REPRESENTATION_CONTEXT(2) 
PARAMETRIC_REPRESENTATION_CONTEXT() REPRESENTATION_CONTEXT('2D SPACE',''
  ) );
#13682 = ORIENTED_EDGE('',*,*,#13683,.T.);
#13683 = EDGE_CURVE('',#13658,#13684,#13686,.T.);
#13684 = VERTEX_POINT('',#13685);
#13685 = CARTESIAN_POINT('',(20.3,20.,4.6));
#13686 = SURFACE_CURVE('',#13687,(#13691,#13697),.PCURVE_S1.);
#13687 = LINE('',#13688,#13689);
#13688 = CARTESIAN_POINT('',(14.85,20.,4.6));
#13689 = VECTOR('',#13690,1.);
#13690 = DIRECTION('',(1.,0.,0.));
#13691 = PCURVE('',#5895,#13692);
#13692 = DEFINITIONAL_REPRESENTATION('',(#13693),#13696);
#13693 = B_SPLINE_CURVE_WITH_KNOTS('',1,(#13694,#13695),.UNSPECIFIED.,
  .F.,.F.,(2,2),(2.85,5.45),.PIECEWISE_BEZIER_KNOTS.);
#13694 = CARTESIAN_POINT('',(0.6,5.7));
#13695 = CARTESIAN_POINT('',(0.6,8.3));
#13696 = ( GEOMETRIC_REPRESENTATION_CONTEXT(2) 
PARAMETRIC_REPRESENTATION_CONTEXT() REPRESENTATION_CONTEXT('2D SPACE',''
  ) );
#13697 = PCURVE('',#13698,#13703);
#13698 = PLANE('',#13699);
#13699 = AXIS2_PLACEMENT_3D('',#13700,#13701,#13702);
#13700 = CARTESIAN_POINT('',(17.7,9.,4.6));
#13701 = DIRECTION('',(0.,0.,1.));
#13702 = DIRECTION('',(1.,0.,0.));
#13703 = DEFINITIONAL_REPRESENTATION('',(#13704),#13707);
#13704 = B_SPLINE_CURVE_WITH_KNOTS('',1,(#13705,#13706),.UNSPECIFIED.,
  .F.,.F.,(2,2),(2.85,5.45),.PIECEWISE_BEZIER_KNOTS.);
#13705 = CARTESIAN_POINT('',(0.,11.));
#13706 = CARTESIAN_POINT('',(2.6,11.));
#13707 = ( GEOMETRIC_REPRESENTATION_CONTEXT(2) 
PARAMETRIC_REPRESENTATION_CONTEXT() REPRESENTATION_CONTEXT('2D SPACE',''
  ) );
#13708 = ORIENTED_EDGE('',*,*,#13709,.F.);
#13709 = EDGE_CURVE('',#13632,#13684,#13710,.T.);
#13710 = SURFACE_CURVE('',#13711,(#13715,#13721),.PCURVE_S1.);
#13711 = LINE('',#13712,#13713);
#13712 = CARTESIAN_POINT('',(20.3,20.,4.3));
#13713 = VECTOR('',#13714,1.);
#13714 = DIRECTION('',(0.,0.,-1.));
#13715 = PCURVE('',#5895,#13716);
#13716 = DEFINITIONAL_REPRESENTATION('',(#13717),#13720);
#13717 = B_SPLINE_CURVE_WITH_KNOTS('',1,(#13718,#13719),.UNSPECIFIED.,
  .F.,.F.,(2,2),(-2.1,-0.3),.PIECEWISE_BEZIER_KNOTS.);
#13718 = CARTESIAN_POINT('',(2.4,8.3));
#13719 = CARTESIAN_POINT('',(0.6,8.3));
#13720 = ( GEOMETRIC_REPRESENTATION_CONTEXT(2) 
PARAMETRIC_REPRESENTATION_CONTEXT() REPRESENTATION_CONTEXT('2D SPACE',''
  ) );
#13721 = PCURVE('',#13722,#13727);
#13722 = PLANE('',#13723);
#13723 = AXIS2_PLACEMENT_3D('',#13724,#13725,#13726);
#13724 = CARTESIAN_POINT('',(20.3,9.,4.6));
#13725 = DIRECTION('',(1.,0.,0.));
#13726 = DIRECTION('',(0.,0.,1.));
#13727 = DEFINITIONAL_REPRESENTATION('',(#13728),#13731);
#13728 = B_SPLINE_CURVE_WITH_KNOTS('',1,(#13729,#13730),.UNSPECIFIED.,
  .F.,.F.,(2,2),(-2.1,-0.3),.PIECEWISE_BEZIER_KNOTS.);
#13729 = CARTESIAN_POINT('',(1.8,-11.));
#13730 = CARTESIAN_POINT('',(0.,-11.));
#13731 = ( GEOMETRIC_REPRESENTATION_CONTEXT(2) 
PARAMETRIC_REPRESENTATION_CONTEXT() REPRESENTATION_CONTEXT('2D SPACE',''
  ) );
#13732 = ADVANCED_FACE('',(#13733,#13781),#5949,.F.);
#13733 = FACE_BOUND('',#13734,.F.);
#13734 = EDGE_LOOP('',(#13735,#13736,#13737,#13760));
#13735 = ORIENTED_EDGE('',*,*,#5935,.F.);
#13736 = ORIENTED_EDGE('',*,*,#13505,.T.);
#13737 = ORIENTED_EDGE('',*,*,#13738,.T.);
#13738 = EDGE_CURVE('',#13506,#13739,#13741,.T.);
#13739 = VERTEX_POINT('',#13740);
#13740 = CARTESIAN_POINT('',(26.,10.,7.));
#13741 = SURFACE_CURVE('',#13742,(#13746,#13753),.PCURVE_S1.);
#13742 = LINE('',#13743,#13744);
#13743 = CARTESIAN_POINT('',(12.,10.,7.));
#13744 = VECTOR('',#13745,1.);
#13745 = DIRECTION('',(1.,0.,0.));
#13746 = PCURVE('',#5949,#13747);
#13747 = DEFINITIONAL_REPRESENTATION('',(#13748),#13752);
#13748 = LINE('',#13749,#13750);
#13749 = CARTESIAN_POINT('',(3.,0.));
#13750 = VECTOR('',#13751,1.);
#13751 = DIRECTION('',(0.,1.));
#13752 = ( GEOMETRIC_REPRESENTATION_CONTEXT(2) 
PARAMETRIC_REPRESENTATION_CONTEXT() REPRESENTATION_CONTEXT('2D SPACE',''
  ) );
#13753 = PCURVE('',#13566,#13754);
#13754 = DEFINITIONAL_REPRESENTATION('',(#13755),#13759);
#13755 = LINE('',#13756,#13757);
#13756 = CARTESIAN_POINT('',(0.,0.));
#13757 = VECTOR('',#13758,1.);
#13758 = DIRECTION('',(1.,0.));
#13759 = ( GEOMETRIC_REPRESENTATION_CONTEXT(2) 
PARAMETRIC_REPRESENTATION_CONTEXT() REPRESENTATION_CONTEXT('2D SPACE',''
  ) );
#13760 = ORIENTED_EDGE('',*,*,#13761,.F.);
#13761 = EDGE_CURVE('',#5908,#13739,#13762,.T.);
#13762 = SURFACE_CURVE('',#13763,(#13767,#13774),.PCURVE_S1.);
#13763 = LINE('',#13764,#13765);
#13764 = CARTESIAN_POINT('',(26.,10.,4.));
#13765 = VECTOR('',#13766,1.);
#13766 = DIRECTION('',(0.,0.,1.));
#13767 = PCURVE('',#5949,#13768);
#13768 = DEFINITIONAL_REPRESENTATION('',(#13769),#13773);
#13769 = LINE('',#13770,#13771);
#13770 = CARTESIAN_POINT('',(0.,14.));
#13771 = VECTOR('',#13772,1.);
#13772 = DIRECTION('',(1.,0.));
#13773 = ( GEOMETRIC_REPRESENTATION_CONTEXT(2) 
PARAMETRIC_REPRESENTATION_CONTEXT() REPRESENTATION_CONTEXT('2D SPACE',''
  ) );
#13774 = PCURVE('',#5923,#13775);
#13775 = DEFINITIONAL_REPRESENTATION('',(#13776),#13780);
#13776 = LINE('',#13777,#13778);
#13777 = CARTESIAN_POINT('',(0.,0.));
#13778 = VECTOR('',#13779,1.);
#13779 = DIRECTION('',(1.,0.));
#13780 = ( GEOMETRIC_REPRESENTATION_CONTEXT(2) 
PARAMETRIC_REPRESENTATION_CONTEXT() REPRESENTATION_CONTEXT('2D SPACE',''
  ) );
#13781 = FACE_BOUND('',#13782,.F.);
#13782 = EDGE_LOOP('',(#13783,#13806,#13827,#13848));
#13783 = ORIENTED_EDGE('',*,*,#13784,.F.);
#13784 = EDGE_CURVE('',#13785,#13787,#13789,.T.);
#13785 = VERTEX_POINT('',#13786);
#13786 = CARTESIAN_POINT('',(17.7,10.,6.4));
#13787 = VERTEX_POINT('',#13788);
#13788 = CARTESIAN_POINT('',(20.3,10.,6.4));
#13789 = SURFACE_CURVE('',#13790,(#13794,#13800),.PCURVE_S1.);
#13790 = LINE('',#13791,#13792);
#13791 = CARTESIAN_POINT('',(14.85,10.,6.4));
#13792 = VECTOR('',#13793,1.);
#13793 = DIRECTION('',(1.,0.,0.));
#13794 = PCURVE('',#5949,#13795);
#13795 = DEFINITIONAL_REPRESENTATION('',(#13796),#13799);
#13796 = B_SPLINE_CURVE_WITH_KNOTS('',1,(#13797,#13798),.UNSPECIFIED.,
  .F.,.F.,(2,2),(2.85,5.45),.PIECEWISE_BEZIER_KNOTS.);
#13797 = CARTESIAN_POINT('',(2.4,5.7));
#13798 = CARTESIAN_POINT('',(2.4,8.3));
#13799 = ( GEOMETRIC_REPRESENTATION_CONTEXT(2) 
PARAMETRIC_REPRESENTATION_CONTEXT() REPRESENTATION_CONTEXT('2D SPACE',''
  ) );
#13800 = PCURVE('',#13646,#13801);
#13801 = DEFINITIONAL_REPRESENTATION('',(#13802),#13805);
#13802 = B_SPLINE_CURVE_WITH_KNOTS('',1,(#13803,#13804),.UNSPECIFIED.,
  .F.,.F.,(2,2),(2.85,5.45),.PIECEWISE_BEZIER_KNOTS.);
#13803 = CARTESIAN_POINT('',(0.,1.));
#13804 = CARTESIAN_POINT('',(2.6,1.));
#13805 = ( GEOMETRIC_REPRESENTATION_CONTEXT(2) 
PARAMETRIC_REPRESENTATION_CONTEXT() REPRESENTATION_CONTEXT('2D SPACE',''
  ) );
#13806 = ORIENTED_EDGE('',*,*,#13807,.T.);
#13807 = EDGE_CURVE('',#13785,#13808,#13810,.T.);
#13808 = VERTEX_POINT('',#13809);
#13809 = CARTESIAN_POINT('',(17.7,10.,4.6));
#13810 = SURFACE_CURVE('',#13811,(#13815,#13821),.PCURVE_S1.);
#13811 = LINE('',#13812,#13813);
#13812 = CARTESIAN_POINT('',(17.7,10.,4.3));
#13813 = VECTOR('',#13814,1.);
#13814 = DIRECTION('',(0.,0.,-1.));
#13815 = PCURVE('',#5949,#13816);
#13816 = DEFINITIONAL_REPRESENTATION('',(#13817),#13820);
#13817 = B_SPLINE_CURVE_WITH_KNOTS('',1,(#13818,#13819),.UNSPECIFIED.,
  .F.,.F.,(2,2),(-2.1,-0.3),.PIECEWISE_BEZIER_KNOTS.);
#13818 = CARTESIAN_POINT('',(2.4,5.7));
#13819 = CARTESIAN_POINT('',(0.6,5.7));
#13820 = ( GEOMETRIC_REPRESENTATION_CONTEXT(2) 
PARAMETRIC_REPRESENTATION_CONTEXT() REPRESENTATION_CONTEXT('2D SPACE',''
  ) );
#13821 = PCURVE('',#13672,#13822);
#13822 = DEFINITIONAL_REPRESENTATION('',(#13823),#13826);
#13823 = B_SPLINE_CURVE_WITH_KNOTS('',1,(#13824,#13825),.UNSPECIFIED.,
  .F.,.F.,(2,2),(-2.1,-0.3),.PIECEWISE_BEZIER_KNOTS.);
#13824 = CARTESIAN_POINT('',(1.8,-1.));
#13825 = CARTESIAN_POINT('',(0.,-1.));
#13826 = ( GEOMETRIC_REPRESENTATION_CONTEXT(2) 
PARAMETRIC_REPRESENTATION_CONTEXT() REPRESENTATION_CONTEXT('2D SPACE',''
  ) );
#13827 = ORIENTED_EDGE('',*,*,#13828,.T.);
#13828 = EDGE_CURVE('',#13808,#13829,#13831,.T.);
#13829 = VERTEX_POINT('',#13830);
#13830 = CARTESIAN_POINT('',(20.3,10.,4.6));
#13831 = SURFACE_CURVE('',#13832,(#13836,#13842),.PCURVE_S1.);
#13832 = LINE('',#13833,#13834);
#13833 = CARTESIAN_POINT('',(14.85,10.,4.6));
#13834 = VECTOR('',#13835,1.);
#13835 = DIRECTION('',(1.,0.,0.));
#13836 = PCURVE('',#5949,#13837);
#13837 = DEFINITIONAL_REPRESENTATION('',(#13838),#13841);
#13838 = B_SPLINE_CURVE_WITH_KNOTS('',1,(#13839,#13840),.UNSPECIFIED.,
  .F.,.F.,(2,2),(2.85,5.45),.PIECEWISE_BEZIER_KNOTS.);
#13839 = CARTESIAN_POINT('',(0.6,5.7));
#13840 = CARTESIAN_POINT('',(0.6,8.3));
#13841 = ( GEOMETRIC_REPRESENTATION_CONTEXT(2) 
PARAMETRIC_REPRESENTATION_CONTEXT() REPRESENTATION_CONTEXT('2D SPACE',''
  ) );
#13842 = PCURVE('',#13698,#13843);
#13843 = DEFINITIONAL_REPRESENTATION('',(#13844),#13847);
#13844 = B_SPLINE_CURVE_WITH_KNOTS('',1,(#13845,#13846),.UNSPECIFIED.,
  .F.,.F.,(2,2),(2.85,5.45),.PIECEWISE_BEZIER_KNOTS.);
#13845 = CARTESIAN_POINT('',(0.,1.));
#13846 = CARTESIAN_POINT('',(2.6,1.));
#13847 = ( GEOMETRIC_REPRESENTATION_CONTEXT(2) 
PARAMETRIC_REPRESENTATION_CONTEXT() REPRESENTATION_CONTEXT('2D SPACE',''
  ) );
#13848 = ORIENTED_EDGE('',*,*,#13849,.F.);
#13849 = EDGE_CURVE('',#13787,#13829,#13850,.T.);
#13850 = SURFACE_CURVE('',#13851,(#13855,#13861),.PCURVE_S1.);
#13851 = LINE('',#13852,#13853);
#13852 = CARTESIAN_POINT('',(20.3,10.,4.3));
#13853 = VECTOR('',#13854,1.);
#13854 = DIRECTION('',(0.,0.,-1.));
#13855 = PCURVE('',#5949,#13856);
#13856 = DEFINITIONAL_REPRESENTATION('',(#13857),#13860);
#13857 = B_SPLINE_CURVE_WITH_KNOTS('',1,(#13858,#13859),.UNSPECIFIED.,
  .F.,.F.,(2,2),(-2.1,-0.3),.PIECEWISE_BEZIER_KNOTS.);
#13858 = CARTESIAN_POINT('',(2.4,8.3));
#13859 = CARTESIAN_POINT('',(0.6,8.3));
#13860 = ( GEOMETRIC_REPRESENTATION_CONTEXT(2) 
PARAMETRIC_REPRESENTATION_CONTEXT() REPRESENTATION_CONTEXT('2D SPACE',''
  ) );
#13861 = PCURVE('',#13722,#13862);
#13862 = DEFINITIONAL_REPRESENTATION('',(#13863),#13866);
#13863 = B_SPLINE_CURVE_WITH_KNOTS('',1,(#13864,#13865),.UNSPECIFIED.,
  .F.,.F.,(2,2),(-2.1,-0.3),.PIECEWISE_BEZIER_KNOTS.);
#13864 = CARTESIAN_POINT('',(1.8,-1.));
#13865 = CARTESIAN_POINT('',(0.,-1.));
#13866 = ( GEOMETRIC_REPRESENTATION_CONTEXT(2) 
PARAMETRIC_REPRESENTATION_CONTEXT() REPRESENTATION_CONTEXT('2D SPACE',''
  ) );
#13867 = ADVANCED_FACE('',(#13868),#5923,.T.);
#13868 = FACE_BOUND('',#13869,.T.);
#13869 = EDGE_LOOP('',(#13870,#13871,#13872,#13873));
#13870 = ORIENTED_EDGE('',*,*,#13761,.F.);
#13871 = ORIENTED_EDGE('',*,*,#5907,.T.);
#13872 = ORIENTED_EDGE('',*,*,#13606,.T.);
#13873 = ORIENTED_EDGE('',*,*,#13874,.F.);
#13874 = EDGE_CURVE('',#13739,#13584,#13875,.T.);
#13875 = SURFACE_CURVE('',#13876,(#13880,#13887),.PCURVE_S1.);
#13876 = LINE('',#13877,#13878);
#13877 = CARTESIAN_POINT('',(26.,10.,7.));
#13878 = VECTOR('',#13879,1.);
#13879 = DIRECTION('',(0.,1.,0.));
#13880 = PCURVE('',#5923,#13881);
#13881 = DEFINITIONAL_REPRESENTATION('',(#13882),#13886);
#13882 = LINE('',#13883,#13884);
#13883 = CARTESIAN_POINT('',(3.,0.));
#13884 = VECTOR('',#13885,1.);
#13885 = DIRECTION('',(0.,-1.));
#13886 = ( GEOMETRIC_REPRESENTATION_CONTEXT(2) 
PARAMETRIC_REPRESENTATION_CONTEXT() REPRESENTATION_CONTEXT('2D SPACE',''
  ) );
#13887 = PCURVE('',#13566,#13888);
#13888 = DEFINITIONAL_REPRESENTATION('',(#13889),#13893);
#13889 = LINE('',#13890,#13891);
#13890 = CARTESIAN_POINT('',(14.,0.));
#13891 = VECTOR('',#13892,1.);
#13892 = DIRECTION('',(0.,1.));
#13893 = ( GEOMETRIC_REPRESENTATION_CONTEXT(2) 
PARAMETRIC_REPRESENTATION_CONTEXT() REPRESENTATION_CONTEXT('2D SPACE',''
  ) );
#13894 = ADVANCED_FACE('',(#13895),#5981,.F.);
#13895 = FACE_BOUND('',#13896,.F.);
#13896 = EDGE_LOOP('',(#13897,#13920,#13921,#13944));
#13897 = ORIENTED_EDGE('',*,*,#13898,.F.);
#13898 = EDGE_CURVE('',#5964,#13899,#13901,.T.);
#13899 = VERTEX_POINT('',#13900);
#13900 = CARTESIAN_POINT('',(36.,10.,7.));
#13901 = SURFACE_CURVE('',#13902,(#13906,#13913),.PCURVE_S1.);
#13902 = LINE('',#13903,#13904);
#13903 = CARTESIAN_POINT('',(36.,10.,4.));
#13904 = VECTOR('',#13905,1.);
#13905 = DIRECTION('',(0.,0.,1.));
#13906 = PCURVE('',#5981,#13907);
#13907 = DEFINITIONAL_REPRESENTATION('',(#13908),#13912);
#13908 = LINE('',#13909,#13910);
#13909 = CARTESIAN_POINT('',(0.,0.));
#13910 = VECTOR('',#13911,1.);
#13911 = DIRECTION('',(1.,0.));
#13912 = ( GEOMETRIC_REPRESENTATION_CONTEXT(2) 
PARAMETRIC_REPRESENTATION_CONTEXT() REPRESENTATION_CONTEXT('2D SPACE',''
  ) );
#13913 = PCURVE('',#6063,#13914);
#13914 = DEFINITIONAL_REPRESENTATION('',(#13915),#13919);
#13915 = LINE('',#13916,#13917);
#13916 = CARTESIAN_POINT('',(0.,0.));
#13917 = VECTOR('',#13918,1.);
#13918 = DIRECTION('',(1.,0.));
#13919 = ( GEOMETRIC_REPRESENTATION_CONTEXT(2) 
PARAMETRIC_REPRESENTATION_CONTEXT() REPRESENTATION_CONTEXT('2D SPACE',''
  ) );
#13920 = ORIENTED_EDGE('',*,*,#5963,.T.);
#13921 = ORIENTED_EDGE('',*,*,#13922,.T.);
#13922 = EDGE_CURVE('',#5966,#13923,#13925,.T.);
#13923 = VERTEX_POINT('',#13924);
#13924 = CARTESIAN_POINT('',(36.,20.,7.));
#13925 = SURFACE_CURVE('',#13926,(#13930,#13937),.PCURVE_S1.);
#13926 = LINE('',#13927,#13928);
#13927 = CARTESIAN_POINT('',(36.,20.,4.));
#13928 = VECTOR('',#13929,1.);
#13929 = DIRECTION('',(0.,0.,1.));
#13930 = PCURVE('',#5981,#13931);
#13931 = DEFINITIONAL_REPRESENTATION('',(#13932),#13936);
#13932 = LINE('',#13933,#13934);
#13933 = CARTESIAN_POINT('',(0.,-10.));
#13934 = VECTOR('',#13935,1.);
#13935 = DIRECTION('',(1.,0.));
#13936 = ( GEOMETRIC_REPRESENTATION_CONTEXT(2) 
PARAMETRIC_REPRESENTATION_CONTEXT() REPRESENTATION_CONTEXT('2D SPACE',''
  ) );
#13937 = PCURVE('',#6009,#13938);
#13938 = DEFINITIONAL_REPRESENTATION('',(#13939),#13943);
#13939 = LINE('',#13940,#13941);
#13940 = CARTESIAN_POINT('',(0.,0.));
#13941 = VECTOR('',#13942,1.);
#13942 = DIRECTION('',(1.,0.));
#13943 = ( GEOMETRIC_REPRESENTATION_CONTEXT(2) 
PARAMETRIC_REPRESENTATION_CONTEXT() REPRESENTATION_CONTEXT('2D SPACE',''
  ) );
#13944 = ORIENTED_EDGE('',*,*,#13945,.F.);
#13945 = EDGE_CURVE('',#13899,#13923,#13946,.T.);
#13946 = SURFACE_CURVE('',#13947,(#13951,#13958),.PCURVE_S1.);
#13947 = LINE('',#13948,#13949);
#13948 = CARTESIAN_POINT('',(36.,10.,7.));
#13949 = VECTOR('',#13950,1.);
#13950 = DIRECTION('',(0.,1.,0.));
#13951 = PCURVE('',#5981,#13952);
#13952 = DEFINITIONAL_REPRESENTATION('',(#13953),#13957);
#13953 = LINE('',#13954,#13955);
#13954 = CARTESIAN_POINT('',(3.,0.));
#13955 = VECTOR('',#13956,1.);
#13956 = DIRECTION('',(0.,-1.));
#13957 = ( GEOMETRIC_REPRESENTATION_CONTEXT(2) 
PARAMETRIC_REPRESENTATION_CONTEXT() REPRESENTATION_CONTEXT('2D SPACE',''
  ) );
#13958 = PCURVE('',#13959,#13964);
#13959 = PLANE('',#13960);
#13960 = AXIS2_PLACEMENT_3D('',#13961,#13962,#13963);
#13961 = CARTESIAN_POINT('',(36.,10.,7.));
#13962 = DIRECTION('',(0.,0.,1.));
#13963 = DIRECTION('',(1.,0.,0.));
#13964 = DEFINITIONAL_REPRESENTATION('',(#13965),#13969);
#13965 = LINE('',#13966,#13967);
#13966 = CARTESIAN_POINT('',(0.,0.));
#13967 = VECTOR('',#13968,1.);
#13968 = DIRECTION('',(0.,1.));
#13969 = ( GEOMETRIC_REPRESENTATION_CONTEXT(2) 
PARAMETRIC_REPRESENTATION_CONTEXT() REPRESENTATION_CONTEXT('2D SPACE',''
  ) );
#13970 = ADVANCED_FACE('',(#13971,#14019),#6009,.T.);
#13971 = FACE_BOUND('',#13972,.T.);
#13972 = EDGE_LOOP('',(#13973,#13974,#13975,#13998));
#13973 = ORIENTED_EDGE('',*,*,#5993,.F.);
#13974 = ORIENTED_EDGE('',*,*,#13922,.T.);
#13975 = ORIENTED_EDGE('',*,*,#13976,.T.);
#13976 = EDGE_CURVE('',#13923,#13977,#13979,.T.);
#13977 = VERTEX_POINT('',#13978);
#13978 = CARTESIAN_POINT('',(50.,20.,7.));
#13979 = SURFACE_CURVE('',#13980,(#13984,#13991),.PCURVE_S1.);
#13980 = LINE('',#13981,#13982);
#13981 = CARTESIAN_POINT('',(36.,20.,7.));
#13982 = VECTOR('',#13983,1.);
#13983 = DIRECTION('',(1.,0.,0.));
#13984 = PCURVE('',#6009,#13985);
#13985 = DEFINITIONAL_REPRESENTATION('',(#13986),#13990);
#13986 = LINE('',#13987,#13988);
#13987 = CARTESIAN_POINT('',(3.,0.));
#13988 = VECTOR('',#13989,1.);
#13989 = DIRECTION('',(0.,1.));
#13990 = ( GEOMETRIC_REPRESENTATION_CONTEXT(2) 
PARAMETRIC_REPRESENTATION_CONTEXT() REPRESENTATION_CONTEXT('2D SPACE',''
  ) );
#13991 = PCURVE('',#13959,#13992);
#13992 = DEFINITIONAL_REPRESENTATION('',(#13993),#13997);
#13993 = LINE('',#13994,#13995);
#13994 = CARTESIAN_POINT('',(0.,10.));
#13995 = VECTOR('',#13996,1.);
#13996 = DIRECTION('',(1.,0.));
#13997 = ( GEOMETRIC_REPRESENTATION_CONTEXT(2) 
PARAMETRIC_REPRESENTATION_CONTEXT() REPRESENTATION_CONTEXT('2D SPACE',''
  ) );
#13998 = ORIENTED_EDGE('',*,*,#13999,.F.);
#13999 = EDGE_CURVE('',#5994,#13977,#14000,.T.);
#14000 = SURFACE_CURVE('',#14001,(#14005,#14012),.PCURVE_S1.);
#14001 = LINE('',#14002,#14003);
#14002 = CARTESIAN_POINT('',(50.,20.,4.));
#14003 = VECTOR('',#14004,1.);
#14004 = DIRECTION('',(0.,0.,1.));
#14005 = PCURVE('',#6009,#14006);
#14006 = DEFINITIONAL_REPRESENTATION('',(#14007),#14011);
#14007 = LINE('',#14008,#14009);
#14008 = CARTESIAN_POINT('',(0.,14.));
#14009 = VECTOR('',#14010,1.);
#14010 = DIRECTION('',(1.,0.));
#14011 = ( GEOMETRIC_REPRESENTATION_CONTEXT(2) 
PARAMETRIC_REPRESENTATION_CONTEXT() REPRESENTATION_CONTEXT('2D SPACE',''
  ) );
#14012 = PCURVE('',#6037,#14013);
#14013 = DEFINITIONAL_REPRESENTATION('',(#14014),#14018);
#14014 = LINE('',#14015,#14016);
#14015 = CARTESIAN_POINT('',(0.,-10.));
#14016 = VECTOR('',#14017,1.);
#14017 = DIRECTION('',(1.,0.));
#14018 = ( GEOMETRIC_REPRESENTATION_CONTEXT(2) 
PARAMETRIC_REPRESENTATION_CONTEXT() REPRESENTATION_CONTEXT('2D SPACE',''
  ) );
#14019 = FACE_BOUND('',#14020,.T.);
#14020 = EDGE_LOOP('',(#14021,#14049,#14075,#14101));
#14021 = ORIENTED_EDGE('',*,*,#14022,.F.);
#14022 = EDGE_CURVE('',#14023,#14025,#14027,.T.);
#14023 = VERTEX_POINT('',#14024);
#14024 = CARTESIAN_POINT('',(41.4,20.,6.4));
#14025 = VERTEX_POINT('',#14026);
#14026 = CARTESIAN_POINT('',(44.6,20.,6.4));
#14027 = SURFACE_CURVE('',#14028,(#14032,#14038),.PCURVE_S1.);
#14028 = LINE('',#14029,#14030);
#14029 = CARTESIAN_POINT('',(38.7,20.,6.4));
#14030 = VECTOR('',#14031,1.);
#14031 = DIRECTION('',(1.,0.,0.));
#14032 = PCURVE('',#6009,#14033);
#14033 = DEFINITIONAL_REPRESENTATION('',(#14034),#14037);
#14034 = B_SPLINE_CURVE_WITH_KNOTS('',1,(#14035,#14036),.UNSPECIFIED.,
  .F.,.F.,(2,2),(2.7,5.9),.PIECEWISE_BEZIER_KNOTS.);
#14035 = CARTESIAN_POINT('',(2.4,5.4));
#14036 = CARTESIAN_POINT('',(2.4,8.6));
#14037 = ( GEOMETRIC_REPRESENTATION_CONTEXT(2) 
PARAMETRIC_REPRESENTATION_CONTEXT() REPRESENTATION_CONTEXT('2D SPACE',''
  ) );
#14038 = PCURVE('',#14039,#14044);
#14039 = PLANE('',#14040);
#14040 = AXIS2_PLACEMENT_3D('',#14041,#14042,#14043);
#14041 = CARTESIAN_POINT('',(41.4,9.,6.4));
#14042 = DIRECTION('',(0.,0.,1.));
#14043 = DIRECTION('',(1.,0.,0.));
#14044 = DEFINITIONAL_REPRESENTATION('',(#14045),#14048);
#14045 = B_SPLINE_CURVE_WITH_KNOTS('',1,(#14046,#14047),.UNSPECIFIED.,
  .F.,.F.,(2,2),(2.7,5.9),.PIECEWISE_BEZIER_KNOTS.);
#14046 = CARTESIAN_POINT('',(0.,11.));
#14047 = CARTESIAN_POINT('',(3.2,11.));
#14048 = ( GEOMETRIC_REPRESENTATION_CONTEXT(2) 
PARAMETRIC_REPRESENTATION_CONTEXT() REPRESENTATION_CONTEXT('2D SPACE',''
  ) );
#14049 = ORIENTED_EDGE('',*,*,#14050,.T.);
#14050 = EDGE_CURVE('',#14023,#14051,#14053,.T.);
#14051 = VERTEX_POINT('',#14052);
#14052 = CARTESIAN_POINT('',(41.4,20.,4.6));
#14053 = SURFACE_CURVE('',#14054,(#14058,#14064),.PCURVE_S1.);
#14054 = LINE('',#14055,#14056);
#14055 = CARTESIAN_POINT('',(41.4,20.,4.3));
#14056 = VECTOR('',#14057,1.);
#14057 = DIRECTION('',(0.,0.,-1.));
#14058 = PCURVE('',#6009,#14059);
#14059 = DEFINITIONAL_REPRESENTATION('',(#14060),#14063);
#14060 = B_SPLINE_CURVE_WITH_KNOTS('',1,(#14061,#14062),.UNSPECIFIED.,
  .F.,.F.,(2,2),(-2.1,-0.3),.PIECEWISE_BEZIER_KNOTS.);
#14061 = CARTESIAN_POINT('',(2.4,5.4));
#14062 = CARTESIAN_POINT('',(0.6,5.4));
#14063 = ( GEOMETRIC_REPRESENTATION_CONTEXT(2) 
PARAMETRIC_REPRESENTATION_CONTEXT() REPRESENTATION_CONTEXT('2D SPACE',''
  ) );
#14064 = PCURVE('',#14065,#14070);
#14065 = PLANE('',#14066);
#14066 = AXIS2_PLACEMENT_3D('',#14067,#14068,#14069);
#14067 = CARTESIAN_POINT('',(41.4,9.,4.6));
#14068 = DIRECTION('',(1.,0.,0.));
#14069 = DIRECTION('',(0.,0.,1.));
#14070 = DEFINITIONAL_REPRESENTATION('',(#14071),#14074);
#14071 = B_SPLINE_CURVE_WITH_KNOTS('',1,(#14072,#14073),.UNSPECIFIED.,
  .F.,.F.,(2,2),(-2.1,-0.3),.PIECEWISE_BEZIER_KNOTS.);
#14072 = CARTESIAN_POINT('',(1.8,-11.));
#14073 = CARTESIAN_POINT('',(0.,-11.));
#14074 = ( GEOMETRIC_REPRESENTATION_CONTEXT(2) 
PARAMETRIC_REPRESENTATION_CONTEXT() REPRESENTATION_CONTEXT('2D SPACE',''
  ) );
#14075 = ORIENTED_EDGE('',*,*,#14076,.T.);
#14076 = EDGE_CURVE('',#14051,#14077,#14079,.T.);
#14077 = VERTEX_POINT('',#14078);
#14078 = CARTESIAN_POINT('',(44.6,20.,4.6));
#14079 = SURFACE_CURVE('',#14080,(#14084,#14090),.PCURVE_S1.);
#14080 = LINE('',#14081,#14082);
#14081 = CARTESIAN_POINT('',(38.7,20.,4.6));
#14082 = VECTOR('',#14083,1.);
#14083 = DIRECTION('',(1.,0.,0.));
#14084 = PCURVE('',#6009,#14085);
#14085 = DEFINITIONAL_REPRESENTATION('',(#14086),#14089);
#14086 = B_SPLINE_CURVE_WITH_KNOTS('',1,(#14087,#14088),.UNSPECIFIED.,
  .F.,.F.,(2,2),(2.7,5.9),.PIECEWISE_BEZIER_KNOTS.);
#14087 = CARTESIAN_POINT('',(0.6,5.4));
#14088 = CARTESIAN_POINT('',(0.6,8.6));
#14089 = ( GEOMETRIC_REPRESENTATION_CONTEXT(2) 
PARAMETRIC_REPRESENTATION_CONTEXT() REPRESENTATION_CONTEXT('2D SPACE',''
  ) );
#14090 = PCURVE('',#14091,#14096);
#14091 = PLANE('',#14092);
#14092 = AXIS2_PLACEMENT_3D('',#14093,#14094,#14095);
#14093 = CARTESIAN_POINT('',(41.4,9.,4.6));
#14094 = DIRECTION('',(0.,0.,1.));
#14095 = DIRECTION('',(1.,0.,0.));
#14096 = DEFINITIONAL_REPRESENTATION('',(#14097),#14100);
#14097 = B_SPLINE_CURVE_WITH_KNOTS('',1,(#14098,#14099),.UNSPECIFIED.,
  .F.,.F.,(2,2),(2.7,5.9),.PIECEWISE_BEZIER_KNOTS.);
#14098 = CARTESIAN_POINT('',(0.,11.));
#14099 = CARTESIAN_POINT('',(3.2,11.));
#14100 = ( GEOMETRIC_REPRESENTATION_CONTEXT(2) 
PARAMETRIC_REPRESENTATION_CONTEXT() REPRESENTATION_CONTEXT('2D SPACE',''
  ) );
#14101 = ORIENTED_EDGE('',*,*,#14102,.F.);
#14102 = EDGE_CURVE('',#14025,#14077,#14103,.T.);
#14103 = SURFACE_CURVE('',#14104,(#14108,#14114),.PCURVE_S1.);
#14104 = LINE('',#14105,#14106);
#14105 = CARTESIAN_POINT('',(44.6,20.,4.3));
#14106 = VECTOR('',#14107,1.);
#14107 = DIRECTION('',(0.,0.,-1.));
#14108 = PCURVE('',#6009,#14109);
#14109 = DEFINITIONAL_REPRESENTATION('',(#14110),#14113);
#14110 = B_SPLINE_CURVE_WITH_KNOTS('',1,(#14111,#14112),.UNSPECIFIED.,
  .F.,.F.,(2,2),(-2.1,-0.3),.PIECEWISE_BEZIER_KNOTS.);
#14111 = CARTESIAN_POINT('',(2.4,8.6));
#14112 = CARTESIAN_POINT('',(0.6,8.6));
#14113 = ( GEOMETRIC_REPRESENTATION_CONTEXT(2) 
PARAMETRIC_REPRESENTATION_CONTEXT() REPRESENTATION_CONTEXT('2D SPACE',''
  ) );
#14114 = PCURVE('',#14115,#14120);
#14115 = PLANE('',#14116);
#14116 = AXIS2_PLACEMENT_3D('',#14117,#14118,#14119);
#14117 = CARTESIAN_POINT('',(44.6,9.,4.6));
#14118 = DIRECTION('',(1.,0.,0.));
#14119 = DIRECTION('',(0.,0.,1.));
#14120 = DEFINITIONAL_REPRESENTATION('',(#14121),#14124);
#14121 = B_SPLINE_CURVE_WITH_KNOTS('',1,(#14122,#14123),.UNSPECIFIED.,
  .F.,.F.,(2,2),(-2.1,-0.3),.PIECEWISE_BEZIER_KNOTS.);
#14122 = CARTESIAN_POINT('',(1.8,-11.));
#14123 = CARTESIAN_POINT('',(0.,-11.));
#14124 = ( GEOMETRIC_REPRESENTATION_CONTEXT(2) 
PARAMETRIC_REPRESENTATION_CONTEXT() REPRESENTATION_CONTEXT('2D SPACE',''
  ) );
#14125 = ADVANCED_FACE('',(#14126,#14174),#6063,.F.);
#14126 = FACE_BOUND('',#14127,.F.);
#14127 = EDGE_LOOP('',(#14128,#14129,#14130,#14153));
#14128 = ORIENTED_EDGE('',*,*,#6049,.F.);
#14129 = ORIENTED_EDGE('',*,*,#13898,.T.);
#14130 = ORIENTED_EDGE('',*,*,#14131,.T.);
#14131 = EDGE_CURVE('',#13899,#14132,#14134,.T.);
#14132 = VERTEX_POINT('',#14133);
#14133 = CARTESIAN_POINT('',(50.,10.,7.));
#14134 = SURFACE_CURVE('',#14135,(#14139,#14146),.PCURVE_S1.);
#14135 = LINE('',#14136,#14137);
#14136 = CARTESIAN_POINT('',(36.,10.,7.));
#14137 = VECTOR('',#14138,1.);
#14138 = DIRECTION('',(1.,0.,0.));
#14139 = PCURVE('',#6063,#14140);
#14140 = DEFINITIONAL_REPRESENTATION('',(#14141),#14145);
#14141 = LINE('',#14142,#14143);
#14142 = CARTESIAN_POINT('',(3.,0.));
#14143 = VECTOR('',#14144,1.);
#14144 = DIRECTION('',(0.,1.));
#14145 = ( GEOMETRIC_REPRESENTATION_CONTEXT(2) 
PARAMETRIC_REPRESENTATION_CONTEXT() REPRESENTATION_CONTEXT('2D SPACE',''
  ) );
#14146 = PCURVE('',#13959,#14147);
#14147 = DEFINITIONAL_REPRESENTATION('',(#14148),#14152);
#14148 = LINE('',#14149,#14150);
#14149 = CARTESIAN_POINT('',(0.,0.));
#14150 = VECTOR('',#14151,1.);
#14151 = DIRECTION('',(1.,0.));
#14152 = ( GEOMETRIC_REPRESENTATION_CONTEXT(2) 
PARAMETRIC_REPRESENTATION_CONTEXT() REPRESENTATION_CONTEXT('2D SPACE',''
  ) );
#14153 = ORIENTED_EDGE('',*,*,#14154,.F.);
#14154 = EDGE_CURVE('',#6022,#14132,#14155,.T.);
#14155 = SURFACE_CURVE('',#14156,(#14160,#14167),.PCURVE_S1.);
#14156 = LINE('',#14157,#14158);
#14157 = CARTESIAN_POINT('',(50.,10.,4.));
#14158 = VECTOR('',#14159,1.);
#14159 = DIRECTION('',(0.,0.,1.));
#14160 = PCURVE('',#6063,#14161);
#14161 = DEFINITIONAL_REPRESENTATION('',(#14162),#14166);
#14162 = LINE('',#14163,#14164);
#14163 = CARTESIAN_POINT('',(0.,14.));
#14164 = VECTOR('',#14165,1.);
#14165 = DIRECTION('',(1.,0.));
#14166 = ( GEOMETRIC_REPRESENTATION_CONTEXT(2) 
PARAMETRIC_REPRESENTATION_CONTEXT() REPRESENTATION_CONTEXT('2D SPACE',''
  ) );
#14167 = PCURVE('',#6037,#14168);
#14168 = DEFINITIONAL_REPRESENTATION('',(#14169),#14173);
#14169 = LINE('',#14170,#14171);
#14170 = CARTESIAN_POINT('',(0.,0.));
#14171 = VECTOR('',#14172,1.);
#14172 = DIRECTION('',(1.,0.));
#14173 = ( GEOMETRIC_REPRESENTATION_CONTEXT(2) 
PARAMETRIC_REPRESENTATION_CONTEXT() REPRESENTATION_CONTEXT('2D SPACE',''
  ) );
#14174 = FACE_BOUND('',#14175,.F.);
#14175 = EDGE_LOOP('',(#14176,#14199,#14220,#14241));
#14176 = ORIENTED_EDGE('',*,*,#14177,.F.);
#14177 = EDGE_CURVE('',#14178,#14180,#14182,.T.);
#14178 = VERTEX_POINT('',#14179);
#14179 = CARTESIAN_POINT('',(41.4,10.,6.4));
#14180 = VERTEX_POINT('',#14181);
#14181 = CARTESIAN_POINT('',(44.6,10.,6.4));
#14182 = SURFACE_CURVE('',#14183,(#14187,#14193),.PCURVE_S1.);
#14183 = LINE('',#14184,#14185);
#14184 = CARTESIAN_POINT('',(38.7,10.,6.4));
#14185 = VECTOR('',#14186,1.);
#14186 = DIRECTION('',(1.,0.,0.));
#14187 = PCURVE('',#6063,#14188);
#14188 = DEFINITIONAL_REPRESENTATION('',(#14189),#14192);
#14189 = B_SPLINE_CURVE_WITH_KNOTS('',1,(#14190,#14191),.UNSPECIFIED.,
  .F.,.F.,(2,2),(2.7,5.9),.PIECEWISE_BEZIER_KNOTS.);
#14190 = CARTESIAN_POINT('',(2.4,5.4));
#14191 = CARTESIAN_POINT('',(2.4,8.6));
#14192 = ( GEOMETRIC_REPRESENTATION_CONTEXT(2) 
PARAMETRIC_REPRESENTATION_CONTEXT() REPRESENTATION_CONTEXT('2D SPACE',''
  ) );
#14193 = PCURVE('',#14039,#14194);
#14194 = DEFINITIONAL_REPRESENTATION('',(#14195),#14198);
#14195 = B_SPLINE_CURVE_WITH_KNOTS('',1,(#14196,#14197),.UNSPECIFIED.,
  .F.,.F.,(2,2),(2.7,5.9),.PIECEWISE_BEZIER_KNOTS.);
#14196 = CARTESIAN_POINT('',(0.,1.));
#14197 = CARTESIAN_POINT('',(3.2,1.));
#14198 = ( GEOMETRIC_REPRESENTATION_CONTEXT(2) 
PARAMETRIC_REPRESENTATION_CONTEXT() REPRESENTATION_CONTEXT('2D SPACE',''
  ) );
#14199 = ORIENTED_EDGE('',*,*,#14200,.T.);
#14200 = EDGE_CURVE('',#14178,#14201,#14203,.T.);
#14201 = VERTEX_POINT('',#14202);
#14202 = CARTESIAN_POINT('',(41.4,10.,4.6));
#14203 = SURFACE_CURVE('',#14204,(#14208,#14214),.PCURVE_S1.);
#14204 = LINE('',#14205,#14206);
#14205 = CARTESIAN_POINT('',(41.4,10.,4.3));
#14206 = VECTOR('',#14207,1.);
#14207 = DIRECTION('',(0.,0.,-1.));
#14208 = PCURVE('',#6063,#14209);
#14209 = DEFINITIONAL_REPRESENTATION('',(#14210),#14213);
#14210 = B_SPLINE_CURVE_WITH_KNOTS('',1,(#14211,#14212),.UNSPECIFIED.,
  .F.,.F.,(2,2),(-2.1,-0.3),.PIECEWISE_BEZIER_KNOTS.);
#14211 = CARTESIAN_POINT('',(2.4,5.4));
#14212 = CARTESIAN_POINT('',(0.6,5.4));
#14213 = ( GEOMETRIC_REPRESENTATION_CONTEXT(2) 
PARAMETRIC_REPRESENTATION_CONTEXT() REPRESENTATION_CONTEXT('2D SPACE',''
  ) );
#14214 = PCURVE('',#14065,#14215);
#14215 = DEFINITIONAL_REPRESENTATION('',(#14216),#14219);
#14216 = B_SPLINE_CURVE_WITH_KNOTS('',1,(#14217,#14218),.UNSPECIFIED.,
  .F.,.F.,(2,2),(-2.1,-0.3),.PIECEWISE_BEZIER_KNOTS.);
#14217 = CARTESIAN_POINT('',(1.8,-1.));
#14218 = CARTESIAN_POINT('',(0.,-1.));
#14219 = ( GEOMETRIC_REPRESENTATION_CONTEXT(2) 
PARAMETRIC_REPRESENTATION_CONTEXT() REPRESENTATION_CONTEXT('2D SPACE',''
  ) );
#14220 = ORIENTED_EDGE('',*,*,#14221,.T.);
#14221 = EDGE_CURVE('',#14201,#14222,#14224,.T.);
#14222 = VERTEX_POINT('',#14223);
#14223 = CARTESIAN_POINT('',(44.6,10.,4.6));
#14224 = SURFACE_CURVE('',#14225,(#14229,#14235),.PCURVE_S1.);
#14225 = LINE('',#14226,#14227);
#14226 = CARTESIAN_POINT('',(38.7,10.,4.6));
#14227 = VECTOR('',#14228,1.);
#14228 = DIRECTION('',(1.,0.,0.));
#14229 = PCURVE('',#6063,#14230);
#14230 = DEFINITIONAL_REPRESENTATION('',(#14231),#14234);
#14231 = B_SPLINE_CURVE_WITH_KNOTS('',1,(#14232,#14233),.UNSPECIFIED.,
  .F.,.F.,(2,2),(2.7,5.9),.PIECEWISE_BEZIER_KNOTS.);
#14232 = CARTESIAN_POINT('',(0.6,5.4));
#14233 = CARTESIAN_POINT('',(0.6,8.6));
#14234 = ( GEOMETRIC_REPRESENTATION_CONTEXT(2) 
PARAMETRIC_REPRESENTATION_CONTEXT() REPRESENTATION_CONTEXT('2D SPACE',''
  ) );
#14235 = PCURVE('',#14091,#14236);
#14236 = DEFINITIONAL_REPRESENTATION('',(#14237),#14240);
#14237 = B_SPLINE_CURVE_WITH_KNOTS('',1,(#14238,#14239),.UNSPECIFIED.,
  .F.,.F.,(2,2),(2.7,5.9),.PIECEWISE_BEZIER_KNOTS.);
#14238 = CARTESIAN_POINT('',(0.,1.));
#14239 = CARTESIAN_POINT('',(3.2,1.));
#14240 = ( GEOMETRIC_REPRESENTATION_CONTEXT(2) 
PARAMETRIC_REPRESENTATION_CONTEXT() REPRESENTATION_CONTEXT('2D SPACE',''
  ) );
#14241 = ORIENTED_EDGE('',*,*,#14242,.F.);
#14242 = EDGE_CURVE('',#14180,#14222,#14243,.T.);
#14243 = SURFACE_CURVE('',#14244,(#14248,#14254),.PCURVE_S1.);
#14244 = LINE('',#14245,#14246);
#14245 = CARTESIAN_POINT('',(44.6,10.,4.3));
#14246 = VECTOR('',#14247,1.);
#14247 = DIRECTION('',(0.,0.,-1.));
#14248 = PCURVE('',#6063,#14249);
#14249 = DEFINITIONAL_REPRESENTATION('',(#14250),#14253);
#14250 = B_SPLINE_CURVE_WITH_KNOTS('',1,(#14251,#14252),.UNSPECIFIED.,
  .F.,.F.,(2,2),(-2.1,-0.3),.PIECEWISE_BEZIER_KNOTS.);
#14251 = CARTESIAN_POINT('',(2.4,8.6));
#14252 = CARTESIAN_POINT('',(0.6,8.6));
#14253 = ( GEOMETRIC_REPRESENTATION_CONTEXT(2) 
PARAMETRIC_REPRESENTATION_CONTEXT() REPRESENTATION_CONTEXT('2D SPACE',''
  ) );
#14254 = PCURVE('',#14115,#14255);
#14255 = DEFINITIONAL_REPRESENTATION('',(#14256),#14259);
#14256 = B_SPLINE_CURVE_WITH_KNOTS('',1,(#14257,#14258),.UNSPECIFIED.,
  .F.,.F.,(2,2),(-2.1,-0.3),.PIECEWISE_BEZIER_KNOTS.);
#14257 = CARTESIAN_POINT('',(1.8,-1.));
#14258 = CARTESIAN_POINT('',(0.,-1.));
#14259 = ( GEOMETRIC_REPRESENTATION_CONTEXT(2) 
PARAMETRIC_REPRESENTATION_CONTEXT() REPRESENTATION_CONTEXT('2D SPACE',''
  ) );
#14260 = ADVANCED_FACE('',(#14261),#6037,.T.);
#14261 = FACE_BOUND('',#14262,.T.);
#14262 = EDGE_LOOP('',(#14263,#14264,#14265,#14266));
#14263 = ORIENTED_EDGE('',*,*,#14154,.F.);
#14264 = ORIENTED_EDGE('',*,*,#6021,.T.);
#14265 = ORIENTED_EDGE('',*,*,#13999,.T.);
#14266 = ORIENTED_EDGE('',*,*,#14267,.F.);
#14267 = EDGE_CURVE('',#14132,#13977,#14268,.T.);
#14268 = SURFACE_CURVE('',#14269,(#14273,#14280),.PCURVE_S1.);
#14269 = LINE('',#14270,#14271);
#14270 = CARTESIAN_POINT('',(50.,10.,7.));
#14271 = VECTOR('',#14272,1.);
#14272 = DIRECTION('',(0.,1.,0.));
#14273 = PCURVE('',#6037,#14274);
#14274 = DEFINITIONAL_REPRESENTATION('',(#14275),#14279);
#14275 = LINE('',#14276,#14277);
#14276 = CARTESIAN_POINT('',(3.,0.));
#14277 = VECTOR('',#14278,1.);
#14278 = DIRECTION('',(0.,-1.));
#14279 = ( GEOMETRIC_REPRESENTATION_CONTEXT(2) 
PARAMETRIC_REPRESENTATION_CONTEXT() REPRESENTATION_CONTEXT('2D SPACE',''
  ) );
#14280 = PCURVE('',#13959,#14281);
#14281 = DEFINITIONAL_REPRESENTATION('',(#14282),#14286);
#14282 = LINE('',#14283,#14284);
#14283 = CARTESIAN_POINT('',(14.,0.));
#14284 = VECTOR('',#14285,1.);
#14285 = DIRECTION('',(0.,1.));
#14286 = ( GEOMETRIC_REPRESENTATION_CONTEXT(2) 
PARAMETRIC_REPRESENTATION_CONTEXT() REPRESENTATION_CONTEXT('2D SPACE',''
  ) );
#14287 = ADVANCED_FACE('',(#14288),#6095,.F.);
#14288 = FACE_BOUND('',#14289,.F.);
#14289 = EDGE_LOOP('',(#14290,#14313,#14314,#14337));
#14290 = ORIENTED_EDGE('',*,*,#14291,.F.);
#14291 = EDGE_CURVE('',#6078,#14292,#14294,.T.);
#14292 = VERTEX_POINT('',#14293);
#14293 = CARTESIAN_POINT('',(60.,10.,7.));
#14294 = SURFACE_CURVE('',#14295,(#14299,#14306),.PCURVE_S1.);
#14295 = LINE('',#14296,#14297);
#14296 = CARTESIAN_POINT('',(60.,10.,4.));
#14297 = VECTOR('',#14298,1.);
#14298 = DIRECTION('',(0.,0.,1.));
#14299 = PCURVE('',#6095,#14300);
#14300 = DEFINITIONAL_REPRESENTATION('',(#14301),#14305);
#14301 = LINE('',#14302,#14303);
#14302 = CARTESIAN_POINT('',(0.,0.));
#14303 = VECTOR('',#14304,1.);
#14304 = DIRECTION('',(1.,0.));
#14305 = ( GEOMETRIC_REPRESENTATION_CONTEXT(2) 
PARAMETRIC_REPRESENTATION_CONTEXT() REPRESENTATION_CONTEXT('2D SPACE',''
  ) );
#14306 = PCURVE('',#6177,#14307);
#14307 = DEFINITIONAL_REPRESENTATION('',(#14308),#14312);
#14308 = LINE('',#14309,#14310);
#14309 = CARTESIAN_POINT('',(0.,0.));
#14310 = VECTOR('',#14311,1.);
#14311 = DIRECTION('',(1.,0.));
#14312 = ( GEOMETRIC_REPRESENTATION_CONTEXT(2) 
PARAMETRIC_REPRESENTATION_CONTEXT() REPRESENTATION_CONTEXT('2D SPACE',''
  ) );
#14313 = ORIENTED_EDGE('',*,*,#6077,.T.);
#14314 = ORIENTED_EDGE('',*,*,#14315,.T.);
#14315 = EDGE_CURVE('',#6080,#14316,#14318,.T.);
#14316 = VERTEX_POINT('',#14317);
#14317 = CARTESIAN_POINT('',(60.,20.,7.));
#14318 = SURFACE_CURVE('',#14319,(#14323,#14330),.PCURVE_S1.);
#14319 = LINE('',#14320,#14321);
#14320 = CARTESIAN_POINT('',(60.,20.,4.));
#14321 = VECTOR('',#14322,1.);
#14322 = DIRECTION('',(0.,0.,1.));
#14323 = PCURVE('',#6095,#14324);
#14324 = DEFINITIONAL_REPRESENTATION('',(#14325),#14329);
#14325 = LINE('',#14326,#14327);
#14326 = CARTESIAN_POINT('',(0.,-10.));
#14327 = VECTOR('',#14328,1.);
#14328 = DIRECTION('',(1.,0.));
#14329 = ( GEOMETRIC_REPRESENTATION_CONTEXT(2) 
PARAMETRIC_REPRESENTATION_CONTEXT() REPRESENTATION_CONTEXT('2D SPACE',''
  ) );
#14330 = PCURVE('',#6123,#14331);
#14331 = DEFINITIONAL_REPRESENTATION('',(#14332),#14336);
#14332 = LINE('',#14333,#14334);
#14333 = CARTESIAN_POINT('',(0.,0.));
#14334 = VECTOR('',#14335,1.);
#14335 = DIRECTION('',(1.,0.));
#14336 = ( GEOMETRIC_REPRESENTATION_CONTEXT(2) 
PARAMETRIC_REPRESENTATION_CONTEXT() REPRESENTATION_CONTEXT('2D SPACE',''
  ) );
#14337 = ORIENTED_EDGE('',*,*,#14338,.F.);
#14338 = EDGE_CURVE('',#14292,#14316,#14339,.T.);
#14339 = SURFACE_CURVE('',#14340,(#14344,#14351),.PCURVE_S1.);
#14340 = LINE('',#14341,#14342);
#14341 = CARTESIAN_POINT('',(60.,10.,7.));
#14342 = VECTOR('',#14343,1.);
#14343 = DIRECTION('',(0.,1.,0.));
#14344 = PCURVE('',#6095,#14345);
#14345 = DEFINITIONAL_REPRESENTATION('',(#14346),#14350);
#14346 = LINE('',#14347,#14348);
#14347 = CARTESIAN_POINT('',(3.,0.));
#14348 = VECTOR('',#14349,1.);
#14349 = DIRECTION('',(0.,-1.));
#14350 = ( GEOMETRIC_REPRESENTATION_CONTEXT(2) 
PARAMETRIC_REPRESENTATION_CONTEXT() REPRESENTATION_CONTEXT('2D SPACE',''
  ) );
#14351 = PCURVE('',#14352,#14357);
#14352 = PLANE('',#14353);
#14353 = AXIS2_PLACEMENT_3D('',#14354,#14355,#14356);
#14354 = CARTESIAN_POINT('',(60.,10.,7.));
#14355 = DIRECTION('',(0.,0.,1.));
#14356 = DIRECTION('',(1.,0.,0.));
#14357 = DEFINITIONAL_REPRESENTATION('',(#14358),#14362);
#14358 = LINE('',#14359,#14360);
#14359 = CARTESIAN_POINT('',(0.,0.));
#14360 = VECTOR('',#14361,1.);
#14361 = DIRECTION('',(0.,1.));
#14362 = ( GEOMETRIC_REPRESENTATION_CONTEXT(2) 
PARAMETRIC_REPRESENTATION_CONTEXT() REPRESENTATION_CONTEXT('2D SPACE',''
  ) );
#14363 = ADVANCED_FACE('',(#14364,#14412),#6123,.T.);
#14364 = FACE_BOUND('',#14365,.T.);
#14365 = EDGE_LOOP('',(#14366,#14367,#14368,#14391));
#14366 = ORIENTED_EDGE('',*,*,#6107,.F.);
#14367 = ORIENTED_EDGE('',*,*,#14315,.T.);
#14368 = ORIENTED_EDGE('',*,*,#14369,.T.);
#14369 = EDGE_CURVE('',#14316,#14370,#14372,.T.);
#14370 = VERTEX_POINT('',#14371);
#14371 = CARTESIAN_POINT('',(74.,20.,7.));
#14372 = SURFACE_CURVE('',#14373,(#14377,#14384),.PCURVE_S1.);
#14373 = LINE('',#14374,#14375);
#14374 = CARTESIAN_POINT('',(60.,20.,7.));
#14375 = VECTOR('',#14376,1.);
#14376 = DIRECTION('',(1.,0.,0.));
#14377 = PCURVE('',#6123,#14378);
#14378 = DEFINITIONAL_REPRESENTATION('',(#14379),#14383);
#14379 = LINE('',#14380,#14381);
#14380 = CARTESIAN_POINT('',(3.,0.));
#14381 = VECTOR('',#14382,1.);
#14382 = DIRECTION('',(0.,1.));
#14383 = ( GEOMETRIC_REPRESENTATION_CONTEXT(2) 
PARAMETRIC_REPRESENTATION_CONTEXT() REPRESENTATION_CONTEXT('2D SPACE',''
  ) );
#14384 = PCURVE('',#14352,#14385);
#14385 = DEFINITIONAL_REPRESENTATION('',(#14386),#14390);
#14386 = LINE('',#14387,#14388);
#14387 = CARTESIAN_POINT('',(0.,10.));
#14388 = VECTOR('',#14389,1.);
#14389 = DIRECTION('',(1.,0.));
#14390 = ( GEOMETRIC_REPRESENTATION_CONTEXT(2) 
PARAMETRIC_REPRESENTATION_CONTEXT() REPRESENTATION_CONTEXT('2D SPACE',''
  ) );
#14391 = ORIENTED_EDGE('',*,*,#14392,.F.);
#14392 = EDGE_CURVE('',#6108,#14370,#14393,.T.);
#14393 = SURFACE_CURVE('',#14394,(#14398,#14405),.PCURVE_S1.);
#14394 = LINE('',#14395,#14396);
#14395 = CARTESIAN_POINT('',(74.,20.,4.));
#14396 = VECTOR('',#14397,1.);
#14397 = DIRECTION('',(0.,0.,1.));
#14398 = PCURVE('',#6123,#14399);
#14399 = DEFINITIONAL_REPRESENTATION('',(#14400),#14404);
#14400 = LINE('',#14401,#14402);
#14401 = CARTESIAN_POINT('',(0.,14.));
#14402 = VECTOR('',#14403,1.);
#14403 = DIRECTION('',(1.,0.));
#14404 = ( GEOMETRIC_REPRESENTATION_CONTEXT(2) 
PARAMETRIC_REPRESENTATION_CONTEXT() REPRESENTATION_CONTEXT('2D SPACE',''
  ) );
#14405 = PCURVE('',#6151,#14406);
#14406 = DEFINITIONAL_REPRESENTATION('',(#14407),#14411);
#14407 = LINE('',#14408,#14409);
#14408 = CARTESIAN_POINT('',(0.,-10.));
#14409 = VECTOR('',#14410,1.);
#14410 = DIRECTION('',(1.,0.));
#14411 = ( GEOMETRIC_REPRESENTATION_CONTEXT(2) 
PARAMETRIC_REPRESENTATION_CONTEXT() REPRESENTATION_CONTEXT('2D SPACE',''
  ) );
#14412 = FACE_BOUND('',#14413,.T.);
#14413 = EDGE_LOOP('',(#14414,#14442,#14468,#14494));
#14414 = ORIENTED_EDGE('',*,*,#14415,.F.);
#14415 = EDGE_CURVE('',#14416,#14418,#14420,.T.);
#14416 = VERTEX_POINT('',#14417);
#14417 = CARTESIAN_POINT('',(65.,20.,6.4));
#14418 = VERTEX_POINT('',#14419);
#14419 = CARTESIAN_POINT('',(69.,20.,6.4));
#14420 = SURFACE_CURVE('',#14421,(#14425,#14431),.PCURVE_S1.);
#14421 = LINE('',#14422,#14423);
#14422 = CARTESIAN_POINT('',(62.5,20.,6.4));
#14423 = VECTOR('',#14424,1.);
#14424 = DIRECTION('',(1.,0.,0.));
#14425 = PCURVE('',#6123,#14426);
#14426 = DEFINITIONAL_REPRESENTATION('',(#14427),#14430);
#14427 = B_SPLINE_CURVE_WITH_KNOTS('',1,(#14428,#14429),.UNSPECIFIED.,
  .F.,.F.,(2,2),(2.5,6.5),.PIECEWISE_BEZIER_KNOTS.);
#14428 = CARTESIAN_POINT('',(2.4,5.));
#14429 = CARTESIAN_POINT('',(2.4,9.));
#14430 = ( GEOMETRIC_REPRESENTATION_CONTEXT(2) 
PARAMETRIC_REPRESENTATION_CONTEXT() REPRESENTATION_CONTEXT('2D SPACE',''
  ) );
#14431 = PCURVE('',#14432,#14437);
#14432 = PLANE('',#14433);
#14433 = AXIS2_PLACEMENT_3D('',#14434,#14435,#14436);
#14434 = CARTESIAN_POINT('',(65.,9.,6.4));
#14435 = DIRECTION('',(0.,0.,1.));
#14436 = DIRECTION('',(1.,0.,0.));
#14437 = DEFINITIONAL_REPRESENTATION('',(#14438),#14441);
#14438 = B_SPLINE_CURVE_WITH_KNOTS('',1,(#14439,#14440),.UNSPECIFIED.,
  .F.,.F.,(2,2),(2.5,6.5),.PIECEWISE_BEZIER_KNOTS.);
#14439 = CARTESIAN_POINT('',(0.,11.));
#14440 = CARTESIAN_POINT('',(4.,11.));
#14441 = ( GEOMETRIC_REPRESENTATION_CONTEXT(2) 
PARAMETRIC_REPRESENTATION_CONTEXT() REPRESENTATION_CONTEXT('2D SPACE',''
  ) );
#14442 = ORIENTED_EDGE('',*,*,#14443,.T.);
#14443 = EDGE_CURVE('',#14416,#14444,#14446,.T.);
#14444 = VERTEX_POINT('',#14445);
#14445 = CARTESIAN_POINT('',(65.,20.,4.6));
#14446 = SURFACE_CURVE('',#14447,(#14451,#14457),.PCURVE_S1.);
#14447 = LINE('',#14448,#14449);
#14448 = CARTESIAN_POINT('',(65.,20.,4.3));
#14449 = VECTOR('',#14450,1.);
#14450 = DIRECTION('',(0.,0.,-1.));
#14451 = PCURVE('',#6123,#14452);
#14452 = DEFINITIONAL_REPRESENTATION('',(#14453),#14456);
#14453 = B_SPLINE_CURVE_WITH_KNOTS('',1,(#14454,#14455),.UNSPECIFIED.,
  .F.,.F.,(2,2),(-2.1,-0.3),.PIECEWISE_BEZIER_KNOTS.);
#14454 = CARTESIAN_POINT('',(2.4,5.));
#14455 = CARTESIAN_POINT('',(0.6,5.));
#14456 = ( GEOMETRIC_REPRESENTATION_CONTEXT(2) 
PARAMETRIC_REPRESENTATION_CONTEXT() REPRESENTATION_CONTEXT('2D SPACE',''
  ) );
#14457 = PCURVE('',#14458,#14463);
#14458 = PLANE('',#14459);
#14459 = AXIS2_PLACEMENT_3D('',#14460,#14461,#14462);
#14460 = CARTESIAN_POINT('',(65.,9.,4.6));
#14461 = DIRECTION('',(1.,0.,0.));
#14462 = DIRECTION('',(0.,0.,1.));
#14463 = DEFINITIONAL_REPRESENTATION('',(#14464),#14467);
#14464 = B_SPLINE_CURVE_WITH_KNOTS('',1,(#14465,#14466),.UNSPECIFIED.,
  .F.,.F.,(2,2),(-2.1,-0.3),.PIECEWISE_BEZIER_KNOTS.);
#14465 = CARTESIAN_POINT('',(1.8,-11.));
#14466 = CARTESIAN_POINT('',(0.,-11.));
#14467 = ( GEOMETRIC_REPRESENTATION_CONTEXT(2) 
PARAMETRIC_REPRESENTATION_CONTEXT() REPRESENTATION_CONTEXT('2D SPACE',''
  ) );
#14468 = ORIENTED_EDGE('',*,*,#14469,.T.);
#14469 = EDGE_CURVE('',#14444,#14470,#14472,.T.);
#14470 = VERTEX_POINT('',#14471);
#14471 = CARTESIAN_POINT('',(69.,20.,4.6));
#14472 = SURFACE_CURVE('',#14473,(#14477,#14483),.PCURVE_S1.);
#14473 = LINE('',#14474,#14475);
#14474 = CARTESIAN_POINT('',(62.5,20.,4.6));
#14475 = VECTOR('',#14476,1.);
#14476 = DIRECTION('',(1.,0.,0.));
#14477 = PCURVE('',#6123,#14478);
#14478 = DEFINITIONAL_REPRESENTATION('',(#14479),#14482);
#14479 = B_SPLINE_CURVE_WITH_KNOTS('',1,(#14480,#14481),.UNSPECIFIED.,
  .F.,.F.,(2,2),(2.5,6.5),.PIECEWISE_BEZIER_KNOTS.);
#14480 = CARTESIAN_POINT('',(0.6,5.));
#14481 = CARTESIAN_POINT('',(0.6,9.));
#14482 = ( GEOMETRIC_REPRESENTATION_CONTEXT(2) 
PARAMETRIC_REPRESENTATION_CONTEXT() REPRESENTATION_CONTEXT('2D SPACE',''
  ) );
#14483 = PCURVE('',#14484,#14489);
#14484 = PLANE('',#14485);
#14485 = AXIS2_PLACEMENT_3D('',#14486,#14487,#14488);
#14486 = CARTESIAN_POINT('',(65.,9.,4.6));
#14487 = DIRECTION('',(0.,0.,1.));
#14488 = DIRECTION('',(1.,0.,0.));
#14489 = DEFINITIONAL_REPRESENTATION('',(#14490),#14493);
#14490 = B_SPLINE_CURVE_WITH_KNOTS('',1,(#14491,#14492),.UNSPECIFIED.,
  .F.,.F.,(2,2),(2.5,6.5),.PIECEWISE_BEZIER_KNOTS.);
#14491 = CARTESIAN_POINT('',(0.,11.));
#14492 = CARTESIAN_POINT('',(4.,11.));
#14493 = ( GEOMETRIC_REPRESENTATION_CONTEXT(2) 
PARAMETRIC_REPRESENTATION_CONTEXT() REPRESENTATION_CONTEXT('2D SPACE',''
  ) );
#14494 = ORIENTED_EDGE('',*,*,#14495,.F.);
#14495 = EDGE_CURVE('',#14418,#14470,#14496,.T.);
#14496 = SURFACE_CURVE('',#14497,(#14501,#14507),.PCURVE_S1.);
#14497 = LINE('',#14498,#14499);
#14498 = CARTESIAN_POINT('',(69.,20.,4.3));
#14499 = VECTOR('',#14500,1.);
#14500 = DIRECTION('',(0.,0.,-1.));
#14501 = PCURVE('',#6123,#14502);
#14502 = DEFINITIONAL_REPRESENTATION('',(#14503),#14506);
#14503 = B_SPLINE_CURVE_WITH_KNOTS('',1,(#14504,#14505),.UNSPECIFIED.,
  .F.,.F.,(2,2),(-2.1,-0.3),.PIECEWISE_BEZIER_KNOTS.);
#14504 = CARTESIAN_POINT('',(2.4,9.));
#14505 = CARTESIAN_POINT('',(0.6,9.));
#14506 = ( GEOMETRIC_REPRESENTATION_CONTEXT(2) 
PARAMETRIC_REPRESENTATION_CONTEXT() REPRESENTATION_CONTEXT('2D SPACE',''
  ) );
#14507 = PCURVE('',#14508,#14513);
#14508 = PLANE('',#14509);
#14509 = AXIS2_PLACEMENT_3D('',#14510,#14511,#14512);
#14510 = CARTESIAN_POINT('',(69.,9.,4.6));
#14511 = DIRECTION('',(1.,0.,0.));
#14512 = DIRECTION('',(0.,0.,1.));
#14513 = DEFINITIONAL_REPRESENTATION('',(#14514),#14517);
#14514 = B_SPLINE_CURVE_WITH_KNOTS('',1,(#14515,#14516),.UNSPECIFIED.,
  .F.,.F.,(2,2),(-2.1,-0.3),.PIECEWISE_BEZIER_KNOTS.);
#14515 = CARTESIAN_POINT('',(1.8,-11.));
#14516 = CARTESIAN_POINT('',(0.,-11.));
#14517 = ( GEOMETRIC_REPRESENTATION_CONTEXT(2) 
PARAMETRIC_REPRESENTATION_CONTEXT() REPRESENTATION_CONTEXT('2D SPACE',''
  ) );
#14518 = ADVANCED_FACE('',(#14519,#14567),#6177,.F.);
#14519 = FACE_BOUND('',#14520,.F.);
#14520 = EDGE_LOOP('',(#14521,#14522,#14523,#14546));
#14521 = ORIENTED_EDGE('',*,*,#6163,.F.);
#14522 = ORIENTED_EDGE('',*,*,#14291,.T.);
#14523 = ORIENTED_EDGE('',*,*,#14524,.T.);
#14524 = EDGE_CURVE('',#14292,#14525,#14527,.T.);
#14525 = VERTEX_POINT('',#14526);
#14526 = CARTESIAN_POINT('',(74.,10.,7.));
#14527 = SURFACE_CURVE('',#14528,(#14532,#14539),.PCURVE_S1.);
#14528 = LINE('',#14529,#14530);
#14529 = CARTESIAN_POINT('',(60.,10.,7.));
#14530 = VECTOR('',#14531,1.);
#14531 = DIRECTION('',(1.,0.,0.));
#14532 = PCURVE('',#6177,#14533);
#14533 = DEFINITIONAL_REPRESENTATION('',(#14534),#14538);
#14534 = LINE('',#14535,#14536);
#14535 = CARTESIAN_POINT('',(3.,0.));
#14536 = VECTOR('',#14537,1.);
#14537 = DIRECTION('',(0.,1.));
#14538 = ( GEOMETRIC_REPRESENTATION_CONTEXT(2) 
PARAMETRIC_REPRESENTATION_CONTEXT() REPRESENTATION_CONTEXT('2D SPACE',''
  ) );
#14539 = PCURVE('',#14352,#14540);
#14540 = DEFINITIONAL_REPRESENTATION('',(#14541),#14545);
#14541 = LINE('',#14542,#14543);
#14542 = CARTESIAN_POINT('',(0.,0.));
#14543 = VECTOR('',#14544,1.);
#14544 = DIRECTION('',(1.,0.));
#14545 = ( GEOMETRIC_REPRESENTATION_CONTEXT(2) 
PARAMETRIC_REPRESENTATION_CONTEXT() REPRESENTATION_CONTEXT('2D SPACE',''
  ) );
#14546 = ORIENTED_EDGE('',*,*,#14547,.F.);
#14547 = EDGE_CURVE('',#6136,#14525,#14548,.T.);
#14548 = SURFACE_CURVE('',#14549,(#14553,#14560),.PCURVE_S1.);
#14549 = LINE('',#14550,#14551);
#14550 = CARTESIAN_POINT('',(74.,10.,4.));
#14551 = VECTOR('',#14552,1.);
#14552 = DIRECTION('',(0.,0.,1.));
#14553 = PCURVE('',#6177,#14554);
#14554 = DEFINITIONAL_REPRESENTATION('',(#14555),#14559);
#14555 = LINE('',#14556,#14557);
#14556 = CARTESIAN_POINT('',(0.,14.));
#14557 = VECTOR('',#14558,1.);
#14558 = DIRECTION('',(1.,0.));
#14559 = ( GEOMETRIC_REPRESENTATION_CONTEXT(2) 
PARAMETRIC_REPRESENTATION_CONTEXT() REPRESENTATION_CONTEXT('2D SPACE',''
  ) );
#14560 = PCURVE('',#6151,#14561);
#14561 = DEFINITIONAL_REPRESENTATION('',(#14562),#14566);
#14562 = LINE('',#14563,#14564);
#14563 = CARTESIAN_POINT('',(0.,0.));
#14564 = VECTOR('',#14565,1.);
#14565 = DIRECTION('',(1.,0.));
#14566 = ( GEOMETRIC_REPRESENTATION_CONTEXT(2) 
PARAMETRIC_REPRESENTATION_CONTEXT() REPRESENTATION_CONTEXT('2D SPACE',''
  ) );
#14567 = FACE_BOUND('',#14568,.F.);
#14568 = EDGE_LOOP('',(#14569,#14592,#14613,#14634));
#14569 = ORIENTED_EDGE('',*,*,#14570,.F.);
#14570 = EDGE_CURVE('',#14571,#14573,#14575,.T.);
#14571 = VERTEX_POINT('',#14572);
#14572 = CARTESIAN_POINT('',(65.,10.,6.4));
#14573 = VERTEX_POINT('',#14574);
#14574 = CARTESIAN_POINT('',(69.,10.,6.4));
#14575 = SURFACE_CURVE('',#14576,(#14580,#14586),.PCURVE_S1.);
#14576 = LINE('',#14577,#14578);
#14577 = CARTESIAN_POINT('',(62.5,10.,6.4));
#14578 = VECTOR('',#14579,1.);
#14579 = DIRECTION('',(1.,0.,0.));
#14580 = PCURVE('',#6177,#14581);
#14581 = DEFINITIONAL_REPRESENTATION('',(#14582),#14585);
#14582 = B_SPLINE_CURVE_WITH_KNOTS('',1,(#14583,#14584),.UNSPECIFIED.,
  .F.,.F.,(2,2),(2.5,6.5),.PIECEWISE_BEZIER_KNOTS.);
#14583 = CARTESIAN_POINT('',(2.4,5.));
#14584 = CARTESIAN_POINT('',(2.4,9.));
#14585 = ( GEOMETRIC_REPRESENTATION_CONTEXT(2) 
PARAMETRIC_REPRESENTATION_CONTEXT() REPRESENTATION_CONTEXT('2D SPACE',''
  ) );
#14586 = PCURVE('',#14432,#14587);
#14587 = DEFINITIONAL_REPRESENTATION('',(#14588),#14591);
#14588 = B_SPLINE_CURVE_WITH_KNOTS('',1,(#14589,#14590),.UNSPECIFIED.,
  .F.,.F.,(2,2),(2.5,6.5),.PIECEWISE_BEZIER_KNOTS.);
#14589 = CARTESIAN_POINT('',(0.,1.));
#14590 = CARTESIAN_POINT('',(4.,1.));
#14591 = ( GEOMETRIC_REPRESENTATION_CONTEXT(2) 
PARAMETRIC_REPRESENTATION_CONTEXT() REPRESENTATION_CONTEXT('2D SPACE',''
  ) );
#14592 = ORIENTED_EDGE('',*,*,#14593,.T.);
#14593 = EDGE_CURVE('',#14571,#14594,#14596,.T.);
#14594 = VERTEX_POINT('',#14595);
#14595 = CARTESIAN_POINT('',(65.,10.,4.6));
#14596 = SURFACE_CURVE('',#14597,(#14601,#14607),.PCURVE_S1.);
#14597 = LINE('',#14598,#14599);
#14598 = CARTESIAN_POINT('',(65.,10.,4.3));
#14599 = VECTOR('',#14600,1.);
#14600 = DIRECTION('',(0.,0.,-1.));
#14601 = PCURVE('',#6177,#14602);
#14602 = DEFINITIONAL_REPRESENTATION('',(#14603),#14606);
#14603 = B_SPLINE_CURVE_WITH_KNOTS('',1,(#14604,#14605),.UNSPECIFIED.,
  .F.,.F.,(2,2),(-2.1,-0.3),.PIECEWISE_BEZIER_KNOTS.);
#14604 = CARTESIAN_POINT('',(2.4,5.));
#14605 = CARTESIAN_POINT('',(0.6,5.));
#14606 = ( GEOMETRIC_REPRESENTATION_CONTEXT(2) 
PARAMETRIC_REPRESENTATION_CONTEXT() REPRESENTATION_CONTEXT('2D SPACE',''
  ) );
#14607 = PCURVE('',#14458,#14608);
#14608 = DEFINITIONAL_REPRESENTATION('',(#14609),#14612);
#14609 = B_SPLINE_CURVE_WITH_KNOTS('',1,(#14610,#14611),.UNSPECIFIED.,
  .F.,.F.,(2,2),(-2.1,-0.3),.PIECEWISE_BEZIER_KNOTS.);
#14610 = CARTESIAN_POINT('',(1.8,-1.));
#14611 = CARTESIAN_POINT('',(0.,-1.));
#14612 = ( GEOMETRIC_REPRESENTATION_CONTEXT(2) 
PARAMETRIC_REPRESENTATION_CONTEXT() REPRESENTATION_CONTEXT('2D SPACE',''
  ) );
#14613 = ORIENTED_EDGE('',*,*,#14614,.T.);
#14614 = EDGE_CURVE('',#14594,#14615,#14617,.T.);
#14615 = VERTEX_POINT('',#14616);
#14616 = CARTESIAN_POINT('',(69.,10.,4.6));
#14617 = SURFACE_CURVE('',#14618,(#14622,#14628),.PCURVE_S1.);
#14618 = LINE('',#14619,#14620);
#14619 = CARTESIAN_POINT('',(62.5,10.,4.6));
#14620 = VECTOR('',#14621,1.);
#14621 = DIRECTION('',(1.,0.,0.));
#14622 = PCURVE('',#6177,#14623);
#14623 = DEFINITIONAL_REPRESENTATION('',(#14624),#14627);
#14624 = B_SPLINE_CURVE_WITH_KNOTS('',1,(#14625,#14626),.UNSPECIFIED.,
  .F.,.F.,(2,2),(2.5,6.5),.PIECEWISE_BEZIER_KNOTS.);
#14625 = CARTESIAN_POINT('',(0.6,5.));
#14626 = CARTESIAN_POINT('',(0.6,9.));
#14627 = ( GEOMETRIC_REPRESENTATION_CONTEXT(2) 
PARAMETRIC_REPRESENTATION_CONTEXT() REPRESENTATION_CONTEXT('2D SPACE',''
  ) );
#14628 = PCURVE('',#14484,#14629);
#14629 = DEFINITIONAL_REPRESENTATION('',(#14630),#14633);
#14630 = B_SPLINE_CURVE_WITH_KNOTS('',1,(#14631,#14632),.UNSPECIFIED.,
  .F.,.F.,(2,2),(2.5,6.5),.PIECEWISE_BEZIER_KNOTS.);
#14631 = CARTESIAN_POINT('',(0.,1.));
#14632 = CARTESIAN_POINT('',(4.,1.));
#14633 = ( GEOMETRIC_REPRESENTATION_CONTEXT(2) 
PARAMETRIC_REPRESENTATION_CONTEXT() REPRESENTATION_CONTEXT('2D SPACE',''
  ) );
#14634 = ORIENTED_EDGE('',*,*,#14635,.F.);
#14635 = EDGE_CURVE('',#14573,#14615,#14636,.T.);
#14636 = SURFACE_CURVE('',#14637,(#14641,#14647),.PCURVE_S1.);
#14637 = LINE('',#14638,#14639);
#14638 = CARTESIAN_POINT('',(69.,10.,4.3));
#14639 = VECTOR('',#14640,1.);
#14640 = DIRECTION('',(0.,0.,-1.));
#14641 = PCURVE('',#6177,#14642);
#14642 = DEFINITIONAL_REPRESENTATION('',(#14643),#14646);
#14643 = B_SPLINE_CURVE_WITH_KNOTS('',1,(#14644,#14645),.UNSPECIFIED.,
  .F.,.F.,(2,2),(-2.1,-0.3),.PIECEWISE_BEZIER_KNOTS.);
#14644 = CARTESIAN_POINT('',(2.4,9.));
#14645 = CARTESIAN_POINT('',(0.6,9.));
#14646 = ( GEOMETRIC_REPRESENTATION_CONTEXT(2) 
PARAMETRIC_REPRESENTATION_CONTEXT() REPRESENTATION_CONTEXT('2D SPACE',''
  ) );
#14647 = PCURVE('',#14508,#14648);
#14648 = DEFINITIONAL_REPRESENTATION('',(#14649),#14652);
#14649 = B_SPLINE_CURVE_WITH_KNOTS('',1,(#14650,#14651),.UNSPECIFIED.,
  .F.,.F.,(2,2),(-2.1,-0.3),.PIECEWISE_BEZIER_KNOTS.);
#14650 = CARTESIAN_POINT('',(1.8,-1.));
#14651 = CARTESIAN_POINT('',(0.,-1.));
#14652 = ( GEOMETRIC_REPRESENTATION_CONTEXT(2) 
PARAMETRIC_REPRESENTATION_CONTEXT() REPRESENTATION_CONTEXT('2D SPACE',''
  ) );
#14653 = ADVANCED_FACE('',(#14654),#6151,.T.);
#14654 = FACE_BOUND('',#14655,.T.);
#14655 = EDGE_LOOP('',(#14656,#14657,#14658,#14659));
#14656 = ORIENTED_EDGE('',*,*,#14547,.F.);
#14657 = ORIENTED_EDGE('',*,*,#6135,.T.);
#14658 = ORIENTED_EDGE('',*,*,#14392,.T.);
#14659 = ORIENTED_EDGE('',*,*,#14660,.F.);
#14660 = EDGE_CURVE('',#14525,#14370,#14661,.T.);
#14661 = SURFACE_CURVE('',#14662,(#14666,#14673),.PCURVE_S1.);
#14662 = LINE('',#14663,#14664);
#14663 = CARTESIAN_POINT('',(74.,10.,7.));
#14664 = VECTOR('',#14665,1.);
#14665 = DIRECTION('',(0.,1.,0.));
#14666 = PCURVE('',#6151,#14667);
#14667 = DEFINITIONAL_REPRESENTATION('',(#14668),#14672);
#14668 = LINE('',#14669,#14670);
#14669 = CARTESIAN_POINT('',(3.,0.));
#14670 = VECTOR('',#14671,1.);
#14671 = DIRECTION('',(0.,-1.));
#14672 = ( GEOMETRIC_REPRESENTATION_CONTEXT(2) 
PARAMETRIC_REPRESENTATION_CONTEXT() REPRESENTATION_CONTEXT('2D SPACE',''
  ) );
#14673 = PCURVE('',#14352,#14674);
#14674 = DEFINITIONAL_REPRESENTATION('',(#14675),#14679);
#14675 = LINE('',#14676,#14677);
#14676 = CARTESIAN_POINT('',(14.,0.));
#14677 = VECTOR('',#14678,1.);
#14678 = DIRECTION('',(0.,1.));
#14679 = ( GEOMETRIC_REPRESENTATION_CONTEXT(2) 
PARAMETRIC_REPRESENTATION_CONTEXT() REPRESENTATION_CONTEXT('2D SPACE',''
  ) );
#14680 = ADVANCED_FACE('',(#14681),#6576,.T.);
#14681 = FACE_BOUND('',#14682,.F.);
#14682 = EDGE_LOOP('',(#14683,#14684,#14685,#14686,#14687,#14688,#14689,
    #14690));
#14683 = ORIENTED_EDGE('',*,*,#6560,.T.);
#14684 = ORIENTED_EDGE('',*,*,#6614,.T.);
#14685 = ORIENTED_EDGE('',*,*,#6712,.T.);
#14686 = ORIENTED_EDGE('',*,*,#6810,.T.);
#14687 = ORIENTED_EDGE('',*,*,#6908,.T.);
#14688 = ORIENTED_EDGE('',*,*,#6881,.T.);
#14689 = ORIENTED_EDGE('',*,*,#6783,.T.);
#14690 = ORIENTED_EDGE('',*,*,#6685,.T.);
#14691 = ADVANCED_FACE('',(#14692),#6973,.T.);
#14692 = FACE_BOUND('',#14693,.F.);
#14693 = EDGE_LOOP('',(#14694,#14695,#14696,#14697,#14698,#14699,#14700,
    #14701,#14702,#14703,#14704,#14705,#14706,#14707,#14708,#14709,
    #14710,#14711,#14712,#14713,#14714));
#14694 = ORIENTED_EDGE('',*,*,#6957,.T.);
#14695 = ORIENTED_EDGE('',*,*,#7011,.T.);
#14696 = ORIENTED_EDGE('',*,*,#7109,.T.);
#14697 = ORIENTED_EDGE('',*,*,#7207,.T.);
#14698 = ORIENTED_EDGE('',*,*,#7305,.T.);
#14699 = ORIENTED_EDGE('',*,*,#7403,.T.);
#14700 = ORIENTED_EDGE('',*,*,#7501,.T.);
#14701 = ORIENTED_EDGE('',*,*,#7599,.T.);
#14702 = ORIENTED_EDGE('',*,*,#7697,.T.);
#14703 = ORIENTED_EDGE('',*,*,#7795,.T.);
#14704 = ORIENTED_EDGE('',*,*,#7893,.T.);
#14705 = ORIENTED_EDGE('',*,*,#7942,.T.);
#14706 = ORIENTED_EDGE('',*,*,#7866,.T.);
#14707 = ORIENTED_EDGE('',*,*,#7768,.T.);
#14708 = ORIENTED_EDGE('',*,*,#7670,.T.);
#14709 = ORIENTED_EDGE('',*,*,#7572,.T.);
#14710 = ORIENTED_EDGE('',*,*,#7474,.T.);
#14711 = ORIENTED_EDGE('',*,*,#7376,.T.);
#14712 = ORIENTED_EDGE('',*,*,#7278,.T.);
#14713 = ORIENTED_EDGE('',*,*,#7180,.T.);
#14714 = ORIENTED_EDGE('',*,*,#7082,.T.);
#14715 = ADVANCED_FACE('',(#14716),#8007,.T.);
#14716 = FACE_BOUND('',#14717,.F.);
#14717 = EDGE_LOOP('',(#14718,#14719,#14720,#14721));
#14718 = ORIENTED_EDGE('',*,*,#7991,.T.);
#14719 = ORIENTED_EDGE('',*,*,#8045,.T.);
#14720 = ORIENTED_EDGE('',*,*,#8143,.T.);
#14721 = ORIENTED_EDGE('',*,*,#8116,.T.);
#14722 = ADVANCED_FACE('',(#14723,#14741),#8208,.T.);
#14723 = FACE_BOUND('',#14724,.F.);
#14724 = EDGE_LOOP('',(#14725,#14726,#14727,#14728,#14729,#14730,#14731,
    #14732,#14733,#14734,#14735,#14736,#14737,#14738,#14739,#14740));
#14725 = ORIENTED_EDGE('',*,*,#8192,.T.);
#14726 = ORIENTED_EDGE('',*,*,#8246,.T.);
#14727 = ORIENTED_EDGE('',*,*,#8344,.T.);
#14728 = ORIENTED_EDGE('',*,*,#8442,.T.);
#14729 = ORIENTED_EDGE('',*,*,#8540,.T.);
#14730 = ORIENTED_EDGE('',*,*,#8638,.T.);
#14731 = ORIENTED_EDGE('',*,*,#8736,.T.);
#14732 = ORIENTED_EDGE('',*,*,#8834,.T.);
#14733 = ORIENTED_EDGE('',*,*,#8932,.T.);
#14734 = ORIENTED_EDGE('',*,*,#8905,.T.);
#14735 = ORIENTED_EDGE('',*,*,#8807,.T.);
#14736 = ORIENTED_EDGE('',*,*,#8709,.T.);
#14737 = ORIENTED_EDGE('',*,*,#8611,.T.);
#14738 = ORIENTED_EDGE('',*,*,#8513,.T.);
#14739 = ORIENTED_EDGE('',*,*,#8415,.T.);
#14740 = ORIENTED_EDGE('',*,*,#8317,.T.);
#14741 = FACE_BOUND('',#14742,.F.);
#14742 = EDGE_LOOP('',(#14743,#14775,#14805,#14835,#14865,#14895,#14925,
    #14955));
#14743 = ORIENTED_EDGE('',*,*,#14744,.T.);
#14744 = EDGE_CURVE('',#14745,#14747,#14749,.T.);
#14745 = VERTEX_POINT('',#14746);
#14746 = CARTESIAN_POINT('',(21.05,4.71484375,4.6));
#14747 = VERTEX_POINT('',#14748);
#14748 = CARTESIAN_POINT('',(21.1484375,4.384375,4.6));
#14749 = SURFACE_CURVE('',#14750,(#14754,#14761),.PCURVE_S1.);
#14750 = B_SPLINE_CURVE_WITH_KNOTS('',2,(#14751,#14752,#14753),
  .UNSPECIFIED.,.F.,.F.,(3,3),(0.,1.),.PIECEWISE_BEZIER_KNOTS.);
#14751 = CARTESIAN_POINT('',(21.05,4.71484375,4.6));
#14752 = CARTESIAN_POINT('',(21.05,4.50078125,4.6));
#14753 = CARTESIAN_POINT('',(21.1484375,4.384375,4.6));
#14754 = PCURVE('',#8208,#14755);
#14755 = DEFINITIONAL_REPRESENTATION('',(#14756),#14760);
#14756 = B_SPLINE_CURVE_WITH_KNOTS('',2,(#14757,#14758,#14759),
  .UNSPECIFIED.,.F.,.F.,(3,3),(0.,1.),.PIECEWISE_BEZIER_KNOTS.);
#14757 = CARTESIAN_POINT('',(0.628125,0.771875));
#14758 = CARTESIAN_POINT('',(0.628125,0.5578125));
#14759 = CARTESIAN_POINT('',(0.7265625,0.44140625));
#14760 = ( GEOMETRIC_REPRESENTATION_CONTEXT(2) 
PARAMETRIC_REPRESENTATION_CONTEXT() REPRESENTATION_CONTEXT('2D SPACE',''
  ) );
#14761 = PCURVE('',#14762,#14769);
#14762 = SURFACE_OF_LINEAR_EXTRUSION('',#14763,#14767);
#14763 = B_SPLINE_CURVE_WITH_KNOTS('',2,(#14764,#14765,#14766),
  .UNSPECIFIED.,.F.,.F.,(3,3),(0.,1.),.PIECEWISE_BEZIER_KNOTS.);
#14764 = CARTESIAN_POINT('',(21.05,4.71484375,3.95));
#14765 = CARTESIAN_POINT('',(21.05,4.50078125,3.95));
#14766 = CARTESIAN_POINT('',(21.1484375,4.384375,3.95));
#14767 = VECTOR('',#14768,1.);
#14768 = DIRECTION('',(-0.,-0.,-1.));
#14769 = DEFINITIONAL_REPRESENTATION('',(#14770),#14774);
#14770 = LINE('',#14771,#14772);
#14771 = CARTESIAN_POINT('',(0.,-0.65));
#14772 = VECTOR('',#14773,1.);
#14773 = DIRECTION('',(1.,0.));
#14774 = ( GEOMETRIC_REPRESENTATION_CONTEXT(2) 
PARAMETRIC_REPRESENTATION_CONTEXT() REPRESENTATION_CONTEXT('2D SPACE',''
  ) );
#14775 = ORIENTED_EDGE('',*,*,#14776,.T.);
#14776 = EDGE_CURVE('',#14747,#14777,#14779,.T.);
#14777 = VERTEX_POINT('',#14778);
#14778 = CARTESIAN_POINT('',(21.3734375,4.26796875,4.6));
#14779 = SURFACE_CURVE('',#14780,(#14784,#14791),.PCURVE_S1.);
#14780 = B_SPLINE_CURVE_WITH_KNOTS('',2,(#14781,#14782,#14783),
  .UNSPECIFIED.,.F.,.F.,(3,3),(0.,1.),.PIECEWISE_BEZIER_KNOTS.);
#14781 = CARTESIAN_POINT('',(21.1484375,4.384375,4.6));
#14782 = CARTESIAN_POINT('',(21.246875,4.26796875,4.6));
#14783 = CARTESIAN_POINT('',(21.3734375,4.26796875,4.6));
#14784 = PCURVE('',#8208,#14785);
#14785 = DEFINITIONAL_REPRESENTATION('',(#14786),#14790);
#14786 = B_SPLINE_CURVE_WITH_KNOTS('',2,(#14787,#14788,#14789),
  .UNSPECIFIED.,.F.,.F.,(3,3),(0.,1.),.PIECEWISE_BEZIER_KNOTS.);
#14787 = CARTESIAN_POINT('',(0.7265625,0.44140625));
#14788 = CARTESIAN_POINT('',(0.825,0.325));
#14789 = CARTESIAN_POINT('',(0.9515625,0.325));
#14790 = ( GEOMETRIC_REPRESENTATION_CONTEXT(2) 
PARAMETRIC_REPRESENTATION_CONTEXT() REPRESENTATION_CONTEXT('2D SPACE',''
  ) );
#14791 = PCURVE('',#14792,#14799);
#14792 = SURFACE_OF_LINEAR_EXTRUSION('',#14793,#14797);
#14793 = B_SPLINE_CURVE_WITH_KNOTS('',2,(#14794,#14795,#14796),
  .UNSPECIFIED.,.F.,.F.,(3,3),(0.,1.),.PIECEWISE_BEZIER_KNOTS.);
#14794 = CARTESIAN_POINT('',(21.1484375,4.384375,3.95));
#14795 = CARTESIAN_POINT('',(21.246875,4.26796875,3.95));
#14796 = CARTESIAN_POINT('',(21.3734375,4.26796875,3.95));
#14797 = VECTOR('',#14798,1.);
#14798 = DIRECTION('',(-0.,-0.,-1.));
#14799 = DEFINITIONAL_REPRESENTATION('',(#14800),#14804);
#14800 = LINE('',#14801,#14802);
#14801 = CARTESIAN_POINT('',(0.,-0.65));
#14802 = VECTOR('',#14803,1.);
#14803 = DIRECTION('',(1.,0.));
#14804 = ( GEOMETRIC_REPRESENTATION_CONTEXT(2) 
PARAMETRIC_REPRESENTATION_CONTEXT() REPRESENTATION_CONTEXT('2D SPACE',''
  ) );
#14805 = ORIENTED_EDGE('',*,*,#14806,.T.);
#14806 = EDGE_CURVE('',#14777,#14807,#14809,.T.);
#14807 = VERTEX_POINT('',#14808);
#14808 = CARTESIAN_POINT('',(21.5765625,4.36328125,4.6));
#14809 = SURFACE_CURVE('',#14810,(#14814,#14821),.PCURVE_S1.);
#14810 = B_SPLINE_CURVE_WITH_KNOTS('',2,(#14811,#14812,#14813),
  .UNSPECIFIED.,.F.,.F.,(3,3),(0.,1.),.PIECEWISE_BEZIER_KNOTS.);
#14811 = CARTESIAN_POINT('',(21.3734375,4.26796875,4.6));
#14812 = CARTESIAN_POINT('',(21.4953125,4.26796875,4.6));
#14813 = CARTESIAN_POINT('',(21.5765625,4.36328125,4.6));
#14814 = PCURVE('',#8208,#14815);
#14815 = DEFINITIONAL_REPRESENTATION('',(#14816),#14820);
#14816 = B_SPLINE_CURVE_WITH_KNOTS('',2,(#14817,#14818,#14819),
  .UNSPECIFIED.,.F.,.F.,(3,3),(0.,1.),.PIECEWISE_BEZIER_KNOTS.);
#14817 = CARTESIAN_POINT('',(0.9515625,0.325));
#14818 = CARTESIAN_POINT('',(1.0734375,0.325));
#14819 = CARTESIAN_POINT('',(1.1546875,0.4203125));
#14820 = ( GEOMETRIC_REPRESENTATION_CONTEXT(2) 
PARAMETRIC_REPRESENTATION_CONTEXT() REPRESENTATION_CONTEXT('2D SPACE',''
  ) );
#14821 = PCURVE('',#14822,#14829);
#14822 = SURFACE_OF_LINEAR_EXTRUSION('',#14823,#14827);
#14823 = B_SPLINE_CURVE_WITH_KNOTS('',2,(#14824,#14825,#14826),
  .UNSPECIFIED.,.F.,.F.,(3,3),(0.,1.),.PIECEWISE_BEZIER_KNOTS.);
#14824 = CARTESIAN_POINT('',(21.3734375,4.26796875,3.95));
#14825 = CARTESIAN_POINT('',(21.4953125,4.26796875,3.95));
#14826 = CARTESIAN_POINT('',(21.5765625,4.36328125,3.95));
#14827 = VECTOR('',#14828,1.);
#14828 = DIRECTION('',(-0.,-0.,-1.));
#14829 = DEFINITIONAL_REPRESENTATION('',(#14830),#14834);
#14830 = LINE('',#14831,#14832);
#14831 = CARTESIAN_POINT('',(0.,-0.65));
#14832 = VECTOR('',#14833,1.);
#14833 = DIRECTION('',(1.,0.));
#14834 = ( GEOMETRIC_REPRESENTATION_CONTEXT(2) 
PARAMETRIC_REPRESENTATION_CONTEXT() REPRESENTATION_CONTEXT('2D SPACE',''
  ) );
#14835 = ORIENTED_EDGE('',*,*,#14836,.T.);
#14836 = EDGE_CURVE('',#14807,#14837,#14839,.T.);
#14837 = VERTEX_POINT('',#14838);
#14838 = CARTESIAN_POINT('',(21.6578125,4.67578125,4.6));
#14839 = SURFACE_CURVE('',#14840,(#14844,#14851),.PCURVE_S1.);
#14840 = B_SPLINE_CURVE_WITH_KNOTS('',2,(#14841,#14842,#14843),
  .UNSPECIFIED.,.F.,.F.,(3,3),(0.,1.),.PIECEWISE_BEZIER_KNOTS.);
#14841 = CARTESIAN_POINT('',(21.5765625,4.36328125,4.6));
#14842 = CARTESIAN_POINT('',(21.6578125,4.45859375,4.6));
#14843 = CARTESIAN_POINT('',(21.6578125,4.67578125,4.6));
#14844 = PCURVE('',#8208,#14845);
#14845 = DEFINITIONAL_REPRESENTATION('',(#14846),#14850);
#14846 = B_SPLINE_CURVE_WITH_KNOTS('',2,(#14847,#14848,#14849),
  .UNSPECIFIED.,.F.,.F.,(3,3),(0.,1.),.PIECEWISE_BEZIER_KNOTS.);
#14847 = CARTESIAN_POINT('',(1.1546875,0.4203125));
#14848 = CARTESIAN_POINT('',(1.2359375,0.515625));
#14849 = CARTESIAN_POINT('',(1.2359375,0.7328125));
#14850 = ( GEOMETRIC_REPRESENTATION_CONTEXT(2) 
PARAMETRIC_REPRESENTATION_CONTEXT() REPRESENTATION_CONTEXT('2D SPACE',''
  ) );
#14851 = PCURVE('',#14852,#14859);
#14852 = SURFACE_OF_LINEAR_EXTRUSION('',#14853,#14857);
#14853 = B_SPLINE_CURVE_WITH_KNOTS('',2,(#14854,#14855,#14856),
  .UNSPECIFIED.,.F.,.F.,(3,3),(0.,1.),.PIECEWISE_BEZIER_KNOTS.);
#14854 = CARTESIAN_POINT('',(21.5765625,4.36328125,3.95));
#14855 = CARTESIAN_POINT('',(21.6578125,4.45859375,3.95));
#14856 = CARTESIAN_POINT('',(21.6578125,4.67578125,3.95));
#14857 = VECTOR('',#14858,1.);
#14858 = DIRECTION('',(-0.,-0.,-1.));
#14859 = DEFINITIONAL_REPRESENTATION('',(#14860),#14864);
#14860 = LINE('',#14861,#14862);
#14861 = CARTESIAN_POINT('',(0.,-0.65));
#14862 = VECTOR('',#14863,1.);
#14863 = DIRECTION('',(1.,0.));
#14864 = ( GEOMETRIC_REPRESENTATION_CONTEXT(2) 
PARAMETRIC_REPRESENTATION_CONTEXT() REPRESENTATION_CONTEXT('2D SPACE',''
  ) );
#14865 = ORIENTED_EDGE('',*,*,#14866,.T.);
#14866 = EDGE_CURVE('',#14837,#14867,#14869,.T.);
#14867 = VERTEX_POINT('',#14868);
#14868 = CARTESIAN_POINT('',(21.5703125,5.003125,4.6));
#14869 = SURFACE_CURVE('',#14870,(#14874,#14881),.PCURVE_S1.);
#14870 = B_SPLINE_CURVE_WITH_KNOTS('',2,(#14871,#14872,#14873),
  .UNSPECIFIED.,.F.,.F.,(3,3),(0.,1.),.PIECEWISE_BEZIER_KNOTS.);
#14871 = CARTESIAN_POINT('',(21.6578125,4.67578125,4.6));
#14872 = CARTESIAN_POINT('',(21.6578125,4.89921875,4.6));
#14873 = CARTESIAN_POINT('',(21.5703125,5.003125,4.6));
#14874 = PCURVE('',#8208,#14875);
#14875 = DEFINITIONAL_REPRESENTATION('',(#14876),#14880);
#14876 = B_SPLINE_CURVE_WITH_KNOTS('',2,(#14877,#14878,#14879),
  .UNSPECIFIED.,.F.,.F.,(3,3),(0.,1.),.PIECEWISE_BEZIER_KNOTS.);
#14877 = CARTESIAN_POINT('',(1.2359375,0.7328125));
#14878 = CARTESIAN_POINT('',(1.2359375,0.95625));
#14879 = CARTESIAN_POINT('',(1.1484375,1.06015625));
#14880 = ( GEOMETRIC_REPRESENTATION_CONTEXT(2) 
PARAMETRIC_REPRESENTATION_CONTEXT() REPRESENTATION_CONTEXT('2D SPACE',''
  ) );
#14881 = PCURVE('',#14882,#14889);
#14882 = SURFACE_OF_LINEAR_EXTRUSION('',#14883,#14887);
#14883 = B_SPLINE_CURVE_WITH_KNOTS('',2,(#14884,#14885,#14886),
  .UNSPECIFIED.,.F.,.F.,(3,3),(0.,1.),.PIECEWISE_BEZIER_KNOTS.);
#14884 = CARTESIAN_POINT('',(21.6578125,4.67578125,3.95));
#14885 = CARTESIAN_POINT('',(21.6578125,4.89921875,3.95));
#14886 = CARTESIAN_POINT('',(21.5703125,5.003125,3.95));
#14887 = VECTOR('',#14888,1.);
#14888 = DIRECTION('',(-0.,-0.,-1.));
#14889 = DEFINITIONAL_REPRESENTATION('',(#14890),#14894);
#14890 = LINE('',#14891,#14892);
#14891 = CARTESIAN_POINT('',(0.,-0.65));
#14892 = VECTOR('',#14893,1.);
#14893 = DIRECTION('',(1.,0.));
#14894 = ( GEOMETRIC_REPRESENTATION_CONTEXT(2) 
PARAMETRIC_REPRESENTATION_CONTEXT() REPRESENTATION_CONTEXT('2D SPACE',''
  ) );
#14895 = ORIENTED_EDGE('',*,*,#14896,.T.);
#14896 = EDGE_CURVE('',#14867,#14897,#14899,.T.);
#14897 = VERTEX_POINT('',#14898);
#14898 = CARTESIAN_POINT('',(21.3515625,5.10703125,4.6));
#14899 = SURFACE_CURVE('',#14900,(#14904,#14911),.PCURVE_S1.);
#14900 = B_SPLINE_CURVE_WITH_KNOTS('',2,(#14901,#14902,#14903),
  .UNSPECIFIED.,.F.,.F.,(3,3),(0.,1.),.PIECEWISE_BEZIER_KNOTS.);
#14901 = CARTESIAN_POINT('',(21.5703125,5.003125,4.6));
#14902 = CARTESIAN_POINT('',(21.4828125,5.10703125,4.6));
#14903 = CARTESIAN_POINT('',(21.3515625,5.10703125,4.6));
#14904 = PCURVE('',#8208,#14905);
#14905 = DEFINITIONAL_REPRESENTATION('',(#14906),#14910);
#14906 = B_SPLINE_CURVE_WITH_KNOTS('',2,(#14907,#14908,#14909),
  .UNSPECIFIED.,.F.,.F.,(3,3),(0.,1.),.PIECEWISE_BEZIER_KNOTS.);
#14907 = CARTESIAN_POINT('',(1.1484375,1.06015625));
#14908 = CARTESIAN_POINT('',(1.0609375,1.1640625));
#14909 = CARTESIAN_POINT('',(0.9296875,1.1640625));
#14910 = ( GEOMETRIC_REPRESENTATION_CONTEXT(2) 
PARAMETRIC_REPRESENTATION_CONTEXT() REPRESENTATION_CONTEXT('2D SPACE',''
  ) );
#14911 = PCURVE('',#14912,#14919);
#14912 = SURFACE_OF_LINEAR_EXTRUSION('',#14913,#14917);
#14913 = B_SPLINE_CURVE_WITH_KNOTS('',2,(#14914,#14915,#14916),
  .UNSPECIFIED.,.F.,.F.,(3,3),(0.,1.),.PIECEWISE_BEZIER_KNOTS.);
#14914 = CARTESIAN_POINT('',(21.5703125,5.003125,3.95));
#14915 = CARTESIAN_POINT('',(21.4828125,5.10703125,3.95));
#14916 = CARTESIAN_POINT('',(21.3515625,5.10703125,3.95));
#14917 = VECTOR('',#14918,1.);
#14918 = DIRECTION('',(-0.,-0.,-1.));
#14919 = DEFINITIONAL_REPRESENTATION('',(#14920),#14924);
#14920 = LINE('',#14921,#14922);
#14921 = CARTESIAN_POINT('',(0.,-0.65));
#14922 = VECTOR('',#14923,1.);
#14923 = DIRECTION('',(1.,0.));
#14924 = ( GEOMETRIC_REPRESENTATION_CONTEXT(2) 
PARAMETRIC_REPRESENTATION_CONTEXT() REPRESENTATION_CONTEXT('2D SPACE',''
  ) );
#14925 = ORIENTED_EDGE('',*,*,#14926,.T.);
#14926 = EDGE_CURVE('',#14897,#14927,#14929,.T.);
#14927 = VERTEX_POINT('',#14928);
#14928 = CARTESIAN_POINT('',(21.1375,5.0078125,4.6));
#14929 = SURFACE_CURVE('',#14930,(#14934,#14941),.PCURVE_S1.);
#14930 = B_SPLINE_CURVE_WITH_KNOTS('',2,(#14931,#14932,#14933),
  .UNSPECIFIED.,.F.,.F.,(3,3),(0.,1.),.PIECEWISE_BEZIER_KNOTS.);
#14931 = CARTESIAN_POINT('',(21.3515625,5.10703125,4.6));
#14932 = CARTESIAN_POINT('',(21.225,5.10703125,4.6));
#14933 = CARTESIAN_POINT('',(21.1375,5.0078125,4.6));
#14934 = PCURVE('',#8208,#14935);
#14935 = DEFINITIONAL_REPRESENTATION('',(#14936),#14940);
#14936 = B_SPLINE_CURVE_WITH_KNOTS('',2,(#14937,#14938,#14939),
  .UNSPECIFIED.,.F.,.F.,(3,3),(0.,1.),.PIECEWISE_BEZIER_KNOTS.);
#14937 = CARTESIAN_POINT('',(0.9296875,1.1640625));
#14938 = CARTESIAN_POINT('',(0.803125,1.1640625));
#14939 = CARTESIAN_POINT('',(0.715625,1.06484375));
#14940 = ( GEOMETRIC_REPRESENTATION_CONTEXT(2) 
PARAMETRIC_REPRESENTATION_CONTEXT() REPRESENTATION_CONTEXT('2D SPACE',''
  ) );
#14941 = PCURVE('',#14942,#14949);
#14942 = SURFACE_OF_LINEAR_EXTRUSION('',#14943,#14947);
#14943 = B_SPLINE_CURVE_WITH_KNOTS('',2,(#14944,#14945,#14946),
  .UNSPECIFIED.,.F.,.F.,(3,3),(0.,1.),.PIECEWISE_BEZIER_KNOTS.);
#14944 = CARTESIAN_POINT('',(21.3515625,5.10703125,3.95));
#14945 = CARTESIAN_POINT('',(21.225,5.10703125,3.95));
#14946 = CARTESIAN_POINT('',(21.1375,5.0078125,3.95));
#14947 = VECTOR('',#14948,1.);
#14948 = DIRECTION('',(-0.,-0.,-1.));
#14949 = DEFINITIONAL_REPRESENTATION('',(#14950),#14954);
#14950 = LINE('',#14951,#14952);
#14951 = CARTESIAN_POINT('',(0.,-0.65));
#14952 = VECTOR('',#14953,1.);
#14953 = DIRECTION('',(1.,0.));
#14954 = ( GEOMETRIC_REPRESENTATION_CONTEXT(2) 
PARAMETRIC_REPRESENTATION_CONTEXT() REPRESENTATION_CONTEXT('2D SPACE',''
  ) );
#14955 = ORIENTED_EDGE('',*,*,#14956,.T.);
#14956 = EDGE_CURVE('',#14927,#14745,#14957,.T.);
#14957 = SURFACE_CURVE('',#14958,(#14962,#14969),.PCURVE_S1.);
#14958 = B_SPLINE_CURVE_WITH_KNOTS('',2,(#14959,#14960,#14961),
  .UNSPECIFIED.,.F.,.F.,(3,3),(0.,1.),.PIECEWISE_BEZIER_KNOTS.);
#14959 = CARTESIAN_POINT('',(21.1375,5.0078125,4.6));
#14960 = CARTESIAN_POINT('',(21.05,4.90859375,4.6));
#14961 = CARTESIAN_POINT('',(21.05,4.71484375,4.6));
#14962 = PCURVE('',#8208,#14963);
#14963 = DEFINITIONAL_REPRESENTATION('',(#14964),#14968);
#14964 = B_SPLINE_CURVE_WITH_KNOTS('',2,(#14965,#14966,#14967),
  .UNSPECIFIED.,.F.,.F.,(3,3),(0.,1.),.PIECEWISE_BEZIER_KNOTS.);
#14965 = CARTESIAN_POINT('',(0.715625,1.06484375));
#14966 = CARTESIAN_POINT('',(0.628125,0.965625));
#14967 = CARTESIAN_POINT('',(0.628125,0.771875));
#14968 = ( GEOMETRIC_REPRESENTATION_CONTEXT(2) 
PARAMETRIC_REPRESENTATION_CONTEXT() REPRESENTATION_CONTEXT('2D SPACE',''
  ) );
#14969 = PCURVE('',#14970,#14977);
#14970 = SURFACE_OF_LINEAR_EXTRUSION('',#14971,#14975);
#14971 = B_SPLINE_CURVE_WITH_KNOTS('',2,(#14972,#14973,#14974),
  .UNSPECIFIED.,.F.,.F.,(3,3),(0.,1.),.PIECEWISE_BEZIER_KNOTS.);
#14972 = CARTESIAN_POINT('',(21.1375,5.0078125,3.95));
#14973 = CARTESIAN_POINT('',(21.05,4.90859375,3.95));
#14974 = CARTESIAN_POINT('',(21.05,4.71484375,3.95));
#14975 = VECTOR('',#14976,1.);
#14976 = DIRECTION('',(-0.,-0.,-1.));
#14977 = DEFINITIONAL_REPRESENTATION('',(#14978),#14982);
#14978 = LINE('',#14979,#14980);
#14979 = CARTESIAN_POINT('',(0.,-0.65));
#14980 = VECTOR('',#14981,1.);
#14981 = DIRECTION('',(1.,0.));
#14982 = ( GEOMETRIC_REPRESENTATION_CONTEXT(2) 
PARAMETRIC_REPRESENTATION_CONTEXT() REPRESENTATION_CONTEXT('2D SPACE',''
  ) );
#14983 = ADVANCED_FACE('',(#14984),#8997,.T.);
#14984 = FACE_BOUND('',#14985,.F.);
#14985 = EDGE_LOOP('',(#14986,#14987,#14988,#14989,#14990,#14991,#14992,
    #14993));
#14986 = ORIENTED_EDGE('',*,*,#8981,.T.);
#14987 = ORIENTED_EDGE('',*,*,#9035,.T.);
#14988 = ORIENTED_EDGE('',*,*,#9133,.T.);
#14989 = ORIENTED_EDGE('',*,*,#9231,.T.);
#14990 = ORIENTED_EDGE('',*,*,#9329,.T.);
#14991 = ORIENTED_EDGE('',*,*,#9302,.T.);
#14992 = ORIENTED_EDGE('',*,*,#9204,.T.);
#14993 = ORIENTED_EDGE('',*,*,#9106,.T.);
#14994 = ADVANCED_FACE('',(#14995),#9394,.T.);
#14995 = FACE_BOUND('',#14996,.F.);
#14996 = EDGE_LOOP('',(#14997,#14998,#14999,#15000,#15001,#15002,#15003,
    #15004,#15005,#15006,#15007,#15008,#15009,#15010,#15011,#15012,
    #15013,#15014,#15015,#15016,#15017,#15018,#15019,#15020,#15021,
    #15022,#15023,#15024));
#14997 = ORIENTED_EDGE('',*,*,#9378,.T.);
#14998 = ORIENTED_EDGE('',*,*,#9432,.T.);
#14999 = ORIENTED_EDGE('',*,*,#9530,.T.);
#15000 = ORIENTED_EDGE('',*,*,#9628,.T.);
#15001 = ORIENTED_EDGE('',*,*,#9726,.T.);
#15002 = ORIENTED_EDGE('',*,*,#9824,.T.);
#15003 = ORIENTED_EDGE('',*,*,#9922,.T.);
#15004 = ORIENTED_EDGE('',*,*,#10020,.T.);
#15005 = ORIENTED_EDGE('',*,*,#10118,.T.);
#15006 = ORIENTED_EDGE('',*,*,#10216,.T.);
#15007 = ORIENTED_EDGE('',*,*,#10314,.T.);
#15008 = ORIENTED_EDGE('',*,*,#10412,.T.);
#15009 = ORIENTED_EDGE('',*,*,#10510,.T.);
#15010 = ORIENTED_EDGE('',*,*,#10608,.T.);
#15011 = ORIENTED_EDGE('',*,*,#10706,.T.);
#15012 = ORIENTED_EDGE('',*,*,#10679,.T.);
#15013 = ORIENTED_EDGE('',*,*,#10581,.T.);
#15014 = ORIENTED_EDGE('',*,*,#10483,.T.);
#15015 = ORIENTED_EDGE('',*,*,#10385,.T.);
#15016 = ORIENTED_EDGE('',*,*,#10287,.T.);
#15017 = ORIENTED_EDGE('',*,*,#10189,.T.);
#15018 = ORIENTED_EDGE('',*,*,#10091,.T.);
#15019 = ORIENTED_EDGE('',*,*,#9993,.T.);
#15020 = ORIENTED_EDGE('',*,*,#9895,.T.);
#15021 = ORIENTED_EDGE('',*,*,#9797,.T.);
#15022 = ORIENTED_EDGE('',*,*,#9699,.T.);
#15023 = ORIENTED_EDGE('',*,*,#9601,.T.);
#15024 = ORIENTED_EDGE('',*,*,#9503,.T.);
#15025 = ADVANCED_FACE('',(#15026),#10771,.T.);
#15026 = FACE_BOUND('',#15027,.F.);
#15027 = EDGE_LOOP('',(#15028,#15029,#15030,#15031));
#15028 = ORIENTED_EDGE('',*,*,#10755,.T.);
#15029 = ORIENTED_EDGE('',*,*,#10809,.T.);
#15030 = ORIENTED_EDGE('',*,*,#10907,.T.);
#15031 = ORIENTED_EDGE('',*,*,#10880,.T.);
#15032 = ADVANCED_FACE('',(#15033),#10972,.T.);
#15033 = FACE_BOUND('',#15034,.F.);
#15034 = EDGE_LOOP('',(#15035,#15036,#15037,#15038,#15039,#15040,#15041,
    #15042,#15043,#15044,#15045,#15046,#15047,#15048,#15049,#15050,
    #15051,#15052,#15053,#15054,#15055));
#15035 = ORIENTED_EDGE('',*,*,#10956,.T.);
#15036 = ORIENTED_EDGE('',*,*,#11010,.T.);
#15037 = ORIENTED_EDGE('',*,*,#11108,.T.);
#15038 = ORIENTED_EDGE('',*,*,#11206,.T.);
#15039 = ORIENTED_EDGE('',*,*,#11304,.T.);
#15040 = ORIENTED_EDGE('',*,*,#11402,.T.);
#15041 = ORIENTED_EDGE('',*,*,#11500,.T.);
#15042 = ORIENTED_EDGE('',*,*,#11598,.T.);
#15043 = ORIENTED_EDGE('',*,*,#11696,.T.);
#15044 = ORIENTED_EDGE('',*,*,#11794,.T.);
#15045 = ORIENTED_EDGE('',*,*,#11892,.T.);
#15046 = ORIENTED_EDGE('',*,*,#11941,.T.);
#15047 = ORIENTED_EDGE('',*,*,#11865,.T.);
#15048 = ORIENTED_EDGE('',*,*,#11767,.T.);
#15049 = ORIENTED_EDGE('',*,*,#11669,.T.);
#15050 = ORIENTED_EDGE('',*,*,#11571,.T.);
#15051 = ORIENTED_EDGE('',*,*,#11473,.T.);
#15052 = ORIENTED_EDGE('',*,*,#11375,.T.);
#15053 = ORIENTED_EDGE('',*,*,#11277,.T.);
#15054 = ORIENTED_EDGE('',*,*,#11179,.T.);
#15055 = ORIENTED_EDGE('',*,*,#11081,.T.);
#15056 = ADVANCED_FACE('',(#15057),#12006,.T.);
#15057 = FACE_BOUND('',#15058,.F.);
#15058 = EDGE_LOOP('',(#15059,#15060,#15061,#15062,#15063,#15064,#15065,
    #15066));
#15059 = ORIENTED_EDGE('',*,*,#11990,.T.);
#15060 = ORIENTED_EDGE('',*,*,#12338,.T.);
#15061 = ORIENTED_EDGE('',*,*,#12311,.T.);
#15062 = ORIENTED_EDGE('',*,*,#12262,.T.);
#15063 = ORIENTED_EDGE('',*,*,#12213,.T.);
#15064 = ORIENTED_EDGE('',*,*,#12164,.T.);
#15065 = ORIENTED_EDGE('',*,*,#12115,.T.);
#15066 = ORIENTED_EDGE('',*,*,#12066,.T.);
#15067 = ADVANCED_FACE('',(#15068),#12403,.T.);
#15068 = FACE_BOUND('',#15069,.F.);
#15069 = EDGE_LOOP('',(#15070,#15071,#15072,#15073));
#15070 = ORIENTED_EDGE('',*,*,#12387,.T.);
#15071 = ORIENTED_EDGE('',*,*,#12539,.T.);
#15072 = ORIENTED_EDGE('',*,*,#12512,.T.);
#15073 = ORIENTED_EDGE('',*,*,#12463,.T.);
#15074 = ADVANCED_FACE('',(#15075,#15088),#12604,.T.);
#15075 = FACE_BOUND('',#15076,.F.);
#15076 = EDGE_LOOP('',(#15077,#15078,#15079,#15080,#15081,#15082,#15083,
    #15084,#15085,#15086,#15087));
#15077 = ORIENTED_EDGE('',*,*,#12588,.T.);
#15078 = ORIENTED_EDGE('',*,*,#13083,.T.);
#15079 = ORIENTED_EDGE('',*,*,#13056,.T.);
#15080 = ORIENTED_EDGE('',*,*,#13007,.T.);
#15081 = ORIENTED_EDGE('',*,*,#12958,.T.);
#15082 = ORIENTED_EDGE('',*,*,#12909,.T.);
#15083 = ORIENTED_EDGE('',*,*,#12860,.T.);
#15084 = ORIENTED_EDGE('',*,*,#12811,.T.);
#15085 = ORIENTED_EDGE('',*,*,#12762,.T.);
#15086 = ORIENTED_EDGE('',*,*,#12713,.T.);
#15087 = ORIENTED_EDGE('',*,*,#12664,.T.);
#15088 = FACE_BOUND('',#15089,.F.);
#15089 = EDGE_LOOP('',(#15090,#15120,#15148));
#15090 = ORIENTED_EDGE('',*,*,#15091,.T.);
#15091 = EDGE_CURVE('',#15092,#15094,#15096,.T.);
#15092 = VERTEX_POINT('',#15093);
#15093 = CARTESIAN_POINT('',(66.2234375,4.78984375,4.6));
#15094 = VERTEX_POINT('',#15095);
#15095 = CARTESIAN_POINT('',(66.75,4.78984375,4.6));
#15096 = SURFACE_CURVE('',#15097,(#15101,#15108),.PCURVE_S1.);
#15097 = LINE('',#15098,#15099);
#15098 = CARTESIAN_POINT('',(66.2234375,4.78984375,4.6));
#15099 = VECTOR('',#15100,1.);
#15100 = DIRECTION('',(1.,0.,0.));
#15101 = PCURVE('',#12604,#15102);
#15102 = DEFINITIONAL_REPRESENTATION('',(#15103),#15107);
#15103 = LINE('',#15104,#15105);
#15104 = CARTESIAN_POINT('',(0.4703125,0.846875));
#15105 = VECTOR('',#15106,1.);
#15106 = DIRECTION('',(1.,0.));
#15107 = ( GEOMETRIC_REPRESENTATION_CONTEXT(2) 
PARAMETRIC_REPRESENTATION_CONTEXT() REPRESENTATION_CONTEXT('2D SPACE',''
  ) );
#15108 = PCURVE('',#15109,#15114);
#15109 = PLANE('',#15110);
#15110 = AXIS2_PLACEMENT_3D('',#15111,#15112,#15113);
#15111 = CARTESIAN_POINT('',(66.2234375,4.78984375,3.95));
#15112 = DIRECTION('',(0.,1.,0.));
#15113 = DIRECTION('',(1.,0.,0.));
#15114 = DEFINITIONAL_REPRESENTATION('',(#15115),#15119);
#15115 = LINE('',#15116,#15117);
#15116 = CARTESIAN_POINT('',(0.,-0.65));
#15117 = VECTOR('',#15118,1.);
#15118 = DIRECTION('',(1.,0.));
#15119 = ( GEOMETRIC_REPRESENTATION_CONTEXT(2) 
PARAMETRIC_REPRESENTATION_CONTEXT() REPRESENTATION_CONTEXT('2D SPACE',''
  ) );
#15120 = ORIENTED_EDGE('',*,*,#15121,.T.);
#15121 = EDGE_CURVE('',#15094,#15122,#15124,.T.);
#15122 = VERTEX_POINT('',#15123);
#15123 = CARTESIAN_POINT('',(66.75,5.57265625,4.6));
#15124 = SURFACE_CURVE('',#15125,(#15129,#15136),.PCURVE_S1.);
#15125 = LINE('',#15126,#15127);
#15126 = CARTESIAN_POINT('',(66.75,4.78984375,4.6));
#15127 = VECTOR('',#15128,1.);
#15128 = DIRECTION('',(0.,1.,0.));
#15129 = PCURVE('',#12604,#15130);
#15130 = DEFINITIONAL_REPRESENTATION('',(#15131),#15135);
#15131 = LINE('',#15132,#15133);
#15132 = CARTESIAN_POINT('',(0.996875,0.846875));
#15133 = VECTOR('',#15134,1.);
#15134 = DIRECTION('',(0.,1.));
#15135 = ( GEOMETRIC_REPRESENTATION_CONTEXT(2) 
PARAMETRIC_REPRESENTATION_CONTEXT() REPRESENTATION_CONTEXT('2D SPACE',''
  ) );
#15136 = PCURVE('',#15137,#15142);
#15137 = PLANE('',#15138);
#15138 = AXIS2_PLACEMENT_3D('',#15139,#15140,#15141);
#15139 = CARTESIAN_POINT('',(66.75,4.78984375,3.95));
#15140 = DIRECTION('',(-1.,0.,0.));
#15141 = DIRECTION('',(0.,1.,0.));
#15142 = DEFINITIONAL_REPRESENTATION('',(#15143),#15147);
#15143 = LINE('',#15144,#15145);
#15144 = CARTESIAN_POINT('',(0.,-0.65));
#15145 = VECTOR('',#15146,1.);
#15146 = DIRECTION('',(1.,0.));
#15147 = ( GEOMETRIC_REPRESENTATION_CONTEXT(2) 
PARAMETRIC_REPRESENTATION_CONTEXT() REPRESENTATION_CONTEXT('2D SPACE',''
  ) );
#15148 = ORIENTED_EDGE('',*,*,#15149,.T.);
#15149 = EDGE_CURVE('',#15122,#15092,#15150,.T.);
#15150 = SURFACE_CURVE('',#15151,(#15155,#15162),.PCURVE_S1.);
#15151 = LINE('',#15152,#15153);
#15152 = CARTESIAN_POINT('',(66.75,5.57265625,4.6));
#15153 = VECTOR('',#15154,1.);
#15154 = DIRECTION('',(-0.558135230391,-0.829750001263,0.));
#15155 = PCURVE('',#12604,#15156);
#15156 = DEFINITIONAL_REPRESENTATION('',(#15157),#15161);
#15157 = LINE('',#15158,#15159);
#15158 = CARTESIAN_POINT('',(0.996875,1.6296875));
#15159 = VECTOR('',#15160,1.);
#15160 = DIRECTION('',(-0.558135230391,-0.829750001263));
#15161 = ( GEOMETRIC_REPRESENTATION_CONTEXT(2) 
PARAMETRIC_REPRESENTATION_CONTEXT() REPRESENTATION_CONTEXT('2D SPACE',''
  ) );
#15162 = PCURVE('',#15163,#15168);
#15163 = PLANE('',#15164);
#15164 = AXIS2_PLACEMENT_3D('',#15165,#15166,#15167);
#15165 = CARTESIAN_POINT('',(66.75,5.57265625,3.95));
#15166 = DIRECTION('',(0.829750001263,-0.558135230391,0.));
#15167 = DIRECTION('',(-0.558135230391,-0.829750001263,0.));
#15168 = DEFINITIONAL_REPRESENTATION('',(#15169),#15173);
#15169 = LINE('',#15170,#15171);
#15170 = CARTESIAN_POINT('',(0.,-0.65));
#15171 = VECTOR('',#15172,1.);
#15172 = DIRECTION('',(1.,0.));
#15173 = ( GEOMETRIC_REPRESENTATION_CONTEXT(2) 
PARAMETRIC_REPRESENTATION_CONTEXT() REPRESENTATION_CONTEXT('2D SPACE',''
  ) );
#15174 = ADVANCED_FACE('',(#15175,#15185),#13148,.T.);
#15175 = FACE_BOUND('',#15176,.F.);
#15176 = EDGE_LOOP('',(#15177,#15178,#15179,#15180,#15181,#15182,#15183,
    #15184));
#15177 = ORIENTED_EDGE('',*,*,#13132,.T.);
#15178 = ORIENTED_EDGE('',*,*,#13480,.T.);
#15179 = ORIENTED_EDGE('',*,*,#13453,.T.);
#15180 = ORIENTED_EDGE('',*,*,#13404,.T.);
#15181 = ORIENTED_EDGE('',*,*,#13355,.T.);
#15182 = ORIENTED_EDGE('',*,*,#13306,.T.);
#15183 = ORIENTED_EDGE('',*,*,#13257,.T.);
#15184 = ORIENTED_EDGE('',*,*,#13208,.T.);
#15185 = FACE_BOUND('',#15186,.F.);
#15186 = EDGE_LOOP('',(#15187,#15219,#15249,#15279,#15309,#15339,#15369,
    #15399,#15429,#15459,#15489,#15519));
#15187 = ORIENTED_EDGE('',*,*,#15188,.T.);
#15188 = EDGE_CURVE('',#15189,#15191,#15193,.T.);
#15189 = VERTEX_POINT('',#15190);
#15190 = CARTESIAN_POINT('',(69.3,5.87890625,4.6));
#15191 = VERTEX_POINT('',#15192);
#15192 = CARTESIAN_POINT('',(69.1578125,5.828125,4.6));
#15193 = SURFACE_CURVE('',#15194,(#15198,#15205),.PCURVE_S1.);
#15194 = B_SPLINE_CURVE_WITH_KNOTS('',2,(#15195,#15196,#15197),
  .UNSPECIFIED.,.F.,.F.,(3,3),(0.,1.),.PIECEWISE_BEZIER_KNOTS.);
#15195 = CARTESIAN_POINT('',(69.3,5.87890625,4.6));
#15196 = CARTESIAN_POINT('',(69.2203125,5.87890625,4.6));
#15197 = CARTESIAN_POINT('',(69.1578125,5.828125,4.6));
#15198 = PCURVE('',#13148,#15199);
#15199 = DEFINITIONAL_REPRESENTATION('',(#15200),#15204);
#15200 = B_SPLINE_CURVE_WITH_KNOTS('',2,(#15201,#15202,#15203),
  .UNSPECIFIED.,.F.,.F.,(3,3),(0.,1.),.PIECEWISE_BEZIER_KNOTS.);
#15201 = CARTESIAN_POINT('',(0.878125,1.9359375));
#15202 = CARTESIAN_POINT('',(0.7984375,1.9359375));
#15203 = CARTESIAN_POINT('',(0.7359375,1.88515625));
#15204 = ( GEOMETRIC_REPRESENTATION_CONTEXT(2) 
PARAMETRIC_REPRESENTATION_CONTEXT() REPRESENTATION_CONTEXT('2D SPACE',''
  ) );
#15205 = PCURVE('',#15206,#15213);
#15206 = SURFACE_OF_LINEAR_EXTRUSION('',#15207,#15211);
#15207 = B_SPLINE_CURVE_WITH_KNOTS('',2,(#15208,#15209,#15210),
  .UNSPECIFIED.,.F.,.F.,(3,3),(0.,1.),.PIECEWISE_BEZIER_KNOTS.);
#15208 = CARTESIAN_POINT('',(69.3,5.87890625,3.95));
#15209 = CARTESIAN_POINT('',(69.2203125,5.87890625,3.95));
#15210 = CARTESIAN_POINT('',(69.1578125,5.828125,3.95));
#15211 = VECTOR('',#15212,1.);
#15212 = DIRECTION('',(-0.,-0.,-1.));
#15213 = DEFINITIONAL_REPRESENTATION('',(#15214),#15218);
#15214 = LINE('',#15215,#15216);
#15215 = CARTESIAN_POINT('',(0.,-0.65));
#15216 = VECTOR('',#15217,1.);
#15217 = DIRECTION('',(1.,0.));
#15218 = ( GEOMETRIC_REPRESENTATION_CONTEXT(2) 
PARAMETRIC_REPRESENTATION_CONTEXT() REPRESENTATION_CONTEXT('2D SPACE',''
  ) );
#15219 = ORIENTED_EDGE('',*,*,#15220,.T.);
#15220 = EDGE_CURVE('',#15191,#15221,#15223,.T.);
#15221 = VERTEX_POINT('',#15222);
#15222 = CARTESIAN_POINT('',(69.0609375,5.64609375,4.6));
#15223 = SURFACE_CURVE('',#15224,(#15228,#15235),.PCURVE_S1.);
#15224 = B_SPLINE_CURVE_WITH_KNOTS('',2,(#15225,#15226,#15227),
  .UNSPECIFIED.,.F.,.F.,(3,3),(0.,1.),.PIECEWISE_BEZIER_KNOTS.);
#15225 = CARTESIAN_POINT('',(69.1578125,5.828125,4.6));
#15226 = CARTESIAN_POINT('',(69.0953125,5.77734375,4.6));
#15227 = CARTESIAN_POINT('',(69.0609375,5.64609375,4.6));
#15228 = PCURVE('',#13148,#15229);
#15229 = DEFINITIONAL_REPRESENTATION('',(#15230),#15234);
#15230 = B_SPLINE_CURVE_WITH_KNOTS('',2,(#15231,#15232,#15233),
  .UNSPECIFIED.,.F.,.F.,(3,3),(0.,1.),.PIECEWISE_BEZIER_KNOTS.);
#15231 = CARTESIAN_POINT('',(0.7359375,1.88515625));
#15232 = CARTESIAN_POINT('',(0.6734375,1.834375));
#15233 = CARTESIAN_POINT('',(0.6390625,1.703125));
#15234 = ( GEOMETRIC_REPRESENTATION_CONTEXT(2) 
PARAMETRIC_REPRESENTATION_CONTEXT() REPRESENTATION_CONTEXT('2D SPACE',''
  ) );
#15235 = PCURVE('',#15236,#15243);
#15236 = SURFACE_OF_LINEAR_EXTRUSION('',#15237,#15241);
#15237 = B_SPLINE_CURVE_WITH_KNOTS('',2,(#15238,#15239,#15240),
  .UNSPECIFIED.,.F.,.F.,(3,3),(0.,1.),.PIECEWISE_BEZIER_KNOTS.);
#15238 = CARTESIAN_POINT('',(69.1578125,5.828125,3.95));
#15239 = CARTESIAN_POINT('',(69.0953125,5.77734375,3.95));
#15240 = CARTESIAN_POINT('',(69.0609375,5.64609375,3.95));
#15241 = VECTOR('',#15242,1.);
#15242 = DIRECTION('',(-0.,-0.,-1.));
#15243 = DEFINITIONAL_REPRESENTATION('',(#15244),#15248);
#15244 = LINE('',#15245,#15246);
#15245 = CARTESIAN_POINT('',(0.,-0.65));
#15246 = VECTOR('',#15247,1.);
#15247 = DIRECTION('',(1.,0.));
#15248 = ( GEOMETRIC_REPRESENTATION_CONTEXT(2) 
PARAMETRIC_REPRESENTATION_CONTEXT() REPRESENTATION_CONTEXT('2D SPACE',''
  ) );
#15249 = ORIENTED_EDGE('',*,*,#15250,.T.);
#15250 = EDGE_CURVE('',#15221,#15251,#15253,.T.);
#15251 = VERTEX_POINT('',#15252);
#15252 = CARTESIAN_POINT('',(69.015625,5.07265625,4.6));
#15253 = SURFACE_CURVE('',#15254,(#15258,#15265),.PCURVE_S1.);
#15254 = B_SPLINE_CURVE_WITH_KNOTS('',2,(#15255,#15256,#15257),
  .UNSPECIFIED.,.F.,.F.,(3,3),(0.,1.),.PIECEWISE_BEZIER_KNOTS.);
#15255 = CARTESIAN_POINT('',(69.0609375,5.64609375,4.6));
#15256 = CARTESIAN_POINT('',(69.015625,5.47578125,4.6));
#15257 = CARTESIAN_POINT('',(69.015625,5.07265625,4.6));
#15258 = PCURVE('',#13148,#15259);
#15259 = DEFINITIONAL_REPRESENTATION('',(#15260),#15264);
#15260 = B_SPLINE_CURVE_WITH_KNOTS('',2,(#15261,#15262,#15263),
  .UNSPECIFIED.,.F.,.F.,(3,3),(0.,1.),.PIECEWISE_BEZIER_KNOTS.);
#15261 = CARTESIAN_POINT('',(0.6390625,1.703125));
#15262 = CARTESIAN_POINT('',(0.59375,1.5328125));
#15263 = CARTESIAN_POINT('',(0.59375,1.1296875));
#15264 = ( GEOMETRIC_REPRESENTATION_CONTEXT(2) 
PARAMETRIC_REPRESENTATION_CONTEXT() REPRESENTATION_CONTEXT('2D SPACE',''
  ) );
#15265 = PCURVE('',#15266,#15273);
#15266 = SURFACE_OF_LINEAR_EXTRUSION('',#15267,#15271);
#15267 = B_SPLINE_CURVE_WITH_KNOTS('',2,(#15268,#15269,#15270),
  .UNSPECIFIED.,.F.,.F.,(3,3),(0.,1.),.PIECEWISE_BEZIER_KNOTS.);
#15268 = CARTESIAN_POINT('',(69.0609375,5.64609375,3.95));
#15269 = CARTESIAN_POINT('',(69.015625,5.47578125,3.95));
#15270 = CARTESIAN_POINT('',(69.015625,5.07265625,3.95));
#15271 = VECTOR('',#15272,1.);
#15272 = DIRECTION('',(-0.,-0.,-1.));
#15273 = DEFINITIONAL_REPRESENTATION('',(#15274),#15278);
#15274 = LINE('',#15275,#15276);
#15275 = CARTESIAN_POINT('',(0.,-0.65));
#15276 = VECTOR('',#15277,1.);
#15277 = DIRECTION('',(1.,0.));
#15278 = ( GEOMETRIC_REPRESENTATION_CONTEXT(2) 
PARAMETRIC_REPRESENTATION_CONTEXT() REPRESENTATION_CONTEXT('2D SPACE',''
  ) );
#15279 = ORIENTED_EDGE('',*,*,#15280,.T.);
#15280 = EDGE_CURVE('',#15251,#15281,#15283,.T.);
#15281 = VERTEX_POINT('',#15282);
#15282 = CARTESIAN_POINT('',(69.05625,4.51875,4.6));
#15283 = SURFACE_CURVE('',#15284,(#15288,#15295),.PCURVE_S1.);
#15284 = B_SPLINE_CURVE_WITH_KNOTS('',2,(#15285,#15286,#15287),
  .UNSPECIFIED.,.F.,.F.,(3,3),(0.,1.),.PIECEWISE_BEZIER_KNOTS.);
#15285 = CARTESIAN_POINT('',(69.015625,5.07265625,4.6));
#15286 = CARTESIAN_POINT('',(69.015625,4.66953125,4.6));
#15287 = CARTESIAN_POINT('',(69.05625,4.51875,4.6));
#15288 = PCURVE('',#13148,#15289);
#15289 = DEFINITIONAL_REPRESENTATION('',(#15290),#15294);
#15290 = B_SPLINE_CURVE_WITH_KNOTS('',2,(#15291,#15292,#15293),
  .UNSPECIFIED.,.F.,.F.,(3,3),(0.,1.),.PIECEWISE_BEZIER_KNOTS.);
#15291 = CARTESIAN_POINT('',(0.59375,1.1296875));
#15292 = CARTESIAN_POINT('',(0.59375,0.7265625));
#15293 = CARTESIAN_POINT('',(0.634375,0.57578125));
#15294 = ( GEOMETRIC_REPRESENTATION_CONTEXT(2) 
PARAMETRIC_REPRESENTATION_CONTEXT() REPRESENTATION_CONTEXT('2D SPACE',''
  ) );
#15295 = PCURVE('',#15296,#15303);
#15296 = SURFACE_OF_LINEAR_EXTRUSION('',#15297,#15301);
#15297 = B_SPLINE_CURVE_WITH_KNOTS('',2,(#15298,#15299,#15300),
  .UNSPECIFIED.,.F.,.F.,(3,3),(0.,1.),.PIECEWISE_BEZIER_KNOTS.);
#15298 = CARTESIAN_POINT('',(69.015625,5.07265625,3.95));
#15299 = CARTESIAN_POINT('',(69.015625,4.66953125,3.95));
#15300 = CARTESIAN_POINT('',(69.05625,4.51875,3.95));
#15301 = VECTOR('',#15302,1.);
#15302 = DIRECTION('',(-0.,-0.,-1.));
#15303 = DEFINITIONAL_REPRESENTATION('',(#15304),#15308);
#15304 = LINE('',#15305,#15306);
#15305 = CARTESIAN_POINT('',(0.,-0.65));
#15306 = VECTOR('',#15307,1.);
#15307 = DIRECTION('',(1.,0.));
#15308 = ( GEOMETRIC_REPRESENTATION_CONTEXT(2) 
PARAMETRIC_REPRESENTATION_CONTEXT() REPRESENTATION_CONTEXT('2D SPACE',''
  ) );
#15309 = ORIENTED_EDGE('',*,*,#15310,.T.);
#15310 = EDGE_CURVE('',#15281,#15311,#15313,.T.);
#15311 = VERTEX_POINT('',#15312);
#15312 = CARTESIAN_POINT('',(69.15859375,4.31796875,4.6));
#15313 = SURFACE_CURVE('',#15314,(#15318,#15325),.PCURVE_S1.);
#15314 = B_SPLINE_CURVE_WITH_KNOTS('',2,(#15315,#15316,#15317),
  .UNSPECIFIED.,.F.,.F.,(3,3),(0.,1.),.PIECEWISE_BEZIER_KNOTS.);
#15315 = CARTESIAN_POINT('',(69.05625,4.51875,4.6));
#15316 = CARTESIAN_POINT('',(69.096875,4.36796875,4.6));
#15317 = CARTESIAN_POINT('',(69.15859375,4.31796875,4.6));
#15318 = PCURVE('',#13148,#15319);
#15319 = DEFINITIONAL_REPRESENTATION('',(#15320),#15324);
#15320 = B_SPLINE_CURVE_WITH_KNOTS('',2,(#15321,#15322,#15323),
  .UNSPECIFIED.,.F.,.F.,(3,3),(0.,1.),.PIECEWISE_BEZIER_KNOTS.);
#15321 = CARTESIAN_POINT('',(0.634375,0.57578125));
#15322 = CARTESIAN_POINT('',(0.675,0.425));
#15323 = CARTESIAN_POINT('',(0.73671875,0.375));
#15324 = ( GEOMETRIC_REPRESENTATION_CONTEXT(2) 
PARAMETRIC_REPRESENTATION_CONTEXT() REPRESENTATION_CONTEXT('2D SPACE',''
  ) );
#15325 = PCURVE('',#15326,#15333);
#15326 = SURFACE_OF_LINEAR_EXTRUSION('',#15327,#15331);
#15327 = B_SPLINE_CURVE_WITH_KNOTS('',2,(#15328,#15329,#15330),
  .UNSPECIFIED.,.F.,.F.,(3,3),(0.,1.),.PIECEWISE_BEZIER_KNOTS.);
#15328 = CARTESIAN_POINT('',(69.05625,4.51875,3.95));
#15329 = CARTESIAN_POINT('',(69.096875,4.36796875,3.95));
#15330 = CARTESIAN_POINT('',(69.15859375,4.31796875,3.95));
#15331 = VECTOR('',#15332,1.);
#15332 = DIRECTION('',(-0.,-0.,-1.));
#15333 = DEFINITIONAL_REPRESENTATION('',(#15334),#15338);
#15334 = LINE('',#15335,#15336);
#15335 = CARTESIAN_POINT('',(0.,-0.65));
#15336 = VECTOR('',#15337,1.);
#15337 = DIRECTION('',(1.,0.));
#15338 = ( GEOMETRIC_REPRESENTATION_CONTEXT(2) 
PARAMETRIC_REPRESENTATION_CONTEXT() REPRESENTATION_CONTEXT('2D SPACE',''
  ) );
#15339 = ORIENTED_EDGE('',*,*,#15340,.T.);
#15340 = EDGE_CURVE('',#15311,#15341,#15343,.T.);
#15341 = VERTEX_POINT('',#15342);
#15342 = CARTESIAN_POINT('',(69.3,4.26796875,4.6));
#15343 = SURFACE_CURVE('',#15344,(#15348,#15355),.PCURVE_S1.);
#15344 = B_SPLINE_CURVE_WITH_KNOTS('',2,(#15345,#15346,#15347),
  .UNSPECIFIED.,.F.,.F.,(3,3),(0.,1.),.PIECEWISE_BEZIER_KNOTS.);
#15345 = CARTESIAN_POINT('',(69.15859375,4.31796875,4.6));
#15346 = CARTESIAN_POINT('',(69.2203125,4.26796875,4.6));
#15347 = CARTESIAN_POINT('',(69.3,4.26796875,4.6));
#15348 = PCURVE('',#13148,#15349);
#15349 = DEFINITIONAL_REPRESENTATION('',(#15350),#15354);
#15350 = B_SPLINE_CURVE_WITH_KNOTS('',2,(#15351,#15352,#15353),
  .UNSPECIFIED.,.F.,.F.,(3,3),(0.,1.),.PIECEWISE_BEZIER_KNOTS.);
#15351 = CARTESIAN_POINT('',(0.73671875,0.375));
#15352 = CARTESIAN_POINT('',(0.7984375,0.325));
#15353 = CARTESIAN_POINT('',(0.878125,0.325));
#15354 = ( GEOMETRIC_REPRESENTATION_CONTEXT(2) 
PARAMETRIC_REPRESENTATION_CONTEXT() REPRESENTATION_CONTEXT('2D SPACE',''
  ) );
#15355 = PCURVE('',#15356,#15363);
#15356 = SURFACE_OF_LINEAR_EXTRUSION('',#15357,#15361);
#15357 = B_SPLINE_CURVE_WITH_KNOTS('',2,(#15358,#15359,#15360),
  .UNSPECIFIED.,.F.,.F.,(3,3),(0.,1.),.PIECEWISE_BEZIER_KNOTS.);
#15358 = CARTESIAN_POINT('',(69.15859375,4.31796875,3.95));
#15359 = CARTESIAN_POINT('',(69.2203125,4.26796875,3.95));
#15360 = CARTESIAN_POINT('',(69.3,4.26796875,3.95));
#15361 = VECTOR('',#15362,1.);
#15362 = DIRECTION('',(-0.,-0.,-1.));
#15363 = DEFINITIONAL_REPRESENTATION('',(#15364),#15368);
#15364 = LINE('',#15365,#15366);
#15365 = CARTESIAN_POINT('',(0.,-0.65));
#15366 = VECTOR('',#15367,1.);
#15367 = DIRECTION('',(1.,0.));
#15368 = ( GEOMETRIC_REPRESENTATION_CONTEXT(2) 
PARAMETRIC_REPRESENTATION_CONTEXT() REPRESENTATION_CONTEXT('2D SPACE',''
  ) );
#15369 = ORIENTED_EDGE('',*,*,#15370,.T.);
#15370 = EDGE_CURVE('',#15341,#15371,#15373,.T.);
#15371 = VERTEX_POINT('',#15372);
#15372 = CARTESIAN_POINT('',(69.4421875,4.31875,4.6));
#15373 = SURFACE_CURVE('',#15374,(#15378,#15385),.PCURVE_S1.);
#15374 = B_SPLINE_CURVE_WITH_KNOTS('',2,(#15375,#15376,#15377),
  .UNSPECIFIED.,.F.,.F.,(3,3),(0.,1.),.PIECEWISE_BEZIER_KNOTS.);
#15375 = CARTESIAN_POINT('',(69.3,4.26796875,4.6));
#15376 = CARTESIAN_POINT('',(69.3796875,4.26796875,4.6));
#15377 = CARTESIAN_POINT('',(69.4421875,4.31875,4.6));
#15378 = PCURVE('',#13148,#15379);
#15379 = DEFINITIONAL_REPRESENTATION('',(#15380),#15384);
#15380 = B_SPLINE_CURVE_WITH_KNOTS('',2,(#15381,#15382,#15383),
  .UNSPECIFIED.,.F.,.F.,(3,3),(0.,1.),.PIECEWISE_BEZIER_KNOTS.);
#15381 = CARTESIAN_POINT('',(0.878125,0.325));
#15382 = CARTESIAN_POINT('',(0.9578125,0.325));
#15383 = CARTESIAN_POINT('',(1.0203125,0.37578125));
#15384 = ( GEOMETRIC_REPRESENTATION_CONTEXT(2) 
PARAMETRIC_REPRESENTATION_CONTEXT() REPRESENTATION_CONTEXT('2D SPACE',''
  ) );
#15385 = PCURVE('',#15386,#15393);
#15386 = SURFACE_OF_LINEAR_EXTRUSION('',#15387,#15391);
#15387 = B_SPLINE_CURVE_WITH_KNOTS('',2,(#15388,#15389,#15390),
  .UNSPECIFIED.,.F.,.F.,(3,3),(0.,1.),.PIECEWISE_BEZIER_KNOTS.);
#15388 = CARTESIAN_POINT('',(69.3,4.26796875,3.95));
#15389 = CARTESIAN_POINT('',(69.3796875,4.26796875,3.95));
#15390 = CARTESIAN_POINT('',(69.4421875,4.31875,3.95));
#15391 = VECTOR('',#15392,1.);
#15392 = DIRECTION('',(-0.,-0.,-1.));
#15393 = DEFINITIONAL_REPRESENTATION('',(#15394),#15398);
#15394 = LINE('',#15395,#15396);
#15395 = CARTESIAN_POINT('',(0.,-0.65));
#15396 = VECTOR('',#15397,1.);
#15397 = DIRECTION('',(1.,0.));
#15398 = ( GEOMETRIC_REPRESENTATION_CONTEXT(2) 
PARAMETRIC_REPRESENTATION_CONTEXT() REPRESENTATION_CONTEXT('2D SPACE',''
  ) );
#15399 = ORIENTED_EDGE('',*,*,#15400,.T.);
#15400 = EDGE_CURVE('',#15371,#15401,#15403,.T.);
#15401 = VERTEX_POINT('',#15402);
#15402 = CARTESIAN_POINT('',(69.5390625,4.50078125,4.6));
#15403 = SURFACE_CURVE('',#15404,(#15408,#15415),.PCURVE_S1.);
#15404 = B_SPLINE_CURVE_WITH_KNOTS('',2,(#15405,#15406,#15407),
  .UNSPECIFIED.,.F.,.F.,(3,3),(0.,1.),.PIECEWISE_BEZIER_KNOTS.);
#15405 = CARTESIAN_POINT('',(69.4421875,4.31875,4.6));
#15406 = CARTESIAN_POINT('',(69.5046875,4.36953125,4.6));
#15407 = CARTESIAN_POINT('',(69.5390625,4.50078125,4.6));
#15408 = PCURVE('',#13148,#15409);
#15409 = DEFINITIONAL_REPRESENTATION('',(#15410),#15414);
#15410 = B_SPLINE_CURVE_WITH_KNOTS('',2,(#15411,#15412,#15413),
  .UNSPECIFIED.,.F.,.F.,(3,3),(0.,1.),.PIECEWISE_BEZIER_KNOTS.);
#15411 = CARTESIAN_POINT('',(1.0203125,0.37578125));
#15412 = CARTESIAN_POINT('',(1.0828125,0.4265625));
#15413 = CARTESIAN_POINT('',(1.1171875,0.5578125));
#15414 = ( GEOMETRIC_REPRESENTATION_CONTEXT(2) 
PARAMETRIC_REPRESENTATION_CONTEXT() REPRESENTATION_CONTEXT('2D SPACE',''
  ) );
#15415 = PCURVE('',#15416,#15423);
#15416 = SURFACE_OF_LINEAR_EXTRUSION('',#15417,#15421);
#15417 = B_SPLINE_CURVE_WITH_KNOTS('',2,(#15418,#15419,#15420),
  .UNSPECIFIED.,.F.,.F.,(3,3),(0.,1.),.PIECEWISE_BEZIER_KNOTS.);
#15418 = CARTESIAN_POINT('',(69.4421875,4.31875,3.95));
#15419 = CARTESIAN_POINT('',(69.5046875,4.36953125,3.95));
#15420 = CARTESIAN_POINT('',(69.5390625,4.50078125,3.95));
#15421 = VECTOR('',#15422,1.);
#15422 = DIRECTION('',(-0.,-0.,-1.));
#15423 = DEFINITIONAL_REPRESENTATION('',(#15424),#15428);
#15424 = LINE('',#15425,#15426);
#15425 = CARTESIAN_POINT('',(0.,-0.65));
#15426 = VECTOR('',#15427,1.);
#15427 = DIRECTION('',(1.,0.));
#15428 = ( GEOMETRIC_REPRESENTATION_CONTEXT(2) 
PARAMETRIC_REPRESENTATION_CONTEXT() REPRESENTATION_CONTEXT('2D SPACE',''
  ) );
#15429 = ORIENTED_EDGE('',*,*,#15430,.T.);
#15430 = EDGE_CURVE('',#15401,#15431,#15433,.T.);
#15431 = VERTEX_POINT('',#15432);
#15432 = CARTESIAN_POINT('',(69.584375,5.07265625,4.6));
#15433 = SURFACE_CURVE('',#15434,(#15438,#15445),.PCURVE_S1.);
#15434 = B_SPLINE_CURVE_WITH_KNOTS('',2,(#15435,#15436,#15437),
  .UNSPECIFIED.,.F.,.F.,(3,3),(0.,1.),.PIECEWISE_BEZIER_KNOTS.);
#15435 = CARTESIAN_POINT('',(69.5390625,4.50078125,4.6));
#15436 = CARTESIAN_POINT('',(69.584375,4.66953125,4.6));
#15437 = CARTESIAN_POINT('',(69.584375,5.07265625,4.6));
#15438 = PCURVE('',#13148,#15439);
#15439 = DEFINITIONAL_REPRESENTATION('',(#15440),#15444);
#15440 = B_SPLINE_CURVE_WITH_KNOTS('',2,(#15441,#15442,#15443),
  .UNSPECIFIED.,.F.,.F.,(3,3),(0.,1.),.PIECEWISE_BEZIER_KNOTS.);
#15441 = CARTESIAN_POINT('',(1.1171875,0.5578125));
#15442 = CARTESIAN_POINT('',(1.1625,0.7265625));
#15443 = CARTESIAN_POINT('',(1.1625,1.1296875));
#15444 = ( GEOMETRIC_REPRESENTATION_CONTEXT(2) 
PARAMETRIC_REPRESENTATION_CONTEXT() REPRESENTATION_CONTEXT('2D SPACE',''
  ) );
#15445 = PCURVE('',#15446,#15453);
#15446 = SURFACE_OF_LINEAR_EXTRUSION('',#15447,#15451);
#15447 = B_SPLINE_CURVE_WITH_KNOTS('',2,(#15448,#15449,#15450),
  .UNSPECIFIED.,.F.,.F.,(3,3),(0.,1.),.PIECEWISE_BEZIER_KNOTS.);
#15448 = CARTESIAN_POINT('',(69.5390625,4.50078125,3.95));
#15449 = CARTESIAN_POINT('',(69.584375,4.66953125,3.95));
#15450 = CARTESIAN_POINT('',(69.584375,5.07265625,3.95));
#15451 = VECTOR('',#15452,1.);
#15452 = DIRECTION('',(-0.,-0.,-1.));
#15453 = DEFINITIONAL_REPRESENTATION('',(#15454),#15458);
#15454 = LINE('',#15455,#15456);
#15455 = CARTESIAN_POINT('',(0.,-0.65));
#15456 = VECTOR('',#15457,1.);
#15457 = DIRECTION('',(1.,0.));
#15458 = ( GEOMETRIC_REPRESENTATION_CONTEXT(2) 
PARAMETRIC_REPRESENTATION_CONTEXT() REPRESENTATION_CONTEXT('2D SPACE',''
  ) );
#15459 = ORIENTED_EDGE('',*,*,#15460,.T.);
#15460 = EDGE_CURVE('',#15431,#15461,#15463,.T.);
#15461 = VERTEX_POINT('',#15462);
#15462 = CARTESIAN_POINT('',(69.54375,5.6265625,4.6));
#15463 = SURFACE_CURVE('',#15464,(#15468,#15475),.PCURVE_S1.);
#15464 = B_SPLINE_CURVE_WITH_KNOTS('',2,(#15465,#15466,#15467),
  .UNSPECIFIED.,.F.,.F.,(3,3),(0.,1.),.PIECEWISE_BEZIER_KNOTS.);
#15465 = CARTESIAN_POINT('',(69.584375,5.07265625,4.6));
#15466 = CARTESIAN_POINT('',(69.584375,5.47578125,4.6));
#15467 = CARTESIAN_POINT('',(69.54375,5.6265625,4.6));
#15468 = PCURVE('',#13148,#15469);
#15469 = DEFINITIONAL_REPRESENTATION('',(#15470),#15474);
#15470 = B_SPLINE_CURVE_WITH_KNOTS('',2,(#15471,#15472,#15473),
  .UNSPECIFIED.,.F.,.F.,(3,3),(0.,1.),.PIECEWISE_BEZIER_KNOTS.);
#15471 = CARTESIAN_POINT('',(1.1625,1.1296875));
#15472 = CARTESIAN_POINT('',(1.1625,1.5328125));
#15473 = CARTESIAN_POINT('',(1.121875,1.68359375));
#15474 = ( GEOMETRIC_REPRESENTATION_CONTEXT(2) 
PARAMETRIC_REPRESENTATION_CONTEXT() REPRESENTATION_CONTEXT('2D SPACE',''
  ) );
#15475 = PCURVE('',#15476,#15483);
#15476 = SURFACE_OF_LINEAR_EXTRUSION('',#15477,#15481);
#15477 = B_SPLINE_CURVE_WITH_KNOTS('',2,(#15478,#15479,#15480),
  .UNSPECIFIED.,.F.,.F.,(3,3),(0.,1.),.PIECEWISE_BEZIER_KNOTS.);
#15478 = CARTESIAN_POINT('',(69.584375,5.07265625,3.95));
#15479 = CARTESIAN_POINT('',(69.584375,5.47578125,3.95));
#15480 = CARTESIAN_POINT('',(69.54375,5.6265625,3.95));
#15481 = VECTOR('',#15482,1.);
#15482 = DIRECTION('',(-0.,-0.,-1.));
#15483 = DEFINITIONAL_REPRESENTATION('',(#15484),#15488);
#15484 = LINE('',#15485,#15486);
#15485 = CARTESIAN_POINT('',(0.,-0.65));
#15486 = VECTOR('',#15487,1.);
#15487 = DIRECTION('',(1.,0.));
#15488 = ( GEOMETRIC_REPRESENTATION_CONTEXT(2) 
PARAMETRIC_REPRESENTATION_CONTEXT() REPRESENTATION_CONTEXT('2D SPACE',''
  ) );
#15489 = ORIENTED_EDGE('',*,*,#15490,.T.);
#15490 = EDGE_CURVE('',#15461,#15491,#15493,.T.);
#15491 = VERTEX_POINT('',#15492);
#15492 = CARTESIAN_POINT('',(69.44140625,5.828125,4.6));
#15493 = SURFACE_CURVE('',#15494,(#15498,#15505),.PCURVE_S1.);
#15494 = B_SPLINE_CURVE_WITH_KNOTS('',2,(#15495,#15496,#15497),
  .UNSPECIFIED.,.F.,.F.,(3,3),(0.,1.),.PIECEWISE_BEZIER_KNOTS.);
#15495 = CARTESIAN_POINT('',(69.54375,5.6265625,4.6));
#15496 = CARTESIAN_POINT('',(69.503125,5.77734375,4.6));
#15497 = CARTESIAN_POINT('',(69.44140625,5.828125,4.6));
#15498 = PCURVE('',#13148,#15499);
#15499 = DEFINITIONAL_REPRESENTATION('',(#15500),#15504);
#15500 = B_SPLINE_CURVE_WITH_KNOTS('',2,(#15501,#15502,#15503),
  .UNSPECIFIED.,.F.,.F.,(3,3),(0.,1.),.PIECEWISE_BEZIER_KNOTS.);
#15501 = CARTESIAN_POINT('',(1.121875,1.68359375));
#15502 = CARTESIAN_POINT('',(1.08125,1.834375));
#15503 = CARTESIAN_POINT('',(1.01953125,1.88515625));
#15504 = ( GEOMETRIC_REPRESENTATION_CONTEXT(2) 
PARAMETRIC_REPRESENTATION_CONTEXT() REPRESENTATION_CONTEXT('2D SPACE',''
  ) );
#15505 = PCURVE('',#15506,#15513);
#15506 = SURFACE_OF_LINEAR_EXTRUSION('',#15507,#15511);
#15507 = B_SPLINE_CURVE_WITH_KNOTS('',2,(#15508,#15509,#15510),
  .UNSPECIFIED.,.F.,.F.,(3,3),(0.,1.),.PIECEWISE_BEZIER_KNOTS.);
#15508 = CARTESIAN_POINT('',(69.54375,5.6265625,3.95));
#15509 = CARTESIAN_POINT('',(69.503125,5.77734375,3.95));
#15510 = CARTESIAN_POINT('',(69.44140625,5.828125,3.95));
#15511 = VECTOR('',#15512,1.);
#15512 = DIRECTION('',(-0.,-0.,-1.));
#15513 = DEFINITIONAL_REPRESENTATION('',(#15514),#15518);
#15514 = LINE('',#15515,#15516);
#15515 = CARTESIAN_POINT('',(0.,-0.65));
#15516 = VECTOR('',#15517,1.);
#15517 = DIRECTION('',(1.,0.));
#15518 = ( GEOMETRIC_REPRESENTATION_CONTEXT(2) 
PARAMETRIC_REPRESENTATION_CONTEXT() REPRESENTATION_CONTEXT('2D SPACE',''
  ) );
#15519 = ORIENTED_EDGE('',*,*,#15520,.T.);
#15520 = EDGE_CURVE('',#15491,#15189,#15521,.T.);
#15521 = SURFACE_CURVE('',#15522,(#15526,#15533),.PCURVE_S1.);
#15522 = B_SPLINE_CURVE_WITH_KNOTS('',2,(#15523,#15524,#15525),
  .UNSPECIFIED.,.F.,.F.,(3,3),(0.,1.),.PIECEWISE_BEZIER_KNOTS.);
#15523 = CARTESIAN_POINT('',(69.44140625,5.828125,4.6));
#15524 = CARTESIAN_POINT('',(69.3796875,5.87890625,4.6));
#15525 = CARTESIAN_POINT('',(69.3,5.87890625,4.6));
#15526 = PCURVE('',#13148,#15527);
#15527 = DEFINITIONAL_REPRESENTATION('',(#15528),#15532);
#15528 = B_SPLINE_CURVE_WITH_KNOTS('',2,(#15529,#15530,#15531),
  .UNSPECIFIED.,.F.,.F.,(3,3),(0.,1.),.PIECEWISE_BEZIER_KNOTS.);
#15529 = CARTESIAN_POINT('',(1.01953125,1.88515625));
#15530 = CARTESIAN_POINT('',(0.9578125,1.9359375));
#15531 = CARTESIAN_POINT('',(0.878125,1.9359375));
#15532 = ( GEOMETRIC_REPRESENTATION_CONTEXT(2) 
PARAMETRIC_REPRESENTATION_CONTEXT() REPRESENTATION_CONTEXT('2D SPACE',''
  ) );
#15533 = PCURVE('',#15534,#15541);
#15534 = SURFACE_OF_LINEAR_EXTRUSION('',#15535,#15539);
#15535 = B_SPLINE_CURVE_WITH_KNOTS('',2,(#15536,#15537,#15538),
  .UNSPECIFIED.,.F.,.F.,(3,3),(0.,1.),.PIECEWISE_BEZIER_KNOTS.);
#15536 = CARTESIAN_POINT('',(69.44140625,5.828125,3.95));
#15537 = CARTESIAN_POINT('',(69.3796875,5.87890625,3.95));
#15538 = CARTESIAN_POINT('',(69.3,5.87890625,3.95));
#15539 = VECTOR('',#15540,1.);
#15540 = DIRECTION('',(-0.,-0.,-1.));
#15541 = DEFINITIONAL_REPRESENTATION('',(#15542),#15546);
#15542 = LINE('',#15543,#15544);
#15543 = CARTESIAN_POINT('',(0.,-0.65));
#15544 = VECTOR('',#15545,1.);
#15545 = DIRECTION('',(1.,0.));
#15546 = ( GEOMETRIC_REPRESENTATION_CONTEXT(2) 
PARAMETRIC_REPRESENTATION_CONTEXT() REPRESENTATION_CONTEXT('2D SPACE',''
  ) );
#15547 = ADVANCED_FACE('',(#15548),#13566,.T.);
#15548 = FACE_BOUND('',#15549,.T.);
#15549 = EDGE_LOOP('',(#15550,#15551,#15552,#15553));
#15550 = ORIENTED_EDGE('',*,*,#13552,.F.);
#15551 = ORIENTED_EDGE('',*,*,#13738,.T.);
#15552 = ORIENTED_EDGE('',*,*,#13874,.T.);
#15553 = ORIENTED_EDGE('',*,*,#13583,.F.);
#15554 = ADVANCED_FACE('',(#15555),#13646,.F.);
#15555 = FACE_BOUND('',#15556,.F.);
#15556 = EDGE_LOOP('',(#15557,#15578,#15579,#15600));
#15557 = ORIENTED_EDGE('',*,*,#15558,.F.);
#15558 = EDGE_CURVE('',#13785,#13630,#15559,.T.);
#15559 = SURFACE_CURVE('',#15560,(#15564,#15571),.PCURVE_S1.);
#15560 = LINE('',#15561,#15562);
#15561 = CARTESIAN_POINT('',(17.7,9.,6.4));
#15562 = VECTOR('',#15563,1.);
#15563 = DIRECTION('',(0.,1.,0.));
#15564 = PCURVE('',#13646,#15565);
#15565 = DEFINITIONAL_REPRESENTATION('',(#15566),#15570);
#15566 = LINE('',#15567,#15568);
#15567 = CARTESIAN_POINT('',(0.,0.));
#15568 = VECTOR('',#15569,1.);
#15569 = DIRECTION('',(0.,1.));
#15570 = ( GEOMETRIC_REPRESENTATION_CONTEXT(2) 
PARAMETRIC_REPRESENTATION_CONTEXT() REPRESENTATION_CONTEXT('2D SPACE',''
  ) );
#15571 = PCURVE('',#13672,#15572);
#15572 = DEFINITIONAL_REPRESENTATION('',(#15573),#15577);
#15573 = LINE('',#15574,#15575);
#15574 = CARTESIAN_POINT('',(1.8,0.));
#15575 = VECTOR('',#15576,1.);
#15576 = DIRECTION('',(0.,-1.));
#15577 = ( GEOMETRIC_REPRESENTATION_CONTEXT(2) 
PARAMETRIC_REPRESENTATION_CONTEXT() REPRESENTATION_CONTEXT('2D SPACE',''
  ) );
#15578 = ORIENTED_EDGE('',*,*,#13784,.T.);
#15579 = ORIENTED_EDGE('',*,*,#15580,.T.);
#15580 = EDGE_CURVE('',#13787,#13632,#15581,.T.);
#15581 = SURFACE_CURVE('',#15582,(#15586,#15593),.PCURVE_S1.);
#15582 = LINE('',#15583,#15584);
#15583 = CARTESIAN_POINT('',(20.3,9.,6.4));
#15584 = VECTOR('',#15585,1.);
#15585 = DIRECTION('',(0.,1.,0.));
#15586 = PCURVE('',#13646,#15587);
#15587 = DEFINITIONAL_REPRESENTATION('',(#15588),#15592);
#15588 = LINE('',#15589,#15590);
#15589 = CARTESIAN_POINT('',(2.6,0.));
#15590 = VECTOR('',#15591,1.);
#15591 = DIRECTION('',(0.,1.));
#15592 = ( GEOMETRIC_REPRESENTATION_CONTEXT(2) 
PARAMETRIC_REPRESENTATION_CONTEXT() REPRESENTATION_CONTEXT('2D SPACE',''
  ) );
#15593 = PCURVE('',#13722,#15594);
#15594 = DEFINITIONAL_REPRESENTATION('',(#15595),#15599);
#15595 = LINE('',#15596,#15597);
#15596 = CARTESIAN_POINT('',(1.8,0.));
#15597 = VECTOR('',#15598,1.);
#15598 = DIRECTION('',(0.,-1.));
#15599 = ( GEOMETRIC_REPRESENTATION_CONTEXT(2) 
PARAMETRIC_REPRESENTATION_CONTEXT() REPRESENTATION_CONTEXT('2D SPACE',''
  ) );
#15600 = ORIENTED_EDGE('',*,*,#13629,.F.);
#15601 = ADVANCED_FACE('',(#15602),#13722,.F.);
#15602 = FACE_BOUND('',#15603,.F.);
#15603 = EDGE_LOOP('',(#15604,#15605,#15606,#15627));
#15604 = ORIENTED_EDGE('',*,*,#15580,.F.);
#15605 = ORIENTED_EDGE('',*,*,#13849,.T.);
#15606 = ORIENTED_EDGE('',*,*,#15607,.T.);
#15607 = EDGE_CURVE('',#13829,#13684,#15608,.T.);
#15608 = SURFACE_CURVE('',#15609,(#15613,#15620),.PCURVE_S1.);
#15609 = LINE('',#15610,#15611);
#15610 = CARTESIAN_POINT('',(20.3,9.,4.6));
#15611 = VECTOR('',#15612,1.);
#15612 = DIRECTION('',(0.,1.,0.));
#15613 = PCURVE('',#13722,#15614);
#15614 = DEFINITIONAL_REPRESENTATION('',(#15615),#15619);
#15615 = LINE('',#15616,#15617);
#15616 = CARTESIAN_POINT('',(0.,0.));
#15617 = VECTOR('',#15618,1.);
#15618 = DIRECTION('',(0.,-1.));
#15619 = ( GEOMETRIC_REPRESENTATION_CONTEXT(2) 
PARAMETRIC_REPRESENTATION_CONTEXT() REPRESENTATION_CONTEXT('2D SPACE',''
  ) );
#15620 = PCURVE('',#13698,#15621);
#15621 = DEFINITIONAL_REPRESENTATION('',(#15622),#15626);
#15622 = LINE('',#15623,#15624);
#15623 = CARTESIAN_POINT('',(2.6,0.));
#15624 = VECTOR('',#15625,1.);
#15625 = DIRECTION('',(0.,1.));
#15626 = ( GEOMETRIC_REPRESENTATION_CONTEXT(2) 
PARAMETRIC_REPRESENTATION_CONTEXT() REPRESENTATION_CONTEXT('2D SPACE',''
  ) );
#15627 = ORIENTED_EDGE('',*,*,#13709,.F.);
#15628 = ADVANCED_FACE('',(#15629),#13698,.T.);
#15629 = FACE_BOUND('',#15630,.T.);
#15630 = EDGE_LOOP('',(#15631,#15652,#15653,#15654));
#15631 = ORIENTED_EDGE('',*,*,#15632,.F.);
#15632 = EDGE_CURVE('',#13808,#13658,#15633,.T.);
#15633 = SURFACE_CURVE('',#15634,(#15638,#15645),.PCURVE_S1.);
#15634 = LINE('',#15635,#15636);
#15635 = CARTESIAN_POINT('',(17.7,9.,4.6));
#15636 = VECTOR('',#15637,1.);
#15637 = DIRECTION('',(0.,1.,0.));
#15638 = PCURVE('',#13698,#15639);
#15639 = DEFINITIONAL_REPRESENTATION('',(#15640),#15644);
#15640 = LINE('',#15641,#15642);
#15641 = CARTESIAN_POINT('',(0.,0.));
#15642 = VECTOR('',#15643,1.);
#15643 = DIRECTION('',(0.,1.));
#15644 = ( GEOMETRIC_REPRESENTATION_CONTEXT(2) 
PARAMETRIC_REPRESENTATION_CONTEXT() REPRESENTATION_CONTEXT('2D SPACE',''
  ) );
#15645 = PCURVE('',#13672,#15646);
#15646 = DEFINITIONAL_REPRESENTATION('',(#15647),#15651);
#15647 = LINE('',#15648,#15649);
#15648 = CARTESIAN_POINT('',(0.,0.));
#15649 = VECTOR('',#15650,1.);
#15650 = DIRECTION('',(0.,-1.));
#15651 = ( GEOMETRIC_REPRESENTATION_CONTEXT(2) 
PARAMETRIC_REPRESENTATION_CONTEXT() REPRESENTATION_CONTEXT('2D SPACE',''
  ) );
#15652 = ORIENTED_EDGE('',*,*,#13828,.T.);
#15653 = ORIENTED_EDGE('',*,*,#15607,.T.);
#15654 = ORIENTED_EDGE('',*,*,#13683,.F.);
#15655 = ADVANCED_FACE('',(#15656),#13672,.T.);
#15656 = FACE_BOUND('',#15657,.T.);
#15657 = EDGE_LOOP('',(#15658,#15659,#15660,#15661));
#15658 = ORIENTED_EDGE('',*,*,#15558,.F.);
#15659 = ORIENTED_EDGE('',*,*,#13807,.T.);
#15660 = ORIENTED_EDGE('',*,*,#15632,.T.);
#15661 = ORIENTED_EDGE('',*,*,#13657,.F.);
#15662 = ADVANCED_FACE('',(#15663),#13959,.T.);
#15663 = FACE_BOUND('',#15664,.T.);
#15664 = EDGE_LOOP('',(#15665,#15666,#15667,#15668));
#15665 = ORIENTED_EDGE('',*,*,#13945,.F.);
#15666 = ORIENTED_EDGE('',*,*,#14131,.T.);
#15667 = ORIENTED_EDGE('',*,*,#14267,.T.);
#15668 = ORIENTED_EDGE('',*,*,#13976,.F.);
#15669 = ADVANCED_FACE('',(#15670),#14039,.F.);
#15670 = FACE_BOUND('',#15671,.F.);
#15671 = EDGE_LOOP('',(#15672,#15693,#15694,#15715));
#15672 = ORIENTED_EDGE('',*,*,#15673,.F.);
#15673 = EDGE_CURVE('',#14178,#14023,#15674,.T.);
#15674 = SURFACE_CURVE('',#15675,(#15679,#15686),.PCURVE_S1.);
#15675 = LINE('',#15676,#15677);
#15676 = CARTESIAN_POINT('',(41.4,9.,6.4));
#15677 = VECTOR('',#15678,1.);
#15678 = DIRECTION('',(0.,1.,0.));
#15679 = PCURVE('',#14039,#15680);
#15680 = DEFINITIONAL_REPRESENTATION('',(#15681),#15685);
#15681 = LINE('',#15682,#15683);
#15682 = CARTESIAN_POINT('',(0.,0.));
#15683 = VECTOR('',#15684,1.);
#15684 = DIRECTION('',(0.,1.));
#15685 = ( GEOMETRIC_REPRESENTATION_CONTEXT(2) 
PARAMETRIC_REPRESENTATION_CONTEXT() REPRESENTATION_CONTEXT('2D SPACE',''
  ) );
#15686 = PCURVE('',#14065,#15687);
#15687 = DEFINITIONAL_REPRESENTATION('',(#15688),#15692);
#15688 = LINE('',#15689,#15690);
#15689 = CARTESIAN_POINT('',(1.8,0.));
#15690 = VECTOR('',#15691,1.);
#15691 = DIRECTION('',(0.,-1.));
#15692 = ( GEOMETRIC_REPRESENTATION_CONTEXT(2) 
PARAMETRIC_REPRESENTATION_CONTEXT() REPRESENTATION_CONTEXT('2D SPACE',''
  ) );
#15693 = ORIENTED_EDGE('',*,*,#14177,.T.);
#15694 = ORIENTED_EDGE('',*,*,#15695,.T.);
#15695 = EDGE_CURVE('',#14180,#14025,#15696,.T.);
#15696 = SURFACE_CURVE('',#15697,(#15701,#15708),.PCURVE_S1.);
#15697 = LINE('',#15698,#15699);
#15698 = CARTESIAN_POINT('',(44.6,9.,6.4));
#15699 = VECTOR('',#15700,1.);
#15700 = DIRECTION('',(0.,1.,0.));
#15701 = PCURVE('',#14039,#15702);
#15702 = DEFINITIONAL_REPRESENTATION('',(#15703),#15707);
#15703 = LINE('',#15704,#15705);
#15704 = CARTESIAN_POINT('',(3.2,0.));
#15705 = VECTOR('',#15706,1.);
#15706 = DIRECTION('',(0.,1.));
#15707 = ( GEOMETRIC_REPRESENTATION_CONTEXT(2) 
PARAMETRIC_REPRESENTATION_CONTEXT() REPRESENTATION_CONTEXT('2D SPACE',''
  ) );
#15708 = PCURVE('',#14115,#15709);
#15709 = DEFINITIONAL_REPRESENTATION('',(#15710),#15714);
#15710 = LINE('',#15711,#15712);
#15711 = CARTESIAN_POINT('',(1.8,0.));
#15712 = VECTOR('',#15713,1.);
#15713 = DIRECTION('',(0.,-1.));
#15714 = ( GEOMETRIC_REPRESENTATION_CONTEXT(2) 
PARAMETRIC_REPRESENTATION_CONTEXT() REPRESENTATION_CONTEXT('2D SPACE',''
  ) );
#15715 = ORIENTED_EDGE('',*,*,#14022,.F.);
#15716 = ADVANCED_FACE('',(#15717),#14115,.F.);
#15717 = FACE_BOUND('',#15718,.F.);
#15718 = EDGE_LOOP('',(#15719,#15720,#15721,#15742));
#15719 = ORIENTED_EDGE('',*,*,#15695,.F.);
#15720 = ORIENTED_EDGE('',*,*,#14242,.T.);
#15721 = ORIENTED_EDGE('',*,*,#15722,.T.);
#15722 = EDGE_CURVE('',#14222,#14077,#15723,.T.);
#15723 = SURFACE_CURVE('',#15724,(#15728,#15735),.PCURVE_S1.);
#15724 = LINE('',#15725,#15726);
#15725 = CARTESIAN_POINT('',(44.6,9.,4.6));
#15726 = VECTOR('',#15727,1.);
#15727 = DIRECTION('',(0.,1.,0.));
#15728 = PCURVE('',#14115,#15729);
#15729 = DEFINITIONAL_REPRESENTATION('',(#15730),#15734);
#15730 = LINE('',#15731,#15732);
#15731 = CARTESIAN_POINT('',(0.,0.));
#15732 = VECTOR('',#15733,1.);
#15733 = DIRECTION('',(0.,-1.));
#15734 = ( GEOMETRIC_REPRESENTATION_CONTEXT(2) 
PARAMETRIC_REPRESENTATION_CONTEXT() REPRESENTATION_CONTEXT('2D SPACE',''
  ) );
#15735 = PCURVE('',#14091,#15736);
#15736 = DEFINITIONAL_REPRESENTATION('',(#15737),#15741);
#15737 = LINE('',#15738,#15739);
#15738 = CARTESIAN_POINT('',(3.2,0.));
#15739 = VECTOR('',#15740,1.);
#15740 = DIRECTION('',(0.,1.));
#15741 = ( GEOMETRIC_REPRESENTATION_CONTEXT(2) 
PARAMETRIC_REPRESENTATION_CONTEXT() REPRESENTATION_CONTEXT('2D SPACE',''
  ) );
#15742 = ORIENTED_EDGE('',*,*,#14102,.F.);
#15743 = ADVANCED_FACE('',(#15744),#14091,.T.);
#15744 = FACE_BOUND('',#15745,.T.);
#15745 = EDGE_LOOP('',(#15746,#15767,#15768,#15769));
#15746 = ORIENTED_EDGE('',*,*,#15747,.F.);
#15747 = EDGE_CURVE('',#14201,#14051,#15748,.T.);
#15748 = SURFACE_CURVE('',#15749,(#15753,#15760),.PCURVE_S1.);
#15749 = LINE('',#15750,#15751);
#15750 = CARTESIAN_POINT('',(41.4,9.,4.6));
#15751 = VECTOR('',#15752,1.);
#15752 = DIRECTION('',(0.,1.,0.));
#15753 = PCURVE('',#14091,#15754);
#15754 = DEFINITIONAL_REPRESENTATION('',(#15755),#15759);
#15755 = LINE('',#15756,#15757);
#15756 = CARTESIAN_POINT('',(0.,0.));
#15757 = VECTOR('',#15758,1.);
#15758 = DIRECTION('',(0.,1.));
#15759 = ( GEOMETRIC_REPRESENTATION_CONTEXT(2) 
PARAMETRIC_REPRESENTATION_CONTEXT() REPRESENTATION_CONTEXT('2D SPACE',''
  ) );
#15760 = PCURVE('',#14065,#15761);
#15761 = DEFINITIONAL_REPRESENTATION('',(#15762),#15766);
#15762 = LINE('',#15763,#15764);
#15763 = CARTESIAN_POINT('',(0.,0.));
#15764 = VECTOR('',#15765,1.);
#15765 = DIRECTION('',(0.,-1.));
#15766 = ( GEOMETRIC_REPRESENTATION_CONTEXT(2) 
PARAMETRIC_REPRESENTATION_CONTEXT() REPRESENTATION_CONTEXT('2D SPACE',''
  ) );
#15767 = ORIENTED_EDGE('',*,*,#14221,.T.);
#15768 = ORIENTED_EDGE('',*,*,#15722,.T.);
#15769 = ORIENTED_EDGE('',*,*,#14076,.F.);
#15770 = ADVANCED_FACE('',(#15771),#14065,.T.);
#15771 = FACE_BOUND('',#15772,.T.);
#15772 = EDGE_LOOP('',(#15773,#15774,#15775,#15776));
#15773 = ORIENTED_EDGE('',*,*,#15673,.F.);
#15774 = ORIENTED_EDGE('',*,*,#14200,.T.);
#15775 = ORIENTED_EDGE('',*,*,#15747,.T.);
#15776 = ORIENTED_EDGE('',*,*,#14050,.F.);
#15777 = ADVANCED_FACE('',(#15778),#14352,.T.);
#15778 = FACE_BOUND('',#15779,.T.);
#15779 = EDGE_LOOP('',(#15780,#15781,#15782,#15783));
#15780 = ORIENTED_EDGE('',*,*,#14338,.F.);
#15781 = ORIENTED_EDGE('',*,*,#14524,.T.);
#15782 = ORIENTED_EDGE('',*,*,#14660,.T.);
#15783 = ORIENTED_EDGE('',*,*,#14369,.F.);
#15784 = ADVANCED_FACE('',(#15785),#14432,.F.);
#15785 = FACE_BOUND('',#15786,.F.);
#15786 = EDGE_LOOP('',(#15787,#15808,#15809,#15830));
#15787 = ORIENTED_EDGE('',*,*,#15788,.F.);
#15788 = EDGE_CURVE('',#14571,#14416,#15789,.T.);
#15789 = SURFACE_CURVE('',#15790,(#15794,#15801),.PCURVE_S1.);
#15790 = LINE('',#15791,#15792);
#15791 = CARTESIAN_POINT('',(65.,9.,6.4));
#15792 = VECTOR('',#15793,1.);
#15793 = DIRECTION('',(0.,1.,0.));
#15794 = PCURVE('',#14432,#15795);
#15795 = DEFINITIONAL_REPRESENTATION('',(#15796),#15800);
#15796 = LINE('',#15797,#15798);
#15797 = CARTESIAN_POINT('',(0.,0.));
#15798 = VECTOR('',#15799,1.);
#15799 = DIRECTION('',(0.,1.));
#15800 = ( GEOMETRIC_REPRESENTATION_CONTEXT(2) 
PARAMETRIC_REPRESENTATION_CONTEXT() REPRESENTATION_CONTEXT('2D SPACE',''
  ) );
#15801 = PCURVE('',#14458,#15802);
#15802 = DEFINITIONAL_REPRESENTATION('',(#15803),#15807);
#15803 = LINE('',#15804,#15805);
#15804 = CARTESIAN_POINT('',(1.8,0.));
#15805 = VECTOR('',#15806,1.);
#15806 = DIRECTION('',(0.,-1.));
#15807 = ( GEOMETRIC_REPRESENTATION_CONTEXT(2) 
PARAMETRIC_REPRESENTATION_CONTEXT() REPRESENTATION_CONTEXT('2D SPACE',''
  ) );
#15808 = ORIENTED_EDGE('',*,*,#14570,.T.);
#15809 = ORIENTED_EDGE('',*,*,#15810,.T.);
#15810 = EDGE_CURVE('',#14573,#14418,#15811,.T.);
#15811 = SURFACE_CURVE('',#15812,(#15816,#15823),.PCURVE_S1.);
#15812 = LINE('',#15813,#15814);
#15813 = CARTESIAN_POINT('',(69.,9.,6.4));
#15814 = VECTOR('',#15815,1.);
#15815 = DIRECTION('',(0.,1.,0.));
#15816 = PCURVE('',#14432,#15817);
#15817 = DEFINITIONAL_REPRESENTATION('',(#15818),#15822);
#15818 = LINE('',#15819,#15820);
#15819 = CARTESIAN_POINT('',(4.,0.));
#15820 = VECTOR('',#15821,1.);
#15821 = DIRECTION('',(0.,1.));
#15822 = ( GEOMETRIC_REPRESENTATION_CONTEXT(2) 
PARAMETRIC_REPRESENTATION_CONTEXT() REPRESENTATION_CONTEXT('2D SPACE',''
  ) );
#15823 = PCURVE('',#14508,#15824);
#15824 = DEFINITIONAL_REPRESENTATION('',(#15825),#15829);
#15825 = LINE('',#15826,#15827);
#15826 = CARTESIAN_POINT('',(1.8,0.));
#15827 = VECTOR('',#15828,1.);
#15828 = DIRECTION('',(0.,-1.));
#15829 = ( GEOMETRIC_REPRESENTATION_CONTEXT(2) 
PARAMETRIC_REPRESENTATION_CONTEXT() REPRESENTATION_CONTEXT('2D SPACE',''
  ) );
#15830 = ORIENTED_EDGE('',*,*,#14415,.F.);
#15831 = ADVANCED_FACE('',(#15832),#14508,.F.);
#15832 = FACE_BOUND('',#15833,.F.);
#15833 = EDGE_LOOP('',(#15834,#15835,#15836,#15857));
#15834 = ORIENTED_EDGE('',*,*,#15810,.F.);
#15835 = ORIENTED_EDGE('',*,*,#14635,.T.);
#15836 = ORIENTED_EDGE('',*,*,#15837,.T.);
#15837 = EDGE_CURVE('',#14615,#14470,#15838,.T.);
#15838 = SURFACE_CURVE('',#15839,(#15843,#15850),.PCURVE_S1.);
#15839 = LINE('',#15840,#15841);
#15840 = CARTESIAN_POINT('',(69.,9.,4.6));
#15841 = VECTOR('',#15842,1.);
#15842 = DIRECTION('',(0.,1.,0.));
#15843 = PCURVE('',#14508,#15844);
#15844 = DEFINITIONAL_REPRESENTATION('',(#15845),#15849);
#15845 = LINE('',#15846,#15847);
#15846 = CARTESIAN_POINT('',(0.,0.));
#15847 = VECTOR('',#15848,1.);
#15848 = DIRECTION('',(0.,-1.));
#15849 = ( GEOMETRIC_REPRESENTATION_CONTEXT(2) 
PARAMETRIC_REPRESENTATION_CONTEXT() REPRESENTATION_CONTEXT('2D SPACE',''
  ) );
#15850 = PCURVE('',#14484,#15851);
#15851 = DEFINITIONAL_REPRESENTATION('',(#15852),#15856);
#15852 = LINE('',#15853,#15854);
#15853 = CARTESIAN_POINT('',(4.,0.));
#15854 = VECTOR('',#15855,1.);
#15855 = DIRECTION('',(0.,1.));
#15856 = ( GEOMETRIC_REPRESENTATION_CONTEXT(2) 
PARAMETRIC_REPRESENTATION_CONTEXT() REPRESENTATION_CONTEXT('2D SPACE',''
  ) );
#15857 = ORIENTED_EDGE('',*,*,#14495,.F.);
#15858 = ADVANCED_FACE('',(#15859),#14484,.T.);
#15859 = FACE_BOUND('',#15860,.T.);
#15860 = EDGE_LOOP('',(#15861,#15882,#15883,#15884));
#15861 = ORIENTED_EDGE('',*,*,#15862,.F.);
#15862 = EDGE_CURVE('',#14594,#14444,#15863,.T.);
#15863 = SURFACE_CURVE('',#15864,(#15868,#15875),.PCURVE_S1.);
#15864 = LINE('',#15865,#15866);
#15865 = CARTESIAN_POINT('',(65.,9.,4.6));
#15866 = VECTOR('',#15867,1.);
#15867 = DIRECTION('',(0.,1.,0.));
#15868 = PCURVE('',#14484,#15869);
#15869 = DEFINITIONAL_REPRESENTATION('',(#15870),#15874);
#15870 = LINE('',#15871,#15872);
#15871 = CARTESIAN_POINT('',(0.,0.));
#15872 = VECTOR('',#15873,1.);
#15873 = DIRECTION('',(0.,1.));
#15874 = ( GEOMETRIC_REPRESENTATION_CONTEXT(2) 
PARAMETRIC_REPRESENTATION_CONTEXT() REPRESENTATION_CONTEXT('2D SPACE',''
  ) );
#15875 = PCURVE('',#14458,#15876);
#15876 = DEFINITIONAL_REPRESENTATION('',(#15877),#15881);
#15877 = LINE('',#15878,#15879);
#15878 = CARTESIAN_POINT('',(0.,0.));
#15879 = VECTOR('',#15880,1.);
#15880 = DIRECTION('',(0.,-1.));
#15881 = ( GEOMETRIC_REPRESENTATION_CONTEXT(2) 
PARAMETRIC_REPRESENTATION_CONTEXT() REPRESENTATION_CONTEXT('2D SPACE',''
  ) );
#15882 = ORIENTED_EDGE('',*,*,#14614,.T.);
#15883 = ORIENTED_EDGE('',*,*,#15837,.T.);
#15884 = ORIENTED_EDGE('',*,*,#14469,.F.);
#15885 = ADVANCED_FACE('',(#15886),#14458,.T.);
#15886 = FACE_BOUND('',#15887,.T.);
#15887 = EDGE_LOOP('',(#15888,#15889,#15890,#15891));
#15888 = ORIENTED_EDGE('',*,*,#15788,.F.);
#15889 = ORIENTED_EDGE('',*,*,#14593,.T.);
#15890 = ORIENTED_EDGE('',*,*,#15862,.T.);
#15891 = ORIENTED_EDGE('',*,*,#14443,.F.);
#15892 = ADVANCED_FACE('',(#15893),#14762,.T.);
#15893 = FACE_BOUND('',#15894,.T.);
#15894 = EDGE_LOOP('',(#15895,#15934,#15955,#15956));
#15895 = ORIENTED_EDGE('',*,*,#15896,.T.);
#15896 = EDGE_CURVE('',#15897,#15899,#15901,.T.);
#15897 = VERTEX_POINT('',#15898);
#15898 = CARTESIAN_POINT('',(21.1484375,4.384375,4.));
#15899 = VERTEX_POINT('',#15900);
#15900 = CARTESIAN_POINT('',(21.05,4.71484375,4.));
#15901 = SURFACE_CURVE('',#15902,(#15909,#15919),.PCURVE_S1.);
#15902 = B_SPLINE_CURVE_WITH_KNOTS('',5,(#15903,#15904,#15905,#15906,
    #15907,#15908),.UNSPECIFIED.,.F.,.F.,(6,6),(0.,1.),
  .PIECEWISE_BEZIER_KNOTS.);
#15903 = CARTESIAN_POINT('',(21.1484375,4.384375,4.));
#15904 = CARTESIAN_POINT('',(21.108487766903,4.431617144694,4.));
#15905 = CARTESIAN_POINT('',(21.078728441902,4.488844730027,4.));
#15906 = CARTESIAN_POINT('',(21.059359427444,4.555693801718,4.));
#15907 = CARTESIAN_POINT('',(21.05,4.631352539955,4.));
#15908 = CARTESIAN_POINT('',(21.05,4.71484375,4.));
#15909 = PCURVE('',#14762,#15910);
#15910 = DEFINITIONAL_REPRESENTATION('',(#15911),#15918);
#15911 = B_SPLINE_CURVE_WITH_KNOTS('',5,(#15912,#15913,#15914,#15915,
    #15916,#15917),.UNSPECIFIED.,.F.,.F.,(6,6),(0.,1.),
  .PIECEWISE_BEZIER_KNOTS.);
#15912 = CARTESIAN_POINT('',(1.,-5.E-02));
#15913 = CARTESIAN_POINT('',(0.797080720778,-5.E-02));
#15914 = CARTESIAN_POINT('',(0.594451289618,-5.E-02));
#15915 = CARTESIAN_POINT('',(0.39342503838,-5.E-02));
#15916 = CARTESIAN_POINT('',(0.195015965069,-5.E-02));
#15917 = CARTESIAN_POINT('',(0.,-5.E-02));
#15918 = ( GEOMETRIC_REPRESENTATION_CONTEXT(2) 
PARAMETRIC_REPRESENTATION_CONTEXT() REPRESENTATION_CONTEXT('2D SPACE',''
  ) );
#15919 = PCURVE('',#15920,#15925);
#15920 = PLANE('',#15921);
#15921 = AXIS2_PLACEMENT_3D('',#15922,#15923,#15924);
#15922 = CARTESIAN_POINT('',(0.,0.,4.));
#15923 = DIRECTION('',(0.,0.,1.));
#15924 = DIRECTION('',(1.,0.,0.));
#15925 = DEFINITIONAL_REPRESENTATION('',(#15926),#15933);
#15926 = B_SPLINE_CURVE_WITH_KNOTS('',5,(#15927,#15928,#15929,#15930,
    #15931,#15932),.UNSPECIFIED.,.F.,.F.,(6,6),(0.,1.),
  .PIECEWISE_BEZIER_KNOTS.);
#15927 = CARTESIAN_POINT('',(21.1484375,4.384375));
#15928 = CARTESIAN_POINT('',(21.108487766903,4.431617144694));
#15929 = CARTESIAN_POINT('',(21.078728441902,4.488844730027));
#15930 = CARTESIAN_POINT('',(21.059359427444,4.555693801718));
#15931 = CARTESIAN_POINT('',(21.05,4.631352539955));
#15932 = CARTESIAN_POINT('',(21.05,4.71484375));
#15933 = ( GEOMETRIC_REPRESENTATION_CONTEXT(2) 
PARAMETRIC_REPRESENTATION_CONTEXT() REPRESENTATION_CONTEXT('2D SPACE',''
  ) );
#15934 = ORIENTED_EDGE('',*,*,#15935,.T.);
#15935 = EDGE_CURVE('',#15899,#14745,#15936,.T.);
#15936 = SURFACE_CURVE('',#15937,(#15941,#15948),.PCURVE_S1.);
#15937 = LINE('',#15938,#15939);
#15938 = CARTESIAN_POINT('',(21.05,4.71484375,3.95));
#15939 = VECTOR('',#15940,1.);
#15940 = DIRECTION('',(0.,0.,1.));
#15941 = PCURVE('',#14762,#15942);
#15942 = DEFINITIONAL_REPRESENTATION('',(#15943),#15947);
#15943 = LINE('',#15944,#15945);
#15944 = CARTESIAN_POINT('',(0.,0.));
#15945 = VECTOR('',#15946,1.);
#15946 = DIRECTION('',(0.,-1.));
#15947 = ( GEOMETRIC_REPRESENTATION_CONTEXT(2) 
PARAMETRIC_REPRESENTATION_CONTEXT() REPRESENTATION_CONTEXT('2D SPACE',''
  ) );
#15948 = PCURVE('',#14970,#15949);
#15949 = DEFINITIONAL_REPRESENTATION('',(#15950),#15954);
#15950 = LINE('',#15951,#15952);
#15951 = CARTESIAN_POINT('',(1.,0.));
#15952 = VECTOR('',#15953,1.);
#15953 = DIRECTION('',(0.,-1.));
#15954 = ( GEOMETRIC_REPRESENTATION_CONTEXT(2) 
PARAMETRIC_REPRESENTATION_CONTEXT() REPRESENTATION_CONTEXT('2D SPACE',''
  ) );
#15955 = ORIENTED_EDGE('',*,*,#14744,.T.);
#15956 = ORIENTED_EDGE('',*,*,#15957,.F.);
#15957 = EDGE_CURVE('',#15897,#14747,#15958,.T.);
#15958 = SURFACE_CURVE('',#15959,(#15963,#15970),.PCURVE_S1.);
#15959 = LINE('',#15960,#15961);
#15960 = CARTESIAN_POINT('',(21.1484375,4.384375,3.95));
#15961 = VECTOR('',#15962,1.);
#15962 = DIRECTION('',(0.,0.,1.));
#15963 = PCURVE('',#14762,#15964);
#15964 = DEFINITIONAL_REPRESENTATION('',(#15965),#15969);
#15965 = LINE('',#15966,#15967);
#15966 = CARTESIAN_POINT('',(1.,0.));
#15967 = VECTOR('',#15968,1.);
#15968 = DIRECTION('',(0.,-1.));
#15969 = ( GEOMETRIC_REPRESENTATION_CONTEXT(2) 
PARAMETRIC_REPRESENTATION_CONTEXT() REPRESENTATION_CONTEXT('2D SPACE',''
  ) );
#15970 = PCURVE('',#14792,#15971);
#15971 = DEFINITIONAL_REPRESENTATION('',(#15972),#15976);
#15972 = LINE('',#15973,#15974);
#15973 = CARTESIAN_POINT('',(0.,0.));
#15974 = VECTOR('',#15975,1.);
#15975 = DIRECTION('',(0.,-1.));
#15976 = ( GEOMETRIC_REPRESENTATION_CONTEXT(2) 
PARAMETRIC_REPRESENTATION_CONTEXT() REPRESENTATION_CONTEXT('2D SPACE',''
  ) );
#15977 = ADVANCED_FACE('',(#15978),#14792,.T.);
#15978 = FACE_BOUND('',#15979,.T.);
#15979 = EDGE_LOOP('',(#15980,#16024,#16025,#16026));
#15980 = ORIENTED_EDGE('',*,*,#15981,.T.);
#15981 = EDGE_CURVE('',#15982,#15897,#15984,.T.);
#15982 = VERTEX_POINT('',#15983);
#15983 = CARTESIAN_POINT('',(21.3734375,4.26796875,4.));
#15984 = SURFACE_CURVE('',#15985,(#15996,#16010),.PCURVE_S1.);
#15985 = B_SPLINE_CURVE_WITH_KNOTS('',5,(#15986,#15987,#15988,#15989,
    #15990,#15991,#15992,#15993,#15994,#15995),.UNSPECIFIED.,.F.,.F.,(6,
    4,6),(0.,0.248158530215,1.),.UNSPECIFIED.);
#15986 = CARTESIAN_POINT('',(21.3734375,4.26796875,4.));
#15987 = CARTESIAN_POINT('',(21.360845863136,4.26796875,4.));
#15988 = CARTESIAN_POINT('',(21.34841773417,4.26868887696,4.));
#15989 = CARTESIAN_POINT('',(21.336157164525,4.270131539215,4.));
#15990 = CARTESIAN_POINT('',(21.324067854471,4.272297535292,4.));
#15991 = CARTESIAN_POINT('',(21.276055395113,4.283937347197,4.));
#15992 = CARTESIAN_POINT('',(21.241559121127,4.299320914286,4.));
#15993 = CARTESIAN_POINT('',(21.208760864394,4.321314177246,4.));
#15994 = CARTESIAN_POINT('',(21.177713864742,4.349754536932,4.));
#15995 = CARTESIAN_POINT('',(21.1484375,4.384375,4.));
#15996 = PCURVE('',#14792,#15997);
#15997 = DEFINITIONAL_REPRESENTATION('',(#15998),#16009);
#15998 = B_SPLINE_CURVE_WITH_KNOTS('',5,(#15999,#16000,#16001,#16002,
    #16003,#16004,#16005,#16006,#16007,#16008),.UNSPECIFIED.,.F.,.F.,(6,
    4,6),(0.,0.248158530215,1.),.UNSPECIFIED.);
#15999 = CARTESIAN_POINT('',(1.,-5.E-02));
#16000 = CARTESIAN_POINT('',(0.950255261774,-5.E-02));
#16001 = CARTESIAN_POINT('',(0.900469111166,-5.E-02));
#16002 = CARTESIAN_POINT('',(0.850655255017,-5.E-02));
#16003 = CARTESIAN_POINT('',(0.800827549476,-5.E-02));
#16004 = CARTESIAN_POINT('',(0.600038362689,-5.E-02));
#16005 = CARTESIAN_POINT('',(0.449072993848,-5.E-02));
#16006 = CARTESIAN_POINT('',(0.29850681021,-5.E-02));
#16007 = CARTESIAN_POINT('',(0.148705344721,-5.E-02));
#16008 = CARTESIAN_POINT('',(0.,-5.E-02));
#16009 = ( GEOMETRIC_REPRESENTATION_CONTEXT(2) 
PARAMETRIC_REPRESENTATION_CONTEXT() REPRESENTATION_CONTEXT('2D SPACE',''
  ) );
#16010 = PCURVE('',#15920,#16011);
#16011 = DEFINITIONAL_REPRESENTATION('',(#16012),#16023);
#16012 = B_SPLINE_CURVE_WITH_KNOTS('',5,(#16013,#16014,#16015,#16016,
    #16017,#16018,#16019,#16020,#16021,#16022),.UNSPECIFIED.,.F.,.F.,(6,
    4,6),(0.,0.248158530215,1.),.UNSPECIFIED.);
#16013 = CARTESIAN_POINT('',(21.3734375,4.26796875));
#16014 = CARTESIAN_POINT('',(21.360845863136,4.26796875));
#16015 = CARTESIAN_POINT('',(21.34841773417,4.26868887696));
#16016 = CARTESIAN_POINT('',(21.336157164525,4.270131539215));
#16017 = CARTESIAN_POINT('',(21.324067854471,4.272297535292));
#16018 = CARTESIAN_POINT('',(21.276055395113,4.283937347197));
#16019 = CARTESIAN_POINT('',(21.241559121127,4.299320914286));
#16020 = CARTESIAN_POINT('',(21.208760864394,4.321314177246));
#16021 = CARTESIAN_POINT('',(21.177713864742,4.349754536932));
#16022 = CARTESIAN_POINT('',(21.1484375,4.384375));
#16023 = ( GEOMETRIC_REPRESENTATION_CONTEXT(2) 
PARAMETRIC_REPRESENTATION_CONTEXT() REPRESENTATION_CONTEXT('2D SPACE',''
  ) );
#16024 = ORIENTED_EDGE('',*,*,#15957,.T.);
#16025 = ORIENTED_EDGE('',*,*,#14776,.T.);
#16026 = ORIENTED_EDGE('',*,*,#16027,.F.);
#16027 = EDGE_CURVE('',#15982,#14777,#16028,.T.);
#16028 = SURFACE_CURVE('',#16029,(#16033,#16040),.PCURVE_S1.);
#16029 = LINE('',#16030,#16031);
#16030 = CARTESIAN_POINT('',(21.3734375,4.26796875,3.95));
#16031 = VECTOR('',#16032,1.);
#16032 = DIRECTION('',(0.,0.,1.));
#16033 = PCURVE('',#14792,#16034);
#16034 = DEFINITIONAL_REPRESENTATION('',(#16035),#16039);
#16035 = LINE('',#16036,#16037);
#16036 = CARTESIAN_POINT('',(1.,0.));
#16037 = VECTOR('',#16038,1.);
#16038 = DIRECTION('',(0.,-1.));
#16039 = ( GEOMETRIC_REPRESENTATION_CONTEXT(2) 
PARAMETRIC_REPRESENTATION_CONTEXT() REPRESENTATION_CONTEXT('2D SPACE',''
  ) );
#16040 = PCURVE('',#14822,#16041);
#16041 = DEFINITIONAL_REPRESENTATION('',(#16042),#16046);
#16042 = LINE('',#16043,#16044);
#16043 = CARTESIAN_POINT('',(0.,0.));
#16044 = VECTOR('',#16045,1.);
#16045 = DIRECTION('',(0.,-1.));
#16046 = ( GEOMETRIC_REPRESENTATION_CONTEXT(2) 
PARAMETRIC_REPRESENTATION_CONTEXT() REPRESENTATION_CONTEXT('2D SPACE',''
  ) );
#16047 = ADVANCED_FACE('',(#16048),#14822,.T.);
#16048 = FACE_BOUND('',#16049,.T.);
#16049 = EDGE_LOOP('',(#16050,#16088,#16089,#16090));
#16050 = ORIENTED_EDGE('',*,*,#16051,.T.);
#16051 = EDGE_CURVE('',#16052,#15982,#16054,.T.);
#16052 = VERTEX_POINT('',#16053);
#16053 = CARTESIAN_POINT('',(21.5765625,4.36328125,4.));
#16054 = SURFACE_CURVE('',#16055,(#16064,#16076),.PCURVE_S1.);
#16055 = B_SPLINE_CURVE_WITH_KNOTS('',4,(#16056,#16057,#16058,#16059,
    #16060,#16061,#16062,#16063),.UNSPECIFIED.,.F.,.F.,(5,3,5),(0.,
    0.540128449223,1.),.UNSPECIFIED.);
#16056 = CARTESIAN_POINT('',(21.5765625,4.36328125,4.));
#16057 = CARTESIAN_POINT('',(21.554711095095,4.337647871169,4.));
#16058 = CARTESIAN_POINT('',(21.530815411031,4.316509942582,4.));
#16059 = CARTESIAN_POINT('',(21.504881728348,4.299997994359,4.));
#16060 = CARTESIAN_POINT('',(21.453198691863,4.278038182066,4.));
#16061 = CARTESIAN_POINT('',(21.427994326511,4.271310719481,4.));
#16062 = CARTESIAN_POINT('',(21.401388135193,4.26796875,4.));
#16063 = CARTESIAN_POINT('',(21.3734375,4.26796875,4.));
#16064 = PCURVE('',#14822,#16065);
#16065 = DEFINITIONAL_REPRESENTATION('',(#16066),#16075);
#16066 = B_SPLINE_CURVE_WITH_KNOTS('',4,(#16067,#16068,#16069,#16070,
    #16071,#16072,#16073,#16074),.UNSPECIFIED.,.F.,.F.,(5,3,5),(0.,
    0.540128449223,1.),.UNSPECIFIED.);
#16067 = CARTESIAN_POINT('',(1.,-5.E-02));
#16068 = CARTESIAN_POINT('',(0.86552981597,-5.E-02));
#16069 = CARTESIAN_POINT('',(0.730533742247,-5.E-02));
#16070 = CARTESIAN_POINT('',(0.595265794539,-5.E-02));
#16071 = CARTESIAN_POINT('',(0.344833152575,-5.E-02));
#16072 = CARTESIAN_POINT('',(0.229666759054,-5.E-02));
#16073 = CARTESIAN_POINT('',(0.114669272585,-5.E-02));
#16074 = CARTESIAN_POINT('',(0.,-5.E-02));
#16075 = ( GEOMETRIC_REPRESENTATION_CONTEXT(2) 
PARAMETRIC_REPRESENTATION_CONTEXT() REPRESENTATION_CONTEXT('2D SPACE',''
  ) );
#16076 = PCURVE('',#15920,#16077);
#16077 = DEFINITIONAL_REPRESENTATION('',(#16078),#16087);
#16078 = B_SPLINE_CURVE_WITH_KNOTS('',4,(#16079,#16080,#16081,#16082,
    #16083,#16084,#16085,#16086),.UNSPECIFIED.,.F.,.F.,(5,3,5),(0.,
    0.540128449223,1.),.UNSPECIFIED.);
#16079 = CARTESIAN_POINT('',(21.5765625,4.36328125));
#16080 = CARTESIAN_POINT('',(21.554711095095,4.337647871169));
#16081 = CARTESIAN_POINT('',(21.530815411031,4.316509942582));
#16082 = CARTESIAN_POINT('',(21.504881728348,4.299997994359));
#16083 = CARTESIAN_POINT('',(21.453198691863,4.278038182066));
#16084 = CARTESIAN_POINT('',(21.427994326511,4.271310719481));
#16085 = CARTESIAN_POINT('',(21.401388135193,4.26796875));
#16086 = CARTESIAN_POINT('',(21.3734375,4.26796875));
#16087 = ( GEOMETRIC_REPRESENTATION_CONTEXT(2) 
PARAMETRIC_REPRESENTATION_CONTEXT() REPRESENTATION_CONTEXT('2D SPACE',''
  ) );
#16088 = ORIENTED_EDGE('',*,*,#16027,.T.);
#16089 = ORIENTED_EDGE('',*,*,#14806,.T.);
#16090 = ORIENTED_EDGE('',*,*,#16091,.F.);
#16091 = EDGE_CURVE('',#16052,#14807,#16092,.T.);
#16092 = SURFACE_CURVE('',#16093,(#16097,#16104),.PCURVE_S1.);
#16093 = LINE('',#16094,#16095);
#16094 = CARTESIAN_POINT('',(21.5765625,4.36328125,3.95));
#16095 = VECTOR('',#16096,1.);
#16096 = DIRECTION('',(0.,0.,1.));
#16097 = PCURVE('',#14822,#16098);
#16098 = DEFINITIONAL_REPRESENTATION('',(#16099),#16103);
#16099 = LINE('',#16100,#16101);
#16100 = CARTESIAN_POINT('',(1.,0.));
#16101 = VECTOR('',#16102,1.);
#16102 = DIRECTION('',(0.,-1.));
#16103 = ( GEOMETRIC_REPRESENTATION_CONTEXT(2) 
PARAMETRIC_REPRESENTATION_CONTEXT() REPRESENTATION_CONTEXT('2D SPACE',''
  ) );
#16104 = PCURVE('',#14852,#16105);
#16105 = DEFINITIONAL_REPRESENTATION('',(#16106),#16110);
#16106 = LINE('',#16107,#16108);
#16107 = CARTESIAN_POINT('',(0.,0.));
#16108 = VECTOR('',#16109,1.);
#16109 = DIRECTION('',(0.,-1.));
#16110 = ( GEOMETRIC_REPRESENTATION_CONTEXT(2) 
PARAMETRIC_REPRESENTATION_CONTEXT() REPRESENTATION_CONTEXT('2D SPACE',''
  ) );
#16111 = ADVANCED_FACE('',(#16112),#14852,.T.);
#16112 = FACE_BOUND('',#16113,.T.);
#16113 = EDGE_LOOP('',(#16114,#16146,#16147,#16148));
#16114 = ORIENTED_EDGE('',*,*,#16115,.T.);
#16115 = EDGE_CURVE('',#16116,#16052,#16118,.T.);
#16116 = VERTEX_POINT('',#16117);
#16117 = CARTESIAN_POINT('',(21.6578125,4.67578125,4.));
#16118 = SURFACE_CURVE('',#16119,(#16126,#16136),.PCURVE_S1.);
#16119 = B_SPLINE_CURVE_WITH_KNOTS('',5,(#16120,#16121,#16122,#16123,
    #16124,#16125),.UNSPECIFIED.,.F.,.F.,(6,6),(0.,1.),
  .PIECEWISE_BEZIER_KNOTS.);
#16120 = CARTESIAN_POINT('',(21.6578125,4.67578125,4.));
#16121 = CARTESIAN_POINT('',(21.6578125,4.591793444881,4.));
#16122 = CARTESIAN_POINT('',(21.650218076275,4.517372816213,4.));
#16123 = CARTESIAN_POINT('',(21.634372641976,4.453804533635,4.));
#16124 = CARTESIAN_POINT('',(21.60979322966,4.402263452101,4.));
#16125 = CARTESIAN_POINT('',(21.5765625,4.36328125,4.));
#16126 = PCURVE('',#14852,#16127);
#16127 = DEFINITIONAL_REPRESENTATION('',(#16128),#16135);
#16128 = B_SPLINE_CURVE_WITH_KNOTS('',5,(#16129,#16130,#16131,#16132,
    #16133,#16134),.UNSPECIFIED.,.F.,.F.,(6,6),(0.,1.),
  .PIECEWISE_BEZIER_KNOTS.);
#16129 = CARTESIAN_POINT('',(1.,-5.E-02));
#16130 = CARTESIAN_POINT('',(0.806646779583,-5.E-02));
#16131 = CARTESIAN_POINT('',(0.609093365469,-5.E-02));
#16132 = CARTESIAN_POINT('',(0.408031071309,-5.E-02));
#16133 = CARTESIAN_POINT('',(0.204496797905,-5.E-02));
#16134 = CARTESIAN_POINT('',(0.,-5.E-02));
#16135 = ( GEOMETRIC_REPRESENTATION_CONTEXT(2) 
PARAMETRIC_REPRESENTATION_CONTEXT() REPRESENTATION_CONTEXT('2D SPACE',''
  ) );
#16136 = PCURVE('',#15920,#16137);
#16137 = DEFINITIONAL_REPRESENTATION('',(#16138),#16145);
#16138 = B_SPLINE_CURVE_WITH_KNOTS('',5,(#16139,#16140,#16141,#16142,
    #16143,#16144),.UNSPECIFIED.,.F.,.F.,(6,6),(0.,1.),
  .PIECEWISE_BEZIER_KNOTS.);
#16139 = CARTESIAN_POINT('',(21.6578125,4.67578125));
#16140 = CARTESIAN_POINT('',(21.6578125,4.591793444881));
#16141 = CARTESIAN_POINT('',(21.650218076275,4.517372816213));
#16142 = CARTESIAN_POINT('',(21.634372641976,4.453804533635));
#16143 = CARTESIAN_POINT('',(21.60979322966,4.402263452101));
#16144 = CARTESIAN_POINT('',(21.5765625,4.36328125));
#16145 = ( GEOMETRIC_REPRESENTATION_CONTEXT(2) 
PARAMETRIC_REPRESENTATION_CONTEXT() REPRESENTATION_CONTEXT('2D SPACE',''
  ) );
#16146 = ORIENTED_EDGE('',*,*,#16091,.T.);
#16147 = ORIENTED_EDGE('',*,*,#14836,.T.);
#16148 = ORIENTED_EDGE('',*,*,#16149,.F.);
#16149 = EDGE_CURVE('',#16116,#14837,#16150,.T.);
#16150 = SURFACE_CURVE('',#16151,(#16155,#16162),.PCURVE_S1.);
#16151 = LINE('',#16152,#16153);
#16152 = CARTESIAN_POINT('',(21.6578125,4.67578125,3.95));
#16153 = VECTOR('',#16154,1.);
#16154 = DIRECTION('',(0.,0.,1.));
#16155 = PCURVE('',#14852,#16156);
#16156 = DEFINITIONAL_REPRESENTATION('',(#16157),#16161);
#16157 = LINE('',#16158,#16159);
#16158 = CARTESIAN_POINT('',(1.,0.));
#16159 = VECTOR('',#16160,1.);
#16160 = DIRECTION('',(0.,-1.));
#16161 = ( GEOMETRIC_REPRESENTATION_CONTEXT(2) 
PARAMETRIC_REPRESENTATION_CONTEXT() REPRESENTATION_CONTEXT('2D SPACE',''
  ) );
#16162 = PCURVE('',#14882,#16163);
#16163 = DEFINITIONAL_REPRESENTATION('',(#16164),#16168);
#16164 = LINE('',#16165,#16166);
#16165 = CARTESIAN_POINT('',(0.,0.));
#16166 = VECTOR('',#16167,1.);
#16167 = DIRECTION('',(0.,-1.));
#16168 = ( GEOMETRIC_REPRESENTATION_CONTEXT(2) 
PARAMETRIC_REPRESENTATION_CONTEXT() REPRESENTATION_CONTEXT('2D SPACE',''
  ) );
#16169 = ADVANCED_FACE('',(#16170),#14882,.T.);
#16170 = FACE_BOUND('',#16171,.T.);
#16171 = EDGE_LOOP('',(#16172,#16204,#16205,#16206));
#16172 = ORIENTED_EDGE('',*,*,#16173,.T.);
#16173 = EDGE_CURVE('',#16174,#16116,#16176,.T.);
#16174 = VERTEX_POINT('',#16175);
#16175 = CARTESIAN_POINT('',(21.5703125,5.003125,4.));
#16176 = SURFACE_CURVE('',#16177,(#16184,#16194),.PCURVE_S1.);
#16177 = B_SPLINE_CURVE_WITH_KNOTS('',5,(#16178,#16179,#16180,#16181,
    #16182,#16183),.UNSPECIFIED.,.F.,.F.,(6,6),(0.,1.),
  .PIECEWISE_BEZIER_KNOTS.);
#16178 = CARTESIAN_POINT('',(21.5703125,5.003125,4.));
#16179 = CARTESIAN_POINT('',(21.606085801647,4.960644204294,4.));
#16180 = CARTESIAN_POINT('',(21.632559980968,4.90586294783,4.));
#16181 = CARTESIAN_POINT('',(21.649630851562,4.839323908347,4.));
#16182 = CARTESIAN_POINT('',(21.6578125,4.762202062422,4.));
#16183 = CARTESIAN_POINT('',(21.6578125,4.67578125,4.));
#16184 = PCURVE('',#14882,#16185);
#16185 = DEFINITIONAL_REPRESENTATION('',(#16186),#16193);
#16186 = B_SPLINE_CURVE_WITH_KNOTS('',5,(#16187,#16188,#16189,#16190,
    #16191,#16192),.UNSPECIFIED.,.F.,.F.,(6,6),(0.,1.),
  .PIECEWISE_BEZIER_KNOTS.);
#16187 = CARTESIAN_POINT('',(1.,-5.E-02));
#16188 = CARTESIAN_POINT('',(0.795581133443,-5.E-02));
#16189 = CARTESIAN_POINT('',(0.59206364773,-5.E-02));
#16190 = CARTESIAN_POINT('',(0.390980418501,-5.E-02));
#16191 = CARTESIAN_POINT('',(0.193389230596,-5.E-02));
#16192 = CARTESIAN_POINT('',(0.,-5.E-02));
#16193 = ( GEOMETRIC_REPRESENTATION_CONTEXT(2) 
PARAMETRIC_REPRESENTATION_CONTEXT() REPRESENTATION_CONTEXT('2D SPACE',''
  ) );
#16194 = PCURVE('',#15920,#16195);
#16195 = DEFINITIONAL_REPRESENTATION('',(#16196),#16203);
#16196 = B_SPLINE_CURVE_WITH_KNOTS('',5,(#16197,#16198,#16199,#16200,
    #16201,#16202),.UNSPECIFIED.,.F.,.F.,(6,6),(0.,1.),
  .PIECEWISE_BEZIER_KNOTS.);
#16197 = CARTESIAN_POINT('',(21.5703125,5.003125));
#16198 = CARTESIAN_POINT('',(21.606085801647,4.960644204294));
#16199 = CARTESIAN_POINT('',(21.632559980968,4.90586294783));
#16200 = CARTESIAN_POINT('',(21.649630851562,4.839323908347));
#16201 = CARTESIAN_POINT('',(21.6578125,4.762202062422));
#16202 = CARTESIAN_POINT('',(21.6578125,4.67578125));
#16203 = ( GEOMETRIC_REPRESENTATION_CONTEXT(2) 
PARAMETRIC_REPRESENTATION_CONTEXT() REPRESENTATION_CONTEXT('2D SPACE',''
  ) );
#16204 = ORIENTED_EDGE('',*,*,#16149,.T.);
#16205 = ORIENTED_EDGE('',*,*,#14866,.T.);
#16206 = ORIENTED_EDGE('',*,*,#16207,.F.);
#16207 = EDGE_CURVE('',#16174,#14867,#16208,.T.);
#16208 = SURFACE_CURVE('',#16209,(#16213,#16220),.PCURVE_S1.);
#16209 = LINE('',#16210,#16211);
#16210 = CARTESIAN_POINT('',(21.5703125,5.003125,3.95));
#16211 = VECTOR('',#16212,1.);
#16212 = DIRECTION('',(0.,0.,1.));
#16213 = PCURVE('',#14882,#16214);
#16214 = DEFINITIONAL_REPRESENTATION('',(#16215),#16219);
#16215 = LINE('',#16216,#16217);
#16216 = CARTESIAN_POINT('',(1.,0.));
#16217 = VECTOR('',#16218,1.);
#16218 = DIRECTION('',(0.,-1.));
#16219 = ( GEOMETRIC_REPRESENTATION_CONTEXT(2) 
PARAMETRIC_REPRESENTATION_CONTEXT() REPRESENTATION_CONTEXT('2D SPACE',''
  ) );
#16220 = PCURVE('',#14912,#16221);
#16221 = DEFINITIONAL_REPRESENTATION('',(#16222),#16226);
#16222 = LINE('',#16223,#16224);
#16223 = CARTESIAN_POINT('',(0.,0.));
#16224 = VECTOR('',#16225,1.);
#16225 = DIRECTION('',(0.,-1.));
#16226 = ( GEOMETRIC_REPRESENTATION_CONTEXT(2) 
PARAMETRIC_REPRESENTATION_CONTEXT() REPRESENTATION_CONTEXT('2D SPACE',''
  ) );
#16227 = ADVANCED_FACE('',(#16228),#14912,.T.);
#16228 = FACE_BOUND('',#16229,.T.);
#16229 = EDGE_LOOP('',(#16230,#16268,#16269,#16270));
#16230 = ORIENTED_EDGE('',*,*,#16231,.T.);
#16231 = EDGE_CURVE('',#16232,#16174,#16234,.T.);
#16232 = VERTEX_POINT('',#16233);
#16233 = CARTESIAN_POINT('',(21.3515625,5.10703125,4.));
#16234 = SURFACE_CURVE('',#16235,(#16244,#16256),.PCURVE_S1.);
#16235 = B_SPLINE_CURVE_WITH_KNOTS('',4,(#16236,#16237,#16238,#16239,
    #16240,#16241,#16242,#16243),.UNSPECIFIED.,.F.,.F.,(5,3,5),(0.,
    0.452807471308,1.),.UNSPECIFIED.);
#16236 = CARTESIAN_POINT('',(21.3515625,5.10703125,4.));
#16237 = CARTESIAN_POINT('',(21.38119408236,5.10703125,4.));
#16238 = CARTESIAN_POINT('',(21.409435087935,5.103500651213,4.));
#16239 = CARTESIAN_POINT('',(21.436216885845,5.096387337789,4.));
#16240 = CARTESIAN_POINT('',(21.49204684009,5.072804278494,4.));
#16241 = CARTESIAN_POINT('',(21.520404169992,5.054692936873,4.));
#16242 = CARTESIAN_POINT('',(21.54649501551,5.031408262832,4.));
#16243 = CARTESIAN_POINT('',(21.5703125,5.003125,4.));
#16244 = PCURVE('',#14912,#16245);
#16245 = DEFINITIONAL_REPRESENTATION('',(#16246),#16255);
#16246 = B_SPLINE_CURVE_WITH_KNOTS('',4,(#16247,#16248,#16249,#16250,
    #16251,#16252,#16253,#16254),.UNSPECIFIED.,.F.,.F.,(5,3,5),(0.,
    0.452807471308,1.),.UNSPECIFIED.);
#16247 = CARTESIAN_POINT('',(1.,-5.E-02));
#16248 = CARTESIAN_POINT('',(0.887117781487,-5.E-02));
#16249 = CARTESIAN_POINT('',(0.773869882495,-5.E-02));
#16250 = CARTESIAN_POINT('',(0.660434159648,-5.E-02));
#16251 = CARTESIAN_POINT('',(0.40992115614,-5.E-02));
#16252 = CARTESIAN_POINT('',(0.272842459175,-5.E-02));
#16253 = CARTESIAN_POINT('',(0.136099911373,-5.E-02));
#16254 = CARTESIAN_POINT('',(0.,-5.E-02));
#16255 = ( GEOMETRIC_REPRESENTATION_CONTEXT(2) 
PARAMETRIC_REPRESENTATION_CONTEXT() REPRESENTATION_CONTEXT('2D SPACE',''
  ) );
#16256 = PCURVE('',#15920,#16257);
#16257 = DEFINITIONAL_REPRESENTATION('',(#16258),#16267);
#16258 = B_SPLINE_CURVE_WITH_KNOTS('',4,(#16259,#16260,#16261,#16262,
    #16263,#16264,#16265,#16266),.UNSPECIFIED.,.F.,.F.,(5,3,5),(0.,
    0.452807471308,1.),.UNSPECIFIED.);
#16259 = CARTESIAN_POINT('',(21.3515625,5.10703125));
#16260 = CARTESIAN_POINT('',(21.38119408236,5.10703125));
#16261 = CARTESIAN_POINT('',(21.409435087935,5.103500651213));
#16262 = CARTESIAN_POINT('',(21.436216885845,5.096387337789));
#16263 = CARTESIAN_POINT('',(21.49204684009,5.072804278494));
#16264 = CARTESIAN_POINT('',(21.520404169992,5.054692936873));
#16265 = CARTESIAN_POINT('',(21.54649501551,5.031408262832));
#16266 = CARTESIAN_POINT('',(21.5703125,5.003125));
#16267 = ( GEOMETRIC_REPRESENTATION_CONTEXT(2) 
PARAMETRIC_REPRESENTATION_CONTEXT() REPRESENTATION_CONTEXT('2D SPACE',''
  ) );
#16268 = ORIENTED_EDGE('',*,*,#16207,.T.);
#16269 = ORIENTED_EDGE('',*,*,#14896,.T.);
#16270 = ORIENTED_EDGE('',*,*,#16271,.F.);
#16271 = EDGE_CURVE('',#16232,#14897,#16272,.T.);
#16272 = SURFACE_CURVE('',#16273,(#16277,#16284),.PCURVE_S1.);
#16273 = LINE('',#16274,#16275);
#16274 = CARTESIAN_POINT('',(21.3515625,5.10703125,3.95));
#16275 = VECTOR('',#16276,1.);
#16276 = DIRECTION('',(0.,0.,1.));
#16277 = PCURVE('',#14912,#16278);
#16278 = DEFINITIONAL_REPRESENTATION('',(#16279),#16283);
#16279 = LINE('',#16280,#16281);
#16280 = CARTESIAN_POINT('',(1.,0.));
#16281 = VECTOR('',#16282,1.);
#16282 = DIRECTION('',(0.,-1.));
#16283 = ( GEOMETRIC_REPRESENTATION_CONTEXT(2) 
PARAMETRIC_REPRESENTATION_CONTEXT() REPRESENTATION_CONTEXT('2D SPACE',''
  ) );
#16284 = PCURVE('',#14942,#16285);
#16285 = DEFINITIONAL_REPRESENTATION('',(#16286),#16290);
#16286 = LINE('',#16287,#16288);
#16287 = CARTESIAN_POINT('',(0.,0.));
#16288 = VECTOR('',#16289,1.);
#16289 = DIRECTION('',(0.,-1.));
#16290 = ( GEOMETRIC_REPRESENTATION_CONTEXT(2) 
PARAMETRIC_REPRESENTATION_CONTEXT() REPRESENTATION_CONTEXT('2D SPACE',''
  ) );
#16291 = ADVANCED_FACE('',(#16292),#14942,.T.);
#16292 = FACE_BOUND('',#16293,.T.);
#16293 = EDGE_LOOP('',(#16294,#16332,#16333,#16334));
#16294 = ORIENTED_EDGE('',*,*,#16295,.T.);
#16295 = EDGE_CURVE('',#16296,#16232,#16298,.T.);
#16296 = VERTEX_POINT('',#16297);
#16297 = CARTESIAN_POINT('',(21.1375,5.0078125,4.));
#16298 = SURFACE_CURVE('',#16299,(#16308,#16320),.PCURVE_S1.);
#16299 = B_SPLINE_CURVE_WITH_KNOTS('',4,(#16300,#16301,#16302,#16303,
    #16304,#16305,#16306,#16307),.UNSPECIFIED.,.F.,.F.,(5,3,5),(0.,
    0.564230972149,1.),.UNSPECIFIED.);
#16300 = CARTESIAN_POINT('',(21.1375,5.0078125,4.));
#16301 = CARTESIAN_POINT('',(21.162063088288,5.035665287612,4.));
#16302 = CARTESIAN_POINT('',(21.188788940932,5.058431318664,4.));
#16303 = CARTESIAN_POINT('',(21.217666991151,5.075943047853,4.));
#16304 = CARTESIAN_POINT('',(21.272535715799,5.097613454567,4.));
#16305 = CARTESIAN_POINT('',(21.297687043437,5.10390476713,4.));
#16306 = CARTESIAN_POINT('',(21.324046432408,5.10703125,4.));
#16307 = CARTESIAN_POINT('',(21.3515625,5.10703125,4.));
#16308 = PCURVE('',#14942,#16309);
#16309 = DEFINITIONAL_REPRESENTATION('',(#16310),#16319);
#16310 = B_SPLINE_CURVE_WITH_KNOTS('',4,(#16311,#16312,#16313,#16314,
    #16315,#16316,#16317,#16318),.UNSPECIFIED.,.F.,.F.,(5,3,5),(0.,
    0.564230972149,1.),.UNSPECIFIED.);
#16311 = CARTESIAN_POINT('',(1.,-5.E-02));
#16312 = CARTESIAN_POINT('',(0.859639495499,-5.E-02));
#16313 = CARTESIAN_POINT('',(0.718646480208,-5.E-02));
#16314 = CARTESIAN_POINT('',(0.577323292891,-5.E-02));
#16315 = CARTESIAN_POINT('',(0.326852652556,-5.E-02));
#16316 = CARTESIAN_POINT('',(0.217704119825,-5.E-02));
#16317 = CARTESIAN_POINT('',(0.108705452216,-5.E-02));
#16318 = CARTESIAN_POINT('',(0.,-5.E-02));
#16319 = ( GEOMETRIC_REPRESENTATION_CONTEXT(2) 
PARAMETRIC_REPRESENTATION_CONTEXT() REPRESENTATION_CONTEXT('2D SPACE',''
  ) );
#16320 = PCURVE('',#15920,#16321);
#16321 = DEFINITIONAL_REPRESENTATION('',(#16322),#16331);
#16322 = B_SPLINE_CURVE_WITH_KNOTS('',4,(#16323,#16324,#16325,#16326,
    #16327,#16328,#16329,#16330),.UNSPECIFIED.,.F.,.F.,(5,3,5),(0.,
    0.564230972149,1.),.UNSPECIFIED.);
#16323 = CARTESIAN_POINT('',(21.1375,5.0078125));
#16324 = CARTESIAN_POINT('',(21.162063088288,5.035665287612));
#16325 = CARTESIAN_POINT('',(21.188788940932,5.058431318664));
#16326 = CARTESIAN_POINT('',(21.217666991151,5.075943047853));
#16327 = CARTESIAN_POINT('',(21.272535715799,5.097613454567));
#16328 = CARTESIAN_POINT('',(21.297687043437,5.10390476713));
#16329 = CARTESIAN_POINT('',(21.324046432408,5.10703125));
#16330 = CARTESIAN_POINT('',(21.3515625,5.10703125));
#16331 = ( GEOMETRIC_REPRESENTATION_CONTEXT(2) 
PARAMETRIC_REPRESENTATION_CONTEXT() REPRESENTATION_CONTEXT('2D SPACE',''
  ) );
#16332 = ORIENTED_EDGE('',*,*,#16271,.T.);
#16333 = ORIENTED_EDGE('',*,*,#14926,.T.);
#16334 = ORIENTED_EDGE('',*,*,#16335,.F.);
#16335 = EDGE_CURVE('',#16296,#14927,#16336,.T.);
#16336 = SURFACE_CURVE('',#16337,(#16341,#16348),.PCURVE_S1.);
#16337 = LINE('',#16338,#16339);
#16338 = CARTESIAN_POINT('',(21.1375,5.0078125,3.95));
#16339 = VECTOR('',#16340,1.);
#16340 = DIRECTION('',(0.,0.,1.));
#16341 = PCURVE('',#14942,#16342);
#16342 = DEFINITIONAL_REPRESENTATION('',(#16343),#16347);
#16343 = LINE('',#16344,#16345);
#16344 = CARTESIAN_POINT('',(1.,0.));
#16345 = VECTOR('',#16346,1.);
#16346 = DIRECTION('',(0.,-1.));
#16347 = ( GEOMETRIC_REPRESENTATION_CONTEXT(2) 
PARAMETRIC_REPRESENTATION_CONTEXT() REPRESENTATION_CONTEXT('2D SPACE',''
  ) );
#16348 = PCURVE('',#14970,#16349);
#16349 = DEFINITIONAL_REPRESENTATION('',(#16350),#16354);
#16350 = LINE('',#16351,#16352);
#16351 = CARTESIAN_POINT('',(0.,0.));
#16352 = VECTOR('',#16353,1.);
#16353 = DIRECTION('',(0.,-1.));
#16354 = ( GEOMETRIC_REPRESENTATION_CONTEXT(2) 
PARAMETRIC_REPRESENTATION_CONTEXT() REPRESENTATION_CONTEXT('2D SPACE',''
  ) );
#16355 = ADVANCED_FACE('',(#16356),#14970,.T.);
#16356 = FACE_BOUND('',#16357,.T.);
#16357 = EDGE_LOOP('',(#16358,#16388,#16389,#16390));
#16358 = ORIENTED_EDGE('',*,*,#16359,.T.);
#16359 = EDGE_CURVE('',#15899,#16296,#16360,.T.);
#16360 = SURFACE_CURVE('',#16361,(#16368,#16378),.PCURVE_S1.);
#16361 = B_SPLINE_CURVE_WITH_KNOTS('',5,(#16362,#16363,#16364,#16365,
    #16366,#16367),.UNSPECIFIED.,.F.,.F.,(6,6),(0.,1.),
  .PIECEWISE_BEZIER_KNOTS.);
#16362 = CARTESIAN_POINT('',(21.05,4.71484375,4.));
#16363 = CARTESIAN_POINT('',(21.05,4.790594252859,4.));
#16364 = CARTESIAN_POINT('',(21.058359517917,4.85850280957,4.));
#16365 = CARTESIAN_POINT('',(21.075602819632,4.917727992328,4.));
#16366 = CARTESIAN_POINT('',(21.102031328268,4.967593559732,4.));
#16367 = CARTESIAN_POINT('',(21.1375,5.0078125,4.));
#16368 = PCURVE('',#14970,#16369);
#16369 = DEFINITIONAL_REPRESENTATION('',(#16370),#16377);
#16370 = B_SPLINE_CURVE_WITH_KNOTS('',5,(#16371,#16372,#16373,#16374,
    #16375,#16376),.UNSPECIFIED.,.F.,.F.,(6,6),(0.,1.),
  .PIECEWISE_BEZIER_KNOTS.);
#16371 = CARTESIAN_POINT('',(1.,-5.E-02));
#16372 = CARTESIAN_POINT('',(0.804514831332,-5.E-02));
#16373 = CARTESIAN_POINT('',(0.605960452999,-5.E-02));
#16374 = CARTESIAN_POINT('',(0.405046628658,-5.E-02));
#16375 = CARTESIAN_POINT('',(0.202678124186,-5.E-02));
#16376 = CARTESIAN_POINT('',(0.,-5.E-02));
#16377 = ( GEOMETRIC_REPRESENTATION_CONTEXT(2) 
PARAMETRIC_REPRESENTATION_CONTEXT() REPRESENTATION_CONTEXT('2D SPACE',''
  ) );
#16378 = PCURVE('',#15920,#16379);
#16379 = DEFINITIONAL_REPRESENTATION('',(#16380),#16387);
#16380 = B_SPLINE_CURVE_WITH_KNOTS('',5,(#16381,#16382,#16383,#16384,
    #16385,#16386),.UNSPECIFIED.,.F.,.F.,(6,6),(0.,1.),
  .PIECEWISE_BEZIER_KNOTS.);
#16381 = CARTESIAN_POINT('',(21.05,4.71484375));
#16382 = CARTESIAN_POINT('',(21.05,4.790594252859));
#16383 = CARTESIAN_POINT('',(21.058359517917,4.85850280957));
#16384 = CARTESIAN_POINT('',(21.075602819632,4.917727992328));
#16385 = CARTESIAN_POINT('',(21.102031328268,4.967593559732));
#16386 = CARTESIAN_POINT('',(21.1375,5.0078125));
#16387 = ( GEOMETRIC_REPRESENTATION_CONTEXT(2) 
PARAMETRIC_REPRESENTATION_CONTEXT() REPRESENTATION_CONTEXT('2D SPACE',''
  ) );
#16388 = ORIENTED_EDGE('',*,*,#16335,.T.);
#16389 = ORIENTED_EDGE('',*,*,#14956,.T.);
#16390 = ORIENTED_EDGE('',*,*,#15935,.F.);
#16391 = ADVANCED_FACE('',(#16392),#15109,.T.);
#16392 = FACE_BOUND('',#16393,.T.);
#16393 = EDGE_LOOP('',(#16394,#16422,#16443,#16444));
#16394 = ORIENTED_EDGE('',*,*,#16395,.T.);
#16395 = EDGE_CURVE('',#16396,#16398,#16400,.T.);
#16396 = VERTEX_POINT('',#16397);
#16397 = CARTESIAN_POINT('',(66.75,4.78984375,4.));
#16398 = VERTEX_POINT('',#16399);
#16399 = CARTESIAN_POINT('',(66.2234375,4.78984375,4.));
#16400 = SURFACE_CURVE('',#16401,(#16405,#16411),.PCURVE_S1.);
#16401 = LINE('',#16402,#16403);
#16402 = CARTESIAN_POINT('',(33.11171875,4.78984375,4.));
#16403 = VECTOR('',#16404,1.);
#16404 = DIRECTION('',(-1.,0.,0.));
#16405 = PCURVE('',#15109,#16406);
#16406 = DEFINITIONAL_REPRESENTATION('',(#16407),#16410);
#16407 = B_SPLINE_CURVE_WITH_KNOTS('',1,(#16408,#16409),.UNSPECIFIED.,
  .F.,.F.,(2,2),(-33.63828125,-33.11171875),.PIECEWISE_BEZIER_KNOTS.);
#16408 = CARTESIAN_POINT('',(0.5265625,-5.E-02));
#16409 = CARTESIAN_POINT('',(0.,-5.E-02));
#16410 = ( GEOMETRIC_REPRESENTATION_CONTEXT(2) 
PARAMETRIC_REPRESENTATION_CONTEXT() REPRESENTATION_CONTEXT('2D SPACE',''
  ) );
#16411 = PCURVE('',#16412,#16417);
#16412 = PLANE('',#16413);
#16413 = AXIS2_PLACEMENT_3D('',#16414,#16415,#16416);
#16414 = CARTESIAN_POINT('',(0.,0.,4.));
#16415 = DIRECTION('',(0.,0.,1.));
#16416 = DIRECTION('',(1.,0.,0.));
#16417 = DEFINITIONAL_REPRESENTATION('',(#16418),#16421);
#16418 = B_SPLINE_CURVE_WITH_KNOTS('',1,(#16419,#16420),.UNSPECIFIED.,
  .F.,.F.,(2,2),(-33.63828125,-33.11171875),.PIECEWISE_BEZIER_KNOTS.);
#16419 = CARTESIAN_POINT('',(66.75,4.78984375));
#16420 = CARTESIAN_POINT('',(66.2234375,4.78984375));
#16421 = ( GEOMETRIC_REPRESENTATION_CONTEXT(2) 
PARAMETRIC_REPRESENTATION_CONTEXT() REPRESENTATION_CONTEXT('2D SPACE',''
  ) );
#16422 = ORIENTED_EDGE('',*,*,#16423,.T.);
#16423 = EDGE_CURVE('',#16398,#15092,#16424,.T.);
#16424 = SURFACE_CURVE('',#16425,(#16429,#16436),.PCURVE_S1.);
#16425 = LINE('',#16426,#16427);
#16426 = CARTESIAN_POINT('',(66.2234375,4.78984375,3.95));
#16427 = VECTOR('',#16428,1.);
#16428 = DIRECTION('',(0.,0.,1.));
#16429 = PCURVE('',#15109,#16430);
#16430 = DEFINITIONAL_REPRESENTATION('',(#16431),#16435);
#16431 = LINE('',#16432,#16433);
#16432 = CARTESIAN_POINT('',(-1.110223024625E-16,0.));
#16433 = VECTOR('',#16434,1.);
#16434 = DIRECTION('',(0.,-1.));
#16435 = ( GEOMETRIC_REPRESENTATION_CONTEXT(2) 
PARAMETRIC_REPRESENTATION_CONTEXT() REPRESENTATION_CONTEXT('2D SPACE',''
  ) );
#16436 = PCURVE('',#15163,#16437);
#16437 = DEFINITIONAL_REPRESENTATION('',(#16438),#16442);
#16438 = LINE('',#16439,#16440);
#16439 = CARTESIAN_POINT('',(0.943431755117,0.));
#16440 = VECTOR('',#16441,1.);
#16441 = DIRECTION('',(0.,-1.));
#16442 = ( GEOMETRIC_REPRESENTATION_CONTEXT(2) 
PARAMETRIC_REPRESENTATION_CONTEXT() REPRESENTATION_CONTEXT('2D SPACE',''
  ) );
#16443 = ORIENTED_EDGE('',*,*,#15091,.T.);
#16444 = ORIENTED_EDGE('',*,*,#16445,.F.);
#16445 = EDGE_CURVE('',#16396,#15094,#16446,.T.);
#16446 = SURFACE_CURVE('',#16447,(#16451,#16458),.PCURVE_S1.);
#16447 = LINE('',#16448,#16449);
#16448 = CARTESIAN_POINT('',(66.75,4.78984375,3.95));
#16449 = VECTOR('',#16450,1.);
#16450 = DIRECTION('',(0.,0.,1.));
#16451 = PCURVE('',#15109,#16452);
#16452 = DEFINITIONAL_REPRESENTATION('',(#16453),#16457);
#16453 = LINE('',#16454,#16455);
#16454 = CARTESIAN_POINT('',(0.5265625,0.));
#16455 = VECTOR('',#16456,1.);
#16456 = DIRECTION('',(0.,-1.));
#16457 = ( GEOMETRIC_REPRESENTATION_CONTEXT(2) 
PARAMETRIC_REPRESENTATION_CONTEXT() REPRESENTATION_CONTEXT('2D SPACE',''
  ) );
#16458 = PCURVE('',#15137,#16459);
#16459 = DEFINITIONAL_REPRESENTATION('',(#16460),#16464);
#16460 = LINE('',#16461,#16462);
#16461 = CARTESIAN_POINT('',(0.,0.));
#16462 = VECTOR('',#16463,1.);
#16463 = DIRECTION('',(0.,-1.));
#16464 = ( GEOMETRIC_REPRESENTATION_CONTEXT(2) 
PARAMETRIC_REPRESENTATION_CONTEXT() REPRESENTATION_CONTEXT('2D SPACE',''
  ) );
#16465 = ADVANCED_FACE('',(#16466),#15137,.T.);
#16466 = FACE_BOUND('',#16467,.T.);
#16467 = EDGE_LOOP('',(#16468,#16489,#16490,#16491));
#16468 = ORIENTED_EDGE('',*,*,#16469,.T.);
#16469 = EDGE_CURVE('',#16470,#16396,#16472,.T.);
#16470 = VERTEX_POINT('',#16471);
#16471 = CARTESIAN_POINT('',(66.75,5.57265625,4.));
#16472 = SURFACE_CURVE('',#16473,(#16477,#16483),.PCURVE_S1.);
#16473 = LINE('',#16474,#16475);
#16474 = CARTESIAN_POINT('',(66.75,2.394921875,4.));
#16475 = VECTOR('',#16476,1.);
#16476 = DIRECTION('',(0.,-1.,0.));
#16477 = PCURVE('',#15137,#16478);
#16478 = DEFINITIONAL_REPRESENTATION('',(#16479),#16482);
#16479 = B_SPLINE_CURVE_WITH_KNOTS('',1,(#16480,#16481),.UNSPECIFIED.,
  .F.,.F.,(2,2),(-3.177734375,-2.394921875),.PIECEWISE_BEZIER_KNOTS.);
#16480 = CARTESIAN_POINT('',(0.7828125,-5.E-02));
#16481 = CARTESIAN_POINT('',(0.,-5.E-02));
#16482 = ( GEOMETRIC_REPRESENTATION_CONTEXT(2) 
PARAMETRIC_REPRESENTATION_CONTEXT() REPRESENTATION_CONTEXT('2D SPACE',''
  ) );
#16483 = PCURVE('',#16412,#16484);
#16484 = DEFINITIONAL_REPRESENTATION('',(#16485),#16488);
#16485 = B_SPLINE_CURVE_WITH_KNOTS('',1,(#16486,#16487),.UNSPECIFIED.,
  .F.,.F.,(2,2),(-3.177734375,-2.394921875),.PIECEWISE_BEZIER_KNOTS.);
#16486 = CARTESIAN_POINT('',(66.75,5.57265625));
#16487 = CARTESIAN_POINT('',(66.75,4.78984375));
#16488 = ( GEOMETRIC_REPRESENTATION_CONTEXT(2) 
PARAMETRIC_REPRESENTATION_CONTEXT() REPRESENTATION_CONTEXT('2D SPACE',''
  ) );
#16489 = ORIENTED_EDGE('',*,*,#16445,.T.);
#16490 = ORIENTED_EDGE('',*,*,#15121,.T.);
#16491 = ORIENTED_EDGE('',*,*,#16492,.F.);
#16492 = EDGE_CURVE('',#16470,#15122,#16493,.T.);
#16493 = SURFACE_CURVE('',#16494,(#16498,#16505),.PCURVE_S1.);
#16494 = LINE('',#16495,#16496);
#16495 = CARTESIAN_POINT('',(66.75,5.57265625,3.95));
#16496 = VECTOR('',#16497,1.);
#16497 = DIRECTION('',(0.,0.,1.));
#16498 = PCURVE('',#15137,#16499);
#16499 = DEFINITIONAL_REPRESENTATION('',(#16500),#16504);
#16500 = LINE('',#16501,#16502);
#16501 = CARTESIAN_POINT('',(0.7828125,0.));
#16502 = VECTOR('',#16503,1.);
#16503 = DIRECTION('',(0.,-1.));
#16504 = ( GEOMETRIC_REPRESENTATION_CONTEXT(2) 
PARAMETRIC_REPRESENTATION_CONTEXT() REPRESENTATION_CONTEXT('2D SPACE',''
  ) );
#16505 = PCURVE('',#15163,#16506);
#16506 = DEFINITIONAL_REPRESENTATION('',(#16507),#16511);
#16507 = LINE('',#16508,#16509);
#16508 = CARTESIAN_POINT('',(0.,0.));
#16509 = VECTOR('',#16510,1.);
#16510 = DIRECTION('',(0.,-1.));
#16511 = ( GEOMETRIC_REPRESENTATION_CONTEXT(2) 
PARAMETRIC_REPRESENTATION_CONTEXT() REPRESENTATION_CONTEXT('2D SPACE',''
  ) );
#16512 = ADVANCED_FACE('',(#16513),#15163,.T.);
#16513 = FACE_BOUND('',#16514,.T.);
#16514 = EDGE_LOOP('',(#16515,#16534,#16535,#16536));
#16515 = ORIENTED_EDGE('',*,*,#16516,.T.);
#16516 = EDGE_CURVE('',#16398,#16470,#16517,.T.);
#16517 = SURFACE_CURVE('',#16518,(#16522,#16528),.PCURVE_S1.);
#16518 = LINE('',#16519,#16520);
#16519 = CARTESIAN_POINT('',(55.062805067228,-11.80207568269,4.));
#16520 = VECTOR('',#16521,1.);
#16521 = DIRECTION('',(0.558135230391,0.829750001263,-0.));
#16522 = PCURVE('',#15163,#16523);
#16523 = DEFINITIONAL_REPRESENTATION('',(#16524),#16527);
#16524 = B_SPLINE_CURVE_WITH_KNOTS('',1,(#16525,#16526),.UNSPECIFIED.,
  .F.,.F.,(2,2),(19.996287324414,20.939719079531),
  .PIECEWISE_BEZIER_KNOTS.);
#16525 = CARTESIAN_POINT('',(0.943431755117,-5.E-02));
#16526 = CARTESIAN_POINT('',(0.,-5.E-02));
#16527 = ( GEOMETRIC_REPRESENTATION_CONTEXT(2) 
PARAMETRIC_REPRESENTATION_CONTEXT() REPRESENTATION_CONTEXT('2D SPACE',''
  ) );
#16528 = PCURVE('',#16412,#16529);
#16529 = DEFINITIONAL_REPRESENTATION('',(#16530),#16533);
#16530 = B_SPLINE_CURVE_WITH_KNOTS('',1,(#16531,#16532),.UNSPECIFIED.,
  .F.,.F.,(2,2),(19.996287324414,20.939719079531),
  .PIECEWISE_BEZIER_KNOTS.);
#16531 = CARTESIAN_POINT('',(66.2234375,4.78984375));
#16532 = CARTESIAN_POINT('',(66.75,5.57265625));
#16533 = ( GEOMETRIC_REPRESENTATION_CONTEXT(2) 
PARAMETRIC_REPRESENTATION_CONTEXT() REPRESENTATION_CONTEXT('2D SPACE',''
  ) );
#16534 = ORIENTED_EDGE('',*,*,#16492,.T.);
#16535 = ORIENTED_EDGE('',*,*,#15149,.T.);
#16536 = ORIENTED_EDGE('',*,*,#16423,.F.);
#16537 = ADVANCED_FACE('',(#16538),#15206,.T.);
#16538 = FACE_BOUND('',#16539,.T.);
#16539 = EDGE_LOOP('',(#16540,#16585,#16606,#16607));
#16540 = ORIENTED_EDGE('',*,*,#16541,.T.);
#16541 = EDGE_CURVE('',#16542,#16544,#16546,.T.);
#16542 = VERTEX_POINT('',#16543);
#16543 = CARTESIAN_POINT('',(69.1578125,5.828125,4.));
#16544 = VERTEX_POINT('',#16545);
#16545 = CARTESIAN_POINT('',(69.3,5.87890625,4.));
#16546 = SURFACE_CURVE('',#16547,(#16556,#16568),.PCURVE_S1.);
#16547 = B_SPLINE_CURVE_WITH_KNOTS('',4,(#16548,#16549,#16550,#16551,
    #16552,#16553,#16554,#16555),.UNSPECIFIED.,.F.,.F.,(5,3,5),(0.,
    0.524021644968,1.),.UNSPECIFIED.);
#16548 = CARTESIAN_POINT('',(69.1578125,5.828125,4.));
#16549 = CARTESIAN_POINT('',(69.174170719344,5.841416053217,4.));
#16550 = CARTESIAN_POINT('',(69.191330622493,5.852401599121,4.));
#16551 = CARTESIAN_POINT('',(69.209287536026,5.861064160581,4.));
#16552 = CARTESIAN_POINT('',(69.245057506893,5.873155792635,4.));
#16553 = CARTESIAN_POINT('',(69.262732828202,5.876991872113,4.));
#16554 = CARTESIAN_POINT('',(69.281050470978,5.87890625,4.));
#16555 = CARTESIAN_POINT('',(69.3,5.87890625,4.));
#16556 = PCURVE('',#15206,#16557);
#16557 = DEFINITIONAL_REPRESENTATION('',(#16558),#16567);
#16558 = B_SPLINE_CURVE_WITH_KNOTS('',4,(#16559,#16560,#16561,#16562,
    #16563,#16564,#16565,#16566),.UNSPECIFIED.,.F.,.F.,(5,3,5),(0.,
    0.524021644968,1.),.UNSPECIFIED.);
#16559 = CARTESIAN_POINT('',(1.,-5.E-02));
#16560 = CARTESIAN_POINT('',(0.869134245246,-5.E-02));
#16561 = CARTESIAN_POINT('',(0.738134477928,-5.E-02));
#16562 = CARTESIAN_POINT('',(0.607067137307,-5.E-02));
#16563 = CARTESIAN_POINT('',(0.356949344339,-5.E-02));
#16564 = CARTESIAN_POINT('',(0.237898761305,-5.E-02));
#16565 = CARTESIAN_POINT('',(0.118899005626,-5.E-02));
#16566 = CARTESIAN_POINT('',(0.,-5.E-02));
#16567 = ( GEOMETRIC_REPRESENTATION_CONTEXT(2) 
PARAMETRIC_REPRESENTATION_CONTEXT() REPRESENTATION_CONTEXT('2D SPACE',''
  ) );
#16568 = PCURVE('',#16569,#16574);
#16569 = PLANE('',#16570);
#16570 = AXIS2_PLACEMENT_3D('',#16571,#16572,#16573);
#16571 = CARTESIAN_POINT('',(0.,0.,4.));
#16572 = DIRECTION('',(0.,0.,1.));
#16573 = DIRECTION('',(1.,0.,0.));
#16574 = DEFINITIONAL_REPRESENTATION('',(#16575),#16584);
#16575 = B_SPLINE_CURVE_WITH_KNOTS('',4,(#16576,#16577,#16578,#16579,
    #16580,#16581,#16582,#16583),.UNSPECIFIED.,.F.,.F.,(5,3,5),(0.,
    0.524021644968,1.),.UNSPECIFIED.);
#16576 = CARTESIAN_POINT('',(69.1578125,5.828125));
#16577 = CARTESIAN_POINT('',(69.174170719344,5.841416053217));
#16578 = CARTESIAN_POINT('',(69.191330622493,5.852401599121));
#16579 = CARTESIAN_POINT('',(69.209287536026,5.861064160581));
#16580 = CARTESIAN_POINT('',(69.245057506893,5.873155792635));
#16581 = CARTESIAN_POINT('',(69.262732828202,5.876991872113));
#16582 = CARTESIAN_POINT('',(69.281050470978,5.87890625));
#16583 = CARTESIAN_POINT('',(69.3,5.87890625));
#16584 = ( GEOMETRIC_REPRESENTATION_CONTEXT(2) 
PARAMETRIC_REPRESENTATION_CONTEXT() REPRESENTATION_CONTEXT('2D SPACE',''
  ) );
#16585 = ORIENTED_EDGE('',*,*,#16586,.T.);
#16586 = EDGE_CURVE('',#16544,#15189,#16587,.T.);
#16587 = SURFACE_CURVE('',#16588,(#16592,#16599),.PCURVE_S1.);
#16588 = LINE('',#16589,#16590);
#16589 = CARTESIAN_POINT('',(69.3,5.87890625,3.95));
#16590 = VECTOR('',#16591,1.);
#16591 = DIRECTION('',(0.,0.,1.));
#16592 = PCURVE('',#15206,#16593);
#16593 = DEFINITIONAL_REPRESENTATION('',(#16594),#16598);
#16594 = LINE('',#16595,#16596);
#16595 = CARTESIAN_POINT('',(0.,0.));
#16596 = VECTOR('',#16597,1.);
#16597 = DIRECTION('',(0.,-1.));
#16598 = ( GEOMETRIC_REPRESENTATION_CONTEXT(2) 
PARAMETRIC_REPRESENTATION_CONTEXT() REPRESENTATION_CONTEXT('2D SPACE',''
  ) );
#16599 = PCURVE('',#15534,#16600);
#16600 = DEFINITIONAL_REPRESENTATION('',(#16601),#16605);
#16601 = LINE('',#16602,#16603);
#16602 = CARTESIAN_POINT('',(1.,0.));
#16603 = VECTOR('',#16604,1.);
#16604 = DIRECTION('',(0.,-1.));
#16605 = ( GEOMETRIC_REPRESENTATION_CONTEXT(2) 
PARAMETRIC_REPRESENTATION_CONTEXT() REPRESENTATION_CONTEXT('2D SPACE',''
  ) );
#16606 = ORIENTED_EDGE('',*,*,#15188,.T.);
#16607 = ORIENTED_EDGE('',*,*,#16608,.F.);
#16608 = EDGE_CURVE('',#16542,#15191,#16609,.T.);
#16609 = SURFACE_CURVE('',#16610,(#16614,#16621),.PCURVE_S1.);
#16610 = LINE('',#16611,#16612);
#16611 = CARTESIAN_POINT('',(69.1578125,5.828125,3.95));
#16612 = VECTOR('',#16613,1.);
#16613 = DIRECTION('',(0.,0.,1.));
#16614 = PCURVE('',#15206,#16615);
#16615 = DEFINITIONAL_REPRESENTATION('',(#16616),#16620);
#16616 = LINE('',#16617,#16618);
#16617 = CARTESIAN_POINT('',(1.,0.));
#16618 = VECTOR('',#16619,1.);
#16619 = DIRECTION('',(0.,-1.));
#16620 = ( GEOMETRIC_REPRESENTATION_CONTEXT(2) 
PARAMETRIC_REPRESENTATION_CONTEXT() REPRESENTATION_CONTEXT('2D SPACE',''
  ) );
#16621 = PCURVE('',#15236,#16622);
#16622 = DEFINITIONAL_REPRESENTATION('',(#16623),#16627);
#16623 = LINE('',#16624,#16625);
#16624 = CARTESIAN_POINT('',(0.,0.));
#16625 = VECTOR('',#16626,1.);
#16626 = DIRECTION('',(0.,-1.));
#16627 = ( GEOMETRIC_REPRESENTATION_CONTEXT(2) 
PARAMETRIC_REPRESENTATION_CONTEXT() REPRESENTATION_CONTEXT('2D SPACE',''
  ) );
#16628 = ADVANCED_FACE('',(#16629),#15236,.T.);
#16629 = FACE_BOUND('',#16630,.T.);
#16630 = EDGE_LOOP('',(#16631,#16663,#16664,#16665));
#16631 = ORIENTED_EDGE('',*,*,#16632,.T.);
#16632 = EDGE_CURVE('',#16633,#16542,#16635,.T.);
#16633 = VERTEX_POINT('',#16634);
#16634 = CARTESIAN_POINT('',(69.0609375,5.64609375,4.));
#16635 = SURFACE_CURVE('',#16636,(#16643,#16653),.PCURVE_S1.);
#16636 = B_SPLINE_CURVE_WITH_KNOTS('',5,(#16637,#16638,#16639,#16640,
    #16641,#16642),.UNSPECIFIED.,.F.,.F.,(6,6),(0.,1.),
  .PIECEWISE_BEZIER_KNOTS.);
#16637 = CARTESIAN_POINT('',(69.0609375,5.64609375,4.));
#16638 = CARTESIAN_POINT('',(69.074502138476,5.697886006,4.));
#16639 = CARTESIAN_POINT('',(69.090923943266,5.742304976929,4.));
#16640 = CARTESIAN_POINT('',(69.110274560321,5.778977578615,4.));
#16641 = CARTESIAN_POINT('',(69.132582716377,5.807625800806,4.));
#16642 = CARTESIAN_POINT('',(69.1578125,5.828125,4.));
#16643 = PCURVE('',#15236,#16644);
#16644 = DEFINITIONAL_REPRESENTATION('',(#16645),#16652);
#16645 = B_SPLINE_CURVE_WITH_KNOTS('',5,(#16646,#16647,#16648,#16649,
    #16650,#16651),.UNSPECIFIED.,.F.,.F.,(6,6),(0.,1.),
  .PIECEWISE_BEZIER_KNOTS.);
#16646 = CARTESIAN_POINT('',(1.,-5.E-02));
#16647 = CARTESIAN_POINT('',(0.80269616762,-5.E-02));
#16648 = CARTESIAN_POINT('',(0.603647163652,-5.E-02));
#16649 = CARTESIAN_POINT('',(0.403219052206,-5.E-02));
#16650 = CARTESIAN_POINT('',(0.201838268984,-5.E-02));
#16651 = CARTESIAN_POINT('',(0.,-5.E-02));
#16652 = ( GEOMETRIC_REPRESENTATION_CONTEXT(2) 
PARAMETRIC_REPRESENTATION_CONTEXT() REPRESENTATION_CONTEXT('2D SPACE',''
  ) );
#16653 = PCURVE('',#16569,#16654);
#16654 = DEFINITIONAL_REPRESENTATION('',(#16655),#16662);
#16655 = B_SPLINE_CURVE_WITH_KNOTS('',5,(#16656,#16657,#16658,#16659,
    #16660,#16661),.UNSPECIFIED.,.F.,.F.,(6,6),(0.,1.),
  .PIECEWISE_BEZIER_KNOTS.);
#16656 = CARTESIAN_POINT('',(69.0609375,5.64609375));
#16657 = CARTESIAN_POINT('',(69.074502138476,5.697886006));
#16658 = CARTESIAN_POINT('',(69.090923943266,5.742304976929));
#16659 = CARTESIAN_POINT('',(69.110274560321,5.778977578615));
#16660 = CARTESIAN_POINT('',(69.132582716377,5.807625800806));
#16661 = CARTESIAN_POINT('',(69.1578125,5.828125));
#16662 = ( GEOMETRIC_REPRESENTATION_CONTEXT(2) 
PARAMETRIC_REPRESENTATION_CONTEXT() REPRESENTATION_CONTEXT('2D SPACE',''
  ) );
#16663 = ORIENTED_EDGE('',*,*,#16608,.T.);
#16664 = ORIENTED_EDGE('',*,*,#15220,.T.);
#16665 = ORIENTED_EDGE('',*,*,#16666,.F.);
#16666 = EDGE_CURVE('',#16633,#15221,#16667,.T.);
#16667 = SURFACE_CURVE('',#16668,(#16672,#16679),.PCURVE_S1.);
#16668 = LINE('',#16669,#16670);
#16669 = CARTESIAN_POINT('',(69.0609375,5.64609375,3.95));
#16670 = VECTOR('',#16671,1.);
#16671 = DIRECTION('',(0.,0.,1.));
#16672 = PCURVE('',#15236,#16673);
#16673 = DEFINITIONAL_REPRESENTATION('',(#16674),#16678);
#16674 = LINE('',#16675,#16676);
#16675 = CARTESIAN_POINT('',(1.,0.));
#16676 = VECTOR('',#16677,1.);
#16677 = DIRECTION('',(0.,-1.));
#16678 = ( GEOMETRIC_REPRESENTATION_CONTEXT(2) 
PARAMETRIC_REPRESENTATION_CONTEXT() REPRESENTATION_CONTEXT('2D SPACE',''
  ) );
#16679 = PCURVE('',#15266,#16680);
#16680 = DEFINITIONAL_REPRESENTATION('',(#16681),#16685);
#16681 = LINE('',#16682,#16683);
#16682 = CARTESIAN_POINT('',(0.,0.));
#16683 = VECTOR('',#16684,1.);
#16684 = DIRECTION('',(0.,-1.));
#16685 = ( GEOMETRIC_REPRESENTATION_CONTEXT(2) 
PARAMETRIC_REPRESENTATION_CONTEXT() REPRESENTATION_CONTEXT('2D SPACE',''
  ) );
#16686 = ADVANCED_FACE('',(#16687),#15266,.T.);
#16687 = FACE_BOUND('',#16688,.T.);
#16688 = EDGE_LOOP('',(#16689,#16727,#16728,#16729));
#16689 = ORIENTED_EDGE('',*,*,#16690,.T.);
#16690 = EDGE_CURVE('',#16691,#16633,#16693,.T.);
#16691 = VERTEX_POINT('',#16692);
#16692 = CARTESIAN_POINT('',(69.015625,5.07265625,4.));
#16693 = SURFACE_CURVE('',#16694,(#16703,#16715),.PCURVE_S1.);
#16694 = B_SPLINE_CURVE_WITH_KNOTS('',7,(#16695,#16696,#16697,#16698,
    #16699,#16700,#16701,#16702),.UNSPECIFIED.,.F.,.F.,(8,8),(0.,1.),
  .PIECEWISE_BEZIER_KNOTS.);
#16695 = CARTESIAN_POINT('',(69.015625,5.07265625,4.));
#16696 = CARTESIAN_POINT('',(69.015625,5.176661460624,4.));
#16697 = CARTESIAN_POINT('',(69.017384425899,5.275162780303,4.));
#16698 = CARTESIAN_POINT('',(69.021118454147,5.36731695533,4.));
#16699 = CARTESIAN_POINT('',(69.02708059403,5.451956191932,4.));
#16700 = CARTESIAN_POINT('',(69.035542873441,5.527661004091,4.));
#16701 = CARTESIAN_POINT('',(69.046771379369,5.592848675905,4.));
#16702 = CARTESIAN_POINT('',(69.0609375,5.64609375,4.));
#16703 = PCURVE('',#15266,#16704);
#16704 = DEFINITIONAL_REPRESENTATION('',(#16705),#16714);
#16705 = B_SPLINE_CURVE_WITH_KNOTS('',7,(#16706,#16707,#16708,#16709,
    #16710,#16711,#16712,#16713),.UNSPECIFIED.,.F.,.F.,(8,8),(0.,1.),
  .PIECEWISE_BEZIER_KNOTS.);
#16706 = CARTESIAN_POINT('',(1.,-5.E-02));
#16707 = CARTESIAN_POINT('',(0.871001289148,-5.E-02));
#16708 = CARTESIAN_POINT('',(0.73761694359,-5.E-02));
#16709 = CARTESIAN_POINT('',(0.599521619998,-5.E-02));
#16710 = CARTESIAN_POINT('',(0.456548224474,-5.E-02));
#16711 = CARTESIAN_POINT('',(0.30872382737,-5.E-02));
#16712 = CARTESIAN_POINT('',(0.156315813856,-5.E-02));
#16713 = CARTESIAN_POINT('',(0.,-5.E-02));
#16714 = ( GEOMETRIC_REPRESENTATION_CONTEXT(2) 
PARAMETRIC_REPRESENTATION_CONTEXT() REPRESENTATION_CONTEXT('2D SPACE',''
  ) );
#16715 = PCURVE('',#16569,#16716);
#16716 = DEFINITIONAL_REPRESENTATION('',(#16717),#16726);
#16717 = B_SPLINE_CURVE_WITH_KNOTS('',7,(#16718,#16719,#16720,#16721,
    #16722,#16723,#16724,#16725),.UNSPECIFIED.,.F.,.F.,(8,8),(0.,1.),
  .PIECEWISE_BEZIER_KNOTS.);
#16718 = CARTESIAN_POINT('',(69.015625,5.07265625));
#16719 = CARTESIAN_POINT('',(69.015625,5.176661460624));
#16720 = CARTESIAN_POINT('',(69.017384425899,5.275162780303));
#16721 = CARTESIAN_POINT('',(69.021118454147,5.36731695533));
#16722 = CARTESIAN_POINT('',(69.02708059403,5.451956191932));
#16723 = CARTESIAN_POINT('',(69.035542873441,5.527661004091));
#16724 = CARTESIAN_POINT('',(69.046771379369,5.592848675905));
#16725 = CARTESIAN_POINT('',(69.0609375,5.64609375));
#16726 = ( GEOMETRIC_REPRESENTATION_CONTEXT(2) 
PARAMETRIC_REPRESENTATION_CONTEXT() REPRESENTATION_CONTEXT('2D SPACE',''
  ) );
#16727 = ORIENTED_EDGE('',*,*,#16666,.T.);
#16728 = ORIENTED_EDGE('',*,*,#15250,.T.);
#16729 = ORIENTED_EDGE('',*,*,#16730,.F.);
#16730 = EDGE_CURVE('',#16691,#15251,#16731,.T.);
#16731 = SURFACE_CURVE('',#16732,(#16736,#16743),.PCURVE_S1.);
#16732 = LINE('',#16733,#16734);
#16733 = CARTESIAN_POINT('',(69.015625,5.07265625,3.95));
#16734 = VECTOR('',#16735,1.);
#16735 = DIRECTION('',(0.,0.,1.));
#16736 = PCURVE('',#15266,#16737);
#16737 = DEFINITIONAL_REPRESENTATION('',(#16738),#16742);
#16738 = LINE('',#16739,#16740);
#16739 = CARTESIAN_POINT('',(1.,0.));
#16740 = VECTOR('',#16741,1.);
#16741 = DIRECTION('',(0.,-1.));
#16742 = ( GEOMETRIC_REPRESENTATION_CONTEXT(2) 
PARAMETRIC_REPRESENTATION_CONTEXT() REPRESENTATION_CONTEXT('2D SPACE',''
  ) );
#16743 = PCURVE('',#15296,#16744);
#16744 = DEFINITIONAL_REPRESENTATION('',(#16745),#16749);
#16745 = LINE('',#16746,#16747);
#16746 = CARTESIAN_POINT('',(0.,0.));
#16747 = VECTOR('',#16748,1.);
#16748 = DIRECTION('',(0.,-1.));
#16749 = ( GEOMETRIC_REPRESENTATION_CONTEXT(2) 
PARAMETRIC_REPRESENTATION_CONTEXT() REPRESENTATION_CONTEXT('2D SPACE',''
  ) );
#16750 = ADVANCED_FACE('',(#16751),#15296,.T.);
#16751 = FACE_BOUND('',#16752,.T.);
#16752 = EDGE_LOOP('',(#16753,#16791,#16792,#16793));
#16753 = ORIENTED_EDGE('',*,*,#16754,.T.);
#16754 = EDGE_CURVE('',#16755,#16691,#16757,.T.);
#16755 = VERTEX_POINT('',#16756);
#16756 = CARTESIAN_POINT('',(69.05625,4.51875,4.));
#16757 = SURFACE_CURVE('',#16758,(#16767,#16779),.PCURVE_S1.);
#16758 = B_SPLINE_CURVE_WITH_KNOTS('',7,(#16759,#16760,#16761,#16762,
    #16763,#16764,#16765,#16766),.UNSPECIFIED.,.F.,.F.,(8,8),(0.,1.),
  .PIECEWISE_BEZIER_KNOTS.);
#16759 = CARTESIAN_POINT('',(69.05625,4.51875,4.));
#16760 = CARTESIAN_POINT('',(69.043490075998,4.566108948701,4.));
#16761 = CARTESIAN_POINT('',(69.033388364758,4.626800880539,4.));
#16762 = CARTESIAN_POINT('',(69.025806901455,4.699239609998,4.));
#16763 = CARTESIAN_POINT('',(69.02049136719,4.78155601102,4.));
#16764 = CARTESIAN_POINT('',(69.01717900236,4.872073857297,4.));
#16765 = CARTESIAN_POINT('',(69.015625,4.969426138878,4.));
#16766 = CARTESIAN_POINT('',(69.015625,5.07265625,4.));
#16767 = PCURVE('',#15296,#16768);
#16768 = DEFINITIONAL_REPRESENTATION('',(#16769),#16778);
#16769 = B_SPLINE_CURVE_WITH_KNOTS('',7,(#16770,#16771,#16772,#16773,
    #16774,#16775,#16776,#16777),.UNSPECIFIED.,.F.,.F.,(8,8),(0.,1.),
  .PIECEWISE_BEZIER_KNOTS.);
#16770 = CARTESIAN_POINT('',(1.,-5.E-02));
#16771 = CARTESIAN_POINT('',(0.842954781509,-5.E-02));
#16772 = CARTESIAN_POINT('',(0.689852022152,-5.E-02));
#16773 = CARTESIAN_POINT('',(0.541596170549,-5.E-02));
#16774 = CARTESIAN_POINT('',(0.398546190323,-5.E-02));
#16775 = CARTESIAN_POINT('',(0.26075676047,-5.E-02));
#16776 = CARTESIAN_POINT('',(0.128037347128,-5.E-02));
#16777 = CARTESIAN_POINT('',(0.,-5.E-02));
#16778 = ( GEOMETRIC_REPRESENTATION_CONTEXT(2) 
PARAMETRIC_REPRESENTATION_CONTEXT() REPRESENTATION_CONTEXT('2D SPACE',''
  ) );
#16779 = PCURVE('',#16569,#16780);
#16780 = DEFINITIONAL_REPRESENTATION('',(#16781),#16790);
#16781 = B_SPLINE_CURVE_WITH_KNOTS('',7,(#16782,#16783,#16784,#16785,
    #16786,#16787,#16788,#16789),.UNSPECIFIED.,.F.,.F.,(8,8),(0.,1.),
  .PIECEWISE_BEZIER_KNOTS.);
#16782 = CARTESIAN_POINT('',(69.05625,4.51875));
#16783 = CARTESIAN_POINT('',(69.043490075998,4.566108948701));
#16784 = CARTESIAN_POINT('',(69.033388364758,4.626800880539));
#16785 = CARTESIAN_POINT('',(69.025806901455,4.699239609998));
#16786 = CARTESIAN_POINT('',(69.02049136719,4.78155601102));
#16787 = CARTESIAN_POINT('',(69.01717900236,4.872073857297));
#16788 = CARTESIAN_POINT('',(69.015625,4.969426138878));
#16789 = CARTESIAN_POINT('',(69.015625,5.07265625));
#16790 = ( GEOMETRIC_REPRESENTATION_CONTEXT(2) 
PARAMETRIC_REPRESENTATION_CONTEXT() REPRESENTATION_CONTEXT('2D SPACE',''
  ) );
#16791 = ORIENTED_EDGE('',*,*,#16730,.T.);
#16792 = ORIENTED_EDGE('',*,*,#15280,.T.);
#16793 = ORIENTED_EDGE('',*,*,#16794,.F.);
#16794 = EDGE_CURVE('',#16755,#15281,#16795,.T.);
#16795 = SURFACE_CURVE('',#16796,(#16800,#16807),.PCURVE_S1.);
#16796 = LINE('',#16797,#16798);
#16797 = CARTESIAN_POINT('',(69.05625,4.51875,3.95));
#16798 = VECTOR('',#16799,1.);
#16799 = DIRECTION('',(0.,0.,1.));
#16800 = PCURVE('',#15296,#16801);
#16801 = DEFINITIONAL_REPRESENTATION('',(#16802),#16806);
#16802 = LINE('',#16803,#16804);
#16803 = CARTESIAN_POINT('',(1.,0.));
#16804 = VECTOR('',#16805,1.);
#16805 = DIRECTION('',(0.,-1.));
#16806 = ( GEOMETRIC_REPRESENTATION_CONTEXT(2) 
PARAMETRIC_REPRESENTATION_CONTEXT() REPRESENTATION_CONTEXT('2D SPACE',''
  ) );
#16807 = PCURVE('',#15326,#16808);
#16808 = DEFINITIONAL_REPRESENTATION('',(#16809),#16813);
#16809 = LINE('',#16810,#16811);
#16810 = CARTESIAN_POINT('',(0.,0.));
#16811 = VECTOR('',#16812,1.);
#16812 = DIRECTION('',(0.,-1.));
#16813 = ( GEOMETRIC_REPRESENTATION_CONTEXT(2) 
PARAMETRIC_REPRESENTATION_CONTEXT() REPRESENTATION_CONTEXT('2D SPACE',''
  ) );
#16814 = ADVANCED_FACE('',(#16815),#15326,.T.);
#16815 = FACE_BOUND('',#16816,.T.);
#16816 = EDGE_LOOP('',(#16817,#16849,#16850,#16851));
#16817 = ORIENTED_EDGE('',*,*,#16818,.T.);
#16818 = EDGE_CURVE('',#16819,#16755,#16821,.T.);
#16819 = VERTEX_POINT('',#16820);
#16820 = CARTESIAN_POINT('',(69.15859375,4.31796875,4.));
#16821 = SURFACE_CURVE('',#16822,(#16829,#16839),.PCURVE_S1.);
#16822 = B_SPLINE_CURVE_WITH_KNOTS('',5,(#16823,#16824,#16825,#16826,
    #16827,#16828),.UNSPECIFIED.,.F.,.F.,(6,6),(0.,1.),
  .PIECEWISE_BEZIER_KNOTS.);
#16823 = CARTESIAN_POINT('',(69.15859375,4.31796875,4.));
#16824 = CARTESIAN_POINT('',(69.133559949809,4.33824929699,4.));
#16825 = CARTESIAN_POINT('',(69.110786644574,4.368818637376,4.));
#16826 = CARTESIAN_POINT('',(69.090332492127,4.409451446975,4.));
#16827 = CARTESIAN_POINT('',(69.072175798824,4.459640785135,4.));
#16828 = CARTESIAN_POINT('',(69.05625,4.51875,4.));
#16829 = PCURVE('',#15326,#16830);
#16830 = DEFINITIONAL_REPRESENTATION('',(#16831),#16838);
#16831 = B_SPLINE_CURVE_WITH_KNOTS('',5,(#16832,#16833,#16834,#16835,
    #16836,#16837),.UNSPECIFIED.,.F.,.F.,(6,6),(0.,1.),
  .PIECEWISE_BEZIER_KNOTS.);
#16832 = CARTESIAN_POINT('',(1.,-5.E-02));
#16833 = CARTESIAN_POINT('',(0.797194530099,-5.E-02));
#16834 = CARTESIAN_POINT('',(0.595130407093,-5.E-02));
#16835 = CARTESIAN_POINT('',(0.394540611319,-5.E-02));
#16836 = CARTESIAN_POINT('',(0.196009831678,-5.E-02));
#16837 = CARTESIAN_POINT('',(0.,-5.E-02));
#16838 = ( GEOMETRIC_REPRESENTATION_CONTEXT(2) 
PARAMETRIC_REPRESENTATION_CONTEXT() REPRESENTATION_CONTEXT('2D SPACE',''
  ) );
#16839 = PCURVE('',#16569,#16840);
#16840 = DEFINITIONAL_REPRESENTATION('',(#16841),#16848);
#16841 = B_SPLINE_CURVE_WITH_KNOTS('',5,(#16842,#16843,#16844,#16845,
    #16846,#16847),.UNSPECIFIED.,.F.,.F.,(6,6),(0.,1.),
  .PIECEWISE_BEZIER_KNOTS.);
#16842 = CARTESIAN_POINT('',(69.15859375,4.31796875));
#16843 = CARTESIAN_POINT('',(69.133559949809,4.33824929699));
#16844 = CARTESIAN_POINT('',(69.110786644574,4.368818637376));
#16845 = CARTESIAN_POINT('',(69.090332492127,4.409451446975));
#16846 = CARTESIAN_POINT('',(69.072175798824,4.459640785135));
#16847 = CARTESIAN_POINT('',(69.05625,4.51875));
#16848 = ( GEOMETRIC_REPRESENTATION_CONTEXT(2) 
PARAMETRIC_REPRESENTATION_CONTEXT() REPRESENTATION_CONTEXT('2D SPACE',''
  ) );
#16849 = ORIENTED_EDGE('',*,*,#16794,.T.);
#16850 = ORIENTED_EDGE('',*,*,#15310,.T.);
#16851 = ORIENTED_EDGE('',*,*,#16852,.F.);
#16852 = EDGE_CURVE('',#16819,#15311,#16853,.T.);
#16853 = SURFACE_CURVE('',#16854,(#16858,#16865),.PCURVE_S1.);
#16854 = LINE('',#16855,#16856);
#16855 = CARTESIAN_POINT('',(69.15859375,4.31796875,3.95));
#16856 = VECTOR('',#16857,1.);
#16857 = DIRECTION('',(0.,0.,1.));
#16858 = PCURVE('',#15326,#16859);
#16859 = DEFINITIONAL_REPRESENTATION('',(#16860),#16864);
#16860 = LINE('',#16861,#16862);
#16861 = CARTESIAN_POINT('',(1.,0.));
#16862 = VECTOR('',#16863,1.);
#16863 = DIRECTION('',(0.,-1.));
#16864 = ( GEOMETRIC_REPRESENTATION_CONTEXT(2) 
PARAMETRIC_REPRESENTATION_CONTEXT() REPRESENTATION_CONTEXT('2D SPACE',''
  ) );
#16865 = PCURVE('',#15356,#16866);
#16866 = DEFINITIONAL_REPRESENTATION('',(#16867),#16871);
#16867 = LINE('',#16868,#16869);
#16868 = CARTESIAN_POINT('',(0.,0.));
#16869 = VECTOR('',#16870,1.);
#16870 = DIRECTION('',(0.,-1.));
#16871 = ( GEOMETRIC_REPRESENTATION_CONTEXT(2) 
PARAMETRIC_REPRESENTATION_CONTEXT() REPRESENTATION_CONTEXT('2D SPACE',''
  ) );
#16872 = ADVANCED_FACE('',(#16873),#15356,.T.);
#16873 = FACE_BOUND('',#16874,.T.);
#16874 = EDGE_LOOP('',(#16875,#16913,#16914,#16915));
#16875 = ORIENTED_EDGE('',*,*,#16876,.T.);
#16876 = EDGE_CURVE('',#16877,#16819,#16879,.T.);
#16877 = VERTEX_POINT('',#16878);
#16878 = CARTESIAN_POINT('',(69.3,4.26796875,4.));
#16879 = SURFACE_CURVE('',#16880,(#16889,#16901),.PCURVE_S1.);
#16880 = B_SPLINE_CURVE_WITH_KNOTS('',4,(#16881,#16882,#16883,#16884,
    #16885,#16886,#16887,#16888),.UNSPECIFIED.,.F.,.F.,(5,3,5),(0.,
    0.508006305461,1.),.UNSPECIFIED.);
#16881 = CARTESIAN_POINT('',(69.3,4.26796875,4.));
#16882 = CARTESIAN_POINT('',(69.279778517455,4.26796875,4.));
#16883 = CARTESIAN_POINT('',(69.260309302607,4.270115212039,4.));
#16884 = CARTESIAN_POINT('',(69.241605138293,4.27441730113,4.));
#16885 = CARTESIAN_POINT('',(69.206309216569,4.287123145134,4.));
#16886 = CARTESIAN_POINT('',(69.18966944444,4.295393343589,4.));
#16887 = CARTESIAN_POINT('',(69.173763030751,4.30567971243,4.));
#16888 = CARTESIAN_POINT('',(69.15859375,4.31796875,4.));
#16889 = PCURVE('',#15356,#16890);
#16890 = DEFINITIONAL_REPRESENTATION('',(#16891),#16900);
#16891 = B_SPLINE_CURVE_WITH_KNOTS('',4,(#16892,#16893,#16894,#16895,
    #16896,#16897,#16898,#16899),.UNSPECIFIED.,.F.,.F.,(5,3,5),(0.,
    0.508006305461,1.),.UNSPECIFIED.);
#16892 = CARTESIAN_POINT('',(1.,-5.E-02));
#16893 = CARTESIAN_POINT('',(0.873120109519,-5.E-02));
#16894 = CARTESIAN_POINT('',(0.74612026862,-5.E-02));
#16895 = CARTESIAN_POINT('',(0.619060017132,-5.E-02));
#16896 = CARTESIAN_POINT('',(0.368944977681,-5.E-02));
#16897 = CARTESIAN_POINT('',(0.24589007761,-5.E-02));
#16898 = CARTESIAN_POINT('',(0.122890375701,-5.E-02));
#16899 = CARTESIAN_POINT('',(0.,-5.E-02));
#16900 = ( GEOMETRIC_REPRESENTATION_CONTEXT(2) 
PARAMETRIC_REPRESENTATION_CONTEXT() REPRESENTATION_CONTEXT('2D SPACE',''
  ) );
#16901 = PCURVE('',#16569,#16902);
#16902 = DEFINITIONAL_REPRESENTATION('',(#16903),#16912);
#16903 = B_SPLINE_CURVE_WITH_KNOTS('',4,(#16904,#16905,#16906,#16907,
    #16908,#16909,#16910,#16911),.UNSPECIFIED.,.F.,.F.,(5,3,5),(0.,
    0.508006305461,1.),.UNSPECIFIED.);
#16904 = CARTESIAN_POINT('',(69.3,4.26796875));
#16905 = CARTESIAN_POINT('',(69.279778517455,4.26796875));
#16906 = CARTESIAN_POINT('',(69.260309302607,4.270115212039));
#16907 = CARTESIAN_POINT('',(69.241605138293,4.27441730113));
#16908 = CARTESIAN_POINT('',(69.206309216569,4.287123145134));
#16909 = CARTESIAN_POINT('',(69.18966944444,4.295393343589));
#16910 = CARTESIAN_POINT('',(69.173763030751,4.30567971243));
#16911 = CARTESIAN_POINT('',(69.15859375,4.31796875));
#16912 = ( GEOMETRIC_REPRESENTATION_CONTEXT(2) 
PARAMETRIC_REPRESENTATION_CONTEXT() REPRESENTATION_CONTEXT('2D SPACE',''
  ) );
#16913 = ORIENTED_EDGE('',*,*,#16852,.T.);
#16914 = ORIENTED_EDGE('',*,*,#15340,.T.);
#16915 = ORIENTED_EDGE('',*,*,#16916,.F.);
#16916 = EDGE_CURVE('',#16877,#15341,#16917,.T.);
#16917 = SURFACE_CURVE('',#16918,(#16922,#16929),.PCURVE_S1.);
#16918 = LINE('',#16919,#16920);
#16919 = CARTESIAN_POINT('',(69.3,4.26796875,3.95));
#16920 = VECTOR('',#16921,1.);
#16921 = DIRECTION('',(0.,0.,1.));
#16922 = PCURVE('',#15356,#16923);
#16923 = DEFINITIONAL_REPRESENTATION('',(#16924),#16928);
#16924 = LINE('',#16925,#16926);
#16925 = CARTESIAN_POINT('',(1.,0.));
#16926 = VECTOR('',#16927,1.);
#16927 = DIRECTION('',(0.,-1.));
#16928 = ( GEOMETRIC_REPRESENTATION_CONTEXT(2) 
PARAMETRIC_REPRESENTATION_CONTEXT() REPRESENTATION_CONTEXT('2D SPACE',''
  ) );
#16929 = PCURVE('',#15386,#16930);
#16930 = DEFINITIONAL_REPRESENTATION('',(#16931),#16935);
#16931 = LINE('',#16932,#16933);
#16932 = CARTESIAN_POINT('',(0.,0.));
#16933 = VECTOR('',#16934,1.);
#16934 = DIRECTION('',(0.,-1.));
#16935 = ( GEOMETRIC_REPRESENTATION_CONTEXT(2) 
PARAMETRIC_REPRESENTATION_CONTEXT() REPRESENTATION_CONTEXT('2D SPACE',''
  ) );
#16936 = ADVANCED_FACE('',(#16937),#15386,.T.);
#16937 = FACE_BOUND('',#16938,.T.);
#16938 = EDGE_LOOP('',(#16939,#16977,#16978,#16979));
#16939 = ORIENTED_EDGE('',*,*,#16940,.T.);
#16940 = EDGE_CURVE('',#16941,#16877,#16943,.T.);
#16941 = VERTEX_POINT('',#16942);
#16942 = CARTESIAN_POINT('',(69.4421875,4.31875,4.));
#16943 = SURFACE_CURVE('',#16944,(#16953,#16965),.PCURVE_S1.);
#16944 = B_SPLINE_CURVE_WITH_KNOTS('',4,(#16945,#16946,#16947,#16948,
    #16949,#16950,#16951,#16952),.UNSPECIFIED.,.F.,.F.,(5,3,5),(0.,
    0.524021644968,1.),.UNSPECIFIED.);
#16945 = CARTESIAN_POINT('',(69.4421875,4.31875,4.));
#16946 = CARTESIAN_POINT('',(69.425829280656,4.305458946783,4.));
#16947 = CARTESIAN_POINT('',(69.408669377507,4.294473400879,4.));
#16948 = CARTESIAN_POINT('',(69.390712463974,4.285810839419,4.));
#16949 = CARTESIAN_POINT('',(69.354942493107,4.273719207365,4.));
#16950 = CARTESIAN_POINT('',(69.337267171798,4.269883127887,4.));
#16951 = CARTESIAN_POINT('',(69.318949529022,4.26796875,4.));
#16952 = CARTESIAN_POINT('',(69.3,4.26796875,4.));
#16953 = PCURVE('',#15386,#16954);
#16954 = DEFINITIONAL_REPRESENTATION('',(#16955),#16964);
#16955 = B_SPLINE_CURVE_WITH_KNOTS('',4,(#16956,#16957,#16958,#16959,
    #16960,#16961,#16962,#16963),.UNSPECIFIED.,.F.,.F.,(5,3,5),(0.,
    0.524021644968,1.),.UNSPECIFIED.);
#16956 = CARTESIAN_POINT('',(1.,-5.E-02));
#16957 = CARTESIAN_POINT('',(0.869134245246,-5.E-02));
#16958 = CARTESIAN_POINT('',(0.738134477928,-5.E-02));
#16959 = CARTESIAN_POINT('',(0.607067137307,-5.E-02));
#16960 = CARTESIAN_POINT('',(0.356949344339,-5.E-02));
#16961 = CARTESIAN_POINT('',(0.237898761305,-5.E-02));
#16962 = CARTESIAN_POINT('',(0.118899005626,-5.E-02));
#16963 = CARTESIAN_POINT('',(0.,-5.E-02));
#16964 = ( GEOMETRIC_REPRESENTATION_CONTEXT(2) 
PARAMETRIC_REPRESENTATION_CONTEXT() REPRESENTATION_CONTEXT('2D SPACE',''
  ) );
#16965 = PCURVE('',#16569,#16966);
#16966 = DEFINITIONAL_REPRESENTATION('',(#16967),#16976);
#16967 = B_SPLINE_CURVE_WITH_KNOTS('',4,(#16968,#16969,#16970,#16971,
    #16972,#16973,#16974,#16975),.UNSPECIFIED.,.F.,.F.,(5,3,5),(0.,
    0.524021644968,1.),.UNSPECIFIED.);
#16968 = CARTESIAN_POINT('',(69.4421875,4.31875));
#16969 = CARTESIAN_POINT('',(69.425829280656,4.305458946783));
#16970 = CARTESIAN_POINT('',(69.408669377507,4.294473400879));
#16971 = CARTESIAN_POINT('',(69.390712463974,4.285810839419));
#16972 = CARTESIAN_POINT('',(69.354942493107,4.273719207365));
#16973 = CARTESIAN_POINT('',(69.337267171798,4.269883127887));
#16974 = CARTESIAN_POINT('',(69.318949529022,4.26796875));
#16975 = CARTESIAN_POINT('',(69.3,4.26796875));
#16976 = ( GEOMETRIC_REPRESENTATION_CONTEXT(2) 
PARAMETRIC_REPRESENTATION_CONTEXT() REPRESENTATION_CONTEXT('2D SPACE',''
  ) );
#16977 = ORIENTED_EDGE('',*,*,#16916,.T.);
#16978 = ORIENTED_EDGE('',*,*,#15370,.T.);
#16979 = ORIENTED_EDGE('',*,*,#16980,.F.);
#16980 = EDGE_CURVE('',#16941,#15371,#16981,.T.);
#16981 = SURFACE_CURVE('',#16982,(#16986,#16993),.PCURVE_S1.);
#16982 = LINE('',#16983,#16984);
#16983 = CARTESIAN_POINT('',(69.4421875,4.31875,3.95));
#16984 = VECTOR('',#16985,1.);
#16985 = DIRECTION('',(0.,0.,1.));
#16986 = PCURVE('',#15386,#16987);
#16987 = DEFINITIONAL_REPRESENTATION('',(#16988),#16992);
#16988 = LINE('',#16989,#16990);
#16989 = CARTESIAN_POINT('',(1.,0.));
#16990 = VECTOR('',#16991,1.);
#16991 = DIRECTION('',(0.,-1.));
#16992 = ( GEOMETRIC_REPRESENTATION_CONTEXT(2) 
PARAMETRIC_REPRESENTATION_CONTEXT() REPRESENTATION_CONTEXT('2D SPACE',''
  ) );
#16993 = PCURVE('',#15416,#16994);
#16994 = DEFINITIONAL_REPRESENTATION('',(#16995),#16999);
#16995 = LINE('',#16996,#16997);
#16996 = CARTESIAN_POINT('',(0.,0.));
#16997 = VECTOR('',#16998,1.);
#16998 = DIRECTION('',(0.,-1.));
#16999 = ( GEOMETRIC_REPRESENTATION_CONTEXT(2) 
PARAMETRIC_REPRESENTATION_CONTEXT() REPRESENTATION_CONTEXT('2D SPACE',''
  ) );
#17000 = ADVANCED_FACE('',(#17001),#15416,.T.);
#17001 = FACE_BOUND('',#17002,.T.);
#17002 = EDGE_LOOP('',(#17003,#17035,#17036,#17037));
#17003 = ORIENTED_EDGE('',*,*,#17004,.T.);
#17004 = EDGE_CURVE('',#17005,#16941,#17007,.T.);
#17005 = VERTEX_POINT('',#17006);
#17006 = CARTESIAN_POINT('',(69.5390625,4.50078125,4.));
#17007 = SURFACE_CURVE('',#17008,(#17015,#17025),.PCURVE_S1.);
#17008 = B_SPLINE_CURVE_WITH_KNOTS('',5,(#17009,#17010,#17011,#17012,
    #17013,#17014),.UNSPECIFIED.,.F.,.F.,(6,6),(0.,1.),
  .PIECEWISE_BEZIER_KNOTS.);
#17009 = CARTESIAN_POINT('',(69.5390625,4.50078125,4.));
#17010 = CARTESIAN_POINT('',(69.525497861524,4.448988994,4.));
#17011 = CARTESIAN_POINT('',(69.509076056734,4.404570023071,4.));
#17012 = CARTESIAN_POINT('',(69.489725439679,4.367897421385,4.));
#17013 = CARTESIAN_POINT('',(69.467417283623,4.339249199194,4.));
#17014 = CARTESIAN_POINT('',(69.4421875,4.31875,4.));
#17015 = PCURVE('',#15416,#17016);
#17016 = DEFINITIONAL_REPRESENTATION('',(#17017),#17024);
#17017 = B_SPLINE_CURVE_WITH_KNOTS('',5,(#17018,#17019,#17020,#17021,
    #17022,#17023),.UNSPECIFIED.,.F.,.F.,(6,6),(0.,1.),
  .PIECEWISE_BEZIER_KNOTS.);
#17018 = CARTESIAN_POINT('',(1.,-5.E-02));
#17019 = CARTESIAN_POINT('',(0.80269616762,-5.E-02));
#17020 = CARTESIAN_POINT('',(0.603647163652,-5.E-02));
#17021 = CARTESIAN_POINT('',(0.403219052206,-5.E-02));
#17022 = CARTESIAN_POINT('',(0.201838268984,-5.E-02));
#17023 = CARTESIAN_POINT('',(0.,-5.E-02));
#17024 = ( GEOMETRIC_REPRESENTATION_CONTEXT(2) 
PARAMETRIC_REPRESENTATION_CONTEXT() REPRESENTATION_CONTEXT('2D SPACE',''
  ) );
#17025 = PCURVE('',#16569,#17026);
#17026 = DEFINITIONAL_REPRESENTATION('',(#17027),#17034);
#17027 = B_SPLINE_CURVE_WITH_KNOTS('',5,(#17028,#17029,#17030,#17031,
    #17032,#17033),.UNSPECIFIED.,.F.,.F.,(6,6),(0.,1.),
  .PIECEWISE_BEZIER_KNOTS.);
#17028 = CARTESIAN_POINT('',(69.5390625,4.50078125));
#17029 = CARTESIAN_POINT('',(69.525497861524,4.448988994));
#17030 = CARTESIAN_POINT('',(69.509076056734,4.404570023071));
#17031 = CARTESIAN_POINT('',(69.489725439679,4.367897421385));
#17032 = CARTESIAN_POINT('',(69.467417283623,4.339249199194));
#17033 = CARTESIAN_POINT('',(69.4421875,4.31875));
#17034 = ( GEOMETRIC_REPRESENTATION_CONTEXT(2) 
PARAMETRIC_REPRESENTATION_CONTEXT() REPRESENTATION_CONTEXT('2D SPACE',''
  ) );
#17035 = ORIENTED_EDGE('',*,*,#16980,.T.);
#17036 = ORIENTED_EDGE('',*,*,#15400,.T.);
#17037 = ORIENTED_EDGE('',*,*,#17038,.F.);
#17038 = EDGE_CURVE('',#17005,#15401,#17039,.T.);
#17039 = SURFACE_CURVE('',#17040,(#17044,#17051),.PCURVE_S1.);
#17040 = LINE('',#17041,#17042);
#17041 = CARTESIAN_POINT('',(69.5390625,4.50078125,3.95));
#17042 = VECTOR('',#17043,1.);
#17043 = DIRECTION('',(0.,0.,1.));
#17044 = PCURVE('',#15416,#17045);
#17045 = DEFINITIONAL_REPRESENTATION('',(#17046),#17050);
#17046 = LINE('',#17047,#17048);
#17047 = CARTESIAN_POINT('',(1.,0.));
#17048 = VECTOR('',#17049,1.);
#17049 = DIRECTION('',(0.,-1.));
#17050 = ( GEOMETRIC_REPRESENTATION_CONTEXT(2) 
PARAMETRIC_REPRESENTATION_CONTEXT() REPRESENTATION_CONTEXT('2D SPACE',''
  ) );
#17051 = PCURVE('',#15446,#17052);
#17052 = DEFINITIONAL_REPRESENTATION('',(#17053),#17057);
#17053 = LINE('',#17054,#17055);
#17054 = CARTESIAN_POINT('',(0.,0.));
#17055 = VECTOR('',#17056,1.);
#17056 = DIRECTION('',(0.,-1.));
#17057 = ( GEOMETRIC_REPRESENTATION_CONTEXT(2) 
PARAMETRIC_REPRESENTATION_CONTEXT() REPRESENTATION_CONTEXT('2D SPACE',''
  ) );
#17058 = ADVANCED_FACE('',(#17059),#15446,.T.);
#17059 = FACE_BOUND('',#17060,.T.);
#17060 = EDGE_LOOP('',(#17061,#17099,#17100,#17101));
#17061 = ORIENTED_EDGE('',*,*,#17062,.T.);
#17062 = EDGE_CURVE('',#17063,#17005,#17065,.T.);
#17063 = VERTEX_POINT('',#17064);
#17064 = CARTESIAN_POINT('',(69.584375,5.07265625,4.));
#17065 = SURFACE_CURVE('',#17066,(#17075,#17087),.PCURVE_S1.);
#17066 = B_SPLINE_CURVE_WITH_KNOTS('',7,(#17067,#17068,#17069,#17070,
    #17071,#17072,#17073,#17074),.UNSPECIFIED.,.F.,.F.,(8,8),(0.,1.),
  .PIECEWISE_BEZIER_KNOTS.);
#17067 = CARTESIAN_POINT('',(69.584375,5.07265625,4.));
#17068 = CARTESIAN_POINT('',(69.584375,4.968712546045,4.));
#17069 = CARTESIAN_POINT('',(69.582617653705,4.870303130497,4.));
#17070 = CARTESIAN_POINT('',(69.57888672953,4.778280489771,4.));
#17071 = CARTESIAN_POINT('',(69.572927163096,4.693828071912,4.));
#17072 = CARTESIAN_POINT('',(69.56446528835,4.618385309089,4.));
#17073 = CARTESIAN_POINT('',(69.553233732232,4.553556873486,4.));
#17074 = CARTESIAN_POINT('',(69.5390625,4.50078125,4.));
#17075 = PCURVE('',#15446,#17076);
#17076 = DEFINITIONAL_REPRESENTATION('',(#17077),#17086);
#17077 = B_SPLINE_CURVE_WITH_KNOTS('',7,(#17078,#17079,#17080,#17081,
    #17082,#17083,#17084,#17085),.UNSPECIFIED.,.F.,.F.,(8,8),(0.,1.),
  .PIECEWISE_BEZIER_KNOTS.);
#17078 = CARTESIAN_POINT('',(1.,-5.E-02));
#17079 = CARTESIAN_POINT('',(0.87107757649,-5.E-02));
#17080 = CARTESIAN_POINT('',(0.737745312595,-5.E-02));
#17081 = CARTESIAN_POINT('',(0.599673344359,-5.E-02));
#17082 = CARTESIAN_POINT('',(0.45669317508,-5.E-02));
#17083 = CARTESIAN_POINT('',(0.308834470614,-5.E-02));
#17084 = CARTESIAN_POINT('',(0.156372217735,-5.E-02));
#17085 = CARTESIAN_POINT('',(0.,-5.E-02));
#17086 = ( GEOMETRIC_REPRESENTATION_CONTEXT(2) 
PARAMETRIC_REPRESENTATION_CONTEXT() REPRESENTATION_CONTEXT('2D SPACE',''
  ) );
#17087 = PCURVE('',#16569,#17088);
#17088 = DEFINITIONAL_REPRESENTATION('',(#17089),#17098);
#17089 = B_SPLINE_CURVE_WITH_KNOTS('',7,(#17090,#17091,#17092,#17093,
    #17094,#17095,#17096,#17097),.UNSPECIFIED.,.F.,.F.,(8,8),(0.,1.),
  .PIECEWISE_BEZIER_KNOTS.);
#17090 = CARTESIAN_POINT('',(69.584375,5.07265625));
#17091 = CARTESIAN_POINT('',(69.584375,4.968712546045));
#17092 = CARTESIAN_POINT('',(69.582617653705,4.870303130497));
#17093 = CARTESIAN_POINT('',(69.57888672953,4.778280489771));
#17094 = CARTESIAN_POINT('',(69.572927163096,4.693828071912));
#17095 = CARTESIAN_POINT('',(69.56446528835,4.618385309089));
#17096 = CARTESIAN_POINT('',(69.553233732232,4.553556873486));
#17097 = CARTESIAN_POINT('',(69.5390625,4.50078125));
#17098 = ( GEOMETRIC_REPRESENTATION_CONTEXT(2) 
PARAMETRIC_REPRESENTATION_CONTEXT() REPRESENTATION_CONTEXT('2D SPACE',''
  ) );
#17099 = ORIENTED_EDGE('',*,*,#17038,.T.);
#17100 = ORIENTED_EDGE('',*,*,#15430,.T.);
#17101 = ORIENTED_EDGE('',*,*,#17102,.F.);
#17102 = EDGE_CURVE('',#17063,#15431,#17103,.T.);
#17103 = SURFACE_CURVE('',#17104,(#17108,#17115),.PCURVE_S1.);
#17104 = LINE('',#17105,#17106);
#17105 = CARTESIAN_POINT('',(69.584375,5.07265625,3.95));
#17106 = VECTOR('',#17107,1.);
#17107 = DIRECTION('',(0.,0.,1.));
#17108 = PCURVE('',#15446,#17109);
#17109 = DEFINITIONAL_REPRESENTATION('',(#17110),#17114);
#17110 = LINE('',#17111,#17112);
#17111 = CARTESIAN_POINT('',(1.,0.));
#17112 = VECTOR('',#17113,1.);
#17113 = DIRECTION('',(0.,-1.));
#17114 = ( GEOMETRIC_REPRESENTATION_CONTEXT(2) 
PARAMETRIC_REPRESENTATION_CONTEXT() REPRESENTATION_CONTEXT('2D SPACE',''
  ) );
#17115 = PCURVE('',#15476,#17116);
#17116 = DEFINITIONAL_REPRESENTATION('',(#17117),#17121);
#17117 = LINE('',#17118,#17119);
#17118 = CARTESIAN_POINT('',(0.,0.));
#17119 = VECTOR('',#17120,1.);
#17120 = DIRECTION('',(0.,-1.));
#17121 = ( GEOMETRIC_REPRESENTATION_CONTEXT(2) 
PARAMETRIC_REPRESENTATION_CONTEXT() REPRESENTATION_CONTEXT('2D SPACE',''
  ) );
#17122 = ADVANCED_FACE('',(#17123),#15476,.T.);
#17123 = FACE_BOUND('',#17124,.T.);
#17124 = EDGE_LOOP('',(#17125,#17163,#17164,#17165));
#17125 = ORIENTED_EDGE('',*,*,#17126,.T.);
#17126 = EDGE_CURVE('',#17127,#17063,#17129,.T.);
#17127 = VERTEX_POINT('',#17128);
#17128 = CARTESIAN_POINT('',(69.54375,5.6265625,4.));
#17129 = SURFACE_CURVE('',#17130,(#17139,#17151),.PCURVE_S1.);
#17130 = B_SPLINE_CURVE_WITH_KNOTS('',7,(#17131,#17132,#17133,#17134,
    #17135,#17136,#17137,#17138),.UNSPECIFIED.,.F.,.F.,(8,8),(0.,1.),
  .PIECEWISE_BEZIER_KNOTS.);
#17131 = CARTESIAN_POINT('',(69.54375,5.6265625,4.));
#17132 = CARTESIAN_POINT('',(69.556509924002,5.579203551299,4.));
#17133 = CARTESIAN_POINT('',(69.566611635242,5.518511619461,4.));
#17134 = CARTESIAN_POINT('',(69.574193098545,5.446072890002,4.));
#17135 = CARTESIAN_POINT('',(69.57950863281,5.36375648898,4.));
#17136 = CARTESIAN_POINT('',(69.58282099764,5.273238642703,4.));
#17137 = CARTESIAN_POINT('',(69.584375,5.175886361122,4.));
#17138 = CARTESIAN_POINT('',(69.584375,5.07265625,4.));
#17139 = PCURVE('',#15476,#17140);
#17140 = DEFINITIONAL_REPRESENTATION('',(#17141),#17150);
#17141 = B_SPLINE_CURVE_WITH_KNOTS('',7,(#17142,#17143,#17144,#17145,
    #17146,#17147,#17148,#17149),.UNSPECIFIED.,.F.,.F.,(8,8),(0.,1.),
  .PIECEWISE_BEZIER_KNOTS.);
#17142 = CARTESIAN_POINT('',(1.,-5.E-02));
#17143 = CARTESIAN_POINT('',(0.842954781509,-5.E-02));
#17144 = CARTESIAN_POINT('',(0.689852022152,-5.E-02));
#17145 = CARTESIAN_POINT('',(0.541596170548,-5.E-02));
#17146 = CARTESIAN_POINT('',(0.398546190323,-5.E-02));
#17147 = CARTESIAN_POINT('',(0.26075676047,-5.E-02));
#17148 = CARTESIAN_POINT('',(0.128037347128,-5.E-02));
#17149 = CARTESIAN_POINT('',(0.,-5.E-02));
#17150 = ( GEOMETRIC_REPRESENTATION_CONTEXT(2) 
PARAMETRIC_REPRESENTATION_CONTEXT() REPRESENTATION_CONTEXT('2D SPACE',''
  ) );
#17151 = PCURVE('',#16569,#17152);
#17152 = DEFINITIONAL_REPRESENTATION('',(#17153),#17162);
#17153 = B_SPLINE_CURVE_WITH_KNOTS('',7,(#17154,#17155,#17156,#17157,
    #17158,#17159,#17160,#17161),.UNSPECIFIED.,.F.,.F.,(8,8),(0.,1.),
  .PIECEWISE_BEZIER_KNOTS.);
#17154 = CARTESIAN_POINT('',(69.54375,5.6265625));
#17155 = CARTESIAN_POINT('',(69.556509924002,5.579203551299));
#17156 = CARTESIAN_POINT('',(69.566611635242,5.518511619461));
#17157 = CARTESIAN_POINT('',(69.574193098545,5.446072890002));
#17158 = CARTESIAN_POINT('',(69.57950863281,5.36375648898));
#17159 = CARTESIAN_POINT('',(69.58282099764,5.273238642703));
#17160 = CARTESIAN_POINT('',(69.584375,5.175886361122));
#17161 = CARTESIAN_POINT('',(69.584375,5.07265625));
#17162 = ( GEOMETRIC_REPRESENTATION_CONTEXT(2) 
PARAMETRIC_REPRESENTATION_CONTEXT() REPRESENTATION_CONTEXT('2D SPACE',''
  ) );
#17163 = ORIENTED_EDGE('',*,*,#17102,.T.);
#17164 = ORIENTED_EDGE('',*,*,#15460,.T.);
#17165 = ORIENTED_EDGE('',*,*,#17166,.F.);
#17166 = EDGE_CURVE('',#17127,#15461,#17167,.T.);
#17167 = SURFACE_CURVE('',#17168,(#17172,#17179),.PCURVE_S1.);
#17168 = LINE('',#17169,#17170);
#17169 = CARTESIAN_POINT('',(69.54375,5.6265625,3.95));
#17170 = VECTOR('',#17171,1.);
#17171 = DIRECTION('',(0.,0.,1.));
#17172 = PCURVE('',#15476,#17173);
#17173 = DEFINITIONAL_REPRESENTATION('',(#17174),#17178);
#17174 = LINE('',#17175,#17176);
#17175 = CARTESIAN_POINT('',(1.,0.));
#17176 = VECTOR('',#17177,1.);
#17177 = DIRECTION('',(0.,-1.));
#17178 = ( GEOMETRIC_REPRESENTATION_CONTEXT(2) 
PARAMETRIC_REPRESENTATION_CONTEXT() REPRESENTATION_CONTEXT('2D SPACE',''
  ) );
#17179 = PCURVE('',#15506,#17180);
#17180 = DEFINITIONAL_REPRESENTATION('',(#17181),#17185);
#17181 = LINE('',#17182,#17183);
#17182 = CARTESIAN_POINT('',(0.,0.));
#17183 = VECTOR('',#17184,1.);
#17184 = DIRECTION('',(0.,-1.));
#17185 = ( GEOMETRIC_REPRESENTATION_CONTEXT(2) 
PARAMETRIC_REPRESENTATION_CONTEXT() REPRESENTATION_CONTEXT('2D SPACE',''
  ) );
#17186 = ADVANCED_FACE('',(#17187),#15506,.T.);
#17187 = FACE_BOUND('',#17188,.T.);
#17188 = EDGE_LOOP('',(#17189,#17221,#17222,#17223));
#17189 = ORIENTED_EDGE('',*,*,#17190,.T.);
#17190 = EDGE_CURVE('',#17191,#17127,#17193,.T.);
#17191 = VERTEX_POINT('',#17192);
#17192 = CARTESIAN_POINT('',(69.44140625,5.828125,4.));
#17193 = SURFACE_CURVE('',#17194,(#17201,#17211),.PCURVE_S1.);
#17194 = B_SPLINE_CURVE_WITH_KNOTS('',5,(#17195,#17196,#17197,#17198,
    #17199,#17200),.UNSPECIFIED.,.F.,.F.,(6,6),(0.,1.),
  .PIECEWISE_BEZIER_KNOTS.);
#17195 = CARTESIAN_POINT('',(69.44140625,5.828125,4.));
#17196 = CARTESIAN_POINT('',(69.466439333684,5.807528158994,4.));
#17197 = CARTESIAN_POINT('',(69.489211081158,5.776725399979,4.));
#17198 = CARTESIAN_POINT('',(69.509664666035,5.735942355541,4.));
#17199 = CARTESIAN_POINT('',(69.527822207344,5.685679115051,4.));
#17200 = CARTESIAN_POINT('',(69.54375,5.6265625,4.));
#17201 = PCURVE('',#15506,#17202);
#17202 = DEFINITIONAL_REPRESENTATION('',(#17203),#17210);
#17203 = B_SPLINE_CURVE_WITH_KNOTS('',5,(#17204,#17205,#17206,#17207,
    #17208,#17209),.UNSPECIFIED.,.F.,.F.,(6,6),(0.,1.),
  .PIECEWISE_BEZIER_KNOTS.);
#17204 = CARTESIAN_POINT('',(1.,-5.E-02));
#17205 = CARTESIAN_POINT('',(0.797200334709,-5.E-02));
#17206 = CARTESIAN_POINT('',(0.595149839318,-5.E-02));
#17207 = CARTESIAN_POINT('',(0.394569348796,-5.E-02));
#17208 = CARTESIAN_POINT('',(0.196034371152,-5.E-02));
#17209 = CARTESIAN_POINT('',(0.,-5.E-02));
#17210 = ( GEOMETRIC_REPRESENTATION_CONTEXT(2) 
PARAMETRIC_REPRESENTATION_CONTEXT() REPRESENTATION_CONTEXT('2D SPACE',''
  ) );
#17211 = PCURVE('',#16569,#17212);
#17212 = DEFINITIONAL_REPRESENTATION('',(#17213),#17220);
#17213 = B_SPLINE_CURVE_WITH_KNOTS('',5,(#17214,#17215,#17216,#17217,
    #17218,#17219),.UNSPECIFIED.,.F.,.F.,(6,6),(0.,1.),
  .PIECEWISE_BEZIER_KNOTS.);
#17214 = CARTESIAN_POINT('',(69.44140625,5.828125));
#17215 = CARTESIAN_POINT('',(69.466439333684,5.807528158994));
#17216 = CARTESIAN_POINT('',(69.489211081158,5.776725399979));
#17217 = CARTESIAN_POINT('',(69.509664666035,5.735942355541));
#17218 = CARTESIAN_POINT('',(69.527822207344,5.685679115051));
#17219 = CARTESIAN_POINT('',(69.54375,5.6265625));
#17220 = ( GEOMETRIC_REPRESENTATION_CONTEXT(2) 
PARAMETRIC_REPRESENTATION_CONTEXT() REPRESENTATION_CONTEXT('2D SPACE',''
  ) );
#17221 = ORIENTED_EDGE('',*,*,#17166,.T.);
#17222 = ORIENTED_EDGE('',*,*,#15490,.T.);
#17223 = ORIENTED_EDGE('',*,*,#17224,.F.);
#17224 = EDGE_CURVE('',#17191,#15491,#17225,.T.);
#17225 = SURFACE_CURVE('',#17226,(#17230,#17237),.PCURVE_S1.);
#17226 = LINE('',#17227,#17228);
#17227 = CARTESIAN_POINT('',(69.44140625,5.828125,3.95));
#17228 = VECTOR('',#17229,1.);
#17229 = DIRECTION('',(0.,0.,1.));
#17230 = PCURVE('',#15506,#17231);
#17231 = DEFINITIONAL_REPRESENTATION('',(#17232),#17236);
#17232 = LINE('',#17233,#17234);
#17233 = CARTESIAN_POINT('',(1.,0.));
#17234 = VECTOR('',#17235,1.);
#17235 = DIRECTION('',(0.,-1.));
#17236 = ( GEOMETRIC_REPRESENTATION_CONTEXT(2) 
PARAMETRIC_REPRESENTATION_CONTEXT() REPRESENTATION_CONTEXT('2D SPACE',''
  ) );
#17237 = PCURVE('',#15534,#17238);
#17238 = DEFINITIONAL_REPRESENTATION('',(#17239),#17243);
#17239 = LINE('',#17240,#17241);
#17240 = CARTESIAN_POINT('',(0.,0.));
#17241 = VECTOR('',#17242,1.);
#17242 = DIRECTION('',(0.,-1.));
#17243 = ( GEOMETRIC_REPRESENTATION_CONTEXT(2) 
PARAMETRIC_REPRESENTATION_CONTEXT() REPRESENTATION_CONTEXT('2D SPACE',''
  ) );
#17244 = ADVANCED_FACE('',(#17245),#15534,.T.);
#17245 = FACE_BOUND('',#17246,.T.);
#17246 = EDGE_LOOP('',(#17247,#17283,#17284,#17285));
#17247 = ORIENTED_EDGE('',*,*,#17248,.T.);
#17248 = EDGE_CURVE('',#16544,#17191,#17249,.T.);
#17249 = SURFACE_CURVE('',#17250,(#17259,#17271),.PCURVE_S1.);
#17250 = B_SPLINE_CURVE_WITH_KNOTS('',4,(#17251,#17252,#17253,#17254,
    #17255,#17256,#17257,#17258),.UNSPECIFIED.,.F.,.F.,(5,3,5),(0.,
    0.491994542943,1.),.UNSPECIFIED.);
#17251 = CARTESIAN_POINT('',(69.3,5.87890625,4.));
#17252 = CARTESIAN_POINT('',(69.319585129401,5.87890625,4.));
#17253 = CARTESIAN_POINT('',(69.338464592143,5.876861295878,4.));
#17254 = CARTESIAN_POINT('',(69.356626533084,5.872762931961,4.));
#17255 = CARTESIAN_POINT('',(69.392066721733,5.860264837116,4.));
#17256 = CARTESIAN_POINT('',(69.409296992676,5.851729461583,4.));
#17257 = CARTESIAN_POINT('',(69.425744892475,5.841010927078,4.));
#17258 = CARTESIAN_POINT('',(69.44140625,5.828125,4.));
#17259 = PCURVE('',#15534,#17260);
#17260 = DEFINITIONAL_REPRESENTATION('',(#17261),#17270);
#17261 = B_SPLINE_CURVE_WITH_KNOTS('',4,(#17262,#17263,#17264,#17265,
    #17266,#17267,#17268,#17269),.UNSPECIFIED.,.F.,.F.,(5,3,5),(0.,
    0.491994542943,1.),.UNSPECIFIED.);
#17262 = CARTESIAN_POINT('',(1.,-5.E-02));
#17263 = CARTESIAN_POINT('',(0.877112913565,-5.E-02));
#17264 = CARTESIAN_POINT('',(0.754113309531,-5.E-02));
#17265 = CARTESIAN_POINT('',(0.631056799725,-5.E-02));
#17266 = CARTESIAN_POINT('',(0.380938578924,-5.E-02));
#17267 = CARTESIAN_POINT('',(0.253876738941,-5.E-02));
#17268 = CARTESIAN_POINT('',(0.126876820456,-5.E-02));
#17269 = CARTESIAN_POINT('',(0.,-5.E-02));
#17270 = ( GEOMETRIC_REPRESENTATION_CONTEXT(2) 
PARAMETRIC_REPRESENTATION_CONTEXT() REPRESENTATION_CONTEXT('2D SPACE',''
  ) );
#17271 = PCURVE('',#16569,#17272);
#17272 = DEFINITIONAL_REPRESENTATION('',(#17273),#17282);
#17273 = B_SPLINE_CURVE_WITH_KNOTS('',4,(#17274,#17275,#17276,#17277,
    #17278,#17279,#17280,#17281),.UNSPECIFIED.,.F.,.F.,(5,3,5),(0.,
    0.491994542943,1.),.UNSPECIFIED.);
#17274 = CARTESIAN_POINT('',(69.3,5.87890625));
#17275 = CARTESIAN_POINT('',(69.319585129401,5.87890625));
#17276 = CARTESIAN_POINT('',(69.338464592143,5.876861295878));
#17277 = CARTESIAN_POINT('',(69.356626533084,5.872762931961));
#17278 = CARTESIAN_POINT('',(69.392066721733,5.860264837116));
#17279 = CARTESIAN_POINT('',(69.409296992676,5.851729461583));
#17280 = CARTESIAN_POINT('',(69.425744892475,5.841010927078));
#17281 = CARTESIAN_POINT('',(69.44140625,5.828125));
#17282 = ( GEOMETRIC_REPRESENTATION_CONTEXT(2) 
PARAMETRIC_REPRESENTATION_CONTEXT() REPRESENTATION_CONTEXT('2D SPACE',''
  ) );
#17283 = ORIENTED_EDGE('',*,*,#17224,.T.);
#17284 = ORIENTED_EDGE('',*,*,#15520,.T.);
#17285 = ORIENTED_EDGE('',*,*,#16586,.F.);
#17286 = ADVANCED_FACE('',(#17287),#15920,.T.);
#17287 = FACE_BOUND('',#17288,.T.);
#17288 = EDGE_LOOP('',(#17289,#17290,#17291,#17292,#17293,#17294,#17295,
    #17296));
#17289 = ORIENTED_EDGE('',*,*,#15896,.F.);
#17290 = ORIENTED_EDGE('',*,*,#15981,.F.);
#17291 = ORIENTED_EDGE('',*,*,#16051,.F.);
#17292 = ORIENTED_EDGE('',*,*,#16115,.F.);
#17293 = ORIENTED_EDGE('',*,*,#16173,.F.);
#17294 = ORIENTED_EDGE('',*,*,#16231,.F.);
#17295 = ORIENTED_EDGE('',*,*,#16295,.F.);
#17296 = ORIENTED_EDGE('',*,*,#16359,.F.);
#17297 = ADVANCED_FACE('',(#17298),#16412,.T.);
#17298 = FACE_BOUND('',#17299,.T.);
#17299 = EDGE_LOOP('',(#17300,#17301,#17302));
#17300 = ORIENTED_EDGE('',*,*,#16395,.F.);
#17301 = ORIENTED_EDGE('',*,*,#16469,.F.);
#17302 = ORIENTED_EDGE('',*,*,#16516,.F.);
#17303 = ADVANCED_FACE('',(#17304),#16569,.T.);
#17304 = FACE_BOUND('',#17305,.T.);
#17305 = EDGE_LOOP('',(#17306,#17307,#17308,#17309,#17310,#17311,#17312,
    #17313,#17314,#17315,#17316,#17317));
#17306 = ORIENTED_EDGE('',*,*,#16541,.F.);
#17307 = ORIENTED_EDGE('',*,*,#16632,.F.);
#17308 = ORIENTED_EDGE('',*,*,#16690,.F.);
#17309 = ORIENTED_EDGE('',*,*,#16754,.F.);
#17310 = ORIENTED_EDGE('',*,*,#16818,.F.);
#17311 = ORIENTED_EDGE('',*,*,#16876,.F.);
#17312 = ORIENTED_EDGE('',*,*,#16940,.F.);
#17313 = ORIENTED_EDGE('',*,*,#17004,.F.);
#17314 = ORIENTED_EDGE('',*,*,#17062,.F.);
#17315 = ORIENTED_EDGE('',*,*,#17126,.F.);
#17316 = ORIENTED_EDGE('',*,*,#17190,.F.);
#17317 = ORIENTED_EDGE('',*,*,#17248,.F.);
#17318 = ( GEOMETRIC_REPRESENTATION_CONTEXT(3) 
GLOBAL_UNCERTAINTY_ASSIGNED_CONTEXT((#17322)) 
GLOBAL_UNIT_ASSIGNED_CONTEXT((#17319,#17320,#17321)) 
REPRESENTATION_CONTEXT('Context #1',
  '3D Context with UNIT and UNCERTAINTY') );
#17319 = ( LENGTH_UNIT() NAMED_UNIT(*) SI_UNIT(.MILLI.,.METRE.) );
#17320 = ( NAMED_UNIT(*) PLANE_ANGLE_UNIT() SI_UNIT($,.RADIAN.) );
#17321 = ( NAMED_UNIT(*) SI_UNIT($,.STERADIAN.) SOLID_ANGLE_UNIT() );
#17322 = UNCERTAINTY_MEASURE_WITH_UNIT(LENGTH_MEASURE(1.E-06),#17319,
  'distance_accuracy_value','confusion accuracy');
#17323 = PRODUCT_RELATED_PRODUCT_CATEGORY('part',$,(#7));
ENDSEC;
END-ISO-10303-21;
