ISO-10303-21;
HEADER;
FILE_DESCRIPTION(('Open CASCADE Model'),'2;1');
FILE_NAME('Open CASCADE Shape Model','2026-09-06T14:10:58',('Author'),(
    'Open CASCADE'),'Open CASCADE STEP processor 7.7','Open CASCADE 7.7'
  ,'Unknown');
FILE_SCHEMA(('AUTOMOTIVE_DESIGN { 1 0 10303 214 1 1 1 1 }'));
ENDSEC;
DATA;
#1 = APPLICATION_PROTOCOL_DEFINITION('international standard',
  'automotive_design',2000,#2);
#2 = APPLICATION_CONTEXT(
  'core data for automotive mechanical design processes');
#3 = SHAPE_DEFINITION_REPRESENTATION(#4,#10);
#4 = PRODUCT_DEFINITION_SHAPE('','',#5);
#5 = PRODUCT_DEFINITION('design','',#6,#9);
#6 = PRODUCT_DEFINITION_FORMATION('','',#7);
#7 = PRODUCT('Open CASCADE STEP translator 7.7 15',
  'Open CASCADE STEP translator 7.7 15','',(#8));
#8 = PRODUCT_CONTEXT('',#2,'mechanical');
#9 = PRODUCT_DEFINITION_CONTEXT('part definition',#2,'design');
#10 = ADVANCED_BREP_SHAPE_REPRESENTATION('',(#11,#15),#17533);
#11 = AXIS2_PLACEMENT_3D('',#12,#13,#14);
#12 = CARTESIAN_POINT('',(0.,0.,0.));
#13 = DIRECTION('',(0.,0.,1.));
#14 = DIRECTION('',(1.,0.,-0.));
#15 = MANIFOLD_SOLID_BREP('',#16);
#16 = CLOSED_SHELL('',(#17,#578,#772,#822,#872,#1034,#2919,#2973,#3023,
    #3175,#3325,#3379,#3429,#5175,#6438,#6488,#6538,#6655,#6709,#6763,
    #6817,#6844,#6871,#7135,#7162,#7169,#7196,#7203,#7230,#7237,#7313,
    #7362,#7411,#7438,#7514,#7563,#7612,#7661,#7710,#7759,#7808,#7857,
    #7906,#7933,#8009,#8058,#8107,#8156,#8205,#8254,#8303,#8352,#8401,
    #8428,#8504,#8553,#8602,#8651,#8700,#8749,#8798,#8847,#8896,#8945,
    #8994,#9043,#9092,#9141,#9190,#9239,#9288,#9337,#9386,#9435,#9462,
    #9644,#9743,#9795,#9918,#9945,#9952,#9979,#9986,#10013,#10020,#10096
    ,#10145,#10194,#10221,#10403,#10502,#10554,#10682,#10758,#10807,
    #10856,#10905,#10954,#11003,#11052,#11101,#11150,#11177,#11253,
    #11302,#11351,#11400,#11449,#11498,#11547,#11596,#11645,#11672,
    #11748,#11797,#11846,#11895,#11944,#11993,#12042,#12091,#12140,
    #12189,#12238,#12287,#12336,#12385,#12434,#12461,#12488,#12495,
    #12571,#12620,#12669,#12696,#12772,#12821,#12870,#12919,#12968,
    #13017,#13066,#13115,#13164,#13191,#13267,#13316,#13365,#13414,
    #13463,#13512,#13561,#13610,#13659,#13686,#13762,#13811,#13860,
    #13909,#13958,#14007,#14056,#14105,#14154,#14203,#14230,#14412,
    #14511,#14563,#14686,#14745,#14804,#14863,#14870,#14883,#14896,
    #14920,#15012,#15107,#15133,#15184,#15191,#15286,#15313,#15384,
    #15390,#15397,#15443,#15538,#15564,#15615,#15690,#15785,#15812,
    #15836,#15885,#15891,#15904,#15917,#16178,#16185,#16198,#16211,
    #16311,#16403,#16498,#16524,#16575,#16582,#16677,#16704,#16775,
    #16781,#16793,#16825,#16857,#16864,#16949,#17019,#17083,#17141,
    #17199,#17263,#17327,#17363,#17437,#17484,#17509,#17516,#17527));
#17 = ADVANCED_FACE('',(#18,#473,#508,#543),#32,.F.);
#18 = FACE_BOUND('',#19,.F.);
#19 = EDGE_LOOP('',(#20,#55,#83,#111,#139,#167,#195,#223,#251,#279,#307,
    #335,#363,#391,#419,#447));
#20 = ORIENTED_EDGE('',*,*,#21,.F.);
#21 = EDGE_CURVE('',#22,#24,#26,.T.);
#22 = VERTEX_POINT('',#23);
#23 = CARTESIAN_POINT('',(0.,3.,4.));
#24 = VERTEX_POINT('',#25);
#25 = CARTESIAN_POINT('',(0.,5.5,4.));
#26 = SURFACE_CURVE('',#27,(#31,#43),.PCURVE_S1.);
#27 = LINE('',#28,#29);
#28 = CARTESIAN_POINT('',(0.,0.,4.));
#29 = VECTOR('',#30,1.);
#30 = DIRECTION('',(0.,1.,0.));
#31 = PCURVE('',#32,#37);
#32 = PLANE('',#33);
#33 = AXIS2_PLACEMENT_3D('',#34,#35,#36);
#34 = CARTESIAN_POINT('',(0.,0.,0.));
#35 = DIRECTION('',(1.,0.,0.));
#36 = DIRECTION('',(0.,0.,1.));
#37 = DEFINITIONAL_REPRESENTATION('',(#38),#42);
#38 = LINE('',#39,#40);
#39 = CARTESIAN_POINT('',(4.,0.));
#40 = VECTOR('',#41,1.);
#41 = DIRECTION('',(0.,-1.));
#42 = ( GEOMETRIC_REPRESENTATION_CONTEXT(2) 
PARAMETRIC_REPRESENTATION_CONTEXT() REPRESENTATION_CONTEXT('2D SPACE',''
  ) );
#43 = PCURVE('',#44,#49);
#44 = PLANE('',#45);
#45 = AXIS2_PLACEMENT_3D('',#46,#47,#48);
#46 = CARTESIAN_POINT('',(0.,0.,4.));
#47 = DIRECTION('',(0.,0.,1.));
#48 = DIRECTION('',(1.,0.,0.));
#49 = DEFINITIONAL_REPRESENTATION('',(#50),#54);
#50 = LINE('',#51,#52);
#51 = CARTESIAN_POINT('',(0.,0.));
#52 = VECTOR('',#53,1.);
#53 = DIRECTION('',(0.,1.));
#54 = ( GEOMETRIC_REPRESENTATION_CONTEXT(2) 
PARAMETRIC_REPRESENTATION_CONTEXT() REPRESENTATION_CONTEXT('2D SPACE',''
  ) );
#55 = ORIENTED_EDGE('',*,*,#56,.F.);
#56 = EDGE_CURVE('',#57,#22,#59,.T.);
#57 = VERTEX_POINT('',#58);
#58 = CARTESIAN_POINT('',(0.,3.,0.));
#59 = SURFACE_CURVE('',#60,(#64,#71),.PCURVE_S1.);
#60 = LINE('',#61,#62);
#61 = CARTESIAN_POINT('',(0.,3.,0.));
#62 = VECTOR('',#63,1.);
#63 = DIRECTION('',(0.,0.,1.));
#64 = PCURVE('',#32,#65);
#65 = DEFINITIONAL_REPRESENTATION('',(#66),#70);
#66 = LINE('',#67,#68);
#67 = CARTESIAN_POINT('',(0.,-3.));
#68 = VECTOR('',#69,1.);
#69 = DIRECTION('',(1.,0.));
#70 = ( GEOMETRIC_REPRESENTATION_CONTEXT(2) 
PARAMETRIC_REPRESENTATION_CONTEXT() REPRESENTATION_CONTEXT('2D SPACE',''
  ) );
#71 = PCURVE('',#72,#77);
#72 = CYLINDRICAL_SURFACE('',#73,3.);
#73 = AXIS2_PLACEMENT_3D('',#74,#75,#76);
#74 = CARTESIAN_POINT('',(3.,3.,0.));
#75 = DIRECTION('',(0.,0.,1.));
#76 = DIRECTION('',(-1.,-0.,0.));
#77 = DEFINITIONAL_REPRESENTATION('',(#78),#82);
#78 = LINE('',#79,#80);
#79 = CARTESIAN_POINT('',(0.,0.));
#80 = VECTOR('',#81,1.);
#81 = DIRECTION('',(0.,1.));
#82 = ( GEOMETRIC_REPRESENTATION_CONTEXT(2) 
PARAMETRIC_REPRESENTATION_CONTEXT() REPRESENTATION_CONTEXT('2D SPACE',''
  ) );
#83 = ORIENTED_EDGE('',*,*,#84,.F.);
#84 = EDGE_CURVE('',#85,#57,#87,.T.);
#85 = VERTEX_POINT('',#86);
#86 = CARTESIAN_POINT('',(0.,87.,0.));
#87 = SURFACE_CURVE('',#88,(#92,#99),.PCURVE_S1.);
#88 = LINE('',#89,#90);
#89 = CARTESIAN_POINT('',(0.,87.,0.));
#90 = VECTOR('',#91,1.);
#91 = DIRECTION('',(0.,-1.,0.));
#92 = PCURVE('',#32,#93);
#93 = DEFINITIONAL_REPRESENTATION('',(#94),#98);
#94 = LINE('',#95,#96);
#95 = CARTESIAN_POINT('',(0.,-87.));
#96 = VECTOR('',#97,1.);
#97 = DIRECTION('',(0.,1.));
#98 = ( GEOMETRIC_REPRESENTATION_CONTEXT(2) 
PARAMETRIC_REPRESENTATION_CONTEXT() REPRESENTATION_CONTEXT('2D SPACE',''
  ) );
#99 = PCURVE('',#100,#105);
#100 = PLANE('',#101);
#101 = AXIS2_PLACEMENT_3D('',#102,#103,#104);
#102 = CARTESIAN_POINT('',(0.,0.,0.));
#103 = DIRECTION('',(0.,0.,1.));
#104 = DIRECTION('',(1.,0.,0.));
#105 = DEFINITIONAL_REPRESENTATION('',(#106),#110);
#106 = LINE('',#107,#108);
#107 = CARTESIAN_POINT('',(0.,87.));
#108 = VECTOR('',#109,1.);
#109 = DIRECTION('',(0.,-1.));
#110 = ( GEOMETRIC_REPRESENTATION_CONTEXT(2) 
PARAMETRIC_REPRESENTATION_CONTEXT() REPRESENTATION_CONTEXT('2D SPACE',''
  ) );
#111 = ORIENTED_EDGE('',*,*,#112,.T.);
#112 = EDGE_CURVE('',#85,#113,#115,.T.);
#113 = VERTEX_POINT('',#114);
#114 = CARTESIAN_POINT('',(0.,87.,4.));
#115 = SURFACE_CURVE('',#116,(#120,#127),.PCURVE_S1.);
#116 = LINE('',#117,#118);
#117 = CARTESIAN_POINT('',(0.,87.,0.));
#118 = VECTOR('',#119,1.);
#119 = DIRECTION('',(0.,0.,1.));
#120 = PCURVE('',#32,#121);
#121 = DEFINITIONAL_REPRESENTATION('',(#122),#126);
#122 = LINE('',#123,#124);
#123 = CARTESIAN_POINT('',(0.,-87.));
#124 = VECTOR('',#125,1.);
#125 = DIRECTION('',(1.,0.));
#126 = ( GEOMETRIC_REPRESENTATION_CONTEXT(2) 
PARAMETRIC_REPRESENTATION_CONTEXT() REPRESENTATION_CONTEXT('2D SPACE',''
  ) );
#127 = PCURVE('',#128,#133);
#128 = CYLINDRICAL_SURFACE('',#129,3.);
#129 = AXIS2_PLACEMENT_3D('',#130,#131,#132);
#130 = CARTESIAN_POINT('',(3.,87.,0.));
#131 = DIRECTION('',(0.,0.,1.));
#132 = DIRECTION('',(-1.,-0.,0.));
#133 = DEFINITIONAL_REPRESENTATION('',(#134),#138);
#134 = LINE('',#135,#136);
#135 = CARTESIAN_POINT('',(-0.,0.));
#136 = VECTOR('',#137,1.);
#137 = DIRECTION('',(-0.,1.));
#138 = ( GEOMETRIC_REPRESENTATION_CONTEXT(2) 
PARAMETRIC_REPRESENTATION_CONTEXT() REPRESENTATION_CONTEXT('2D SPACE',''
  ) );
#139 = ORIENTED_EDGE('',*,*,#140,.F.);
#140 = EDGE_CURVE('',#141,#113,#143,.T.);
#141 = VERTEX_POINT('',#142);
#142 = CARTESIAN_POINT('',(0.,84.5,4.));
#143 = SURFACE_CURVE('',#144,(#148,#155),.PCURVE_S1.);
#144 = LINE('',#145,#146);
#145 = CARTESIAN_POINT('',(0.,0.,4.));
#146 = VECTOR('',#147,1.);
#147 = DIRECTION('',(0.,1.,0.));
#148 = PCURVE('',#32,#149);
#149 = DEFINITIONAL_REPRESENTATION('',(#150),#154);
#150 = LINE('',#151,#152);
#151 = CARTESIAN_POINT('',(4.,0.));
#152 = VECTOR('',#153,1.);
#153 = DIRECTION('',(0.,-1.));
#154 = ( GEOMETRIC_REPRESENTATION_CONTEXT(2) 
PARAMETRIC_REPRESENTATION_CONTEXT() REPRESENTATION_CONTEXT('2D SPACE',''
  ) );
#155 = PCURVE('',#156,#161);
#156 = PLANE('',#157);
#157 = AXIS2_PLACEMENT_3D('',#158,#159,#160);
#158 = CARTESIAN_POINT('',(0.,0.,4.));
#159 = DIRECTION('',(0.,0.,1.));
#160 = DIRECTION('',(1.,0.,0.));
#161 = DEFINITIONAL_REPRESENTATION('',(#162),#166);
#162 = LINE('',#163,#164);
#163 = CARTESIAN_POINT('',(0.,0.));
#164 = VECTOR('',#165,1.);
#165 = DIRECTION('',(0.,1.));
#166 = ( GEOMETRIC_REPRESENTATION_CONTEXT(2) 
PARAMETRIC_REPRESENTATION_CONTEXT() REPRESENTATION_CONTEXT('2D SPACE',''
  ) );
#167 = ORIENTED_EDGE('',*,*,#168,.T.);
#168 = EDGE_CURVE('',#141,#169,#171,.T.);
#169 = VERTEX_POINT('',#170);
#170 = CARTESIAN_POINT('',(0.,84.5,16.));
#171 = SURFACE_CURVE('',#172,(#176,#183),.PCURVE_S1.);
#172 = LINE('',#173,#174);
#173 = CARTESIAN_POINT('',(0.,84.5,0.));
#174 = VECTOR('',#175,1.);
#175 = DIRECTION('',(0.,0.,1.));
#176 = PCURVE('',#32,#177);
#177 = DEFINITIONAL_REPRESENTATION('',(#178),#182);
#178 = LINE('',#179,#180);
#179 = CARTESIAN_POINT('',(0.,-84.5));
#180 = VECTOR('',#181,1.);
#181 = DIRECTION('',(1.,0.));
#182 = ( GEOMETRIC_REPRESENTATION_CONTEXT(2) 
PARAMETRIC_REPRESENTATION_CONTEXT() REPRESENTATION_CONTEXT('2D SPACE',''
  ) );
#183 = PCURVE('',#184,#189);
#184 = CYLINDRICAL_SURFACE('',#185,2.5);
#185 = AXIS2_PLACEMENT_3D('',#186,#187,#188);
#186 = CARTESIAN_POINT('',(2.5,84.5,0.));
#187 = DIRECTION('',(0.,0.,1.));
#188 = DIRECTION('',(-1.,-0.,0.));
#189 = DEFINITIONAL_REPRESENTATION('',(#190),#194);
#190 = LINE('',#191,#192);
#191 = CARTESIAN_POINT('',(-0.,0.));
#192 = VECTOR('',#193,1.);
#193 = DIRECTION('',(-0.,1.));
#194 = ( GEOMETRIC_REPRESENTATION_CONTEXT(2) 
PARAMETRIC_REPRESENTATION_CONTEXT() REPRESENTATION_CONTEXT('2D SPACE',''
  ) );
#195 = ORIENTED_EDGE('',*,*,#196,.F.);
#196 = EDGE_CURVE('',#197,#169,#199,.T.);
#197 = VERTEX_POINT('',#198);
#198 = CARTESIAN_POINT('',(0.,65.5,16.));
#199 = SURFACE_CURVE('',#200,(#204,#211),.PCURVE_S1.);
#200 = LINE('',#201,#202);
#201 = CARTESIAN_POINT('',(0.,63.,16.));
#202 = VECTOR('',#203,1.);
#203 = DIRECTION('',(0.,1.,0.));
#204 = PCURVE('',#32,#205);
#205 = DEFINITIONAL_REPRESENTATION('',(#206),#210);
#206 = LINE('',#207,#208);
#207 = CARTESIAN_POINT('',(16.,-63.));
#208 = VECTOR('',#209,1.);
#209 = DIRECTION('',(0.,-1.));
#210 = ( GEOMETRIC_REPRESENTATION_CONTEXT(2) 
PARAMETRIC_REPRESENTATION_CONTEXT() REPRESENTATION_CONTEXT('2D SPACE',''
  ) );
#211 = PCURVE('',#212,#217);
#212 = PLANE('',#213);
#213 = AXIS2_PLACEMENT_3D('',#214,#215,#216);
#214 = CARTESIAN_POINT('',(0.,63.,16.));
#215 = DIRECTION('',(0.,0.,1.));
#216 = DIRECTION('',(1.,0.,0.));
#217 = DEFINITIONAL_REPRESENTATION('',(#218),#222);
#218 = LINE('',#219,#220);
#219 = CARTESIAN_POINT('',(0.,0.));
#220 = VECTOR('',#221,1.);
#221 = DIRECTION('',(0.,1.));
#222 = ( GEOMETRIC_REPRESENTATION_CONTEXT(2) 
PARAMETRIC_REPRESENTATION_CONTEXT() REPRESENTATION_CONTEXT('2D SPACE',''
  ) );
#223 = ORIENTED_EDGE('',*,*,#224,.F.);
#224 = EDGE_CURVE('',#225,#197,#227,.T.);
#225 = VERTEX_POINT('',#226);
#226 = CARTESIAN_POINT('',(0.,65.5,4.));
#227 = SURFACE_CURVE('',#228,(#232,#239),.PCURVE_S1.);
#228 = LINE('',#229,#230);
#229 = CARTESIAN_POINT('',(0.,65.5,0.));
#230 = VECTOR('',#231,1.);
#231 = DIRECTION('',(0.,0.,1.));
#232 = PCURVE('',#32,#233);
#233 = DEFINITIONAL_REPRESENTATION('',(#234),#238);
#234 = LINE('',#235,#236);
#235 = CARTESIAN_POINT('',(0.,-65.5));
#236 = VECTOR('',#237,1.);
#237 = DIRECTION('',(1.,0.));
#238 = ( GEOMETRIC_REPRESENTATION_CONTEXT(2) 
PARAMETRIC_REPRESENTATION_CONTEXT() REPRESENTATION_CONTEXT('2D SPACE',''
  ) );
#239 = PCURVE('',#240,#245);
#240 = CYLINDRICAL_SURFACE('',#241,2.5);
#241 = AXIS2_PLACEMENT_3D('',#242,#243,#244);
#242 = CARTESIAN_POINT('',(2.5,65.5,0.));
#243 = DIRECTION('',(0.,0.,1.));
#244 = DIRECTION('',(-1.,-0.,0.));
#245 = DEFINITIONAL_REPRESENTATION('',(#246),#250);
#246 = LINE('',#247,#248);
#247 = CARTESIAN_POINT('',(0.,0.));
#248 = VECTOR('',#249,1.);
#249 = DIRECTION('',(0.,1.));
#250 = ( GEOMETRIC_REPRESENTATION_CONTEXT(2) 
PARAMETRIC_REPRESENTATION_CONTEXT() REPRESENTATION_CONTEXT('2D SPACE',''
  ) );
#251 = ORIENTED_EDGE('',*,*,#252,.F.);
#252 = EDGE_CURVE('',#253,#225,#255,.T.);
#253 = VERTEX_POINT('',#254);
#254 = CARTESIAN_POINT('',(0.,54.5,4.));
#255 = SURFACE_CURVE('',#256,(#260,#267),.PCURVE_S1.);
#256 = LINE('',#257,#258);
#257 = CARTESIAN_POINT('',(0.,0.,4.));
#258 = VECTOR('',#259,1.);
#259 = DIRECTION('',(0.,1.,0.));
#260 = PCURVE('',#32,#261);
#261 = DEFINITIONAL_REPRESENTATION('',(#262),#266);
#262 = LINE('',#263,#264);
#263 = CARTESIAN_POINT('',(4.,0.));
#264 = VECTOR('',#265,1.);
#265 = DIRECTION('',(0.,-1.));
#266 = ( GEOMETRIC_REPRESENTATION_CONTEXT(2) 
PARAMETRIC_REPRESENTATION_CONTEXT() REPRESENTATION_CONTEXT('2D SPACE',''
  ) );
#267 = PCURVE('',#268,#273);
#268 = PLANE('',#269);
#269 = AXIS2_PLACEMENT_3D('',#270,#271,#272);
#270 = CARTESIAN_POINT('',(0.,0.,4.));
#271 = DIRECTION('',(0.,0.,1.));
#272 = DIRECTION('',(1.,0.,0.));
#273 = DEFINITIONAL_REPRESENTATION('',(#274),#278);
#274 = LINE('',#275,#276);
#275 = CARTESIAN_POINT('',(0.,0.));
#276 = VECTOR('',#277,1.);
#277 = DIRECTION('',(0.,1.));
#278 = ( GEOMETRIC_REPRESENTATION_CONTEXT(2) 
PARAMETRIC_REPRESENTATION_CONTEXT() REPRESENTATION_CONTEXT('2D SPACE',''
  ) );
#279 = ORIENTED_EDGE('',*,*,#280,.T.);
#280 = EDGE_CURVE('',#253,#281,#283,.T.);
#281 = VERTEX_POINT('',#282);
#282 = CARTESIAN_POINT('',(0.,54.5,16.));
#283 = SURFACE_CURVE('',#284,(#288,#295),.PCURVE_S1.);
#284 = LINE('',#285,#286);
#285 = CARTESIAN_POINT('',(0.,54.5,0.));
#286 = VECTOR('',#287,1.);
#287 = DIRECTION('',(0.,0.,1.));
#288 = PCURVE('',#32,#289);
#289 = DEFINITIONAL_REPRESENTATION('',(#290),#294);
#290 = LINE('',#291,#292);
#291 = CARTESIAN_POINT('',(0.,-54.5));
#292 = VECTOR('',#293,1.);
#293 = DIRECTION('',(1.,0.));
#294 = ( GEOMETRIC_REPRESENTATION_CONTEXT(2) 
PARAMETRIC_REPRESENTATION_CONTEXT() REPRESENTATION_CONTEXT('2D SPACE',''
  ) );
#295 = PCURVE('',#296,#301);
#296 = CYLINDRICAL_SURFACE('',#297,2.5);
#297 = AXIS2_PLACEMENT_3D('',#298,#299,#300);
#298 = CARTESIAN_POINT('',(2.5,54.5,0.));
#299 = DIRECTION('',(0.,0.,1.));
#300 = DIRECTION('',(-1.,-0.,0.));
#301 = DEFINITIONAL_REPRESENTATION('',(#302),#306);
#302 = LINE('',#303,#304);
#303 = CARTESIAN_POINT('',(-0.,0.));
#304 = VECTOR('',#305,1.);
#305 = DIRECTION('',(-0.,1.));
#306 = ( GEOMETRIC_REPRESENTATION_CONTEXT(2) 
PARAMETRIC_REPRESENTATION_CONTEXT() REPRESENTATION_CONTEXT('2D SPACE',''
  ) );
#307 = ORIENTED_EDGE('',*,*,#308,.F.);
#308 = EDGE_CURVE('',#309,#281,#311,.T.);
#309 = VERTEX_POINT('',#310);
#310 = CARTESIAN_POINT('',(0.,35.5,16.));
#311 = SURFACE_CURVE('',#312,(#316,#323),.PCURVE_S1.);
#312 = LINE('',#313,#314);
#313 = CARTESIAN_POINT('',(0.,33.,16.));
#314 = VECTOR('',#315,1.);
#315 = DIRECTION('',(0.,1.,0.));
#316 = PCURVE('',#32,#317);
#317 = DEFINITIONAL_REPRESENTATION('',(#318),#322);
#318 = LINE('',#319,#320);
#319 = CARTESIAN_POINT('',(16.,-33.));
#320 = VECTOR('',#321,1.);
#321 = DIRECTION('',(0.,-1.));
#322 = ( GEOMETRIC_REPRESENTATION_CONTEXT(2) 
PARAMETRIC_REPRESENTATION_CONTEXT() REPRESENTATION_CONTEXT('2D SPACE',''
  ) );
#323 = PCURVE('',#324,#329);
#324 = PLANE('',#325);
#325 = AXIS2_PLACEMENT_3D('',#326,#327,#328);
#326 = CARTESIAN_POINT('',(0.,33.,16.));
#327 = DIRECTION('',(0.,0.,1.));
#328 = DIRECTION('',(1.,0.,0.));
#329 = DEFINITIONAL_REPRESENTATION('',(#330),#334);
#330 = LINE('',#331,#332);
#331 = CARTESIAN_POINT('',(0.,0.));
#332 = VECTOR('',#333,1.);
#333 = DIRECTION('',(0.,1.));
#334 = ( GEOMETRIC_REPRESENTATION_CONTEXT(2) 
PARAMETRIC_REPRESENTATION_CONTEXT() REPRESENTATION_CONTEXT('2D SPACE',''
  ) );
#335 = ORIENTED_EDGE('',*,*,#336,.F.);
#336 = EDGE_CURVE('',#337,#309,#339,.T.);
#337 = VERTEX_POINT('',#338);
#338 = CARTESIAN_POINT('',(0.,35.5,4.));
#339 = SURFACE_CURVE('',#340,(#344,#351),.PCURVE_S1.);
#340 = LINE('',#341,#342);
#341 = CARTESIAN_POINT('',(0.,35.5,0.));
#342 = VECTOR('',#343,1.);
#343 = DIRECTION('',(0.,0.,1.));
#344 = PCURVE('',#32,#345);
#345 = DEFINITIONAL_REPRESENTATION('',(#346),#350);
#346 = LINE('',#347,#348);
#347 = CARTESIAN_POINT('',(0.,-35.5));
#348 = VECTOR('',#349,1.);
#349 = DIRECTION('',(1.,0.));
#350 = ( GEOMETRIC_REPRESENTATION_CONTEXT(2) 
PARAMETRIC_REPRESENTATION_CONTEXT() REPRESENTATION_CONTEXT('2D SPACE',''
  ) );
#351 = PCURVE('',#352,#357);
#352 = CYLINDRICAL_SURFACE('',#353,2.5);
#353 = AXIS2_PLACEMENT_3D('',#354,#355,#356);
#354 = CARTESIAN_POINT('',(2.5,35.5,0.));
#355 = DIRECTION('',(0.,0.,1.));
#356 = DIRECTION('',(-1.,-0.,0.));
#357 = DEFINITIONAL_REPRESENTATION('',(#358),#362);
#358 = LINE('',#359,#360);
#359 = CARTESIAN_POINT('',(0.,0.));
#360 = VECTOR('',#361,1.);
#361 = DIRECTION('',(0.,1.));
#362 = ( GEOMETRIC_REPRESENTATION_CONTEXT(2) 
PARAMETRIC_REPRESENTATION_CONTEXT() REPRESENTATION_CONTEXT('2D SPACE',''
  ) );
#363 = ORIENTED_EDGE('',*,*,#364,.F.);
#364 = EDGE_CURVE('',#365,#337,#367,.T.);
#365 = VERTEX_POINT('',#366);
#366 = CARTESIAN_POINT('',(0.,24.5,4.));
#367 = SURFACE_CURVE('',#368,(#372,#379),.PCURVE_S1.);
#368 = LINE('',#369,#370);
#369 = CARTESIAN_POINT('',(0.,0.,4.));
#370 = VECTOR('',#371,1.);
#371 = DIRECTION('',(0.,1.,0.));
#372 = PCURVE('',#32,#373);
#373 = DEFINITIONAL_REPRESENTATION('',(#374),#378);
#374 = LINE('',#375,#376);
#375 = CARTESIAN_POINT('',(4.,0.));
#376 = VECTOR('',#377,1.);
#377 = DIRECTION('',(0.,-1.));
#378 = ( GEOMETRIC_REPRESENTATION_CONTEXT(2) 
PARAMETRIC_REPRESENTATION_CONTEXT() REPRESENTATION_CONTEXT('2D SPACE',''
  ) );
#379 = PCURVE('',#380,#385);
#380 = PLANE('',#381);
#381 = AXIS2_PLACEMENT_3D('',#382,#383,#384);
#382 = CARTESIAN_POINT('',(0.,0.,4.));
#383 = DIRECTION('',(0.,0.,1.));
#384 = DIRECTION('',(1.,0.,0.));
#385 = DEFINITIONAL_REPRESENTATION('',(#386),#390);
#386 = LINE('',#387,#388);
#387 = CARTESIAN_POINT('',(0.,0.));
#388 = VECTOR('',#389,1.);
#389 = DIRECTION('',(0.,1.));
#390 = ( GEOMETRIC_REPRESENTATION_CONTEXT(2) 
PARAMETRIC_REPRESENTATION_CONTEXT() REPRESENTATION_CONTEXT('2D SPACE',''
  ) );
#391 = ORIENTED_EDGE('',*,*,#392,.T.);
#392 = EDGE_CURVE('',#365,#393,#395,.T.);
#393 = VERTEX_POINT('',#394);
#394 = CARTESIAN_POINT('',(0.,24.5,16.));
#395 = SURFACE_CURVE('',#396,(#400,#407),.PCURVE_S1.);
#396 = LINE('',#397,#398);
#397 = CARTESIAN_POINT('',(0.,24.5,0.));
#398 = VECTOR('',#399,1.);
#399 = DIRECTION('',(0.,0.,1.));
#400 = PCURVE('',#32,#401);
#401 = DEFINITIONAL_REPRESENTATION('',(#402),#406);
#402 = LINE('',#403,#404);
#403 = CARTESIAN_POINT('',(0.,-24.5));
#404 = VECTOR('',#405,1.);
#405 = DIRECTION('',(1.,0.));
#406 = ( GEOMETRIC_REPRESENTATION_CONTEXT(2) 
PARAMETRIC_REPRESENTATION_CONTEXT() REPRESENTATION_CONTEXT('2D SPACE',''
  ) );
#407 = PCURVE('',#408,#413);
#408 = CYLINDRICAL_SURFACE('',#409,2.5);
#409 = AXIS2_PLACEMENT_3D('',#410,#411,#412);
#410 = CARTESIAN_POINT('',(2.5,24.5,0.));
#411 = DIRECTION('',(0.,0.,1.));
#412 = DIRECTION('',(-1.,-0.,0.));
#413 = DEFINITIONAL_REPRESENTATION('',(#414),#418);
#414 = LINE('',#415,#416);
#415 = CARTESIAN_POINT('',(-0.,0.));
#416 = VECTOR('',#417,1.);
#417 = DIRECTION('',(-0.,1.));
#418 = ( GEOMETRIC_REPRESENTATION_CONTEXT(2) 
PARAMETRIC_REPRESENTATION_CONTEXT() REPRESENTATION_CONTEXT('2D SPACE',''
  ) );
#419 = ORIENTED_EDGE('',*,*,#420,.F.);
#420 = EDGE_CURVE('',#421,#393,#423,.T.);
#421 = VERTEX_POINT('',#422);
#422 = CARTESIAN_POINT('',(0.,5.5,16.));
#423 = SURFACE_CURVE('',#424,(#428,#435),.PCURVE_S1.);
#424 = LINE('',#425,#426);
#425 = CARTESIAN_POINT('',(0.,3.,16.));
#426 = VECTOR('',#427,1.);
#427 = DIRECTION('',(0.,1.,0.));
#428 = PCURVE('',#32,#429);
#429 = DEFINITIONAL_REPRESENTATION('',(#430),#434);
#430 = LINE('',#431,#432);
#431 = CARTESIAN_POINT('',(16.,-3.));
#432 = VECTOR('',#433,1.);
#433 = DIRECTION('',(0.,-1.));
#434 = ( GEOMETRIC_REPRESENTATION_CONTEXT(2) 
PARAMETRIC_REPRESENTATION_CONTEXT() REPRESENTATION_CONTEXT('2D SPACE',''
  ) );
#435 = PCURVE('',#436,#441);
#436 = PLANE('',#437);
#437 = AXIS2_PLACEMENT_3D('',#438,#439,#440);
#438 = CARTESIAN_POINT('',(0.,3.,16.));
#439 = DIRECTION('',(0.,0.,1.));
#440 = DIRECTION('',(1.,0.,0.));
#441 = DEFINITIONAL_REPRESENTATION('',(#442),#446);
#442 = LINE('',#443,#444);
#443 = CARTESIAN_POINT('',(0.,0.));
#444 = VECTOR('',#445,1.);
#445 = DIRECTION('',(0.,1.));
#446 = ( GEOMETRIC_REPRESENTATION_CONTEXT(2) 
PARAMETRIC_REPRESENTATION_CONTEXT() REPRESENTATION_CONTEXT('2D SPACE',''
  ) );
#447 = ORIENTED_EDGE('',*,*,#448,.F.);
#448 = EDGE_CURVE('',#24,#421,#449,.T.);
#449 = SURFACE_CURVE('',#450,(#454,#461),.PCURVE_S1.);
#450 = LINE('',#451,#452);
#451 = CARTESIAN_POINT('',(0.,5.5,0.));
#452 = VECTOR('',#453,1.);
#453 = DIRECTION('',(0.,0.,1.));
#454 = PCURVE('',#32,#455);
#455 = DEFINITIONAL_REPRESENTATION('',(#456),#460);
#456 = LINE('',#457,#458);
#457 = CARTESIAN_POINT('',(0.,-5.5));
#458 = VECTOR('',#459,1.);
#459 = DIRECTION('',(1.,0.));
#460 = ( GEOMETRIC_REPRESENTATION_CONTEXT(2) 
PARAMETRIC_REPRESENTATION_CONTEXT() REPRESENTATION_CONTEXT('2D SPACE',''
  ) );
#461 = PCURVE('',#462,#467);
#462 = CYLINDRICAL_SURFACE('',#463,2.5);
#463 = AXIS2_PLACEMENT_3D('',#464,#465,#466);
#464 = CARTESIAN_POINT('',(2.5,5.5,0.));
#465 = DIRECTION('',(0.,0.,1.));
#466 = DIRECTION('',(-1.,-0.,0.));
#467 = DEFINITIONAL_REPRESENTATION('',(#468),#472);
#468 = LINE('',#469,#470);
#469 = CARTESIAN_POINT('',(0.,0.));
#470 = VECTOR('',#471,1.);
#471 = DIRECTION('',(0.,1.));
#472 = ( GEOMETRIC_REPRESENTATION_CONTEXT(2) 
PARAMETRIC_REPRESENTATION_CONTEXT() REPRESENTATION_CONTEXT('2D SPACE',''
  ) );
#473 = FACE_BOUND('',#474,.F.);
#474 = EDGE_LOOP('',(#475));
#475 = ORIENTED_EDGE('',*,*,#476,.T.);
#476 = EDGE_CURVE('',#477,#477,#479,.T.);
#477 = VERTEX_POINT('',#478);
#478 = CARTESIAN_POINT('',(0.,77.3,4.));
#479 = SURFACE_CURVE('',#480,(#485,#496),.PCURVE_S1.);
#480 = CIRCLE('',#481,2.3);
#481 = AXIS2_PLACEMENT_3D('',#482,#483,#484);
#482 = CARTESIAN_POINT('',(0.,75.,4.));
#483 = DIRECTION('',(-1.,0.,0.));
#484 = DIRECTION('',(0.,1.,0.));
#485 = PCURVE('',#32,#486);
#486 = DEFINITIONAL_REPRESENTATION('',(#487),#495);
#487 = ( BOUNDED_CURVE() B_SPLINE_CURVE(2,(#488,#489,#490,#491,#492,#493
,#494),.UNSPECIFIED.,.T.,.F.) B_SPLINE_CURVE_WITH_KNOTS((1,2,2,2,2,1),(
    -2.094395102393,0.,2.094395102393,4.188790204786,6.28318530718,
8.377580409573),.UNSPECIFIED.) CURVE() GEOMETRIC_REPRESENTATION_ITEM() 
RATIONAL_B_SPLINE_CURVE((1.,0.5,1.,0.5,1.,0.5,1.)) REPRESENTATION_ITEM(
  '') );
#488 = CARTESIAN_POINT('',(4.,-77.3));
#489 = CARTESIAN_POINT('',(1.628314259158E-02,-77.3));
#490 = CARTESIAN_POINT('',(2.008141571296,-73.85));
#491 = CARTESIAN_POINT('',(4.,-70.4));
#492 = CARTESIAN_POINT('',(5.991858428704,-73.85));
#493 = CARTESIAN_POINT('',(7.983716857408,-77.3));
#494 = CARTESIAN_POINT('',(4.,-77.3));
#495 = ( GEOMETRIC_REPRESENTATION_CONTEXT(2) 
PARAMETRIC_REPRESENTATION_CONTEXT() REPRESENTATION_CONTEXT('2D SPACE',''
  ) );
#496 = PCURVE('',#497,#502);
#497 = CYLINDRICAL_SURFACE('',#498,2.3);
#498 = AXIS2_PLACEMENT_3D('',#499,#500,#501);
#499 = CARTESIAN_POINT('',(-2.,75.,4.));
#500 = DIRECTION('',(-1.,-0.,-0.));
#501 = DIRECTION('',(0.,1.,0.));
#502 = DEFINITIONAL_REPRESENTATION('',(#503),#507);
#503 = LINE('',#504,#505);
#504 = CARTESIAN_POINT('',(-6.28318530718,-2.));
#505 = VECTOR('',#506,1.);
#506 = DIRECTION('',(1.,-0.));
#507 = ( GEOMETRIC_REPRESENTATION_CONTEXT(2) 
PARAMETRIC_REPRESENTATION_CONTEXT() REPRESENTATION_CONTEXT('2D SPACE',''
  ) );
#508 = FACE_BOUND('',#509,.F.);
#509 = EDGE_LOOP('',(#510));
#510 = ORIENTED_EDGE('',*,*,#511,.T.);
#511 = EDGE_CURVE('',#512,#512,#514,.T.);
#512 = VERTEX_POINT('',#513);
#513 = CARTESIAN_POINT('',(0.,47.3,4.));
#514 = SURFACE_CURVE('',#515,(#520,#531),.PCURVE_S1.);
#515 = CIRCLE('',#516,2.3);
#516 = AXIS2_PLACEMENT_3D('',#517,#518,#519);
#517 = CARTESIAN_POINT('',(0.,45.,4.));
#518 = DIRECTION('',(-1.,0.,0.));
#519 = DIRECTION('',(0.,1.,0.));
#520 = PCURVE('',#32,#521);
#521 = DEFINITIONAL_REPRESENTATION('',(#522),#530);
#522 = ( BOUNDED_CURVE() B_SPLINE_CURVE(2,(#523,#524,#525,#526,#527,#528
,#529),.UNSPECIFIED.,.T.,.F.) B_SPLINE_CURVE_WITH_KNOTS((1,2,2,2,2,1),(
    -2.094395102393,0.,2.094395102393,4.188790204786,6.28318530718,
8.377580409573),.UNSPECIFIED.) CURVE() GEOMETRIC_REPRESENTATION_ITEM() 
RATIONAL_B_SPLINE_CURVE((1.,0.5,1.,0.5,1.,0.5,1.)) REPRESENTATION_ITEM(
  '') );
#523 = CARTESIAN_POINT('',(4.,-47.3));
#524 = CARTESIAN_POINT('',(1.628314259159E-02,-47.3));
#525 = CARTESIAN_POINT('',(2.008141571296,-43.85));
#526 = CARTESIAN_POINT('',(4.,-40.4));
#527 = CARTESIAN_POINT('',(5.991858428704,-43.85));
#528 = CARTESIAN_POINT('',(7.983716857408,-47.3));
#529 = CARTESIAN_POINT('',(4.,-47.3));
#530 = ( GEOMETRIC_REPRESENTATION_CONTEXT(2) 
PARAMETRIC_REPRESENTATION_CONTEXT() REPRESENTATION_CONTEXT('2D SPACE',''
  ) );
#531 = PCURVE('',#532,#537);
#532 = CYLINDRICAL_SURFACE('',#533,2.3);
#533 = AXIS2_PLACEMENT_3D('',#534,#535,#536);
#534 = CARTESIAN_POINT('',(-2.,45.,4.));
#535 = DIRECTION('',(-1.,-0.,-0.));
#536 = DIRECTION('',(0.,1.,0.));
#537 = DEFINITIONAL_REPRESENTATION('',(#538),#542);
#538 = LINE('',#539,#540);
#539 = CARTESIAN_POINT('',(-6.28318530718,-2.));
#540 = VECTOR('',#541,1.);
#541 = DIRECTION('',(1.,-0.));
#542 = ( GEOMETRIC_REPRESENTATION_CONTEXT(2) 
PARAMETRIC_REPRESENTATION_CONTEXT() REPRESENTATION_CONTEXT('2D SPACE',''
  ) );
#543 = FACE_BOUND('',#544,.F.);
#544 = EDGE_LOOP('',(#545));
#545 = ORIENTED_EDGE('',*,*,#546,.T.);
#546 = EDGE_CURVE('',#547,#547,#549,.T.);
#547 = VERTEX_POINT('',#548);
#548 = CARTESIAN_POINT('',(0.,17.3,4.));
#549 = SURFACE_CURVE('',#550,(#555,#566),.PCURVE_S1.);
#550 = CIRCLE('',#551,2.3);
#551 = AXIS2_PLACEMENT_3D('',#552,#553,#554);
#552 = CARTESIAN_POINT('',(0.,15.,4.));
#553 = DIRECTION('',(-1.,0.,0.));
#554 = DIRECTION('',(0.,1.,0.));
#555 = PCURVE('',#32,#556);
#556 = DEFINITIONAL_REPRESENTATION('',(#557),#565);
#557 = ( BOUNDED_CURVE() B_SPLINE_CURVE(2,(#558,#559,#560,#561,#562,#563
,#564),.UNSPECIFIED.,.T.,.F.) B_SPLINE_CURVE_WITH_KNOTS((1,2,2,2,2,1),(
    -2.094395102393,0.,2.094395102393,4.188790204786,6.28318530718,
8.377580409573),.UNSPECIFIED.) CURVE() GEOMETRIC_REPRESENTATION_ITEM() 
RATIONAL_B_SPLINE_CURVE((1.,0.5,1.,0.5,1.,0.5,1.)) REPRESENTATION_ITEM(
  '') );
#558 = CARTESIAN_POINT('',(4.,-17.3));
#559 = CARTESIAN_POINT('',(1.628314259158E-02,-17.3));
#560 = CARTESIAN_POINT('',(2.008141571296,-13.85));
#561 = CARTESIAN_POINT('',(4.,-10.4));
#562 = CARTESIAN_POINT('',(5.991858428704,-13.85));
#563 = CARTESIAN_POINT('',(7.983716857408,-17.3));
#564 = CARTESIAN_POINT('',(4.,-17.3));
#565 = ( GEOMETRIC_REPRESENTATION_CONTEXT(2) 
PARAMETRIC_REPRESENTATION_CONTEXT() REPRESENTATION_CONTEXT('2D SPACE',''
  ) );
#566 = PCURVE('',#567,#572);
#567 = CYLINDRICAL_SURFACE('',#568,2.3);
#568 = AXIS2_PLACEMENT_3D('',#569,#570,#571);
#569 = CARTESIAN_POINT('',(-2.,15.,4.));
#570 = DIRECTION('',(-1.,-0.,-0.));
#571 = DIRECTION('',(0.,1.,0.));
#572 = DEFINITIONAL_REPRESENTATION('',(#573),#577);
#573 = LINE('',#574,#575);
#574 = CARTESIAN_POINT('',(-6.28318530718,-2.));
#575 = VECTOR('',#576,1.);
#576 = DIRECTION('',(1.,-0.));
#577 = ( GEOMETRIC_REPRESENTATION_CONTEXT(2) 
PARAMETRIC_REPRESENTATION_CONTEXT() REPRESENTATION_CONTEXT('2D SPACE',''
  ) );
#578 = ADVANCED_FACE('',(#579),#44,.T.);
#579 = FACE_BOUND('',#580,.T.);
#580 = EDGE_LOOP('',(#581,#582,#606,#634,#667,#695,#724,#750));
#581 = ORIENTED_EDGE('',*,*,#21,.F.);
#582 = ORIENTED_EDGE('',*,*,#583,.T.);
#583 = EDGE_CURVE('',#22,#584,#586,.T.);
#584 = VERTEX_POINT('',#585);
#585 = CARTESIAN_POINT('',(3.,0.,4.));
#586 = SURFACE_CURVE('',#587,(#592,#599),.PCURVE_S1.);
#587 = CIRCLE('',#588,3.);
#588 = AXIS2_PLACEMENT_3D('',#589,#590,#591);
#589 = CARTESIAN_POINT('',(3.,3.,4.));
#590 = DIRECTION('',(0.,0.,1.));
#591 = DIRECTION('',(0.,-1.,0.));
#592 = PCURVE('',#44,#593);
#593 = DEFINITIONAL_REPRESENTATION('',(#594),#598);
#594 = CIRCLE('',#595,3.);
#595 = AXIS2_PLACEMENT_2D('',#596,#597);
#596 = CARTESIAN_POINT('',(3.,3.));
#597 = DIRECTION('',(0.,-1.));
#598 = ( GEOMETRIC_REPRESENTATION_CONTEXT(2) 
PARAMETRIC_REPRESENTATION_CONTEXT() REPRESENTATION_CONTEXT('2D SPACE',''
  ) );
#599 = PCURVE('',#72,#600);
#600 = DEFINITIONAL_REPRESENTATION('',(#601),#605);
#601 = LINE('',#602,#603);
#602 = CARTESIAN_POINT('',(-4.712388980385,4.));
#603 = VECTOR('',#604,1.);
#604 = DIRECTION('',(1.,0.));
#605 = ( GEOMETRIC_REPRESENTATION_CONTEXT(2) 
PARAMETRIC_REPRESENTATION_CONTEXT() REPRESENTATION_CONTEXT('2D SPACE',''
  ) );
#606 = ORIENTED_EDGE('',*,*,#607,.T.);
#607 = EDGE_CURVE('',#584,#608,#610,.T.);
#608 = VERTEX_POINT('',#609);
#609 = CARTESIAN_POINT('',(23.,0.,4.));
#610 = SURFACE_CURVE('',#611,(#615,#622),.PCURVE_S1.);
#611 = LINE('',#612,#613);
#612 = CARTESIAN_POINT('',(0.,0.,4.));
#613 = VECTOR('',#614,1.);
#614 = DIRECTION('',(1.,0.,0.));
#615 = PCURVE('',#44,#616);
#616 = DEFINITIONAL_REPRESENTATION('',(#617),#621);
#617 = LINE('',#618,#619);
#618 = CARTESIAN_POINT('',(0.,0.));
#619 = VECTOR('',#620,1.);
#620 = DIRECTION('',(1.,0.));
#621 = ( GEOMETRIC_REPRESENTATION_CONTEXT(2) 
PARAMETRIC_REPRESENTATION_CONTEXT() REPRESENTATION_CONTEXT('2D SPACE',''
  ) );
#622 = PCURVE('',#623,#628);
#623 = PLANE('',#624);
#624 = AXIS2_PLACEMENT_3D('',#625,#626,#627);
#625 = CARTESIAN_POINT('',(0.,0.,0.));
#626 = DIRECTION('',(0.,1.,0.));
#627 = DIRECTION('',(0.,0.,1.));
#628 = DEFINITIONAL_REPRESENTATION('',(#629),#633);
#629 = LINE('',#630,#631);
#630 = CARTESIAN_POINT('',(4.,0.));
#631 = VECTOR('',#632,1.);
#632 = DIRECTION('',(0.,1.));
#633 = ( GEOMETRIC_REPRESENTATION_CONTEXT(2) 
PARAMETRIC_REPRESENTATION_CONTEXT() REPRESENTATION_CONTEXT('2D SPACE',''
  ) );
#634 = ORIENTED_EDGE('',*,*,#635,.F.);
#635 = EDGE_CURVE('',#636,#608,#638,.T.);
#636 = VERTEX_POINT('',#637);
#637 = CARTESIAN_POINT('',(26.,3.,4.));
#638 = SURFACE_CURVE('',#639,(#644,#655),.PCURVE_S1.);
#639 = CIRCLE('',#640,3.);
#640 = AXIS2_PLACEMENT_3D('',#641,#642,#643);
#641 = CARTESIAN_POINT('',(23.,3.,4.));
#642 = DIRECTION('',(-0.,-0.,-1.));
#643 = DIRECTION('',(0.,-1.,0.));
#644 = PCURVE('',#44,#645);
#645 = DEFINITIONAL_REPRESENTATION('',(#646),#654);
#646 = ( BOUNDED_CURVE() B_SPLINE_CURVE(2,(#647,#648,#649,#650,#651,#652
,#653),.UNSPECIFIED.,.T.,.F.) B_SPLINE_CURVE_WITH_KNOTS((1,2,2,2,2,1),(
    -2.094395102393,0.,2.094395102393,4.188790204786,6.28318530718,
8.377580409573),.UNSPECIFIED.) CURVE() GEOMETRIC_REPRESENTATION_ITEM() 
RATIONAL_B_SPLINE_CURVE((1.,0.5,1.,0.5,1.,0.5,1.)) REPRESENTATION_ITEM(
  '') );
#647 = CARTESIAN_POINT('',(23.,0.));
#648 = CARTESIAN_POINT('',(17.803847577293,0.));
#649 = CARTESIAN_POINT('',(20.401923788647,4.5));
#650 = CARTESIAN_POINT('',(23.,9.));
#651 = CARTESIAN_POINT('',(25.598076211353,4.5));
#652 = CARTESIAN_POINT('',(28.196152422707,4.440892098501E-15));
#653 = CARTESIAN_POINT('',(23.,0.));
#654 = ( GEOMETRIC_REPRESENTATION_CONTEXT(2) 
PARAMETRIC_REPRESENTATION_CONTEXT() REPRESENTATION_CONTEXT('2D SPACE',''
  ) );
#655 = PCURVE('',#656,#661);
#656 = CYLINDRICAL_SURFACE('',#657,3.);
#657 = AXIS2_PLACEMENT_3D('',#658,#659,#660);
#658 = CARTESIAN_POINT('',(23.,3.,0.));
#659 = DIRECTION('',(0.,0.,1.));
#660 = DIRECTION('',(1.,0.,-0.));
#661 = DEFINITIONAL_REPRESENTATION('',(#662),#666);
#662 = LINE('',#663,#664);
#663 = CARTESIAN_POINT('',(4.712388980385,4.));
#664 = VECTOR('',#665,1.);
#665 = DIRECTION('',(-1.,0.));
#666 = ( GEOMETRIC_REPRESENTATION_CONTEXT(2) 
PARAMETRIC_REPRESENTATION_CONTEXT() REPRESENTATION_CONTEXT('2D SPACE',''
  ) );
#667 = ORIENTED_EDGE('',*,*,#668,.T.);
#668 = EDGE_CURVE('',#636,#669,#671,.T.);
#669 = VERTEX_POINT('',#670);
#670 = CARTESIAN_POINT('',(26.,5.5,4.));
#671 = SURFACE_CURVE('',#672,(#676,#683),.PCURVE_S1.);
#672 = LINE('',#673,#674);
#673 = CARTESIAN_POINT('',(26.,0.,4.));
#674 = VECTOR('',#675,1.);
#675 = DIRECTION('',(0.,1.,0.));
#676 = PCURVE('',#44,#677);
#677 = DEFINITIONAL_REPRESENTATION('',(#678),#682);
#678 = LINE('',#679,#680);
#679 = CARTESIAN_POINT('',(26.,0.));
#680 = VECTOR('',#681,1.);
#681 = DIRECTION('',(0.,1.));
#682 = ( GEOMETRIC_REPRESENTATION_CONTEXT(2) 
PARAMETRIC_REPRESENTATION_CONTEXT() REPRESENTATION_CONTEXT('2D SPACE',''
  ) );
#683 = PCURVE('',#684,#689);
#684 = PLANE('',#685);
#685 = AXIS2_PLACEMENT_3D('',#686,#687,#688);
#686 = CARTESIAN_POINT('',(26.,0.,0.));
#687 = DIRECTION('',(1.,0.,0.));
#688 = DIRECTION('',(0.,0.,1.));
#689 = DEFINITIONAL_REPRESENTATION('',(#690),#694);
#690 = LINE('',#691,#692);
#691 = CARTESIAN_POINT('',(4.,0.));
#692 = VECTOR('',#693,1.);
#693 = DIRECTION('',(0.,-1.));
#694 = ( GEOMETRIC_REPRESENTATION_CONTEXT(2) 
PARAMETRIC_REPRESENTATION_CONTEXT() REPRESENTATION_CONTEXT('2D SPACE',''
  ) );
#695 = ORIENTED_EDGE('',*,*,#696,.F.);
#696 = EDGE_CURVE('',#697,#669,#699,.T.);
#697 = VERTEX_POINT('',#698);
#698 = CARTESIAN_POINT('',(23.5,3.,4.));
#699 = SURFACE_CURVE('',#700,(#705,#712),.PCURVE_S1.);
#700 = CIRCLE('',#701,2.5);
#701 = AXIS2_PLACEMENT_3D('',#702,#703,#704);
#702 = CARTESIAN_POINT('',(23.5,5.5,4.));
#703 = DIRECTION('',(0.,0.,1.));
#704 = DIRECTION('',(1.,0.,-0.));
#705 = PCURVE('',#44,#706);
#706 = DEFINITIONAL_REPRESENTATION('',(#707),#711);
#707 = CIRCLE('',#708,2.5);
#708 = AXIS2_PLACEMENT_2D('',#709,#710);
#709 = CARTESIAN_POINT('',(23.5,5.5));
#710 = DIRECTION('',(1.,0.));
#711 = ( GEOMETRIC_REPRESENTATION_CONTEXT(2) 
PARAMETRIC_REPRESENTATION_CONTEXT() REPRESENTATION_CONTEXT('2D SPACE',''
  ) );
#712 = PCURVE('',#713,#718);
#713 = CYLINDRICAL_SURFACE('',#714,2.5);
#714 = AXIS2_PLACEMENT_3D('',#715,#716,#717);
#715 = CARTESIAN_POINT('',(23.5,5.5,0.));
#716 = DIRECTION('',(0.,0.,1.));
#717 = DIRECTION('',(1.,0.,-0.));
#718 = DEFINITIONAL_REPRESENTATION('',(#719),#723);
#719 = LINE('',#720,#721);
#720 = CARTESIAN_POINT('',(-6.28318530718,4.));
#721 = VECTOR('',#722,1.);
#722 = DIRECTION('',(1.,-0.));
#723 = ( GEOMETRIC_REPRESENTATION_CONTEXT(2) 
PARAMETRIC_REPRESENTATION_CONTEXT() REPRESENTATION_CONTEXT('2D SPACE',''
  ) );
#724 = ORIENTED_EDGE('',*,*,#725,.T.);
#725 = EDGE_CURVE('',#697,#726,#728,.T.);
#726 = VERTEX_POINT('',#727);
#727 = CARTESIAN_POINT('',(2.5,3.,4.));
#728 = SURFACE_CURVE('',#729,(#733,#739),.PCURVE_S1.);
#729 = LINE('',#730,#731);
#730 = CARTESIAN_POINT('',(0.,3.,4.));
#731 = VECTOR('',#732,1.);
#732 = DIRECTION('',(-1.,0.,0.));
#733 = PCURVE('',#44,#734);
#734 = DEFINITIONAL_REPRESENTATION('',(#735),#738);
#735 = B_SPLINE_CURVE_WITH_KNOTS('',1,(#736,#737),.UNSPECIFIED.,.F.,.F.,
  (2,2),(-23.5,-2.5),.PIECEWISE_BEZIER_KNOTS.);
#736 = CARTESIAN_POINT('',(23.5,3.));
#737 = CARTESIAN_POINT('',(2.5,3.));
#738 = ( GEOMETRIC_REPRESENTATION_CONTEXT(2) 
PARAMETRIC_REPRESENTATION_CONTEXT() REPRESENTATION_CONTEXT('2D SPACE',''
  ) );
#739 = PCURVE('',#740,#745);
#740 = PLANE('',#741);
#741 = AXIS2_PLACEMENT_3D('',#742,#743,#744);
#742 = CARTESIAN_POINT('',(0.,3.,0.));
#743 = DIRECTION('',(0.,1.,0.));
#744 = DIRECTION('',(0.,0.,1.));
#745 = DEFINITIONAL_REPRESENTATION('',(#746),#749);
#746 = B_SPLINE_CURVE_WITH_KNOTS('',1,(#747,#748),.UNSPECIFIED.,.F.,.F.,
  (2,2),(-23.5,-2.5),.PIECEWISE_BEZIER_KNOTS.);
#747 = CARTESIAN_POINT('',(4.,23.5));
#748 = CARTESIAN_POINT('',(4.,2.5));
#749 = ( GEOMETRIC_REPRESENTATION_CONTEXT(2) 
PARAMETRIC_REPRESENTATION_CONTEXT() REPRESENTATION_CONTEXT('2D SPACE',''
  ) );
#750 = ORIENTED_EDGE('',*,*,#751,.F.);
#751 = EDGE_CURVE('',#24,#726,#752,.T.);
#752 = SURFACE_CURVE('',#753,(#758,#765),.PCURVE_S1.);
#753 = CIRCLE('',#754,2.5);
#754 = AXIS2_PLACEMENT_3D('',#755,#756,#757);
#755 = CARTESIAN_POINT('',(2.5,5.5,4.));
#756 = DIRECTION('',(0.,0.,1.));
#757 = DIRECTION('',(-1.,-0.,0.));
#758 = PCURVE('',#44,#759);
#759 = DEFINITIONAL_REPRESENTATION('',(#760),#764);
#760 = CIRCLE('',#761,2.5);
#761 = AXIS2_PLACEMENT_2D('',#762,#763);
#762 = CARTESIAN_POINT('',(2.5,5.5));
#763 = DIRECTION('',(-1.,0.));
#764 = ( GEOMETRIC_REPRESENTATION_CONTEXT(2) 
PARAMETRIC_REPRESENTATION_CONTEXT() REPRESENTATION_CONTEXT('2D SPACE',''
  ) );
#765 = PCURVE('',#462,#766);
#766 = DEFINITIONAL_REPRESENTATION('',(#767),#771);
#767 = LINE('',#768,#769);
#768 = CARTESIAN_POINT('',(0.,4.));
#769 = VECTOR('',#770,1.);
#770 = DIRECTION('',(1.,0.));
#771 = ( GEOMETRIC_REPRESENTATION_CONTEXT(2) 
PARAMETRIC_REPRESENTATION_CONTEXT() REPRESENTATION_CONTEXT('2D SPACE',''
  ) );
#772 = ADVANCED_FACE('',(#773),#72,.T.);
#773 = FACE_BOUND('',#774,.T.);
#774 = EDGE_LOOP('',(#775,#799,#820,#821));
#775 = ORIENTED_EDGE('',*,*,#776,.T.);
#776 = EDGE_CURVE('',#57,#777,#779,.T.);
#777 = VERTEX_POINT('',#778);
#778 = CARTESIAN_POINT('',(3.,0.,0.));
#779 = SURFACE_CURVE('',#780,(#785,#792),.PCURVE_S1.);
#780 = CIRCLE('',#781,3.);
#781 = AXIS2_PLACEMENT_3D('',#782,#783,#784);
#782 = CARTESIAN_POINT('',(3.,3.,0.));
#783 = DIRECTION('',(0.,0.,1.));
#784 = DIRECTION('',(0.,-1.,0.));
#785 = PCURVE('',#72,#786);
#786 = DEFINITIONAL_REPRESENTATION('',(#787),#791);
#787 = LINE('',#788,#789);
#788 = CARTESIAN_POINT('',(-4.712388980385,0.));
#789 = VECTOR('',#790,1.);
#790 = DIRECTION('',(1.,0.));
#791 = ( GEOMETRIC_REPRESENTATION_CONTEXT(2) 
PARAMETRIC_REPRESENTATION_CONTEXT() REPRESENTATION_CONTEXT('2D SPACE',''
  ) );
#792 = PCURVE('',#100,#793);
#793 = DEFINITIONAL_REPRESENTATION('',(#794),#798);
#794 = CIRCLE('',#795,3.);
#795 = AXIS2_PLACEMENT_2D('',#796,#797);
#796 = CARTESIAN_POINT('',(3.,3.));
#797 = DIRECTION('',(0.,-1.));
#798 = ( GEOMETRIC_REPRESENTATION_CONTEXT(2) 
PARAMETRIC_REPRESENTATION_CONTEXT() REPRESENTATION_CONTEXT('2D SPACE',''
  ) );
#799 = ORIENTED_EDGE('',*,*,#800,.T.);
#800 = EDGE_CURVE('',#777,#584,#801,.T.);
#801 = SURFACE_CURVE('',#802,(#806,#813),.PCURVE_S1.);
#802 = LINE('',#803,#804);
#803 = CARTESIAN_POINT('',(3.,0.,0.));
#804 = VECTOR('',#805,1.);
#805 = DIRECTION('',(0.,0.,1.));
#806 = PCURVE('',#72,#807);
#807 = DEFINITIONAL_REPRESENTATION('',(#808),#812);
#808 = LINE('',#809,#810);
#809 = CARTESIAN_POINT('',(1.570796326795,0.));
#810 = VECTOR('',#811,1.);
#811 = DIRECTION('',(0.,1.));
#812 = ( GEOMETRIC_REPRESENTATION_CONTEXT(2) 
PARAMETRIC_REPRESENTATION_CONTEXT() REPRESENTATION_CONTEXT('2D SPACE',''
  ) );
#813 = PCURVE('',#623,#814);
#814 = DEFINITIONAL_REPRESENTATION('',(#815),#819);
#815 = LINE('',#816,#817);
#816 = CARTESIAN_POINT('',(0.,3.));
#817 = VECTOR('',#818,1.);
#818 = DIRECTION('',(1.,0.));
#819 = ( GEOMETRIC_REPRESENTATION_CONTEXT(2) 
PARAMETRIC_REPRESENTATION_CONTEXT() REPRESENTATION_CONTEXT('2D SPACE',''
  ) );
#820 = ORIENTED_EDGE('',*,*,#583,.F.);
#821 = ORIENTED_EDGE('',*,*,#56,.F.);
#822 = ADVANCED_FACE('',(#823),#462,.T.);
#823 = FACE_BOUND('',#824,.T.);
#824 = EDGE_LOOP('',(#825,#826,#827,#850));
#825 = ORIENTED_EDGE('',*,*,#448,.F.);
#826 = ORIENTED_EDGE('',*,*,#751,.T.);
#827 = ORIENTED_EDGE('',*,*,#828,.T.);
#828 = EDGE_CURVE('',#726,#829,#831,.T.);
#829 = VERTEX_POINT('',#830);
#830 = CARTESIAN_POINT('',(2.5,3.,16.));
#831 = SURFACE_CURVE('',#832,(#836,#843),.PCURVE_S1.);
#832 = LINE('',#833,#834);
#833 = CARTESIAN_POINT('',(2.5,3.,0.));
#834 = VECTOR('',#835,1.);
#835 = DIRECTION('',(0.,0.,1.));
#836 = PCURVE('',#462,#837);
#837 = DEFINITIONAL_REPRESENTATION('',(#838),#842);
#838 = LINE('',#839,#840);
#839 = CARTESIAN_POINT('',(1.570796326795,0.));
#840 = VECTOR('',#841,1.);
#841 = DIRECTION('',(0.,1.));
#842 = ( GEOMETRIC_REPRESENTATION_CONTEXT(2) 
PARAMETRIC_REPRESENTATION_CONTEXT() REPRESENTATION_CONTEXT('2D SPACE',''
  ) );
#843 = PCURVE('',#740,#844);
#844 = DEFINITIONAL_REPRESENTATION('',(#845),#849);
#845 = LINE('',#846,#847);
#846 = CARTESIAN_POINT('',(0.,2.5));
#847 = VECTOR('',#848,1.);
#848 = DIRECTION('',(1.,0.));
#849 = ( GEOMETRIC_REPRESENTATION_CONTEXT(2) 
PARAMETRIC_REPRESENTATION_CONTEXT() REPRESENTATION_CONTEXT('2D SPACE',''
  ) );
#850 = ORIENTED_EDGE('',*,*,#851,.F.);
#851 = EDGE_CURVE('',#421,#829,#852,.T.);
#852 = SURFACE_CURVE('',#853,(#858,#865),.PCURVE_S1.);
#853 = CIRCLE('',#854,2.5);
#854 = AXIS2_PLACEMENT_3D('',#855,#856,#857);
#855 = CARTESIAN_POINT('',(2.5,5.5,16.));
#856 = DIRECTION('',(0.,0.,1.));
#857 = DIRECTION('',(0.,-1.,0.));
#858 = PCURVE('',#462,#859);
#859 = DEFINITIONAL_REPRESENTATION('',(#860),#864);
#860 = LINE('',#861,#862);
#861 = CARTESIAN_POINT('',(-4.712388980385,16.));
#862 = VECTOR('',#863,1.);
#863 = DIRECTION('',(1.,0.));
#864 = ( GEOMETRIC_REPRESENTATION_CONTEXT(2) 
PARAMETRIC_REPRESENTATION_CONTEXT() REPRESENTATION_CONTEXT('2D SPACE',''
  ) );
#865 = PCURVE('',#436,#866);
#866 = DEFINITIONAL_REPRESENTATION('',(#867),#871);
#867 = CIRCLE('',#868,2.5);
#868 = AXIS2_PLACEMENT_2D('',#869,#870);
#869 = CARTESIAN_POINT('',(2.5,2.5));
#870 = DIRECTION('',(0.,-1.));
#871 = ( GEOMETRIC_REPRESENTATION_CONTEXT(2) 
PARAMETRIC_REPRESENTATION_CONTEXT() REPRESENTATION_CONTEXT('2D SPACE',''
  ) );
#872 = ADVANCED_FACE('',(#873),#100,.F.);
#873 = FACE_BOUND('',#874,.F.);
#874 = EDGE_LOOP('',(#875,#876,#899,#927,#950,#979,#1007,#1033));
#875 = ORIENTED_EDGE('',*,*,#776,.T.);
#876 = ORIENTED_EDGE('',*,*,#877,.T.);
#877 = EDGE_CURVE('',#777,#878,#880,.T.);
#878 = VERTEX_POINT('',#879);
#879 = CARTESIAN_POINT('',(23.,0.,0.));
#880 = SURFACE_CURVE('',#881,(#885,#892),.PCURVE_S1.);
#881 = LINE('',#882,#883);
#882 = CARTESIAN_POINT('',(0.,0.,0.));
#883 = VECTOR('',#884,1.);
#884 = DIRECTION('',(1.,0.,0.));
#885 = PCURVE('',#100,#886);
#886 = DEFINITIONAL_REPRESENTATION('',(#887),#891);
#887 = LINE('',#888,#889);
#888 = CARTESIAN_POINT('',(0.,0.));
#889 = VECTOR('',#890,1.);
#890 = DIRECTION('',(1.,0.));
#891 = ( GEOMETRIC_REPRESENTATION_CONTEXT(2) 
PARAMETRIC_REPRESENTATION_CONTEXT() REPRESENTATION_CONTEXT('2D SPACE',''
  ) );
#892 = PCURVE('',#623,#893);
#893 = DEFINITIONAL_REPRESENTATION('',(#894),#898);
#894 = LINE('',#895,#896);
#895 = CARTESIAN_POINT('',(0.,0.));
#896 = VECTOR('',#897,1.);
#897 = DIRECTION('',(0.,1.));
#898 = ( GEOMETRIC_REPRESENTATION_CONTEXT(2) 
PARAMETRIC_REPRESENTATION_CONTEXT() REPRESENTATION_CONTEXT('2D SPACE',''
  ) );
#899 = ORIENTED_EDGE('',*,*,#900,.F.);
#900 = EDGE_CURVE('',#901,#878,#903,.T.);
#901 = VERTEX_POINT('',#902);
#902 = CARTESIAN_POINT('',(26.,3.,0.));
#903 = SURFACE_CURVE('',#904,(#909,#920),.PCURVE_S1.);
#904 = CIRCLE('',#905,3.);
#905 = AXIS2_PLACEMENT_3D('',#906,#907,#908);
#906 = CARTESIAN_POINT('',(23.,3.,0.));
#907 = DIRECTION('',(-0.,-0.,-1.));
#908 = DIRECTION('',(0.,-1.,0.));
#909 = PCURVE('',#100,#910);
#910 = DEFINITIONAL_REPRESENTATION('',(#911),#919);
#911 = ( BOUNDED_CURVE() B_SPLINE_CURVE(2,(#912,#913,#914,#915,#916,#917
,#918),.UNSPECIFIED.,.T.,.F.) B_SPLINE_CURVE_WITH_KNOTS((1,2,2,2,2,1),(
    -2.094395102393,0.,2.094395102393,4.188790204786,6.28318530718,
8.377580409573),.UNSPECIFIED.) CURVE() GEOMETRIC_REPRESENTATION_ITEM() 
RATIONAL_B_SPLINE_CURVE((1.,0.5,1.,0.5,1.,0.5,1.)) REPRESENTATION_ITEM(
  '') );
#912 = CARTESIAN_POINT('',(23.,0.));
#913 = CARTESIAN_POINT('',(17.803847577293,0.));
#914 = CARTESIAN_POINT('',(20.401923788647,4.5));
#915 = CARTESIAN_POINT('',(23.,9.));
#916 = CARTESIAN_POINT('',(25.598076211353,4.5));
#917 = CARTESIAN_POINT('',(28.196152422707,4.440892098501E-15));
#918 = CARTESIAN_POINT('',(23.,0.));
#919 = ( GEOMETRIC_REPRESENTATION_CONTEXT(2) 
PARAMETRIC_REPRESENTATION_CONTEXT() REPRESENTATION_CONTEXT('2D SPACE',''
  ) );
#920 = PCURVE('',#656,#921);
#921 = DEFINITIONAL_REPRESENTATION('',(#922),#926);
#922 = LINE('',#923,#924);
#923 = CARTESIAN_POINT('',(4.712388980385,-0.));
#924 = VECTOR('',#925,1.);
#925 = DIRECTION('',(-1.,0.));
#926 = ( GEOMETRIC_REPRESENTATION_CONTEXT(2) 
PARAMETRIC_REPRESENTATION_CONTEXT() REPRESENTATION_CONTEXT('2D SPACE',''
  ) );
#927 = ORIENTED_EDGE('',*,*,#928,.F.);
#928 = EDGE_CURVE('',#929,#901,#931,.T.);
#929 = VERTEX_POINT('',#930);
#930 = CARTESIAN_POINT('',(26.,87.,0.));
#931 = SURFACE_CURVE('',#932,(#936,#943),.PCURVE_S1.);
#932 = LINE('',#933,#934);
#933 = CARTESIAN_POINT('',(26.,87.,0.));
#934 = VECTOR('',#935,1.);
#935 = DIRECTION('',(0.,-1.,0.));
#936 = PCURVE('',#100,#937);
#937 = DEFINITIONAL_REPRESENTATION('',(#938),#942);
#938 = LINE('',#939,#940);
#939 = CARTESIAN_POINT('',(26.,87.));
#940 = VECTOR('',#941,1.);
#941 = DIRECTION('',(0.,-1.));
#942 = ( GEOMETRIC_REPRESENTATION_CONTEXT(2) 
PARAMETRIC_REPRESENTATION_CONTEXT() REPRESENTATION_CONTEXT('2D SPACE',''
  ) );
#943 = PCURVE('',#684,#944);
#944 = DEFINITIONAL_REPRESENTATION('',(#945),#949);
#945 = LINE('',#946,#947);
#946 = CARTESIAN_POINT('',(0.,-87.));
#947 = VECTOR('',#948,1.);
#948 = DIRECTION('',(0.,1.));
#949 = ( GEOMETRIC_REPRESENTATION_CONTEXT(2) 
PARAMETRIC_REPRESENTATION_CONTEXT() REPRESENTATION_CONTEXT('2D SPACE',''
  ) );
#950 = ORIENTED_EDGE('',*,*,#951,.T.);
#951 = EDGE_CURVE('',#929,#952,#954,.T.);
#952 = VERTEX_POINT('',#953);
#953 = CARTESIAN_POINT('',(23.,90.,0.));
#954 = SURFACE_CURVE('',#955,(#960,#967),.PCURVE_S1.);
#955 = CIRCLE('',#956,3.);
#956 = AXIS2_PLACEMENT_3D('',#957,#958,#959);
#957 = CARTESIAN_POINT('',(23.,87.,0.));
#958 = DIRECTION('',(0.,0.,1.));
#959 = DIRECTION('',(0.,-1.,0.));
#960 = PCURVE('',#100,#961);
#961 = DEFINITIONAL_REPRESENTATION('',(#962),#966);
#962 = CIRCLE('',#963,3.);
#963 = AXIS2_PLACEMENT_2D('',#964,#965);
#964 = CARTESIAN_POINT('',(23.,87.));
#965 = DIRECTION('',(0.,-1.));
#966 = ( GEOMETRIC_REPRESENTATION_CONTEXT(2) 
PARAMETRIC_REPRESENTATION_CONTEXT() REPRESENTATION_CONTEXT('2D SPACE',''
  ) );
#967 = PCURVE('',#968,#973);
#968 = CYLINDRICAL_SURFACE('',#969,3.);
#969 = AXIS2_PLACEMENT_3D('',#970,#971,#972);
#970 = CARTESIAN_POINT('',(23.,87.,0.));
#971 = DIRECTION('',(0.,0.,1.));
#972 = DIRECTION('',(1.,0.,-0.));
#973 = DEFINITIONAL_REPRESENTATION('',(#974),#978);
#974 = LINE('',#975,#976);
#975 = CARTESIAN_POINT('',(-1.570796326795,0.));
#976 = VECTOR('',#977,1.);
#977 = DIRECTION('',(1.,0.));
#978 = ( GEOMETRIC_REPRESENTATION_CONTEXT(2) 
PARAMETRIC_REPRESENTATION_CONTEXT() REPRESENTATION_CONTEXT('2D SPACE',''
  ) );
#979 = ORIENTED_EDGE('',*,*,#980,.F.);
#980 = EDGE_CURVE('',#981,#952,#983,.T.);
#981 = VERTEX_POINT('',#982);
#982 = CARTESIAN_POINT('',(3.,90.,0.));
#983 = SURFACE_CURVE('',#984,(#988,#995),.PCURVE_S1.);
#984 = LINE('',#985,#986);
#985 = CARTESIAN_POINT('',(0.,90.,0.));
#986 = VECTOR('',#987,1.);
#987 = DIRECTION('',(1.,0.,0.));
#988 = PCURVE('',#100,#989);
#989 = DEFINITIONAL_REPRESENTATION('',(#990),#994);
#990 = LINE('',#991,#992);
#991 = CARTESIAN_POINT('',(0.,90.));
#992 = VECTOR('',#993,1.);
#993 = DIRECTION('',(1.,0.));
#994 = ( GEOMETRIC_REPRESENTATION_CONTEXT(2) 
PARAMETRIC_REPRESENTATION_CONTEXT() REPRESENTATION_CONTEXT('2D SPACE',''
  ) );
#995 = PCURVE('',#996,#1001);
#996 = PLANE('',#997);
#997 = AXIS2_PLACEMENT_3D('',#998,#999,#1000);
#998 = CARTESIAN_POINT('',(0.,90.,0.));
#999 = DIRECTION('',(0.,1.,0.));
#1000 = DIRECTION('',(0.,0.,1.));
#1001 = DEFINITIONAL_REPRESENTATION('',(#1002),#1006);
#1002 = LINE('',#1003,#1004);
#1003 = CARTESIAN_POINT('',(0.,0.));
#1004 = VECTOR('',#1005,1.);
#1005 = DIRECTION('',(0.,1.));
#1006 = ( GEOMETRIC_REPRESENTATION_CONTEXT(2) 
PARAMETRIC_REPRESENTATION_CONTEXT() REPRESENTATION_CONTEXT('2D SPACE',''
  ) );
#1007 = ORIENTED_EDGE('',*,*,#1008,.F.);
#1008 = EDGE_CURVE('',#85,#981,#1009,.T.);
#1009 = SURFACE_CURVE('',#1010,(#1015,#1026),.PCURVE_S1.);
#1010 = CIRCLE('',#1011,3.);
#1011 = AXIS2_PLACEMENT_3D('',#1012,#1013,#1014);
#1012 = CARTESIAN_POINT('',(3.,87.,0.));
#1013 = DIRECTION('',(-0.,-0.,-1.));
#1014 = DIRECTION('',(0.,-1.,0.));
#1015 = PCURVE('',#100,#1016);
#1016 = DEFINITIONAL_REPRESENTATION('',(#1017),#1025);
#1017 = ( BOUNDED_CURVE() B_SPLINE_CURVE(2,(#1018,#1019,#1020,#1021,
#1022,#1023,#1024),.UNSPECIFIED.,.T.,.F.) B_SPLINE_CURVE_WITH_KNOTS((1,2
    ,2,2,2,1),(-2.094395102393,0.,2.094395102393,4.188790204786,
6.28318530718,8.377580409573),.UNSPECIFIED.) CURVE() 
GEOMETRIC_REPRESENTATION_ITEM() RATIONAL_B_SPLINE_CURVE((1.,0.5,1.,0.5,
1.,0.5,1.)) REPRESENTATION_ITEM('') );
#1018 = CARTESIAN_POINT('',(3.,84.));
#1019 = CARTESIAN_POINT('',(-2.196152422707,84.));
#1020 = CARTESIAN_POINT('',(0.401923788647,88.5));
#1021 = CARTESIAN_POINT('',(3.,93.));
#1022 = CARTESIAN_POINT('',(5.598076211353,88.5));
#1023 = CARTESIAN_POINT('',(8.196152422707,84.));
#1024 = CARTESIAN_POINT('',(3.,84.));
#1025 = ( GEOMETRIC_REPRESENTATION_CONTEXT(2) 
PARAMETRIC_REPRESENTATION_CONTEXT() REPRESENTATION_CONTEXT('2D SPACE',''
  ) );
#1026 = PCURVE('',#128,#1027);
#1027 = DEFINITIONAL_REPRESENTATION('',(#1028),#1032);
#1028 = LINE('',#1029,#1030);
#1029 = CARTESIAN_POINT('',(1.570796326795,-0.));
#1030 = VECTOR('',#1031,1.);
#1031 = DIRECTION('',(-1.,0.));
#1032 = ( GEOMETRIC_REPRESENTATION_CONTEXT(2) 
PARAMETRIC_REPRESENTATION_CONTEXT() REPRESENTATION_CONTEXT('2D SPACE',''
  ) );
#1033 = ORIENTED_EDGE('',*,*,#84,.T.);
#1034 = ADVANCED_FACE('',(#1035,#1196,#1302,#1564,#1903,#2813),#436,.T.
  );
#1035 = FACE_BOUND('',#1036,.T.);
#1036 = EDGE_LOOP('',(#1037,#1038,#1039,#1062,#1090,#1113,#1142,#1170));
#1037 = ORIENTED_EDGE('',*,*,#420,.F.);
#1038 = ORIENTED_EDGE('',*,*,#851,.T.);
#1039 = ORIENTED_EDGE('',*,*,#1040,.T.);
#1040 = EDGE_CURVE('',#829,#1041,#1043,.T.);
#1041 = VERTEX_POINT('',#1042);
#1042 = CARTESIAN_POINT('',(23.5,3.,16.));
#1043 = SURFACE_CURVE('',#1044,(#1048,#1055),.PCURVE_S1.);
#1044 = LINE('',#1045,#1046);
#1045 = CARTESIAN_POINT('',(0.,3.,16.));
#1046 = VECTOR('',#1047,1.);
#1047 = DIRECTION('',(1.,0.,0.));
#1048 = PCURVE('',#436,#1049);
#1049 = DEFINITIONAL_REPRESENTATION('',(#1050),#1054);
#1050 = LINE('',#1051,#1052);
#1051 = CARTESIAN_POINT('',(0.,0.));
#1052 = VECTOR('',#1053,1.);
#1053 = DIRECTION('',(1.,0.));
#1054 = ( GEOMETRIC_REPRESENTATION_CONTEXT(2) 
PARAMETRIC_REPRESENTATION_CONTEXT() REPRESENTATION_CONTEXT('2D SPACE',''
  ) );
#1055 = PCURVE('',#740,#1056);
#1056 = DEFINITIONAL_REPRESENTATION('',(#1057),#1061);
#1057 = LINE('',#1058,#1059);
#1058 = CARTESIAN_POINT('',(16.,0.));
#1059 = VECTOR('',#1060,1.);
#1060 = DIRECTION('',(0.,1.));
#1061 = ( GEOMETRIC_REPRESENTATION_CONTEXT(2) 
PARAMETRIC_REPRESENTATION_CONTEXT() REPRESENTATION_CONTEXT('2D SPACE',''
  ) );
#1062 = ORIENTED_EDGE('',*,*,#1063,.F.);
#1063 = EDGE_CURVE('',#1064,#1041,#1066,.T.);
#1064 = VERTEX_POINT('',#1065);
#1065 = CARTESIAN_POINT('',(26.,5.5,16.));
#1066 = SURFACE_CURVE('',#1067,(#1072,#1083),.PCURVE_S1.);
#1067 = CIRCLE('',#1068,2.5);
#1068 = AXIS2_PLACEMENT_3D('',#1069,#1070,#1071);
#1069 = CARTESIAN_POINT('',(23.5,5.5,16.));
#1070 = DIRECTION('',(-0.,-0.,-1.));
#1071 = DIRECTION('',(0.,-1.,0.));
#1072 = PCURVE('',#436,#1073);
#1073 = DEFINITIONAL_REPRESENTATION('',(#1074),#1082);
#1074 = ( BOUNDED_CURVE() B_SPLINE_CURVE(2,(#1075,#1076,#1077,#1078,
#1079,#1080,#1081),.UNSPECIFIED.,.T.,.F.) B_SPLINE_CURVE_WITH_KNOTS((1,2
    ,2,2,2,1),(-2.094395102393,0.,2.094395102393,4.188790204786,
6.28318530718,8.377580409573),.UNSPECIFIED.) CURVE() 
GEOMETRIC_REPRESENTATION_ITEM() RATIONAL_B_SPLINE_CURVE((1.,0.5,1.,0.5,
1.,0.5,1.)) REPRESENTATION_ITEM('') );
#1075 = CARTESIAN_POINT('',(23.5,0.));
#1076 = CARTESIAN_POINT('',(19.169872981078,0.));
#1077 = CARTESIAN_POINT('',(21.334936490539,3.75));
#1078 = CARTESIAN_POINT('',(23.5,7.5));
#1079 = CARTESIAN_POINT('',(25.665063509461,3.75));
#1080 = CARTESIAN_POINT('',(27.830127018922,3.996802888651E-15));
#1081 = CARTESIAN_POINT('',(23.5,0.));
#1082 = ( GEOMETRIC_REPRESENTATION_CONTEXT(2) 
PARAMETRIC_REPRESENTATION_CONTEXT() REPRESENTATION_CONTEXT('2D SPACE',''
  ) );
#1083 = PCURVE('',#713,#1084);
#1084 = DEFINITIONAL_REPRESENTATION('',(#1085),#1089);
#1085 = LINE('',#1086,#1087);
#1086 = CARTESIAN_POINT('',(4.712388980385,16.));
#1087 = VECTOR('',#1088,1.);
#1088 = DIRECTION('',(-1.,0.));
#1089 = ( GEOMETRIC_REPRESENTATION_CONTEXT(2) 
PARAMETRIC_REPRESENTATION_CONTEXT() REPRESENTATION_CONTEXT('2D SPACE',''
  ) );
#1090 = ORIENTED_EDGE('',*,*,#1091,.T.);
#1091 = EDGE_CURVE('',#1064,#1092,#1094,.T.);
#1092 = VERTEX_POINT('',#1093);
#1093 = CARTESIAN_POINT('',(26.,24.5,16.));
#1094 = SURFACE_CURVE('',#1095,(#1099,#1106),.PCURVE_S1.);
#1095 = LINE('',#1096,#1097);
#1096 = CARTESIAN_POINT('',(26.,3.,16.));
#1097 = VECTOR('',#1098,1.);
#1098 = DIRECTION('',(0.,1.,0.));
#1099 = PCURVE('',#436,#1100);
#1100 = DEFINITIONAL_REPRESENTATION('',(#1101),#1105);
#1101 = LINE('',#1102,#1103);
#1102 = CARTESIAN_POINT('',(26.,0.));
#1103 = VECTOR('',#1104,1.);
#1104 = DIRECTION('',(0.,1.));
#1105 = ( GEOMETRIC_REPRESENTATION_CONTEXT(2) 
PARAMETRIC_REPRESENTATION_CONTEXT() REPRESENTATION_CONTEXT('2D SPACE',''
  ) );
#1106 = PCURVE('',#684,#1107);
#1107 = DEFINITIONAL_REPRESENTATION('',(#1108),#1112);
#1108 = LINE('',#1109,#1110);
#1109 = CARTESIAN_POINT('',(16.,-3.));
#1110 = VECTOR('',#1111,1.);
#1111 = DIRECTION('',(0.,-1.));
#1112 = ( GEOMETRIC_REPRESENTATION_CONTEXT(2) 
PARAMETRIC_REPRESENTATION_CONTEXT() REPRESENTATION_CONTEXT('2D SPACE',''
  ) );
#1113 = ORIENTED_EDGE('',*,*,#1114,.T.);
#1114 = EDGE_CURVE('',#1092,#1115,#1117,.T.);
#1115 = VERTEX_POINT('',#1116);
#1116 = CARTESIAN_POINT('',(23.5,27.,16.));
#1117 = SURFACE_CURVE('',#1118,(#1123,#1130),.PCURVE_S1.);
#1118 = CIRCLE('',#1119,2.5);
#1119 = AXIS2_PLACEMENT_3D('',#1120,#1121,#1122);
#1120 = CARTESIAN_POINT('',(23.5,24.5,16.));
#1121 = DIRECTION('',(0.,0.,1.));
#1122 = DIRECTION('',(0.,-1.,0.));
#1123 = PCURVE('',#436,#1124);
#1124 = DEFINITIONAL_REPRESENTATION('',(#1125),#1129);
#1125 = CIRCLE('',#1126,2.5);
#1126 = AXIS2_PLACEMENT_2D('',#1127,#1128);
#1127 = CARTESIAN_POINT('',(23.5,21.5));
#1128 = DIRECTION('',(0.,-1.));
#1129 = ( GEOMETRIC_REPRESENTATION_CONTEXT(2) 
PARAMETRIC_REPRESENTATION_CONTEXT() REPRESENTATION_CONTEXT('2D SPACE',''
  ) );
#1130 = PCURVE('',#1131,#1136);
#1131 = CYLINDRICAL_SURFACE('',#1132,2.5);
#1132 = AXIS2_PLACEMENT_3D('',#1133,#1134,#1135);
#1133 = CARTESIAN_POINT('',(23.5,24.5,0.));
#1134 = DIRECTION('',(0.,0.,1.));
#1135 = DIRECTION('',(1.,0.,-0.));
#1136 = DEFINITIONAL_REPRESENTATION('',(#1137),#1141);
#1137 = LINE('',#1138,#1139);
#1138 = CARTESIAN_POINT('',(-1.570796326795,16.));
#1139 = VECTOR('',#1140,1.);
#1140 = DIRECTION('',(1.,0.));
#1141 = ( GEOMETRIC_REPRESENTATION_CONTEXT(2) 
PARAMETRIC_REPRESENTATION_CONTEXT() REPRESENTATION_CONTEXT('2D SPACE',''
  ) );
#1142 = ORIENTED_EDGE('',*,*,#1143,.F.);
#1143 = EDGE_CURVE('',#1144,#1115,#1146,.T.);
#1144 = VERTEX_POINT('',#1145);
#1145 = CARTESIAN_POINT('',(2.5,27.,16.));
#1146 = SURFACE_CURVE('',#1147,(#1151,#1158),.PCURVE_S1.);
#1147 = LINE('',#1148,#1149);
#1148 = CARTESIAN_POINT('',(0.,27.,16.));
#1149 = VECTOR('',#1150,1.);
#1150 = DIRECTION('',(1.,0.,0.));
#1151 = PCURVE('',#436,#1152);
#1152 = DEFINITIONAL_REPRESENTATION('',(#1153),#1157);
#1153 = LINE('',#1154,#1155);
#1154 = CARTESIAN_POINT('',(0.,24.));
#1155 = VECTOR('',#1156,1.);
#1156 = DIRECTION('',(1.,0.));
#1157 = ( GEOMETRIC_REPRESENTATION_CONTEXT(2) 
PARAMETRIC_REPRESENTATION_CONTEXT() REPRESENTATION_CONTEXT('2D SPACE',''
  ) );
#1158 = PCURVE('',#1159,#1164);
#1159 = PLANE('',#1160);
#1160 = AXIS2_PLACEMENT_3D('',#1161,#1162,#1163);
#1161 = CARTESIAN_POINT('',(0.,27.,0.));
#1162 = DIRECTION('',(0.,1.,0.));
#1163 = DIRECTION('',(0.,0.,1.));
#1164 = DEFINITIONAL_REPRESENTATION('',(#1165),#1169);
#1165 = LINE('',#1166,#1167);
#1166 = CARTESIAN_POINT('',(16.,0.));
#1167 = VECTOR('',#1168,1.);
#1168 = DIRECTION('',(0.,1.));
#1169 = ( GEOMETRIC_REPRESENTATION_CONTEXT(2) 
PARAMETRIC_REPRESENTATION_CONTEXT() REPRESENTATION_CONTEXT('2D SPACE',''
  ) );
#1170 = ORIENTED_EDGE('',*,*,#1171,.F.);
#1171 = EDGE_CURVE('',#393,#1144,#1172,.T.);
#1172 = SURFACE_CURVE('',#1173,(#1178,#1189),.PCURVE_S1.);
#1173 = CIRCLE('',#1174,2.5);
#1174 = AXIS2_PLACEMENT_3D('',#1175,#1176,#1177);
#1175 = CARTESIAN_POINT('',(2.5,24.5,16.));
#1176 = DIRECTION('',(-0.,-0.,-1.));
#1177 = DIRECTION('',(0.,-1.,0.));
#1178 = PCURVE('',#436,#1179);
#1179 = DEFINITIONAL_REPRESENTATION('',(#1180),#1188);
#1180 = ( BOUNDED_CURVE() B_SPLINE_CURVE(2,(#1181,#1182,#1183,#1184,
#1185,#1186,#1187),.UNSPECIFIED.,.T.,.F.) B_SPLINE_CURVE_WITH_KNOTS((1,2
    ,2,2,2,1),(-2.094395102393,0.,2.094395102393,4.188790204786,
6.28318530718,8.377580409573),.UNSPECIFIED.) CURVE() 
GEOMETRIC_REPRESENTATION_ITEM() RATIONAL_B_SPLINE_CURVE((1.,0.5,1.,0.5,
1.,0.5,1.)) REPRESENTATION_ITEM('') );
#1181 = CARTESIAN_POINT('',(2.5,19.));
#1182 = CARTESIAN_POINT('',(-1.830127018922,19.));
#1183 = CARTESIAN_POINT('',(0.334936490539,22.75));
#1184 = CARTESIAN_POINT('',(2.5,26.5));
#1185 = CARTESIAN_POINT('',(4.665063509461,22.75));
#1186 = CARTESIAN_POINT('',(6.830127018922,19.));
#1187 = CARTESIAN_POINT('',(2.5,19.));
#1188 = ( GEOMETRIC_REPRESENTATION_CONTEXT(2) 
PARAMETRIC_REPRESENTATION_CONTEXT() REPRESENTATION_CONTEXT('2D SPACE',''
  ) );
#1189 = PCURVE('',#408,#1190);
#1190 = DEFINITIONAL_REPRESENTATION('',(#1191),#1195);
#1191 = LINE('',#1192,#1193);
#1192 = CARTESIAN_POINT('',(1.570796326795,16.));
#1193 = VECTOR('',#1194,1.);
#1194 = DIRECTION('',(-1.,0.));
#1195 = ( GEOMETRIC_REPRESENTATION_CONTEXT(2) 
PARAMETRIC_REPRESENTATION_CONTEXT() REPRESENTATION_CONTEXT('2D SPACE',''
  ) );
#1196 = FACE_BOUND('',#1197,.T.);
#1197 = EDGE_LOOP('',(#1198,#1226,#1252,#1278));
#1198 = ORIENTED_EDGE('',*,*,#1199,.F.);
#1199 = EDGE_CURVE('',#1200,#1202,#1204,.T.);
#1200 = VERTEX_POINT('',#1201);
#1201 = CARTESIAN_POINT('',(13.940625,13.94296875,16.));
#1202 = VERTEX_POINT('',#1203);
#1203 = CARTESIAN_POINT('',(14.3796875,13.94296875,16.));
#1204 = SURFACE_CURVE('',#1205,(#1209,#1215),.PCURVE_S1.);
#1205 = LINE('',#1206,#1207);
#1206 = CARTESIAN_POINT('',(7.18984375,13.94296875,16.));
#1207 = VECTOR('',#1208,1.);
#1208 = DIRECTION('',(1.,0.,-0.));
#1209 = PCURVE('',#436,#1210);
#1210 = DEFINITIONAL_REPRESENTATION('',(#1211),#1214);
#1211 = B_SPLINE_CURVE_WITH_KNOTS('',1,(#1212,#1213),.UNSPECIFIED.,.F.,
  .F.,(2,2),(6.75078125,7.18984375),.PIECEWISE_BEZIER_KNOTS.);
#1212 = CARTESIAN_POINT('',(13.940625,10.94296875));
#1213 = CARTESIAN_POINT('',(14.3796875,10.94296875));
#1214 = ( GEOMETRIC_REPRESENTATION_CONTEXT(2) 
PARAMETRIC_REPRESENTATION_CONTEXT() REPRESENTATION_CONTEXT('2D SPACE',''
  ) );
#1215 = PCURVE('',#1216,#1221);
#1216 = PLANE('',#1217);
#1217 = AXIS2_PLACEMENT_3D('',#1218,#1219,#1220);
#1218 = CARTESIAN_POINT('',(14.3796875,13.94296875,15.95));
#1219 = DIRECTION('',(0.,-1.,0.));
#1220 = DIRECTION('',(-1.,0.,0.));
#1221 = DEFINITIONAL_REPRESENTATION('',(#1222),#1225);
#1222 = B_SPLINE_CURVE_WITH_KNOTS('',1,(#1223,#1224),.UNSPECIFIED.,.F.,
  .F.,(2,2),(6.75078125,7.18984375),.PIECEWISE_BEZIER_KNOTS.);
#1223 = CARTESIAN_POINT('',(0.4390625,-5.E-02));
#1224 = CARTESIAN_POINT('',(0.,-5.E-02));
#1225 = ( GEOMETRIC_REPRESENTATION_CONTEXT(2) 
PARAMETRIC_REPRESENTATION_CONTEXT() REPRESENTATION_CONTEXT('2D SPACE',''
  ) );
#1226 = ORIENTED_EDGE('',*,*,#1227,.F.);
#1227 = EDGE_CURVE('',#1228,#1200,#1230,.T.);
#1228 = VERTEX_POINT('',#1229);
#1229 = CARTESIAN_POINT('',(13.940625,14.38203125,16.));
#1230 = SURFACE_CURVE('',#1231,(#1235,#1241),.PCURVE_S1.);
#1231 = LINE('',#1232,#1233);
#1232 = CARTESIAN_POINT('',(13.940625,8.471484375,16.));
#1233 = VECTOR('',#1234,1.);
#1234 = DIRECTION('',(0.,-1.,0.));
#1235 = PCURVE('',#436,#1236);
#1236 = DEFINITIONAL_REPRESENTATION('',(#1237),#1240);
#1237 = B_SPLINE_CURVE_WITH_KNOTS('',1,(#1238,#1239),.UNSPECIFIED.,.F.,
  .F.,(2,2),(-5.910546875,-5.471484375),.PIECEWISE_BEZIER_KNOTS.);
#1238 = CARTESIAN_POINT('',(13.940625,11.38203125));
#1239 = CARTESIAN_POINT('',(13.940625,10.94296875));
#1240 = ( GEOMETRIC_REPRESENTATION_CONTEXT(2) 
PARAMETRIC_REPRESENTATION_CONTEXT() REPRESENTATION_CONTEXT('2D SPACE',''
  ) );
#1241 = PCURVE('',#1242,#1247);
#1242 = PLANE('',#1243);
#1243 = AXIS2_PLACEMENT_3D('',#1244,#1245,#1246);
#1244 = CARTESIAN_POINT('',(13.940625,13.94296875,15.95));
#1245 = DIRECTION('',(-1.,0.,0.));
#1246 = DIRECTION('',(0.,1.,0.));
#1247 = DEFINITIONAL_REPRESENTATION('',(#1248),#1251);
#1248 = B_SPLINE_CURVE_WITH_KNOTS('',1,(#1249,#1250),.UNSPECIFIED.,.F.,
  .F.,(2,2),(-5.910546875,-5.471484375),.PIECEWISE_BEZIER_KNOTS.);
#1249 = CARTESIAN_POINT('',(0.4390625,-5.E-02));
#1250 = CARTESIAN_POINT('',(0.,-5.E-02));
#1251 = ( GEOMETRIC_REPRESENTATION_CONTEXT(2) 
PARAMETRIC_REPRESENTATION_CONTEXT() REPRESENTATION_CONTEXT('2D SPACE',''
  ) );
#1252 = ORIENTED_EDGE('',*,*,#1253,.F.);
#1253 = EDGE_CURVE('',#1254,#1228,#1256,.T.);
#1254 = VERTEX_POINT('',#1255);
#1255 = CARTESIAN_POINT('',(14.3796875,14.38203125,16.));
#1256 = SURFACE_CURVE('',#1257,(#1261,#1267),.PCURVE_S1.);
#1257 = LINE('',#1258,#1259);
#1258 = CARTESIAN_POINT('',(6.9703125,14.38203125,16.));
#1259 = VECTOR('',#1260,1.);
#1260 = DIRECTION('',(-1.,0.,0.));
#1261 = PCURVE('',#436,#1262);
#1262 = DEFINITIONAL_REPRESENTATION('',(#1263),#1266);
#1263 = B_SPLINE_CURVE_WITH_KNOTS('',1,(#1264,#1265),.UNSPECIFIED.,.F.,
  .F.,(2,2),(-7.409375,-6.9703125),.PIECEWISE_BEZIER_KNOTS.);
#1264 = CARTESIAN_POINT('',(14.3796875,11.38203125));
#1265 = CARTESIAN_POINT('',(13.940625,11.38203125));
#1266 = ( GEOMETRIC_REPRESENTATION_CONTEXT(2) 
PARAMETRIC_REPRESENTATION_CONTEXT() REPRESENTATION_CONTEXT('2D SPACE',''
  ) );
#1267 = PCURVE('',#1268,#1273);
#1268 = PLANE('',#1269);
#1269 = AXIS2_PLACEMENT_3D('',#1270,#1271,#1272);
#1270 = CARTESIAN_POINT('',(13.940625,14.38203125,15.95));
#1271 = DIRECTION('',(0.,1.,0.));
#1272 = DIRECTION('',(1.,0.,0.));
#1273 = DEFINITIONAL_REPRESENTATION('',(#1274),#1277);
#1274 = B_SPLINE_CURVE_WITH_KNOTS('',1,(#1275,#1276),.UNSPECIFIED.,.F.,
  .F.,(2,2),(-7.409375,-6.9703125),.PIECEWISE_BEZIER_KNOTS.);
#1275 = CARTESIAN_POINT('',(0.4390625,-5.E-02));
#1276 = CARTESIAN_POINT('',(0.,-5.E-02));
#1277 = ( GEOMETRIC_REPRESENTATION_CONTEXT(2) 
PARAMETRIC_REPRESENTATION_CONTEXT() REPRESENTATION_CONTEXT('2D SPACE',''
  ) );
#1278 = ORIENTED_EDGE('',*,*,#1279,.F.);
#1279 = EDGE_CURVE('',#1202,#1254,#1280,.T.);
#1280 = SURFACE_CURVE('',#1281,(#1285,#1291),.PCURVE_S1.);
#1281 = LINE('',#1282,#1283);
#1282 = CARTESIAN_POINT('',(14.3796875,8.691015625,16.));
#1283 = VECTOR('',#1284,1.);
#1284 = DIRECTION('',(0.,1.,0.));
#1285 = PCURVE('',#436,#1286);
#1286 = DEFINITIONAL_REPRESENTATION('',(#1287),#1290);
#1287 = B_SPLINE_CURVE_WITH_KNOTS('',1,(#1288,#1289),.UNSPECIFIED.,.F.,
  .F.,(2,2),(5.251953125,5.691015625),.PIECEWISE_BEZIER_KNOTS.);
#1288 = CARTESIAN_POINT('',(14.3796875,10.94296875));
#1289 = CARTESIAN_POINT('',(14.3796875,11.38203125));
#1290 = ( GEOMETRIC_REPRESENTATION_CONTEXT(2) 
PARAMETRIC_REPRESENTATION_CONTEXT() REPRESENTATION_CONTEXT('2D SPACE',''
  ) );
#1291 = PCURVE('',#1292,#1297);
#1292 = PLANE('',#1293);
#1293 = AXIS2_PLACEMENT_3D('',#1294,#1295,#1296);
#1294 = CARTESIAN_POINT('',(14.3796875,14.38203125,15.95));
#1295 = DIRECTION('',(1.,0.,0.));
#1296 = DIRECTION('',(0.,-1.,0.));
#1297 = DEFINITIONAL_REPRESENTATION('',(#1298),#1301);
#1298 = B_SPLINE_CURVE_WITH_KNOTS('',1,(#1299,#1300),.UNSPECIFIED.,.F.,
  .F.,(2,2),(5.251953125,5.691015625),.PIECEWISE_BEZIER_KNOTS.);
#1299 = CARTESIAN_POINT('',(0.4390625,-5.E-02));
#1300 = CARTESIAN_POINT('',(0.,-5.E-02));
#1301 = ( GEOMETRIC_REPRESENTATION_CONTEXT(2) 
PARAMETRIC_REPRESENTATION_CONTEXT() REPRESENTATION_CONTEXT('2D SPACE',''
  ) );
#1302 = FACE_BOUND('',#1303,.T.);
#1303 = EDGE_LOOP('',(#1304,#1332,#1358,#1384,#1410,#1436,#1462,#1488,
    #1514,#1540));
#1304 = ORIENTED_EDGE('',*,*,#1305,.F.);
#1305 = EDGE_CURVE('',#1306,#1308,#1310,.T.);
#1306 = VERTEX_POINT('',#1307);
#1307 = CARTESIAN_POINT('',(9.8578125,13.94296875,16.));
#1308 = VERTEX_POINT('',#1309);
#1309 = CARTESIAN_POINT('',(10.2875,13.94296875,16.));
#1310 = SURFACE_CURVE('',#1311,(#1315,#1321),.PCURVE_S1.);
#1311 = LINE('',#1312,#1313);
#1312 = CARTESIAN_POINT('',(5.14375,13.94296875,16.));
#1313 = VECTOR('',#1314,1.);
#1314 = DIRECTION('',(1.,0.,-0.));
#1315 = PCURVE('',#436,#1316);
#1316 = DEFINITIONAL_REPRESENTATION('',(#1317),#1320);
#1317 = B_SPLINE_CURVE_WITH_KNOTS('',1,(#1318,#1319),.UNSPECIFIED.,.F.,
  .F.,(2,2),(4.7140625,5.14375),.PIECEWISE_BEZIER_KNOTS.);
#1318 = CARTESIAN_POINT('',(9.8578125,10.94296875));
#1319 = CARTESIAN_POINT('',(10.2875,10.94296875));
#1320 = ( GEOMETRIC_REPRESENTATION_CONTEXT(2) 
PARAMETRIC_REPRESENTATION_CONTEXT() REPRESENTATION_CONTEXT('2D SPACE',''
  ) );
#1321 = PCURVE('',#1322,#1327);
#1322 = PLANE('',#1323);
#1323 = AXIS2_PLACEMENT_3D('',#1324,#1325,#1326);
#1324 = CARTESIAN_POINT('',(10.2875,13.94296875,15.95));
#1325 = DIRECTION('',(0.,-1.,0.));
#1326 = DIRECTION('',(-1.,0.,0.));
#1327 = DEFINITIONAL_REPRESENTATION('',(#1328),#1331);
#1328 = B_SPLINE_CURVE_WITH_KNOTS('',1,(#1329,#1330),.UNSPECIFIED.,.F.,
  .F.,(2,2),(4.7140625,5.14375),.PIECEWISE_BEZIER_KNOTS.);
#1329 = CARTESIAN_POINT('',(0.4296875,-5.E-02));
#1330 = CARTESIAN_POINT('',(0.,-5.E-02));
#1331 = ( GEOMETRIC_REPRESENTATION_CONTEXT(2) 
PARAMETRIC_REPRESENTATION_CONTEXT() REPRESENTATION_CONTEXT('2D SPACE',''
  ) );
#1332 = ORIENTED_EDGE('',*,*,#1333,.F.);
#1333 = EDGE_CURVE('',#1334,#1306,#1336,.T.);
#1334 = VERTEX_POINT('',#1335);
#1335 = CARTESIAN_POINT('',(9.8578125,16.23359375,16.));
#1336 = SURFACE_CURVE('',#1337,(#1341,#1347),.PCURVE_S1.);
#1337 = LINE('',#1338,#1339);
#1338 = CARTESIAN_POINT('',(9.8578125,8.471484375,16.));
#1339 = VECTOR('',#1340,1.);
#1340 = DIRECTION('',(0.,-1.,0.));
#1341 = PCURVE('',#436,#1342);
#1342 = DEFINITIONAL_REPRESENTATION('',(#1343),#1346);
#1343 = B_SPLINE_CURVE_WITH_KNOTS('',1,(#1344,#1345),.UNSPECIFIED.,.F.,
  .F.,(2,2),(-7.762109375,-5.471484375),.PIECEWISE_BEZIER_KNOTS.);
#1344 = CARTESIAN_POINT('',(9.8578125,13.23359375));
#1345 = CARTESIAN_POINT('',(9.8578125,10.94296875));
#1346 = ( GEOMETRIC_REPRESENTATION_CONTEXT(2) 
PARAMETRIC_REPRESENTATION_CONTEXT() REPRESENTATION_CONTEXT('2D SPACE',''
  ) );
#1347 = PCURVE('',#1348,#1353);
#1348 = PLANE('',#1349);
#1349 = AXIS2_PLACEMENT_3D('',#1350,#1351,#1352);
#1350 = CARTESIAN_POINT('',(9.8578125,13.94296875,15.95));
#1351 = DIRECTION('',(-1.,0.,0.));
#1352 = DIRECTION('',(0.,1.,0.));
#1353 = DEFINITIONAL_REPRESENTATION('',(#1354),#1357);
#1354 = B_SPLINE_CURVE_WITH_KNOTS('',1,(#1355,#1356),.UNSPECIFIED.,.F.,
  .F.,(2,2),(-7.762109375,-5.471484375),.PIECEWISE_BEZIER_KNOTS.);
#1355 = CARTESIAN_POINT('',(2.290625,-5.E-02));
#1356 = CARTESIAN_POINT('',(0.,-5.E-02));
#1357 = ( GEOMETRIC_REPRESENTATION_CONTEXT(2) 
PARAMETRIC_REPRESENTATION_CONTEXT() REPRESENTATION_CONTEXT('2D SPACE',''
  ) );
#1358 = ORIENTED_EDGE('',*,*,#1359,.F.);
#1359 = EDGE_CURVE('',#1360,#1334,#1362,.T.);
#1360 = VERTEX_POINT('',#1361);
#1361 = CARTESIAN_POINT('',(10.3078125,16.23359375,16.));
#1362 = SURFACE_CURVE('',#1363,(#1367,#1373),.PCURVE_S1.);
#1363 = LINE('',#1364,#1365);
#1364 = CARTESIAN_POINT('',(4.92890625,16.23359375,16.));
#1365 = VECTOR('',#1366,1.);
#1366 = DIRECTION('',(-1.,0.,0.));
#1367 = PCURVE('',#436,#1368);
#1368 = DEFINITIONAL_REPRESENTATION('',(#1369),#1372);
#1369 = B_SPLINE_CURVE_WITH_KNOTS('',1,(#1370,#1371),.UNSPECIFIED.,.F.,
  .F.,(2,2),(-5.37890625,-4.92890625),.PIECEWISE_BEZIER_KNOTS.);
#1370 = CARTESIAN_POINT('',(10.3078125,13.23359375));
#1371 = CARTESIAN_POINT('',(9.8578125,13.23359375));
#1372 = ( GEOMETRIC_REPRESENTATION_CONTEXT(2) 
PARAMETRIC_REPRESENTATION_CONTEXT() REPRESENTATION_CONTEXT('2D SPACE',''
  ) );
#1373 = PCURVE('',#1374,#1379);
#1374 = PLANE('',#1375);
#1375 = AXIS2_PLACEMENT_3D('',#1376,#1377,#1378);
#1376 = CARTESIAN_POINT('',(9.8578125,16.23359375,15.95));
#1377 = DIRECTION('',(0.,1.,0.));
#1378 = DIRECTION('',(1.,0.,0.));
#1379 = DEFINITIONAL_REPRESENTATION('',(#1380),#1383);
#1380 = B_SPLINE_CURVE_WITH_KNOTS('',1,(#1381,#1382),.UNSPECIFIED.,.F.,
  .F.,(2,2),(-5.37890625,-4.92890625),.PIECEWISE_BEZIER_KNOTS.);
#1381 = CARTESIAN_POINT('',(0.45,-5.E-02));
#1382 = CARTESIAN_POINT('',(0.,-5.E-02));
#1383 = ( GEOMETRIC_REPRESENTATION_CONTEXT(2) 
PARAMETRIC_REPRESENTATION_CONTEXT() REPRESENTATION_CONTEXT('2D SPACE',''
  ) );
#1384 = ORIENTED_EDGE('',*,*,#1385,.F.);
#1385 = EDGE_CURVE('',#1386,#1360,#1388,.T.);
#1386 = VERTEX_POINT('',#1387);
#1387 = CARTESIAN_POINT('',(11.2453125,14.70390625,16.));
#1388 = SURFACE_CURVE('',#1389,(#1393,#1399),.PCURVE_S1.);
#1389 = LINE('',#1390,#1391);
#1390 = CARTESIAN_POINT('',(11.848495954455,13.719711913481,16.));
#1391 = VECTOR('',#1392,1.);
#1392 = DIRECTION('',(-0.522541635703,0.852613768923,0.));
#1393 = PCURVE('',#436,#1394);
#1394 = DEFINITIONAL_REPRESENTATION('',(#1395),#1398);
#1395 = B_SPLINE_CURVE_WITH_KNOTS('',1,(#1396,#1397),.UNSPECIFIED.,.F.,
  .F.,(2,2),(1.154326111532,2.948441519653),.PIECEWISE_BEZIER_KNOTS.);
#1396 = CARTESIAN_POINT('',(11.2453125,11.70390625));
#1397 = CARTESIAN_POINT('',(10.3078125,13.23359375));
#1398 = ( GEOMETRIC_REPRESENTATION_CONTEXT(2) 
PARAMETRIC_REPRESENTATION_CONTEXT() REPRESENTATION_CONTEXT('2D SPACE',''
  ) );
#1399 = PCURVE('',#1400,#1405);
#1400 = PLANE('',#1401);
#1401 = AXIS2_PLACEMENT_3D('',#1402,#1403,#1404);
#1402 = CARTESIAN_POINT('',(10.3078125,16.23359375,15.95));
#1403 = DIRECTION('',(0.852613768923,0.522541635703,0.));
#1404 = DIRECTION('',(0.522541635703,-0.852613768923,0.));
#1405 = DEFINITIONAL_REPRESENTATION('',(#1406),#1409);
#1406 = B_SPLINE_CURVE_WITH_KNOTS('',1,(#1407,#1408),.UNSPECIFIED.,.F.,
  .F.,(2,2),(1.154326111532,2.948441519653),.PIECEWISE_BEZIER_KNOTS.);
#1407 = CARTESIAN_POINT('',(1.794115408121,-5.E-02));
#1408 = CARTESIAN_POINT('',(0.,-5.E-02));
#1409 = ( GEOMETRIC_REPRESENTATION_CONTEXT(2) 
PARAMETRIC_REPRESENTATION_CONTEXT() REPRESENTATION_CONTEXT('2D SPACE',''
  ) );
#1410 = ORIENTED_EDGE('',*,*,#1411,.F.);
#1411 = EDGE_CURVE('',#1412,#1386,#1414,.T.);
#1412 = VERTEX_POINT('',#1413);
#1413 = CARTESIAN_POINT('',(11.2453125,16.23359375,16.));
#1414 = SURFACE_CURVE('',#1415,(#1419,#1425),.PCURVE_S1.);
#1415 = LINE('',#1416,#1417);
#1416 = CARTESIAN_POINT('',(11.2453125,8.851953125,16.));
#1417 = VECTOR('',#1418,1.);
#1418 = DIRECTION('',(0.,-1.,0.));
#1419 = PCURVE('',#436,#1420);
#1420 = DEFINITIONAL_REPRESENTATION('',(#1421),#1424);
#1421 = B_SPLINE_CURVE_WITH_KNOTS('',1,(#1422,#1423),.UNSPECIFIED.,.F.,
  .F.,(2,2),(-7.381640625,-5.851953125),.PIECEWISE_BEZIER_KNOTS.);
#1422 = CARTESIAN_POINT('',(11.2453125,13.23359375));
#1423 = CARTESIAN_POINT('',(11.2453125,11.70390625));
#1424 = ( GEOMETRIC_REPRESENTATION_CONTEXT(2) 
PARAMETRIC_REPRESENTATION_CONTEXT() REPRESENTATION_CONTEXT('2D SPACE',''
  ) );
#1425 = PCURVE('',#1426,#1431);
#1426 = PLANE('',#1427);
#1427 = AXIS2_PLACEMENT_3D('',#1428,#1429,#1430);
#1428 = CARTESIAN_POINT('',(11.2453125,14.70390625,15.95));
#1429 = DIRECTION('',(-1.,0.,0.));
#1430 = DIRECTION('',(0.,1.,0.));
#1431 = DEFINITIONAL_REPRESENTATION('',(#1432),#1435);
#1432 = B_SPLINE_CURVE_WITH_KNOTS('',1,(#1433,#1434),.UNSPECIFIED.,.F.,
  .F.,(2,2),(-7.381640625,-5.851953125),.PIECEWISE_BEZIER_KNOTS.);
#1433 = CARTESIAN_POINT('',(1.5296875,-5.E-02));
#1434 = CARTESIAN_POINT('',(0.,-5.E-02));
#1435 = ( GEOMETRIC_REPRESENTATION_CONTEXT(2) 
PARAMETRIC_REPRESENTATION_CONTEXT() REPRESENTATION_CONTEXT('2D SPACE',''
  ) );
#1436 = ORIENTED_EDGE('',*,*,#1437,.F.);
#1437 = EDGE_CURVE('',#1438,#1412,#1440,.T.);
#1438 = VERTEX_POINT('',#1439);
#1439 = CARTESIAN_POINT('',(11.675,16.23359375,16.));
#1440 = SURFACE_CURVE('',#1441,(#1445,#1451),.PCURVE_S1.);
#1441 = LINE('',#1442,#1443);
#1442 = CARTESIAN_POINT('',(5.62265625,16.23359375,16.));
#1443 = VECTOR('',#1444,1.);
#1444 = DIRECTION('',(-1.,0.,0.));
#1445 = PCURVE('',#436,#1446);
#1446 = DEFINITIONAL_REPRESENTATION('',(#1447),#1450);
#1447 = B_SPLINE_CURVE_WITH_KNOTS('',1,(#1448,#1449),.UNSPECIFIED.,.F.,
  .F.,(2,2),(-6.05234375,-5.62265625),.PIECEWISE_BEZIER_KNOTS.);
#1448 = CARTESIAN_POINT('',(11.675,13.23359375));
#1449 = CARTESIAN_POINT('',(11.2453125,13.23359375));
#1450 = ( GEOMETRIC_REPRESENTATION_CONTEXT(2) 
PARAMETRIC_REPRESENTATION_CONTEXT() REPRESENTATION_CONTEXT('2D SPACE',''
  ) );
#1451 = PCURVE('',#1452,#1457);
#1452 = PLANE('',#1453);
#1453 = AXIS2_PLACEMENT_3D('',#1454,#1455,#1456);
#1454 = CARTESIAN_POINT('',(11.2453125,16.23359375,15.95));
#1455 = DIRECTION('',(0.,1.,0.));
#1456 = DIRECTION('',(1.,0.,0.));
#1457 = DEFINITIONAL_REPRESENTATION('',(#1458),#1461);
#1458 = B_SPLINE_CURVE_WITH_KNOTS('',1,(#1459,#1460),.UNSPECIFIED.,.F.,
  .F.,(2,2),(-6.05234375,-5.62265625),.PIECEWISE_BEZIER_KNOTS.);
#1459 = CARTESIAN_POINT('',(0.4296875,-5.E-02));
#1460 = CARTESIAN_POINT('',(0.,-5.E-02));
#1461 = ( GEOMETRIC_REPRESENTATION_CONTEXT(2) 
PARAMETRIC_REPRESENTATION_CONTEXT() REPRESENTATION_CONTEXT('2D SPACE',''
  ) );
#1462 = ORIENTED_EDGE('',*,*,#1463,.F.);
#1463 = EDGE_CURVE('',#1464,#1438,#1466,.T.);
#1464 = VERTEX_POINT('',#1465);
#1465 = CARTESIAN_POINT('',(11.675,13.94296875,16.));
#1466 = SURFACE_CURVE('',#1467,(#1471,#1477),.PCURVE_S1.);
#1467 = LINE('',#1468,#1469);
#1468 = CARTESIAN_POINT('',(11.675,9.616796875,16.));
#1469 = VECTOR('',#1470,1.);
#1470 = DIRECTION('',(0.,1.,0.));
#1471 = PCURVE('',#436,#1472);
#1472 = DEFINITIONAL_REPRESENTATION('',(#1473),#1476);
#1473 = B_SPLINE_CURVE_WITH_KNOTS('',1,(#1474,#1475),.UNSPECIFIED.,.F.,
  .F.,(2,2),(4.326171875,6.616796875),.PIECEWISE_BEZIER_KNOTS.);
#1474 = CARTESIAN_POINT('',(11.675,10.94296875));
#1475 = CARTESIAN_POINT('',(11.675,13.23359375));
#1476 = ( GEOMETRIC_REPRESENTATION_CONTEXT(2) 
PARAMETRIC_REPRESENTATION_CONTEXT() REPRESENTATION_CONTEXT('2D SPACE',''
  ) );
#1477 = PCURVE('',#1478,#1483);
#1478 = PLANE('',#1479);
#1479 = AXIS2_PLACEMENT_3D('',#1480,#1481,#1482);
#1480 = CARTESIAN_POINT('',(11.675,16.23359375,15.95));
#1481 = DIRECTION('',(1.,0.,0.));
#1482 = DIRECTION('',(0.,-1.,0.));
#1483 = DEFINITIONAL_REPRESENTATION('',(#1484),#1487);
#1484 = B_SPLINE_CURVE_WITH_KNOTS('',1,(#1485,#1486),.UNSPECIFIED.,.F.,
  .F.,(2,2),(4.326171875,6.616796875),.PIECEWISE_BEZIER_KNOTS.);
#1485 = CARTESIAN_POINT('',(2.290625,-5.E-02));
#1486 = CARTESIAN_POINT('',(0.,-5.E-02));
#1487 = ( GEOMETRIC_REPRESENTATION_CONTEXT(2) 
PARAMETRIC_REPRESENTATION_CONTEXT() REPRESENTATION_CONTEXT('2D SPACE',''
  ) );
#1488 = ORIENTED_EDGE('',*,*,#1489,.F.);
#1489 = EDGE_CURVE('',#1490,#1464,#1492,.T.);
#1490 = VERTEX_POINT('',#1491);
#1491 = CARTESIAN_POINT('',(11.2109375,13.94296875,16.));
#1492 = SURFACE_CURVE('',#1493,(#1497,#1503),.PCURVE_S1.);
#1493 = LINE('',#1494,#1495);
#1494 = CARTESIAN_POINT('',(5.8375,13.94296875,16.));
#1495 = VECTOR('',#1496,1.);
#1496 = DIRECTION('',(1.,0.,-0.));
#1497 = PCURVE('',#436,#1498);
#1498 = DEFINITIONAL_REPRESENTATION('',(#1499),#1502);
#1499 = B_SPLINE_CURVE_WITH_KNOTS('',1,(#1500,#1501),.UNSPECIFIED.,.F.,
  .F.,(2,2),(5.3734375,5.8375),.PIECEWISE_BEZIER_KNOTS.);
#1500 = CARTESIAN_POINT('',(11.2109375,10.94296875));
#1501 = CARTESIAN_POINT('',(11.675,10.94296875));
#1502 = ( GEOMETRIC_REPRESENTATION_CONTEXT(2) 
PARAMETRIC_REPRESENTATION_CONTEXT() REPRESENTATION_CONTEXT('2D SPACE',''
  ) );
#1503 = PCURVE('',#1504,#1509);
#1504 = PLANE('',#1505);
#1505 = AXIS2_PLACEMENT_3D('',#1506,#1507,#1508);
#1506 = CARTESIAN_POINT('',(11.675,13.94296875,15.95));
#1507 = DIRECTION('',(0.,-1.,0.));
#1508 = DIRECTION('',(-1.,0.,0.));
#1509 = DEFINITIONAL_REPRESENTATION('',(#1510),#1513);
#1510 = B_SPLINE_CURVE_WITH_KNOTS('',1,(#1511,#1512),.UNSPECIFIED.,.F.,
  .F.,(2,2),(5.3734375,5.8375),.PIECEWISE_BEZIER_KNOTS.);
#1511 = CARTESIAN_POINT('',(0.4640625,-5.E-02));
#1512 = CARTESIAN_POINT('',(0.,-5.E-02));
#1513 = ( GEOMETRIC_REPRESENTATION_CONTEXT(2) 
PARAMETRIC_REPRESENTATION_CONTEXT() REPRESENTATION_CONTEXT('2D SPACE',''
  ) );
#1514 = ORIENTED_EDGE('',*,*,#1515,.F.);
#1515 = EDGE_CURVE('',#1516,#1490,#1518,.T.);
#1516 = VERTEX_POINT('',#1517);
#1517 = CARTESIAN_POINT('',(10.2875,15.43671875,16.));
#1518 = SURFACE_CURVE('',#1519,(#1523,#1529),.PCURVE_S1.);
#1519 = LINE('',#1520,#1521);
#1520 = CARTESIAN_POINT('',(12.108236266141,12.491500695125,16.));
#1521 = VECTOR('',#1522,1.);
#1522 = DIRECTION('',(0.525833801736,-0.850587334112,0.));
#1523 = PCURVE('',#436,#1524);
#1524 = DEFINITIONAL_REPRESENTATION('',(#1525),#1528);
#1525 = B_SPLINE_CURVE_WITH_KNOTS('',1,(#1526,#1527),.UNSPECIFIED.,.F.,
  .F.,(2,2),(-3.462569846459,-1.706430364838),.PIECEWISE_BEZIER_KNOTS.);
#1526 = CARTESIAN_POINT('',(10.2875,12.43671875));
#1527 = CARTESIAN_POINT('',(11.2109375,10.94296875));
#1528 = ( GEOMETRIC_REPRESENTATION_CONTEXT(2) 
PARAMETRIC_REPRESENTATION_CONTEXT() REPRESENTATION_CONTEXT('2D SPACE',''
  ) );
#1529 = PCURVE('',#1530,#1535);
#1530 = PLANE('',#1531);
#1531 = AXIS2_PLACEMENT_3D('',#1532,#1533,#1534);
#1532 = CARTESIAN_POINT('',(11.2109375,13.94296875,15.95));
#1533 = DIRECTION('',(-0.850587334112,-0.525833801736,0.));
#1534 = DIRECTION('',(-0.525833801736,0.850587334112,0.));
#1535 = DEFINITIONAL_REPRESENTATION('',(#1536),#1539);
#1536 = B_SPLINE_CURVE_WITH_KNOTS('',1,(#1537,#1538),.UNSPECIFIED.,.F.,
  .F.,(2,2),(-3.462569846459,-1.706430364838),.PIECEWISE_BEZIER_KNOTS.);
#1537 = CARTESIAN_POINT('',(1.75613948162,-5.E-02));
#1538 = CARTESIAN_POINT('',(0.,-5.E-02));
#1539 = ( GEOMETRIC_REPRESENTATION_CONTEXT(2) 
PARAMETRIC_REPRESENTATION_CONTEXT() REPRESENTATION_CONTEXT('2D SPACE',''
  ) );
#1540 = ORIENTED_EDGE('',*,*,#1541,.F.);
#1541 = EDGE_CURVE('',#1308,#1516,#1542,.T.);
#1542 = SURFACE_CURVE('',#1543,(#1547,#1553),.PCURVE_S1.);
#1543 = LINE('',#1544,#1545);
#1544 = CARTESIAN_POINT('',(10.2875,9.218359375,16.));
#1545 = VECTOR('',#1546,1.);
#1546 = DIRECTION('',(0.,1.,0.));
#1547 = PCURVE('',#436,#1548);
#1548 = DEFINITIONAL_REPRESENTATION('',(#1549),#1552);
#1549 = B_SPLINE_CURVE_WITH_KNOTS('',1,(#1550,#1551),.UNSPECIFIED.,.F.,
  .F.,(2,2),(4.724609375,6.218359375),.PIECEWISE_BEZIER_KNOTS.);
#1550 = CARTESIAN_POINT('',(10.2875,10.94296875));
#1551 = CARTESIAN_POINT('',(10.2875,12.43671875));
#1552 = ( GEOMETRIC_REPRESENTATION_CONTEXT(2) 
PARAMETRIC_REPRESENTATION_CONTEXT() REPRESENTATION_CONTEXT('2D SPACE',''
  ) );
#1553 = PCURVE('',#1554,#1559);
#1554 = PLANE('',#1555);
#1555 = AXIS2_PLACEMENT_3D('',#1556,#1557,#1558);
#1556 = CARTESIAN_POINT('',(10.2875,15.43671875,15.95));
#1557 = DIRECTION('',(1.,0.,0.));
#1558 = DIRECTION('',(0.,-1.,0.));
#1559 = DEFINITIONAL_REPRESENTATION('',(#1560),#1563);
#1560 = B_SPLINE_CURVE_WITH_KNOTS('',1,(#1561,#1562),.UNSPECIFIED.,.F.,
  .F.,(2,2),(4.724609375,6.218359375),.PIECEWISE_BEZIER_KNOTS.);
#1561 = CARTESIAN_POINT('',(1.49375,-5.E-02));
#1562 = CARTESIAN_POINT('',(0.,-5.E-02));
#1563 = ( GEOMETRIC_REPRESENTATION_CONTEXT(2) 
PARAMETRIC_REPRESENTATION_CONTEXT() REPRESENTATION_CONTEXT('2D SPACE',''
  ) );
#1564 = FACE_BOUND('',#1565,.T.);
#1565 = EDGE_LOOP('',(#1566,#1594,#1620,#1646,#1672,#1714,#1759,#1801,
    #1827,#1866));
#1566 = ORIENTED_EDGE('',*,*,#1567,.F.);
#1567 = EDGE_CURVE('',#1568,#1570,#1572,.T.);
#1568 = VERTEX_POINT('',#1569);
#1569 = CARTESIAN_POINT('',(12.0671875,15.79453125,16.));
#1570 = VERTEX_POINT('',#1571);
#1571 = CARTESIAN_POINT('',(13.065625,15.79453125,16.));
#1572 = SURFACE_CURVE('',#1573,(#1577,#1583),.PCURVE_S1.);
#1573 = LINE('',#1574,#1575);
#1574 = CARTESIAN_POINT('',(6.5328125,15.79453125,16.));
#1575 = VECTOR('',#1576,1.);
#1576 = DIRECTION('',(1.,0.,-0.));
#1577 = PCURVE('',#436,#1578);
#1578 = DEFINITIONAL_REPRESENTATION('',(#1579),#1582);
#1579 = B_SPLINE_CURVE_WITH_KNOTS('',1,(#1580,#1581),.UNSPECIFIED.,.F.,
  .F.,(2,2),(5.534375,6.5328125),.PIECEWISE_BEZIER_KNOTS.);
#1580 = CARTESIAN_POINT('',(12.0671875,12.79453125));
#1581 = CARTESIAN_POINT('',(13.065625,12.79453125));
#1582 = ( GEOMETRIC_REPRESENTATION_CONTEXT(2) 
PARAMETRIC_REPRESENTATION_CONTEXT() REPRESENTATION_CONTEXT('2D SPACE',''
  ) );
#1583 = PCURVE('',#1584,#1589);
#1584 = PLANE('',#1585);
#1585 = AXIS2_PLACEMENT_3D('',#1586,#1587,#1588);
#1586 = CARTESIAN_POINT('',(13.065625,15.79453125,15.95));
#1587 = DIRECTION('',(0.,-1.,0.));
#1588 = DIRECTION('',(-1.,0.,0.));
#1589 = DEFINITIONAL_REPRESENTATION('',(#1590),#1593);
#1590 = B_SPLINE_CURVE_WITH_KNOTS('',1,(#1591,#1592),.UNSPECIFIED.,.F.,
  .F.,(2,2),(5.534375,6.5328125),.PIECEWISE_BEZIER_KNOTS.);
#1591 = CARTESIAN_POINT('',(0.9984375,-5.E-02));
#1592 = CARTESIAN_POINT('',(0.,-5.E-02));
#1593 = ( GEOMETRIC_REPRESENTATION_CONTEXT(2) 
PARAMETRIC_REPRESENTATION_CONTEXT() REPRESENTATION_CONTEXT('2D SPACE',''
  ) );
#1594 = ORIENTED_EDGE('',*,*,#1595,.F.);
#1595 = EDGE_CURVE('',#1596,#1568,#1598,.T.);
#1596 = VERTEX_POINT('',#1597);
#1597 = CARTESIAN_POINT('',(12.0671875,16.20234375,16.));
#1598 = SURFACE_CURVE('',#1599,(#1603,#1609),.PCURVE_S1.);
#1599 = LINE('',#1600,#1601);
#1600 = CARTESIAN_POINT('',(12.0671875,9.397265625,16.));
#1601 = VECTOR('',#1602,1.);
#1602 = DIRECTION('',(0.,-1.,0.));
#1603 = PCURVE('',#436,#1604);
#1604 = DEFINITIONAL_REPRESENTATION('',(#1605),#1608);
#1605 = B_SPLINE_CURVE_WITH_KNOTS('',1,(#1606,#1607),.UNSPECIFIED.,.F.,
  .F.,(2,2),(-6.805078125,-6.397265625),.PIECEWISE_BEZIER_KNOTS.);
#1606 = CARTESIAN_POINT('',(12.0671875,13.20234375));
#1607 = CARTESIAN_POINT('',(12.0671875,12.79453125));
#1608 = ( GEOMETRIC_REPRESENTATION_CONTEXT(2) 
PARAMETRIC_REPRESENTATION_CONTEXT() REPRESENTATION_CONTEXT('2D SPACE',''
  ) );
#1609 = PCURVE('',#1610,#1615);
#1610 = PLANE('',#1611);
#1611 = AXIS2_PLACEMENT_3D('',#1612,#1613,#1614);
#1612 = CARTESIAN_POINT('',(12.0671875,15.79453125,15.95));
#1613 = DIRECTION('',(-1.,0.,0.));
#1614 = DIRECTION('',(0.,1.,0.));
#1615 = DEFINITIONAL_REPRESENTATION('',(#1616),#1619);
#1616 = B_SPLINE_CURVE_WITH_KNOTS('',1,(#1617,#1618),.UNSPECIFIED.,.F.,
  .F.,(2,2),(-6.805078125,-6.397265625),.PIECEWISE_BEZIER_KNOTS.);
#1617 = CARTESIAN_POINT('',(0.4078125,-5.E-02));
#1618 = CARTESIAN_POINT('',(0.,-5.E-02));
#1619 = ( GEOMETRIC_REPRESENTATION_CONTEXT(2) 
PARAMETRIC_REPRESENTATION_CONTEXT() REPRESENTATION_CONTEXT('2D SPACE',''
  ) );
#1620 = ORIENTED_EDGE('',*,*,#1621,.F.);
#1621 = EDGE_CURVE('',#1622,#1596,#1624,.T.);
#1622 = VERTEX_POINT('',#1623);
#1623 = CARTESIAN_POINT('',(13.56875,16.20234375,16.));
#1624 = SURFACE_CURVE('',#1625,(#1629,#1635),.PCURVE_S1.);
#1625 = LINE('',#1626,#1627);
#1626 = CARTESIAN_POINT('',(6.03359375,16.20234375,16.));
#1627 = VECTOR('',#1628,1.);
#1628 = DIRECTION('',(-1.,0.,0.));
#1629 = PCURVE('',#436,#1630);
#1630 = DEFINITIONAL_REPRESENTATION('',(#1631),#1634);
#1631 = B_SPLINE_CURVE_WITH_KNOTS('',1,(#1632,#1633),.UNSPECIFIED.,.F.,
  .F.,(2,2),(-7.53515625,-6.03359375),.PIECEWISE_BEZIER_KNOTS.);
#1632 = CARTESIAN_POINT('',(13.56875,13.20234375));
#1633 = CARTESIAN_POINT('',(12.0671875,13.20234375));
#1634 = ( GEOMETRIC_REPRESENTATION_CONTEXT(2) 
PARAMETRIC_REPRESENTATION_CONTEXT() REPRESENTATION_CONTEXT('2D SPACE',''
  ) );
#1635 = PCURVE('',#1636,#1641);
#1636 = PLANE('',#1637);
#1637 = AXIS2_PLACEMENT_3D('',#1638,#1639,#1640);
#1638 = CARTESIAN_POINT('',(12.0671875,16.20234375,15.95));
#1639 = DIRECTION('',(0.,1.,0.));
#1640 = DIRECTION('',(1.,0.,0.));
#1641 = DEFINITIONAL_REPRESENTATION('',(#1642),#1645);
#1642 = B_SPLINE_CURVE_WITH_KNOTS('',1,(#1643,#1644),.UNSPECIFIED.,.F.,
  .F.,(2,2),(-7.53515625,-6.03359375),.PIECEWISE_BEZIER_KNOTS.);
#1643 = CARTESIAN_POINT('',(1.5015625,-5.E-02));
#1644 = CARTESIAN_POINT('',(0.,-5.E-02));
#1645 = ( GEOMETRIC_REPRESENTATION_CONTEXT(2) 
PARAMETRIC_REPRESENTATION_CONTEXT() REPRESENTATION_CONTEXT('2D SPACE',''
  ) );
#1646 = ORIENTED_EDGE('',*,*,#1647,.F.);
#1647 = EDGE_CURVE('',#1648,#1622,#1650,.T.);
#1648 = VERTEX_POINT('',#1649);
#1649 = CARTESIAN_POINT('',(13.56875,15.88359375,16.));
#1650 = SURFACE_CURVE('',#1651,(#1655,#1661),.PCURVE_S1.);
#1651 = LINE('',#1652,#1653);
#1652 = CARTESIAN_POINT('',(13.56875,9.601171875,16.));
#1653 = VECTOR('',#1654,1.);
#1654 = DIRECTION('',(0.,1.,0.));
#1655 = PCURVE('',#436,#1656);
#1656 = DEFINITIONAL_REPRESENTATION('',(#1657),#1660);
#1657 = B_SPLINE_CURVE_WITH_KNOTS('',1,(#1658,#1659),.UNSPECIFIED.,.F.,
  .F.,(2,2),(6.282421875,6.601171875),.PIECEWISE_BEZIER_KNOTS.);
#1658 = CARTESIAN_POINT('',(13.56875,12.88359375));
#1659 = CARTESIAN_POINT('',(13.56875,13.20234375));
#1660 = ( GEOMETRIC_REPRESENTATION_CONTEXT(2) 
PARAMETRIC_REPRESENTATION_CONTEXT() REPRESENTATION_CONTEXT('2D SPACE',''
  ) );
#1661 = PCURVE('',#1662,#1667);
#1662 = PLANE('',#1663);
#1663 = AXIS2_PLACEMENT_3D('',#1664,#1665,#1666);
#1664 = CARTESIAN_POINT('',(13.56875,16.20234375,15.95));
#1665 = DIRECTION('',(1.,0.,0.));
#1666 = DIRECTION('',(0.,-1.,0.));
#1667 = DEFINITIONAL_REPRESENTATION('',(#1668),#1671);
#1668 = B_SPLINE_CURVE_WITH_KNOTS('',1,(#1669,#1670),.UNSPECIFIED.,.F.,
  .F.,(2,2),(6.282421875,6.601171875),.PIECEWISE_BEZIER_KNOTS.);
#1669 = CARTESIAN_POINT('',(0.31875,-5.E-02));
#1670 = CARTESIAN_POINT('',(0.,-5.E-02));
#1671 = ( GEOMETRIC_REPRESENTATION_CONTEXT(2) 
PARAMETRIC_REPRESENTATION_CONTEXT() REPRESENTATION_CONTEXT('2D SPACE',''
  ) );
#1672 = ORIENTED_EDGE('',*,*,#1673,.F.);
#1673 = EDGE_CURVE('',#1674,#1648,#1676,.T.);
#1674 = VERTEX_POINT('',#1675);
#1675 = CARTESIAN_POINT('',(13.190625,15.35859375,16.));
#1676 = SURFACE_CURVE('',#1677,(#1685,#1696),.PCURVE_S1.);
#1677 = B_SPLINE_CURVE_WITH_KNOTS('',6,(#1678,#1679,#1680,#1681,#1682,
    #1683,#1684),.UNSPECIFIED.,.F.,.F.,(7,7),(0.,1.),
  .PIECEWISE_BEZIER_KNOTS.);
#1678 = CARTESIAN_POINT('',(13.190625,15.35859375,16.));
#1679 = CARTESIAN_POINT('',(13.250788158958,15.465713520827,16.));
#1680 = CARTESIAN_POINT('',(13.312140145973,15.566233505914,16.));
#1681 = CARTESIAN_POINT('',(13.37468867748,15.65932094987,16.));
#1682 = CARTESIAN_POINT('',(13.438389194178,15.743975770068,16.));
#1683 = CARTESIAN_POINT('',(13.503137897164,15.819084371582,16.));
#1684 = CARTESIAN_POINT('',(13.56875,15.88359375,16.));
#1685 = PCURVE('',#436,#1686);
#1686 = DEFINITIONAL_REPRESENTATION('',(#1687),#1695);
#1687 = B_SPLINE_CURVE_WITH_KNOTS('',6,(#1688,#1689,#1690,#1691,#1692,
    #1693,#1694),.UNSPECIFIED.,.F.,.F.,(7,7),(0.,1.),
  .PIECEWISE_BEZIER_KNOTS.);
#1688 = CARTESIAN_POINT('',(13.190625,12.35859375));
#1689 = CARTESIAN_POINT('',(13.250788158958,12.465713520827));
#1690 = CARTESIAN_POINT('',(13.312140145973,12.566233505914));
#1691 = CARTESIAN_POINT('',(13.37468867748,12.65932094987));
#1692 = CARTESIAN_POINT('',(13.438389194178,12.743975770068));
#1693 = CARTESIAN_POINT('',(13.503137897164,12.819084371582));
#1694 = CARTESIAN_POINT('',(13.56875,12.88359375));
#1695 = ( GEOMETRIC_REPRESENTATION_CONTEXT(2) 
PARAMETRIC_REPRESENTATION_CONTEXT() REPRESENTATION_CONTEXT('2D SPACE',''
  ) );
#1696 = PCURVE('',#1697,#1704);
#1697 = SURFACE_OF_LINEAR_EXTRUSION('',#1698,#1702);
#1698 = B_SPLINE_CURVE_WITH_KNOTS('',2,(#1699,#1700,#1701),
  .UNSPECIFIED.,.F.,.F.,(3,3),(0.,1.),.PIECEWISE_BEZIER_KNOTS.);
#1699 = CARTESIAN_POINT('',(13.56875,15.88359375,15.95));
#1700 = CARTESIAN_POINT('',(13.3828125,15.70078125,15.95));
#1701 = CARTESIAN_POINT('',(13.190625,15.35859375,15.95));
#1702 = VECTOR('',#1703,1.);
#1703 = DIRECTION('',(-0.,-0.,-1.));
#1704 = DEFINITIONAL_REPRESENTATION('',(#1705),#1713);
#1705 = B_SPLINE_CURVE_WITH_KNOTS('',6,(#1706,#1707,#1708,#1709,#1710,
    #1711,#1712),.UNSPECIFIED.,.F.,.F.,(7,7),(0.,1.),
  .PIECEWISE_BEZIER_KNOTS.);
#1706 = CARTESIAN_POINT('',(1.,-5.E-02));
#1707 = CARTESIAN_POINT('',(0.843477960435,-5.E-02));
#1708 = CARTESIAN_POINT('',(0.682906985691,-5.E-02));
#1709 = CARTESIAN_POINT('',(0.518174154488,-5.E-02));
#1710 = CARTESIAN_POINT('',(0.349294403403,-5.E-02));
#1711 = CARTESIAN_POINT('',(0.176435906786,-5.E-02));
#1712 = CARTESIAN_POINT('',(0.,-5.E-02));
#1713 = ( GEOMETRIC_REPRESENTATION_CONTEXT(2) 
PARAMETRIC_REPRESENTATION_CONTEXT() REPRESENTATION_CONTEXT('2D SPACE',''
  ) );
#1714 = ORIENTED_EDGE('',*,*,#1715,.F.);
#1715 = EDGE_CURVE('',#1716,#1674,#1718,.T.);
#1716 = VERTEX_POINT('',#1717);
#1717 = CARTESIAN_POINT('',(12.89765625,14.63125,16.));
#1718 = SURFACE_CURVE('',#1719,(#1728,#1740),.PCURVE_S1.);
#1719 = B_SPLINE_CURVE_WITH_KNOTS('',4,(#1720,#1721,#1722,#1723,#1724,
    #1725,#1726,#1727),.UNSPECIFIED.,.F.,.F.,(5,3,5),(0.,0.720370476072,
    1.),.UNSPECIFIED.);
#1720 = CARTESIAN_POINT('',(12.89765625,14.63125,16.));
#1721 = CARTESIAN_POINT('',(12.93378070455,14.769307023978,16.));
#1722 = CARTESIAN_POINT('',(12.977889528417,14.90427765423,16.));
#1723 = CARTESIAN_POINT('',(13.030062133039,15.035804058197,16.));
#1724 = CARTESIAN_POINT('',(13.11349714177,15.213207139039,16.));
#1725 = CARTESIAN_POINT('',(13.138023170626,15.262252370742,16.));
#1726 = CARTESIAN_POINT('',(13.163736580827,15.31071924757,16.));
#1727 = CARTESIAN_POINT('',(13.190625,15.35859375,16.));
#1728 = PCURVE('',#436,#1729);
#1729 = DEFINITIONAL_REPRESENTATION('',(#1730),#1739);
#1730 = B_SPLINE_CURVE_WITH_KNOTS('',4,(#1731,#1732,#1733,#1734,#1735,
    #1736,#1737,#1738),.UNSPECIFIED.,.F.,.F.,(5,3,5),(0.,0.720370476072,
    1.),.UNSPECIFIED.);
#1731 = CARTESIAN_POINT('',(12.89765625,11.63125));
#1732 = CARTESIAN_POINT('',(12.93378070455,11.769307023978));
#1733 = CARTESIAN_POINT('',(12.977889528417,11.90427765423));
#1734 = CARTESIAN_POINT('',(13.030062133039,12.035804058197));
#1735 = CARTESIAN_POINT('',(13.11349714177,12.213207139039));
#1736 = CARTESIAN_POINT('',(13.138023170626,12.262252370742));
#1737 = CARTESIAN_POINT('',(13.163736580827,12.31071924757));
#1738 = CARTESIAN_POINT('',(13.190625,12.35859375));
#1739 = ( GEOMETRIC_REPRESENTATION_CONTEXT(2) 
PARAMETRIC_REPRESENTATION_CONTEXT() REPRESENTATION_CONTEXT('2D SPACE',''
  ) );
#1740 = PCURVE('',#1741,#1748);
#1741 = SURFACE_OF_LINEAR_EXTRUSION('',#1742,#1746);
#1742 = B_SPLINE_CURVE_WITH_KNOTS('',2,(#1743,#1744,#1745),
  .UNSPECIFIED.,.F.,.F.,(3,3),(0.,1.),.PIECEWISE_BEZIER_KNOTS.);
#1743 = CARTESIAN_POINT('',(13.190625,15.35859375,15.95));
#1744 = CARTESIAN_POINT('',(12.9984375,15.01640625,15.95));
#1745 = CARTESIAN_POINT('',(12.89765625,14.63125,15.95));
#1746 = VECTOR('',#1747,1.);
#1747 = DIRECTION('',(-0.,-0.,-1.));
#1748 = DEFINITIONAL_REPRESENTATION('',(#1749),#1758);
#1749 = B_SPLINE_CURVE_WITH_KNOTS('',4,(#1750,#1751,#1752,#1753,#1754,
    #1755,#1756,#1757),.UNSPECIFIED.,.F.,.F.,(5,3,5),(0.,0.720370476072,
    1.),.UNSPECIFIED.);
#1750 = CARTESIAN_POINT('',(1.,-5.E-02));
#1751 = CARTESIAN_POINT('',(0.820777899906,-5.E-02));
#1752 = CARTESIAN_POINT('',(0.640784825413,-5.E-02));
#1753 = CARTESIAN_POINT('',(0.460391272064,-5.E-02));
#1754 = CARTESIAN_POINT('',(0.20997668949,-5.E-02));
#1755 = CARTESIAN_POINT('',(0.139953483895,-5.E-02));
#1756 = CARTESIAN_POINT('',(6.995361085724E-02,-5.E-02));
#1757 = CARTESIAN_POINT('',(0.,-5.E-02));
#1758 = ( GEOMETRIC_REPRESENTATION_CONTEXT(2) 
PARAMETRIC_REPRESENTATION_CONTEXT() REPRESENTATION_CONTEXT('2D SPACE',''
  ) );
#1759 = ORIENTED_EDGE('',*,*,#1760,.F.);
#1760 = EDGE_CURVE('',#1761,#1716,#1763,.T.);
#1761 = VERTEX_POINT('',#1762);
#1762 = CARTESIAN_POINT('',(12.7984375,13.94296875,16.));
#1763 = SURFACE_CURVE('',#1764,(#1772,#1783),.PCURVE_S1.);
#1764 = B_SPLINE_CURVE_WITH_KNOTS('',6,(#1765,#1766,#1767,#1768,#1769,
    #1770,#1771),.UNSPECIFIED.,.F.,.F.,(7,7),(0.,1.),
  .PIECEWISE_BEZIER_KNOTS.);
#1765 = CARTESIAN_POINT('',(12.7984375,13.94296875,16.));
#1766 = CARTESIAN_POINT('',(12.797894149591,14.048378729331,16.));
#1767 = CARTESIAN_POINT('',(12.804784648313,14.158148020061,16.));
#1768 = CARTESIAN_POINT('',(12.818688979067,14.271775130963,16.));
#1769 = CARTESIAN_POINT('',(12.839120998068,14.38877655559,16.));
#1770 = CARTESIAN_POINT('',(12.865595172067,14.508722004487,16.));
#1771 = CARTESIAN_POINT('',(12.89765625,14.63125,16.));
#1772 = PCURVE('',#436,#1773);
#1773 = DEFINITIONAL_REPRESENTATION('',(#1774),#1782);
#1774 = B_SPLINE_CURVE_WITH_KNOTS('',6,(#1775,#1776,#1777,#1778,#1779,
    #1780,#1781),.UNSPECIFIED.,.F.,.F.,(7,7),(0.,1.),
  .PIECEWISE_BEZIER_KNOTS.);
#1775 = CARTESIAN_POINT('',(12.7984375,10.94296875));
#1776 = CARTESIAN_POINT('',(12.797894149591,11.048378729331));
#1777 = CARTESIAN_POINT('',(12.804784648313,11.158148020061));
#1778 = CARTESIAN_POINT('',(12.818688979067,11.271775130963));
#1779 = CARTESIAN_POINT('',(12.839120998068,11.38877655559));
#1780 = CARTESIAN_POINT('',(12.865595172067,11.508722004487));
#1781 = CARTESIAN_POINT('',(12.89765625,11.63125));
#1782 = ( GEOMETRIC_REPRESENTATION_CONTEXT(2) 
PARAMETRIC_REPRESENTATION_CONTEXT() REPRESENTATION_CONTEXT('2D SPACE',''
  ) );
#1783 = PCURVE('',#1784,#1791);
#1784 = SURFACE_OF_LINEAR_EXTRUSION('',#1785,#1789);
#1785 = B_SPLINE_CURVE_WITH_KNOTS('',2,(#1786,#1787,#1788),
  .UNSPECIFIED.,.F.,.F.,(3,3),(0.,1.),.PIECEWISE_BEZIER_KNOTS.);
#1786 = CARTESIAN_POINT('',(12.89765625,14.63125,15.95));
#1787 = CARTESIAN_POINT('',(12.796875,14.24609375,15.95));
#1788 = CARTESIAN_POINT('',(12.7984375,13.94296875,15.95));
#1789 = VECTOR('',#1790,1.);
#1790 = DIRECTION('',(-0.,-0.,-1.));
#1791 = DEFINITIONAL_REPRESENTATION('',(#1792),#1800);
#1792 = B_SPLINE_CURVE_WITH_KNOTS('',6,(#1793,#1794,#1795,#1796,#1797,
    #1798,#1799),.UNSPECIFIED.,.F.,.F.,(7,7),(0.,1.),
  .PIECEWISE_BEZIER_KNOTS.);
#1793 = CARTESIAN_POINT('',(1.,-5.E-02));
#1794 = CARTESIAN_POINT('',(0.826127869144,-5.E-02));
#1795 = CARTESIAN_POINT('',(0.654882604428,-5.E-02));
#1796 = CARTESIAN_POINT('',(0.486534982041,-5.E-02));
#1797 = CARTESIAN_POINT('',(0.321239167865,-5.E-02));
#1798 = CARTESIAN_POINT('',(0.159062712228,-5.E-02));
#1799 = CARTESIAN_POINT('',(0.,-5.E-02));
#1800 = ( GEOMETRIC_REPRESENTATION_CONTEXT(2) 
PARAMETRIC_REPRESENTATION_CONTEXT() REPRESENTATION_CONTEXT('2D SPACE',''
  ) );
#1801 = ORIENTED_EDGE('',*,*,#1802,.F.);
#1802 = EDGE_CURVE('',#1803,#1761,#1805,.T.);
#1803 = VERTEX_POINT('',#1804);
#1804 = CARTESIAN_POINT('',(12.375,13.94296875,16.));
#1805 = SURFACE_CURVE('',#1806,(#1810,#1816),.PCURVE_S1.);
#1806 = LINE('',#1807,#1808);
#1807 = CARTESIAN_POINT('',(6.39921875,13.94296875,16.));
#1808 = VECTOR('',#1809,1.);
#1809 = DIRECTION('',(1.,0.,-0.));
#1810 = PCURVE('',#436,#1811);
#1811 = DEFINITIONAL_REPRESENTATION('',(#1812),#1815);
#1812 = B_SPLINE_CURVE_WITH_KNOTS('',1,(#1813,#1814),.UNSPECIFIED.,.F.,
  .F.,(2,2),(5.97578125,6.39921875),.PIECEWISE_BEZIER_KNOTS.);
#1813 = CARTESIAN_POINT('',(12.375,10.94296875));
#1814 = CARTESIAN_POINT('',(12.7984375,10.94296875));
#1815 = ( GEOMETRIC_REPRESENTATION_CONTEXT(2) 
PARAMETRIC_REPRESENTATION_CONTEXT() REPRESENTATION_CONTEXT('2D SPACE',''
  ) );
#1816 = PCURVE('',#1817,#1822);
#1817 = PLANE('',#1818);
#1818 = AXIS2_PLACEMENT_3D('',#1819,#1820,#1821);
#1819 = CARTESIAN_POINT('',(12.7984375,13.94296875,15.95));
#1820 = DIRECTION('',(0.,-1.,0.));
#1821 = DIRECTION('',(-1.,0.,0.));
#1822 = DEFINITIONAL_REPRESENTATION('',(#1823),#1826);
#1823 = B_SPLINE_CURVE_WITH_KNOTS('',1,(#1824,#1825),.UNSPECIFIED.,.F.,
  .F.,(2,2),(5.97578125,6.39921875),.PIECEWISE_BEZIER_KNOTS.);
#1824 = CARTESIAN_POINT('',(0.4234375,-5.E-02));
#1825 = CARTESIAN_POINT('',(0.,-5.E-02));
#1826 = ( GEOMETRIC_REPRESENTATION_CONTEXT(2) 
PARAMETRIC_REPRESENTATION_CONTEXT() REPRESENTATION_CONTEXT('2D SPACE',''
  ) );
#1827 = ORIENTED_EDGE('',*,*,#1828,.F.);
#1828 = EDGE_CURVE('',#1829,#1803,#1831,.T.);
#1829 = VERTEX_POINT('',#1830);
#1830 = CARTESIAN_POINT('',(12.57109375,14.91171875,16.));
#1831 = SURFACE_CURVE('',#1832,(#1839,#1849),.PCURVE_S1.);
#1832 = B_SPLINE_CURVE_WITH_KNOTS('',5,(#1833,#1834,#1835,#1836,#1837,
    #1838),.UNSPECIFIED.,.F.,.F.,(6,6),(0.,1.),
  .PIECEWISE_BEZIER_KNOTS.);
#1833 = CARTESIAN_POINT('',(12.57109375,14.91171875,16.));
#1834 = CARTESIAN_POINT('',(12.499269261989,14.72018678197,16.));
#1835 = CARTESIAN_POINT('',(12.442452543835,14.526743851384,16.));
#1836 = CARTESIAN_POINT('',(12.402103312945,14.332078106035,16.));
#1837 = CARTESIAN_POINT('',(12.37947015728,14.137101294734,16.));
#1838 = CARTESIAN_POINT('',(12.375,13.94296875,16.));
#1839 = PCURVE('',#436,#1840);
#1840 = DEFINITIONAL_REPRESENTATION('',(#1841),#1848);
#1841 = B_SPLINE_CURVE_WITH_KNOTS('',5,(#1842,#1843,#1844,#1845,#1846,
    #1847),.UNSPECIFIED.,.F.,.F.,(6,6),(0.,1.),
  .PIECEWISE_BEZIER_KNOTS.);
#1842 = CARTESIAN_POINT('',(12.57109375,11.91171875));
#1843 = CARTESIAN_POINT('',(12.499269261989,11.72018678197));
#1844 = CARTESIAN_POINT('',(12.442452543835,11.526743851384));
#1845 = CARTESIAN_POINT('',(12.402103312945,11.332078106035));
#1846 = CARTESIAN_POINT('',(12.37947015728,11.137101294734));
#1847 = CARTESIAN_POINT('',(12.375,10.94296875));
#1848 = ( GEOMETRIC_REPRESENTATION_CONTEXT(2) 
PARAMETRIC_REPRESENTATION_CONTEXT() REPRESENTATION_CONTEXT('2D SPACE',''
  ) );
#1849 = PCURVE('',#1850,#1857);
#1850 = SURFACE_OF_LINEAR_EXTRUSION('',#1851,#1855);
#1851 = B_SPLINE_CURVE_WITH_KNOTS('',2,(#1852,#1853,#1854),
  .UNSPECIFIED.,.F.,.F.,(3,3),(0.,1.),.PIECEWISE_BEZIER_KNOTS.);
#1852 = CARTESIAN_POINT('',(12.375,13.94296875,15.95));
#1853 = CARTESIAN_POINT('',(12.3859375,14.41796875,15.95));
#1854 = CARTESIAN_POINT('',(12.57109375,14.91171875,15.95));
#1855 = VECTOR('',#1856,1.);
#1856 = DIRECTION('',(-0.,-0.,-1.));
#1857 = DEFINITIONAL_REPRESENTATION('',(#1858),#1865);
#1858 = B_SPLINE_CURVE_WITH_KNOTS('',5,(#1859,#1860,#1861,#1862,#1863,
    #1864),.UNSPECIFIED.,.F.,.F.,(6,6),(0.,1.),
  .PIECEWISE_BEZIER_KNOTS.);
#1859 = CARTESIAN_POINT('',(1.,-5.E-02));
#1860 = CARTESIAN_POINT('',(0.806043576679,-5.E-02));
#1861 = CARTESIAN_POINT('',(0.608366196885,-5.E-02));
#1862 = CARTESIAN_POINT('',(0.407528247416,-5.E-02));
#1863 = CARTESIAN_POINT('',(0.204350047089,-5.E-02));
#1864 = CARTESIAN_POINT('',(0.,-5.E-02));
#1865 = ( GEOMETRIC_REPRESENTATION_CONTEXT(2) 
PARAMETRIC_REPRESENTATION_CONTEXT() REPRESENTATION_CONTEXT('2D SPACE',''
  ) );
#1866 = ORIENTED_EDGE('',*,*,#1867,.F.);
#1867 = EDGE_CURVE('',#1570,#1829,#1868,.T.);
#1868 = SURFACE_CURVE('',#1869,(#1876,#1886),.PCURVE_S1.);
#1869 = B_SPLINE_CURVE_WITH_KNOTS('',5,(#1870,#1871,#1872,#1873,#1874,
    #1875),.UNSPECIFIED.,.F.,.F.,(6,6),(0.,1.),
  .PIECEWISE_BEZIER_KNOTS.);
#1870 = CARTESIAN_POINT('',(13.065625,15.79453125,16.));
#1871 = CARTESIAN_POINT('',(12.940508377272,15.637187618388,16.));
#1872 = CARTESIAN_POINT('',(12.82822550554,15.469313709571,16.));
#1873 = CARTESIAN_POINT('',(12.729320117684,15.291709542755,16.));
#1874 = CARTESIAN_POINT('',(12.643743052806,15.105450224149,16.));
#1875 = CARTESIAN_POINT('',(12.57109375,14.91171875,16.));
#1876 = PCURVE('',#436,#1877);
#1877 = DEFINITIONAL_REPRESENTATION('',(#1878),#1885);
#1878 = B_SPLINE_CURVE_WITH_KNOTS('',5,(#1879,#1880,#1881,#1882,#1883,
    #1884),.UNSPECIFIED.,.F.,.F.,(6,6),(0.,1.),
  .PIECEWISE_BEZIER_KNOTS.);
#1879 = CARTESIAN_POINT('',(13.065625,12.79453125));
#1880 = CARTESIAN_POINT('',(12.940508377272,12.637187618388));
#1881 = CARTESIAN_POINT('',(12.82822550554,12.469313709571));
#1882 = CARTESIAN_POINT('',(12.729320117684,12.291709542755));
#1883 = CARTESIAN_POINT('',(12.643743052806,12.105450224149));
#1884 = CARTESIAN_POINT('',(12.57109375,11.91171875));
#1885 = ( GEOMETRIC_REPRESENTATION_CONTEXT(2) 
PARAMETRIC_REPRESENTATION_CONTEXT() REPRESENTATION_CONTEXT('2D SPACE',''
  ) );
#1886 = PCURVE('',#1887,#1894);
#1887 = SURFACE_OF_LINEAR_EXTRUSION('',#1888,#1892);
#1888 = B_SPLINE_CURVE_WITH_KNOTS('',2,(#1889,#1890,#1891),
  .UNSPECIFIED.,.F.,.F.,(3,3),(0.,1.),.PIECEWISE_BEZIER_KNOTS.);
#1889 = CARTESIAN_POINT('',(12.57109375,14.91171875,15.95));
#1890 = CARTESIAN_POINT('',(12.75625,15.40546875,15.95));
#1891 = CARTESIAN_POINT('',(13.065625,15.79453125,15.95));
#1892 = VECTOR('',#1893,1.);
#1893 = DIRECTION('',(-0.,-0.,-1.));
#1894 = DEFINITIONAL_REPRESENTATION('',(#1895),#1902);
#1895 = B_SPLINE_CURVE_WITH_KNOTS('',5,(#1896,#1897,#1898,#1899,#1900,
    #1901),.UNSPECIFIED.,.F.,.F.,(6,6),(0.,1.),
  .PIECEWISE_BEZIER_KNOTS.);
#1896 = CARTESIAN_POINT('',(1.,-5.E-02));
#1897 = CARTESIAN_POINT('',(0.797791316804,-5.E-02));
#1898 = CARTESIAN_POINT('',(0.595802386772,-5.E-02));
#1899 = CARTESIAN_POINT('',(0.395001409217,-5.E-02));
#1900 = CARTESIAN_POINT('',(0.19618377129,-5.E-02));
#1901 = CARTESIAN_POINT('',(0.,-5.E-02));
#1902 = ( GEOMETRIC_REPRESENTATION_CONTEXT(2) 
PARAMETRIC_REPRESENTATION_CONTEXT() REPRESENTATION_CONTEXT('2D SPACE',''
  ) );
#1903 = FACE_BOUND('',#1904,.T.);
#1904 = EDGE_LOOP('',(#1905,#1933,#1959,#1985,#2036,#2081,#2126,#2165,
    #2216,#2267,#2318,#2357,#2383,#2446,#2497,#2560,#2611,#2656,#2695,
    #2737,#2779));
#1905 = ORIENTED_EDGE('',*,*,#1906,.F.);
#1906 = EDGE_CURVE('',#1907,#1909,#1911,.T.);
#1907 = VERTEX_POINT('',#1908);
#1908 = CARTESIAN_POINT('',(16.21875,14.35078125,16.));
#1909 = VERTEX_POINT('',#1910);
#1910 = CARTESIAN_POINT('',(15.346875,14.35078125,16.));
#1911 = SURFACE_CURVE('',#1912,(#1916,#1922),.PCURVE_S1.);
#1912 = LINE('',#1913,#1914);
#1913 = CARTESIAN_POINT('',(7.6734375,14.35078125,16.));
#1914 = VECTOR('',#1915,1.);
#1915 = DIRECTION('',(-1.,0.,0.));
#1916 = PCURVE('',#436,#1917);
#1917 = DEFINITIONAL_REPRESENTATION('',(#1918),#1921);
#1918 = B_SPLINE_CURVE_WITH_KNOTS('',1,(#1919,#1920),.UNSPECIFIED.,.F.,
  .F.,(2,2),(-8.5453125,-7.6734375),.PIECEWISE_BEZIER_KNOTS.);
#1919 = CARTESIAN_POINT('',(16.21875,11.35078125));
#1920 = CARTESIAN_POINT('',(15.346875,11.35078125));
#1921 = ( GEOMETRIC_REPRESENTATION_CONTEXT(2) 
PARAMETRIC_REPRESENTATION_CONTEXT() REPRESENTATION_CONTEXT('2D SPACE',''
  ) );
#1922 = PCURVE('',#1923,#1928);
#1923 = PLANE('',#1924);
#1924 = AXIS2_PLACEMENT_3D('',#1925,#1926,#1927);
#1925 = CARTESIAN_POINT('',(15.346875,14.35078125,15.95));
#1926 = DIRECTION('',(0.,1.,0.));
#1927 = DIRECTION('',(1.,0.,0.));
#1928 = DEFINITIONAL_REPRESENTATION('',(#1929),#1932);
#1929 = B_SPLINE_CURVE_WITH_KNOTS('',1,(#1930,#1931),.UNSPECIFIED.,.F.,
  .F.,(2,2),(-8.5453125,-7.6734375),.PIECEWISE_BEZIER_KNOTS.);
#1930 = CARTESIAN_POINT('',(0.871875,-5.E-02));
#1931 = CARTESIAN_POINT('',(0.,-5.E-02));
#1932 = ( GEOMETRIC_REPRESENTATION_CONTEXT(2) 
PARAMETRIC_REPRESENTATION_CONTEXT() REPRESENTATION_CONTEXT('2D SPACE',''
  ) );
#1933 = ORIENTED_EDGE('',*,*,#1934,.F.);
#1934 = EDGE_CURVE('',#1935,#1907,#1937,.T.);
#1935 = VERTEX_POINT('',#1936);
#1936 = CARTESIAN_POINT('',(16.21875,13.94296875,16.));
#1937 = SURFACE_CURVE('',#1938,(#1942,#1948),.PCURVE_S1.);
#1938 = LINE('',#1939,#1940);
#1939 = CARTESIAN_POINT('',(16.21875,8.675390625,16.));
#1940 = VECTOR('',#1941,1.);
#1941 = DIRECTION('',(0.,1.,0.));
#1942 = PCURVE('',#436,#1943);
#1943 = DEFINITIONAL_REPRESENTATION('',(#1944),#1947);
#1944 = B_SPLINE_CURVE_WITH_KNOTS('',1,(#1945,#1946),.UNSPECIFIED.,.F.,
  .F.,(2,2),(5.267578125,5.675390625),.PIECEWISE_BEZIER_KNOTS.);
#1945 = CARTESIAN_POINT('',(16.21875,10.94296875));
#1946 = CARTESIAN_POINT('',(16.21875,11.35078125));
#1947 = ( GEOMETRIC_REPRESENTATION_CONTEXT(2) 
PARAMETRIC_REPRESENTATION_CONTEXT() REPRESENTATION_CONTEXT('2D SPACE',''
  ) );
#1948 = PCURVE('',#1949,#1954);
#1949 = PLANE('',#1950);
#1950 = AXIS2_PLACEMENT_3D('',#1951,#1952,#1953);
#1951 = CARTESIAN_POINT('',(16.21875,14.35078125,15.95));
#1952 = DIRECTION('',(1.,0.,0.));
#1953 = DIRECTION('',(0.,-1.,0.));
#1954 = DEFINITIONAL_REPRESENTATION('',(#1955),#1958);
#1955 = B_SPLINE_CURVE_WITH_KNOTS('',1,(#1956,#1957),.UNSPECIFIED.,.F.,
  .F.,(2,2),(5.267578125,5.675390625),.PIECEWISE_BEZIER_KNOTS.);
#1956 = CARTESIAN_POINT('',(0.4078125,-5.E-02));
#1957 = CARTESIAN_POINT('',(0.,-5.E-02));
#1958 = ( GEOMETRIC_REPRESENTATION_CONTEXT(2) 
PARAMETRIC_REPRESENTATION_CONTEXT() REPRESENTATION_CONTEXT('2D SPACE',''
  ) );
#1959 = ORIENTED_EDGE('',*,*,#1960,.F.);
#1960 = EDGE_CURVE('',#1961,#1935,#1963,.T.);
#1961 = VERTEX_POINT('',#1962);
#1962 = CARTESIAN_POINT('',(14.6796875,13.94296875,16.));
#1963 = SURFACE_CURVE('',#1964,(#1968,#1974),.PCURVE_S1.);
#1964 = LINE('',#1965,#1966);
#1965 = CARTESIAN_POINT('',(8.109375,13.94296875,16.));
#1966 = VECTOR('',#1967,1.);
#1967 = DIRECTION('',(1.,0.,-0.));
#1968 = PCURVE('',#436,#1969);
#1969 = DEFINITIONAL_REPRESENTATION('',(#1970),#1973);
#1970 = B_SPLINE_CURVE_WITH_KNOTS('',1,(#1971,#1972),.UNSPECIFIED.,.F.,
  .F.,(2,2),(6.5703125,8.109375),.PIECEWISE_BEZIER_KNOTS.);
#1971 = CARTESIAN_POINT('',(14.6796875,10.94296875));
#1972 = CARTESIAN_POINT('',(16.21875,10.94296875));
#1973 = ( GEOMETRIC_REPRESENTATION_CONTEXT(2) 
PARAMETRIC_REPRESENTATION_CONTEXT() REPRESENTATION_CONTEXT('2D SPACE',''
  ) );
#1974 = PCURVE('',#1975,#1980);
#1975 = PLANE('',#1976);
#1976 = AXIS2_PLACEMENT_3D('',#1977,#1978,#1979);
#1977 = CARTESIAN_POINT('',(16.21875,13.94296875,15.95));
#1978 = DIRECTION('',(0.,-1.,0.));
#1979 = DIRECTION('',(-1.,0.,0.));
#1980 = DEFINITIONAL_REPRESENTATION('',(#1981),#1984);
#1981 = B_SPLINE_CURVE_WITH_KNOTS('',1,(#1982,#1983),.UNSPECIFIED.,.F.,
  .F.,(2,2),(6.5703125,8.109375),.PIECEWISE_BEZIER_KNOTS.);
#1982 = CARTESIAN_POINT('',(1.5390625,-5.E-02));
#1983 = CARTESIAN_POINT('',(0.,-5.E-02));
#1984 = ( GEOMETRIC_REPRESENTATION_CONTEXT(2) 
PARAMETRIC_REPRESENTATION_CONTEXT() REPRESENTATION_CONTEXT('2D SPACE',''
  ) );
#1985 = ORIENTED_EDGE('',*,*,#1986,.F.);
#1986 = EDGE_CURVE('',#1987,#1961,#1989,.T.);
#1987 = VERTEX_POINT('',#1988);
#1988 = CARTESIAN_POINT('',(14.8296875,14.38125,16.));
#1989 = SURFACE_CURVE('',#1990,(#2001,#2015),.PCURVE_S1.);
#1990 = B_SPLINE_CURVE_WITH_KNOTS('',5,(#1991,#1992,#1993,#1994,#1995,
    #1996,#1997,#1998,#1999,#2000),.UNSPECIFIED.,.F.,.F.,(6,4,6),(0.,
    0.708494215339,1.),.UNSPECIFIED.);
#1991 = CARTESIAN_POINT('',(14.8296875,14.38125,16.));
#1992 = CARTESIAN_POINT('',(14.794490907355,14.322955643431,16.));
#1993 = CARTESIAN_POINT('',(14.76409877237,14.263211543362,16.));
#1994 = CARTESIAN_POINT('',(14.738643661101,14.202076034677,16.));
#1995 = CARTESIAN_POINT('',(14.718207794867,14.139624878512,16.));
#1996 = CARTESIAN_POINT('',(14.696480172349,14.04975665569,16.));
#1997 = CARTESIAN_POINT('',(14.690999952493,14.023352892475,16.));
#1998 = CARTESIAN_POINT('',(14.686374804252,13.996749009264,16.));
#1999 = CARTESIAN_POINT('',(14.682604595867,13.969951886769,16.));
#2000 = CARTESIAN_POINT('',(14.6796875,13.94296875,16.));
#2001 = PCURVE('',#436,#2002);
#2002 = DEFINITIONAL_REPRESENTATION('',(#2003),#2014);
#2003 = B_SPLINE_CURVE_WITH_KNOTS('',5,(#2004,#2005,#2006,#2007,#2008,
    #2009,#2010,#2011,#2012,#2013),.UNSPECIFIED.,.F.,.F.,(6,4,6),(0.,
    0.708494215339,1.),.UNSPECIFIED.);
#2004 = CARTESIAN_POINT('',(14.8296875,11.38125));
#2005 = CARTESIAN_POINT('',(14.794490907355,11.322955643431));
#2006 = CARTESIAN_POINT('',(14.76409877237,11.263211543362));
#2007 = CARTESIAN_POINT('',(14.738643661101,11.202076034677));
#2008 = CARTESIAN_POINT('',(14.718207794867,11.139624878512));
#2009 = CARTESIAN_POINT('',(14.696480172349,11.04975665569));
#2010 = CARTESIAN_POINT('',(14.690999952493,11.023352892475));
#2011 = CARTESIAN_POINT('',(14.686374804252,10.996749009264));
#2012 = CARTESIAN_POINT('',(14.682604595867,10.969951886769));
#2013 = CARTESIAN_POINT('',(14.6796875,10.94296875));
#2014 = ( GEOMETRIC_REPRESENTATION_CONTEXT(2) 
PARAMETRIC_REPRESENTATION_CONTEXT() REPRESENTATION_CONTEXT('2D SPACE',''
  ) );
#2015 = PCURVE('',#2016,#2023);
#2016 = SURFACE_OF_LINEAR_EXTRUSION('',#2017,#2021);
#2017 = B_SPLINE_CURVE_WITH_KNOTS('',2,(#2018,#2019,#2020),
  .UNSPECIFIED.,.F.,.F.,(3,3),(0.,1.),.PIECEWISE_BEZIER_KNOTS.);
#2018 = CARTESIAN_POINT('',(14.6796875,13.94296875,15.95));
#2019 = CARTESIAN_POINT('',(14.7046875,14.17421875,15.95));
#2020 = CARTESIAN_POINT('',(14.8296875,14.38125,15.95));
#2021 = VECTOR('',#2022,1.);
#2022 = DIRECTION('',(-0.,-0.,-1.));
#2023 = DEFINITIONAL_REPRESENTATION('',(#2024),#2035);
#2024 = B_SPLINE_CURVE_WITH_KNOTS('',5,(#2025,#2026,#2027,#2028,#2029,
    #2030,#2031,#2032,#2033,#2034),.UNSPECIFIED.,.F.,.F.,(6,4,6),(0.,
    0.708494215339,1.),.UNSPECIFIED.);
#2025 = CARTESIAN_POINT('',(1.,-5.E-02));
#2026 = CARTESIAN_POINT('',(0.859213629419,-5.E-02));
#2027 = CARTESIAN_POINT('',(0.717824312655,-5.E-02));
#2028 = CARTESIAN_POINT('',(0.576022607946,-5.E-02));
#2029 = CARTESIAN_POINT('',(0.434010100253,-5.E-02));
#2030 = CARTESIAN_POINT('',(0.233570778127,-5.E-02));
#2031 = CARTESIAN_POINT('',(0.175141666897,-5.E-02));
#2032 = CARTESIAN_POINT('',(0.116727236503,-5.E-02));
#2033 = CARTESIAN_POINT('',(5.83419173379E-02,-5.E-02));
#2034 = CARTESIAN_POINT('',(0.,-5.E-02));
#2035 = ( GEOMETRIC_REPRESENTATION_CONTEXT(2) 
PARAMETRIC_REPRESENTATION_CONTEXT() REPRESENTATION_CONTEXT('2D SPACE',''
  ) );
#2036 = ORIENTED_EDGE('',*,*,#2037,.F.);
#2037 = EDGE_CURVE('',#2038,#1987,#2040,.T.);
#2038 = VERTEX_POINT('',#2039);
#2039 = CARTESIAN_POINT('',(15.3234375,14.93046875,16.));
#2040 = SURFACE_CURVE('',#2041,(#2050,#2062),.PCURVE_S1.);
#2041 = B_SPLINE_CURVE_WITH_KNOTS('',7,(#2042,#2043,#2044,#2045,#2046,
    #2047,#2048,#2049),.UNSPECIFIED.,.F.,.F.,(8,8),(0.,1.),
  .PIECEWISE_BEZIER_KNOTS.);
#2042 = CARTESIAN_POINT('',(15.3234375,14.93046875,16.));
#2043 = CARTESIAN_POINT('',(15.230554454476,14.844276432331,16.));
#2044 = CARTESIAN_POINT('',(15.143072459692,14.759726727807,16.));
#2045 = CARTESIAN_POINT('',(15.061798545648,14.677096484267,16.));
#2046 = CARTESIAN_POINT('',(14.988004295609,14.596963152426,16.));
#2047 = CARTESIAN_POINT('',(14.92336009966,14.520178837027,16.));
#2048 = CARTESIAN_POINT('',(14.869904441979,14.447859310152,16.));
#2049 = CARTESIAN_POINT('',(14.8296875,14.38125,16.));
#2050 = PCURVE('',#436,#2051);
#2051 = DEFINITIONAL_REPRESENTATION('',(#2052),#2061);
#2052 = B_SPLINE_CURVE_WITH_KNOTS('',7,(#2053,#2054,#2055,#2056,#2057,
    #2058,#2059,#2060),.UNSPECIFIED.,.F.,.F.,(8,8),(0.,1.),
  .PIECEWISE_BEZIER_KNOTS.);
#2053 = CARTESIAN_POINT('',(15.3234375,11.93046875));
#2054 = CARTESIAN_POINT('',(15.230554454476,11.844276432331));
#2055 = CARTESIAN_POINT('',(15.143072459692,11.759726727807));
#2056 = CARTESIAN_POINT('',(15.061798545648,11.677096484267));
#2057 = CARTESIAN_POINT('',(14.988004295609,11.596963152426));
#2058 = CARTESIAN_POINT('',(14.92336009966,11.520178837027));
#2059 = CARTESIAN_POINT('',(14.869904441979,11.447859310152));
#2060 = CARTESIAN_POINT('',(14.8296875,11.38125));
#2061 = ( GEOMETRIC_REPRESENTATION_CONTEXT(2) 
PARAMETRIC_REPRESENTATION_CONTEXT() REPRESENTATION_CONTEXT('2D SPACE',''
  ) );
#2062 = PCURVE('',#2063,#2070);
#2063 = SURFACE_OF_LINEAR_EXTRUSION('',#2064,#2068);
#2064 = B_SPLINE_CURVE_WITH_KNOTS('',2,(#2065,#2066,#2067),
  .UNSPECIFIED.,.F.,.F.,(3,3),(0.,1.),.PIECEWISE_BEZIER_KNOTS.);
#2065 = CARTESIAN_POINT('',(14.8296875,14.38125,15.95));
#2066 = CARTESIAN_POINT('',(14.9546875,14.58828125,15.95));
#2067 = CARTESIAN_POINT('',(15.3234375,14.93046875,15.95));
#2068 = VECTOR('',#2069,1.);
#2069 = DIRECTION('',(-0.,-0.,-1.));
#2070 = DEFINITIONAL_REPRESENTATION('',(#2071),#2080);
#2071 = B_SPLINE_CURVE_WITH_KNOTS('',7,(#2072,#2073,#2074,#2075,#2076,
    #2077,#2078,#2079),.UNSPECIFIED.,.F.,.F.,(8,8),(0.,1.),
  .PIECEWISE_BEZIER_KNOTS.);
#2072 = CARTESIAN_POINT('',(1.,-5.E-02));
#2073 = CARTESIAN_POINT('',(0.874056887425,-5.E-02));
#2074 = CARTESIAN_POINT('',(0.743204550388,-5.E-02));
#2075 = CARTESIAN_POINT('',(0.606823472804,-5.E-02));
#2076 = CARTESIAN_POINT('',(0.464450303027,-5.E-02));
#2077 = CARTESIAN_POINT('',(0.315815998965,-5.E-02));
#2078 = CARTESIAN_POINT('',(0.160867767915,-5.E-02));
#2079 = CARTESIAN_POINT('',(0.,-5.E-02));
#2080 = ( GEOMETRIC_REPRESENTATION_CONTEXT(2) 
PARAMETRIC_REPRESENTATION_CONTEXT() REPRESENTATION_CONTEXT('2D SPACE',''
  ) );
#2081 = ORIENTED_EDGE('',*,*,#2082,.F.);
#2082 = EDGE_CURVE('',#2083,#2038,#2085,.T.);
#2083 = VERTEX_POINT('',#2084);
#2084 = CARTESIAN_POINT('',(15.6875,15.30546875,16.));
#2085 = SURFACE_CURVE('',#2086,(#2095,#2107),.PCURVE_S1.);
#2086 = B_SPLINE_CURVE_WITH_KNOTS('',7,(#2087,#2088,#2089,#2090,#2091,
    #2092,#2093,#2094),.UNSPECIFIED.,.F.,.F.,(8,8),(0.,1.),
  .PIECEWISE_BEZIER_KNOTS.);
#2087 = CARTESIAN_POINT('',(15.6875,15.30546875,16.));
#2088 = CARTESIAN_POINT('',(15.666232328119,15.274309137709,16.));
#2089 = CARTESIAN_POINT('',(15.632058261619,15.233498337371,16.));
#2090 = CARTESIAN_POINT('',(15.58635242672,15.184235927833,16.));
#2091 = CARTESIAN_POINT('',(15.531054054518,15.128078225585,16.));
#2092 = CARTESIAN_POINT('',(15.467922938297,15.066401454489,16.));
#2093 = CARTESIAN_POINT('',(15.39839479973,15.00029739238,16.));
#2094 = CARTESIAN_POINT('',(15.3234375,14.93046875,16.));
#2095 = PCURVE('',#436,#2096);
#2096 = DEFINITIONAL_REPRESENTATION('',(#2097),#2106);
#2097 = B_SPLINE_CURVE_WITH_KNOTS('',7,(#2098,#2099,#2100,#2101,#2102,
    #2103,#2104,#2105),.UNSPECIFIED.,.F.,.F.,(8,8),(0.,1.),
  .PIECEWISE_BEZIER_KNOTS.);
#2098 = CARTESIAN_POINT('',(15.6875,12.30546875));
#2099 = CARTESIAN_POINT('',(15.666232328119,12.274309137709));
#2100 = CARTESIAN_POINT('',(15.632058261619,12.233498337371));
#2101 = CARTESIAN_POINT('',(15.58635242672,12.184235927833));
#2102 = CARTESIAN_POINT('',(15.531054054518,12.128078225585));
#2103 = CARTESIAN_POINT('',(15.467922938297,12.066401454489));
#2104 = CARTESIAN_POINT('',(15.39839479973,12.00029739238));
#2105 = CARTESIAN_POINT('',(15.3234375,11.93046875));
#2106 = ( GEOMETRIC_REPRESENTATION_CONTEXT(2) 
PARAMETRIC_REPRESENTATION_CONTEXT() REPRESENTATION_CONTEXT('2D SPACE',''
  ) );
#2107 = PCURVE('',#2108,#2115);
#2108 = SURFACE_OF_LINEAR_EXTRUSION('',#2109,#2113);
#2109 = B_SPLINE_CURVE_WITH_KNOTS('',2,(#2110,#2111,#2112),
  .UNSPECIFIED.,.F.,.F.,(3,3),(0.,1.),.PIECEWISE_BEZIER_KNOTS.);
#2110 = CARTESIAN_POINT('',(15.3234375,14.93046875,15.95));
#2111 = CARTESIAN_POINT('',(15.6203125,15.20703125,15.95));
#2112 = CARTESIAN_POINT('',(15.6875,15.30546875,15.95));
#2113 = VECTOR('',#2114,1.);
#2114 = DIRECTION('',(-0.,-0.,-1.));
#2115 = DEFINITIONAL_REPRESENTATION('',(#2116),#2125);
#2116 = B_SPLINE_CURVE_WITH_KNOTS('',7,(#2117,#2118,#2119,#2120,#2121,
    #2122,#2123,#2124),.UNSPECIFIED.,.F.,.F.,(8,8),(0.,1.),
  .PIECEWISE_BEZIER_KNOTS.);
#2117 = CARTESIAN_POINT('',(1.,-5.E-02));
#2118 = CARTESIAN_POINT('',(0.84172895344,-5.E-02));
#2119 = CARTESIAN_POINT('',(0.687319661857,-5.E-02));
#2120 = CARTESIAN_POINT('',(0.538213241225,-5.E-02));
#2121 = CARTESIAN_POINT('',(0.394975412417,-5.E-02));
#2122 = CARTESIAN_POINT('',(0.25773012849,-5.E-02));
#2123 = CARTESIAN_POINT('',(0.12624387323,-5.E-02));
#2124 = CARTESIAN_POINT('',(0.,-5.E-02));
#2125 = ( GEOMETRIC_REPRESENTATION_CONTEXT(2) 
PARAMETRIC_REPRESENTATION_CONTEXT() REPRESENTATION_CONTEXT('2D SPACE',''
  ) );
#2126 = ORIENTED_EDGE('',*,*,#2127,.F.);
#2127 = EDGE_CURVE('',#2128,#2083,#2130,.T.);
#2128 = VERTEX_POINT('',#2129);
#2129 = CARTESIAN_POINT('',(15.778125,15.57421875,16.));
#2130 = SURFACE_CURVE('',#2131,(#2138,#2148),.PCURVE_S1.);
#2131 = B_SPLINE_CURVE_WITH_KNOTS('',5,(#2132,#2133,#2134,#2135,#2136,
    #2137),.UNSPECIFIED.,.F.,.F.,(6,6),(0.,1.),
  .PIECEWISE_BEZIER_KNOTS.);
#2132 = CARTESIAN_POINT('',(15.778125,15.57421875,16.));
#2133 = CARTESIAN_POINT('',(15.778125,15.52078244588,16.));
#2134 = CARTESIAN_POINT('',(15.768955999478,15.467049119876,16.));
#2135 = CARTESIAN_POINT('',(15.7506310049,15.413162879506,16.));
#2136 = CARTESIAN_POINT('',(15.723360877957,15.359260066936,16.));
#2137 = CARTESIAN_POINT('',(15.6875,15.30546875,16.));
#2138 = PCURVE('',#436,#2139);
#2139 = DEFINITIONAL_REPRESENTATION('',(#2140),#2147);
#2140 = B_SPLINE_CURVE_WITH_KNOTS('',5,(#2141,#2142,#2143,#2144,#2145,
    #2146),.UNSPECIFIED.,.F.,.F.,(6,6),(0.,1.),
  .PIECEWISE_BEZIER_KNOTS.);
#2141 = CARTESIAN_POINT('',(15.778125,12.57421875));
#2142 = CARTESIAN_POINT('',(15.778125,12.52078244588));
#2143 = CARTESIAN_POINT('',(15.768955999478,12.467049119876));
#2144 = CARTESIAN_POINT('',(15.7506310049,12.413162879506));
#2145 = CARTESIAN_POINT('',(15.723360877957,12.359260066936));
#2146 = CARTESIAN_POINT('',(15.6875,12.30546875));
#2147 = ( GEOMETRIC_REPRESENTATION_CONTEXT(2) 
PARAMETRIC_REPRESENTATION_CONTEXT() REPRESENTATION_CONTEXT('2D SPACE',''
  ) );
#2148 = PCURVE('',#2149,#2156);
#2149 = SURFACE_OF_LINEAR_EXTRUSION('',#2150,#2154);
#2150 = B_SPLINE_CURVE_WITH_KNOTS('',2,(#2151,#2152,#2153),
  .UNSPECIFIED.,.F.,.F.,(3,3),(0.,1.),.PIECEWISE_BEZIER_KNOTS.);
#2151 = CARTESIAN_POINT('',(15.6875,15.30546875,15.95));
#2152 = CARTESIAN_POINT('',(15.778125,15.44140625,15.95));
#2153 = CARTESIAN_POINT('',(15.778125,15.57421875,15.95));
#2154 = VECTOR('',#2155,1.);
#2155 = DIRECTION('',(-0.,-0.,-1.));
#2156 = DEFINITIONAL_REPRESENTATION('',(#2157),#2164);
#2157 = B_SPLINE_CURVE_WITH_KNOTS('',5,(#2158,#2159,#2160,#2161,#2162,
    #2163),.UNSPECIFIED.,.F.,.F.,(6,6),(0.,1.),
  .PIECEWISE_BEZIER_KNOTS.);
#2158 = CARTESIAN_POINT('',(1.,-5.E-02));
#2159 = CARTESIAN_POINT('',(0.79882803155,-5.E-02));
#2160 = CARTESIAN_POINT('',(0.597728159276,-5.E-02));
#2161 = CARTESIAN_POINT('',(0.397241217139,-5.E-02));
#2162 = CARTESIAN_POINT('',(0.197853119765,-5.E-02));
#2163 = CARTESIAN_POINT('',(0.,-5.E-02));
#2164 = ( GEOMETRIC_REPRESENTATION_CONTEXT(2) 
PARAMETRIC_REPRESENTATION_CONTEXT() REPRESENTATION_CONTEXT('2D SPACE',''
  ) );
#2165 = ORIENTED_EDGE('',*,*,#2166,.F.);
#2166 = EDGE_CURVE('',#2167,#2128,#2169,.T.);
#2167 = VERTEX_POINT('',#2168);
#2168 = CARTESIAN_POINT('',(15.69921875,15.8,16.));
#2169 = SURFACE_CURVE('',#2170,(#2181,#2195),.PCURVE_S1.);
#2170 = B_SPLINE_CURVE_WITH_KNOTS('',5,(#2171,#2172,#2173,#2174,#2175,
    #2176,#2177,#2178,#2179,#2180),.UNSPECIFIED.,.F.,.F.,(6,4,6),(0.,
    8.057320579414E-02,1.),.UNSPECIFIED.);
#2171 = CARTESIAN_POINT('',(15.69921875,15.8,16.));
#2172 = CARTESIAN_POINT('',(15.701775087537,15.797443662463,16.));
#2173 = CARTESIAN_POINT('',(15.704279834012,15.794842568261,16.));
#2174 = CARTESIAN_POINT('',(15.706732917923,15.792196763225,16.));
#2175 = CARTESIAN_POINT('',(15.709134277078,15.789506301298,16.));
#2176 = CARTESIAN_POINT('',(15.738295106569,15.755561310036,16.));
#2177 = CARTESIAN_POINT('',(15.758365380972,15.718543297222,16.));
#2178 = CARTESIAN_POINT('',(15.771611432005,15.675812312071,16.));
#2179 = CARTESIAN_POINT('',(15.778125,15.62759674282,16.));
#2180 = CARTESIAN_POINT('',(15.778125,15.57421875,16.));
#2181 = PCURVE('',#436,#2182);
#2182 = DEFINITIONAL_REPRESENTATION('',(#2183),#2194);
#2183 = B_SPLINE_CURVE_WITH_KNOTS('',5,(#2184,#2185,#2186,#2187,#2188,
    #2189,#2190,#2191,#2192,#2193),.UNSPECIFIED.,.F.,.F.,(6,4,6),(0.,
    8.057320579414E-02,1.),.UNSPECIFIED.);
#2184 = CARTESIAN_POINT('',(15.69921875,12.8));
#2185 = CARTESIAN_POINT('',(15.701775087537,12.797443662463));
#2186 = CARTESIAN_POINT('',(15.704279834012,12.794842568261));
#2187 = CARTESIAN_POINT('',(15.706732917923,12.792196763225));
#2188 = CARTESIAN_POINT('',(15.709134277078,12.789506301298));
#2189 = CARTESIAN_POINT('',(15.738295106569,12.755561310036));
#2190 = CARTESIAN_POINT('',(15.758365380972,12.718543297222));
#2191 = CARTESIAN_POINT('',(15.771611432005,12.675812312071));
#2192 = CARTESIAN_POINT('',(15.778125,12.62759674282));
#2193 = CARTESIAN_POINT('',(15.778125,12.57421875));
#2194 = ( GEOMETRIC_REPRESENTATION_CONTEXT(2) 
PARAMETRIC_REPRESENTATION_CONTEXT() REPRESENTATION_CONTEXT('2D SPACE',''
  ) );
#2195 = PCURVE('',#2196,#2203);
#2196 = SURFACE_OF_LINEAR_EXTRUSION('',#2197,#2201);
#2197 = B_SPLINE_CURVE_WITH_KNOTS('',2,(#2198,#2199,#2200),
  .UNSPECIFIED.,.F.,.F.,(3,3),(0.,1.),.PIECEWISE_BEZIER_KNOTS.);
#2198 = CARTESIAN_POINT('',(15.778125,15.57421875,15.95));
#2199 = CARTESIAN_POINT('',(15.778125,15.72109375,15.95));
#2200 = CARTESIAN_POINT('',(15.69921875,15.8,15.95));
#2201 = VECTOR('',#2202,1.);
#2202 = DIRECTION('',(-0.,-0.,-1.));
#2203 = DEFINITIONAL_REPRESENTATION('',(#2204),#2215);
#2204 = B_SPLINE_CURVE_WITH_KNOTS('',5,(#2205,#2206,#2207,#2208,#2209,
    #2210,#2211,#2212,#2213,#2214),.UNSPECIFIED.,.F.,.F.,(6,4,6),(0.,
    8.057320579414E-02,1.),.UNSPECIFIED.);
#2205 = CARTESIAN_POINT('',(1.,-5.E-02));
#2206 = CARTESIAN_POINT('',(0.98380142551,-5.E-02));
#2207 = CARTESIAN_POINT('',(0.967601772416,-5.E-02));
#2208 = CARTESIAN_POINT('',(0.951401406411,-5.E-02));
#2209 = CARTESIAN_POINT('',(0.935200693501,-5.E-02));
#2210 = CARTESIAN_POINT('',(0.734132691539,-5.E-02));
#2211 = CARTESIAN_POINT('',(0.549260286491,-5.E-02));
#2212 = CARTESIAN_POINT('',(0.364950669802,-5.E-02));
#2213 = CARTESIAN_POINT('',(0.181712315983,-5.E-02));
#2214 = CARTESIAN_POINT('',(0.,-5.E-02));
#2215 = ( GEOMETRIC_REPRESENTATION_CONTEXT(2) 
PARAMETRIC_REPRESENTATION_CONTEXT() REPRESENTATION_CONTEXT('2D SPACE',''
  ) );
#2216 = ORIENTED_EDGE('',*,*,#2217,.F.);
#2217 = EDGE_CURVE('',#2218,#2167,#2220,.T.);
#2218 = VERTEX_POINT('',#2219);
#2219 = CARTESIAN_POINT('',(15.48125,15.87890625,16.));
#2220 = SURFACE_CURVE('',#2221,(#2232,#2246),.PCURVE_S1.);
#2221 = B_SPLINE_CURVE_WITH_KNOTS('',5,(#2222,#2223,#2224,#2225,#2226,
    #2227,#2228,#2229,#2230,#2231),.UNSPECIFIED.,.F.,.F.,(6,4,6),(0.,
    0.849556499882,1.),.UNSPECIFIED.);
#2222 = CARTESIAN_POINT('',(15.48125,15.87890625,16.));
#2223 = CARTESIAN_POINT('',(15.528057794143,15.87890625,16.));
#2224 = CARTESIAN_POINT('',(15.570913148404,15.873318889308,16.));
#2225 = CARTESIAN_POINT('',(15.609610165135,15.861997393617,16.));
#2226 = CARTESIAN_POINT('',(15.644001677234,15.8448831625,16.));
#2227 = CARTESIAN_POINT('',(15.679332773652,15.817983696238,16.));
#2228 = CARTESIAN_POINT('',(15.684510912176,15.813756877353,16.));
#2229 = CARTESIAN_POINT('',(15.689551475234,15.809350377944,16.));
#2230 = CARTESIAN_POINT('',(15.6944541618,15.8047645882,16.));
#2231 = CARTESIAN_POINT('',(15.69921875,15.8,16.));
#2232 = PCURVE('',#436,#2233);
#2233 = DEFINITIONAL_REPRESENTATION('',(#2234),#2245);
#2234 = B_SPLINE_CURVE_WITH_KNOTS('',5,(#2235,#2236,#2237,#2238,#2239,
    #2240,#2241,#2242,#2243,#2244),.UNSPECIFIED.,.F.,.F.,(6,4,6),(0.,
    0.849556499882,1.),.UNSPECIFIED.);
#2235 = CARTESIAN_POINT('',(15.48125,12.87890625));
#2236 = CARTESIAN_POINT('',(15.528057794143,12.87890625));
#2237 = CARTESIAN_POINT('',(15.570913148404,12.873318889308));
#2238 = CARTESIAN_POINT('',(15.609610165135,12.861997393617));
#2239 = CARTESIAN_POINT('',(15.644001677234,12.8448831625));
#2240 = CARTESIAN_POINT('',(15.679332773652,12.817983696238));
#2241 = CARTESIAN_POINT('',(15.684510912176,12.813756877353));
#2242 = CARTESIAN_POINT('',(15.689551475234,12.809350377944));
#2243 = CARTESIAN_POINT('',(15.6944541618,12.8047645882));
#2244 = CARTESIAN_POINT('',(15.69921875,12.8));
#2245 = ( GEOMETRIC_REPRESENTATION_CONTEXT(2) 
PARAMETRIC_REPRESENTATION_CONTEXT() REPRESENTATION_CONTEXT('2D SPACE',''
  ) );
#2246 = PCURVE('',#2247,#2254);
#2247 = SURFACE_OF_LINEAR_EXTRUSION('',#2248,#2252);
#2248 = B_SPLINE_CURVE_WITH_KNOTS('',2,(#2249,#2250,#2251),
  .UNSPECIFIED.,.F.,.F.,(3,3),(0.,1.),.PIECEWISE_BEZIER_KNOTS.);
#2249 = CARTESIAN_POINT('',(15.69921875,15.8,15.95));
#2250 = CARTESIAN_POINT('',(15.6203125,15.87890625,15.95));
#2251 = CARTESIAN_POINT('',(15.48125,15.87890625,15.95));
#2252 = VECTOR('',#2253,1.);
#2253 = DIRECTION('',(-0.,-0.,-1.));
#2254 = DEFINITIONAL_REPRESENTATION('',(#2255),#2266);
#2255 = B_SPLINE_CURVE_WITH_KNOTS('',5,(#2256,#2257,#2258,#2259,#2260,
    #2261,#2262,#2263,#2264,#2265),.UNSPECIFIED.,.F.,.F.,(6,4,6),(0.,
    0.849556499882,1.),.UNSPECIFIED.);
#2256 = CARTESIAN_POINT('',(1.,-5.E-02));
#2257 = CARTESIAN_POINT('',(0.831702313194,-5.E-02));
#2258 = CARTESIAN_POINT('',(0.662299975096,-5.E-02));
#2259 = CARTESIAN_POINT('',(0.492130964688,-5.E-02));
#2260 = CARTESIAN_POINT('',(0.321563790833,-5.E-02));
#2261 = CARTESIAN_POINT('',(0.120795753796,-5.E-02));
#2262 = CARTESIAN_POINT('',(9.059147585301E-02,-5.E-02));
#2263 = CARTESIAN_POINT('',(6.038932394639E-02,-5.E-02));
#2264 = CARTESIAN_POINT('',(3.019144998298E-02,-5.E-02));
#2265 = CARTESIAN_POINT('',(0.,-5.E-02));
#2266 = ( GEOMETRIC_REPRESENTATION_CONTEXT(2) 
PARAMETRIC_REPRESENTATION_CONTEXT() REPRESENTATION_CONTEXT('2D SPACE',''
  ) );
#2267 = ORIENTED_EDGE('',*,*,#2268,.F.);
#2268 = EDGE_CURVE('',#2269,#2218,#2271,.T.);
#2269 = VERTEX_POINT('',#2270);
#2270 = CARTESIAN_POINT('',(15.2625,15.79609375,16.));
#2271 = SURFACE_CURVE('',#2272,(#2283,#2297),.PCURVE_S1.);
#2272 = B_SPLINE_CURVE_WITH_KNOTS('',5,(#2273,#2274,#2275,#2276,#2277,
    #2278,#2279,#2280,#2281,#2282),.UNSPECIFIED.,.F.,.F.,(6,4,6),(0.,
    0.227397316999,1.),.UNSPECIFIED.);
#2273 = CARTESIAN_POINT('',(15.2625,15.79609375,16.));
#2274 = CARTESIAN_POINT('',(15.269905105154,15.803641261023,16.));
#2275 = CARTESIAN_POINT('',(15.277605897501,15.81076258284,16.));
#2276 = CARTESIAN_POINT('',(15.285601744045,15.817455626732,16.));
#2277 = CARTESIAN_POINT('',(15.293891618243,15.823718863806,16.));
#2278 = CARTESIAN_POINT('',(15.331633847881,15.849367632539,16.));
#2279 = CARTESIAN_POINT('',(15.364171900207,15.864211631031,16.));
#2280 = CARTESIAN_POINT('',(15.400031300258,15.874043915321,16.));
#2281 = CARTESIAN_POINT('',(15.439105824279,15.87890625,16.));
#2282 = CARTESIAN_POINT('',(15.48125,15.87890625,16.));
#2283 = PCURVE('',#436,#2284);
#2284 = DEFINITIONAL_REPRESENTATION('',(#2285),#2296);
#2285 = B_SPLINE_CURVE_WITH_KNOTS('',5,(#2286,#2287,#2288,#2289,#2290,
    #2291,#2292,#2293,#2294,#2295),.UNSPECIFIED.,.F.,.F.,(6,4,6),(0.,
    0.227397316999,1.),.UNSPECIFIED.);
#2286 = CARTESIAN_POINT('',(15.2625,12.79609375));
#2287 = CARTESIAN_POINT('',(15.269905105154,12.803641261023));
#2288 = CARTESIAN_POINT('',(15.277605897501,12.81076258284));
#2289 = CARTESIAN_POINT('',(15.285601744045,12.817455626732));
#2290 = CARTESIAN_POINT('',(15.293891618243,12.823718863806));
#2291 = CARTESIAN_POINT('',(15.331633847881,12.849367632539));
#2292 = CARTESIAN_POINT('',(15.364171900207,12.864211631031));
#2293 = CARTESIAN_POINT('',(15.400031300258,12.874043915321));
#2294 = CARTESIAN_POINT('',(15.439105824279,12.87890625));
#2295 = CARTESIAN_POINT('',(15.48125,12.87890625));
#2296 = ( GEOMETRIC_REPRESENTATION_CONTEXT(2) 
PARAMETRIC_REPRESENTATION_CONTEXT() REPRESENTATION_CONTEXT('2D SPACE',''
  ) );
#2297 = PCURVE('',#2298,#2305);
#2298 = SURFACE_OF_LINEAR_EXTRUSION('',#2299,#2303);
#2299 = B_SPLINE_CURVE_WITH_KNOTS('',2,(#2300,#2301,#2302),
  .UNSPECIFIED.,.F.,.F.,(3,3),(0.,1.),.PIECEWISE_BEZIER_KNOTS.);
#2300 = CARTESIAN_POINT('',(15.48125,15.87890625,15.95));
#2301 = CARTESIAN_POINT('',(15.34375,15.87890625,15.95));
#2302 = CARTESIAN_POINT('',(15.2625,15.79609375,15.95));
#2303 = VECTOR('',#2304,1.);
#2304 = DIRECTION('',(-0.,-0.,-1.));
#2305 = DEFINITIONAL_REPRESENTATION('',(#2306),#2317);
#2306 = B_SPLINE_CURVE_WITH_KNOTS('',5,(#2307,#2308,#2309,#2310,#2311,
    #2312,#2313,#2314,#2315,#2316),.UNSPECIFIED.,.F.,.F.,(6,4,6),(0.,
    0.227397316999,1.),.UNSPECIFIED.);
#2307 = CARTESIAN_POINT('',(1.,-5.E-02));
#2308 = CARTESIAN_POINT('',(0.954430122128,-5.E-02));
#2309 = CARTESIAN_POINT('',(0.908837698129,-5.E-02));
#2310 = CARTESIAN_POINT('',(0.863230188905,-5.E-02));
#2311 = CARTESIAN_POINT('',(0.817615103679,-5.E-02));
#2312 = CARTESIAN_POINT('',(0.617018613442,-5.E-02));
#2313 = CARTESIAN_POINT('',(0.462034001501,-5.E-02));
#2314 = CARTESIAN_POINT('',(0.30735060959,-5.E-02));
#2315 = CARTESIAN_POINT('',(0.153251548077,-5.E-02));
#2316 = CARTESIAN_POINT('',(0.,-5.E-02));
#2317 = ( GEOMETRIC_REPRESENTATION_CONTEXT(2) 
PARAMETRIC_REPRESENTATION_CONTEXT() REPRESENTATION_CONTEXT('2D SPACE',''
  ) );
#2318 = ORIENTED_EDGE('',*,*,#2319,.F.);
#2319 = EDGE_CURVE('',#2320,#2269,#2322,.T.);
#2320 = VERTEX_POINT('',#2321);
#2321 = CARTESIAN_POINT('',(15.16875,15.52109375,16.));
#2322 = SURFACE_CURVE('',#2323,(#2330,#2340),.PCURVE_S1.);
#2323 = B_SPLINE_CURVE_WITH_KNOTS('',5,(#2324,#2325,#2326,#2327,#2328,
    #2329),.UNSPECIFIED.,.F.,.F.,(6,6),(0.,1.),
  .PIECEWISE_BEZIER_KNOTS.);
#2324 = CARTESIAN_POINT('',(15.16875,15.52109375,16.));
#2325 = CARTESIAN_POINT('',(15.173620649887,15.595979992013,16.));
#2326 = CARTESIAN_POINT('',(15.185099320347,15.661778012506,16.));
#2327 = CARTESIAN_POINT('',(15.203618451911,15.717522932296,16.));
#2328 = CARTESIAN_POINT('',(15.229450561598,15.762408745475,16.));
#2329 = CARTESIAN_POINT('',(15.2625,15.79609375,16.));
#2330 = PCURVE('',#436,#2331);
#2331 = DEFINITIONAL_REPRESENTATION('',(#2332),#2339);
#2332 = B_SPLINE_CURVE_WITH_KNOTS('',5,(#2333,#2334,#2335,#2336,#2337,
    #2338),.UNSPECIFIED.,.F.,.F.,(6,6),(0.,1.),
  .PIECEWISE_BEZIER_KNOTS.);
#2333 = CARTESIAN_POINT('',(15.16875,12.52109375));
#2334 = CARTESIAN_POINT('',(15.173620649887,12.595979992013));
#2335 = CARTESIAN_POINT('',(15.185099320347,12.661778012506));
#2336 = CARTESIAN_POINT('',(15.203618451911,12.717522932296));
#2337 = CARTESIAN_POINT('',(15.229450561598,12.762408745475));
#2338 = CARTESIAN_POINT('',(15.2625,12.79609375));
#2339 = ( GEOMETRIC_REPRESENTATION_CONTEXT(2) 
PARAMETRIC_REPRESENTATION_CONTEXT() REPRESENTATION_CONTEXT('2D SPACE',''
  ) );
#2340 = PCURVE('',#2341,#2348);
#2341 = SURFACE_OF_LINEAR_EXTRUSION('',#2342,#2346);
#2342 = B_SPLINE_CURVE_WITH_KNOTS('',2,(#2343,#2344,#2345),
  .UNSPECIFIED.,.F.,.F.,(3,3),(0.,1.),.PIECEWISE_BEZIER_KNOTS.);
#2343 = CARTESIAN_POINT('',(15.2625,15.79609375,15.95));
#2344 = CARTESIAN_POINT('',(15.18125,15.71328125,15.95));
#2345 = CARTESIAN_POINT('',(15.16875,15.52109375,15.95));
#2346 = VECTOR('',#2347,1.);
#2347 = DIRECTION('',(-0.,-0.,-1.));
#2348 = DEFINITIONAL_REPRESENTATION('',(#2349),#2356);
#2349 = B_SPLINE_CURVE_WITH_KNOTS('',5,(#2350,#2351,#2352,#2353,#2354,
    #2355),.UNSPECIFIED.,.F.,.F.,(6,6),(0.,1.),
  .PIECEWISE_BEZIER_KNOTS.);
#2350 = CARTESIAN_POINT('',(1.,-5.E-02));
#2351 = CARTESIAN_POINT('',(0.805174004518,-5.E-02));
#2352 = CARTESIAN_POINT('',(0.606989418646,-5.E-02));
#2353 = CARTESIAN_POINT('',(0.406099094185,-5.E-02));
#2354 = CARTESIAN_POINT('',(0.203381159396,-5.E-02));
#2355 = CARTESIAN_POINT('',(0.,-5.E-02));
#2356 = ( GEOMETRIC_REPRESENTATION_CONTEXT(2) 
PARAMETRIC_REPRESENTATION_CONTEXT() REPRESENTATION_CONTEXT('2D SPACE',''
  ) );
#2357 = ORIENTED_EDGE('',*,*,#2358,.F.);
#2358 = EDGE_CURVE('',#2359,#2320,#2361,.T.);
#2359 = VERTEX_POINT('',#2360);
#2360 = CARTESIAN_POINT('',(14.73125,15.56484375,16.));
#2361 = SURFACE_CURVE('',#2362,(#2366,#2372),.PCURVE_S1.);
#2362 = LINE('',#2363,#2364);
#2363 = CARTESIAN_POINT('',(8.27932394802,16.210036355198,16.));
#2364 = VECTOR('',#2365,1.);
#2365 = DIRECTION('',(0.99503719021,-9.9503719021E-02,0.));
#2366 = PCURVE('',#436,#2367);
#2367 = DEFINITIONAL_REPRESENTATION('',(#2368),#2371);
#2368 = B_SPLINE_CURVE_WITH_KNOTS('',1,(#2369,#2370),.UNSPECIFIED.,.F.,
  .F.,(2,2),(6.484105433907,6.923787492331),.PIECEWISE_BEZIER_KNOTS.);
#2369 = CARTESIAN_POINT('',(14.73125,12.56484375));
#2370 = CARTESIAN_POINT('',(15.16875,12.52109375));
#2371 = ( GEOMETRIC_REPRESENTATION_CONTEXT(2) 
PARAMETRIC_REPRESENTATION_CONTEXT() REPRESENTATION_CONTEXT('2D SPACE',''
  ) );
#2372 = PCURVE('',#2373,#2378);
#2373 = PLANE('',#2374);
#2374 = AXIS2_PLACEMENT_3D('',#2375,#2376,#2377);
#2375 = CARTESIAN_POINT('',(15.16875,15.52109375,15.95));
#2376 = DIRECTION('',(-9.9503719021E-02,-0.99503719021,0.));
#2377 = DIRECTION('',(-0.99503719021,9.9503719021E-02,0.));
#2378 = DEFINITIONAL_REPRESENTATION('',(#2379),#2382);
#2379 = B_SPLINE_CURVE_WITH_KNOTS('',1,(#2380,#2381),.UNSPECIFIED.,.F.,
  .F.,(2,2),(6.484105433907,6.923787492331),.PIECEWISE_BEZIER_KNOTS.);
#2380 = CARTESIAN_POINT('',(0.439682058424,-5.E-02));
#2381 = CARTESIAN_POINT('',(0.,-5.E-02));
#2382 = ( GEOMETRIC_REPRESENTATION_CONTEXT(2) 
PARAMETRIC_REPRESENTATION_CONTEXT() REPRESENTATION_CONTEXT('2D SPACE',''
  ) );
#2383 = ORIENTED_EDGE('',*,*,#2384,.F.);
#2384 = EDGE_CURVE('',#2385,#2359,#2387,.T.);
#2385 = VERTEX_POINT('',#2386);
#2386 = CARTESIAN_POINT('',(14.9765625,16.08515625,16.));
#2387 = SURFACE_CURVE('',#2388,(#2403,#2421),.PCURVE_S1.);
#2388 = B_SPLINE_CURVE_WITH_KNOTS('',5,(#2389,#2390,#2391,#2392,#2393,
    #2394,#2395,#2396,#2397,#2398,#2399,#2400,#2401,#2402),
  .UNSPECIFIED.,.F.,.F.,(6,4,4,6),(0.,3.099721431214E-02,0.503823125647,
    1.),.UNSPECIFIED.);
#2389 = CARTESIAN_POINT('',(14.9765625,16.08515625,16.));
#2390 = CARTESIAN_POINT('',(14.973922690971,16.083136396122,16.));
#2391 = CARTESIAN_POINT('',(14.971299854431,16.081095474303,16.));
#2392 = CARTESIAN_POINT('',(14.968694043673,16.079033517835,16.));
#2393 = CARTESIAN_POINT('',(14.966105309456,16.076950563187,16.));
#2394 = CARTESIAN_POINT('',(14.924306833595,16.042753938057,16.));
#2395 = CARTESIAN_POINT('',(14.889061200156,16.00578190536,16.));
#2396 = CARTESIAN_POINT('',(14.857980000038,15.964078190631,16.));
#2397 = CARTESIAN_POINT('',(14.831070680646,15.917949755484,16.));
#2398 = CARTESIAN_POINT('',(14.784255520827,15.815162227684,16.));
#2399 = CARTESIAN_POINT('',(14.764758885255,15.758089723747,16.));
#2400 = CARTESIAN_POINT('',(14.749609210888,15.697023637095,16.));
#2401 = CARTESIAN_POINT('',(14.738536442906,15.632461940168,16.));
#2402 = CARTESIAN_POINT('',(14.73125,15.56484375,16.));
#2403 = PCURVE('',#436,#2404);
#2404 = DEFINITIONAL_REPRESENTATION('',(#2405),#2420);
#2405 = B_SPLINE_CURVE_WITH_KNOTS('',5,(#2406,#2407,#2408,#2409,#2410,
    #2411,#2412,#2413,#2414,#2415,#2416,#2417,#2418,#2419),
  .UNSPECIFIED.,.F.,.F.,(6,4,4,6),(0.,3.099721431214E-02,0.503823125647,
    1.),.UNSPECIFIED.);
#2406 = CARTESIAN_POINT('',(14.9765625,13.08515625));
#2407 = CARTESIAN_POINT('',(14.973922690971,13.083136396122));
#2408 = CARTESIAN_POINT('',(14.971299854431,13.081095474303));
#2409 = CARTESIAN_POINT('',(14.968694043673,13.079033517835));
#2410 = CARTESIAN_POINT('',(14.966105309456,13.076950563187));
#2411 = CARTESIAN_POINT('',(14.924306833595,13.042753938057));
#2412 = CARTESIAN_POINT('',(14.889061200156,13.00578190536));
#2413 = CARTESIAN_POINT('',(14.857980000038,12.964078190631));
#2414 = CARTESIAN_POINT('',(14.831070680646,12.917949755484));
#2415 = CARTESIAN_POINT('',(14.784255520827,12.815162227684));
#2416 = CARTESIAN_POINT('',(14.764758885255,12.758089723747));
#2417 = CARTESIAN_POINT('',(14.749609210888,12.697023637095));
#2418 = CARTESIAN_POINT('',(14.738536442906,12.632461940168));
#2419 = CARTESIAN_POINT('',(14.73125,12.56484375));
#2420 = ( GEOMETRIC_REPRESENTATION_CONTEXT(2) 
PARAMETRIC_REPRESENTATION_CONTEXT() REPRESENTATION_CONTEXT('2D SPACE',''
  ) );
#2421 = PCURVE('',#2422,#2429);
#2422 = SURFACE_OF_LINEAR_EXTRUSION('',#2423,#2427);
#2423 = B_SPLINE_CURVE_WITH_KNOTS('',2,(#2424,#2425,#2426),
  .UNSPECIFIED.,.F.,.F.,(3,3),(0.,1.),.PIECEWISE_BEZIER_KNOTS.);
#2424 = CARTESIAN_POINT('',(14.73125,15.56484375,15.95));
#2425 = CARTESIAN_POINT('',(14.7703125,15.92734375,15.95));
#2426 = CARTESIAN_POINT('',(14.9765625,16.08515625,15.95));
#2427 = VECTOR('',#2428,1.);
#2428 = DIRECTION('',(-0.,-0.,-1.));
#2429 = DEFINITIONAL_REPRESENTATION('',(#2430),#2445);
#2430 = B_SPLINE_CURVE_WITH_KNOTS('',5,(#2431,#2432,#2433,#2434,#2435,
    #2436,#2437,#2438,#2439,#2440,#2441,#2442,#2443,#2444),
  .UNSPECIFIED.,.F.,.F.,(6,4,4,6),(0.,3.099721431214E-02,0.503823125647,
    1.),.UNSPECIFIED.);
#2431 = CARTESIAN_POINT('',(1.,-5.E-02));
#2432 = CARTESIAN_POINT('',(0.993600462961,-5.E-02));
#2433 = CARTESIAN_POINT('',(0.987200574322,-5.E-02));
#2434 = CARTESIAN_POINT('',(0.980800454161,-5.E-02));
#2435 = CARTESIAN_POINT('',(0.974400222639,-5.E-02));
#2436 = CARTESIAN_POINT('',(0.870372159272,-5.E-02));
#2437 = CARTESIAN_POINT('',(0.772738102782,-5.E-02));
#2438 = CARTESIAN_POINT('',(0.675551046258,-5.E-02));
#2439 = CARTESIAN_POINT('',(0.579196147921,-5.E-02));
#2440 = CARTESIAN_POINT('',(0.384102498629,-5.E-02));
#2441 = CARTESIAN_POINT('',(0.285470465532,-5.E-02));
#2442 = CARTESIAN_POINT('',(0.188457149884,-5.E-02));
#2443 = CARTESIAN_POINT('',(9.326646919719E-02,-5.E-02));
#2444 = CARTESIAN_POINT('',(0.,-5.E-02));
#2445 = ( GEOMETRIC_REPRESENTATION_CONTEXT(2) 
PARAMETRIC_REPRESENTATION_CONTEXT() REPRESENTATION_CONTEXT('2D SPACE',''
  ) );
#2446 = ORIENTED_EDGE('',*,*,#2447,.F.);
#2447 = EDGE_CURVE('',#2448,#2385,#2450,.T.);
#2448 = VERTEX_POINT('',#2449);
#2449 = CARTESIAN_POINT('',(15.4921875,16.24296875,16.));
#2450 = SURFACE_CURVE('',#2451,(#2462,#2476),.PCURVE_S1.);
#2451 = B_SPLINE_CURVE_WITH_KNOTS('',5,(#2452,#2453,#2454,#2455,#2456,
    #2457,#2458,#2459,#2460,#2461),.UNSPECIFIED.,.F.,.F.,(6,4,6),(0.,
    0.899321832751,1.),.UNSPECIFIED.);
#2452 = CARTESIAN_POINT('',(15.4921875,16.24296875,16.));
#2453 = CARTESIAN_POINT('',(15.384191204344,16.24296875,16.));
#2454 = CARTESIAN_POINT('',(15.281841142886,16.230949448739,16.));
#2455 = CARTESIAN_POINT('',(15.186325784648,16.205929923437,16.));
#2456 = CARTESIAN_POINT('',(15.098727636156,16.167366742219,16.));
#2457 = CARTESIAN_POINT('',(15.010864514437,16.109924988235,16.));
#2458 = CARTESIAN_POINT('',(15.002125956509,16.103977609612,16.));
#2459 = CARTESIAN_POINT('',(14.993495599587,16.097866546791,16.));
#2460 = CARTESIAN_POINT('',(14.984974218092,16.091592488843,16.));
#2461 = CARTESIAN_POINT('',(14.9765625,16.08515625,16.));
#2462 = PCURVE('',#436,#2463);
#2463 = DEFINITIONAL_REPRESENTATION('',(#2464),#2475);
#2464 = B_SPLINE_CURVE_WITH_KNOTS('',5,(#2465,#2466,#2467,#2468,#2469,
    #2470,#2471,#2472,#2473,#2474),.UNSPECIFIED.,.F.,.F.,(6,4,6),(0.,
    0.899321832751,1.),.UNSPECIFIED.);
#2465 = CARTESIAN_POINT('',(15.4921875,13.24296875));
#2466 = CARTESIAN_POINT('',(15.384191204344,13.24296875));
#2467 = CARTESIAN_POINT('',(15.281841142886,13.230949448739));
#2468 = CARTESIAN_POINT('',(15.186325784648,13.205929923437));
#2469 = CARTESIAN_POINT('',(15.098727636156,13.167366742219));
#2470 = CARTESIAN_POINT('',(15.010864514437,13.109924988235));
#2471 = CARTESIAN_POINT('',(15.002125956509,13.103977609612));
#2472 = CARTESIAN_POINT('',(14.993495599587,13.097866546791));
#2473 = CARTESIAN_POINT('',(14.984974218092,13.091592488843));
#2474 = CARTESIAN_POINT('',(14.9765625,13.08515625));
#2475 = ( GEOMETRIC_REPRESENTATION_CONTEXT(2) 
PARAMETRIC_REPRESENTATION_CONTEXT() REPRESENTATION_CONTEXT('2D SPACE',''
  ) );
#2476 = PCURVE('',#2477,#2484);
#2477 = SURFACE_OF_LINEAR_EXTRUSION('',#2478,#2482);
#2478 = B_SPLINE_CURVE_WITH_KNOTS('',2,(#2479,#2480,#2481),
  .UNSPECIFIED.,.F.,.F.,(3,3),(0.,1.),.PIECEWISE_BEZIER_KNOTS.);
#2479 = CARTESIAN_POINT('',(14.9765625,16.08515625,15.95));
#2480 = CARTESIAN_POINT('',(15.1828125,16.24296875,15.95));
#2481 = CARTESIAN_POINT('',(15.4921875,16.24296875,15.95));
#2482 = VECTOR('',#2483,1.);
#2483 = DIRECTION('',(-0.,-0.,-1.));
#2484 = DEFINITIONAL_REPRESENTATION('',(#2485),#2496);
#2485 = B_SPLINE_CURVE_WITH_KNOTS('',5,(#2486,#2487,#2488,#2489,#2490,
    #2491,#2492,#2493,#2494,#2495),.UNSPECIFIED.,.F.,.F.,(6,4,6),(0.,
    0.899321832751,1.),.UNSPECIFIED.);
#2486 = CARTESIAN_POINT('',(1.,-5.E-02));
#2487 = CARTESIAN_POINT('',(0.825460532273,-5.E-02));
#2488 = CARTESIAN_POINT('',(0.647352640036,-5.E-02));
#2489 = CARTESIAN_POINT('',(0.466561123253,-5.E-02));
#2490 = CARTESIAN_POINT('',(0.284261565967,-5.E-02));
#2491 = CARTESIAN_POINT('',(8.159600250629E-02,-5.E-02));
#2492 = CARTESIAN_POINT('',(6.119202067074E-02,-5.E-02));
#2493 = CARTESIAN_POINT('',(4.079004134744E-02,-5.E-02));
#2494 = CARTESIAN_POINT('',(2.039204385969E-02,-5.E-02));
#2495 = CARTESIAN_POINT('',(0.,-5.E-02));
#2496 = ( GEOMETRIC_REPRESENTATION_CONTEXT(2) 
PARAMETRIC_REPRESENTATION_CONTEXT() REPRESENTATION_CONTEXT('2D SPACE',''
  ) );
#2497 = ORIENTED_EDGE('',*,*,#2498,.F.);
#2498 = EDGE_CURVE('',#2499,#2448,#2501,.T.);
#2499 = VERTEX_POINT('',#2500);
#2500 = CARTESIAN_POINT('',(16.025,16.06015625,16.));
#2501 = SURFACE_CURVE('',#2502,(#2517,#2535),.PCURVE_S1.);
#2502 = B_SPLINE_CURVE_WITH_KNOTS('',5,(#2503,#2504,#2505,#2506,#2507,
    #2508,#2509,#2510,#2511,#2512,#2513,#2514,#2515,#2516),
  .UNSPECIFIED.,.F.,.F.,(6,4,4,6),(0.,9.409450079907E-02,0.539545110088,
    1.),.UNSPECIFIED.);
#2503 = CARTESIAN_POINT('',(16.025,16.06015625,16.));
#2504 = CARTESIAN_POINT('',(16.017563919048,16.067172552188,16.));
#2505 = CARTESIAN_POINT('',(16.009991131885,16.074023314069,16.));
#2506 = CARTESIAN_POINT('',(16.002282392768,16.080707359231,16.));
#2507 = CARTESIAN_POINT('',(15.994438600815,16.087223682512,16.));
#2508 = CARTESIAN_POINT('',(15.948693276887,16.123622269877,16.));
#2509 = CARTESIAN_POINT('',(15.907920828428,16.149896791878,16.));
#2510 = CARTESIAN_POINT('',(15.864258342159,16.172302169345,16.));
#2511 = CARTESIAN_POINT('',(15.817882475457,16.190848030555,16.));
#2512 = CARTESIAN_POINT('',(15.718495554441,16.220888369887,16.));
#2513 = CARTESIAN_POINT('',(15.665310512278,16.232125123359,16.));
#2514 = CARTESIAN_POINT('',(15.609694078319,16.239424369423,16.));
#2515 = CARTESIAN_POINT('',(15.551905057897,16.24296875,16.));
#2516 = CARTESIAN_POINT('',(15.4921875,16.24296875,16.));
#2517 = PCURVE('',#436,#2518);
#2518 = DEFINITIONAL_REPRESENTATION('',(#2519),#2534);
#2519 = B_SPLINE_CURVE_WITH_KNOTS('',5,(#2520,#2521,#2522,#2523,#2524,
    #2525,#2526,#2527,#2528,#2529,#2530,#2531,#2532,#2533),
  .UNSPECIFIED.,.F.,.F.,(6,4,4,6),(0.,9.409450079907E-02,0.539545110088,
    1.),.UNSPECIFIED.);
#2520 = CARTESIAN_POINT('',(16.025,13.06015625));
#2521 = CARTESIAN_POINT('',(16.017563919048,13.067172552188));
#2522 = CARTESIAN_POINT('',(16.009991131885,13.074023314069));
#2523 = CARTESIAN_POINT('',(16.002282392768,13.080707359231));
#2524 = CARTESIAN_POINT('',(15.994438600815,13.087223682512));
#2525 = CARTESIAN_POINT('',(15.948693276887,13.123622269877));
#2526 = CARTESIAN_POINT('',(15.907920828428,13.149896791878));
#2527 = CARTESIAN_POINT('',(15.864258342159,13.172302169345));
#2528 = CARTESIAN_POINT('',(15.817882475457,13.190848030555));
#2529 = CARTESIAN_POINT('',(15.718495554441,13.220888369887));
#2530 = CARTESIAN_POINT('',(15.665310512278,13.232125123359));
#2531 = CARTESIAN_POINT('',(15.609694078319,13.239424369423));
#2532 = CARTESIAN_POINT('',(15.551905057897,13.24296875));
#2533 = CARTESIAN_POINT('',(15.4921875,13.24296875));
#2534 = ( GEOMETRIC_REPRESENTATION_CONTEXT(2) 
PARAMETRIC_REPRESENTATION_CONTEXT() REPRESENTATION_CONTEXT('2D SPACE',''
  ) );
#2535 = PCURVE('',#2536,#2543);
#2536 = SURFACE_OF_LINEAR_EXTRUSION('',#2537,#2541);
#2537 = B_SPLINE_CURVE_WITH_KNOTS('',2,(#2538,#2539,#2540),
  .UNSPECIFIED.,.F.,.F.,(3,3),(0.,1.),.PIECEWISE_BEZIER_KNOTS.);
#2538 = CARTESIAN_POINT('',(15.4921875,16.24296875,15.95));
#2539 = CARTESIAN_POINT('',(15.83125,16.24296875,15.95));
#2540 = CARTESIAN_POINT('',(16.025,16.06015625,15.95));
#2541 = VECTOR('',#2542,1.);
#2542 = DIRECTION('',(-0.,-0.,-1.));
#2543 = DEFINITIONAL_REPRESENTATION('',(#2544),#2559);
#2544 = B_SPLINE_CURVE_WITH_KNOTS('',5,(#2545,#2546,#2547,#2548,#2549,
    #2550,#2551,#2552,#2553,#2554,#2555,#2556,#2557,#2558),
  .UNSPECIFIED.,.F.,.F.,(6,4,4,6),(0.,9.409450079907E-02,0.539545110088,
    1.),.UNSPECIFIED.);
#2545 = CARTESIAN_POINT('',(1.,-5.E-02));
#2546 = CARTESIAN_POINT('',(0.980810113673,-5.E-02));
#2547 = CARTESIAN_POINT('',(0.961612672853,-5.E-02));
#2548 = CARTESIAN_POINT('',(0.942410168755,-5.E-02));
#2549 = CARTESIAN_POINT('',(0.923205105476,-5.E-02));
#2550 = CARTESIAN_POINT('',(0.813081552448,-5.E-02));
#2551 = CARTESIAN_POINT('',(0.722158308325,-5.E-02));
#2552 = CARTESIAN_POINT('',(0.631508518284,-5.E-02));
#2553 = CARTESIAN_POINT('',(0.54138140501,-5.E-02));
#2554 = CARTESIAN_POINT('',(0.359607927466,-5.E-02));
#2555 = CARTESIAN_POINT('',(0.268007086081,-5.E-02));
#2556 = CARTESIAN_POINT('',(0.17743617544,-5.E-02));
#2557 = CARTESIAN_POINT('',(8.806275818861E-02,-5.E-02));
#2558 = CARTESIAN_POINT('',(0.,-5.E-02));
#2559 = ( GEOMETRIC_REPRESENTATION_CONTEXT(2) 
PARAMETRIC_REPRESENTATION_CONTEXT() REPRESENTATION_CONTEXT('2D SPACE',''
  ) );
#2560 = ORIENTED_EDGE('',*,*,#2561,.F.);
#2561 = EDGE_CURVE('',#2562,#2499,#2564,.T.);
#2562 = VERTEX_POINT('',#2563);
#2563 = CARTESIAN_POINT('',(16.21875,15.60546875,16.));
#2564 = SURFACE_CURVE('',#2565,(#2576,#2590),.PCURVE_S1.);
#2565 = B_SPLINE_CURVE_WITH_KNOTS('',5,(#2566,#2567,#2568,#2569,#2570,
    #2571,#2572,#2573,#2574,#2575),.UNSPECIFIED.,.F.,.F.,(6,4,6),(0.,
    0.532389854038,1.),.UNSPECIFIED.);
#2566 = CARTESIAN_POINT('',(16.21875,15.60546875,16.));
#2567 = CARTESIAN_POINT('',(16.21875,15.662549318709,16.));
#2568 = CARTESIAN_POINT('',(16.213412244502,15.71773991102,16.));
#2569 = CARTESIAN_POINT('',(16.202525814361,15.770779072968,16.));
#2570 = CARTESIAN_POINT('',(16.185998977401,15.821436833357,16.));
#2571 = CARTESIAN_POINT('',(16.144516448698,15.911784332052,16.));
#2572 = CARTESIAN_POINT('',(16.120829363713,15.952062273285,16.));
#2573 = CARTESIAN_POINT('',(16.092906450898,15.990251748355,16.));
#2574 = CARTESIAN_POINT('',(16.060892771833,16.026289683029,16.));
#2575 = CARTESIAN_POINT('',(16.025,16.06015625,16.));
#2576 = PCURVE('',#436,#2577);
#2577 = DEFINITIONAL_REPRESENTATION('',(#2578),#2589);
#2578 = B_SPLINE_CURVE_WITH_KNOTS('',5,(#2579,#2580,#2581,#2582,#2583,
    #2584,#2585,#2586,#2587,#2588),.UNSPECIFIED.,.F.,.F.,(6,4,6),(0.,
    0.532389854038,1.),.UNSPECIFIED.);
#2579 = CARTESIAN_POINT('',(16.21875,12.60546875));
#2580 = CARTESIAN_POINT('',(16.21875,12.662549318709));
#2581 = CARTESIAN_POINT('',(16.213412244502,12.71773991102));
#2582 = CARTESIAN_POINT('',(16.202525814361,12.770779072968));
#2583 = CARTESIAN_POINT('',(16.185998977401,12.821436833357));
#2584 = CARTESIAN_POINT('',(16.144516448698,12.911784332052));
#2585 = CARTESIAN_POINT('',(16.120829363713,12.952062273285));
#2586 = CARTESIAN_POINT('',(16.092906450898,12.990251748355));
#2587 = CARTESIAN_POINT('',(16.060892771833,13.026289683029));
#2588 = CARTESIAN_POINT('',(16.025,13.06015625));
#2589 = ( GEOMETRIC_REPRESENTATION_CONTEXT(2) 
PARAMETRIC_REPRESENTATION_CONTEXT() REPRESENTATION_CONTEXT('2D SPACE',''
  ) );
#2590 = PCURVE('',#2591,#2598);
#2591 = SURFACE_OF_LINEAR_EXTRUSION('',#2592,#2596);
#2592 = B_SPLINE_CURVE_WITH_KNOTS('',2,(#2593,#2594,#2595),
  .UNSPECIFIED.,.F.,.F.,(3,3),(0.,1.),.PIECEWISE_BEZIER_KNOTS.);
#2593 = CARTESIAN_POINT('',(16.025,16.06015625,15.95));
#2594 = CARTESIAN_POINT('',(16.21875,15.87734375,15.95));
#2595 = CARTESIAN_POINT('',(16.21875,15.60546875,15.95));
#2596 = VECTOR('',#2597,1.);
#2597 = DIRECTION('',(-0.,-0.,-1.));
#2598 = DEFINITIONAL_REPRESENTATION('',(#2599),#2610);
#2599 = B_SPLINE_CURVE_WITH_KNOTS('',5,(#2600,#2601,#2602,#2603,#2604,
    #2605,#2606,#2607,#2608,#2609),.UNSPECIFIED.,.F.,.F.,(6,4,6),(0.,
    0.532389854038,1.),.UNSPECIFIED.);
#2600 = CARTESIAN_POINT('',(1.,-5.E-02));
#2601 = CARTESIAN_POINT('',(0.895024241455,-5.E-02));
#2602 = CARTESIAN_POINT('',(0.789011849761,-5.E-02));
#2603 = CARTESIAN_POINT('',(0.682265352178,-5.E-02));
#2604 = CARTESIAN_POINT('',(0.575130135344,-5.E-02));
#2605 = CARTESIAN_POINT('',(0.373905159828,-5.E-02));
#2606 = CARTESIAN_POINT('',(0.279806108183,-5.E-02));
#2607 = CARTESIAN_POINT('',(0.185967013796,-5.E-02));
#2608 = CARTESIAN_POINT('',(9.262650795566E-02,-5.E-02));
#2609 = CARTESIAN_POINT('',(0.,-5.E-02));
#2610 = ( GEOMETRIC_REPRESENTATION_CONTEXT(2) 
PARAMETRIC_REPRESENTATION_CONTEXT() REPRESENTATION_CONTEXT('2D SPACE',''
  ) );
#2611 = ORIENTED_EDGE('',*,*,#2612,.F.);
#2612 = EDGE_CURVE('',#2613,#2562,#2615,.T.);
#2613 = VERTEX_POINT('',#2614);
#2614 = CARTESIAN_POINT('',(16.16328125,15.3109375,16.));
#2615 = SURFACE_CURVE('',#2616,(#2625,#2637),.PCURVE_S1.);
#2616 = B_SPLINE_CURVE_WITH_KNOTS('',4,(#2617,#2618,#2619,#2620,#2621,
    #2622,#2623,#2624),.UNSPECIFIED.,.F.,.F.,(5,3,5),(0.,0.303832471656,
    1.),.UNSPECIFIED.);
#2617 = CARTESIAN_POINT('',(16.16328125,15.3109375,16.));
#2618 = CARTESIAN_POINT('',(16.171709364495,15.332185844995,16.));
#2619 = CARTESIAN_POINT('',(16.179286883068,15.353670557096,16.));
#2620 = CARTESIAN_POINT('',(16.186010810359,15.37538807562,16.));
#2621 = CARTESIAN_POINT('',(16.205328165115,15.447619408435,16.));
#2622 = CARTESIAN_POINT('',(16.214289152663,15.499105330688,16.));
#2623 = CARTESIAN_POINT('',(16.21875,15.551742355601,16.));
#2624 = CARTESIAN_POINT('',(16.21875,15.60546875,16.));
#2625 = PCURVE('',#436,#2626);
#2626 = DEFINITIONAL_REPRESENTATION('',(#2627),#2636);
#2627 = B_SPLINE_CURVE_WITH_KNOTS('',4,(#2628,#2629,#2630,#2631,#2632,
    #2633,#2634,#2635),.UNSPECIFIED.,.F.,.F.,(5,3,5),(0.,0.303832471656,
    1.),.UNSPECIFIED.);
#2628 = CARTESIAN_POINT('',(16.16328125,12.3109375));
#2629 = CARTESIAN_POINT('',(16.171709364495,12.332185844995));
#2630 = CARTESIAN_POINT('',(16.179286883068,12.353670557096));
#2631 = CARTESIAN_POINT('',(16.186010810359,12.37538807562));
#2632 = CARTESIAN_POINT('',(16.205328165115,12.447619408435));
#2633 = CARTESIAN_POINT('',(16.214289152663,12.499105330688));
#2634 = CARTESIAN_POINT('',(16.21875,12.551742355601));
#2635 = CARTESIAN_POINT('',(16.21875,12.60546875));
#2636 = ( GEOMETRIC_REPRESENTATION_CONTEXT(2) 
PARAMETRIC_REPRESENTATION_CONTEXT() REPRESENTATION_CONTEXT('2D SPACE',''
  ) );
#2637 = PCURVE('',#2638,#2645);
#2638 = SURFACE_OF_LINEAR_EXTRUSION('',#2639,#2643);
#2639 = B_SPLINE_CURVE_WITH_KNOTS('',2,(#2640,#2641,#2642),
  .UNSPECIFIED.,.F.,.F.,(3,3),(0.,1.),.PIECEWISE_BEZIER_KNOTS.);
#2640 = CARTESIAN_POINT('',(16.21875,15.60546875,15.95));
#2641 = CARTESIAN_POINT('',(16.21875,15.45078125,15.95));
#2642 = CARTESIAN_POINT('',(16.16328125,15.3109375,15.95));
#2643 = VECTOR('',#2644,1.);
#2644 = DIRECTION('',(-0.,-0.,-1.));
#2645 = DEFINITIONAL_REPRESENTATION('',(#2646),#2655);
#2646 = B_SPLINE_CURVE_WITH_KNOTS('',4,(#2647,#2648,#2649,#2650,#2651,
    #2652,#2653,#2654),.UNSPECIFIED.,.F.,.F.,(5,3,5),(0.,0.303832471656,
    1.),.UNSPECIFIED.);
#2647 = CARTESIAN_POINT('',(1.,-5.E-02));
#2648 = CARTESIAN_POINT('',(0.924028263704,-5.E-02));
#2649 = CARTESIAN_POINT('',(0.848028267708,-5.E-02));
#2650 = CARTESIAN_POINT('',(0.77201411224,-5.E-02));
#2651 = CARTESIAN_POINT('',(0.521829818818,-5.E-02));
#2652 = CARTESIAN_POINT('',(0.347659530314,-5.E-02));
#2653 = CARTESIAN_POINT('',(0.173661072804,-5.E-02));
#2654 = CARTESIAN_POINT('',(0.,-5.E-02));
#2655 = ( GEOMETRIC_REPRESENTATION_CONTEXT(2) 
PARAMETRIC_REPRESENTATION_CONTEXT() REPRESENTATION_CONTEXT('2D SPACE',''
  ) );
#2656 = ORIENTED_EDGE('',*,*,#2657,.F.);
#2657 = EDGE_CURVE('',#2658,#2613,#2660,.T.);
#2658 = VERTEX_POINT('',#2659);
#2659 = CARTESIAN_POINT('',(15.9875,15.01796875,16.));
#2660 = SURFACE_CURVE('',#2661,(#2668,#2678),.PCURVE_S1.);
#2661 = B_SPLINE_CURVE_WITH_KNOTS('',5,(#2662,#2663,#2664,#2665,#2666,
    #2667),.UNSPECIFIED.,.F.,.F.,(6,6),(0.,1.),
  .PIECEWISE_BEZIER_KNOTS.);
#2662 = CARTESIAN_POINT('',(15.9875,15.01796875,16.));
#2663 = CARTESIAN_POINT('',(16.034918357145,15.078319386366,16.));
#2664 = CARTESIAN_POINT('',(16.076440675777,15.137888847509,16.));
#2665 = CARTESIAN_POINT('',(16.111813743133,15.196581180123,16.));
#2666 = CARTESIAN_POINT('',(16.140814877157,15.254296926213,16.));
#2667 = CARTESIAN_POINT('',(16.16328125,15.3109375,16.));
#2668 = PCURVE('',#436,#2669);
#2669 = DEFINITIONAL_REPRESENTATION('',(#2670),#2677);
#2670 = B_SPLINE_CURVE_WITH_KNOTS('',5,(#2671,#2672,#2673,#2674,#2675,
    #2676),.UNSPECIFIED.,.F.,.F.,(6,6),(0.,1.),
  .PIECEWISE_BEZIER_KNOTS.);
#2671 = CARTESIAN_POINT('',(15.9875,12.01796875));
#2672 = CARTESIAN_POINT('',(16.034918357145,12.078319386366));
#2673 = CARTESIAN_POINT('',(16.076440675777,12.137888847509));
#2674 = CARTESIAN_POINT('',(16.111813743133,12.196581180123));
#2675 = CARTESIAN_POINT('',(16.140814877157,12.254296926213));
#2676 = CARTESIAN_POINT('',(16.16328125,12.3109375));
#2677 = ( GEOMETRIC_REPRESENTATION_CONTEXT(2) 
PARAMETRIC_REPRESENTATION_CONTEXT() REPRESENTATION_CONTEXT('2D SPACE',''
  ) );
#2678 = PCURVE('',#2679,#2686);
#2679 = SURFACE_OF_LINEAR_EXTRUSION('',#2680,#2684);
#2680 = B_SPLINE_CURVE_WITH_KNOTS('',2,(#2681,#2682,#2683),
  .UNSPECIFIED.,.F.,.F.,(3,3),(0.,1.),.PIECEWISE_BEZIER_KNOTS.);
#2681 = CARTESIAN_POINT('',(16.16328125,15.3109375,15.95));
#2682 = CARTESIAN_POINT('',(16.1078125,15.17109375,15.95));
#2683 = CARTESIAN_POINT('',(15.9875,15.01796875,15.95));
#2684 = VECTOR('',#2685,1.);
#2685 = DIRECTION('',(-0.,-0.,-1.));
#2686 = DEFINITIONAL_REPRESENTATION('',(#2687),#2694);
#2687 = B_SPLINE_CURVE_WITH_KNOTS('',5,(#2688,#2689,#2690,#2691,#2692,
    #2693),.UNSPECIFIED.,.F.,.F.,(6,6),(0.,1.),
  .PIECEWISE_BEZIER_KNOTS.);
#2688 = CARTESIAN_POINT('',(1.,-5.E-02));
#2689 = CARTESIAN_POINT('',(0.80293669758,-5.E-02));
#2690 = CARTESIAN_POINT('',(0.60421384416,-5.E-02));
#2691 = CARTESIAN_POINT('',(0.404003021038,-5.E-02));
#2692 = CARTESIAN_POINT('',(0.202513783374,-5.E-02));
#2693 = CARTESIAN_POINT('',(0.,-5.E-02));
#2694 = ( GEOMETRIC_REPRESENTATION_CONTEXT(2) 
PARAMETRIC_REPRESENTATION_CONTEXT() REPRESENTATION_CONTEXT('2D SPACE',''
  ) );
#2695 = ORIENTED_EDGE('',*,*,#2696,.F.);
#2696 = EDGE_CURVE('',#2697,#2658,#2699,.T.);
#2697 = VERTEX_POINT('',#2698);
#2698 = CARTESIAN_POINT('',(15.7,14.72578125,16.));
#2699 = SURFACE_CURVE('',#2700,(#2708,#2719),.PCURVE_S1.);
#2700 = B_SPLINE_CURVE_WITH_KNOTS('',6,(#2701,#2702,#2703,#2704,#2705,
    #2706,#2707),.UNSPECIFIED.,.F.,.F.,(7,7),(0.,1.),
  .PIECEWISE_BEZIER_KNOTS.);
#2701 = CARTESIAN_POINT('',(15.7,14.72578125,16.));
#2702 = CARTESIAN_POINT('',(15.765401551477,14.785773650603,16.));
#2703 = CARTESIAN_POINT('',(15.824825951433,14.841974860631,16.));
#2704 = CARTESIAN_POINT('',(15.877547730243,14.893878324366,16.));
#2705 = CARTESIAN_POINT('',(15.922754224091,14.940901706772,16.));
#2706 = CARTESIAN_POINT('',(15.959620027756,14.982435452042,16.));
#2707 = CARTESIAN_POINT('',(15.9875,15.01796875,16.));
#2708 = PCURVE('',#436,#2709);
#2709 = DEFINITIONAL_REPRESENTATION('',(#2710),#2718);
#2710 = B_SPLINE_CURVE_WITH_KNOTS('',6,(#2711,#2712,#2713,#2714,#2715,
    #2716,#2717),.UNSPECIFIED.,.F.,.F.,(7,7),(0.,1.),
  .PIECEWISE_BEZIER_KNOTS.);
#2711 = CARTESIAN_POINT('',(15.7,11.72578125));
#2712 = CARTESIAN_POINT('',(15.765401551477,11.785773650603));
#2713 = CARTESIAN_POINT('',(15.824825951433,11.841974860631));
#2714 = CARTESIAN_POINT('',(15.877547730243,11.893878324366));
#2715 = CARTESIAN_POINT('',(15.922754224091,11.940901706772));
#2716 = CARTESIAN_POINT('',(15.959620027756,11.982435452042));
#2717 = CARTESIAN_POINT('',(15.9875,12.01796875));
#2718 = ( GEOMETRIC_REPRESENTATION_CONTEXT(2) 
PARAMETRIC_REPRESENTATION_CONTEXT() REPRESENTATION_CONTEXT('2D SPACE',''
  ) );
#2719 = PCURVE('',#2720,#2727);
#2720 = SURFACE_OF_LINEAR_EXTRUSION('',#2721,#2725);
#2721 = B_SPLINE_CURVE_WITH_KNOTS('',2,(#2722,#2723,#2724),
  .UNSPECIFIED.,.F.,.F.,(3,3),(0.,1.),.PIECEWISE_BEZIER_KNOTS.);
#2722 = CARTESIAN_POINT('',(15.9875,15.01796875,15.95));
#2723 = CARTESIAN_POINT('',(15.9078125,14.91640625,15.95));
#2724 = CARTESIAN_POINT('',(15.7,14.72578125,15.95));
#2725 = VECTOR('',#2726,1.);
#2726 = DIRECTION('',(-0.,-0.,-1.));
#2727 = DEFINITIONAL_REPRESENTATION('',(#2728),#2736);
#2728 = B_SPLINE_CURVE_WITH_KNOTS('',6,(#2729,#2730,#2731,#2732,#2733,
    #2734,#2735),.UNSPECIFIED.,.F.,.F.,(7,7),(0.,1.),
  .PIECEWISE_BEZIER_KNOTS.);
#2729 = CARTESIAN_POINT('',(1.,-5.E-02));
#2730 = CARTESIAN_POINT('',(0.842642883665,-5.E-02));
#2731 = CARTESIAN_POINT('',(0.681347507706,-5.E-02));
#2732 = CARTESIAN_POINT('',(0.516138410346,-5.E-02));
#2733 = CARTESIAN_POINT('',(0.347204400212,-5.E-02));
#2734 = CARTESIAN_POINT('',(0.174933159176,-5.E-02));
#2735 = CARTESIAN_POINT('',(0.,-5.E-02));
#2736 = ( GEOMETRIC_REPRESENTATION_CONTEXT(2) 
PARAMETRIC_REPRESENTATION_CONTEXT() REPRESENTATION_CONTEXT('2D SPACE',''
  ) );
#2737 = ORIENTED_EDGE('',*,*,#2738,.F.);
#2738 = EDGE_CURVE('',#2739,#2697,#2741,.T.);
#2739 = VERTEX_POINT('',#2740);
#2740 = CARTESIAN_POINT('',(15.43671875,14.47265625,16.));
#2741 = SURFACE_CURVE('',#2742,(#2750,#2761),.PCURVE_S1.);
#2742 = B_SPLINE_CURVE_WITH_KNOTS('',6,(#2743,#2744,#2745,#2746,#2747,
    #2748,#2749),.UNSPECIFIED.,.F.,.F.,(7,7),(0.,1.),
  .PIECEWISE_BEZIER_KNOTS.);
#2743 = CARTESIAN_POINT('',(15.43671875,14.47265625,16.));
#2744 = CARTESIAN_POINT('',(15.45623474938,14.494646108457,16.));
#2745 = CARTESIAN_POINT('',(15.486800502155,14.525853199532,16.));
#2746 = CARTESIAN_POINT('',(15.527683550069,14.565617615884,16.));
#2747 = CARTESIAN_POINT('',(15.577645297138,14.612873389409,16.));
#2748 = CARTESIAN_POINT('',(15.635443866039,14.666564345163,16.));
#2749 = CARTESIAN_POINT('',(15.7,14.72578125,16.));
#2750 = PCURVE('',#436,#2751);
#2751 = DEFINITIONAL_REPRESENTATION('',(#2752),#2760);
#2752 = B_SPLINE_CURVE_WITH_KNOTS('',6,(#2753,#2754,#2755,#2756,#2757,
    #2758,#2759),.UNSPECIFIED.,.F.,.F.,(7,7),(0.,1.),
  .PIECEWISE_BEZIER_KNOTS.);
#2753 = CARTESIAN_POINT('',(15.43671875,11.47265625));
#2754 = CARTESIAN_POINT('',(15.45623474938,11.494646108457));
#2755 = CARTESIAN_POINT('',(15.486800502155,11.525853199532));
#2756 = CARTESIAN_POINT('',(15.527683550069,11.565617615884));
#2757 = CARTESIAN_POINT('',(15.577645297138,11.612873389409));
#2758 = CARTESIAN_POINT('',(15.635443866039,11.666564345163));
#2759 = CARTESIAN_POINT('',(15.7,11.72578125));
#2760 = ( GEOMETRIC_REPRESENTATION_CONTEXT(2) 
PARAMETRIC_REPRESENTATION_CONTEXT() REPRESENTATION_CONTEXT('2D SPACE',''
  ) );
#2761 = PCURVE('',#2762,#2769);
#2762 = SURFACE_OF_LINEAR_EXTRUSION('',#2763,#2767);
#2763 = B_SPLINE_CURVE_WITH_KNOTS('',2,(#2764,#2765,#2766),
  .UNSPECIFIED.,.F.,.F.,(3,3),(0.,1.),.PIECEWISE_BEZIER_KNOTS.);
#2764 = CARTESIAN_POINT('',(15.7,14.72578125,15.95));
#2765 = CARTESIAN_POINT('',(15.4921875,14.53515625,15.95));
#2766 = CARTESIAN_POINT('',(15.43671875,14.47265625,15.95));
#2767 = VECTOR('',#2768,1.);
#2768 = DIRECTION('',(-0.,-0.,-1.));
#2769 = DEFINITIONAL_REPRESENTATION('',(#2770),#2778);
#2770 = B_SPLINE_CURVE_WITH_KNOTS('',6,(#2771,#2772,#2773,#2774,#2775,
    #2776,#2777),.UNSPECIFIED.,.F.,.F.,(7,7),(0.,1.),
  .PIECEWISE_BEZIER_KNOTS.);
#2771 = CARTESIAN_POINT('',(1.,-5.E-02));
#2772 = CARTESIAN_POINT('',(0.824081132346,-5.E-02));
#2773 = CARTESIAN_POINT('',(0.650556472372,-5.E-02));
#2774 = CARTESIAN_POINT('',(0.480810655424,-5.E-02));
#2775 = CARTESIAN_POINT('',(0.315609552438,-5.E-02));
#2776 = CARTESIAN_POINT('',(0.15532302908,-5.E-02));
#2777 = CARTESIAN_POINT('',(0.,-5.E-02));
#2778 = ( GEOMETRIC_REPRESENTATION_CONTEXT(2) 
PARAMETRIC_REPRESENTATION_CONTEXT() REPRESENTATION_CONTEXT('2D SPACE',''
  ) );
#2779 = ORIENTED_EDGE('',*,*,#2780,.F.);
#2780 = EDGE_CURVE('',#1909,#2739,#2781,.T.);
#2781 = SURFACE_CURVE('',#2782,(#2788,#2797),.PCURVE_S1.);
#2782 = B_SPLINE_CURVE_WITH_KNOTS('',4,(#2783,#2784,#2785,#2786,#2787),
  .UNSPECIFIED.,.F.,.F.,(5,5),(0.,1.),.PIECEWISE_BEZIER_KNOTS.);
#2783 = CARTESIAN_POINT('',(15.346875,14.35078125,16.));
#2784 = CARTESIAN_POINT('',(15.364098286933,14.380530563793,16.));
#2785 = CARTESIAN_POINT('',(15.384831304792,14.410767361061,16.));
#2786 = CARTESIAN_POINT('',(15.409049973858,14.441480164206,16.));
#2787 = CARTESIAN_POINT('',(15.43671875,14.47265625,16.));
#2788 = PCURVE('',#436,#2789);
#2789 = DEFINITIONAL_REPRESENTATION('',(#2790),#2796);
#2790 = B_SPLINE_CURVE_WITH_KNOTS('',4,(#2791,#2792,#2793,#2794,#2795),
  .UNSPECIFIED.,.F.,.F.,(5,5),(0.,1.),.PIECEWISE_BEZIER_KNOTS.);
#2791 = CARTESIAN_POINT('',(15.346875,11.35078125));
#2792 = CARTESIAN_POINT('',(15.364098286933,11.380530563793));
#2793 = CARTESIAN_POINT('',(15.384831304792,11.410767361061));
#2794 = CARTESIAN_POINT('',(15.409049973858,11.441480164206));
#2795 = CARTESIAN_POINT('',(15.43671875,11.47265625));
#2796 = ( GEOMETRIC_REPRESENTATION_CONTEXT(2) 
PARAMETRIC_REPRESENTATION_CONTEXT() REPRESENTATION_CONTEXT('2D SPACE',''
  ) );
#2797 = PCURVE('',#2798,#2805);
#2798 = SURFACE_OF_LINEAR_EXTRUSION('',#2799,#2803);
#2799 = B_SPLINE_CURVE_WITH_KNOTS('',2,(#2800,#2801,#2802),
  .UNSPECIFIED.,.F.,.F.,(3,3),(0.,1.),.PIECEWISE_BEZIER_KNOTS.);
#2800 = CARTESIAN_POINT('',(15.43671875,14.47265625,15.95));
#2801 = CARTESIAN_POINT('',(15.38125,14.41015625,15.95));
#2802 = CARTESIAN_POINT('',(15.346875,14.35078125,15.95));
#2803 = VECTOR('',#2804,1.);
#2804 = DIRECTION('',(-0.,-0.,-1.));
#2805 = DEFINITIONAL_REPRESENTATION('',(#2806),#2812);
#2806 = B_SPLINE_CURVE_WITH_KNOTS('',4,(#2807,#2808,#2809,#2810,#2811),
  .UNSPECIFIED.,.F.,.F.,(5,5),(0.,1.),.PIECEWISE_BEZIER_KNOTS.);
#2807 = CARTESIAN_POINT('',(1.,-5.E-02));
#2808 = CARTESIAN_POINT('',(0.749479462798,-5.E-02));
#2809 = CARTESIAN_POINT('',(0.499258070962,-5.E-02));
#2810 = CARTESIAN_POINT('',(0.249408686349,-5.E-02));
#2811 = CARTESIAN_POINT('',(0.,-5.E-02));
#2812 = ( GEOMETRIC_REPRESENTATION_CONTEXT(2) 
PARAMETRIC_REPRESENTATION_CONTEXT() REPRESENTATION_CONTEXT('2D SPACE',''
  ) );
#2813 = FACE_BOUND('',#2814,.T.);
#2814 = EDGE_LOOP('',(#2815,#2843,#2869,#2895));
#2815 = ORIENTED_EDGE('',*,*,#2816,.T.);
#2816 = EDGE_CURVE('',#2817,#2819,#2821,.T.);
#2817 = VERTEX_POINT('',#2818);
#2818 = CARTESIAN_POINT('',(22.775,11.225,16.));
#2819 = VERTEX_POINT('',#2820);
#2820 = CARTESIAN_POINT('',(19.225,11.225,16.));
#2821 = SURFACE_CURVE('',#2822,(#2826,#2832),.PCURVE_S1.);
#2822 = LINE('',#2823,#2824);
#2823 = CARTESIAN_POINT('',(9.6125,11.225,16.));
#2824 = VECTOR('',#2825,1.);
#2825 = DIRECTION('',(-1.,0.,0.));
#2826 = PCURVE('',#436,#2827);
#2827 = DEFINITIONAL_REPRESENTATION('',(#2828),#2831);
#2828 = B_SPLINE_CURVE_WITH_KNOTS('',1,(#2829,#2830),.UNSPECIFIED.,.F.,
  .F.,(2,2),(-13.1625,-9.6125),.PIECEWISE_BEZIER_KNOTS.);
#2829 = CARTESIAN_POINT('',(22.775,8.225));
#2830 = CARTESIAN_POINT('',(19.225,8.225));
#2831 = ( GEOMETRIC_REPRESENTATION_CONTEXT(2) 
PARAMETRIC_REPRESENTATION_CONTEXT() REPRESENTATION_CONTEXT('2D SPACE',''
  ) );
#2832 = PCURVE('',#2833,#2838);
#2833 = PLANE('',#2834);
#2834 = AXIS2_PLACEMENT_3D('',#2835,#2836,#2837);
#2835 = CARTESIAN_POINT('',(19.225,11.225,0.2));
#2836 = DIRECTION('',(0.,1.,0.));
#2837 = DIRECTION('',(0.,0.,1.));
#2838 = DEFINITIONAL_REPRESENTATION('',(#2839),#2842);
#2839 = B_SPLINE_CURVE_WITH_KNOTS('',1,(#2840,#2841),.UNSPECIFIED.,.F.,
  .F.,(2,2),(-13.1625,-9.6125),.PIECEWISE_BEZIER_KNOTS.);
#2840 = CARTESIAN_POINT('',(15.8,3.55));
#2841 = CARTESIAN_POINT('',(15.8,0.));
#2842 = ( GEOMETRIC_REPRESENTATION_CONTEXT(2) 
PARAMETRIC_REPRESENTATION_CONTEXT() REPRESENTATION_CONTEXT('2D SPACE',''
  ) );
#2843 = ORIENTED_EDGE('',*,*,#2844,.T.);
#2844 = EDGE_CURVE('',#2819,#2845,#2847,.T.);
#2845 = VERTEX_POINT('',#2846);
#2846 = CARTESIAN_POINT('',(19.225,18.775,16.));
#2847 = SURFACE_CURVE('',#2848,(#2852,#2858),.PCURVE_S1.);
#2848 = LINE('',#2849,#2850);
#2849 = CARTESIAN_POINT('',(19.225,7.1125,16.));
#2850 = VECTOR('',#2851,1.);
#2851 = DIRECTION('',(0.,1.,0.));
#2852 = PCURVE('',#436,#2853);
#2853 = DEFINITIONAL_REPRESENTATION('',(#2854),#2857);
#2854 = B_SPLINE_CURVE_WITH_KNOTS('',1,(#2855,#2856),.UNSPECIFIED.,.F.,
  .F.,(2,2),(4.1125,11.6625),.PIECEWISE_BEZIER_KNOTS.);
#2855 = CARTESIAN_POINT('',(19.225,8.225));
#2856 = CARTESIAN_POINT('',(19.225,15.775));
#2857 = ( GEOMETRIC_REPRESENTATION_CONTEXT(2) 
PARAMETRIC_REPRESENTATION_CONTEXT() REPRESENTATION_CONTEXT('2D SPACE',''
  ) );
#2858 = PCURVE('',#2859,#2864);
#2859 = PLANE('',#2860);
#2860 = AXIS2_PLACEMENT_3D('',#2861,#2862,#2863);
#2861 = CARTESIAN_POINT('',(19.225,11.225,0.2));
#2862 = DIRECTION('',(1.,0.,0.));
#2863 = DIRECTION('',(0.,0.,1.));
#2864 = DEFINITIONAL_REPRESENTATION('',(#2865),#2868);
#2865 = B_SPLINE_CURVE_WITH_KNOTS('',1,(#2866,#2867),.UNSPECIFIED.,.F.,
  .F.,(2,2),(4.1125,11.6625),.PIECEWISE_BEZIER_KNOTS.);
#2866 = CARTESIAN_POINT('',(15.8,0.));
#2867 = CARTESIAN_POINT('',(15.8,-7.55));
#2868 = ( GEOMETRIC_REPRESENTATION_CONTEXT(2) 
PARAMETRIC_REPRESENTATION_CONTEXT() REPRESENTATION_CONTEXT('2D SPACE',''
  ) );
#2869 = ORIENTED_EDGE('',*,*,#2870,.F.);
#2870 = EDGE_CURVE('',#2871,#2845,#2873,.T.);
#2871 = VERTEX_POINT('',#2872);
#2872 = CARTESIAN_POINT('',(22.775,18.775,16.));
#2873 = SURFACE_CURVE('',#2874,(#2878,#2884),.PCURVE_S1.);
#2874 = LINE('',#2875,#2876);
#2875 = CARTESIAN_POINT('',(9.6125,18.775,16.));
#2876 = VECTOR('',#2877,1.);
#2877 = DIRECTION('',(-1.,0.,0.));
#2878 = PCURVE('',#436,#2879);
#2879 = DEFINITIONAL_REPRESENTATION('',(#2880),#2883);
#2880 = B_SPLINE_CURVE_WITH_KNOTS('',1,(#2881,#2882),.UNSPECIFIED.,.F.,
  .F.,(2,2),(-13.1625,-9.6125),.PIECEWISE_BEZIER_KNOTS.);
#2881 = CARTESIAN_POINT('',(22.775,15.775));
#2882 = CARTESIAN_POINT('',(19.225,15.775));
#2883 = ( GEOMETRIC_REPRESENTATION_CONTEXT(2) 
PARAMETRIC_REPRESENTATION_CONTEXT() REPRESENTATION_CONTEXT('2D SPACE',''
  ) );
#2884 = PCURVE('',#2885,#2890);
#2885 = PLANE('',#2886);
#2886 = AXIS2_PLACEMENT_3D('',#2887,#2888,#2889);
#2887 = CARTESIAN_POINT('',(19.225,18.775,0.2));
#2888 = DIRECTION('',(0.,1.,0.));
#2889 = DIRECTION('',(0.,0.,1.));
#2890 = DEFINITIONAL_REPRESENTATION('',(#2891),#2894);
#2891 = B_SPLINE_CURVE_WITH_KNOTS('',1,(#2892,#2893),.UNSPECIFIED.,.F.,
  .F.,(2,2),(-13.1625,-9.6125),.PIECEWISE_BEZIER_KNOTS.);
#2892 = CARTESIAN_POINT('',(15.8,3.55));
#2893 = CARTESIAN_POINT('',(15.8,0.));
#2894 = ( GEOMETRIC_REPRESENTATION_CONTEXT(2) 
PARAMETRIC_REPRESENTATION_CONTEXT() REPRESENTATION_CONTEXT('2D SPACE',''
  ) );
#2895 = ORIENTED_EDGE('',*,*,#2896,.F.);
#2896 = EDGE_CURVE('',#2817,#2871,#2897,.T.);
#2897 = SURFACE_CURVE('',#2898,(#2902,#2908),.PCURVE_S1.);
#2898 = LINE('',#2899,#2900);
#2899 = CARTESIAN_POINT('',(22.775,7.1125,16.));
#2900 = VECTOR('',#2901,1.);
#2901 = DIRECTION('',(0.,1.,0.));
#2902 = PCURVE('',#436,#2903);
#2903 = DEFINITIONAL_REPRESENTATION('',(#2904),#2907);
#2904 = B_SPLINE_CURVE_WITH_KNOTS('',1,(#2905,#2906),.UNSPECIFIED.,.F.,
  .F.,(2,2),(4.1125,11.6625),.PIECEWISE_BEZIER_KNOTS.);
#2905 = CARTESIAN_POINT('',(22.775,8.225));
#2906 = CARTESIAN_POINT('',(22.775,15.775));
#2907 = ( GEOMETRIC_REPRESENTATION_CONTEXT(2) 
PARAMETRIC_REPRESENTATION_CONTEXT() REPRESENTATION_CONTEXT('2D SPACE',''
  ) );
#2908 = PCURVE('',#2909,#2914);
#2909 = PLANE('',#2910);
#2910 = AXIS2_PLACEMENT_3D('',#2911,#2912,#2913);
#2911 = CARTESIAN_POINT('',(22.775,11.225,0.2));
#2912 = DIRECTION('',(1.,0.,0.));
#2913 = DIRECTION('',(0.,0.,1.));
#2914 = DEFINITIONAL_REPRESENTATION('',(#2915),#2918);
#2915 = B_SPLINE_CURVE_WITH_KNOTS('',1,(#2916,#2917),.UNSPECIFIED.,.F.,
  .F.,(2,2),(4.1125,11.6625),.PIECEWISE_BEZIER_KNOTS.);
#2916 = CARTESIAN_POINT('',(15.8,0.));
#2917 = CARTESIAN_POINT('',(15.8,-7.55));
#2918 = ( GEOMETRIC_REPRESENTATION_CONTEXT(2) 
PARAMETRIC_REPRESENTATION_CONTEXT() REPRESENTATION_CONTEXT('2D SPACE',''
  ) );
#2919 = ADVANCED_FACE('',(#2920),#128,.T.);
#2920 = FACE_BOUND('',#2921,.F.);
#2921 = EDGE_LOOP('',(#2922,#2923,#2946,#2972));
#2922 = ORIENTED_EDGE('',*,*,#1008,.T.);
#2923 = ORIENTED_EDGE('',*,*,#2924,.T.);
#2924 = EDGE_CURVE('',#981,#2925,#2927,.T.);
#2925 = VERTEX_POINT('',#2926);
#2926 = CARTESIAN_POINT('',(3.,90.,4.));
#2927 = SURFACE_CURVE('',#2928,(#2932,#2939),.PCURVE_S1.);
#2928 = LINE('',#2929,#2930);
#2929 = CARTESIAN_POINT('',(3.,90.,0.));
#2930 = VECTOR('',#2931,1.);
#2931 = DIRECTION('',(0.,0.,1.));
#2932 = PCURVE('',#128,#2933);
#2933 = DEFINITIONAL_REPRESENTATION('',(#2934),#2938);
#2934 = LINE('',#2935,#2936);
#2935 = CARTESIAN_POINT('',(-1.570796326795,0.));
#2936 = VECTOR('',#2937,1.);
#2937 = DIRECTION('',(-0.,1.));
#2938 = ( GEOMETRIC_REPRESENTATION_CONTEXT(2) 
PARAMETRIC_REPRESENTATION_CONTEXT() REPRESENTATION_CONTEXT('2D SPACE',''
  ) );
#2939 = PCURVE('',#996,#2940);
#2940 = DEFINITIONAL_REPRESENTATION('',(#2941),#2945);
#2941 = LINE('',#2942,#2943);
#2942 = CARTESIAN_POINT('',(0.,3.));
#2943 = VECTOR('',#2944,1.);
#2944 = DIRECTION('',(1.,0.));
#2945 = ( GEOMETRIC_REPRESENTATION_CONTEXT(2) 
PARAMETRIC_REPRESENTATION_CONTEXT() REPRESENTATION_CONTEXT('2D SPACE',''
  ) );
#2946 = ORIENTED_EDGE('',*,*,#2947,.F.);
#2947 = EDGE_CURVE('',#113,#2925,#2948,.T.);
#2948 = SURFACE_CURVE('',#2949,(#2954,#2961),.PCURVE_S1.);
#2949 = CIRCLE('',#2950,3.);
#2950 = AXIS2_PLACEMENT_3D('',#2951,#2952,#2953);
#2951 = CARTESIAN_POINT('',(3.,87.,4.));
#2952 = DIRECTION('',(-0.,-0.,-1.));
#2953 = DIRECTION('',(0.,-1.,0.));
#2954 = PCURVE('',#128,#2955);
#2955 = DEFINITIONAL_REPRESENTATION('',(#2956),#2960);
#2956 = LINE('',#2957,#2958);
#2957 = CARTESIAN_POINT('',(1.570796326795,4.));
#2958 = VECTOR('',#2959,1.);
#2959 = DIRECTION('',(-1.,0.));
#2960 = ( GEOMETRIC_REPRESENTATION_CONTEXT(2) 
PARAMETRIC_REPRESENTATION_CONTEXT() REPRESENTATION_CONTEXT('2D SPACE',''
  ) );
#2961 = PCURVE('',#156,#2962);
#2962 = DEFINITIONAL_REPRESENTATION('',(#2963),#2971);
#2963 = ( BOUNDED_CURVE() B_SPLINE_CURVE(2,(#2964,#2965,#2966,#2967,
#2968,#2969,#2970),.UNSPECIFIED.,.T.,.F.) B_SPLINE_CURVE_WITH_KNOTS((1,2
    ,2,2,2,1),(-2.094395102393,0.,2.094395102393,4.188790204786,
6.28318530718,8.377580409573),.UNSPECIFIED.) CURVE() 
GEOMETRIC_REPRESENTATION_ITEM() RATIONAL_B_SPLINE_CURVE((1.,0.5,1.,0.5,
1.,0.5,1.)) REPRESENTATION_ITEM('') );
#2964 = CARTESIAN_POINT('',(3.,84.));
#2965 = CARTESIAN_POINT('',(-2.196152422707,84.));
#2966 = CARTESIAN_POINT('',(0.401923788647,88.5));
#2967 = CARTESIAN_POINT('',(3.,93.));
#2968 = CARTESIAN_POINT('',(5.598076211353,88.5));
#2969 = CARTESIAN_POINT('',(8.196152422707,84.));
#2970 = CARTESIAN_POINT('',(3.,84.));
#2971 = ( GEOMETRIC_REPRESENTATION_CONTEXT(2) 
PARAMETRIC_REPRESENTATION_CONTEXT() REPRESENTATION_CONTEXT('2D SPACE',''
  ) );
#2972 = ORIENTED_EDGE('',*,*,#112,.F.);
#2973 = ADVANCED_FACE('',(#2974),#408,.T.);
#2974 = FACE_BOUND('',#2975,.F.);
#2975 = EDGE_LOOP('',(#2976,#2977,#3001,#3022));
#2976 = ORIENTED_EDGE('',*,*,#392,.F.);
#2977 = ORIENTED_EDGE('',*,*,#2978,.F.);
#2978 = EDGE_CURVE('',#2979,#365,#2981,.T.);
#2979 = VERTEX_POINT('',#2980);
#2980 = CARTESIAN_POINT('',(2.5,27.,4.));
#2981 = SURFACE_CURVE('',#2982,(#2987,#2994),.PCURVE_S1.);
#2982 = CIRCLE('',#2983,2.5);
#2983 = AXIS2_PLACEMENT_3D('',#2984,#2985,#2986);
#2984 = CARTESIAN_POINT('',(2.5,24.5,4.));
#2985 = DIRECTION('',(0.,0.,1.));
#2986 = DIRECTION('',(-1.,-0.,0.));
#2987 = PCURVE('',#408,#2988);
#2988 = DEFINITIONAL_REPRESENTATION('',(#2989),#2993);
#2989 = LINE('',#2990,#2991);
#2990 = CARTESIAN_POINT('',(-6.28318530718,4.));
#2991 = VECTOR('',#2992,1.);
#2992 = DIRECTION('',(1.,-0.));
#2993 = ( GEOMETRIC_REPRESENTATION_CONTEXT(2) 
PARAMETRIC_REPRESENTATION_CONTEXT() REPRESENTATION_CONTEXT('2D SPACE',''
  ) );
#2994 = PCURVE('',#380,#2995);
#2995 = DEFINITIONAL_REPRESENTATION('',(#2996),#3000);
#2996 = CIRCLE('',#2997,2.5);
#2997 = AXIS2_PLACEMENT_2D('',#2998,#2999);
#2998 = CARTESIAN_POINT('',(2.5,24.5));
#2999 = DIRECTION('',(-1.,0.));
#3000 = ( GEOMETRIC_REPRESENTATION_CONTEXT(2) 
PARAMETRIC_REPRESENTATION_CONTEXT() REPRESENTATION_CONTEXT('2D SPACE',''
  ) );
#3001 = ORIENTED_EDGE('',*,*,#3002,.T.);
#3002 = EDGE_CURVE('',#2979,#1144,#3003,.T.);
#3003 = SURFACE_CURVE('',#3004,(#3008,#3015),.PCURVE_S1.);
#3004 = LINE('',#3005,#3006);
#3005 = CARTESIAN_POINT('',(2.5,27.,0.));
#3006 = VECTOR('',#3007,1.);
#3007 = DIRECTION('',(0.,0.,1.));
#3008 = PCURVE('',#408,#3009);
#3009 = DEFINITIONAL_REPRESENTATION('',(#3010),#3014);
#3010 = LINE('',#3011,#3012);
#3011 = CARTESIAN_POINT('',(-1.570796326795,0.));
#3012 = VECTOR('',#3013,1.);
#3013 = DIRECTION('',(-0.,1.));
#3014 = ( GEOMETRIC_REPRESENTATION_CONTEXT(2) 
PARAMETRIC_REPRESENTATION_CONTEXT() REPRESENTATION_CONTEXT('2D SPACE',''
  ) );
#3015 = PCURVE('',#1159,#3016);
#3016 = DEFINITIONAL_REPRESENTATION('',(#3017),#3021);
#3017 = LINE('',#3018,#3019);
#3018 = CARTESIAN_POINT('',(0.,2.5));
#3019 = VECTOR('',#3020,1.);
#3020 = DIRECTION('',(1.,0.));
#3021 = ( GEOMETRIC_REPRESENTATION_CONTEXT(2) 
PARAMETRIC_REPRESENTATION_CONTEXT() REPRESENTATION_CONTEXT('2D SPACE',''
  ) );
#3022 = ORIENTED_EDGE('',*,*,#1171,.F.);
#3023 = ADVANCED_FACE('',(#3024),#156,.T.);
#3024 = FACE_BOUND('',#3025,.T.);
#3025 = EDGE_LOOP('',(#3026,#3027,#3051,#3077,#3106,#3129,#3153,#3174));
#3026 = ORIENTED_EDGE('',*,*,#140,.F.);
#3027 = ORIENTED_EDGE('',*,*,#3028,.F.);
#3028 = EDGE_CURVE('',#3029,#141,#3031,.T.);
#3029 = VERTEX_POINT('',#3030);
#3030 = CARTESIAN_POINT('',(2.5,87.,4.));
#3031 = SURFACE_CURVE('',#3032,(#3037,#3044),.PCURVE_S1.);
#3032 = CIRCLE('',#3033,2.5);
#3033 = AXIS2_PLACEMENT_3D('',#3034,#3035,#3036);
#3034 = CARTESIAN_POINT('',(2.5,84.5,4.));
#3035 = DIRECTION('',(0.,0.,1.));
#3036 = DIRECTION('',(-1.,-0.,0.));
#3037 = PCURVE('',#156,#3038);
#3038 = DEFINITIONAL_REPRESENTATION('',(#3039),#3043);
#3039 = CIRCLE('',#3040,2.5);
#3040 = AXIS2_PLACEMENT_2D('',#3041,#3042);
#3041 = CARTESIAN_POINT('',(2.5,84.5));
#3042 = DIRECTION('',(-1.,0.));
#3043 = ( GEOMETRIC_REPRESENTATION_CONTEXT(2) 
PARAMETRIC_REPRESENTATION_CONTEXT() REPRESENTATION_CONTEXT('2D SPACE',''
  ) );
#3044 = PCURVE('',#184,#3045);
#3045 = DEFINITIONAL_REPRESENTATION('',(#3046),#3050);
#3046 = LINE('',#3047,#3048);
#3047 = CARTESIAN_POINT('',(-6.28318530718,4.));
#3048 = VECTOR('',#3049,1.);
#3049 = DIRECTION('',(1.,-0.));
#3050 = ( GEOMETRIC_REPRESENTATION_CONTEXT(2) 
PARAMETRIC_REPRESENTATION_CONTEXT() REPRESENTATION_CONTEXT('2D SPACE',''
  ) );
#3051 = ORIENTED_EDGE('',*,*,#3052,.F.);
#3052 = EDGE_CURVE('',#3053,#3029,#3055,.T.);
#3053 = VERTEX_POINT('',#3054);
#3054 = CARTESIAN_POINT('',(23.5,87.,4.));
#3055 = SURFACE_CURVE('',#3056,(#3060,#3066),.PCURVE_S1.);
#3056 = LINE('',#3057,#3058);
#3057 = CARTESIAN_POINT('',(0.,87.,4.));
#3058 = VECTOR('',#3059,1.);
#3059 = DIRECTION('',(-1.,0.,0.));
#3060 = PCURVE('',#156,#3061);
#3061 = DEFINITIONAL_REPRESENTATION('',(#3062),#3065);
#3062 = B_SPLINE_CURVE_WITH_KNOTS('',1,(#3063,#3064),.UNSPECIFIED.,.F.,
  .F.,(2,2),(-23.5,-2.5),.PIECEWISE_BEZIER_KNOTS.);
#3063 = CARTESIAN_POINT('',(23.5,87.));
#3064 = CARTESIAN_POINT('',(2.5,87.));
#3065 = ( GEOMETRIC_REPRESENTATION_CONTEXT(2) 
PARAMETRIC_REPRESENTATION_CONTEXT() REPRESENTATION_CONTEXT('2D SPACE',''
  ) );
#3066 = PCURVE('',#3067,#3072);
#3067 = PLANE('',#3068);
#3068 = AXIS2_PLACEMENT_3D('',#3069,#3070,#3071);
#3069 = CARTESIAN_POINT('',(0.,87.,0.));
#3070 = DIRECTION('',(0.,1.,0.));
#3071 = DIRECTION('',(0.,0.,1.));
#3072 = DEFINITIONAL_REPRESENTATION('',(#3073),#3076);
#3073 = B_SPLINE_CURVE_WITH_KNOTS('',1,(#3074,#3075),.UNSPECIFIED.,.F.,
  .F.,(2,2),(-23.5,-2.5),.PIECEWISE_BEZIER_KNOTS.);
#3074 = CARTESIAN_POINT('',(4.,23.5));
#3075 = CARTESIAN_POINT('',(4.,2.5));
#3076 = ( GEOMETRIC_REPRESENTATION_CONTEXT(2) 
PARAMETRIC_REPRESENTATION_CONTEXT() REPRESENTATION_CONTEXT('2D SPACE',''
  ) );
#3077 = ORIENTED_EDGE('',*,*,#3078,.F.);
#3078 = EDGE_CURVE('',#3079,#3053,#3081,.T.);
#3079 = VERTEX_POINT('',#3080);
#3080 = CARTESIAN_POINT('',(26.,84.5,4.));
#3081 = SURFACE_CURVE('',#3082,(#3087,#3094),.PCURVE_S1.);
#3082 = CIRCLE('',#3083,2.5);
#3083 = AXIS2_PLACEMENT_3D('',#3084,#3085,#3086);
#3084 = CARTESIAN_POINT('',(23.5,84.5,4.));
#3085 = DIRECTION('',(0.,0.,1.));
#3086 = DIRECTION('',(1.,0.,-0.));
#3087 = PCURVE('',#156,#3088);
#3088 = DEFINITIONAL_REPRESENTATION('',(#3089),#3093);
#3089 = CIRCLE('',#3090,2.5);
#3090 = AXIS2_PLACEMENT_2D('',#3091,#3092);
#3091 = CARTESIAN_POINT('',(23.5,84.5));
#3092 = DIRECTION('',(1.,0.));
#3093 = ( GEOMETRIC_REPRESENTATION_CONTEXT(2) 
PARAMETRIC_REPRESENTATION_CONTEXT() REPRESENTATION_CONTEXT('2D SPACE',''
  ) );
#3094 = PCURVE('',#3095,#3100);
#3095 = CYLINDRICAL_SURFACE('',#3096,2.5);
#3096 = AXIS2_PLACEMENT_3D('',#3097,#3098,#3099);
#3097 = CARTESIAN_POINT('',(23.5,84.5,0.));
#3098 = DIRECTION('',(0.,0.,1.));
#3099 = DIRECTION('',(1.,0.,-0.));
#3100 = DEFINITIONAL_REPRESENTATION('',(#3101),#3105);
#3101 = LINE('',#3102,#3103);
#3102 = CARTESIAN_POINT('',(0.,4.));
#3103 = VECTOR('',#3104,1.);
#3104 = DIRECTION('',(1.,0.));
#3105 = ( GEOMETRIC_REPRESENTATION_CONTEXT(2) 
PARAMETRIC_REPRESENTATION_CONTEXT() REPRESENTATION_CONTEXT('2D SPACE',''
  ) );
#3106 = ORIENTED_EDGE('',*,*,#3107,.T.);
#3107 = EDGE_CURVE('',#3079,#3108,#3110,.T.);
#3108 = VERTEX_POINT('',#3109);
#3109 = CARTESIAN_POINT('',(26.,87.,4.));
#3110 = SURFACE_CURVE('',#3111,(#3115,#3122),.PCURVE_S1.);
#3111 = LINE('',#3112,#3113);
#3112 = CARTESIAN_POINT('',(26.,0.,4.));
#3113 = VECTOR('',#3114,1.);
#3114 = DIRECTION('',(0.,1.,0.));
#3115 = PCURVE('',#156,#3116);
#3116 = DEFINITIONAL_REPRESENTATION('',(#3117),#3121);
#3117 = LINE('',#3118,#3119);
#3118 = CARTESIAN_POINT('',(26.,0.));
#3119 = VECTOR('',#3120,1.);
#3120 = DIRECTION('',(0.,1.));
#3121 = ( GEOMETRIC_REPRESENTATION_CONTEXT(2) 
PARAMETRIC_REPRESENTATION_CONTEXT() REPRESENTATION_CONTEXT('2D SPACE',''
  ) );
#3122 = PCURVE('',#684,#3123);
#3123 = DEFINITIONAL_REPRESENTATION('',(#3124),#3128);
#3124 = LINE('',#3125,#3126);
#3125 = CARTESIAN_POINT('',(4.,0.));
#3126 = VECTOR('',#3127,1.);
#3127 = DIRECTION('',(0.,-1.));
#3128 = ( GEOMETRIC_REPRESENTATION_CONTEXT(2) 
PARAMETRIC_REPRESENTATION_CONTEXT() REPRESENTATION_CONTEXT('2D SPACE',''
  ) );
#3129 = ORIENTED_EDGE('',*,*,#3130,.T.);
#3130 = EDGE_CURVE('',#3108,#3131,#3133,.T.);
#3131 = VERTEX_POINT('',#3132);
#3132 = CARTESIAN_POINT('',(23.,90.,4.));
#3133 = SURFACE_CURVE('',#3134,(#3139,#3146),.PCURVE_S1.);
#3134 = CIRCLE('',#3135,3.);
#3135 = AXIS2_PLACEMENT_3D('',#3136,#3137,#3138);
#3136 = CARTESIAN_POINT('',(23.,87.,4.));
#3137 = DIRECTION('',(0.,0.,1.));
#3138 = DIRECTION('',(0.,-1.,0.));
#3139 = PCURVE('',#156,#3140);
#3140 = DEFINITIONAL_REPRESENTATION('',(#3141),#3145);
#3141 = CIRCLE('',#3142,3.);
#3142 = AXIS2_PLACEMENT_2D('',#3143,#3144);
#3143 = CARTESIAN_POINT('',(23.,87.));
#3144 = DIRECTION('',(0.,-1.));
#3145 = ( GEOMETRIC_REPRESENTATION_CONTEXT(2) 
PARAMETRIC_REPRESENTATION_CONTEXT() REPRESENTATION_CONTEXT('2D SPACE',''
  ) );
#3146 = PCURVE('',#968,#3147);
#3147 = DEFINITIONAL_REPRESENTATION('',(#3148),#3152);
#3148 = LINE('',#3149,#3150);
#3149 = CARTESIAN_POINT('',(-1.570796326795,4.));
#3150 = VECTOR('',#3151,1.);
#3151 = DIRECTION('',(1.,0.));
#3152 = ( GEOMETRIC_REPRESENTATION_CONTEXT(2) 
PARAMETRIC_REPRESENTATION_CONTEXT() REPRESENTATION_CONTEXT('2D SPACE',''
  ) );
#3153 = ORIENTED_EDGE('',*,*,#3154,.F.);
#3154 = EDGE_CURVE('',#2925,#3131,#3155,.T.);
#3155 = SURFACE_CURVE('',#3156,(#3160,#3167),.PCURVE_S1.);
#3156 = LINE('',#3157,#3158);
#3157 = CARTESIAN_POINT('',(0.,90.,4.));
#3158 = VECTOR('',#3159,1.);
#3159 = DIRECTION('',(1.,0.,0.));
#3160 = PCURVE('',#156,#3161);
#3161 = DEFINITIONAL_REPRESENTATION('',(#3162),#3166);
#3162 = LINE('',#3163,#3164);
#3163 = CARTESIAN_POINT('',(0.,90.));
#3164 = VECTOR('',#3165,1.);
#3165 = DIRECTION('',(1.,0.));
#3166 = ( GEOMETRIC_REPRESENTATION_CONTEXT(2) 
PARAMETRIC_REPRESENTATION_CONTEXT() REPRESENTATION_CONTEXT('2D SPACE',''
  ) );
#3167 = PCURVE('',#996,#3168);
#3168 = DEFINITIONAL_REPRESENTATION('',(#3169),#3173);
#3169 = LINE('',#3170,#3171);
#3170 = CARTESIAN_POINT('',(4.,0.));
#3171 = VECTOR('',#3172,1.);
#3172 = DIRECTION('',(0.,1.));
#3173 = ( GEOMETRIC_REPRESENTATION_CONTEXT(2) 
PARAMETRIC_REPRESENTATION_CONTEXT() REPRESENTATION_CONTEXT('2D SPACE',''
  ) );
#3174 = ORIENTED_EDGE('',*,*,#2947,.F.);
#3175 = ADVANCED_FACE('',(#3176),#380,.T.);
#3176 = FACE_BOUND('',#3177,.T.);
#3177 = EDGE_LOOP('',(#3178,#3179,#3180,#3201,#3225,#3248,#3277,#3303));
#3178 = ORIENTED_EDGE('',*,*,#364,.F.);
#3179 = ORIENTED_EDGE('',*,*,#2978,.F.);
#3180 = ORIENTED_EDGE('',*,*,#3181,.F.);
#3181 = EDGE_CURVE('',#3182,#2979,#3184,.T.);
#3182 = VERTEX_POINT('',#3183);
#3183 = CARTESIAN_POINT('',(23.5,27.,4.));
#3184 = SURFACE_CURVE('',#3185,(#3189,#3195),.PCURVE_S1.);
#3185 = LINE('',#3186,#3187);
#3186 = CARTESIAN_POINT('',(0.,27.,4.));
#3187 = VECTOR('',#3188,1.);
#3188 = DIRECTION('',(-1.,0.,0.));
#3189 = PCURVE('',#380,#3190);
#3190 = DEFINITIONAL_REPRESENTATION('',(#3191),#3194);
#3191 = B_SPLINE_CURVE_WITH_KNOTS('',1,(#3192,#3193),.UNSPECIFIED.,.F.,
  .F.,(2,2),(-23.5,-2.5),.PIECEWISE_BEZIER_KNOTS.);
#3192 = CARTESIAN_POINT('',(23.5,27.));
#3193 = CARTESIAN_POINT('',(2.5,27.));
#3194 = ( GEOMETRIC_REPRESENTATION_CONTEXT(2) 
PARAMETRIC_REPRESENTATION_CONTEXT() REPRESENTATION_CONTEXT('2D SPACE',''
  ) );
#3195 = PCURVE('',#1159,#3196);
#3196 = DEFINITIONAL_REPRESENTATION('',(#3197),#3200);
#3197 = B_SPLINE_CURVE_WITH_KNOTS('',1,(#3198,#3199),.UNSPECIFIED.,.F.,
  .F.,(2,2),(-23.5,-2.5),.PIECEWISE_BEZIER_KNOTS.);
#3198 = CARTESIAN_POINT('',(4.,23.5));
#3199 = CARTESIAN_POINT('',(4.,2.5));
#3200 = ( GEOMETRIC_REPRESENTATION_CONTEXT(2) 
PARAMETRIC_REPRESENTATION_CONTEXT() REPRESENTATION_CONTEXT('2D SPACE',''
  ) );
#3201 = ORIENTED_EDGE('',*,*,#3202,.F.);
#3202 = EDGE_CURVE('',#3203,#3182,#3205,.T.);
#3203 = VERTEX_POINT('',#3204);
#3204 = CARTESIAN_POINT('',(26.,24.5,4.));
#3205 = SURFACE_CURVE('',#3206,(#3211,#3218),.PCURVE_S1.);
#3206 = CIRCLE('',#3207,2.5);
#3207 = AXIS2_PLACEMENT_3D('',#3208,#3209,#3210);
#3208 = CARTESIAN_POINT('',(23.5,24.5,4.));
#3209 = DIRECTION('',(0.,0.,1.));
#3210 = DIRECTION('',(1.,0.,-0.));
#3211 = PCURVE('',#380,#3212);
#3212 = DEFINITIONAL_REPRESENTATION('',(#3213),#3217);
#3213 = CIRCLE('',#3214,2.5);
#3214 = AXIS2_PLACEMENT_2D('',#3215,#3216);
#3215 = CARTESIAN_POINT('',(23.5,24.5));
#3216 = DIRECTION('',(1.,0.));
#3217 = ( GEOMETRIC_REPRESENTATION_CONTEXT(2) 
PARAMETRIC_REPRESENTATION_CONTEXT() REPRESENTATION_CONTEXT('2D SPACE',''
  ) );
#3218 = PCURVE('',#1131,#3219);
#3219 = DEFINITIONAL_REPRESENTATION('',(#3220),#3224);
#3220 = LINE('',#3221,#3222);
#3221 = CARTESIAN_POINT('',(0.,4.));
#3222 = VECTOR('',#3223,1.);
#3223 = DIRECTION('',(1.,0.));
#3224 = ( GEOMETRIC_REPRESENTATION_CONTEXT(2) 
PARAMETRIC_REPRESENTATION_CONTEXT() REPRESENTATION_CONTEXT('2D SPACE',''
  ) );
#3225 = ORIENTED_EDGE('',*,*,#3226,.T.);
#3226 = EDGE_CURVE('',#3203,#3227,#3229,.T.);
#3227 = VERTEX_POINT('',#3228);
#3228 = CARTESIAN_POINT('',(26.,35.5,4.));
#3229 = SURFACE_CURVE('',#3230,(#3234,#3241),.PCURVE_S1.);
#3230 = LINE('',#3231,#3232);
#3231 = CARTESIAN_POINT('',(26.,0.,4.));
#3232 = VECTOR('',#3233,1.);
#3233 = DIRECTION('',(0.,1.,0.));
#3234 = PCURVE('',#380,#3235);
#3235 = DEFINITIONAL_REPRESENTATION('',(#3236),#3240);
#3236 = LINE('',#3237,#3238);
#3237 = CARTESIAN_POINT('',(26.,0.));
#3238 = VECTOR('',#3239,1.);
#3239 = DIRECTION('',(0.,1.));
#3240 = ( GEOMETRIC_REPRESENTATION_CONTEXT(2) 
PARAMETRIC_REPRESENTATION_CONTEXT() REPRESENTATION_CONTEXT('2D SPACE',''
  ) );
#3241 = PCURVE('',#684,#3242);
#3242 = DEFINITIONAL_REPRESENTATION('',(#3243),#3247);
#3243 = LINE('',#3244,#3245);
#3244 = CARTESIAN_POINT('',(4.,0.));
#3245 = VECTOR('',#3246,1.);
#3246 = DIRECTION('',(0.,-1.));
#3247 = ( GEOMETRIC_REPRESENTATION_CONTEXT(2) 
PARAMETRIC_REPRESENTATION_CONTEXT() REPRESENTATION_CONTEXT('2D SPACE',''
  ) );
#3248 = ORIENTED_EDGE('',*,*,#3249,.F.);
#3249 = EDGE_CURVE('',#3250,#3227,#3252,.T.);
#3250 = VERTEX_POINT('',#3251);
#3251 = CARTESIAN_POINT('',(23.5,33.,4.));
#3252 = SURFACE_CURVE('',#3253,(#3258,#3265),.PCURVE_S1.);
#3253 = CIRCLE('',#3254,2.5);
#3254 = AXIS2_PLACEMENT_3D('',#3255,#3256,#3257);
#3255 = CARTESIAN_POINT('',(23.5,35.5,4.));
#3256 = DIRECTION('',(0.,0.,1.));
#3257 = DIRECTION('',(1.,0.,-0.));
#3258 = PCURVE('',#380,#3259);
#3259 = DEFINITIONAL_REPRESENTATION('',(#3260),#3264);
#3260 = CIRCLE('',#3261,2.5);
#3261 = AXIS2_PLACEMENT_2D('',#3262,#3263);
#3262 = CARTESIAN_POINT('',(23.5,35.5));
#3263 = DIRECTION('',(1.,0.));
#3264 = ( GEOMETRIC_REPRESENTATION_CONTEXT(2) 
PARAMETRIC_REPRESENTATION_CONTEXT() REPRESENTATION_CONTEXT('2D SPACE',''
  ) );
#3265 = PCURVE('',#3266,#3271);
#3266 = CYLINDRICAL_SURFACE('',#3267,2.5);
#3267 = AXIS2_PLACEMENT_3D('',#3268,#3269,#3270);
#3268 = CARTESIAN_POINT('',(23.5,35.5,0.));
#3269 = DIRECTION('',(0.,0.,1.));
#3270 = DIRECTION('',(1.,0.,-0.));
#3271 = DEFINITIONAL_REPRESENTATION('',(#3272),#3276);
#3272 = LINE('',#3273,#3274);
#3273 = CARTESIAN_POINT('',(-6.28318530718,4.));
#3274 = VECTOR('',#3275,1.);
#3275 = DIRECTION('',(1.,-0.));
#3276 = ( GEOMETRIC_REPRESENTATION_CONTEXT(2) 
PARAMETRIC_REPRESENTATION_CONTEXT() REPRESENTATION_CONTEXT('2D SPACE',''
  ) );
#3277 = ORIENTED_EDGE('',*,*,#3278,.T.);
#3278 = EDGE_CURVE('',#3250,#3279,#3281,.T.);
#3279 = VERTEX_POINT('',#3280);
#3280 = CARTESIAN_POINT('',(2.5,33.,4.));
#3281 = SURFACE_CURVE('',#3282,(#3286,#3292),.PCURVE_S1.);
#3282 = LINE('',#3283,#3284);
#3283 = CARTESIAN_POINT('',(0.,33.,4.));
#3284 = VECTOR('',#3285,1.);
#3285 = DIRECTION('',(-1.,0.,0.));
#3286 = PCURVE('',#380,#3287);
#3287 = DEFINITIONAL_REPRESENTATION('',(#3288),#3291);
#3288 = B_SPLINE_CURVE_WITH_KNOTS('',1,(#3289,#3290),.UNSPECIFIED.,.F.,
  .F.,(2,2),(-23.5,-2.5),.PIECEWISE_BEZIER_KNOTS.);
#3289 = CARTESIAN_POINT('',(23.5,33.));
#3290 = CARTESIAN_POINT('',(2.5,33.));
#3291 = ( GEOMETRIC_REPRESENTATION_CONTEXT(2) 
PARAMETRIC_REPRESENTATION_CONTEXT() REPRESENTATION_CONTEXT('2D SPACE',''
  ) );
#3292 = PCURVE('',#3293,#3298);
#3293 = PLANE('',#3294);
#3294 = AXIS2_PLACEMENT_3D('',#3295,#3296,#3297);
#3295 = CARTESIAN_POINT('',(0.,33.,0.));
#3296 = DIRECTION('',(0.,1.,0.));
#3297 = DIRECTION('',(0.,0.,1.));
#3298 = DEFINITIONAL_REPRESENTATION('',(#3299),#3302);
#3299 = B_SPLINE_CURVE_WITH_KNOTS('',1,(#3300,#3301),.UNSPECIFIED.,.F.,
  .F.,(2,2),(-23.5,-2.5),.PIECEWISE_BEZIER_KNOTS.);
#3300 = CARTESIAN_POINT('',(4.,23.5));
#3301 = CARTESIAN_POINT('',(4.,2.5));
#3302 = ( GEOMETRIC_REPRESENTATION_CONTEXT(2) 
PARAMETRIC_REPRESENTATION_CONTEXT() REPRESENTATION_CONTEXT('2D SPACE',''
  ) );
#3303 = ORIENTED_EDGE('',*,*,#3304,.F.);
#3304 = EDGE_CURVE('',#337,#3279,#3305,.T.);
#3305 = SURFACE_CURVE('',#3306,(#3311,#3318),.PCURVE_S1.);
#3306 = CIRCLE('',#3307,2.5);
#3307 = AXIS2_PLACEMENT_3D('',#3308,#3309,#3310);
#3308 = CARTESIAN_POINT('',(2.5,35.5,4.));
#3309 = DIRECTION('',(0.,0.,1.));
#3310 = DIRECTION('',(-1.,-0.,0.));
#3311 = PCURVE('',#380,#3312);
#3312 = DEFINITIONAL_REPRESENTATION('',(#3313),#3317);
#3313 = CIRCLE('',#3314,2.5);
#3314 = AXIS2_PLACEMENT_2D('',#3315,#3316);
#3315 = CARTESIAN_POINT('',(2.5,35.5));
#3316 = DIRECTION('',(-1.,0.));
#3317 = ( GEOMETRIC_REPRESENTATION_CONTEXT(2) 
PARAMETRIC_REPRESENTATION_CONTEXT() REPRESENTATION_CONTEXT('2D SPACE',''
  ) );
#3318 = PCURVE('',#352,#3319);
#3319 = DEFINITIONAL_REPRESENTATION('',(#3320),#3324);
#3320 = LINE('',#3321,#3322);
#3321 = CARTESIAN_POINT('',(0.,4.));
#3322 = VECTOR('',#3323,1.);
#3323 = DIRECTION('',(1.,0.));
#3324 = ( GEOMETRIC_REPRESENTATION_CONTEXT(2) 
PARAMETRIC_REPRESENTATION_CONTEXT() REPRESENTATION_CONTEXT('2D SPACE',''
  ) );
#3325 = ADVANCED_FACE('',(#3326),#184,.T.);
#3326 = FACE_BOUND('',#3327,.F.);
#3327 = EDGE_LOOP('',(#3328,#3329,#3330,#3353));
#3328 = ORIENTED_EDGE('',*,*,#168,.F.);
#3329 = ORIENTED_EDGE('',*,*,#3028,.F.);
#3330 = ORIENTED_EDGE('',*,*,#3331,.T.);
#3331 = EDGE_CURVE('',#3029,#3332,#3334,.T.);
#3332 = VERTEX_POINT('',#3333);
#3333 = CARTESIAN_POINT('',(2.5,87.,16.));
#3334 = SURFACE_CURVE('',#3335,(#3339,#3346),.PCURVE_S1.);
#3335 = LINE('',#3336,#3337);
#3336 = CARTESIAN_POINT('',(2.5,87.,0.));
#3337 = VECTOR('',#3338,1.);
#3338 = DIRECTION('',(0.,0.,1.));
#3339 = PCURVE('',#184,#3340);
#3340 = DEFINITIONAL_REPRESENTATION('',(#3341),#3345);
#3341 = LINE('',#3342,#3343);
#3342 = CARTESIAN_POINT('',(-1.570796326795,0.));
#3343 = VECTOR('',#3344,1.);
#3344 = DIRECTION('',(-0.,1.));
#3345 = ( GEOMETRIC_REPRESENTATION_CONTEXT(2) 
PARAMETRIC_REPRESENTATION_CONTEXT() REPRESENTATION_CONTEXT('2D SPACE',''
  ) );
#3346 = PCURVE('',#3067,#3347);
#3347 = DEFINITIONAL_REPRESENTATION('',(#3348),#3352);
#3348 = LINE('',#3349,#3350);
#3349 = CARTESIAN_POINT('',(0.,2.5));
#3350 = VECTOR('',#3351,1.);
#3351 = DIRECTION('',(1.,0.));
#3352 = ( GEOMETRIC_REPRESENTATION_CONTEXT(2) 
PARAMETRIC_REPRESENTATION_CONTEXT() REPRESENTATION_CONTEXT('2D SPACE',''
  ) );
#3353 = ORIENTED_EDGE('',*,*,#3354,.F.);
#3354 = EDGE_CURVE('',#169,#3332,#3355,.T.);
#3355 = SURFACE_CURVE('',#3356,(#3361,#3368),.PCURVE_S1.);
#3356 = CIRCLE('',#3357,2.5);
#3357 = AXIS2_PLACEMENT_3D('',#3358,#3359,#3360);
#3358 = CARTESIAN_POINT('',(2.5,84.5,16.));
#3359 = DIRECTION('',(-0.,-0.,-1.));
#3360 = DIRECTION('',(0.,-1.,0.));
#3361 = PCURVE('',#184,#3362);
#3362 = DEFINITIONAL_REPRESENTATION('',(#3363),#3367);
#3363 = LINE('',#3364,#3365);
#3364 = CARTESIAN_POINT('',(1.570796326795,16.));
#3365 = VECTOR('',#3366,1.);
#3366 = DIRECTION('',(-1.,0.));
#3367 = ( GEOMETRIC_REPRESENTATION_CONTEXT(2) 
PARAMETRIC_REPRESENTATION_CONTEXT() REPRESENTATION_CONTEXT('2D SPACE',''
  ) );
#3368 = PCURVE('',#212,#3369);
#3369 = DEFINITIONAL_REPRESENTATION('',(#3370),#3378);
#3370 = ( BOUNDED_CURVE() B_SPLINE_CURVE(2,(#3371,#3372,#3373,#3374,
#3375,#3376,#3377),.UNSPECIFIED.,.T.,.F.) B_SPLINE_CURVE_WITH_KNOTS((1,2
    ,2,2,2,1),(-2.094395102393,0.,2.094395102393,4.188790204786,
6.28318530718,8.377580409573),.UNSPECIFIED.) CURVE() 
GEOMETRIC_REPRESENTATION_ITEM() RATIONAL_B_SPLINE_CURVE((1.,0.5,1.,0.5,
1.,0.5,1.)) REPRESENTATION_ITEM('') );
#3371 = CARTESIAN_POINT('',(2.5,19.));
#3372 = CARTESIAN_POINT('',(-1.830127018922,19.));
#3373 = CARTESIAN_POINT('',(0.334936490539,22.75));
#3374 = CARTESIAN_POINT('',(2.5,26.5));
#3375 = CARTESIAN_POINT('',(4.665063509461,22.75));
#3376 = CARTESIAN_POINT('',(6.830127018922,19.));
#3377 = CARTESIAN_POINT('',(2.5,19.));
#3378 = ( GEOMETRIC_REPRESENTATION_CONTEXT(2) 
PARAMETRIC_REPRESENTATION_CONTEXT() REPRESENTATION_CONTEXT('2D SPACE',''
  ) );
#3379 = ADVANCED_FACE('',(#3380),#352,.T.);
#3380 = FACE_BOUND('',#3381,.T.);
#3381 = EDGE_LOOP('',(#3382,#3383,#3384,#3407));
#3382 = ORIENTED_EDGE('',*,*,#336,.F.);
#3383 = ORIENTED_EDGE('',*,*,#3304,.T.);
#3384 = ORIENTED_EDGE('',*,*,#3385,.T.);
#3385 = EDGE_CURVE('',#3279,#3386,#3388,.T.);
#3386 = VERTEX_POINT('',#3387);
#3387 = CARTESIAN_POINT('',(2.5,33.,16.));
#3388 = SURFACE_CURVE('',#3389,(#3393,#3400),.PCURVE_S1.);
#3389 = LINE('',#3390,#3391);
#3390 = CARTESIAN_POINT('',(2.5,33.,0.));
#3391 = VECTOR('',#3392,1.);
#3392 = DIRECTION('',(0.,0.,1.));
#3393 = PCURVE('',#352,#3394);
#3394 = DEFINITIONAL_REPRESENTATION('',(#3395),#3399);
#3395 = LINE('',#3396,#3397);
#3396 = CARTESIAN_POINT('',(1.570796326795,0.));
#3397 = VECTOR('',#3398,1.);
#3398 = DIRECTION('',(0.,1.));
#3399 = ( GEOMETRIC_REPRESENTATION_CONTEXT(2) 
PARAMETRIC_REPRESENTATION_CONTEXT() REPRESENTATION_CONTEXT('2D SPACE',''
  ) );
#3400 = PCURVE('',#3293,#3401);
#3401 = DEFINITIONAL_REPRESENTATION('',(#3402),#3406);
#3402 = LINE('',#3403,#3404);
#3403 = CARTESIAN_POINT('',(0.,2.5));
#3404 = VECTOR('',#3405,1.);
#3405 = DIRECTION('',(1.,0.));
#3406 = ( GEOMETRIC_REPRESENTATION_CONTEXT(2) 
PARAMETRIC_REPRESENTATION_CONTEXT() REPRESENTATION_CONTEXT('2D SPACE',''
  ) );
#3407 = ORIENTED_EDGE('',*,*,#3408,.F.);
#3408 = EDGE_CURVE('',#309,#3386,#3409,.T.);
#3409 = SURFACE_CURVE('',#3410,(#3415,#3422),.PCURVE_S1.);
#3410 = CIRCLE('',#3411,2.5);
#3411 = AXIS2_PLACEMENT_3D('',#3412,#3413,#3414);
#3412 = CARTESIAN_POINT('',(2.5,35.5,16.));
#3413 = DIRECTION('',(0.,0.,1.));
#3414 = DIRECTION('',(0.,-1.,0.));
#3415 = PCURVE('',#352,#3416);
#3416 = DEFINITIONAL_REPRESENTATION('',(#3417),#3421);
#3417 = LINE('',#3418,#3419);
#3418 = CARTESIAN_POINT('',(-4.712388980385,16.));
#3419 = VECTOR('',#3420,1.);
#3420 = DIRECTION('',(1.,0.));
#3421 = ( GEOMETRIC_REPRESENTATION_CONTEXT(2) 
PARAMETRIC_REPRESENTATION_CONTEXT() REPRESENTATION_CONTEXT('2D SPACE',''
  ) );
#3422 = PCURVE('',#324,#3423);
#3423 = DEFINITIONAL_REPRESENTATION('',(#3424),#3428);
#3424 = CIRCLE('',#3425,2.5);
#3425 = AXIS2_PLACEMENT_2D('',#3426,#3427);
#3426 = CARTESIAN_POINT('',(2.5,2.5));
#3427 = DIRECTION('',(0.,-1.));
#3428 = ( GEOMETRIC_REPRESENTATION_CONTEXT(2) 
PARAMETRIC_REPRESENTATION_CONTEXT() REPRESENTATION_CONTEXT('2D SPACE',''
  ) );
#3429 = ADVANCED_FACE('',(#3430,#3587,#3693,#3799,#4061,#4400),#212,.T.
  );
#3430 = FACE_BOUND('',#3431,.T.);
#3431 = EDGE_LOOP('',(#3432,#3433,#3457,#3485,#3518,#3541,#3565,#3586));
#3432 = ORIENTED_EDGE('',*,*,#196,.F.);
#3433 = ORIENTED_EDGE('',*,*,#3434,.T.);
#3434 = EDGE_CURVE('',#197,#3435,#3437,.T.);
#3435 = VERTEX_POINT('',#3436);
#3436 = CARTESIAN_POINT('',(2.5,63.,16.));
#3437 = SURFACE_CURVE('',#3438,(#3443,#3450),.PCURVE_S1.);
#3438 = CIRCLE('',#3439,2.5);
#3439 = AXIS2_PLACEMENT_3D('',#3440,#3441,#3442);
#3440 = CARTESIAN_POINT('',(2.5,65.5,16.));
#3441 = DIRECTION('',(0.,0.,1.));
#3442 = DIRECTION('',(0.,-1.,0.));
#3443 = PCURVE('',#212,#3444);
#3444 = DEFINITIONAL_REPRESENTATION('',(#3445),#3449);
#3445 = CIRCLE('',#3446,2.5);
#3446 = AXIS2_PLACEMENT_2D('',#3447,#3448);
#3447 = CARTESIAN_POINT('',(2.5,2.5));
#3448 = DIRECTION('',(0.,-1.));
#3449 = ( GEOMETRIC_REPRESENTATION_CONTEXT(2) 
PARAMETRIC_REPRESENTATION_CONTEXT() REPRESENTATION_CONTEXT('2D SPACE',''
  ) );
#3450 = PCURVE('',#240,#3451);
#3451 = DEFINITIONAL_REPRESENTATION('',(#3452),#3456);
#3452 = LINE('',#3453,#3454);
#3453 = CARTESIAN_POINT('',(-4.712388980385,16.));
#3454 = VECTOR('',#3455,1.);
#3455 = DIRECTION('',(1.,0.));
#3456 = ( GEOMETRIC_REPRESENTATION_CONTEXT(2) 
PARAMETRIC_REPRESENTATION_CONTEXT() REPRESENTATION_CONTEXT('2D SPACE',''
  ) );
#3457 = ORIENTED_EDGE('',*,*,#3458,.T.);
#3458 = EDGE_CURVE('',#3435,#3459,#3461,.T.);
#3459 = VERTEX_POINT('',#3460);
#3460 = CARTESIAN_POINT('',(23.5,63.,16.));
#3461 = SURFACE_CURVE('',#3462,(#3466,#3473),.PCURVE_S1.);
#3462 = LINE('',#3463,#3464);
#3463 = CARTESIAN_POINT('',(0.,63.,16.));
#3464 = VECTOR('',#3465,1.);
#3465 = DIRECTION('',(1.,0.,0.));
#3466 = PCURVE('',#212,#3467);
#3467 = DEFINITIONAL_REPRESENTATION('',(#3468),#3472);
#3468 = LINE('',#3469,#3470);
#3469 = CARTESIAN_POINT('',(0.,0.));
#3470 = VECTOR('',#3471,1.);
#3471 = DIRECTION('',(1.,0.));
#3472 = ( GEOMETRIC_REPRESENTATION_CONTEXT(2) 
PARAMETRIC_REPRESENTATION_CONTEXT() REPRESENTATION_CONTEXT('2D SPACE',''
  ) );
#3473 = PCURVE('',#3474,#3479);
#3474 = PLANE('',#3475);
#3475 = AXIS2_PLACEMENT_3D('',#3476,#3477,#3478);
#3476 = CARTESIAN_POINT('',(0.,63.,0.));
#3477 = DIRECTION('',(0.,1.,0.));
#3478 = DIRECTION('',(0.,0.,1.));
#3479 = DEFINITIONAL_REPRESENTATION('',(#3480),#3484);
#3480 = LINE('',#3481,#3482);
#3481 = CARTESIAN_POINT('',(16.,0.));
#3482 = VECTOR('',#3483,1.);
#3483 = DIRECTION('',(0.,1.));
#3484 = ( GEOMETRIC_REPRESENTATION_CONTEXT(2) 
PARAMETRIC_REPRESENTATION_CONTEXT() REPRESENTATION_CONTEXT('2D SPACE',''
  ) );
#3485 = ORIENTED_EDGE('',*,*,#3486,.F.);
#3486 = EDGE_CURVE('',#3487,#3459,#3489,.T.);
#3487 = VERTEX_POINT('',#3488);
#3488 = CARTESIAN_POINT('',(26.,65.5,16.));
#3489 = SURFACE_CURVE('',#3490,(#3495,#3506),.PCURVE_S1.);
#3490 = CIRCLE('',#3491,2.5);
#3491 = AXIS2_PLACEMENT_3D('',#3492,#3493,#3494);
#3492 = CARTESIAN_POINT('',(23.5,65.5,16.));
#3493 = DIRECTION('',(-0.,-0.,-1.));
#3494 = DIRECTION('',(0.,-1.,0.));
#3495 = PCURVE('',#212,#3496);
#3496 = DEFINITIONAL_REPRESENTATION('',(#3497),#3505);
#3497 = ( BOUNDED_CURVE() B_SPLINE_CURVE(2,(#3498,#3499,#3500,#3501,
#3502,#3503,#3504),.UNSPECIFIED.,.T.,.F.) B_SPLINE_CURVE_WITH_KNOTS((1,2
    ,2,2,2,1),(-2.094395102393,0.,2.094395102393,4.188790204786,
6.28318530718,8.377580409573),.UNSPECIFIED.) CURVE() 
GEOMETRIC_REPRESENTATION_ITEM() RATIONAL_B_SPLINE_CURVE((1.,0.5,1.,0.5,
1.,0.5,1.)) REPRESENTATION_ITEM('') );
#3498 = CARTESIAN_POINT('',(23.5,0.));
#3499 = CARTESIAN_POINT('',(19.169872981078,0.));
#3500 = CARTESIAN_POINT('',(21.334936490539,3.75));
#3501 = CARTESIAN_POINT('',(23.5,7.5));
#3502 = CARTESIAN_POINT('',(25.665063509461,3.75));
#3503 = CARTESIAN_POINT('',(27.830127018922,3.996802888651E-15));
#3504 = CARTESIAN_POINT('',(23.5,0.));
#3505 = ( GEOMETRIC_REPRESENTATION_CONTEXT(2) 
PARAMETRIC_REPRESENTATION_CONTEXT() REPRESENTATION_CONTEXT('2D SPACE',''
  ) );
#3506 = PCURVE('',#3507,#3512);
#3507 = CYLINDRICAL_SURFACE('',#3508,2.5);
#3508 = AXIS2_PLACEMENT_3D('',#3509,#3510,#3511);
#3509 = CARTESIAN_POINT('',(23.5,65.5,0.));
#3510 = DIRECTION('',(0.,0.,1.));
#3511 = DIRECTION('',(1.,0.,-0.));
#3512 = DEFINITIONAL_REPRESENTATION('',(#3513),#3517);
#3513 = LINE('',#3514,#3515);
#3514 = CARTESIAN_POINT('',(4.712388980385,16.));
#3515 = VECTOR('',#3516,1.);
#3516 = DIRECTION('',(-1.,0.));
#3517 = ( GEOMETRIC_REPRESENTATION_CONTEXT(2) 
PARAMETRIC_REPRESENTATION_CONTEXT() REPRESENTATION_CONTEXT('2D SPACE',''
  ) );
#3518 = ORIENTED_EDGE('',*,*,#3519,.T.);
#3519 = EDGE_CURVE('',#3487,#3520,#3522,.T.);
#3520 = VERTEX_POINT('',#3521);
#3521 = CARTESIAN_POINT('',(26.,84.5,16.));
#3522 = SURFACE_CURVE('',#3523,(#3527,#3534),.PCURVE_S1.);
#3523 = LINE('',#3524,#3525);
#3524 = CARTESIAN_POINT('',(26.,63.,16.));
#3525 = VECTOR('',#3526,1.);
#3526 = DIRECTION('',(0.,1.,0.));
#3527 = PCURVE('',#212,#3528);
#3528 = DEFINITIONAL_REPRESENTATION('',(#3529),#3533);
#3529 = LINE('',#3530,#3531);
#3530 = CARTESIAN_POINT('',(26.,0.));
#3531 = VECTOR('',#3532,1.);
#3532 = DIRECTION('',(0.,1.));
#3533 = ( GEOMETRIC_REPRESENTATION_CONTEXT(2) 
PARAMETRIC_REPRESENTATION_CONTEXT() REPRESENTATION_CONTEXT('2D SPACE',''
  ) );
#3534 = PCURVE('',#684,#3535);
#3535 = DEFINITIONAL_REPRESENTATION('',(#3536),#3540);
#3536 = LINE('',#3537,#3538);
#3537 = CARTESIAN_POINT('',(16.,-63.));
#3538 = VECTOR('',#3539,1.);
#3539 = DIRECTION('',(0.,-1.));
#3540 = ( GEOMETRIC_REPRESENTATION_CONTEXT(2) 
PARAMETRIC_REPRESENTATION_CONTEXT() REPRESENTATION_CONTEXT('2D SPACE',''
  ) );
#3541 = ORIENTED_EDGE('',*,*,#3542,.T.);
#3542 = EDGE_CURVE('',#3520,#3543,#3545,.T.);
#3543 = VERTEX_POINT('',#3544);
#3544 = CARTESIAN_POINT('',(23.5,87.,16.));
#3545 = SURFACE_CURVE('',#3546,(#3551,#3558),.PCURVE_S1.);
#3546 = CIRCLE('',#3547,2.5);
#3547 = AXIS2_PLACEMENT_3D('',#3548,#3549,#3550);
#3548 = CARTESIAN_POINT('',(23.5,84.5,16.));
#3549 = DIRECTION('',(0.,0.,1.));
#3550 = DIRECTION('',(0.,-1.,0.));
#3551 = PCURVE('',#212,#3552);
#3552 = DEFINITIONAL_REPRESENTATION('',(#3553),#3557);
#3553 = CIRCLE('',#3554,2.5);
#3554 = AXIS2_PLACEMENT_2D('',#3555,#3556);
#3555 = CARTESIAN_POINT('',(23.5,21.5));
#3556 = DIRECTION('',(0.,-1.));
#3557 = ( GEOMETRIC_REPRESENTATION_CONTEXT(2) 
PARAMETRIC_REPRESENTATION_CONTEXT() REPRESENTATION_CONTEXT('2D SPACE',''
  ) );
#3558 = PCURVE('',#3095,#3559);
#3559 = DEFINITIONAL_REPRESENTATION('',(#3560),#3564);
#3560 = LINE('',#3561,#3562);
#3561 = CARTESIAN_POINT('',(-1.570796326795,16.));
#3562 = VECTOR('',#3563,1.);
#3563 = DIRECTION('',(1.,0.));
#3564 = ( GEOMETRIC_REPRESENTATION_CONTEXT(2) 
PARAMETRIC_REPRESENTATION_CONTEXT() REPRESENTATION_CONTEXT('2D SPACE',''
  ) );
#3565 = ORIENTED_EDGE('',*,*,#3566,.F.);
#3566 = EDGE_CURVE('',#3332,#3543,#3567,.T.);
#3567 = SURFACE_CURVE('',#3568,(#3572,#3579),.PCURVE_S1.);
#3568 = LINE('',#3569,#3570);
#3569 = CARTESIAN_POINT('',(0.,87.,16.));
#3570 = VECTOR('',#3571,1.);
#3571 = DIRECTION('',(1.,0.,0.));
#3572 = PCURVE('',#212,#3573);
#3573 = DEFINITIONAL_REPRESENTATION('',(#3574),#3578);
#3574 = LINE('',#3575,#3576);
#3575 = CARTESIAN_POINT('',(0.,24.));
#3576 = VECTOR('',#3577,1.);
#3577 = DIRECTION('',(1.,0.));
#3578 = ( GEOMETRIC_REPRESENTATION_CONTEXT(2) 
PARAMETRIC_REPRESENTATION_CONTEXT() REPRESENTATION_CONTEXT('2D SPACE',''
  ) );
#3579 = PCURVE('',#3067,#3580);
#3580 = DEFINITIONAL_REPRESENTATION('',(#3581),#3585);
#3581 = LINE('',#3582,#3583);
#3582 = CARTESIAN_POINT('',(16.,0.));
#3583 = VECTOR('',#3584,1.);
#3584 = DIRECTION('',(0.,1.));
#3585 = ( GEOMETRIC_REPRESENTATION_CONTEXT(2) 
PARAMETRIC_REPRESENTATION_CONTEXT() REPRESENTATION_CONTEXT('2D SPACE',''
  ) );
#3586 = ORIENTED_EDGE('',*,*,#3354,.F.);
#3587 = FACE_BOUND('',#3588,.T.);
#3588 = EDGE_LOOP('',(#3589,#3617,#3643,#3669));
#3589 = ORIENTED_EDGE('',*,*,#3590,.F.);
#3590 = EDGE_CURVE('',#3591,#3593,#3595,.T.);
#3591 = VERTEX_POINT('',#3592);
#3592 = CARTESIAN_POINT('',(13.940625,73.94296875,16.));
#3593 = VERTEX_POINT('',#3594);
#3594 = CARTESIAN_POINT('',(14.3796875,73.94296875,16.));
#3595 = SURFACE_CURVE('',#3596,(#3600,#3606),.PCURVE_S1.);
#3596 = LINE('',#3597,#3598);
#3597 = CARTESIAN_POINT('',(7.18984375,73.94296875,16.));
#3598 = VECTOR('',#3599,1.);
#3599 = DIRECTION('',(1.,0.,-0.));
#3600 = PCURVE('',#212,#3601);
#3601 = DEFINITIONAL_REPRESENTATION('',(#3602),#3605);
#3602 = B_SPLINE_CURVE_WITH_KNOTS('',1,(#3603,#3604),.UNSPECIFIED.,.F.,
  .F.,(2,2),(6.75078125,7.18984375),.PIECEWISE_BEZIER_KNOTS.);
#3603 = CARTESIAN_POINT('',(13.940625,10.94296875));
#3604 = CARTESIAN_POINT('',(14.3796875,10.94296875));
#3605 = ( GEOMETRIC_REPRESENTATION_CONTEXT(2) 
PARAMETRIC_REPRESENTATION_CONTEXT() REPRESENTATION_CONTEXT('2D SPACE',''
  ) );
#3606 = PCURVE('',#3607,#3612);
#3607 = PLANE('',#3608);
#3608 = AXIS2_PLACEMENT_3D('',#3609,#3610,#3611);
#3609 = CARTESIAN_POINT('',(14.3796875,73.94296875,15.95));
#3610 = DIRECTION('',(0.,-1.,0.));
#3611 = DIRECTION('',(-1.,0.,0.));
#3612 = DEFINITIONAL_REPRESENTATION('',(#3613),#3616);
#3613 = B_SPLINE_CURVE_WITH_KNOTS('',1,(#3614,#3615),.UNSPECIFIED.,.F.,
  .F.,(2,2),(6.75078125,7.18984375),.PIECEWISE_BEZIER_KNOTS.);
#3614 = CARTESIAN_POINT('',(0.4390625,-5.E-02));
#3615 = CARTESIAN_POINT('',(0.,-5.E-02));
#3616 = ( GEOMETRIC_REPRESENTATION_CONTEXT(2) 
PARAMETRIC_REPRESENTATION_CONTEXT() REPRESENTATION_CONTEXT('2D SPACE',''
  ) );
#3617 = ORIENTED_EDGE('',*,*,#3618,.F.);
#3618 = EDGE_CURVE('',#3619,#3591,#3621,.T.);
#3619 = VERTEX_POINT('',#3620);
#3620 = CARTESIAN_POINT('',(13.940625,74.38203125,16.));
#3621 = SURFACE_CURVE('',#3622,(#3626,#3632),.PCURVE_S1.);
#3622 = LINE('',#3623,#3624);
#3623 = CARTESIAN_POINT('',(13.940625,68.471484375,16.));
#3624 = VECTOR('',#3625,1.);
#3625 = DIRECTION('',(0.,-1.,0.));
#3626 = PCURVE('',#212,#3627);
#3627 = DEFINITIONAL_REPRESENTATION('',(#3628),#3631);
#3628 = B_SPLINE_CURVE_WITH_KNOTS('',1,(#3629,#3630),.UNSPECIFIED.,.F.,
  .F.,(2,2),(-5.910546875,-5.471484375),.PIECEWISE_BEZIER_KNOTS.);
#3629 = CARTESIAN_POINT('',(13.940625,11.38203125));
#3630 = CARTESIAN_POINT('',(13.940625,10.94296875));
#3631 = ( GEOMETRIC_REPRESENTATION_CONTEXT(2) 
PARAMETRIC_REPRESENTATION_CONTEXT() REPRESENTATION_CONTEXT('2D SPACE',''
  ) );
#3632 = PCURVE('',#3633,#3638);
#3633 = PLANE('',#3634);
#3634 = AXIS2_PLACEMENT_3D('',#3635,#3636,#3637);
#3635 = CARTESIAN_POINT('',(13.940625,73.94296875,15.95));
#3636 = DIRECTION('',(-1.,0.,0.));
#3637 = DIRECTION('',(0.,1.,0.));
#3638 = DEFINITIONAL_REPRESENTATION('',(#3639),#3642);
#3639 = B_SPLINE_CURVE_WITH_KNOTS('',1,(#3640,#3641),.UNSPECIFIED.,.F.,
  .F.,(2,2),(-5.910546875,-5.471484375),.PIECEWISE_BEZIER_KNOTS.);
#3640 = CARTESIAN_POINT('',(0.4390625,-5.E-02));
#3641 = CARTESIAN_POINT('',(0.,-5.E-02));
#3642 = ( GEOMETRIC_REPRESENTATION_CONTEXT(2) 
PARAMETRIC_REPRESENTATION_CONTEXT() REPRESENTATION_CONTEXT('2D SPACE',''
  ) );
#3643 = ORIENTED_EDGE('',*,*,#3644,.F.);
#3644 = EDGE_CURVE('',#3645,#3619,#3647,.T.);
#3645 = VERTEX_POINT('',#3646);
#3646 = CARTESIAN_POINT('',(14.3796875,74.38203125,16.));
#3647 = SURFACE_CURVE('',#3648,(#3652,#3658),.PCURVE_S1.);
#3648 = LINE('',#3649,#3650);
#3649 = CARTESIAN_POINT('',(6.9703125,74.38203125,16.));
#3650 = VECTOR('',#3651,1.);
#3651 = DIRECTION('',(-1.,0.,0.));
#3652 = PCURVE('',#212,#3653);
#3653 = DEFINITIONAL_REPRESENTATION('',(#3654),#3657);
#3654 = B_SPLINE_CURVE_WITH_KNOTS('',1,(#3655,#3656),.UNSPECIFIED.,.F.,
  .F.,(2,2),(-7.409375,-6.9703125),.PIECEWISE_BEZIER_KNOTS.);
#3655 = CARTESIAN_POINT('',(14.3796875,11.38203125));
#3656 = CARTESIAN_POINT('',(13.940625,11.38203125));
#3657 = ( GEOMETRIC_REPRESENTATION_CONTEXT(2) 
PARAMETRIC_REPRESENTATION_CONTEXT() REPRESENTATION_CONTEXT('2D SPACE',''
  ) );
#3658 = PCURVE('',#3659,#3664);
#3659 = PLANE('',#3660);
#3660 = AXIS2_PLACEMENT_3D('',#3661,#3662,#3663);
#3661 = CARTESIAN_POINT('',(13.940625,74.38203125,15.95));
#3662 = DIRECTION('',(0.,1.,0.));
#3663 = DIRECTION('',(1.,0.,0.));
#3664 = DEFINITIONAL_REPRESENTATION('',(#3665),#3668);
#3665 = B_SPLINE_CURVE_WITH_KNOTS('',1,(#3666,#3667),.UNSPECIFIED.,.F.,
  .F.,(2,2),(-7.409375,-6.9703125),.PIECEWISE_BEZIER_KNOTS.);
#3666 = CARTESIAN_POINT('',(0.4390625,-5.E-02));
#3667 = CARTESIAN_POINT('',(0.,-5.E-02));
#3668 = ( GEOMETRIC_REPRESENTATION_CONTEXT(2) 
PARAMETRIC_REPRESENTATION_CONTEXT() REPRESENTATION_CONTEXT('2D SPACE',''
  ) );
#3669 = ORIENTED_EDGE('',*,*,#3670,.F.);
#3670 = EDGE_CURVE('',#3593,#3645,#3671,.T.);
#3671 = SURFACE_CURVE('',#3672,(#3676,#3682),.PCURVE_S1.);
#3672 = LINE('',#3673,#3674);
#3673 = CARTESIAN_POINT('',(14.3796875,68.691015625,16.));
#3674 = VECTOR('',#3675,1.);
#3675 = DIRECTION('',(0.,1.,0.));
#3676 = PCURVE('',#212,#3677);
#3677 = DEFINITIONAL_REPRESENTATION('',(#3678),#3681);
#3678 = B_SPLINE_CURVE_WITH_KNOTS('',1,(#3679,#3680),.UNSPECIFIED.,.F.,
  .F.,(2,2),(5.251953125,5.691015625),.PIECEWISE_BEZIER_KNOTS.);
#3679 = CARTESIAN_POINT('',(14.3796875,10.94296875));
#3680 = CARTESIAN_POINT('',(14.3796875,11.38203125));
#3681 = ( GEOMETRIC_REPRESENTATION_CONTEXT(2) 
PARAMETRIC_REPRESENTATION_CONTEXT() REPRESENTATION_CONTEXT('2D SPACE',''
  ) );
#3682 = PCURVE('',#3683,#3688);
#3683 = PLANE('',#3684);
#3684 = AXIS2_PLACEMENT_3D('',#3685,#3686,#3687);
#3685 = CARTESIAN_POINT('',(14.3796875,74.38203125,15.95));
#3686 = DIRECTION('',(1.,0.,0.));
#3687 = DIRECTION('',(0.,-1.,0.));
#3688 = DEFINITIONAL_REPRESENTATION('',(#3689),#3692);
#3689 = B_SPLINE_CURVE_WITH_KNOTS('',1,(#3690,#3691),.UNSPECIFIED.,.F.,
  .F.,(2,2),(5.251953125,5.691015625),.PIECEWISE_BEZIER_KNOTS.);
#3690 = CARTESIAN_POINT('',(0.4390625,-5.E-02));
#3691 = CARTESIAN_POINT('',(0.,-5.E-02));
#3692 = ( GEOMETRIC_REPRESENTATION_CONTEXT(2) 
PARAMETRIC_REPRESENTATION_CONTEXT() REPRESENTATION_CONTEXT('2D SPACE',''
  ) );
#3693 = FACE_BOUND('',#3694,.T.);
#3694 = EDGE_LOOP('',(#3695,#3723,#3749,#3775));
#3695 = ORIENTED_EDGE('',*,*,#3696,.T.);
#3696 = EDGE_CURVE('',#3697,#3699,#3701,.T.);
#3697 = VERTEX_POINT('',#3698);
#3698 = CARTESIAN_POINT('',(22.775,71.025,16.));
#3699 = VERTEX_POINT('',#3700);
#3700 = CARTESIAN_POINT('',(19.225,71.025,16.));
#3701 = SURFACE_CURVE('',#3702,(#3706,#3712),.PCURVE_S1.);
#3702 = LINE('',#3703,#3704);
#3703 = CARTESIAN_POINT('',(9.6125,71.025,16.));
#3704 = VECTOR('',#3705,1.);
#3705 = DIRECTION('',(-1.,0.,0.));
#3706 = PCURVE('',#212,#3707);
#3707 = DEFINITIONAL_REPRESENTATION('',(#3708),#3711);
#3708 = B_SPLINE_CURVE_WITH_KNOTS('',1,(#3709,#3710),.UNSPECIFIED.,.F.,
  .F.,(2,2),(-13.1625,-9.6125),.PIECEWISE_BEZIER_KNOTS.);
#3709 = CARTESIAN_POINT('',(22.775,8.025));
#3710 = CARTESIAN_POINT('',(19.225,8.025));
#3711 = ( GEOMETRIC_REPRESENTATION_CONTEXT(2) 
PARAMETRIC_REPRESENTATION_CONTEXT() REPRESENTATION_CONTEXT('2D SPACE',''
  ) );
#3712 = PCURVE('',#3713,#3718);
#3713 = PLANE('',#3714);
#3714 = AXIS2_PLACEMENT_3D('',#3715,#3716,#3717);
#3715 = CARTESIAN_POINT('',(19.225,71.025,0.2));
#3716 = DIRECTION('',(0.,1.,0.));
#3717 = DIRECTION('',(0.,0.,1.));
#3718 = DEFINITIONAL_REPRESENTATION('',(#3719),#3722);
#3719 = B_SPLINE_CURVE_WITH_KNOTS('',1,(#3720,#3721),.UNSPECIFIED.,.F.,
  .F.,(2,2),(-13.1625,-9.6125),.PIECEWISE_BEZIER_KNOTS.);
#3720 = CARTESIAN_POINT('',(15.8,3.55));
#3721 = CARTESIAN_POINT('',(15.8,0.));
#3722 = ( GEOMETRIC_REPRESENTATION_CONTEXT(2) 
PARAMETRIC_REPRESENTATION_CONTEXT() REPRESENTATION_CONTEXT('2D SPACE',''
  ) );
#3723 = ORIENTED_EDGE('',*,*,#3724,.T.);
#3724 = EDGE_CURVE('',#3699,#3725,#3727,.T.);
#3725 = VERTEX_POINT('',#3726);
#3726 = CARTESIAN_POINT('',(19.225,78.975,16.));
#3727 = SURFACE_CURVE('',#3728,(#3732,#3738),.PCURVE_S1.);
#3728 = LINE('',#3729,#3730);
#3729 = CARTESIAN_POINT('',(19.225,67.0125,16.));
#3730 = VECTOR('',#3731,1.);
#3731 = DIRECTION('',(0.,1.,0.));
#3732 = PCURVE('',#212,#3733);
#3733 = DEFINITIONAL_REPRESENTATION('',(#3734),#3737);
#3734 = B_SPLINE_CURVE_WITH_KNOTS('',1,(#3735,#3736),.UNSPECIFIED.,.F.,
  .F.,(2,2),(4.0125,11.9625),.PIECEWISE_BEZIER_KNOTS.);
#3735 = CARTESIAN_POINT('',(19.225,8.025));
#3736 = CARTESIAN_POINT('',(19.225,15.975));
#3737 = ( GEOMETRIC_REPRESENTATION_CONTEXT(2) 
PARAMETRIC_REPRESENTATION_CONTEXT() REPRESENTATION_CONTEXT('2D SPACE',''
  ) );
#3738 = PCURVE('',#3739,#3744);
#3739 = PLANE('',#3740);
#3740 = AXIS2_PLACEMENT_3D('',#3741,#3742,#3743);
#3741 = CARTESIAN_POINT('',(19.225,71.025,0.2));
#3742 = DIRECTION('',(1.,0.,0.));
#3743 = DIRECTION('',(0.,0.,1.));
#3744 = DEFINITIONAL_REPRESENTATION('',(#3745),#3748);
#3745 = B_SPLINE_CURVE_WITH_KNOTS('',1,(#3746,#3747),.UNSPECIFIED.,.F.,
  .F.,(2,2),(4.0125,11.9625),.PIECEWISE_BEZIER_KNOTS.);
#3746 = CARTESIAN_POINT('',(15.8,0.));
#3747 = CARTESIAN_POINT('',(15.8,-7.95));
#3748 = ( GEOMETRIC_REPRESENTATION_CONTEXT(2) 
PARAMETRIC_REPRESENTATION_CONTEXT() REPRESENTATION_CONTEXT('2D SPACE',''
  ) );
#3749 = ORIENTED_EDGE('',*,*,#3750,.F.);
#3750 = EDGE_CURVE('',#3751,#3725,#3753,.T.);
#3751 = VERTEX_POINT('',#3752);
#3752 = CARTESIAN_POINT('',(22.775,78.975,16.));
#3753 = SURFACE_CURVE('',#3754,(#3758,#3764),.PCURVE_S1.);
#3754 = LINE('',#3755,#3756);
#3755 = CARTESIAN_POINT('',(9.6125,78.975,16.));
#3756 = VECTOR('',#3757,1.);
#3757 = DIRECTION('',(-1.,0.,0.));
#3758 = PCURVE('',#212,#3759);
#3759 = DEFINITIONAL_REPRESENTATION('',(#3760),#3763);
#3760 = B_SPLINE_CURVE_WITH_KNOTS('',1,(#3761,#3762),.UNSPECIFIED.,.F.,
  .F.,(2,2),(-13.1625,-9.6125),.PIECEWISE_BEZIER_KNOTS.);
#3761 = CARTESIAN_POINT('',(22.775,15.975));
#3762 = CARTESIAN_POINT('',(19.225,15.975));
#3763 = ( GEOMETRIC_REPRESENTATION_CONTEXT(2) 
PARAMETRIC_REPRESENTATION_CONTEXT() REPRESENTATION_CONTEXT('2D SPACE',''
  ) );
#3764 = PCURVE('',#3765,#3770);
#3765 = PLANE('',#3766);
#3766 = AXIS2_PLACEMENT_3D('',#3767,#3768,#3769);
#3767 = CARTESIAN_POINT('',(19.225,78.975,0.2));
#3768 = DIRECTION('',(0.,1.,0.));
#3769 = DIRECTION('',(0.,0.,1.));
#3770 = DEFINITIONAL_REPRESENTATION('',(#3771),#3774);
#3771 = B_SPLINE_CURVE_WITH_KNOTS('',1,(#3772,#3773),.UNSPECIFIED.,.F.,
  .F.,(2,2),(-13.1625,-9.6125),.PIECEWISE_BEZIER_KNOTS.);
#3772 = CARTESIAN_POINT('',(15.8,3.55));
#3773 = CARTESIAN_POINT('',(15.8,0.));
#3774 = ( GEOMETRIC_REPRESENTATION_CONTEXT(2) 
PARAMETRIC_REPRESENTATION_CONTEXT() REPRESENTATION_CONTEXT('2D SPACE',''
  ) );
#3775 = ORIENTED_EDGE('',*,*,#3776,.F.);
#3776 = EDGE_CURVE('',#3697,#3751,#3777,.T.);
#3777 = SURFACE_CURVE('',#3778,(#3782,#3788),.PCURVE_S1.);
#3778 = LINE('',#3779,#3780);
#3779 = CARTESIAN_POINT('',(22.775,67.0125,16.));
#3780 = VECTOR('',#3781,1.);
#3781 = DIRECTION('',(0.,1.,0.));
#3782 = PCURVE('',#212,#3783);
#3783 = DEFINITIONAL_REPRESENTATION('',(#3784),#3787);
#3784 = B_SPLINE_CURVE_WITH_KNOTS('',1,(#3785,#3786),.UNSPECIFIED.,.F.,
  .F.,(2,2),(4.0125,11.9625),.PIECEWISE_BEZIER_KNOTS.);
#3785 = CARTESIAN_POINT('',(22.775,8.025));
#3786 = CARTESIAN_POINT('',(22.775,15.975));
#3787 = ( GEOMETRIC_REPRESENTATION_CONTEXT(2) 
PARAMETRIC_REPRESENTATION_CONTEXT() REPRESENTATION_CONTEXT('2D SPACE',''
  ) );
#3788 = PCURVE('',#3789,#3794);
#3789 = PLANE('',#3790);
#3790 = AXIS2_PLACEMENT_3D('',#3791,#3792,#3793);
#3791 = CARTESIAN_POINT('',(22.775,71.025,0.2));
#3792 = DIRECTION('',(1.,0.,0.));
#3793 = DIRECTION('',(0.,0.,1.));
#3794 = DEFINITIONAL_REPRESENTATION('',(#3795),#3798);
#3795 = B_SPLINE_CURVE_WITH_KNOTS('',1,(#3796,#3797),.UNSPECIFIED.,.F.,
  .F.,(2,2),(4.0125,11.9625),.PIECEWISE_BEZIER_KNOTS.);
#3796 = CARTESIAN_POINT('',(15.8,0.));
#3797 = CARTESIAN_POINT('',(15.8,-7.95));
#3798 = ( GEOMETRIC_REPRESENTATION_CONTEXT(2) 
PARAMETRIC_REPRESENTATION_CONTEXT() REPRESENTATION_CONTEXT('2D SPACE',''
  ) );
#3799 = FACE_BOUND('',#3800,.T.);
#3800 = EDGE_LOOP('',(#3801,#3829,#3855,#3881,#3907,#3933,#3959,#3985,
    #4011,#4037));
#3801 = ORIENTED_EDGE('',*,*,#3802,.F.);
#3802 = EDGE_CURVE('',#3803,#3805,#3807,.T.);
#3803 = VERTEX_POINT('',#3804);
#3804 = CARTESIAN_POINT('',(9.8578125,73.94296875,16.));
#3805 = VERTEX_POINT('',#3806);
#3806 = CARTESIAN_POINT('',(10.2875,73.94296875,16.));
#3807 = SURFACE_CURVE('',#3808,(#3812,#3818),.PCURVE_S1.);
#3808 = LINE('',#3809,#3810);
#3809 = CARTESIAN_POINT('',(5.14375,73.94296875,16.));
#3810 = VECTOR('',#3811,1.);
#3811 = DIRECTION('',(1.,0.,-0.));
#3812 = PCURVE('',#212,#3813);
#3813 = DEFINITIONAL_REPRESENTATION('',(#3814),#3817);
#3814 = B_SPLINE_CURVE_WITH_KNOTS('',1,(#3815,#3816),.UNSPECIFIED.,.F.,
  .F.,(2,2),(4.7140625,5.14375),.PIECEWISE_BEZIER_KNOTS.);
#3815 = CARTESIAN_POINT('',(9.8578125,10.94296875));
#3816 = CARTESIAN_POINT('',(10.2875,10.94296875));
#3817 = ( GEOMETRIC_REPRESENTATION_CONTEXT(2) 
PARAMETRIC_REPRESENTATION_CONTEXT() REPRESENTATION_CONTEXT('2D SPACE',''
  ) );
#3818 = PCURVE('',#3819,#3824);
#3819 = PLANE('',#3820);
#3820 = AXIS2_PLACEMENT_3D('',#3821,#3822,#3823);
#3821 = CARTESIAN_POINT('',(10.2875,73.94296875,15.95));
#3822 = DIRECTION('',(0.,-1.,0.));
#3823 = DIRECTION('',(-1.,0.,0.));
#3824 = DEFINITIONAL_REPRESENTATION('',(#3825),#3828);
#3825 = B_SPLINE_CURVE_WITH_KNOTS('',1,(#3826,#3827),.UNSPECIFIED.,.F.,
  .F.,(2,2),(4.7140625,5.14375),.PIECEWISE_BEZIER_KNOTS.);
#3826 = CARTESIAN_POINT('',(0.4296875,-5.E-02));
#3827 = CARTESIAN_POINT('',(0.,-5.E-02));
#3828 = ( GEOMETRIC_REPRESENTATION_CONTEXT(2) 
PARAMETRIC_REPRESENTATION_CONTEXT() REPRESENTATION_CONTEXT('2D SPACE',''
  ) );
#3829 = ORIENTED_EDGE('',*,*,#3830,.F.);
#3830 = EDGE_CURVE('',#3831,#3803,#3833,.T.);
#3831 = VERTEX_POINT('',#3832);
#3832 = CARTESIAN_POINT('',(9.8578125,76.23359375,16.));
#3833 = SURFACE_CURVE('',#3834,(#3838,#3844),.PCURVE_S1.);
#3834 = LINE('',#3835,#3836);
#3835 = CARTESIAN_POINT('',(9.8578125,68.471484375,16.));
#3836 = VECTOR('',#3837,1.);
#3837 = DIRECTION('',(0.,-1.,0.));
#3838 = PCURVE('',#212,#3839);
#3839 = DEFINITIONAL_REPRESENTATION('',(#3840),#3843);
#3840 = B_SPLINE_CURVE_WITH_KNOTS('',1,(#3841,#3842),.UNSPECIFIED.,.F.,
  .F.,(2,2),(-7.762109375,-5.471484375),.PIECEWISE_BEZIER_KNOTS.);
#3841 = CARTESIAN_POINT('',(9.8578125,13.23359375));
#3842 = CARTESIAN_POINT('',(9.8578125,10.94296875));
#3843 = ( GEOMETRIC_REPRESENTATION_CONTEXT(2) 
PARAMETRIC_REPRESENTATION_CONTEXT() REPRESENTATION_CONTEXT('2D SPACE',''
  ) );
#3844 = PCURVE('',#3845,#3850);
#3845 = PLANE('',#3846);
#3846 = AXIS2_PLACEMENT_3D('',#3847,#3848,#3849);
#3847 = CARTESIAN_POINT('',(9.8578125,73.94296875,15.95));
#3848 = DIRECTION('',(-1.,0.,0.));
#3849 = DIRECTION('',(0.,1.,0.));
#3850 = DEFINITIONAL_REPRESENTATION('',(#3851),#3854);
#3851 = B_SPLINE_CURVE_WITH_KNOTS('',1,(#3852,#3853),.UNSPECIFIED.,.F.,
  .F.,(2,2),(-7.762109375,-5.471484375),.PIECEWISE_BEZIER_KNOTS.);
#3852 = CARTESIAN_POINT('',(2.290625,-5.E-02));
#3853 = CARTESIAN_POINT('',(0.,-5.E-02));
#3854 = ( GEOMETRIC_REPRESENTATION_CONTEXT(2) 
PARAMETRIC_REPRESENTATION_CONTEXT() REPRESENTATION_CONTEXT('2D SPACE',''
  ) );
#3855 = ORIENTED_EDGE('',*,*,#3856,.F.);
#3856 = EDGE_CURVE('',#3857,#3831,#3859,.T.);
#3857 = VERTEX_POINT('',#3858);
#3858 = CARTESIAN_POINT('',(10.3078125,76.23359375,16.));
#3859 = SURFACE_CURVE('',#3860,(#3864,#3870),.PCURVE_S1.);
#3860 = LINE('',#3861,#3862);
#3861 = CARTESIAN_POINT('',(4.92890625,76.23359375,16.));
#3862 = VECTOR('',#3863,1.);
#3863 = DIRECTION('',(-1.,0.,0.));
#3864 = PCURVE('',#212,#3865);
#3865 = DEFINITIONAL_REPRESENTATION('',(#3866),#3869);
#3866 = B_SPLINE_CURVE_WITH_KNOTS('',1,(#3867,#3868),.UNSPECIFIED.,.F.,
  .F.,(2,2),(-5.37890625,-4.92890625),.PIECEWISE_BEZIER_KNOTS.);
#3867 = CARTESIAN_POINT('',(10.3078125,13.23359375));
#3868 = CARTESIAN_POINT('',(9.8578125,13.23359375));
#3869 = ( GEOMETRIC_REPRESENTATION_CONTEXT(2) 
PARAMETRIC_REPRESENTATION_CONTEXT() REPRESENTATION_CONTEXT('2D SPACE',''
  ) );
#3870 = PCURVE('',#3871,#3876);
#3871 = PLANE('',#3872);
#3872 = AXIS2_PLACEMENT_3D('',#3873,#3874,#3875);
#3873 = CARTESIAN_POINT('',(9.8578125,76.23359375,15.95));
#3874 = DIRECTION('',(0.,1.,0.));
#3875 = DIRECTION('',(1.,0.,0.));
#3876 = DEFINITIONAL_REPRESENTATION('',(#3877),#3880);
#3877 = B_SPLINE_CURVE_WITH_KNOTS('',1,(#3878,#3879),.UNSPECIFIED.,.F.,
  .F.,(2,2),(-5.37890625,-4.92890625),.PIECEWISE_BEZIER_KNOTS.);
#3878 = CARTESIAN_POINT('',(0.45,-5.E-02));
#3879 = CARTESIAN_POINT('',(0.,-5.E-02));
#3880 = ( GEOMETRIC_REPRESENTATION_CONTEXT(2) 
PARAMETRIC_REPRESENTATION_CONTEXT() REPRESENTATION_CONTEXT('2D SPACE',''
  ) );
#3881 = ORIENTED_EDGE('',*,*,#3882,.F.);
#3882 = EDGE_CURVE('',#3883,#3857,#3885,.T.);
#3883 = VERTEX_POINT('',#3884);
#3884 = CARTESIAN_POINT('',(11.2453125,74.70390625,16.));
#3885 = SURFACE_CURVE('',#3886,(#3890,#3896),.PCURVE_S1.);
#3886 = LINE('',#3887,#3888);
#3887 = CARTESIAN_POINT('',(11.848495954455,73.719711913481,16.));
#3888 = VECTOR('',#3889,1.);
#3889 = DIRECTION('',(-0.522541635703,0.852613768923,0.));
#3890 = PCURVE('',#212,#3891);
#3891 = DEFINITIONAL_REPRESENTATION('',(#3892),#3895);
#3892 = B_SPLINE_CURVE_WITH_KNOTS('',1,(#3893,#3894),.UNSPECIFIED.,.F.,
  .F.,(2,2),(1.154326111532,2.948441519653),.PIECEWISE_BEZIER_KNOTS.);
#3893 = CARTESIAN_POINT('',(11.2453125,11.70390625));
#3894 = CARTESIAN_POINT('',(10.3078125,13.23359375));
#3895 = ( GEOMETRIC_REPRESENTATION_CONTEXT(2) 
PARAMETRIC_REPRESENTATION_CONTEXT() REPRESENTATION_CONTEXT('2D SPACE',''
  ) );
#3896 = PCURVE('',#3897,#3902);
#3897 = PLANE('',#3898);
#3898 = AXIS2_PLACEMENT_3D('',#3899,#3900,#3901);
#3899 = CARTESIAN_POINT('',(10.3078125,76.23359375,15.95));
#3900 = DIRECTION('',(0.852613768923,0.522541635703,0.));
#3901 = DIRECTION('',(0.522541635703,-0.852613768923,0.));
#3902 = DEFINITIONAL_REPRESENTATION('',(#3903),#3906);
#3903 = B_SPLINE_CURVE_WITH_KNOTS('',1,(#3904,#3905),.UNSPECIFIED.,.F.,
  .F.,(2,2),(1.154326111532,2.948441519653),.PIECEWISE_BEZIER_KNOTS.);
#3904 = CARTESIAN_POINT('',(1.794115408121,-5.E-02));
#3905 = CARTESIAN_POINT('',(0.,-5.E-02));
#3906 = ( GEOMETRIC_REPRESENTATION_CONTEXT(2) 
PARAMETRIC_REPRESENTATION_CONTEXT() REPRESENTATION_CONTEXT('2D SPACE',''
  ) );
#3907 = ORIENTED_EDGE('',*,*,#3908,.F.);
#3908 = EDGE_CURVE('',#3909,#3883,#3911,.T.);
#3909 = VERTEX_POINT('',#3910);
#3910 = CARTESIAN_POINT('',(11.2453125,76.23359375,16.));
#3911 = SURFACE_CURVE('',#3912,(#3916,#3922),.PCURVE_S1.);
#3912 = LINE('',#3913,#3914);
#3913 = CARTESIAN_POINT('',(11.2453125,68.851953125,16.));
#3914 = VECTOR('',#3915,1.);
#3915 = DIRECTION('',(0.,-1.,0.));
#3916 = PCURVE('',#212,#3917);
#3917 = DEFINITIONAL_REPRESENTATION('',(#3918),#3921);
#3918 = B_SPLINE_CURVE_WITH_KNOTS('',1,(#3919,#3920),.UNSPECIFIED.,.F.,
  .F.,(2,2),(-7.381640625,-5.851953125),.PIECEWISE_BEZIER_KNOTS.);
#3919 = CARTESIAN_POINT('',(11.2453125,13.23359375));
#3920 = CARTESIAN_POINT('',(11.2453125,11.70390625));
#3921 = ( GEOMETRIC_REPRESENTATION_CONTEXT(2) 
PARAMETRIC_REPRESENTATION_CONTEXT() REPRESENTATION_CONTEXT('2D SPACE',''
  ) );
#3922 = PCURVE('',#3923,#3928);
#3923 = PLANE('',#3924);
#3924 = AXIS2_PLACEMENT_3D('',#3925,#3926,#3927);
#3925 = CARTESIAN_POINT('',(11.2453125,74.70390625,15.95));
#3926 = DIRECTION('',(-1.,0.,0.));
#3927 = DIRECTION('',(0.,1.,0.));
#3928 = DEFINITIONAL_REPRESENTATION('',(#3929),#3932);
#3929 = B_SPLINE_CURVE_WITH_KNOTS('',1,(#3930,#3931),.UNSPECIFIED.,.F.,
  .F.,(2,2),(-7.381640625,-5.851953125),.PIECEWISE_BEZIER_KNOTS.);
#3930 = CARTESIAN_POINT('',(1.5296875,-5.E-02));
#3931 = CARTESIAN_POINT('',(0.,-5.E-02));
#3932 = ( GEOMETRIC_REPRESENTATION_CONTEXT(2) 
PARAMETRIC_REPRESENTATION_CONTEXT() REPRESENTATION_CONTEXT('2D SPACE',''
  ) );
#3933 = ORIENTED_EDGE('',*,*,#3934,.F.);
#3934 = EDGE_CURVE('',#3935,#3909,#3937,.T.);
#3935 = VERTEX_POINT('',#3936);
#3936 = CARTESIAN_POINT('',(11.675,76.23359375,16.));
#3937 = SURFACE_CURVE('',#3938,(#3942,#3948),.PCURVE_S1.);
#3938 = LINE('',#3939,#3940);
#3939 = CARTESIAN_POINT('',(5.62265625,76.23359375,16.));
#3940 = VECTOR('',#3941,1.);
#3941 = DIRECTION('',(-1.,0.,0.));
#3942 = PCURVE('',#212,#3943);
#3943 = DEFINITIONAL_REPRESENTATION('',(#3944),#3947);
#3944 = B_SPLINE_CURVE_WITH_KNOTS('',1,(#3945,#3946),.UNSPECIFIED.,.F.,
  .F.,(2,2),(-6.05234375,-5.62265625),.PIECEWISE_BEZIER_KNOTS.);
#3945 = CARTESIAN_POINT('',(11.675,13.23359375));
#3946 = CARTESIAN_POINT('',(11.2453125,13.23359375));
#3947 = ( GEOMETRIC_REPRESENTATION_CONTEXT(2) 
PARAMETRIC_REPRESENTATION_CONTEXT() REPRESENTATION_CONTEXT('2D SPACE',''
  ) );
#3948 = PCURVE('',#3949,#3954);
#3949 = PLANE('',#3950);
#3950 = AXIS2_PLACEMENT_3D('',#3951,#3952,#3953);
#3951 = CARTESIAN_POINT('',(11.2453125,76.23359375,15.95));
#3952 = DIRECTION('',(0.,1.,0.));
#3953 = DIRECTION('',(1.,0.,0.));
#3954 = DEFINITIONAL_REPRESENTATION('',(#3955),#3958);
#3955 = B_SPLINE_CURVE_WITH_KNOTS('',1,(#3956,#3957),.UNSPECIFIED.,.F.,
  .F.,(2,2),(-6.05234375,-5.62265625),.PIECEWISE_BEZIER_KNOTS.);
#3956 = CARTESIAN_POINT('',(0.4296875,-5.E-02));
#3957 = CARTESIAN_POINT('',(0.,-5.E-02));
#3958 = ( GEOMETRIC_REPRESENTATION_CONTEXT(2) 
PARAMETRIC_REPRESENTATION_CONTEXT() REPRESENTATION_CONTEXT('2D SPACE',''
  ) );
#3959 = ORIENTED_EDGE('',*,*,#3960,.F.);
#3960 = EDGE_CURVE('',#3961,#3935,#3963,.T.);
#3961 = VERTEX_POINT('',#3962);
#3962 = CARTESIAN_POINT('',(11.675,73.94296875,16.));
#3963 = SURFACE_CURVE('',#3964,(#3968,#3974),.PCURVE_S1.);
#3964 = LINE('',#3965,#3966);
#3965 = CARTESIAN_POINT('',(11.675,69.616796875,16.));
#3966 = VECTOR('',#3967,1.);
#3967 = DIRECTION('',(0.,1.,0.));
#3968 = PCURVE('',#212,#3969);
#3969 = DEFINITIONAL_REPRESENTATION('',(#3970),#3973);
#3970 = B_SPLINE_CURVE_WITH_KNOTS('',1,(#3971,#3972),.UNSPECIFIED.,.F.,
  .F.,(2,2),(4.326171875,6.616796875),.PIECEWISE_BEZIER_KNOTS.);
#3971 = CARTESIAN_POINT('',(11.675,10.94296875));
#3972 = CARTESIAN_POINT('',(11.675,13.23359375));
#3973 = ( GEOMETRIC_REPRESENTATION_CONTEXT(2) 
PARAMETRIC_REPRESENTATION_CONTEXT() REPRESENTATION_CONTEXT('2D SPACE',''
  ) );
#3974 = PCURVE('',#3975,#3980);
#3975 = PLANE('',#3976);
#3976 = AXIS2_PLACEMENT_3D('',#3977,#3978,#3979);
#3977 = CARTESIAN_POINT('',(11.675,76.23359375,15.95));
#3978 = DIRECTION('',(1.,0.,0.));
#3979 = DIRECTION('',(0.,-1.,0.));
#3980 = DEFINITIONAL_REPRESENTATION('',(#3981),#3984);
#3981 = B_SPLINE_CURVE_WITH_KNOTS('',1,(#3982,#3983),.UNSPECIFIED.,.F.,
  .F.,(2,2),(4.326171875,6.616796875),.PIECEWISE_BEZIER_KNOTS.);
#3982 = CARTESIAN_POINT('',(2.290625,-5.E-02));
#3983 = CARTESIAN_POINT('',(0.,-5.E-02));
#3984 = ( GEOMETRIC_REPRESENTATION_CONTEXT(2) 
PARAMETRIC_REPRESENTATION_CONTEXT() REPRESENTATION_CONTEXT('2D SPACE',''
  ) );
#3985 = ORIENTED_EDGE('',*,*,#3986,.F.);
#3986 = EDGE_CURVE('',#3987,#3961,#3989,.T.);
#3987 = VERTEX_POINT('',#3988);
#3988 = CARTESIAN_POINT('',(11.2109375,73.94296875,16.));
#3989 = SURFACE_CURVE('',#3990,(#3994,#4000),.PCURVE_S1.);
#3990 = LINE('',#3991,#3992);
#3991 = CARTESIAN_POINT('',(5.8375,73.94296875,16.));
#3992 = VECTOR('',#3993,1.);
#3993 = DIRECTION('',(1.,0.,-0.));
#3994 = PCURVE('',#212,#3995);
#3995 = DEFINITIONAL_REPRESENTATION('',(#3996),#3999);
#3996 = B_SPLINE_CURVE_WITH_KNOTS('',1,(#3997,#3998),.UNSPECIFIED.,.F.,
  .F.,(2,2),(5.3734375,5.8375),.PIECEWISE_BEZIER_KNOTS.);
#3997 = CARTESIAN_POINT('',(11.2109375,10.94296875));
#3998 = CARTESIAN_POINT('',(11.675,10.94296875));
#3999 = ( GEOMETRIC_REPRESENTATION_CONTEXT(2) 
PARAMETRIC_REPRESENTATION_CONTEXT() REPRESENTATION_CONTEXT('2D SPACE',''
  ) );
#4000 = PCURVE('',#4001,#4006);
#4001 = PLANE('',#4002);
#4002 = AXIS2_PLACEMENT_3D('',#4003,#4004,#4005);
#4003 = CARTESIAN_POINT('',(11.675,73.94296875,15.95));
#4004 = DIRECTION('',(0.,-1.,0.));
#4005 = DIRECTION('',(-1.,0.,0.));
#4006 = DEFINITIONAL_REPRESENTATION('',(#4007),#4010);
#4007 = B_SPLINE_CURVE_WITH_KNOTS('',1,(#4008,#4009),.UNSPECIFIED.,.F.,
  .F.,(2,2),(5.3734375,5.8375),.PIECEWISE_BEZIER_KNOTS.);
#4008 = CARTESIAN_POINT('',(0.4640625,-5.E-02));
#4009 = CARTESIAN_POINT('',(0.,-5.E-02));
#4010 = ( GEOMETRIC_REPRESENTATION_CONTEXT(2) 
PARAMETRIC_REPRESENTATION_CONTEXT() REPRESENTATION_CONTEXT('2D SPACE',''
  ) );
#4011 = ORIENTED_EDGE('',*,*,#4012,.F.);
#4012 = EDGE_CURVE('',#4013,#3987,#4015,.T.);
#4013 = VERTEX_POINT('',#4014);
#4014 = CARTESIAN_POINT('',(10.2875,75.43671875,16.));
#4015 = SURFACE_CURVE('',#4016,(#4020,#4026),.PCURVE_S1.);
#4016 = LINE('',#4017,#4018);
#4017 = CARTESIAN_POINT('',(12.108236266141,72.491500695125,16.));
#4018 = VECTOR('',#4019,1.);
#4019 = DIRECTION('',(0.525833801736,-0.850587334112,0.));
#4020 = PCURVE('',#212,#4021);
#4021 = DEFINITIONAL_REPRESENTATION('',(#4022),#4025);
#4022 = B_SPLINE_CURVE_WITH_KNOTS('',1,(#4023,#4024),.UNSPECIFIED.,.F.,
  .F.,(2,2),(-3.462569846459,-1.706430364838),.PIECEWISE_BEZIER_KNOTS.);
#4023 = CARTESIAN_POINT('',(10.2875,12.43671875));
#4024 = CARTESIAN_POINT('',(11.2109375,10.94296875));
#4025 = ( GEOMETRIC_REPRESENTATION_CONTEXT(2) 
PARAMETRIC_REPRESENTATION_CONTEXT() REPRESENTATION_CONTEXT('2D SPACE',''
  ) );
#4026 = PCURVE('',#4027,#4032);
#4027 = PLANE('',#4028);
#4028 = AXIS2_PLACEMENT_3D('',#4029,#4030,#4031);
#4029 = CARTESIAN_POINT('',(11.2109375,73.94296875,15.95));
#4030 = DIRECTION('',(-0.850587334112,-0.525833801736,0.));
#4031 = DIRECTION('',(-0.525833801736,0.850587334112,0.));
#4032 = DEFINITIONAL_REPRESENTATION('',(#4033),#4036);
#4033 = B_SPLINE_CURVE_WITH_KNOTS('',1,(#4034,#4035),.UNSPECIFIED.,.F.,
  .F.,(2,2),(-3.462569846459,-1.706430364838),.PIECEWISE_BEZIER_KNOTS.);
#4034 = CARTESIAN_POINT('',(1.75613948162,-5.E-02));
#4035 = CARTESIAN_POINT('',(0.,-5.E-02));
#4036 = ( GEOMETRIC_REPRESENTATION_CONTEXT(2) 
PARAMETRIC_REPRESENTATION_CONTEXT() REPRESENTATION_CONTEXT('2D SPACE',''
  ) );
#4037 = ORIENTED_EDGE('',*,*,#4038,.F.);
#4038 = EDGE_CURVE('',#3805,#4013,#4039,.T.);
#4039 = SURFACE_CURVE('',#4040,(#4044,#4050),.PCURVE_S1.);
#4040 = LINE('',#4041,#4042);
#4041 = CARTESIAN_POINT('',(10.2875,69.218359375,16.));
#4042 = VECTOR('',#4043,1.);
#4043 = DIRECTION('',(0.,1.,0.));
#4044 = PCURVE('',#212,#4045);
#4045 = DEFINITIONAL_REPRESENTATION('',(#4046),#4049);
#4046 = B_SPLINE_CURVE_WITH_KNOTS('',1,(#4047,#4048),.UNSPECIFIED.,.F.,
  .F.,(2,2),(4.724609375,6.218359375),.PIECEWISE_BEZIER_KNOTS.);
#4047 = CARTESIAN_POINT('',(10.2875,10.94296875));
#4048 = CARTESIAN_POINT('',(10.2875,12.43671875));
#4049 = ( GEOMETRIC_REPRESENTATION_CONTEXT(2) 
PARAMETRIC_REPRESENTATION_CONTEXT() REPRESENTATION_CONTEXT('2D SPACE',''
  ) );
#4050 = PCURVE('',#4051,#4056);
#4051 = PLANE('',#4052);
#4052 = AXIS2_PLACEMENT_3D('',#4053,#4054,#4055);
#4053 = CARTESIAN_POINT('',(10.2875,75.43671875,15.95));
#4054 = DIRECTION('',(1.,0.,0.));
#4055 = DIRECTION('',(0.,-1.,0.));
#4056 = DEFINITIONAL_REPRESENTATION('',(#4057),#4060);
#4057 = B_SPLINE_CURVE_WITH_KNOTS('',1,(#4058,#4059),.UNSPECIFIED.,.F.,
  .F.,(2,2),(4.724609375,6.218359375),.PIECEWISE_BEZIER_KNOTS.);
#4058 = CARTESIAN_POINT('',(1.49375,-5.E-02));
#4059 = CARTESIAN_POINT('',(0.,-5.E-02));
#4060 = ( GEOMETRIC_REPRESENTATION_CONTEXT(2) 
PARAMETRIC_REPRESENTATION_CONTEXT() REPRESENTATION_CONTEXT('2D SPACE',''
  ) );
#4061 = FACE_BOUND('',#4062,.T.);
#4062 = EDGE_LOOP('',(#4063,#4091,#4117,#4143,#4169,#4211,#4256,#4298,
    #4324,#4363));
#4063 = ORIENTED_EDGE('',*,*,#4064,.F.);
#4064 = EDGE_CURVE('',#4065,#4067,#4069,.T.);
#4065 = VERTEX_POINT('',#4066);
#4066 = CARTESIAN_POINT('',(12.0671875,75.79453125,16.));
#4067 = VERTEX_POINT('',#4068);
#4068 = CARTESIAN_POINT('',(13.065625,75.79453125,16.));
#4069 = SURFACE_CURVE('',#4070,(#4074,#4080),.PCURVE_S1.);
#4070 = LINE('',#4071,#4072);
#4071 = CARTESIAN_POINT('',(6.5328125,75.79453125,16.));
#4072 = VECTOR('',#4073,1.);
#4073 = DIRECTION('',(1.,0.,-0.));
#4074 = PCURVE('',#212,#4075);
#4075 = DEFINITIONAL_REPRESENTATION('',(#4076),#4079);
#4076 = B_SPLINE_CURVE_WITH_KNOTS('',1,(#4077,#4078),.UNSPECIFIED.,.F.,
  .F.,(2,2),(5.534375,6.5328125),.PIECEWISE_BEZIER_KNOTS.);
#4077 = CARTESIAN_POINT('',(12.0671875,12.79453125));
#4078 = CARTESIAN_POINT('',(13.065625,12.79453125));
#4079 = ( GEOMETRIC_REPRESENTATION_CONTEXT(2) 
PARAMETRIC_REPRESENTATION_CONTEXT() REPRESENTATION_CONTEXT('2D SPACE',''
  ) );
#4080 = PCURVE('',#4081,#4086);
#4081 = PLANE('',#4082);
#4082 = AXIS2_PLACEMENT_3D('',#4083,#4084,#4085);
#4083 = CARTESIAN_POINT('',(13.065625,75.79453125,15.95));
#4084 = DIRECTION('',(0.,-1.,0.));
#4085 = DIRECTION('',(-1.,0.,0.));
#4086 = DEFINITIONAL_REPRESENTATION('',(#4087),#4090);
#4087 = B_SPLINE_CURVE_WITH_KNOTS('',1,(#4088,#4089),.UNSPECIFIED.,.F.,
  .F.,(2,2),(5.534375,6.5328125),.PIECEWISE_BEZIER_KNOTS.);
#4088 = CARTESIAN_POINT('',(0.9984375,-5.E-02));
#4089 = CARTESIAN_POINT('',(0.,-5.E-02));
#4090 = ( GEOMETRIC_REPRESENTATION_CONTEXT(2) 
PARAMETRIC_REPRESENTATION_CONTEXT() REPRESENTATION_CONTEXT('2D SPACE',''
  ) );
#4091 = ORIENTED_EDGE('',*,*,#4092,.F.);
#4092 = EDGE_CURVE('',#4093,#4065,#4095,.T.);
#4093 = VERTEX_POINT('',#4094);
#4094 = CARTESIAN_POINT('',(12.0671875,76.20234375,16.));
#4095 = SURFACE_CURVE('',#4096,(#4100,#4106),.PCURVE_S1.);
#4096 = LINE('',#4097,#4098);
#4097 = CARTESIAN_POINT('',(12.0671875,69.397265625,16.));
#4098 = VECTOR('',#4099,1.);
#4099 = DIRECTION('',(0.,-1.,0.));
#4100 = PCURVE('',#212,#4101);
#4101 = DEFINITIONAL_REPRESENTATION('',(#4102),#4105);
#4102 = B_SPLINE_CURVE_WITH_KNOTS('',1,(#4103,#4104),.UNSPECIFIED.,.F.,
  .F.,(2,2),(-6.805078125,-6.397265625),.PIECEWISE_BEZIER_KNOTS.);
#4103 = CARTESIAN_POINT('',(12.0671875,13.20234375));
#4104 = CARTESIAN_POINT('',(12.0671875,12.79453125));
#4105 = ( GEOMETRIC_REPRESENTATION_CONTEXT(2) 
PARAMETRIC_REPRESENTATION_CONTEXT() REPRESENTATION_CONTEXT('2D SPACE',''
  ) );
#4106 = PCURVE('',#4107,#4112);
#4107 = PLANE('',#4108);
#4108 = AXIS2_PLACEMENT_3D('',#4109,#4110,#4111);
#4109 = CARTESIAN_POINT('',(12.0671875,75.79453125,15.95));
#4110 = DIRECTION('',(-1.,0.,0.));
#4111 = DIRECTION('',(0.,1.,0.));
#4112 = DEFINITIONAL_REPRESENTATION('',(#4113),#4116);
#4113 = B_SPLINE_CURVE_WITH_KNOTS('',1,(#4114,#4115),.UNSPECIFIED.,.F.,
  .F.,(2,2),(-6.805078125,-6.397265625),.PIECEWISE_BEZIER_KNOTS.);
#4114 = CARTESIAN_POINT('',(0.4078125,-5.E-02));
#4115 = CARTESIAN_POINT('',(0.,-5.E-02));
#4116 = ( GEOMETRIC_REPRESENTATION_CONTEXT(2) 
PARAMETRIC_REPRESENTATION_CONTEXT() REPRESENTATION_CONTEXT('2D SPACE',''
  ) );
#4117 = ORIENTED_EDGE('',*,*,#4118,.F.);
#4118 = EDGE_CURVE('',#4119,#4093,#4121,.T.);
#4119 = VERTEX_POINT('',#4120);
#4120 = CARTESIAN_POINT('',(13.56875,76.20234375,16.));
#4121 = SURFACE_CURVE('',#4122,(#4126,#4132),.PCURVE_S1.);
#4122 = LINE('',#4123,#4124);
#4123 = CARTESIAN_POINT('',(6.03359375,76.20234375,16.));
#4124 = VECTOR('',#4125,1.);
#4125 = DIRECTION('',(-1.,0.,0.));
#4126 = PCURVE('',#212,#4127);
#4127 = DEFINITIONAL_REPRESENTATION('',(#4128),#4131);
#4128 = B_SPLINE_CURVE_WITH_KNOTS('',1,(#4129,#4130),.UNSPECIFIED.,.F.,
  .F.,(2,2),(-7.53515625,-6.03359375),.PIECEWISE_BEZIER_KNOTS.);
#4129 = CARTESIAN_POINT('',(13.56875,13.20234375));
#4130 = CARTESIAN_POINT('',(12.0671875,13.20234375));
#4131 = ( GEOMETRIC_REPRESENTATION_CONTEXT(2) 
PARAMETRIC_REPRESENTATION_CONTEXT() REPRESENTATION_CONTEXT('2D SPACE',''
  ) );
#4132 = PCURVE('',#4133,#4138);
#4133 = PLANE('',#4134);
#4134 = AXIS2_PLACEMENT_3D('',#4135,#4136,#4137);
#4135 = CARTESIAN_POINT('',(12.0671875,76.20234375,15.95));
#4136 = DIRECTION('',(0.,1.,0.));
#4137 = DIRECTION('',(1.,0.,0.));
#4138 = DEFINITIONAL_REPRESENTATION('',(#4139),#4142);
#4139 = B_SPLINE_CURVE_WITH_KNOTS('',1,(#4140,#4141),.UNSPECIFIED.,.F.,
  .F.,(2,2),(-7.53515625,-6.03359375),.PIECEWISE_BEZIER_KNOTS.);
#4140 = CARTESIAN_POINT('',(1.5015625,-5.E-02));
#4141 = CARTESIAN_POINT('',(0.,-5.E-02));
#4142 = ( GEOMETRIC_REPRESENTATION_CONTEXT(2) 
PARAMETRIC_REPRESENTATION_CONTEXT() REPRESENTATION_CONTEXT('2D SPACE',''
  ) );
#4143 = ORIENTED_EDGE('',*,*,#4144,.F.);
#4144 = EDGE_CURVE('',#4145,#4119,#4147,.T.);
#4145 = VERTEX_POINT('',#4146);
#4146 = CARTESIAN_POINT('',(13.56875,75.88359375,16.));
#4147 = SURFACE_CURVE('',#4148,(#4152,#4158),.PCURVE_S1.);
#4148 = LINE('',#4149,#4150);
#4149 = CARTESIAN_POINT('',(13.56875,69.601171875,16.));
#4150 = VECTOR('',#4151,1.);
#4151 = DIRECTION('',(0.,1.,0.));
#4152 = PCURVE('',#212,#4153);
#4153 = DEFINITIONAL_REPRESENTATION('',(#4154),#4157);
#4154 = B_SPLINE_CURVE_WITH_KNOTS('',1,(#4155,#4156),.UNSPECIFIED.,.F.,
  .F.,(2,2),(6.282421875,6.601171875),.PIECEWISE_BEZIER_KNOTS.);
#4155 = CARTESIAN_POINT('',(13.56875,12.88359375));
#4156 = CARTESIAN_POINT('',(13.56875,13.20234375));
#4157 = ( GEOMETRIC_REPRESENTATION_CONTEXT(2) 
PARAMETRIC_REPRESENTATION_CONTEXT() REPRESENTATION_CONTEXT('2D SPACE',''
  ) );
#4158 = PCURVE('',#4159,#4164);
#4159 = PLANE('',#4160);
#4160 = AXIS2_PLACEMENT_3D('',#4161,#4162,#4163);
#4161 = CARTESIAN_POINT('',(13.56875,76.20234375,15.95));
#4162 = DIRECTION('',(1.,0.,0.));
#4163 = DIRECTION('',(0.,-1.,0.));
#4164 = DEFINITIONAL_REPRESENTATION('',(#4165),#4168);
#4165 = B_SPLINE_CURVE_WITH_KNOTS('',1,(#4166,#4167),.UNSPECIFIED.,.F.,
  .F.,(2,2),(6.282421875,6.601171875),.PIECEWISE_BEZIER_KNOTS.);
#4166 = CARTESIAN_POINT('',(0.31875,-5.E-02));
#4167 = CARTESIAN_POINT('',(0.,-5.E-02));
#4168 = ( GEOMETRIC_REPRESENTATION_CONTEXT(2) 
PARAMETRIC_REPRESENTATION_CONTEXT() REPRESENTATION_CONTEXT('2D SPACE',''
  ) );
#4169 = ORIENTED_EDGE('',*,*,#4170,.F.);
#4170 = EDGE_CURVE('',#4171,#4145,#4173,.T.);
#4171 = VERTEX_POINT('',#4172);
#4172 = CARTESIAN_POINT('',(13.190625,75.35859375,16.));
#4173 = SURFACE_CURVE('',#4174,(#4182,#4193),.PCURVE_S1.);
#4174 = B_SPLINE_CURVE_WITH_KNOTS('',6,(#4175,#4176,#4177,#4178,#4179,
    #4180,#4181),.UNSPECIFIED.,.F.,.F.,(7,7),(0.,1.),
  .PIECEWISE_BEZIER_KNOTS.);
#4175 = CARTESIAN_POINT('',(13.190625,75.35859375,16.));
#4176 = CARTESIAN_POINT('',(13.250788158958,75.465713520827,16.));
#4177 = CARTESIAN_POINT('',(13.312140145973,75.566233505914,16.));
#4178 = CARTESIAN_POINT('',(13.37468867748,75.65932094987,16.));
#4179 = CARTESIAN_POINT('',(13.438389194178,75.743975770068,16.));
#4180 = CARTESIAN_POINT('',(13.503137897164,75.819084371582,16.));
#4181 = CARTESIAN_POINT('',(13.56875,75.88359375,16.));
#4182 = PCURVE('',#212,#4183);
#4183 = DEFINITIONAL_REPRESENTATION('',(#4184),#4192);
#4184 = B_SPLINE_CURVE_WITH_KNOTS('',6,(#4185,#4186,#4187,#4188,#4189,
    #4190,#4191),.UNSPECIFIED.,.F.,.F.,(7,7),(0.,1.),
  .PIECEWISE_BEZIER_KNOTS.);
#4185 = CARTESIAN_POINT('',(13.190625,12.35859375));
#4186 = CARTESIAN_POINT('',(13.250788158958,12.465713520827));
#4187 = CARTESIAN_POINT('',(13.312140145973,12.566233505914));
#4188 = CARTESIAN_POINT('',(13.37468867748,12.65932094987));
#4189 = CARTESIAN_POINT('',(13.438389194178,12.743975770068));
#4190 = CARTESIAN_POINT('',(13.503137897164,12.819084371582));
#4191 = CARTESIAN_POINT('',(13.56875,12.88359375));
#4192 = ( GEOMETRIC_REPRESENTATION_CONTEXT(2) 
PARAMETRIC_REPRESENTATION_CONTEXT() REPRESENTATION_CONTEXT('2D SPACE',''
  ) );
#4193 = PCURVE('',#4194,#4201);
#4194 = SURFACE_OF_LINEAR_EXTRUSION('',#4195,#4199);
#4195 = B_SPLINE_CURVE_WITH_KNOTS('',2,(#4196,#4197,#4198),
  .UNSPECIFIED.,.F.,.F.,(3,3),(0.,1.),.PIECEWISE_BEZIER_KNOTS.);
#4196 = CARTESIAN_POINT('',(13.56875,75.88359375,15.95));
#4197 = CARTESIAN_POINT('',(13.3828125,75.70078125,15.95));
#4198 = CARTESIAN_POINT('',(13.190625,75.35859375,15.95));
#4199 = VECTOR('',#4200,1.);
#4200 = DIRECTION('',(-0.,-0.,-1.));
#4201 = DEFINITIONAL_REPRESENTATION('',(#4202),#4210);
#4202 = B_SPLINE_CURVE_WITH_KNOTS('',6,(#4203,#4204,#4205,#4206,#4207,
    #4208,#4209),.UNSPECIFIED.,.F.,.F.,(7,7),(0.,1.),
  .PIECEWISE_BEZIER_KNOTS.);
#4203 = CARTESIAN_POINT('',(1.,-5.E-02));
#4204 = CARTESIAN_POINT('',(0.843477960435,-5.E-02));
#4205 = CARTESIAN_POINT('',(0.682906985691,-5.E-02));
#4206 = CARTESIAN_POINT('',(0.518174154488,-5.E-02));
#4207 = CARTESIAN_POINT('',(0.349294403403,-5.E-02));
#4208 = CARTESIAN_POINT('',(0.176435906786,-5.E-02));
#4209 = CARTESIAN_POINT('',(0.,-5.E-02));
#4210 = ( GEOMETRIC_REPRESENTATION_CONTEXT(2) 
PARAMETRIC_REPRESENTATION_CONTEXT() REPRESENTATION_CONTEXT('2D SPACE',''
  ) );
#4211 = ORIENTED_EDGE('',*,*,#4212,.F.);
#4212 = EDGE_CURVE('',#4213,#4171,#4215,.T.);
#4213 = VERTEX_POINT('',#4214);
#4214 = CARTESIAN_POINT('',(12.89765625,74.63125,16.));
#4215 = SURFACE_CURVE('',#4216,(#4225,#4237),.PCURVE_S1.);
#4216 = B_SPLINE_CURVE_WITH_KNOTS('',4,(#4217,#4218,#4219,#4220,#4221,
    #4222,#4223,#4224),.UNSPECIFIED.,.F.,.F.,(5,3,5),(0.,0.720370476072,
    1.),.UNSPECIFIED.);
#4217 = CARTESIAN_POINT('',(12.89765625,74.63125,16.));
#4218 = CARTESIAN_POINT('',(12.93378070455,74.769307023978,16.));
#4219 = CARTESIAN_POINT('',(12.977889528417,74.90427765423,16.));
#4220 = CARTESIAN_POINT('',(13.030062133039,75.035804058197,16.));
#4221 = CARTESIAN_POINT('',(13.11349714177,75.213207139039,16.));
#4222 = CARTESIAN_POINT('',(13.138023170626,75.262252370742,16.));
#4223 = CARTESIAN_POINT('',(13.163736580827,75.31071924757,16.));
#4224 = CARTESIAN_POINT('',(13.190625,75.35859375,16.));
#4225 = PCURVE('',#212,#4226);
#4226 = DEFINITIONAL_REPRESENTATION('',(#4227),#4236);
#4227 = B_SPLINE_CURVE_WITH_KNOTS('',4,(#4228,#4229,#4230,#4231,#4232,
    #4233,#4234,#4235),.UNSPECIFIED.,.F.,.F.,(5,3,5),(0.,0.720370476072,
    1.),.UNSPECIFIED.);
#4228 = CARTESIAN_POINT('',(12.89765625,11.63125));
#4229 = CARTESIAN_POINT('',(12.93378070455,11.769307023978));
#4230 = CARTESIAN_POINT('',(12.977889528417,11.90427765423));
#4231 = CARTESIAN_POINT('',(13.030062133039,12.035804058197));
#4232 = CARTESIAN_POINT('',(13.11349714177,12.213207139039));
#4233 = CARTESIAN_POINT('',(13.138023170626,12.262252370742));
#4234 = CARTESIAN_POINT('',(13.163736580827,12.31071924757));
#4235 = CARTESIAN_POINT('',(13.190625,12.35859375));
#4236 = ( GEOMETRIC_REPRESENTATION_CONTEXT(2) 
PARAMETRIC_REPRESENTATION_CONTEXT() REPRESENTATION_CONTEXT('2D SPACE',''
  ) );
#4237 = PCURVE('',#4238,#4245);
#4238 = SURFACE_OF_LINEAR_EXTRUSION('',#4239,#4243);
#4239 = B_SPLINE_CURVE_WITH_KNOTS('',2,(#4240,#4241,#4242),
  .UNSPECIFIED.,.F.,.F.,(3,3),(0.,1.),.PIECEWISE_BEZIER_KNOTS.);
#4240 = CARTESIAN_POINT('',(13.190625,75.35859375,15.95));
#4241 = CARTESIAN_POINT('',(12.9984375,75.01640625,15.95));
#4242 = CARTESIAN_POINT('',(12.89765625,74.63125,15.95));
#4243 = VECTOR('',#4244,1.);
#4244 = DIRECTION('',(-0.,-0.,-1.));
#4245 = DEFINITIONAL_REPRESENTATION('',(#4246),#4255);
#4246 = B_SPLINE_CURVE_WITH_KNOTS('',4,(#4247,#4248,#4249,#4250,#4251,
    #4252,#4253,#4254),.UNSPECIFIED.,.F.,.F.,(5,3,5),(0.,0.720370476072,
    1.),.UNSPECIFIED.);
#4247 = CARTESIAN_POINT('',(1.,-5.E-02));
#4248 = CARTESIAN_POINT('',(0.820777899906,-5.E-02));
#4249 = CARTESIAN_POINT('',(0.640784825413,-5.E-02));
#4250 = CARTESIAN_POINT('',(0.460391272064,-5.E-02));
#4251 = CARTESIAN_POINT('',(0.20997668949,-5.E-02));
#4252 = CARTESIAN_POINT('',(0.139953483895,-5.E-02));
#4253 = CARTESIAN_POINT('',(6.995361085724E-02,-5.E-02));
#4254 = CARTESIAN_POINT('',(0.,-5.E-02));
#4255 = ( GEOMETRIC_REPRESENTATION_CONTEXT(2) 
PARAMETRIC_REPRESENTATION_CONTEXT() REPRESENTATION_CONTEXT('2D SPACE',''
  ) );
#4256 = ORIENTED_EDGE('',*,*,#4257,.F.);
#4257 = EDGE_CURVE('',#4258,#4213,#4260,.T.);
#4258 = VERTEX_POINT('',#4259);
#4259 = CARTESIAN_POINT('',(12.7984375,73.94296875,16.));
#4260 = SURFACE_CURVE('',#4261,(#4269,#4280),.PCURVE_S1.);
#4261 = B_SPLINE_CURVE_WITH_KNOTS('',6,(#4262,#4263,#4264,#4265,#4266,
    #4267,#4268),.UNSPECIFIED.,.F.,.F.,(7,7),(0.,1.),
  .PIECEWISE_BEZIER_KNOTS.);
#4262 = CARTESIAN_POINT('',(12.7984375,73.94296875,16.));
#4263 = CARTESIAN_POINT('',(12.797894149591,74.048378729331,16.));
#4264 = CARTESIAN_POINT('',(12.804784648313,74.158148020061,16.));
#4265 = CARTESIAN_POINT('',(12.818688979067,74.271775130963,16.));
#4266 = CARTESIAN_POINT('',(12.839120998068,74.388776555591,16.));
#4267 = CARTESIAN_POINT('',(12.865595172067,74.508722004487,16.));
#4268 = CARTESIAN_POINT('',(12.89765625,74.63125,16.));
#4269 = PCURVE('',#212,#4270);
#4270 = DEFINITIONAL_REPRESENTATION('',(#4271),#4279);
#4271 = B_SPLINE_CURVE_WITH_KNOTS('',6,(#4272,#4273,#4274,#4275,#4276,
    #4277,#4278),.UNSPECIFIED.,.F.,.F.,(7,7),(0.,1.),
  .PIECEWISE_BEZIER_KNOTS.);
#4272 = CARTESIAN_POINT('',(12.7984375,10.94296875));
#4273 = CARTESIAN_POINT('',(12.797894149591,11.048378729331));
#4274 = CARTESIAN_POINT('',(12.804784648313,11.158148020061));
#4275 = CARTESIAN_POINT('',(12.818688979067,11.271775130963));
#4276 = CARTESIAN_POINT('',(12.839120998068,11.388776555591));
#4277 = CARTESIAN_POINT('',(12.865595172067,11.508722004487));
#4278 = CARTESIAN_POINT('',(12.89765625,11.63125));
#4279 = ( GEOMETRIC_REPRESENTATION_CONTEXT(2) 
PARAMETRIC_REPRESENTATION_CONTEXT() REPRESENTATION_CONTEXT('2D SPACE',''
  ) );
#4280 = PCURVE('',#4281,#4288);
#4281 = SURFACE_OF_LINEAR_EXTRUSION('',#4282,#4286);
#4282 = B_SPLINE_CURVE_WITH_KNOTS('',2,(#4283,#4284,#4285),
  .UNSPECIFIED.,.F.,.F.,(3,3),(0.,1.),.PIECEWISE_BEZIER_KNOTS.);
#4283 = CARTESIAN_POINT('',(12.89765625,74.63125,15.95));
#4284 = CARTESIAN_POINT('',(12.796875,74.24609375,15.95));
#4285 = CARTESIAN_POINT('',(12.7984375,73.94296875,15.95));
#4286 = VECTOR('',#4287,1.);
#4287 = DIRECTION('',(-0.,-0.,-1.));
#4288 = DEFINITIONAL_REPRESENTATION('',(#4289),#4297);
#4289 = B_SPLINE_CURVE_WITH_KNOTS('',6,(#4290,#4291,#4292,#4293,#4294,
    #4295,#4296),.UNSPECIFIED.,.F.,.F.,(7,7),(0.,1.),
  .PIECEWISE_BEZIER_KNOTS.);
#4290 = CARTESIAN_POINT('',(1.,-5.E-02));
#4291 = CARTESIAN_POINT('',(0.826127869144,-5.E-02));
#4292 = CARTESIAN_POINT('',(0.654882604427,-5.E-02));
#4293 = CARTESIAN_POINT('',(0.486534982041,-5.E-02));
#4294 = CARTESIAN_POINT('',(0.321239167865,-5.E-02));
#4295 = CARTESIAN_POINT('',(0.159062712228,-5.E-02));
#4296 = CARTESIAN_POINT('',(0.,-5.E-02));
#4297 = ( GEOMETRIC_REPRESENTATION_CONTEXT(2) 
PARAMETRIC_REPRESENTATION_CONTEXT() REPRESENTATION_CONTEXT('2D SPACE',''
  ) );
#4298 = ORIENTED_EDGE('',*,*,#4299,.F.);
#4299 = EDGE_CURVE('',#4300,#4258,#4302,.T.);
#4300 = VERTEX_POINT('',#4301);
#4301 = CARTESIAN_POINT('',(12.375,73.94296875,16.));
#4302 = SURFACE_CURVE('',#4303,(#4307,#4313),.PCURVE_S1.);
#4303 = LINE('',#4304,#4305);
#4304 = CARTESIAN_POINT('',(6.39921875,73.94296875,16.));
#4305 = VECTOR('',#4306,1.);
#4306 = DIRECTION('',(1.,0.,-0.));
#4307 = PCURVE('',#212,#4308);
#4308 = DEFINITIONAL_REPRESENTATION('',(#4309),#4312);
#4309 = B_SPLINE_CURVE_WITH_KNOTS('',1,(#4310,#4311),.UNSPECIFIED.,.F.,
  .F.,(2,2),(5.97578125,6.39921875),.PIECEWISE_BEZIER_KNOTS.);
#4310 = CARTESIAN_POINT('',(12.375,10.94296875));
#4311 = CARTESIAN_POINT('',(12.7984375,10.94296875));
#4312 = ( GEOMETRIC_REPRESENTATION_CONTEXT(2) 
PARAMETRIC_REPRESENTATION_CONTEXT() REPRESENTATION_CONTEXT('2D SPACE',''
  ) );
#4313 = PCURVE('',#4314,#4319);
#4314 = PLANE('',#4315);
#4315 = AXIS2_PLACEMENT_3D('',#4316,#4317,#4318);
#4316 = CARTESIAN_POINT('',(12.7984375,73.94296875,15.95));
#4317 = DIRECTION('',(0.,-1.,0.));
#4318 = DIRECTION('',(-1.,0.,0.));
#4319 = DEFINITIONAL_REPRESENTATION('',(#4320),#4323);
#4320 = B_SPLINE_CURVE_WITH_KNOTS('',1,(#4321,#4322),.UNSPECIFIED.,.F.,
  .F.,(2,2),(5.97578125,6.39921875),.PIECEWISE_BEZIER_KNOTS.);
#4321 = CARTESIAN_POINT('',(0.4234375,-5.E-02));
#4322 = CARTESIAN_POINT('',(0.,-5.E-02));
#4323 = ( GEOMETRIC_REPRESENTATION_CONTEXT(2) 
PARAMETRIC_REPRESENTATION_CONTEXT() REPRESENTATION_CONTEXT('2D SPACE',''
  ) );
#4324 = ORIENTED_EDGE('',*,*,#4325,.F.);
#4325 = EDGE_CURVE('',#4326,#4300,#4328,.T.);
#4326 = VERTEX_POINT('',#4327);
#4327 = CARTESIAN_POINT('',(12.57109375,74.91171875,16.));
#4328 = SURFACE_CURVE('',#4329,(#4336,#4346),.PCURVE_S1.);
#4329 = B_SPLINE_CURVE_WITH_KNOTS('',5,(#4330,#4331,#4332,#4333,#4334,
    #4335),.UNSPECIFIED.,.F.,.F.,(6,6),(0.,1.),
  .PIECEWISE_BEZIER_KNOTS.);
#4330 = CARTESIAN_POINT('',(12.57109375,74.91171875,16.));
#4331 = CARTESIAN_POINT('',(12.499269261989,74.72018678197,16.));
#4332 = CARTESIAN_POINT('',(12.442452543835,74.526743851384,16.));
#4333 = CARTESIAN_POINT('',(12.402103312945,74.332078106035,16.));
#4334 = CARTESIAN_POINT('',(12.37947015728,74.137101294734,16.));
#4335 = CARTESIAN_POINT('',(12.375,73.94296875,16.));
#4336 = PCURVE('',#212,#4337);
#4337 = DEFINITIONAL_REPRESENTATION('',(#4338),#4345);
#4338 = B_SPLINE_CURVE_WITH_KNOTS('',5,(#4339,#4340,#4341,#4342,#4343,
    #4344),.UNSPECIFIED.,.F.,.F.,(6,6),(0.,1.),
  .PIECEWISE_BEZIER_KNOTS.);
#4339 = CARTESIAN_POINT('',(12.57109375,11.91171875));
#4340 = CARTESIAN_POINT('',(12.499269261989,11.72018678197));
#4341 = CARTESIAN_POINT('',(12.442452543835,11.526743851384));
#4342 = CARTESIAN_POINT('',(12.402103312945,11.332078106035));
#4343 = CARTESIAN_POINT('',(12.37947015728,11.137101294734));
#4344 = CARTESIAN_POINT('',(12.375,10.94296875));
#4345 = ( GEOMETRIC_REPRESENTATION_CONTEXT(2) 
PARAMETRIC_REPRESENTATION_CONTEXT() REPRESENTATION_CONTEXT('2D SPACE',''
  ) );
#4346 = PCURVE('',#4347,#4354);
#4347 = SURFACE_OF_LINEAR_EXTRUSION('',#4348,#4352);
#4348 = B_SPLINE_CURVE_WITH_KNOTS('',2,(#4349,#4350,#4351),
  .UNSPECIFIED.,.F.,.F.,(3,3),(0.,1.),.PIECEWISE_BEZIER_KNOTS.);
#4349 = CARTESIAN_POINT('',(12.375,73.94296875,15.95));
#4350 = CARTESIAN_POINT('',(12.3859375,74.41796875,15.95));
#4351 = CARTESIAN_POINT('',(12.57109375,74.91171875,15.95));
#4352 = VECTOR('',#4353,1.);
#4353 = DIRECTION('',(-0.,-0.,-1.));
#4354 = DEFINITIONAL_REPRESENTATION('',(#4355),#4362);
#4355 = B_SPLINE_CURVE_WITH_KNOTS('',5,(#4356,#4357,#4358,#4359,#4360,
    #4361),.UNSPECIFIED.,.F.,.F.,(6,6),(0.,1.),
  .PIECEWISE_BEZIER_KNOTS.);
#4356 = CARTESIAN_POINT('',(1.,-5.E-02));
#4357 = CARTESIAN_POINT('',(0.806043576679,-5.E-02));
#4358 = CARTESIAN_POINT('',(0.608366196885,-5.E-02));
#4359 = CARTESIAN_POINT('',(0.407528247416,-5.E-02));
#4360 = CARTESIAN_POINT('',(0.204350047089,-5.E-02));
#4361 = CARTESIAN_POINT('',(0.,-5.E-02));
#4362 = ( GEOMETRIC_REPRESENTATION_CONTEXT(2) 
PARAMETRIC_REPRESENTATION_CONTEXT() REPRESENTATION_CONTEXT('2D SPACE',''
  ) );
#4363 = ORIENTED_EDGE('',*,*,#4364,.F.);
#4364 = EDGE_CURVE('',#4067,#4326,#4365,.T.);
#4365 = SURFACE_CURVE('',#4366,(#4373,#4383),.PCURVE_S1.);
#4366 = B_SPLINE_CURVE_WITH_KNOTS('',5,(#4367,#4368,#4369,#4370,#4371,
    #4372),.UNSPECIFIED.,.F.,.F.,(6,6),(0.,1.),
  .PIECEWISE_BEZIER_KNOTS.);
#4367 = CARTESIAN_POINT('',(13.065625,75.79453125,16.));
#4368 = CARTESIAN_POINT('',(12.940508377272,75.637187618388,16.));
#4369 = CARTESIAN_POINT('',(12.82822550554,75.469313709571,16.));
#4370 = CARTESIAN_POINT('',(12.729320117684,75.291709542755,16.));
#4371 = CARTESIAN_POINT('',(12.643743052806,75.105450224149,16.));
#4372 = CARTESIAN_POINT('',(12.57109375,74.91171875,16.));
#4373 = PCURVE('',#212,#4374);
#4374 = DEFINITIONAL_REPRESENTATION('',(#4375),#4382);
#4375 = B_SPLINE_CURVE_WITH_KNOTS('',5,(#4376,#4377,#4378,#4379,#4380,
    #4381),.UNSPECIFIED.,.F.,.F.,(6,6),(0.,1.),
  .PIECEWISE_BEZIER_KNOTS.);
#4376 = CARTESIAN_POINT('',(13.065625,12.79453125));
#4377 = CARTESIAN_POINT('',(12.940508377272,12.637187618388));
#4378 = CARTESIAN_POINT('',(12.82822550554,12.469313709571));
#4379 = CARTESIAN_POINT('',(12.729320117684,12.291709542755));
#4380 = CARTESIAN_POINT('',(12.643743052806,12.105450224149));
#4381 = CARTESIAN_POINT('',(12.57109375,11.91171875));
#4382 = ( GEOMETRIC_REPRESENTATION_CONTEXT(2) 
PARAMETRIC_REPRESENTATION_CONTEXT() REPRESENTATION_CONTEXT('2D SPACE',''
  ) );
#4383 = PCURVE('',#4384,#4391);
#4384 = SURFACE_OF_LINEAR_EXTRUSION('',#4385,#4389);
#4385 = B_SPLINE_CURVE_WITH_KNOTS('',2,(#4386,#4387,#4388),
  .UNSPECIFIED.,.F.,.F.,(3,3),(0.,1.),.PIECEWISE_BEZIER_KNOTS.);
#4386 = CARTESIAN_POINT('',(12.57109375,74.91171875,15.95));
#4387 = CARTESIAN_POINT('',(12.75625,75.40546875,15.95));
#4388 = CARTESIAN_POINT('',(13.065625,75.79453125,15.95));
#4389 = VECTOR('',#4390,1.);
#4390 = DIRECTION('',(-0.,-0.,-1.));
#4391 = DEFINITIONAL_REPRESENTATION('',(#4392),#4399);
#4392 = B_SPLINE_CURVE_WITH_KNOTS('',5,(#4393,#4394,#4395,#4396,#4397,
    #4398),.UNSPECIFIED.,.F.,.F.,(6,6),(0.,1.),
  .PIECEWISE_BEZIER_KNOTS.);
#4393 = CARTESIAN_POINT('',(1.,-5.E-02));
#4394 = CARTESIAN_POINT('',(0.797791316804,-5.E-02));
#4395 = CARTESIAN_POINT('',(0.595802386772,-5.E-02));
#4396 = CARTESIAN_POINT('',(0.395001409217,-5.E-02));
#4397 = CARTESIAN_POINT('',(0.19618377129,-5.E-02));
#4398 = CARTESIAN_POINT('',(0.,-5.E-02));
#4399 = ( GEOMETRIC_REPRESENTATION_CONTEXT(2) 
PARAMETRIC_REPRESENTATION_CONTEXT() REPRESENTATION_CONTEXT('2D SPACE',''
  ) );
#4400 = FACE_BOUND('',#4401,.T.);
#4401 = EDGE_LOOP('',(#4402,#4430,#4469,#4514,#4565,#4610,#4661,#4712,
    #4763,#4820,#4871,#4922,#4979,#5036,#5087,#5138));
#4402 = ORIENTED_EDGE('',*,*,#4403,.F.);
#4403 = EDGE_CURVE('',#4404,#4406,#4408,.T.);
#4404 = VERTEX_POINT('',#4405);
#4405 = CARTESIAN_POINT('',(15.7984375,75.62578125,16.));
#4406 = VERTEX_POINT('',#4407);
#4407 = CARTESIAN_POINT('',(16.2234375,75.67265625,16.));
#4408 = SURFACE_CURVE('',#4409,(#4413,#4419),.PCURVE_S1.);
#4409 = LINE('',#4410,#4411);
#4410 = CARTESIAN_POINT('',(7.518749749613,74.712580395178,16.));
#4411 = VECTOR('',#4412,1.);
#4412 = DIRECTION('',(0.993972540491,0.109629324319,-0.));
#4413 = PCURVE('',#212,#4414);
#4414 = DEFINITIONAL_REPRESENTATION('',(#4415),#4418);
#4415 = B_SPLINE_CURVE_WITH_KNOTS('',1,(#4416,#4417),.UNSPECIFIED.,.F.,
  .F.,(2,2),(8.329895860403,8.757473064689),.PIECEWISE_BEZIER_KNOTS.);
#4416 = CARTESIAN_POINT('',(15.7984375,12.62578125));
#4417 = CARTESIAN_POINT('',(16.2234375,12.67265625));
#4418 = ( GEOMETRIC_REPRESENTATION_CONTEXT(2) 
PARAMETRIC_REPRESENTATION_CONTEXT() REPRESENTATION_CONTEXT('2D SPACE',''
  ) );
#4419 = PCURVE('',#4420,#4425);
#4420 = PLANE('',#4421);
#4421 = AXIS2_PLACEMENT_3D('',#4422,#4423,#4424);
#4422 = CARTESIAN_POINT('',(16.2234375,75.67265625,15.95));
#4423 = DIRECTION('',(0.109629324319,-0.993972540491,0.));
#4424 = DIRECTION('',(-0.993972540491,-0.109629324319,0.));
#4425 = DEFINITIONAL_REPRESENTATION('',(#4426),#4429);
#4426 = B_SPLINE_CURVE_WITH_KNOTS('',1,(#4427,#4428),.UNSPECIFIED.,.F.,
  .F.,(2,2),(8.329895860403,8.757473064689),.PIECEWISE_BEZIER_KNOTS.);
#4427 = CARTESIAN_POINT('',(0.427577204286,-5.E-02));
#4428 = CARTESIAN_POINT('',(0.,-5.E-02));
#4429 = ( GEOMETRIC_REPRESENTATION_CONTEXT(2) 
PARAMETRIC_REPRESENTATION_CONTEXT() REPRESENTATION_CONTEXT('2D SPACE',''
  ) );
#4430 = ORIENTED_EDGE('',*,*,#4431,.F.);
#4431 = EDGE_CURVE('',#4432,#4404,#4434,.T.);
#4432 = VERTEX_POINT('',#4433);
#4433 = CARTESIAN_POINT('',(15.7171875,75.81953125,16.));
#4434 = SURFACE_CURVE('',#4435,(#4442,#4452),.PCURVE_S1.);
#4435 = B_SPLINE_CURVE_WITH_KNOTS('',5,(#4436,#4437,#4438,#4439,#4440,
    #4441),.UNSPECIFIED.,.F.,.F.,(6,6),(0.,1.),
  .PIECEWISE_BEZIER_KNOTS.);
#4436 = CARTESIAN_POINT('',(15.7171875,75.81953125,16.));
#4437 = CARTESIAN_POINT('',(15.743610497281,75.794366490684,16.));
#4438 = CARTESIAN_POINT('',(15.764941913389,75.762260077343,16.));
#4439 = CARTESIAN_POINT('',(15.781136786427,75.723300187946,16.));
#4440 = CARTESIAN_POINT('',(15.792256157383,75.677704527984,16.));
#4441 = CARTESIAN_POINT('',(15.7984375,75.62578125,16.));
#4442 = PCURVE('',#212,#4443);
#4443 = DEFINITIONAL_REPRESENTATION('',(#4444),#4451);
#4444 = B_SPLINE_CURVE_WITH_KNOTS('',5,(#4445,#4446,#4447,#4448,#4449,
    #4450),.UNSPECIFIED.,.F.,.F.,(6,6),(0.,1.),
  .PIECEWISE_BEZIER_KNOTS.);
#4445 = CARTESIAN_POINT('',(15.7171875,12.81953125));
#4446 = CARTESIAN_POINT('',(15.743610497281,12.794366490684));
#4447 = CARTESIAN_POINT('',(15.764941913389,12.762260077343));
#4448 = CARTESIAN_POINT('',(15.781136786427,12.723300187946));
#4449 = CARTESIAN_POINT('',(15.792256157383,12.677704527984));
#4450 = CARTESIAN_POINT('',(15.7984375,12.62578125));
#4451 = ( GEOMETRIC_REPRESENTATION_CONTEXT(2) 
PARAMETRIC_REPRESENTATION_CONTEXT() REPRESENTATION_CONTEXT('2D SPACE',''
  ) );
#4452 = PCURVE('',#4453,#4460);
#4453 = SURFACE_OF_LINEAR_EXTRUSION('',#4454,#4458);
#4454 = B_SPLINE_CURVE_WITH_KNOTS('',2,(#4455,#4456,#4457),
  .UNSPECIFIED.,.F.,.F.,(3,3),(0.,1.),.PIECEWISE_BEZIER_KNOTS.);
#4455 = CARTESIAN_POINT('',(15.7984375,75.62578125,15.95));
#4456 = CARTESIAN_POINT('',(15.7828125,75.75703125,15.95));
#4457 = CARTESIAN_POINT('',(15.7171875,75.81953125,15.95));
#4458 = VECTOR('',#4459,1.);
#4459 = DIRECTION('',(-0.,-0.,-1.));
#4460 = DEFINITIONAL_REPRESENTATION('',(#4461),#4468);
#4461 = B_SPLINE_CURVE_WITH_KNOTS('',5,(#4462,#4463,#4464,#4465,#4466,
    #4467),.UNSPECIFIED.,.F.,.F.,(6,6),(0.,1.),
  .PIECEWISE_BEZIER_KNOTS.);
#4462 = CARTESIAN_POINT('',(1.,-5.E-02));
#4463 = CARTESIAN_POINT('',(0.798681925476,-5.E-02));
#4464 = CARTESIAN_POINT('',(0.597557880904,-5.E-02));
#4465 = CARTESIAN_POINT('',(0.397118916777,-5.E-02));
#4466 = CARTESIAN_POINT('',(0.197802963747,-5.E-02));
#4467 = CARTESIAN_POINT('',(0.,-5.E-02));
#4468 = ( GEOMETRIC_REPRESENTATION_CONTEXT(2) 
PARAMETRIC_REPRESENTATION_CONTEXT() REPRESENTATION_CONTEXT('2D SPACE',''
  ) );
#4469 = ORIENTED_EDGE('',*,*,#4470,.F.);
#4470 = EDGE_CURVE('',#4471,#4432,#4473,.T.);
#4471 = VERTEX_POINT('',#4472);
#4472 = CARTESIAN_POINT('',(15.546875,75.88203125,16.));
#4473 = SURFACE_CURVE('',#4474,(#4483,#4495),.PCURVE_S1.);
#4474 = B_SPLINE_CURVE_WITH_KNOTS('',4,(#4475,#4476,#4477,#4478,#4479,
    #4480,#4481,#4482),.UNSPECIFIED.,.F.,.F.,(5,3,5),(0.,0.75233021061,
    1.),.UNSPECIFIED.);
#4475 = CARTESIAN_POINT('',(15.546875,75.88203125,16.));
#4476 = CARTESIAN_POINT('',(15.586082377784,75.88203125,16.));
#4477 = CARTESIAN_POINT('',(15.621790918673,75.876187178909,16.));
#4478 = CARTESIAN_POINT('',(15.653861230305,75.864394366025,16.));
#4479 = CARTESIAN_POINT('',(15.691575746211,75.840858004232,16.));
#4480 = CARTESIAN_POINT('',(15.700515918352,75.834387808812,16.));
#4481 = CARTESIAN_POINT('',(15.709053493513,75.827277922845,16.));
#4482 = CARTESIAN_POINT('',(15.7171875,75.81953125,16.));
#4483 = PCURVE('',#212,#4484);
#4484 = DEFINITIONAL_REPRESENTATION('',(#4485),#4494);
#4485 = B_SPLINE_CURVE_WITH_KNOTS('',4,(#4486,#4487,#4488,#4489,#4490,
    #4491,#4492,#4493),.UNSPECIFIED.,.F.,.F.,(5,3,5),(0.,0.75233021061,
    1.),.UNSPECIFIED.);
#4486 = CARTESIAN_POINT('',(15.546875,12.88203125));
#4487 = CARTESIAN_POINT('',(15.586082377784,12.88203125));
#4488 = CARTESIAN_POINT('',(15.621790918673,12.876187178909));
#4489 = CARTESIAN_POINT('',(15.653861230305,12.864394366025));
#4490 = CARTESIAN_POINT('',(15.691575746211,12.840858004232));
#4491 = CARTESIAN_POINT('',(15.700515918352,12.834387808812));
#4492 = CARTESIAN_POINT('',(15.709053493513,12.827277922845));
#4493 = CARTESIAN_POINT('',(15.7171875,12.81953125));
#4494 = ( GEOMETRIC_REPRESENTATION_CONTEXT(2) 
PARAMETRIC_REPRESENTATION_CONTEXT() REPRESENTATION_CONTEXT('2D SPACE',''
  ) );
#4495 = PCURVE('',#4496,#4503);
#4496 = SURFACE_OF_LINEAR_EXTRUSION('',#4497,#4501);
#4497 = B_SPLINE_CURVE_WITH_KNOTS('',2,(#4498,#4499,#4500),
  .UNSPECIFIED.,.F.,.F.,(3,3),(0.,1.),.PIECEWISE_BEZIER_KNOTS.);
#4498 = CARTESIAN_POINT('',(15.7171875,75.81953125,15.95));
#4499 = CARTESIAN_POINT('',(15.6515625,75.88203125,15.95));
#4500 = CARTESIAN_POINT('',(15.546875,75.88203125,15.95));
#4501 = VECTOR('',#4502,1.);
#4502 = DIRECTION('',(-0.,-0.,-1.));
#4503 = DEFINITIONAL_REPRESENTATION('',(#4504),#4513);
#4504 = B_SPLINE_CURVE_WITH_KNOTS('',4,(#4505,#4506,#4507,#4508,#4509,
    #4510,#4511,#4512),.UNSPECIFIED.,.F.,.F.,(5,3,5),(0.,0.75233021061,
    1.),.UNSPECIFIED.);
#4505 = CARTESIAN_POINT('',(1.,-5.E-02));
#4506 = CARTESIAN_POINT('',(0.812740882223,-5.E-02));
#4507 = CARTESIAN_POINT('',(0.6247476389,-5.E-02));
#4508 = CARTESIAN_POINT('',(0.436373574737,-5.E-02));
#4509 = CARTESIAN_POINT('',(0.185986747144,-5.E-02));
#4510 = CARTESIAN_POINT('',(0.123973401338,-5.E-02));
#4511 = CARTESIAN_POINT('',(6.197338276079E-02,-5.E-02));
#4512 = CARTESIAN_POINT('',(0.,-5.E-02));
#4513 = ( GEOMETRIC_REPRESENTATION_CONTEXT(2) 
PARAMETRIC_REPRESENTATION_CONTEXT() REPRESENTATION_CONTEXT('2D SPACE',''
  ) );
#4514 = ORIENTED_EDGE('',*,*,#4515,.F.);
#4515 = EDGE_CURVE('',#4516,#4471,#4518,.T.);
#4516 = VERTEX_POINT('',#4517);
#4517 = CARTESIAN_POINT('',(15.31171875,75.75703125,16.));
#4518 = SURFACE_CURVE('',#4519,(#4530,#4544),.PCURVE_S1.);
#4519 = B_SPLINE_CURVE_WITH_KNOTS('',5,(#4520,#4521,#4522,#4523,#4524,
    #4525,#4526,#4527,#4528,#4529),.UNSPECIFIED.,.F.,.F.,(6,4,6),(0.,
    0.657770070246,1.),.UNSPECIFIED.);
#4520 = CARTESIAN_POINT('',(15.31171875,75.75703125,16.));
#4521 = CARTESIAN_POINT('',(15.336739227559,75.789578212678,16.));
#4522 = CARTESIAN_POINT('',(15.363751459915,75.817051205375,16.));
#4523 = CARTESIAN_POINT('',(15.392753189153,75.839237544967,16.));
#4524 = CARTESIAN_POINT('',(15.423707460849,75.856004641783,16.));
#4525 = CARTESIAN_POINT('',(15.473612277296,75.873215037526,16.));
#4526 = CARTESIAN_POINT('',(15.491198147768,75.877630623938,16.));
#4527 = CARTESIAN_POINT('',(15.509279861826,75.880568117674,16.));
#4528 = CARTESIAN_POINT('',(15.527844034318,75.88203125,16.));
#4529 = CARTESIAN_POINT('',(15.546875,75.88203125,16.));
#4530 = PCURVE('',#212,#4531);
#4531 = DEFINITIONAL_REPRESENTATION('',(#4532),#4543);
#4532 = B_SPLINE_CURVE_WITH_KNOTS('',5,(#4533,#4534,#4535,#4536,#4537,
    #4538,#4539,#4540,#4541,#4542),.UNSPECIFIED.,.F.,.F.,(6,4,6),(0.,
    0.657770070246,1.),.UNSPECIFIED.);
#4533 = CARTESIAN_POINT('',(15.31171875,12.75703125));
#4534 = CARTESIAN_POINT('',(15.336739227559,12.789578212678));
#4535 = CARTESIAN_POINT('',(15.363751459915,12.817051205375));
#4536 = CARTESIAN_POINT('',(15.392753189153,12.839237544967));
#4537 = CARTESIAN_POINT('',(15.423707460849,12.856004641783));
#4538 = CARTESIAN_POINT('',(15.473612277296,12.873215037526));
#4539 = CARTESIAN_POINT('',(15.491198147768,12.877630623938));
#4540 = CARTESIAN_POINT('',(15.509279861826,12.880568117674));
#4541 = CARTESIAN_POINT('',(15.527844034318,12.88203125));
#4542 = CARTESIAN_POINT('',(15.546875,12.88203125));
#4543 = ( GEOMETRIC_REPRESENTATION_CONTEXT(2) 
PARAMETRIC_REPRESENTATION_CONTEXT() REPRESENTATION_CONTEXT('2D SPACE',''
  ) );
#4544 = PCURVE('',#4545,#4552);
#4545 = SURFACE_OF_LINEAR_EXTRUSION('',#4546,#4550);
#4546 = B_SPLINE_CURVE_WITH_KNOTS('',2,(#4547,#4548,#4549),
  .UNSPECIFIED.,.F.,.F.,(3,3),(0.,1.),.PIECEWISE_BEZIER_KNOTS.);
#4547 = CARTESIAN_POINT('',(15.546875,75.88203125,15.95));
#4548 = CARTESIAN_POINT('',(15.4078125,75.88203125,15.95));
#4549 = CARTESIAN_POINT('',(15.31171875,75.75703125,15.95));
#4550 = VECTOR('',#4551,1.);
#4551 = DIRECTION('',(-0.,-0.,-1.));
#4552 = DEFINITIONAL_REPRESENTATION('',(#4553),#4564);
#4553 = B_SPLINE_CURVE_WITH_KNOTS('',5,(#4554,#4555,#4556,#4557,#4558,
    #4559,#4560,#4561,#4562,#4563),.UNSPECIFIED.,.F.,.F.,(6,4,6),(0.,
    0.657770070246,1.),.UNSPECIFIED.);
#4554 = CARTESIAN_POINT('',(1.,-5.E-02));
#4555 = CARTESIAN_POINT('',(0.869812149289,-5.E-02));
#4556 = CARTESIAN_POINT('',(0.738734131865,-5.E-02));
#4557 = CARTESIAN_POINT('',(0.607036932863,-5.E-02));
#4558 = CARTESIAN_POINT('',(0.475017296991,-5.E-02));
#4559 = CARTESIAN_POINT('',(0.274312973455,-5.E-02));
#4560 = CARTESIAN_POINT('',(0.205625411024,-5.E-02));
#4561 = CARTESIAN_POINT('',(0.136981896308,-5.E-02));
#4562 = CARTESIAN_POINT('',(6.842594402406E-02,-5.E-02));
#4563 = CARTESIAN_POINT('',(0.,-5.E-02));
#4564 = ( GEOMETRIC_REPRESENTATION_CONTEXT(2) 
PARAMETRIC_REPRESENTATION_CONTEXT() REPRESENTATION_CONTEXT('2D SPACE',''
  ) );
#4565 = ORIENTED_EDGE('',*,*,#4566,.F.);
#4566 = EDGE_CURVE('',#4567,#4516,#4569,.T.);
#4567 = VERTEX_POINT('',#4568);
#4568 = CARTESIAN_POINT('',(15.190625,75.23671875,16.));
#4569 = SURFACE_CURVE('',#4570,(#4579,#4591),.PCURVE_S1.);
#4570 = B_SPLINE_CURVE_WITH_KNOTS('',7,(#4571,#4572,#4573,#4574,#4575,
    #4576,#4577,#4578),.UNSPECIFIED.,.F.,.F.,(8,8),(0.,1.),
  .PIECEWISE_BEZIER_KNOTS.);
#4571 = CARTESIAN_POINT('',(15.190625,75.23671875,16.));
#4572 = CARTESIAN_POINT('',(15.197024446851,75.33791000333,16.));
#4573 = CARTESIAN_POINT('',(15.20638881413,75.432682337123,16.));
#4574 = CARTESIAN_POINT('',(15.219112203904,75.519852871096,16.));
#4575 = CARTESIAN_POINT('',(15.235639670529,75.597781690749,16.));
#4576 = CARTESIAN_POINT('',(15.256409313837,75.664529549567,16.));
#4577 = CARTESIAN_POINT('',(15.281771327389,75.718075253107,16.));
#4578 = CARTESIAN_POINT('',(15.31171875,75.75703125,16.));
#4579 = PCURVE('',#212,#4580);
#4580 = DEFINITIONAL_REPRESENTATION('',(#4581),#4590);
#4581 = B_SPLINE_CURVE_WITH_KNOTS('',7,(#4582,#4583,#4584,#4585,#4586,
    #4587,#4588,#4589),.UNSPECIFIED.,.F.,.F.,(8,8),(0.,1.),
  .PIECEWISE_BEZIER_KNOTS.);
#4582 = CARTESIAN_POINT('',(15.190625,12.23671875));
#4583 = CARTESIAN_POINT('',(15.197024446851,12.33791000333));
#4584 = CARTESIAN_POINT('',(15.20638881413,12.432682337123));
#4585 = CARTESIAN_POINT('',(15.219112203904,12.519852871096));
#4586 = CARTESIAN_POINT('',(15.235639670529,12.597781690749));
#4587 = CARTESIAN_POINT('',(15.256409313837,12.664529549567));
#4588 = CARTESIAN_POINT('',(15.281771327389,12.718075253107));
#4589 = CARTESIAN_POINT('',(15.31171875,12.75703125));
#4590 = ( GEOMETRIC_REPRESENTATION_CONTEXT(2) 
PARAMETRIC_REPRESENTATION_CONTEXT() REPRESENTATION_CONTEXT('2D SPACE',''
  ) );
#4591 = PCURVE('',#4592,#4599);
#4592 = SURFACE_OF_LINEAR_EXTRUSION('',#4593,#4597);
#4593 = B_SPLINE_CURVE_WITH_KNOTS('',2,(#4594,#4595,#4596),
  .UNSPECIFIED.,.F.,.F.,(3,3),(0.,1.),.PIECEWISE_BEZIER_KNOTS.);
#4594 = CARTESIAN_POINT('',(15.31171875,75.75703125,15.95));
#4595 = CARTESIAN_POINT('',(15.215625,75.63203125,15.95));
#4596 = CARTESIAN_POINT('',(15.190625,75.23671875,15.95));
#4597 = VECTOR('',#4598,1.);
#4598 = DIRECTION('',(-0.,-0.,-1.));
#4599 = DEFINITIONAL_REPRESENTATION('',(#4600),#4609);
#4600 = B_SPLINE_CURVE_WITH_KNOTS('',7,(#4601,#4602,#4603,#4604,#4605,
    #4606,#4607,#4608),.UNSPECIFIED.,.F.,.F.,(8,8),(0.,1.),
  .PIECEWISE_BEZIER_KNOTS.);
#4601 = CARTESIAN_POINT('',(1.,-5.E-02));
#4602 = CARTESIAN_POINT('',(0.872011062982,-5.E-02));
#4603 = CARTESIAN_POINT('',(0.739072476013,-5.E-02));
#4604 = CARTESIAN_POINT('',(0.600862466382,-5.E-02));
#4605 = CARTESIAN_POINT('',(0.457327737122,-5.E-02));
#4606 = CARTESIAN_POINT('',(0.308747165118,-5.E-02));
#4607 = CARTESIAN_POINT('',(0.15582398757,-5.E-02));
#4608 = CARTESIAN_POINT('',(0.,-5.E-02));
#4609 = ( GEOMETRIC_REPRESENTATION_CONTEXT(2) 
PARAMETRIC_REPRESENTATION_CONTEXT() REPRESENTATION_CONTEXT('2D SPACE',''
  ) );
#4610 = ORIENTED_EDGE('',*,*,#4611,.F.);
#4611 = EDGE_CURVE('',#4612,#4567,#4614,.T.);
#4612 = VERTEX_POINT('',#4613);
#4613 = CARTESIAN_POINT('',(15.5984375,75.43046875,16.));
#4614 = SURFACE_CURVE('',#4615,(#4626,#4640),.PCURVE_S1.);
#4615 = B_SPLINE_CURVE_WITH_KNOTS('',5,(#4616,#4617,#4618,#4619,#4620,
    #4621,#4622,#4623,#4624,#4625),.UNSPECIFIED.,.F.,.F.,(6,4,6),(0.,
    0.441328025829,1.),.UNSPECIFIED.);
#4616 = CARTESIAN_POINT('',(15.5984375,75.43046875,16.));
#4617 = CARTESIAN_POINT('',(15.555743903445,75.43046875,16.));
#4618 = CARTESIAN_POINT('',(15.514283488876,75.426753765982,16.));
#4619 = CARTESIAN_POINT('',(15.474188145088,75.419221151651,16.));
#4620 = CARTESIAN_POINT('',(15.435573188128,75.40782949042,16.));
#4621 = CARTESIAN_POINT('',(15.351638751133,75.373359630068,16.));
#4622 = CARTESIAN_POINT('',(15.307261654215,75.3479774591,16.));
#4623 = CARTESIAN_POINT('',(15.265590410478,75.316546507144,16.));
#4624 = CARTESIAN_POINT('',(15.226708724783,75.279331910697,16.));
#4625 = CARTESIAN_POINT('',(15.190625,75.23671875,16.));
#4626 = PCURVE('',#212,#4627);
#4627 = DEFINITIONAL_REPRESENTATION('',(#4628),#4639);
#4628 = B_SPLINE_CURVE_WITH_KNOTS('',5,(#4629,#4630,#4631,#4632,#4633,
    #4634,#4635,#4636,#4637,#4638),.UNSPECIFIED.,.F.,.F.,(6,4,6),(0.,
    0.441328025829,1.),.UNSPECIFIED.);
#4629 = CARTESIAN_POINT('',(15.5984375,12.43046875));
#4630 = CARTESIAN_POINT('',(15.555743903445,12.43046875));
#4631 = CARTESIAN_POINT('',(15.514283488876,12.426753765982));
#4632 = CARTESIAN_POINT('',(15.474188145088,12.419221151651));
#4633 = CARTESIAN_POINT('',(15.435573188128,12.40782949042));
#4634 = CARTESIAN_POINT('',(15.351638751133,12.373359630068));
#4635 = CARTESIAN_POINT('',(15.307261654215,12.3479774591));
#4636 = CARTESIAN_POINT('',(15.265590410478,12.316546507144));
#4637 = CARTESIAN_POINT('',(15.226708724783,12.279331910697));
#4638 = CARTESIAN_POINT('',(15.190625,12.23671875));
#4639 = ( GEOMETRIC_REPRESENTATION_CONTEXT(2) 
PARAMETRIC_REPRESENTATION_CONTEXT() REPRESENTATION_CONTEXT('2D SPACE',''
  ) );
#4640 = PCURVE('',#4641,#4648);
#4641 = SURFACE_OF_LINEAR_EXTRUSION('',#4642,#4646);
#4642 = B_SPLINE_CURVE_WITH_KNOTS('',2,(#4643,#4644,#4645),
  .UNSPECIFIED.,.F.,.F.,(3,3),(0.,1.),.PIECEWISE_BEZIER_KNOTS.);
#4643 = CARTESIAN_POINT('',(15.190625,75.23671875,15.95));
#4644 = CARTESIAN_POINT('',(15.3546875,75.43046875,15.95));
#4645 = CARTESIAN_POINT('',(15.5984375,75.43046875,15.95));
#4646 = VECTOR('',#4647,1.);
#4647 = DIRECTION('',(-0.,-0.,-1.));
#4648 = DEFINITIONAL_REPRESENTATION('',(#4649),#4660);
#4649 = B_SPLINE_CURVE_WITH_KNOTS('',5,(#4650,#4651,#4652,#4653,#4654,
    #4655,#4656,#4657,#4658,#4659),.UNSPECIFIED.,.F.,.F.,(6,4,6),(0.,
    0.441328025829,1.),.UNSPECIFIED.);
#4650 = CARTESIAN_POINT('',(1.,-5.E-02));
#4651 = CARTESIAN_POINT('',(0.912423391683,-5.E-02));
#4652 = CARTESIAN_POINT('',(0.824242157747,-5.E-02));
#4653 = CARTESIAN_POINT('',(0.735640239456,-5.E-02));
#4654 = CARTESIAN_POINT('',(0.646819240518,-5.E-02));
#4655 = CARTESIAN_POINT('',(0.445564764664,-5.E-02));
#4656 = CARTESIAN_POINT('',(0.333120583735,-5.E-02));
#4657 = CARTESIAN_POINT('',(0.221123680954,-5.E-02));
#4658 = CARTESIAN_POINT('',(0.109969446959,-5.E-02));
#4659 = CARTESIAN_POINT('',(0.,-5.E-02));
#4660 = ( GEOMETRIC_REPRESENTATION_CONTEXT(2) 
PARAMETRIC_REPRESENTATION_CONTEXT() REPRESENTATION_CONTEXT('2D SPACE',''
  ) );
#4661 = ORIENTED_EDGE('',*,*,#4662,.F.);
#4662 = EDGE_CURVE('',#4663,#4612,#4665,.T.);
#4663 = VERTEX_POINT('',#4664);
#4664 = CARTESIAN_POINT('',(16.06953125,75.22109375,16.));
#4665 = SURFACE_CURVE('',#4666,(#4677,#4691),.PCURVE_S1.);
#4666 = B_SPLINE_CURVE_WITH_KNOTS('',5,(#4667,#4668,#4669,#4670,#4671,
    #4672,#4673,#4674,#4675,#4676),.UNSPECIFIED.,.F.,.F.,(6,4,6),(0.,
    0.566848251229,1.),.UNSPECIFIED.);
#4667 = CARTESIAN_POINT('',(16.06953125,75.22109375,16.));
#4668 = CARTESIAN_POINT('',(16.025859082907,75.267723792952,16.));
#4669 = CARTESIAN_POINT('',(15.979217655673,75.308421815736,16.));
#4670 = CARTESIAN_POINT('',(15.92963774694,75.342718739691,16.));
#4671 = CARTESIAN_POINT('',(15.877239700204,75.370286236971,16.));
#4672 = CARTESIAN_POINT('',(15.78027430301,75.406884172105,16.));
#4673 = CARTESIAN_POINT('',(15.736770923772,75.418754677382,16.));
#4674 = CARTESIAN_POINT('',(15.691874082586,75.426601181311,16.));
#4675 = CARTESIAN_POINT('',(15.645714490532,75.43046875,16.));
#4676 = CARTESIAN_POINT('',(15.5984375,75.43046875,16.));
#4677 = PCURVE('',#212,#4678);
#4678 = DEFINITIONAL_REPRESENTATION('',(#4679),#4690);
#4679 = B_SPLINE_CURVE_WITH_KNOTS('',5,(#4680,#4681,#4682,#4683,#4684,
    #4685,#4686,#4687,#4688,#4689),.UNSPECIFIED.,.F.,.F.,(6,4,6),(0.,
    0.566848251229,1.),.UNSPECIFIED.);
#4680 = CARTESIAN_POINT('',(16.06953125,12.22109375));
#4681 = CARTESIAN_POINT('',(16.025859082907,12.267723792952));
#4682 = CARTESIAN_POINT('',(15.979217655673,12.308421815736));
#4683 = CARTESIAN_POINT('',(15.92963774694,12.342718739691));
#4684 = CARTESIAN_POINT('',(15.877239700204,12.370286236971));
#4685 = CARTESIAN_POINT('',(15.78027430301,12.406884172105));
#4686 = CARTESIAN_POINT('',(15.736770923772,12.418754677382));
#4687 = CARTESIAN_POINT('',(15.691874082586,12.426601181311));
#4688 = CARTESIAN_POINT('',(15.645714490532,12.43046875));
#4689 = CARTESIAN_POINT('',(15.5984375,12.43046875));
#4690 = ( GEOMETRIC_REPRESENTATION_CONTEXT(2) 
PARAMETRIC_REPRESENTATION_CONTEXT() REPRESENTATION_CONTEXT('2D SPACE',''
  ) );
#4691 = PCURVE('',#4692,#4699);
#4692 = SURFACE_OF_LINEAR_EXTRUSION('',#4693,#4697);
#4693 = B_SPLINE_CURVE_WITH_KNOTS('',2,(#4694,#4695,#4696),
  .UNSPECIFIED.,.F.,.F.,(3,3),(0.,1.),.PIECEWISE_BEZIER_KNOTS.);
#4694 = CARTESIAN_POINT('',(15.5984375,75.43046875,15.95));
#4695 = CARTESIAN_POINT('',(15.8734375,75.43046875,15.95));
#4696 = CARTESIAN_POINT('',(16.06953125,75.22109375,15.95));
#4697 = VECTOR('',#4698,1.);
#4698 = DIRECTION('',(-0.,-0.,-1.));
#4699 = DEFINITIONAL_REPRESENTATION('',(#4700),#4711);
#4700 = B_SPLINE_CURVE_WITH_KNOTS('',5,(#4701,#4702,#4703,#4704,#4705,
    #4706,#4707,#4708,#4709,#4710),.UNSPECIFIED.,.F.,.F.,(6,4,6),(0.,
    0.566848251229,1.),.UNSPECIFIED.);
#4701 = CARTESIAN_POINT('',(1.,-5.E-02));
#4702 = CARTESIAN_POINT('',(0.888644673547,-5.E-02));
#4703 = CARTESIAN_POINT('',(0.775955373684,-5.E-02));
#4704 = CARTESIAN_POINT('',(0.662309479113,-5.E-02));
#4705 = CARTESIAN_POINT('',(0.548150769814,-5.E-02));
#4706 = CARTESIAN_POINT('',(0.346772765089,-5.E-02));
#4707 = CARTESIAN_POINT('',(0.259541919303,-5.E-02));
#4708 = CARTESIAN_POINT('',(0.172534793559,-5.E-02));
#4709 = CARTESIAN_POINT('',(8.595816460416E-02,-5.E-02));
#4710 = CARTESIAN_POINT('',(0.,-5.E-02));
#4711 = ( GEOMETRIC_REPRESENTATION_CONTEXT(2) 
PARAMETRIC_REPRESENTATION_CONTEXT() REPRESENTATION_CONTEXT('2D SPACE',''
  ) );
#4712 = ORIENTED_EDGE('',*,*,#4713,.F.);
#4713 = EDGE_CURVE('',#4714,#4663,#4716,.T.);
#4714 = VERTEX_POINT('',#4715);
#4715 = CARTESIAN_POINT('',(16.265625,74.68046875,16.));
#4716 = SURFACE_CURVE('',#4717,(#4728,#4742),.PCURVE_S1.);
#4717 = B_SPLINE_CURVE_WITH_KNOTS('',5,(#4718,#4719,#4720,#4721,#4722,
    #4723,#4724,#4725,#4726,#4727),.UNSPECIFIED.,.F.,.F.,(6,4,6),(0.,
    0.760470905277,1.),.UNSPECIFIED.);
#4718 = CARTESIAN_POINT('',(16.265625,74.68046875,16.));
#4719 = CARTESIAN_POINT('',(16.265625,74.777998905021,16.));
#4720 = CARTESIAN_POINT('',(16.255000152116,74.87096979942,16.));
#4721 = CARTESIAN_POINT('',(16.232861843815,74.958328512374,16.));
#4722 = CARTESIAN_POINT('',(16.198709941183,75.039091350039,16.));
#4723 = CARTESIAN_POINT('',(16.138545442791,75.135778037131,16.));
#4724 = CARTESIAN_POINT('',(16.122982249011,75.158221199276,16.));
#4725 = CARTESIAN_POINT('',(16.106278716239,75.179929740538,16.));
#4726 = CARTESIAN_POINT('',(16.088453309121,75.200890117153,16.));
#4727 = CARTESIAN_POINT('',(16.06953125,75.22109375,16.));
#4728 = PCURVE('',#212,#4729);
#4729 = DEFINITIONAL_REPRESENTATION('',(#4730),#4741);
#4730 = B_SPLINE_CURVE_WITH_KNOTS('',5,(#4731,#4732,#4733,#4734,#4735,
    #4736,#4737,#4738,#4739,#4740),.UNSPECIFIED.,.F.,.F.,(6,4,6),(0.,
    0.760470905277,1.),.UNSPECIFIED.);
#4731 = CARTESIAN_POINT('',(16.265625,11.68046875));
#4732 = CARTESIAN_POINT('',(16.265625,11.777998905021));
#4733 = CARTESIAN_POINT('',(16.255000152116,11.87096979942));
#4734 = CARTESIAN_POINT('',(16.232861843815,11.958328512374));
#4735 = CARTESIAN_POINT('',(16.198709941183,12.039091350039));
#4736 = CARTESIAN_POINT('',(16.138545442791,12.135778037131));
#4737 = CARTESIAN_POINT('',(16.122982249011,12.158221199276));
#4738 = CARTESIAN_POINT('',(16.106278716239,12.179929740538));
#4739 = CARTESIAN_POINT('',(16.088453309121,12.200890117153));
#4740 = CARTESIAN_POINT('',(16.06953125,12.22109375));
#4741 = ( GEOMETRIC_REPRESENTATION_CONTEXT(2) 
PARAMETRIC_REPRESENTATION_CONTEXT() REPRESENTATION_CONTEXT('2D SPACE',''
  ) );
#4742 = PCURVE('',#4743,#4750);
#4743 = SURFACE_OF_LINEAR_EXTRUSION('',#4744,#4748);
#4744 = B_SPLINE_CURVE_WITH_KNOTS('',2,(#4745,#4746,#4747),
  .UNSPECIFIED.,.F.,.F.,(3,3),(0.,1.),.PIECEWISE_BEZIER_KNOTS.);
#4745 = CARTESIAN_POINT('',(16.06953125,75.22109375,15.95));
#4746 = CARTESIAN_POINT('',(16.265625,75.01171875,15.95));
#4747 = CARTESIAN_POINT('',(16.265625,74.68046875,15.95));
#4748 = VECTOR('',#4749,1.);
#4749 = DIRECTION('',(-0.,-0.,-1.));
#4750 = DEFINITIONAL_REPRESENTATION('',(#4751),#4762);
#4751 = B_SPLINE_CURVE_WITH_KNOTS('',5,(#4752,#4753,#4754,#4755,#4756,
    #4757,#4758,#4759,#4760,#4761),.UNSPECIFIED.,.F.,.F.,(6,4,6),(0.,
    0.760470905277,1.),.UNSPECIFIED.);
#4752 = CARTESIAN_POINT('',(1.,-5.E-02));
#4753 = CARTESIAN_POINT('',(0.852784671666,-5.E-02));
#4754 = CARTESIAN_POINT('',(0.702483712401,-5.E-02));
#4755 = CARTESIAN_POINT('',(0.549852798794,-5.E-02));
#4756 = CARTESIAN_POINT('',(0.395907558985,-5.E-02));
#4757 = CARTESIAN_POINT('',(0.193523012887,-5.E-02));
#4758 = CARTESIAN_POINT('',(0.145046176515,-5.E-02));
#4759 = CARTESIAN_POINT('',(9.660841078398E-02,-5.E-02));
#4760 = CARTESIAN_POINT('',(4.824748142465E-02,-5.E-02));
#4761 = CARTESIAN_POINT('',(0.,-5.E-02));
#4762 = ( GEOMETRIC_REPRESENTATION_CONTEXT(2) 
PARAMETRIC_REPRESENTATION_CONTEXT() REPRESENTATION_CONTEXT('2D SPACE',''
  ) );
#4763 = ORIENTED_EDGE('',*,*,#4764,.F.);
#4764 = EDGE_CURVE('',#4765,#4714,#4767,.T.);
#4765 = VERTEX_POINT('',#4766);
#4766 = CARTESIAN_POINT('',(16.059375,74.11640625,16.));
#4767 = SURFACE_CURVE('',#4768,(#4781,#4797),.PCURVE_S1.);
#4768 = B_SPLINE_CURVE_WITH_KNOTS('',6,(#4769,#4770,#4771,#4772,#4773,
    #4774,#4775,#4776,#4777,#4778,#4779,#4780),.UNSPECIFIED.,.F.,.F.,(7,
    5,7),(0.,0.207139907639,1.),.UNSPECIFIED.);
#4769 = CARTESIAN_POINT('',(16.059375,74.11640625,16.));
#4770 = CARTESIAN_POINT('',(16.073773566694,74.131241136897,16.));
#4771 = CARTESIAN_POINT('',(16.087592264766,74.146506588756,16.));
#4772 = CARTESIAN_POINT('',(16.10082174279,74.162199254642,16.));
#4773 = CARTESIAN_POINT('',(16.113454184853,74.178314575562,16.));
#4774 = CARTESIAN_POINT('',(16.125483310552,74.194846784468,16.));
#4775 = CARTESIAN_POINT('',(16.180620268843,74.276637502515,16.));
#4776 = CARTESIAN_POINT('',(16.215438841289,74.347508036162,16.));
#4777 = CARTESIAN_POINT('',(16.241059647628,74.423973293142,16.));
#4778 = CARTESIAN_POINT('',(16.257639184771,74.50542409593,16.));
#4779 = CARTESIAN_POINT('',(16.265625,74.591161196915,16.));
#4780 = CARTESIAN_POINT('',(16.265625,74.68046875,16.));
#4781 = PCURVE('',#212,#4782);
#4782 = DEFINITIONAL_REPRESENTATION('',(#4783),#4796);
#4783 = B_SPLINE_CURVE_WITH_KNOTS('',6,(#4784,#4785,#4786,#4787,#4788,
    #4789,#4790,#4791,#4792,#4793,#4794,#4795),.UNSPECIFIED.,.F.,.F.,(7,
    5,7),(0.,0.207139907639,1.),.UNSPECIFIED.);
#4784 = CARTESIAN_POINT('',(16.059375,11.11640625));
#4785 = CARTESIAN_POINT('',(16.073773566694,11.131241136897));
#4786 = CARTESIAN_POINT('',(16.087592264766,11.146506588756));
#4787 = CARTESIAN_POINT('',(16.10082174279,11.162199254642));
#4788 = CARTESIAN_POINT('',(16.113454184853,11.178314575562));
#4789 = CARTESIAN_POINT('',(16.125483310552,11.194846784468));
#4790 = CARTESIAN_POINT('',(16.180620268843,11.276637502515));
#4791 = CARTESIAN_POINT('',(16.215438841289,11.347508036162));
#4792 = CARTESIAN_POINT('',(16.241059647628,11.423973293142));
#4793 = CARTESIAN_POINT('',(16.257639184771,11.50542409593));
#4794 = CARTESIAN_POINT('',(16.265625,11.591161196915));
#4795 = CARTESIAN_POINT('',(16.265625,11.68046875));
#4796 = ( GEOMETRIC_REPRESENTATION_CONTEXT(2) 
PARAMETRIC_REPRESENTATION_CONTEXT() REPRESENTATION_CONTEXT('2D SPACE',''
  ) );
#4797 = PCURVE('',#4798,#4805);
#4798 = SURFACE_OF_LINEAR_EXTRUSION('',#4799,#4803);
#4799 = B_SPLINE_CURVE_WITH_KNOTS('',2,(#4800,#4801,#4802),
  .UNSPECIFIED.,.F.,.F.,(3,3),(0.,1.),.PIECEWISE_BEZIER_KNOTS.);
#4800 = CARTESIAN_POINT('',(16.265625,74.68046875,15.95));
#4801 = CARTESIAN_POINT('',(16.265625,74.32890625,15.95));
#4802 = CARTESIAN_POINT('',(16.059375,74.11640625,15.95));
#4803 = VECTOR('',#4804,1.);
#4804 = DIRECTION('',(-0.,-0.,-1.));
#4805 = DEFINITIONAL_REPRESENTATION('',(#4806),#4819);
#4806 = B_SPLINE_CURVE_WITH_KNOTS('',6,(#4807,#4808,#4809,#4810,#4811,
    #4812,#4813,#4814,#4815,#4816,#4817,#4818),.UNSPECIFIED.,.F.,.F.,(7,
    5,7),(0.,0.207139907639,1.),.UNSPECIFIED.);
#4807 = CARTESIAN_POINT('',(1.,-5.E-02));
#4808 = CARTESIAN_POINT('',(0.965094383772,-5.E-02));
#4809 = CARTESIAN_POINT('',(0.93013245759,-5.E-02));
#4810 = CARTESIAN_POINT('',(0.895127954521,-5.E-02));
#4811 = CARTESIAN_POINT('',(0.860094853321,-5.E-02));
#4812 = CARTESIAN_POINT('',(0.825047378436,-5.E-02));
#4813 = CARTESIAN_POINT('',(0.655850728522,-5.E-02));
#4814 = CARTESIAN_POINT('',(0.52166876608,-5.E-02));
#4815 = CARTESIAN_POINT('',(0.3883498092,-5.E-02));
#4816 = CARTESIAN_POINT('',(0.256610175274,-5.E-02));
#4817 = CARTESIAN_POINT('',(0.127015186609,-5.E-02));
#4818 = CARTESIAN_POINT('',(0.,-5.E-02));
#4819 = ( GEOMETRIC_REPRESENTATION_CONTEXT(2) 
PARAMETRIC_REPRESENTATION_CONTEXT() REPRESENTATION_CONTEXT('2D SPACE',''
  ) );
#4820 = ORIENTED_EDGE('',*,*,#4821,.F.);
#4821 = EDGE_CURVE('',#4822,#4765,#4824,.T.);
#4822 = VERTEX_POINT('',#4823);
#4823 = CARTESIAN_POINT('',(15.5296875,73.90390625,16.));
#4824 = SURFACE_CURVE('',#4825,(#4836,#4850),.PCURVE_S1.);
#4825 = B_SPLINE_CURVE_WITH_KNOTS('',5,(#4826,#4827,#4828,#4829,#4830,
    #4831,#4832,#4833,#4834,#4835),.UNSPECIFIED.,.F.,.F.,(6,4,6),(0.,
    0.645904316245,1.),.UNSPECIFIED.);
#4826 = CARTESIAN_POINT('',(15.5296875,73.90390625,16.));
#4827 = CARTESIAN_POINT('',(15.611062582254,73.90390625,16.));
#4828 = CARTESIAN_POINT('',(15.689185425835,73.912313331078,16.));
#4829 = CARTESIAN_POINT('',(15.76337837429,73.929698864223,16.));
#4830 = CARTESIAN_POINT('',(15.833020639013,73.956356973676,16.));
#4831 = CARTESIAN_POINT('',(15.933116712628,74.011598400969,16.));
#4832 = CARTESIAN_POINT('',(15.967064374735,74.033872838572,16.));
#4833 = CARTESIAN_POINT('',(15.999446752273,74.0588229113,16.));
#4834 = CARTESIAN_POINT('',(16.030222811039,74.086370661374,16.));
#4835 = CARTESIAN_POINT('',(16.059375,74.11640625,16.));
#4836 = PCURVE('',#212,#4837);
#4837 = DEFINITIONAL_REPRESENTATION('',(#4838),#4849);
#4838 = B_SPLINE_CURVE_WITH_KNOTS('',5,(#4839,#4840,#4841,#4842,#4843,
    #4844,#4845,#4846,#4847,#4848),.UNSPECIFIED.,.F.,.F.,(6,4,6),(0.,
    0.645904316245,1.),.UNSPECIFIED.);
#4839 = CARTESIAN_POINT('',(15.5296875,10.90390625));
#4840 = CARTESIAN_POINT('',(15.611062582254,10.90390625));
#4841 = CARTESIAN_POINT('',(15.689185425835,10.912313331078));
#4842 = CARTESIAN_POINT('',(15.76337837429,10.929698864223));
#4843 = CARTESIAN_POINT('',(15.833020639013,10.956356973676));
#4844 = CARTESIAN_POINT('',(15.933116712628,11.011598400969));
#4845 = CARTESIAN_POINT('',(15.967064374735,11.033872838572));
#4846 = CARTESIAN_POINT('',(15.999446752273,11.0588229113));
#4847 = CARTESIAN_POINT('',(16.030222811039,11.086370661374));
#4848 = CARTESIAN_POINT('',(16.059375,11.11640625));
#4849 = ( GEOMETRIC_REPRESENTATION_CONTEXT(2) 
PARAMETRIC_REPRESENTATION_CONTEXT() REPRESENTATION_CONTEXT('2D SPACE',''
  ) );
#4850 = PCURVE('',#4851,#4858);
#4851 = SURFACE_OF_LINEAR_EXTRUSION('',#4852,#4856);
#4852 = B_SPLINE_CURVE_WITH_KNOTS('',2,(#4853,#4854,#4855),
  .UNSPECIFIED.,.F.,.F.,(3,3),(0.,1.),.PIECEWISE_BEZIER_KNOTS.);
#4853 = CARTESIAN_POINT('',(16.059375,74.11640625,15.95));
#4854 = CARTESIAN_POINT('',(15.853125,73.90390625,15.95));
#4855 = CARTESIAN_POINT('',(15.5296875,73.90390625,15.95));
#4856 = VECTOR('',#4857,1.);
#4857 = DIRECTION('',(-0.,-0.,-1.));
#4858 = DEFINITIONAL_REPRESENTATION('',(#4859),#4870);
#4859 = B_SPLINE_CURVE_WITH_KNOTS('',5,(#4860,#4861,#4862,#4863,#4864,
    #4865,#4866,#4867,#4868,#4869),.UNSPECIFIED.,.F.,.F.,(6,4,6),(0.,
    0.645904316245,1.),.UNSPECIFIED.);
#4860 = CARTESIAN_POINT('',(1.,-5.E-02));
#4861 = CARTESIAN_POINT('',(0.874202771394,-5.E-02));
#4862 = CARTESIAN_POINT('',(0.746265996086,-5.E-02));
#4863 = CARTESIAN_POINT('',(0.616750156633,-5.E-02));
#4864 = CARTESIAN_POINT('',(0.486364180943,-5.E-02));
#4865 = CARTESIAN_POINT('',(0.284532148451,-5.E-02));
#4866 = CARTESIAN_POINT('',(0.213063380428,-5.E-02));
#4867 = CARTESIAN_POINT('',(0.141733357128,-5.E-02));
#4868 = CARTESIAN_POINT('',(7.067197323778E-02,-5.E-02));
#4869 = CARTESIAN_POINT('',(0.,-5.E-02));
#4870 = ( GEOMETRIC_REPRESENTATION_CONTEXT(2) 
PARAMETRIC_REPRESENTATION_CONTEXT() REPRESENTATION_CONTEXT('2D SPACE',''
  ) );
#4871 = ORIENTED_EDGE('',*,*,#4872,.F.);
#4872 = EDGE_CURVE('',#4873,#4822,#4875,.T.);
#4873 = VERTEX_POINT('',#4874);
#4874 = CARTESIAN_POINT('',(14.959375,74.1734375,16.));
#4875 = SURFACE_CURVE('',#4876,(#4887,#4901),.PCURVE_S1.);
#4876 = B_SPLINE_CURVE_WITH_KNOTS('',5,(#4877,#4878,#4879,#4880,#4881,
    #4882,#4883,#4884,#4885,#4886),.UNSPECIFIED.,.F.,.F.,(6,4,6),(0.,
    0.512267819381,1.),.UNSPECIFIED.);
#4877 = CARTESIAN_POINT('',(14.959375,74.1734375,16.));
#4878 = CARTESIAN_POINT('',(15.004175735896,74.119394654251,16.));
#4879 = CARTESIAN_POINT('',(15.052764408696,74.071296401576,16.));
#4880 = CARTESIAN_POINT('',(15.105146754899,74.02977973652,16.));
#4881 = CARTESIAN_POINT('',(15.161189731863,73.99532492244,16.));
#4882 = CARTESIAN_POINT('',(15.27703473694,73.942166356921,16.));
#4883 = CARTESIAN_POINT('',(15.336541321356,73.922781173825,16.));
#4884 = CARTESIAN_POINT('',(15.398746930325,73.91008285417,16.));
#4885 = CARTESIAN_POINT('',(15.46326686572,73.90390625,16.));
#4886 = CARTESIAN_POINT('',(15.5296875,73.90390625,16.));
#4887 = PCURVE('',#212,#4888);
#4888 = DEFINITIONAL_REPRESENTATION('',(#4889),#4900);
#4889 = B_SPLINE_CURVE_WITH_KNOTS('',5,(#4890,#4891,#4892,#4893,#4894,
    #4895,#4896,#4897,#4898,#4899),.UNSPECIFIED.,.F.,.F.,(6,4,6),(0.,
    0.512267819381,1.),.UNSPECIFIED.);
#4890 = CARTESIAN_POINT('',(14.959375,11.1734375));
#4891 = CARTESIAN_POINT('',(15.004175735896,11.119394654251));
#4892 = CARTESIAN_POINT('',(15.052764408696,11.071296401576));
#4893 = CARTESIAN_POINT('',(15.105146754899,11.02977973652));
#4894 = CARTESIAN_POINT('',(15.161189731863,10.99532492244));
#4895 = CARTESIAN_POINT('',(15.27703473694,10.942166356921));
#4896 = CARTESIAN_POINT('',(15.336541321356,10.922781173825));
#4897 = CARTESIAN_POINT('',(15.398746930325,10.91008285417));
#4898 = CARTESIAN_POINT('',(15.46326686572,10.90390625));
#4899 = CARTESIAN_POINT('',(15.5296875,10.90390625));
#4900 = ( GEOMETRIC_REPRESENTATION_CONTEXT(2) 
PARAMETRIC_REPRESENTATION_CONTEXT() REPRESENTATION_CONTEXT('2D SPACE',''
  ) );
#4901 = PCURVE('',#4902,#4909);
#4902 = SURFACE_OF_LINEAR_EXTRUSION('',#4903,#4907);
#4903 = B_SPLINE_CURVE_WITH_KNOTS('',2,(#4904,#4905,#4906),
  .UNSPECIFIED.,.F.,.F.,(3,3),(0.,1.),.PIECEWISE_BEZIER_KNOTS.);
#4904 = CARTESIAN_POINT('',(15.5296875,73.90390625,15.95));
#4905 = CARTESIAN_POINT('',(15.1828125,73.90390625,15.95));
#4906 = CARTESIAN_POINT('',(14.959375,74.1734375,15.95));
#4907 = VECTOR('',#4908,1.);
#4908 = DIRECTION('',(-0.,-0.,-1.));
#4909 = DEFINITIONAL_REPRESENTATION('',(#4910),#4921);
#4910 = B_SPLINE_CURVE_WITH_KNOTS('',5,(#4911,#4912,#4913,#4914,#4915,
    #4916,#4917,#4918,#4919,#4920),.UNSPECIFIED.,.F.,.F.,(6,4,6),(0.,
    0.512267819381,1.),.UNSPECIFIED.);
#4911 = CARTESIAN_POINT('',(1.,-5.E-02));
#4912 = CARTESIAN_POINT('',(0.899746604987,-5.E-02));
#4913 = CARTESIAN_POINT('',(0.7979573749,-5.E-02));
#4914 = CARTESIAN_POINT('',(0.69504454547,-5.E-02));
#4915 = CARTESIAN_POINT('',(0.591516930159,-5.E-02));
#4916 = CARTESIAN_POINT('',(0.389441128708,-5.E-02));
#4917 = CARTESIAN_POINT('',(0.290868968153,-5.E-02));
#4918 = CARTESIAN_POINT('',(0.192820577086,-5.E-02));
#4919 = CARTESIAN_POINT('',(9.574145481863E-02,-5.E-02));
#4920 = CARTESIAN_POINT('',(0.,-5.E-02));
#4921 = ( GEOMETRIC_REPRESENTATION_CONTEXT(2) 
PARAMETRIC_REPRESENTATION_CONTEXT() REPRESENTATION_CONTEXT('2D SPACE',''
  ) );
#4922 = ORIENTED_EDGE('',*,*,#4923,.F.);
#4923 = EDGE_CURVE('',#4924,#4873,#4926,.T.);
#4924 = VERTEX_POINT('',#4925);
#4925 = CARTESIAN_POINT('',(14.7359375,75.05703125,16.));
#4926 = SURFACE_CURVE('',#4927,(#4940,#4956),.PCURVE_S1.);
#4927 = B_SPLINE_CURVE_WITH_KNOTS('',6,(#4928,#4929,#4930,#4931,#4932,
    #4933,#4934,#4935,#4936,#4937,#4938,#4939),.UNSPECIFIED.,.F.,.F.,(7,
    5,7),(0.,0.533761686151,1.),.UNSPECIFIED.);
#4928 = CARTESIAN_POINT('',(14.7359375,75.05703125,16.));
#4929 = CARTESIAN_POINT('',(14.7359375,74.962563572035,16.));
#4930 = CARTESIAN_POINT('',(14.73911027316,74.870062052989,16.));
#4931 = CARTESIAN_POINT('',(14.745824840796,74.779874081729,16.));
#4932 = CARTESIAN_POINT('',(14.756516767397,74.692514845284,16.));
#4933 = CARTESIAN_POINT('',(14.771678502929,74.608660579327,16.));
#4934 = CARTESIAN_POINT('',(14.809370178059,74.459607136768,16.));
#4935 = CARTESIAN_POINT('',(14.83072421219,74.39339401689,16.));
#4936 = CARTESIAN_POINT('',(14.856173721822,74.331022941618,16.));
#4937 = CARTESIAN_POINT('',(14.886005232526,74.273143685743,16.));
#4938 = CARTESIAN_POINT('',(14.920417150498,74.220432108664,16.));
#4939 = CARTESIAN_POINT('',(14.959375,74.1734375,16.));
#4940 = PCURVE('',#212,#4941);
#4941 = DEFINITIONAL_REPRESENTATION('',(#4942),#4955);
#4942 = B_SPLINE_CURVE_WITH_KNOTS('',6,(#4943,#4944,#4945,#4946,#4947,
    #4948,#4949,#4950,#4951,#4952,#4953,#4954),.UNSPECIFIED.,.F.,.F.,(7,
    5,7),(0.,0.533761686151,1.),.UNSPECIFIED.);
#4943 = CARTESIAN_POINT('',(14.7359375,12.05703125));
#4944 = CARTESIAN_POINT('',(14.7359375,11.962563572035));
#4945 = CARTESIAN_POINT('',(14.73911027316,11.870062052989));
#4946 = CARTESIAN_POINT('',(14.745824840796,11.779874081729));
#4947 = CARTESIAN_POINT('',(14.756516767397,11.692514845284));
#4948 = CARTESIAN_POINT('',(14.771678502929,11.608660579327));
#4949 = CARTESIAN_POINT('',(14.809370178059,11.459607136768));
#4950 = CARTESIAN_POINT('',(14.83072421219,11.39339401689));
#4951 = CARTESIAN_POINT('',(14.856173721822,11.331022941618));
#4952 = CARTESIAN_POINT('',(14.886005232526,11.273143685743));
#4953 = CARTESIAN_POINT('',(14.920417150498,11.220432108664));
#4954 = CARTESIAN_POINT('',(14.959375,11.1734375));
#4955 = ( GEOMETRIC_REPRESENTATION_CONTEXT(2) 
PARAMETRIC_REPRESENTATION_CONTEXT() REPRESENTATION_CONTEXT('2D SPACE',''
  ) );
#4956 = PCURVE('',#4957,#4964);
#4957 = SURFACE_OF_LINEAR_EXTRUSION('',#4958,#4962);
#4958 = B_SPLINE_CURVE_WITH_KNOTS('',2,(#4959,#4960,#4961),
  .UNSPECIFIED.,.F.,.F.,(3,3),(0.,1.),.PIECEWISE_BEZIER_KNOTS.);
#4959 = CARTESIAN_POINT('',(14.959375,74.1734375,15.95));
#4960 = CARTESIAN_POINT('',(14.7359375,74.44296875,15.95));
#4961 = CARTESIAN_POINT('',(14.7359375,75.05703125,15.95));
#4962 = VECTOR('',#4963,1.);
#4963 = DIRECTION('',(-0.,-0.,-1.));
#4964 = DEFINITIONAL_REPRESENTATION('',(#4965),#4978);
#4965 = B_SPLINE_CURVE_WITH_KNOTS('',6,(#4966,#4967,#4968,#4969,#4970,
    #4971,#4972,#4973,#4974,#4975,#4976,#4977),.UNSPECIFIED.,.F.,.F.,(7,
    5,7),(0.,0.533761686151,1.),.UNSPECIFIED.);
#4966 = CARTESIAN_POINT('',(1.,-5.E-02));
#4967 = CARTESIAN_POINT('',(0.923079753311,-5.E-02));
#4968 = CARTESIAN_POINT('',(0.843776911877,-5.E-02));
#4969 = CARTESIAN_POINT('',(0.761911016448,-5.E-02));
#4970 = CARTESIAN_POINT('',(0.677354689811,-5.E-02));
#4971 = CARTESIAN_POINT('',(0.590040266612,-5.E-02));
#4972 = CARTESIAN_POINT('',(0.421350252045,-5.E-02));
#4973 = CARTESIAN_POINT('',(0.340625452424,-5.E-02));
#4974 = CARTESIAN_POINT('',(0.257887008607,-5.E-02));
#4975 = CARTESIAN_POINT('',(0.173304255459,-5.E-02));
#4976 = CARTESIAN_POINT('',(8.717840447894E-02,-5.E-02));
#4977 = CARTESIAN_POINT('',(0.,-5.E-02));
#4978 = ( GEOMETRIC_REPRESENTATION_CONTEXT(2) 
PARAMETRIC_REPRESENTATION_CONTEXT() REPRESENTATION_CONTEXT('2D SPACE',''
  ) );
#4979 = ORIENTED_EDGE('',*,*,#4980,.F.);
#4980 = EDGE_CURVE('',#4981,#4924,#4983,.T.);
#4981 = VERTEX_POINT('',#4982);
#4982 = CARTESIAN_POINT('',(14.96875,75.96484375,16.));
#4983 = SURFACE_CURVE('',#4984,(#4997,#5013),.PCURVE_S1.);
#4984 = B_SPLINE_CURVE_WITH_KNOTS('',6,(#4985,#4986,#4987,#4988,#4989,
    #4990,#4991,#4992,#4993,#4994,#4995,#4996),.UNSPECIFIED.,.F.,.F.,(7,
    5,7),(0.,0.467745732576,1.),.UNSPECIFIED.);
#4985 = CARTESIAN_POINT('',(14.96875,75.96484375,16.));
#4986 = CARTESIAN_POINT('',(14.927974532145,75.916132117261,16.));
#4987 = CARTESIAN_POINT('',(14.891974118599,75.861535396801,16.));
#4988 = CARTESIAN_POINT('',(14.860795610467,75.801632569853,16.));
#4989 = CARTESIAN_POINT('',(14.834228924902,75.737137686539,16.));
#4990 = CARTESIAN_POINT('',(14.811967893186,75.668734852209,16.));
#4991 = CARTESIAN_POINT('',(14.772861257546,75.515395647885,16.));
#4992 = CARTESIAN_POINT('',(14.757187390514,75.429485153735,16.));
#4993 = CARTESIAN_POINT('',(14.746142667944,75.340089035517,16.));
#4994 = CARTESIAN_POINT('',(14.739211065135,75.24789618569,16.));
#4995 = CARTESIAN_POINT('',(14.7359375,75.153427860257,16.));
#4996 = CARTESIAN_POINT('',(14.7359375,75.05703125,16.));
#4997 = PCURVE('',#212,#4998);
#4998 = DEFINITIONAL_REPRESENTATION('',(#4999),#5012);
#4999 = B_SPLINE_CURVE_WITH_KNOTS('',6,(#5000,#5001,#5002,#5003,#5004,
    #5005,#5006,#5007,#5008,#5009,#5010,#5011),.UNSPECIFIED.,.F.,.F.,(7,
    5,7),(0.,0.467745732576,1.),.UNSPECIFIED.);
#5000 = CARTESIAN_POINT('',(14.96875,12.96484375));
#5001 = CARTESIAN_POINT('',(14.927974532145,12.916132117261));
#5002 = CARTESIAN_POINT('',(14.891974118599,12.861535396801));
#5003 = CARTESIAN_POINT('',(14.860795610467,12.801632569853));
#5004 = CARTESIAN_POINT('',(14.834228924902,12.737137686539));
#5005 = CARTESIAN_POINT('',(14.811967893186,12.668734852209));
#5006 = CARTESIAN_POINT('',(14.772861257546,12.515395647885));
#5007 = CARTESIAN_POINT('',(14.757187390514,12.429485153735));
#5008 = CARTESIAN_POINT('',(14.746142667944,12.340089035517));
#5009 = CARTESIAN_POINT('',(14.739211065135,12.24789618569));
#5010 = CARTESIAN_POINT('',(14.7359375,12.153427860257));
#5011 = CARTESIAN_POINT('',(14.7359375,12.05703125));
#5012 = ( GEOMETRIC_REPRESENTATION_CONTEXT(2) 
PARAMETRIC_REPRESENTATION_CONTEXT() REPRESENTATION_CONTEXT('2D SPACE',''
  ) );
#5013 = PCURVE('',#5014,#5021);
#5014 = SURFACE_OF_LINEAR_EXTRUSION('',#5015,#5019);
#5015 = B_SPLINE_CURVE_WITH_KNOTS('',2,(#5016,#5017,#5018),
  .UNSPECIFIED.,.F.,.F.,(3,3),(0.,1.),.PIECEWISE_BEZIER_KNOTS.);
#5016 = CARTESIAN_POINT('',(14.7359375,75.05703125,15.95));
#5017 = CARTESIAN_POINT('',(14.7359375,75.68671875,15.95));
#5018 = CARTESIAN_POINT('',(14.96875,75.96484375,15.95));
#5019 = VECTOR('',#5020,1.);
#5020 = DIRECTION('',(-0.,-0.,-1.));
#5021 = DEFINITIONAL_REPRESENTATION('',(#5022),#5035);
#5022 = B_SPLINE_CURVE_WITH_KNOTS('',6,(#5023,#5024,#5025,#5026,#5027,
    #5028,#5029,#5030,#5031,#5032,#5033,#5034),.UNSPECIFIED.,.F.,.F.,(7,
    5,7),(0.,0.467745732576,1.),.UNSPECIFIED.);
#5023 = CARTESIAN_POINT('',(1.,-5.E-02));
#5024 = CARTESIAN_POINT('',(0.912428525412,-5.E-02));
#5025 = CARTESIAN_POINT('',(0.825909608451,-5.E-02));
#5026 = CARTESIAN_POINT('',(0.740959163392,-5.E-02));
#5027 = CARTESIAN_POINT('',(0.657892275836,-5.E-02));
#5028 = CARTESIAN_POINT('',(0.576885041096,-5.E-02));
#5029 = CARTESIAN_POINT('',(0.408235632663,-5.E-02));
#5030 = CARTESIAN_POINT('',(0.321224944579,-5.E-02));
#5031 = CARTESIAN_POINT('',(0.236997140663,-5.E-02));
#5032 = CARTESIAN_POINT('',(0.155480487342,-5.E-02));
#5033 = CARTESIAN_POINT('',(7.654321409988E-02,-5.E-02));
#5034 = CARTESIAN_POINT('',(0.,-5.E-02));
#5035 = ( GEOMETRIC_REPRESENTATION_CONTEXT(2) 
PARAMETRIC_REPRESENTATION_CONTEXT() REPRESENTATION_CONTEXT('2D SPACE',''
  ) );
#5036 = ORIENTED_EDGE('',*,*,#5037,.F.);
#5037 = EDGE_CURVE('',#5038,#4981,#5040,.T.);
#5038 = VERTEX_POINT('',#5039);
#5039 = CARTESIAN_POINT('',(15.5734375,76.24296875,16.));
#5040 = SURFACE_CURVE('',#5041,(#5052,#5066),.PCURVE_S1.);
#5041 = B_SPLINE_CURVE_WITH_KNOTS('',5,(#5042,#5043,#5044,#5045,#5046,
    #5047,#5048,#5049,#5050,#5051),.UNSPECIFIED.,.F.,.F.,(6,4,6),(0.,
    0.534757829873,1.),.UNSPECIFIED.);
#5042 = CARTESIAN_POINT('',(15.5734375,76.24296875,16.));
#5043 = CARTESIAN_POINT('',(15.495921457132,76.24296875,16.));
#5044 = CARTESIAN_POINT('',(15.420820364889,76.235415837835,16.));
#5045 = CARTESIAN_POINT('',(15.348751476857,76.219780008008,16.));
#5046 = CARTESIAN_POINT('',(15.280303031766,76.195783976752,16.));
#5047 = CARTESIAN_POINT('',(15.159924194992,76.135711477655,16.));
#5048 = CARTESIAN_POINT('',(15.106989305111,76.101604010327,16.));
#5049 = CARTESIAN_POINT('',(15.057422583512,76.061481756719,16.));
#5050 = CARTESIAN_POINT('',(15.011342067109,76.015725548291,16.));
#5051 = CARTESIAN_POINT('',(14.96875,75.96484375,16.));
#5052 = PCURVE('',#212,#5053);
#5053 = DEFINITIONAL_REPRESENTATION('',(#5054),#5065);
#5054 = B_SPLINE_CURVE_WITH_KNOTS('',5,(#5055,#5056,#5057,#5058,#5059,
    #5060,#5061,#5062,#5063,#5064),.UNSPECIFIED.,.F.,.F.,(6,4,6),(0.,
    0.534757829873,1.),.UNSPECIFIED.);
#5055 = CARTESIAN_POINT('',(15.5734375,13.24296875));
#5056 = CARTESIAN_POINT('',(15.495921457132,13.24296875));
#5057 = CARTESIAN_POINT('',(15.420820364889,13.235415837835));
#5058 = CARTESIAN_POINT('',(15.348751476857,13.219780008008));
#5059 = CARTESIAN_POINT('',(15.280303031766,13.195783976752));
#5060 = CARTESIAN_POINT('',(15.159924194992,13.135711477655));
#5061 = CARTESIAN_POINT('',(15.106989305111,13.101604010327));
#5062 = CARTESIAN_POINT('',(15.057422583512,13.061481756719));
#5063 = CARTESIAN_POINT('',(15.011342067109,13.015725548291));
#5064 = CARTESIAN_POINT('',(14.96875,12.96484375));
#5065 = ( GEOMETRIC_REPRESENTATION_CONTEXT(2) 
PARAMETRIC_REPRESENTATION_CONTEXT() REPRESENTATION_CONTEXT('2D SPACE',''
  ) );
#5066 = PCURVE('',#5067,#5074);
#5067 = SURFACE_OF_LINEAR_EXTRUSION('',#5068,#5072);
#5068 = B_SPLINE_CURVE_WITH_KNOTS('',2,(#5069,#5070,#5071),
  .UNSPECIFIED.,.F.,.F.,(3,3),(0.,1.),.PIECEWISE_BEZIER_KNOTS.);
#5069 = CARTESIAN_POINT('',(14.96875,75.96484375,15.95));
#5070 = CARTESIAN_POINT('',(15.2015625,76.24296875,15.95));
#5071 = CARTESIAN_POINT('',(15.5734375,76.24296875,15.95));
#5072 = VECTOR('',#5073,1.);
#5073 = DIRECTION('',(-0.,-0.,-1.));
#5074 = DEFINITIONAL_REPRESENTATION('',(#5075),#5086);
#5075 = B_SPLINE_CURVE_WITH_KNOTS('',5,(#5076,#5077,#5078,#5079,#5080,
    #5081,#5082,#5083,#5084,#5085),.UNSPECIFIED.,.F.,.F.,(6,4,6),(0.,
    0.534757829873,1.),.UNSPECIFIED.);
#5076 = CARTESIAN_POINT('',(1.,-5.E-02));
#5077 = CARTESIAN_POINT('',(0.895776749086,-5.E-02));
#5078 = CARTESIAN_POINT('',(0.789722902597,-5.E-02));
#5079 = CARTESIAN_POINT('',(0.682312075108,-5.E-02));
#5080 = CARTESIAN_POINT('',(0.574148766577,-5.E-02));
#5081 = CARTESIAN_POINT('',(0.371909995052,-5.E-02));
#5082 = CARTESIAN_POINT('',(0.277807644066,-5.E-02));
#5083 = CARTESIAN_POINT('',(0.184190368903,-5.E-02));
#5084 = CARTESIAN_POINT('',(9.147289580376E-02,-5.E-02));
#5085 = CARTESIAN_POINT('',(0.,-5.E-02));
#5086 = ( GEOMETRIC_REPRESENTATION_CONTEXT(2) 
PARAMETRIC_REPRESENTATION_CONTEXT() REPRESENTATION_CONTEXT('2D SPACE',''
  ) );
#5087 = ORIENTED_EDGE('',*,*,#5088,.F.);
#5088 = EDGE_CURVE('',#5089,#5038,#5091,.T.);
#5089 = VERTEX_POINT('',#5090);
#5090 = CARTESIAN_POINT('',(16.00546875,76.096875,16.));
#5091 = SURFACE_CURVE('',#5092,(#5103,#5117),.PCURVE_S1.);
#5092 = B_SPLINE_CURVE_WITH_KNOTS('',5,(#5093,#5094,#5095,#5096,#5097,
    #5098,#5099,#5100,#5101,#5102),.UNSPECIFIED.,.F.,.F.,(6,4,6),(0.,
    0.202449699524,1.),.UNSPECIFIED.);
#5093 = CARTESIAN_POINT('',(16.00546875,76.096875,16.));
#5094 = CARTESIAN_POINT('',(15.991526330464,76.108780171019,16.));
#5095 = CARTESIAN_POINT('',(15.977196911457,76.120091053444,16.));
#5096 = CARTESIAN_POINT('',(15.962483644424,76.13080119181,16.));
#5097 = CARTESIAN_POINT('',(15.947390758898,76.140905730251,16.));
#5098 = CARTESIAN_POINT('',(15.870990564508,76.187809639082,16.));
#5099 = CARTESIAN_POINT('',(15.804241498487,76.215772944658,16.));
#5100 = CARTESIAN_POINT('',(15.732019586517,76.234075686025,16.));
#5101 = CARTESIAN_POINT('',(15.654871528302,76.24296875,16.));
#5102 = CARTESIAN_POINT('',(15.5734375,76.24296875,16.));
#5103 = PCURVE('',#212,#5104);
#5104 = DEFINITIONAL_REPRESENTATION('',(#5105),#5116);
#5105 = B_SPLINE_CURVE_WITH_KNOTS('',5,(#5106,#5107,#5108,#5109,#5110,
    #5111,#5112,#5113,#5114,#5115),.UNSPECIFIED.,.F.,.F.,(6,4,6),(0.,
    0.202449699524,1.),.UNSPECIFIED.);
#5106 = CARTESIAN_POINT('',(16.00546875,13.096875));
#5107 = CARTESIAN_POINT('',(15.991526330464,13.108780171019));
#5108 = CARTESIAN_POINT('',(15.977196911457,13.120091053444));
#5109 = CARTESIAN_POINT('',(15.962483644424,13.13080119181));
#5110 = CARTESIAN_POINT('',(15.947390758898,13.140905730251));
#5111 = CARTESIAN_POINT('',(15.870990564508,13.187809639082));
#5112 = CARTESIAN_POINT('',(15.804241498487,13.215772944658));
#5113 = CARTESIAN_POINT('',(15.732019586517,13.234075686025));
#5114 = CARTESIAN_POINT('',(15.654871528302,13.24296875));
#5115 = CARTESIAN_POINT('',(15.5734375,13.24296875));
#5116 = ( GEOMETRIC_REPRESENTATION_CONTEXT(2) 
PARAMETRIC_REPRESENTATION_CONTEXT() REPRESENTATION_CONTEXT('2D SPACE',''
  ) );
#5117 = PCURVE('',#5118,#5125);
#5118 = SURFACE_OF_LINEAR_EXTRUSION('',#5119,#5123);
#5119 = B_SPLINE_CURVE_WITH_KNOTS('',2,(#5120,#5121,#5122),
  .UNSPECIFIED.,.F.,.F.,(3,3),(0.,1.),.PIECEWISE_BEZIER_KNOTS.);
#5120 = CARTESIAN_POINT('',(15.5734375,76.24296875,15.95));
#5121 = CARTESIAN_POINT('',(15.834375,76.24296875,15.95));
#5122 = CARTESIAN_POINT('',(16.00546875,76.096875,15.95));
#5123 = VECTOR('',#5124,1.);
#5124 = DIRECTION('',(-0.,-0.,-1.));
#5125 = DEFINITIONAL_REPRESENTATION('',(#5126),#5137);
#5126 = B_SPLINE_CURVE_WITH_KNOTS('',5,(#5127,#5128,#5129,#5130,#5131,
    #5132,#5133,#5134,#5135,#5136),.UNSPECIFIED.,.F.,.F.,(6,4,6),(0.,
    0.202449699524,1.),.UNSPECIFIED.);
#5127 = CARTESIAN_POINT('',(1.,-5.E-02));
#5128 = CARTESIAN_POINT('',(0.959255029667,-5.E-02));
#5129 = CARTESIAN_POINT('',(0.918468808315,-5.E-02));
#5130 = CARTESIAN_POINT('',(0.877654981707,-5.E-02));
#5131 = CARTESIAN_POINT('',(0.836827376452,-5.E-02));
#5132 = CARTESIAN_POINT('',(0.63516060911,-5.E-02));
#5133 = CARTESIAN_POINT('',(0.474306474945,-5.E-02));
#5134 = CARTESIAN_POINT('',(0.314349380749,-5.E-02));
#5135 = CARTESIAN_POINT('',(0.156041251836,-5.E-02));
#5136 = CARTESIAN_POINT('',(0.,-5.E-02));
#5137 = ( GEOMETRIC_REPRESENTATION_CONTEXT(2) 
PARAMETRIC_REPRESENTATION_CONTEXT() REPRESENTATION_CONTEXT('2D SPACE',''
  ) );
#5138 = ORIENTED_EDGE('',*,*,#5139,.F.);
#5139 = EDGE_CURVE('',#4406,#5089,#5140,.T.);
#5140 = SURFACE_CURVE('',#5141,(#5148,#5158),.PCURVE_S1.);
#5141 = B_SPLINE_CURVE_WITH_KNOTS('',5,(#5142,#5143,#5144,#5145,#5146,
    #5147),.UNSPECIFIED.,.F.,.F.,(6,6),(0.,1.),
  .PIECEWISE_BEZIER_KNOTS.);
#5142 = CARTESIAN_POINT('',(16.2234375,75.67265625,16.));
#5143 = CARTESIAN_POINT('',(16.205267708658,75.78046367863,16.));
#5144 = CARTESIAN_POINT('',(16.175011661437,75.878369408709,16.));
#5145 = CARTESIAN_POINT('',(16.131701364975,75.96457233162,16.));
#5146 = CARTESIAN_POINT('',(16.07491172011,76.037578947897,16.));
#5147 = CARTESIAN_POINT('',(16.00546875,76.096875,16.));
#5148 = PCURVE('',#212,#5149);
#5149 = DEFINITIONAL_REPRESENTATION('',(#5150),#5157);
#5150 = B_SPLINE_CURVE_WITH_KNOTS('',5,(#5151,#5152,#5153,#5154,#5155,
    #5156),.UNSPECIFIED.,.F.,.F.,(6,6),(0.,1.),
  .PIECEWISE_BEZIER_KNOTS.);
#5151 = CARTESIAN_POINT('',(16.2234375,12.67265625));
#5152 = CARTESIAN_POINT('',(16.205267708658,12.78046367863));
#5153 = CARTESIAN_POINT('',(16.175011661437,12.878369408709));
#5154 = CARTESIAN_POINT('',(16.131701364975,12.96457233162));
#5155 = CARTESIAN_POINT('',(16.07491172011,13.037578947897));
#5156 = CARTESIAN_POINT('',(16.00546875,13.096875));
#5157 = ( GEOMETRIC_REPRESENTATION_CONTEXT(2) 
PARAMETRIC_REPRESENTATION_CONTEXT() REPRESENTATION_CONTEXT('2D SPACE',''
  ) );
#5158 = PCURVE('',#5159,#5166);
#5159 = SURFACE_OF_LINEAR_EXTRUSION('',#5160,#5164);
#5160 = B_SPLINE_CURVE_WITH_KNOTS('',2,(#5161,#5162,#5163),
  .UNSPECIFIED.,.F.,.F.,(3,3),(0.,1.),.PIECEWISE_BEZIER_KNOTS.);
#5161 = CARTESIAN_POINT('',(16.00546875,76.096875,15.95));
#5162 = CARTESIAN_POINT('',(16.1765625,75.95078125,15.95));
#5163 = CARTESIAN_POINT('',(16.2234375,75.67265625,15.95));
#5164 = VECTOR('',#5165,1.);
#5165 = DIRECTION('',(-0.,-0.,-1.));
#5166 = DEFINITIONAL_REPRESENTATION('',(#5167),#5174);
#5167 = B_SPLINE_CURVE_WITH_KNOTS('',5,(#5168,#5169,#5170,#5171,#5172,
    #5173),.UNSPECIFIED.,.F.,.F.,(6,6),(0.,1.),
  .PIECEWISE_BEZIER_KNOTS.);
#5168 = CARTESIAN_POINT('',(1.,-5.E-02));
#5169 = CARTESIAN_POINT('',(0.80618889235,-5.E-02));
#5170 = CARTESIAN_POINT('',(0.607888203746,-5.E-02));
#5171 = CARTESIAN_POINT('',(0.406275308194,-5.E-02));
#5172 = CARTESIAN_POINT('',(0.202938360139,-5.E-02));
#5173 = CARTESIAN_POINT('',(0.,-5.E-02));
#5174 = ( GEOMETRIC_REPRESENTATION_CONTEXT(2) 
PARAMETRIC_REPRESENTATION_CONTEXT() REPRESENTATION_CONTEXT('2D SPACE',''
  ) );
#5175 = ADVANCED_FACE('',(#5176,#5337,#5443,#5705,#6044,#6332),#324,.T.
  );
#5176 = FACE_BOUND('',#5177,.T.);
#5177 = EDGE_LOOP('',(#5178,#5179,#5180,#5203,#5231,#5254,#5283,#5311));
#5178 = ORIENTED_EDGE('',*,*,#308,.F.);
#5179 = ORIENTED_EDGE('',*,*,#3408,.T.);
#5180 = ORIENTED_EDGE('',*,*,#5181,.T.);
#5181 = EDGE_CURVE('',#3386,#5182,#5184,.T.);
#5182 = VERTEX_POINT('',#5183);
#5183 = CARTESIAN_POINT('',(23.5,33.,16.));
#5184 = SURFACE_CURVE('',#5185,(#5189,#5196),.PCURVE_S1.);
#5185 = LINE('',#5186,#5187);
#5186 = CARTESIAN_POINT('',(0.,33.,16.));
#5187 = VECTOR('',#5188,1.);
#5188 = DIRECTION('',(1.,0.,0.));
#5189 = PCURVE('',#324,#5190);
#5190 = DEFINITIONAL_REPRESENTATION('',(#5191),#5195);
#5191 = LINE('',#5192,#5193);
#5192 = CARTESIAN_POINT('',(0.,0.));
#5193 = VECTOR('',#5194,1.);
#5194 = DIRECTION('',(1.,0.));
#5195 = ( GEOMETRIC_REPRESENTATION_CONTEXT(2) 
PARAMETRIC_REPRESENTATION_CONTEXT() REPRESENTATION_CONTEXT('2D SPACE',''
  ) );
#5196 = PCURVE('',#3293,#5197);
#5197 = DEFINITIONAL_REPRESENTATION('',(#5198),#5202);
#5198 = LINE('',#5199,#5200);
#5199 = CARTESIAN_POINT('',(16.,0.));
#5200 = VECTOR('',#5201,1.);
#5201 = DIRECTION('',(0.,1.));
#5202 = ( GEOMETRIC_REPRESENTATION_CONTEXT(2) 
PARAMETRIC_REPRESENTATION_CONTEXT() REPRESENTATION_CONTEXT('2D SPACE',''
  ) );
#5203 = ORIENTED_EDGE('',*,*,#5204,.F.);
#5204 = EDGE_CURVE('',#5205,#5182,#5207,.T.);
#5205 = VERTEX_POINT('',#5206);
#5206 = CARTESIAN_POINT('',(26.,35.5,16.));
#5207 = SURFACE_CURVE('',#5208,(#5213,#5224),.PCURVE_S1.);
#5208 = CIRCLE('',#5209,2.5);
#5209 = AXIS2_PLACEMENT_3D('',#5210,#5211,#5212);
#5210 = CARTESIAN_POINT('',(23.5,35.5,16.));
#5211 = DIRECTION('',(-0.,-0.,-1.));
#5212 = DIRECTION('',(0.,-1.,0.));
#5213 = PCURVE('',#324,#5214);
#5214 = DEFINITIONAL_REPRESENTATION('',(#5215),#5223);
#5215 = ( BOUNDED_CURVE() B_SPLINE_CURVE(2,(#5216,#5217,#5218,#5219,
#5220,#5221,#5222),.UNSPECIFIED.,.T.,.F.) B_SPLINE_CURVE_WITH_KNOTS((1,2
    ,2,2,2,1),(-2.094395102393,0.,2.094395102393,4.188790204786,
6.28318530718,8.377580409573),.UNSPECIFIED.) CURVE() 
GEOMETRIC_REPRESENTATION_ITEM() RATIONAL_B_SPLINE_CURVE((1.,0.5,1.,0.5,
1.,0.5,1.)) REPRESENTATION_ITEM('') );
#5216 = CARTESIAN_POINT('',(23.5,0.));
#5217 = CARTESIAN_POINT('',(19.169872981078,0.));
#5218 = CARTESIAN_POINT('',(21.334936490539,3.75));
#5219 = CARTESIAN_POINT('',(23.5,7.5));
#5220 = CARTESIAN_POINT('',(25.665063509461,3.75));
#5221 = CARTESIAN_POINT('',(27.830127018922,3.996802888651E-15));
#5222 = CARTESIAN_POINT('',(23.5,0.));
#5223 = ( GEOMETRIC_REPRESENTATION_CONTEXT(2) 
PARAMETRIC_REPRESENTATION_CONTEXT() REPRESENTATION_CONTEXT('2D SPACE',''
  ) );
#5224 = PCURVE('',#3266,#5225);
#5225 = DEFINITIONAL_REPRESENTATION('',(#5226),#5230);
#5226 = LINE('',#5227,#5228);
#5227 = CARTESIAN_POINT('',(4.712388980385,16.));
#5228 = VECTOR('',#5229,1.);
#5229 = DIRECTION('',(-1.,0.));
#5230 = ( GEOMETRIC_REPRESENTATION_CONTEXT(2) 
PARAMETRIC_REPRESENTATION_CONTEXT() REPRESENTATION_CONTEXT('2D SPACE',''
  ) );
#5231 = ORIENTED_EDGE('',*,*,#5232,.T.);
#5232 = EDGE_CURVE('',#5205,#5233,#5235,.T.);
#5233 = VERTEX_POINT('',#5234);
#5234 = CARTESIAN_POINT('',(26.,54.5,16.));
#5235 = SURFACE_CURVE('',#5236,(#5240,#5247),.PCURVE_S1.);
#5236 = LINE('',#5237,#5238);
#5237 = CARTESIAN_POINT('',(26.,33.,16.));
#5238 = VECTOR('',#5239,1.);
#5239 = DIRECTION('',(0.,1.,0.));
#5240 = PCURVE('',#324,#5241);
#5241 = DEFINITIONAL_REPRESENTATION('',(#5242),#5246);
#5242 = LINE('',#5243,#5244);
#5243 = CARTESIAN_POINT('',(26.,0.));
#5244 = VECTOR('',#5245,1.);
#5245 = DIRECTION('',(0.,1.));
#5246 = ( GEOMETRIC_REPRESENTATION_CONTEXT(2) 
PARAMETRIC_REPRESENTATION_CONTEXT() REPRESENTATION_CONTEXT('2D SPACE',''
  ) );
#5247 = PCURVE('',#684,#5248);
#5248 = DEFINITIONAL_REPRESENTATION('',(#5249),#5253);
#5249 = LINE('',#5250,#5251);
#5250 = CARTESIAN_POINT('',(16.,-33.));
#5251 = VECTOR('',#5252,1.);
#5252 = DIRECTION('',(0.,-1.));
#5253 = ( GEOMETRIC_REPRESENTATION_CONTEXT(2) 
PARAMETRIC_REPRESENTATION_CONTEXT() REPRESENTATION_CONTEXT('2D SPACE',''
  ) );
#5254 = ORIENTED_EDGE('',*,*,#5255,.T.);
#5255 = EDGE_CURVE('',#5233,#5256,#5258,.T.);
#5256 = VERTEX_POINT('',#5257);
#5257 = CARTESIAN_POINT('',(23.5,57.,16.));
#5258 = SURFACE_CURVE('',#5259,(#5264,#5271),.PCURVE_S1.);
#5259 = CIRCLE('',#5260,2.5);
#5260 = AXIS2_PLACEMENT_3D('',#5261,#5262,#5263);
#5261 = CARTESIAN_POINT('',(23.5,54.5,16.));
#5262 = DIRECTION('',(0.,0.,1.));
#5263 = DIRECTION('',(0.,-1.,0.));
#5264 = PCURVE('',#324,#5265);
#5265 = DEFINITIONAL_REPRESENTATION('',(#5266),#5270);
#5266 = CIRCLE('',#5267,2.5);
#5267 = AXIS2_PLACEMENT_2D('',#5268,#5269);
#5268 = CARTESIAN_POINT('',(23.5,21.5));
#5269 = DIRECTION('',(0.,-1.));
#5270 = ( GEOMETRIC_REPRESENTATION_CONTEXT(2) 
PARAMETRIC_REPRESENTATION_CONTEXT() REPRESENTATION_CONTEXT('2D SPACE',''
  ) );
#5271 = PCURVE('',#5272,#5277);
#5272 = CYLINDRICAL_SURFACE('',#5273,2.5);
#5273 = AXIS2_PLACEMENT_3D('',#5274,#5275,#5276);
#5274 = CARTESIAN_POINT('',(23.5,54.5,0.));
#5275 = DIRECTION('',(0.,0.,1.));
#5276 = DIRECTION('',(1.,0.,-0.));
#5277 = DEFINITIONAL_REPRESENTATION('',(#5278),#5282);
#5278 = LINE('',#5279,#5280);
#5279 = CARTESIAN_POINT('',(-1.570796326795,16.));
#5280 = VECTOR('',#5281,1.);
#5281 = DIRECTION('',(1.,0.));
#5282 = ( GEOMETRIC_REPRESENTATION_CONTEXT(2) 
PARAMETRIC_REPRESENTATION_CONTEXT() REPRESENTATION_CONTEXT('2D SPACE',''
  ) );
#5283 = ORIENTED_EDGE('',*,*,#5284,.F.);
#5284 = EDGE_CURVE('',#5285,#5256,#5287,.T.);
#5285 = VERTEX_POINT('',#5286);
#5286 = CARTESIAN_POINT('',(2.5,57.,16.));
#5287 = SURFACE_CURVE('',#5288,(#5292,#5299),.PCURVE_S1.);
#5288 = LINE('',#5289,#5290);
#5289 = CARTESIAN_POINT('',(0.,57.,16.));
#5290 = VECTOR('',#5291,1.);
#5291 = DIRECTION('',(1.,0.,0.));
#5292 = PCURVE('',#324,#5293);
#5293 = DEFINITIONAL_REPRESENTATION('',(#5294),#5298);
#5294 = LINE('',#5295,#5296);
#5295 = CARTESIAN_POINT('',(0.,24.));
#5296 = VECTOR('',#5297,1.);
#5297 = DIRECTION('',(1.,0.));
#5298 = ( GEOMETRIC_REPRESENTATION_CONTEXT(2) 
PARAMETRIC_REPRESENTATION_CONTEXT() REPRESENTATION_CONTEXT('2D SPACE',''
  ) );
#5299 = PCURVE('',#5300,#5305);
#5300 = PLANE('',#5301);
#5301 = AXIS2_PLACEMENT_3D('',#5302,#5303,#5304);
#5302 = CARTESIAN_POINT('',(0.,57.,0.));
#5303 = DIRECTION('',(0.,1.,0.));
#5304 = DIRECTION('',(0.,0.,1.));
#5305 = DEFINITIONAL_REPRESENTATION('',(#5306),#5310);
#5306 = LINE('',#5307,#5308);
#5307 = CARTESIAN_POINT('',(16.,0.));
#5308 = VECTOR('',#5309,1.);
#5309 = DIRECTION('',(0.,1.));
#5310 = ( GEOMETRIC_REPRESENTATION_CONTEXT(2) 
PARAMETRIC_REPRESENTATION_CONTEXT() REPRESENTATION_CONTEXT('2D SPACE',''
  ) );
#5311 = ORIENTED_EDGE('',*,*,#5312,.F.);
#5312 = EDGE_CURVE('',#281,#5285,#5313,.T.);
#5313 = SURFACE_CURVE('',#5314,(#5319,#5330),.PCURVE_S1.);
#5314 = CIRCLE('',#5315,2.5);
#5315 = AXIS2_PLACEMENT_3D('',#5316,#5317,#5318);
#5316 = CARTESIAN_POINT('',(2.5,54.5,16.));
#5317 = DIRECTION('',(-0.,-0.,-1.));
#5318 = DIRECTION('',(0.,-1.,0.));
#5319 = PCURVE('',#324,#5320);
#5320 = DEFINITIONAL_REPRESENTATION('',(#5321),#5329);
#5321 = ( BOUNDED_CURVE() B_SPLINE_CURVE(2,(#5322,#5323,#5324,#5325,
#5326,#5327,#5328),.UNSPECIFIED.,.T.,.F.) B_SPLINE_CURVE_WITH_KNOTS((1,2
    ,2,2,2,1),(-2.094395102393,0.,2.094395102393,4.188790204786,
6.28318530718,8.377580409573),.UNSPECIFIED.) CURVE() 
GEOMETRIC_REPRESENTATION_ITEM() RATIONAL_B_SPLINE_CURVE((1.,0.5,1.,0.5,
1.,0.5,1.)) REPRESENTATION_ITEM('') );
#5322 = CARTESIAN_POINT('',(2.5,19.));
#5323 = CARTESIAN_POINT('',(-1.830127018922,19.));
#5324 = CARTESIAN_POINT('',(0.334936490539,22.75));
#5325 = CARTESIAN_POINT('',(2.5,26.5));
#5326 = CARTESIAN_POINT('',(4.665063509461,22.75));
#5327 = CARTESIAN_POINT('',(6.830127018922,19.));
#5328 = CARTESIAN_POINT('',(2.5,19.));
#5329 = ( GEOMETRIC_REPRESENTATION_CONTEXT(2) 
PARAMETRIC_REPRESENTATION_CONTEXT() REPRESENTATION_CONTEXT('2D SPACE',''
  ) );
#5330 = PCURVE('',#296,#5331);
#5331 = DEFINITIONAL_REPRESENTATION('',(#5332),#5336);
#5332 = LINE('',#5333,#5334);
#5333 = CARTESIAN_POINT('',(1.570796326795,16.));
#5334 = VECTOR('',#5335,1.);
#5335 = DIRECTION('',(-1.,0.));
#5336 = ( GEOMETRIC_REPRESENTATION_CONTEXT(2) 
PARAMETRIC_REPRESENTATION_CONTEXT() REPRESENTATION_CONTEXT('2D SPACE',''
  ) );
#5337 = FACE_BOUND('',#5338,.T.);
#5338 = EDGE_LOOP('',(#5339,#5367,#5393,#5419));
#5339 = ORIENTED_EDGE('',*,*,#5340,.F.);
#5340 = EDGE_CURVE('',#5341,#5343,#5345,.T.);
#5341 = VERTEX_POINT('',#5342);
#5342 = CARTESIAN_POINT('',(13.940625,43.94296875,16.));
#5343 = VERTEX_POINT('',#5344);
#5344 = CARTESIAN_POINT('',(14.3796875,43.94296875,16.));
#5345 = SURFACE_CURVE('',#5346,(#5350,#5356),.PCURVE_S1.);
#5346 = LINE('',#5347,#5348);
#5347 = CARTESIAN_POINT('',(7.18984375,43.94296875,16.));
#5348 = VECTOR('',#5349,1.);
#5349 = DIRECTION('',(1.,0.,-0.));
#5350 = PCURVE('',#324,#5351);
#5351 = DEFINITIONAL_REPRESENTATION('',(#5352),#5355);
#5352 = B_SPLINE_CURVE_WITH_KNOTS('',1,(#5353,#5354),.UNSPECIFIED.,.F.,
  .F.,(2,2),(6.75078125,7.18984375),.PIECEWISE_BEZIER_KNOTS.);
#5353 = CARTESIAN_POINT('',(13.940625,10.94296875));
#5354 = CARTESIAN_POINT('',(14.3796875,10.94296875));
#5355 = ( GEOMETRIC_REPRESENTATION_CONTEXT(2) 
PARAMETRIC_REPRESENTATION_CONTEXT() REPRESENTATION_CONTEXT('2D SPACE',''
  ) );
#5356 = PCURVE('',#5357,#5362);
#5357 = PLANE('',#5358);
#5358 = AXIS2_PLACEMENT_3D('',#5359,#5360,#5361);
#5359 = CARTESIAN_POINT('',(14.3796875,43.94296875,15.95));
#5360 = DIRECTION('',(0.,-1.,0.));
#5361 = DIRECTION('',(-1.,0.,0.));
#5362 = DEFINITIONAL_REPRESENTATION('',(#5363),#5366);
#5363 = B_SPLINE_CURVE_WITH_KNOTS('',1,(#5364,#5365),.UNSPECIFIED.,.F.,
  .F.,(2,2),(6.75078125,7.18984375),.PIECEWISE_BEZIER_KNOTS.);
#5364 = CARTESIAN_POINT('',(0.4390625,-5.E-02));
#5365 = CARTESIAN_POINT('',(0.,-5.E-02));
#5366 = ( GEOMETRIC_REPRESENTATION_CONTEXT(2) 
PARAMETRIC_REPRESENTATION_CONTEXT() REPRESENTATION_CONTEXT('2D SPACE',''
  ) );
#5367 = ORIENTED_EDGE('',*,*,#5368,.F.);
#5368 = EDGE_CURVE('',#5369,#5341,#5371,.T.);
#5369 = VERTEX_POINT('',#5370);
#5370 = CARTESIAN_POINT('',(13.940625,44.38203125,16.));
#5371 = SURFACE_CURVE('',#5372,(#5376,#5382),.PCURVE_S1.);
#5372 = LINE('',#5373,#5374);
#5373 = CARTESIAN_POINT('',(13.940625,38.471484375,16.));
#5374 = VECTOR('',#5375,1.);
#5375 = DIRECTION('',(0.,-1.,0.));
#5376 = PCURVE('',#324,#5377);
#5377 = DEFINITIONAL_REPRESENTATION('',(#5378),#5381);
#5378 = B_SPLINE_CURVE_WITH_KNOTS('',1,(#5379,#5380),.UNSPECIFIED.,.F.,
  .F.,(2,2),(-5.910546875,-5.471484375),.PIECEWISE_BEZIER_KNOTS.);
#5379 = CARTESIAN_POINT('',(13.940625,11.38203125));
#5380 = CARTESIAN_POINT('',(13.940625,10.94296875));
#5381 = ( GEOMETRIC_REPRESENTATION_CONTEXT(2) 
PARAMETRIC_REPRESENTATION_CONTEXT() REPRESENTATION_CONTEXT('2D SPACE',''
  ) );
#5382 = PCURVE('',#5383,#5388);
#5383 = PLANE('',#5384);
#5384 = AXIS2_PLACEMENT_3D('',#5385,#5386,#5387);
#5385 = CARTESIAN_POINT('',(13.940625,43.94296875,15.95));
#5386 = DIRECTION('',(-1.,0.,0.));
#5387 = DIRECTION('',(0.,1.,0.));
#5388 = DEFINITIONAL_REPRESENTATION('',(#5389),#5392);
#5389 = B_SPLINE_CURVE_WITH_KNOTS('',1,(#5390,#5391),.UNSPECIFIED.,.F.,
  .F.,(2,2),(-5.910546875,-5.471484375),.PIECEWISE_BEZIER_KNOTS.);
#5390 = CARTESIAN_POINT('',(0.4390625,-5.E-02));
#5391 = CARTESIAN_POINT('',(0.,-5.E-02));
#5392 = ( GEOMETRIC_REPRESENTATION_CONTEXT(2) 
PARAMETRIC_REPRESENTATION_CONTEXT() REPRESENTATION_CONTEXT('2D SPACE',''
  ) );
#5393 = ORIENTED_EDGE('',*,*,#5394,.F.);
#5394 = EDGE_CURVE('',#5395,#5369,#5397,.T.);
#5395 = VERTEX_POINT('',#5396);
#5396 = CARTESIAN_POINT('',(14.3796875,44.38203125,16.));
#5397 = SURFACE_CURVE('',#5398,(#5402,#5408),.PCURVE_S1.);
#5398 = LINE('',#5399,#5400);
#5399 = CARTESIAN_POINT('',(6.9703125,44.38203125,16.));
#5400 = VECTOR('',#5401,1.);
#5401 = DIRECTION('',(-1.,0.,0.));
#5402 = PCURVE('',#324,#5403);
#5403 = DEFINITIONAL_REPRESENTATION('',(#5404),#5407);
#5404 = B_SPLINE_CURVE_WITH_KNOTS('',1,(#5405,#5406),.UNSPECIFIED.,.F.,
  .F.,(2,2),(-7.409375,-6.9703125),.PIECEWISE_BEZIER_KNOTS.);
#5405 = CARTESIAN_POINT('',(14.3796875,11.38203125));
#5406 = CARTESIAN_POINT('',(13.940625,11.38203125));
#5407 = ( GEOMETRIC_REPRESENTATION_CONTEXT(2) 
PARAMETRIC_REPRESENTATION_CONTEXT() REPRESENTATION_CONTEXT('2D SPACE',''
  ) );
#5408 = PCURVE('',#5409,#5414);
#5409 = PLANE('',#5410);
#5410 = AXIS2_PLACEMENT_3D('',#5411,#5412,#5413);
#5411 = CARTESIAN_POINT('',(13.940625,44.38203125,15.95));
#5412 = DIRECTION('',(0.,1.,0.));
#5413 = DIRECTION('',(1.,0.,0.));
#5414 = DEFINITIONAL_REPRESENTATION('',(#5415),#5418);
#5415 = B_SPLINE_CURVE_WITH_KNOTS('',1,(#5416,#5417),.UNSPECIFIED.,.F.,
  .F.,(2,2),(-7.409375,-6.9703125),.PIECEWISE_BEZIER_KNOTS.);
#5416 = CARTESIAN_POINT('',(0.4390625,-5.E-02));
#5417 = CARTESIAN_POINT('',(0.,-5.E-02));
#5418 = ( GEOMETRIC_REPRESENTATION_CONTEXT(2) 
PARAMETRIC_REPRESENTATION_CONTEXT() REPRESENTATION_CONTEXT('2D SPACE',''
  ) );
#5419 = ORIENTED_EDGE('',*,*,#5420,.F.);
#5420 = EDGE_CURVE('',#5343,#5395,#5421,.T.);
#5421 = SURFACE_CURVE('',#5422,(#5426,#5432),.PCURVE_S1.);
#5422 = LINE('',#5423,#5424);
#5423 = CARTESIAN_POINT('',(14.3796875,38.691015625,16.));
#5424 = VECTOR('',#5425,1.);
#5425 = DIRECTION('',(0.,1.,0.));
#5426 = PCURVE('',#324,#5427);
#5427 = DEFINITIONAL_REPRESENTATION('',(#5428),#5431);
#5428 = B_SPLINE_CURVE_WITH_KNOTS('',1,(#5429,#5430),.UNSPECIFIED.,.F.,
  .F.,(2,2),(5.251953125,5.691015625),.PIECEWISE_BEZIER_KNOTS.);
#5429 = CARTESIAN_POINT('',(14.3796875,10.94296875));
#5430 = CARTESIAN_POINT('',(14.3796875,11.38203125));
#5431 = ( GEOMETRIC_REPRESENTATION_CONTEXT(2) 
PARAMETRIC_REPRESENTATION_CONTEXT() REPRESENTATION_CONTEXT('2D SPACE',''
  ) );
#5432 = PCURVE('',#5433,#5438);
#5433 = PLANE('',#5434);
#5434 = AXIS2_PLACEMENT_3D('',#5435,#5436,#5437);
#5435 = CARTESIAN_POINT('',(14.3796875,44.38203125,15.95));
#5436 = DIRECTION('',(1.,0.,0.));
#5437 = DIRECTION('',(0.,-1.,0.));
#5438 = DEFINITIONAL_REPRESENTATION('',(#5439),#5442);
#5439 = B_SPLINE_CURVE_WITH_KNOTS('',1,(#5440,#5441),.UNSPECIFIED.,.F.,
  .F.,(2,2),(5.251953125,5.691015625),.PIECEWISE_BEZIER_KNOTS.);
#5440 = CARTESIAN_POINT('',(0.4390625,-5.E-02));
#5441 = CARTESIAN_POINT('',(0.,-5.E-02));
#5442 = ( GEOMETRIC_REPRESENTATION_CONTEXT(2) 
PARAMETRIC_REPRESENTATION_CONTEXT() REPRESENTATION_CONTEXT('2D SPACE',''
  ) );
#5443 = FACE_BOUND('',#5444,.T.);
#5444 = EDGE_LOOP('',(#5445,#5473,#5499,#5525,#5551,#5577,#5603,#5629,
    #5655,#5681));
#5445 = ORIENTED_EDGE('',*,*,#5446,.F.);
#5446 = EDGE_CURVE('',#5447,#5449,#5451,.T.);
#5447 = VERTEX_POINT('',#5448);
#5448 = CARTESIAN_POINT('',(9.8578125,43.94296875,16.));
#5449 = VERTEX_POINT('',#5450);
#5450 = CARTESIAN_POINT('',(10.2875,43.94296875,16.));
#5451 = SURFACE_CURVE('',#5452,(#5456,#5462),.PCURVE_S1.);
#5452 = LINE('',#5453,#5454);
#5453 = CARTESIAN_POINT('',(5.14375,43.94296875,16.));
#5454 = VECTOR('',#5455,1.);
#5455 = DIRECTION('',(1.,0.,-0.));
#5456 = PCURVE('',#324,#5457);
#5457 = DEFINITIONAL_REPRESENTATION('',(#5458),#5461);
#5458 = B_SPLINE_CURVE_WITH_KNOTS('',1,(#5459,#5460),.UNSPECIFIED.,.F.,
  .F.,(2,2),(4.7140625,5.14375),.PIECEWISE_BEZIER_KNOTS.);
#5459 = CARTESIAN_POINT('',(9.8578125,10.94296875));
#5460 = CARTESIAN_POINT('',(10.2875,10.94296875));
#5461 = ( GEOMETRIC_REPRESENTATION_CONTEXT(2) 
PARAMETRIC_REPRESENTATION_CONTEXT() REPRESENTATION_CONTEXT('2D SPACE',''
  ) );
#5462 = PCURVE('',#5463,#5468);
#5463 = PLANE('',#5464);
#5464 = AXIS2_PLACEMENT_3D('',#5465,#5466,#5467);
#5465 = CARTESIAN_POINT('',(10.2875,43.94296875,15.95));
#5466 = DIRECTION('',(0.,-1.,0.));
#5467 = DIRECTION('',(-1.,0.,0.));
#5468 = DEFINITIONAL_REPRESENTATION('',(#5469),#5472);
#5469 = B_SPLINE_CURVE_WITH_KNOTS('',1,(#5470,#5471),.UNSPECIFIED.,.F.,
  .F.,(2,2),(4.7140625,5.14375),.PIECEWISE_BEZIER_KNOTS.);
#5470 = CARTESIAN_POINT('',(0.4296875,-5.E-02));
#5471 = CARTESIAN_POINT('',(0.,-5.E-02));
#5472 = ( GEOMETRIC_REPRESENTATION_CONTEXT(2) 
PARAMETRIC_REPRESENTATION_CONTEXT() REPRESENTATION_CONTEXT('2D SPACE',''
  ) );
#5473 = ORIENTED_EDGE('',*,*,#5474,.F.);
#5474 = EDGE_CURVE('',#5475,#5447,#5477,.T.);
#5475 = VERTEX_POINT('',#5476);
#5476 = CARTESIAN_POINT('',(9.8578125,46.23359375,16.));
#5477 = SURFACE_CURVE('',#5478,(#5482,#5488),.PCURVE_S1.);
#5478 = LINE('',#5479,#5480);
#5479 = CARTESIAN_POINT('',(9.8578125,38.471484375,16.));
#5480 = VECTOR('',#5481,1.);
#5481 = DIRECTION('',(0.,-1.,0.));
#5482 = PCURVE('',#324,#5483);
#5483 = DEFINITIONAL_REPRESENTATION('',(#5484),#5487);
#5484 = B_SPLINE_CURVE_WITH_KNOTS('',1,(#5485,#5486),.UNSPECIFIED.,.F.,
  .F.,(2,2),(-7.762109375,-5.471484375),.PIECEWISE_BEZIER_KNOTS.);
#5485 = CARTESIAN_POINT('',(9.8578125,13.23359375));
#5486 = CARTESIAN_POINT('',(9.8578125,10.94296875));
#5487 = ( GEOMETRIC_REPRESENTATION_CONTEXT(2) 
PARAMETRIC_REPRESENTATION_CONTEXT() REPRESENTATION_CONTEXT('2D SPACE',''
  ) );
#5488 = PCURVE('',#5489,#5494);
#5489 = PLANE('',#5490);
#5490 = AXIS2_PLACEMENT_3D('',#5491,#5492,#5493);
#5491 = CARTESIAN_POINT('',(9.8578125,43.94296875,15.95));
#5492 = DIRECTION('',(-1.,0.,0.));
#5493 = DIRECTION('',(0.,1.,0.));
#5494 = DEFINITIONAL_REPRESENTATION('',(#5495),#5498);
#5495 = B_SPLINE_CURVE_WITH_KNOTS('',1,(#5496,#5497),.UNSPECIFIED.,.F.,
  .F.,(2,2),(-7.762109375,-5.471484375),.PIECEWISE_BEZIER_KNOTS.);
#5496 = CARTESIAN_POINT('',(2.290625,-5.E-02));
#5497 = CARTESIAN_POINT('',(0.,-5.E-02));
#5498 = ( GEOMETRIC_REPRESENTATION_CONTEXT(2) 
PARAMETRIC_REPRESENTATION_CONTEXT() REPRESENTATION_CONTEXT('2D SPACE',''
  ) );
#5499 = ORIENTED_EDGE('',*,*,#5500,.F.);
#5500 = EDGE_CURVE('',#5501,#5475,#5503,.T.);
#5501 = VERTEX_POINT('',#5502);
#5502 = CARTESIAN_POINT('',(10.3078125,46.23359375,16.));
#5503 = SURFACE_CURVE('',#5504,(#5508,#5514),.PCURVE_S1.);
#5504 = LINE('',#5505,#5506);
#5505 = CARTESIAN_POINT('',(4.92890625,46.23359375,16.));
#5506 = VECTOR('',#5507,1.);
#5507 = DIRECTION('',(-1.,0.,0.));
#5508 = PCURVE('',#324,#5509);
#5509 = DEFINITIONAL_REPRESENTATION('',(#5510),#5513);
#5510 = B_SPLINE_CURVE_WITH_KNOTS('',1,(#5511,#5512),.UNSPECIFIED.,.F.,
  .F.,(2,2),(-5.37890625,-4.92890625),.PIECEWISE_BEZIER_KNOTS.);
#5511 = CARTESIAN_POINT('',(10.3078125,13.23359375));
#5512 = CARTESIAN_POINT('',(9.8578125,13.23359375));
#5513 = ( GEOMETRIC_REPRESENTATION_CONTEXT(2) 
PARAMETRIC_REPRESENTATION_CONTEXT() REPRESENTATION_CONTEXT('2D SPACE',''
  ) );
#5514 = PCURVE('',#5515,#5520);
#5515 = PLANE('',#5516);
#5516 = AXIS2_PLACEMENT_3D('',#5517,#5518,#5519);
#5517 = CARTESIAN_POINT('',(9.8578125,46.23359375,15.95));
#5518 = DIRECTION('',(0.,1.,0.));
#5519 = DIRECTION('',(1.,0.,0.));
#5520 = DEFINITIONAL_REPRESENTATION('',(#5521),#5524);
#5521 = B_SPLINE_CURVE_WITH_KNOTS('',1,(#5522,#5523),.UNSPECIFIED.,.F.,
  .F.,(2,2),(-5.37890625,-4.92890625),.PIECEWISE_BEZIER_KNOTS.);
#5522 = CARTESIAN_POINT('',(0.45,-5.E-02));
#5523 = CARTESIAN_POINT('',(0.,-5.E-02));
#5524 = ( GEOMETRIC_REPRESENTATION_CONTEXT(2) 
PARAMETRIC_REPRESENTATION_CONTEXT() REPRESENTATION_CONTEXT('2D SPACE',''
  ) );
#5525 = ORIENTED_EDGE('',*,*,#5526,.F.);
#5526 = EDGE_CURVE('',#5527,#5501,#5529,.T.);
#5527 = VERTEX_POINT('',#5528);
#5528 = CARTESIAN_POINT('',(11.2453125,44.70390625,16.));
#5529 = SURFACE_CURVE('',#5530,(#5534,#5540),.PCURVE_S1.);
#5530 = LINE('',#5531,#5532);
#5531 = CARTESIAN_POINT('',(11.848495954455,43.719711913481,16.));
#5532 = VECTOR('',#5533,1.);
#5533 = DIRECTION('',(-0.522541635703,0.852613768923,0.));
#5534 = PCURVE('',#324,#5535);
#5535 = DEFINITIONAL_REPRESENTATION('',(#5536),#5539);
#5536 = B_SPLINE_CURVE_WITH_KNOTS('',1,(#5537,#5538),.UNSPECIFIED.,.F.,
  .F.,(2,2),(1.154326111532,2.948441519653),.PIECEWISE_BEZIER_KNOTS.);
#5537 = CARTESIAN_POINT('',(11.2453125,11.70390625));
#5538 = CARTESIAN_POINT('',(10.3078125,13.23359375));
#5539 = ( GEOMETRIC_REPRESENTATION_CONTEXT(2) 
PARAMETRIC_REPRESENTATION_CONTEXT() REPRESENTATION_CONTEXT('2D SPACE',''
  ) );
#5540 = PCURVE('',#5541,#5546);
#5541 = PLANE('',#5542);
#5542 = AXIS2_PLACEMENT_3D('',#5543,#5544,#5545);
#5543 = CARTESIAN_POINT('',(10.3078125,46.23359375,15.95));
#5544 = DIRECTION('',(0.852613768923,0.522541635703,0.));
#5545 = DIRECTION('',(0.522541635703,-0.852613768923,0.));
#5546 = DEFINITIONAL_REPRESENTATION('',(#5547),#5550);
#5547 = B_SPLINE_CURVE_WITH_KNOTS('',1,(#5548,#5549),.UNSPECIFIED.,.F.,
  .F.,(2,2),(1.154326111532,2.948441519653),.PIECEWISE_BEZIER_KNOTS.);
#5548 = CARTESIAN_POINT('',(1.794115408121,-5.E-02));
#5549 = CARTESIAN_POINT('',(0.,-5.E-02));
#5550 = ( GEOMETRIC_REPRESENTATION_CONTEXT(2) 
PARAMETRIC_REPRESENTATION_CONTEXT() REPRESENTATION_CONTEXT('2D SPACE',''
  ) );
#5551 = ORIENTED_EDGE('',*,*,#5552,.F.);
#5552 = EDGE_CURVE('',#5553,#5527,#5555,.T.);
#5553 = VERTEX_POINT('',#5554);
#5554 = CARTESIAN_POINT('',(11.2453125,46.23359375,16.));
#5555 = SURFACE_CURVE('',#5556,(#5560,#5566),.PCURVE_S1.);
#5556 = LINE('',#5557,#5558);
#5557 = CARTESIAN_POINT('',(11.2453125,38.851953125,16.));
#5558 = VECTOR('',#5559,1.);
#5559 = DIRECTION('',(0.,-1.,0.));
#5560 = PCURVE('',#324,#5561);
#5561 = DEFINITIONAL_REPRESENTATION('',(#5562),#5565);
#5562 = B_SPLINE_CURVE_WITH_KNOTS('',1,(#5563,#5564),.UNSPECIFIED.,.F.,
  .F.,(2,2),(-7.381640625,-5.851953125),.PIECEWISE_BEZIER_KNOTS.);
#5563 = CARTESIAN_POINT('',(11.2453125,13.23359375));
#5564 = CARTESIAN_POINT('',(11.2453125,11.70390625));
#5565 = ( GEOMETRIC_REPRESENTATION_CONTEXT(2) 
PARAMETRIC_REPRESENTATION_CONTEXT() REPRESENTATION_CONTEXT('2D SPACE',''
  ) );
#5566 = PCURVE('',#5567,#5572);
#5567 = PLANE('',#5568);
#5568 = AXIS2_PLACEMENT_3D('',#5569,#5570,#5571);
#5569 = CARTESIAN_POINT('',(11.2453125,44.70390625,15.95));
#5570 = DIRECTION('',(-1.,0.,0.));
#5571 = DIRECTION('',(0.,1.,0.));
#5572 = DEFINITIONAL_REPRESENTATION('',(#5573),#5576);
#5573 = B_SPLINE_CURVE_WITH_KNOTS('',1,(#5574,#5575),.UNSPECIFIED.,.F.,
  .F.,(2,2),(-7.381640625,-5.851953125),.PIECEWISE_BEZIER_KNOTS.);
#5574 = CARTESIAN_POINT('',(1.5296875,-5.E-02));
#5575 = CARTESIAN_POINT('',(0.,-5.E-02));
#5576 = ( GEOMETRIC_REPRESENTATION_CONTEXT(2) 
PARAMETRIC_REPRESENTATION_CONTEXT() REPRESENTATION_CONTEXT('2D SPACE',''
  ) );
#5577 = ORIENTED_EDGE('',*,*,#5578,.F.);
#5578 = EDGE_CURVE('',#5579,#5553,#5581,.T.);
#5579 = VERTEX_POINT('',#5580);
#5580 = CARTESIAN_POINT('',(11.675,46.23359375,16.));
#5581 = SURFACE_CURVE('',#5582,(#5586,#5592),.PCURVE_S1.);
#5582 = LINE('',#5583,#5584);
#5583 = CARTESIAN_POINT('',(5.62265625,46.23359375,16.));
#5584 = VECTOR('',#5585,1.);
#5585 = DIRECTION('',(-1.,0.,0.));
#5586 = PCURVE('',#324,#5587);
#5587 = DEFINITIONAL_REPRESENTATION('',(#5588),#5591);
#5588 = B_SPLINE_CURVE_WITH_KNOTS('',1,(#5589,#5590),.UNSPECIFIED.,.F.,
  .F.,(2,2),(-6.05234375,-5.62265625),.PIECEWISE_BEZIER_KNOTS.);
#5589 = CARTESIAN_POINT('',(11.675,13.23359375));
#5590 = CARTESIAN_POINT('',(11.2453125,13.23359375));
#5591 = ( GEOMETRIC_REPRESENTATION_CONTEXT(2) 
PARAMETRIC_REPRESENTATION_CONTEXT() REPRESENTATION_CONTEXT('2D SPACE',''
  ) );
#5592 = PCURVE('',#5593,#5598);
#5593 = PLANE('',#5594);
#5594 = AXIS2_PLACEMENT_3D('',#5595,#5596,#5597);
#5595 = CARTESIAN_POINT('',(11.2453125,46.23359375,15.95));
#5596 = DIRECTION('',(0.,1.,0.));
#5597 = DIRECTION('',(1.,0.,0.));
#5598 = DEFINITIONAL_REPRESENTATION('',(#5599),#5602);
#5599 = B_SPLINE_CURVE_WITH_KNOTS('',1,(#5600,#5601),.UNSPECIFIED.,.F.,
  .F.,(2,2),(-6.05234375,-5.62265625),.PIECEWISE_BEZIER_KNOTS.);
#5600 = CARTESIAN_POINT('',(0.4296875,-5.E-02));
#5601 = CARTESIAN_POINT('',(0.,-5.E-02));
#5602 = ( GEOMETRIC_REPRESENTATION_CONTEXT(2) 
PARAMETRIC_REPRESENTATION_CONTEXT() REPRESENTATION_CONTEXT('2D SPACE',''
  ) );
#5603 = ORIENTED_EDGE('',*,*,#5604,.F.);
#5604 = EDGE_CURVE('',#5605,#5579,#5607,.T.);
#5605 = VERTEX_POINT('',#5606);
#5606 = CARTESIAN_POINT('',(11.675,43.94296875,16.));
#5607 = SURFACE_CURVE('',#5608,(#5612,#5618),.PCURVE_S1.);
#5608 = LINE('',#5609,#5610);
#5609 = CARTESIAN_POINT('',(11.675,39.616796875,16.));
#5610 = VECTOR('',#5611,1.);
#5611 = DIRECTION('',(0.,1.,0.));
#5612 = PCURVE('',#324,#5613);
#5613 = DEFINITIONAL_REPRESENTATION('',(#5614),#5617);
#5614 = B_SPLINE_CURVE_WITH_KNOTS('',1,(#5615,#5616),.UNSPECIFIED.,.F.,
  .F.,(2,2),(4.326171875,6.616796875),.PIECEWISE_BEZIER_KNOTS.);
#5615 = CARTESIAN_POINT('',(11.675,10.94296875));
#5616 = CARTESIAN_POINT('',(11.675,13.23359375));
#5617 = ( GEOMETRIC_REPRESENTATION_CONTEXT(2) 
PARAMETRIC_REPRESENTATION_CONTEXT() REPRESENTATION_CONTEXT('2D SPACE',''
  ) );
#5618 = PCURVE('',#5619,#5624);
#5619 = PLANE('',#5620);
#5620 = AXIS2_PLACEMENT_3D('',#5621,#5622,#5623);
#5621 = CARTESIAN_POINT('',(11.675,46.23359375,15.95));
#5622 = DIRECTION('',(1.,0.,0.));
#5623 = DIRECTION('',(0.,-1.,0.));
#5624 = DEFINITIONAL_REPRESENTATION('',(#5625),#5628);
#5625 = B_SPLINE_CURVE_WITH_KNOTS('',1,(#5626,#5627),.UNSPECIFIED.,.F.,
  .F.,(2,2),(4.326171875,6.616796875),.PIECEWISE_BEZIER_KNOTS.);
#5626 = CARTESIAN_POINT('',(2.290625,-5.E-02));
#5627 = CARTESIAN_POINT('',(0.,-5.E-02));
#5628 = ( GEOMETRIC_REPRESENTATION_CONTEXT(2) 
PARAMETRIC_REPRESENTATION_CONTEXT() REPRESENTATION_CONTEXT('2D SPACE',''
  ) );
#5629 = ORIENTED_EDGE('',*,*,#5630,.F.);
#5630 = EDGE_CURVE('',#5631,#5605,#5633,.T.);
#5631 = VERTEX_POINT('',#5632);
#5632 = CARTESIAN_POINT('',(11.2109375,43.94296875,16.));
#5633 = SURFACE_CURVE('',#5634,(#5638,#5644),.PCURVE_S1.);
#5634 = LINE('',#5635,#5636);
#5635 = CARTESIAN_POINT('',(5.8375,43.94296875,16.));
#5636 = VECTOR('',#5637,1.);
#5637 = DIRECTION('',(1.,0.,-0.));
#5638 = PCURVE('',#324,#5639);
#5639 = DEFINITIONAL_REPRESENTATION('',(#5640),#5643);
#5640 = B_SPLINE_CURVE_WITH_KNOTS('',1,(#5641,#5642),.UNSPECIFIED.,.F.,
  .F.,(2,2),(5.3734375,5.8375),.PIECEWISE_BEZIER_KNOTS.);
#5641 = CARTESIAN_POINT('',(11.2109375,10.94296875));
#5642 = CARTESIAN_POINT('',(11.675,10.94296875));
#5643 = ( GEOMETRIC_REPRESENTATION_CONTEXT(2) 
PARAMETRIC_REPRESENTATION_CONTEXT() REPRESENTATION_CONTEXT('2D SPACE',''
  ) );
#5644 = PCURVE('',#5645,#5650);
#5645 = PLANE('',#5646);
#5646 = AXIS2_PLACEMENT_3D('',#5647,#5648,#5649);
#5647 = CARTESIAN_POINT('',(11.675,43.94296875,15.95));
#5648 = DIRECTION('',(0.,-1.,0.));
#5649 = DIRECTION('',(-1.,0.,0.));
#5650 = DEFINITIONAL_REPRESENTATION('',(#5651),#5654);
#5651 = B_SPLINE_CURVE_WITH_KNOTS('',1,(#5652,#5653),.UNSPECIFIED.,.F.,
  .F.,(2,2),(5.3734375,5.8375),.PIECEWISE_BEZIER_KNOTS.);
#5652 = CARTESIAN_POINT('',(0.4640625,-5.E-02));
#5653 = CARTESIAN_POINT('',(0.,-5.E-02));
#5654 = ( GEOMETRIC_REPRESENTATION_CONTEXT(2) 
PARAMETRIC_REPRESENTATION_CONTEXT() REPRESENTATION_CONTEXT('2D SPACE',''
  ) );
#5655 = ORIENTED_EDGE('',*,*,#5656,.F.);
#5656 = EDGE_CURVE('',#5657,#5631,#5659,.T.);
#5657 = VERTEX_POINT('',#5658);
#5658 = CARTESIAN_POINT('',(10.2875,45.43671875,16.));
#5659 = SURFACE_CURVE('',#5660,(#5664,#5670),.PCURVE_S1.);
#5660 = LINE('',#5661,#5662);
#5661 = CARTESIAN_POINT('',(12.108236266141,42.491500695125,16.));
#5662 = VECTOR('',#5663,1.);
#5663 = DIRECTION('',(0.525833801736,-0.850587334112,0.));
#5664 = PCURVE('',#324,#5665);
#5665 = DEFINITIONAL_REPRESENTATION('',(#5666),#5669);
#5666 = B_SPLINE_CURVE_WITH_KNOTS('',1,(#5667,#5668),.UNSPECIFIED.,.F.,
  .F.,(2,2),(-3.462569846459,-1.706430364838),.PIECEWISE_BEZIER_KNOTS.);
#5667 = CARTESIAN_POINT('',(10.2875,12.43671875));
#5668 = CARTESIAN_POINT('',(11.2109375,10.94296875));
#5669 = ( GEOMETRIC_REPRESENTATION_CONTEXT(2) 
PARAMETRIC_REPRESENTATION_CONTEXT() REPRESENTATION_CONTEXT('2D SPACE',''
  ) );
#5670 = PCURVE('',#5671,#5676);
#5671 = PLANE('',#5672);
#5672 = AXIS2_PLACEMENT_3D('',#5673,#5674,#5675);
#5673 = CARTESIAN_POINT('',(11.2109375,43.94296875,15.95));
#5674 = DIRECTION('',(-0.850587334112,-0.525833801736,0.));
#5675 = DIRECTION('',(-0.525833801736,0.850587334112,0.));
#5676 = DEFINITIONAL_REPRESENTATION('',(#5677),#5680);
#5677 = B_SPLINE_CURVE_WITH_KNOTS('',1,(#5678,#5679),.UNSPECIFIED.,.F.,
  .F.,(2,2),(-3.462569846459,-1.706430364838),.PIECEWISE_BEZIER_KNOTS.);
#5678 = CARTESIAN_POINT('',(1.75613948162,-5.E-02));
#5679 = CARTESIAN_POINT('',(0.,-5.E-02));
#5680 = ( GEOMETRIC_REPRESENTATION_CONTEXT(2) 
PARAMETRIC_REPRESENTATION_CONTEXT() REPRESENTATION_CONTEXT('2D SPACE',''
  ) );
#5681 = ORIENTED_EDGE('',*,*,#5682,.F.);
#5682 = EDGE_CURVE('',#5449,#5657,#5683,.T.);
#5683 = SURFACE_CURVE('',#5684,(#5688,#5694),.PCURVE_S1.);
#5684 = LINE('',#5685,#5686);
#5685 = CARTESIAN_POINT('',(10.2875,39.218359375,16.));
#5686 = VECTOR('',#5687,1.);
#5687 = DIRECTION('',(0.,1.,0.));
#5688 = PCURVE('',#324,#5689);
#5689 = DEFINITIONAL_REPRESENTATION('',(#5690),#5693);
#5690 = B_SPLINE_CURVE_WITH_KNOTS('',1,(#5691,#5692),.UNSPECIFIED.,.F.,
  .F.,(2,2),(4.724609375,6.218359375),.PIECEWISE_BEZIER_KNOTS.);
#5691 = CARTESIAN_POINT('',(10.2875,10.94296875));
#5692 = CARTESIAN_POINT('',(10.2875,12.43671875));
#5693 = ( GEOMETRIC_REPRESENTATION_CONTEXT(2) 
PARAMETRIC_REPRESENTATION_CONTEXT() REPRESENTATION_CONTEXT('2D SPACE',''
  ) );
#5694 = PCURVE('',#5695,#5700);
#5695 = PLANE('',#5696);
#5696 = AXIS2_PLACEMENT_3D('',#5697,#5698,#5699);
#5697 = CARTESIAN_POINT('',(10.2875,45.43671875,15.95));
#5698 = DIRECTION('',(1.,0.,0.));
#5699 = DIRECTION('',(0.,-1.,0.));
#5700 = DEFINITIONAL_REPRESENTATION('',(#5701),#5704);
#5701 = B_SPLINE_CURVE_WITH_KNOTS('',1,(#5702,#5703),.UNSPECIFIED.,.F.,
  .F.,(2,2),(4.724609375,6.218359375),.PIECEWISE_BEZIER_KNOTS.);
#5702 = CARTESIAN_POINT('',(1.49375,-5.E-02));
#5703 = CARTESIAN_POINT('',(0.,-5.E-02));
#5704 = ( GEOMETRIC_REPRESENTATION_CONTEXT(2) 
PARAMETRIC_REPRESENTATION_CONTEXT() REPRESENTATION_CONTEXT('2D SPACE',''
  ) );
#5705 = FACE_BOUND('',#5706,.T.);
#5706 = EDGE_LOOP('',(#5707,#5735,#5761,#5787,#5813,#5855,#5900,#5942,
    #5968,#6007));
#5707 = ORIENTED_EDGE('',*,*,#5708,.F.);
#5708 = EDGE_CURVE('',#5709,#5711,#5713,.T.);
#5709 = VERTEX_POINT('',#5710);
#5710 = CARTESIAN_POINT('',(12.0671875,45.79453125,16.));
#5711 = VERTEX_POINT('',#5712);
#5712 = CARTESIAN_POINT('',(13.065625,45.79453125,16.));
#5713 = SURFACE_CURVE('',#5714,(#5718,#5724),.PCURVE_S1.);
#5714 = LINE('',#5715,#5716);
#5715 = CARTESIAN_POINT('',(6.5328125,45.79453125,16.));
#5716 = VECTOR('',#5717,1.);
#5717 = DIRECTION('',(1.,0.,-0.));
#5718 = PCURVE('',#324,#5719);
#5719 = DEFINITIONAL_REPRESENTATION('',(#5720),#5723);
#5720 = B_SPLINE_CURVE_WITH_KNOTS('',1,(#5721,#5722),.UNSPECIFIED.,.F.,
  .F.,(2,2),(5.534375,6.5328125),.PIECEWISE_BEZIER_KNOTS.);
#5721 = CARTESIAN_POINT('',(12.0671875,12.79453125));
#5722 = CARTESIAN_POINT('',(13.065625,12.79453125));
#5723 = ( GEOMETRIC_REPRESENTATION_CONTEXT(2) 
PARAMETRIC_REPRESENTATION_CONTEXT() REPRESENTATION_CONTEXT('2D SPACE',''
  ) );
#5724 = PCURVE('',#5725,#5730);
#5725 = PLANE('',#5726);
#5726 = AXIS2_PLACEMENT_3D('',#5727,#5728,#5729);
#5727 = CARTESIAN_POINT('',(13.065625,45.79453125,15.95));
#5728 = DIRECTION('',(0.,-1.,0.));
#5729 = DIRECTION('',(-1.,0.,0.));
#5730 = DEFINITIONAL_REPRESENTATION('',(#5731),#5734);
#5731 = B_SPLINE_CURVE_WITH_KNOTS('',1,(#5732,#5733),.UNSPECIFIED.,.F.,
  .F.,(2,2),(5.534375,6.5328125),.PIECEWISE_BEZIER_KNOTS.);
#5732 = CARTESIAN_POINT('',(0.9984375,-5.E-02));
#5733 = CARTESIAN_POINT('',(0.,-5.E-02));
#5734 = ( GEOMETRIC_REPRESENTATION_CONTEXT(2) 
PARAMETRIC_REPRESENTATION_CONTEXT() REPRESENTATION_CONTEXT('2D SPACE',''
  ) );
#5735 = ORIENTED_EDGE('',*,*,#5736,.F.);
#5736 = EDGE_CURVE('',#5737,#5709,#5739,.T.);
#5737 = VERTEX_POINT('',#5738);
#5738 = CARTESIAN_POINT('',(12.0671875,46.20234375,16.));
#5739 = SURFACE_CURVE('',#5740,(#5744,#5750),.PCURVE_S1.);
#5740 = LINE('',#5741,#5742);
#5741 = CARTESIAN_POINT('',(12.0671875,39.397265625,16.));
#5742 = VECTOR('',#5743,1.);
#5743 = DIRECTION('',(0.,-1.,0.));
#5744 = PCURVE('',#324,#5745);
#5745 = DEFINITIONAL_REPRESENTATION('',(#5746),#5749);
#5746 = B_SPLINE_CURVE_WITH_KNOTS('',1,(#5747,#5748),.UNSPECIFIED.,.F.,
  .F.,(2,2),(-6.805078125,-6.397265625),.PIECEWISE_BEZIER_KNOTS.);
#5747 = CARTESIAN_POINT('',(12.0671875,13.20234375));
#5748 = CARTESIAN_POINT('',(12.0671875,12.79453125));
#5749 = ( GEOMETRIC_REPRESENTATION_CONTEXT(2) 
PARAMETRIC_REPRESENTATION_CONTEXT() REPRESENTATION_CONTEXT('2D SPACE',''
  ) );
#5750 = PCURVE('',#5751,#5756);
#5751 = PLANE('',#5752);
#5752 = AXIS2_PLACEMENT_3D('',#5753,#5754,#5755);
#5753 = CARTESIAN_POINT('',(12.0671875,45.79453125,15.95));
#5754 = DIRECTION('',(-1.,0.,0.));
#5755 = DIRECTION('',(0.,1.,0.));
#5756 = DEFINITIONAL_REPRESENTATION('',(#5757),#5760);
#5757 = B_SPLINE_CURVE_WITH_KNOTS('',1,(#5758,#5759),.UNSPECIFIED.,.F.,
  .F.,(2,2),(-6.805078125,-6.397265625),.PIECEWISE_BEZIER_KNOTS.);
#5758 = CARTESIAN_POINT('',(0.4078125,-5.E-02));
#5759 = CARTESIAN_POINT('',(0.,-5.E-02));
#5760 = ( GEOMETRIC_REPRESENTATION_CONTEXT(2) 
PARAMETRIC_REPRESENTATION_CONTEXT() REPRESENTATION_CONTEXT('2D SPACE',''
  ) );
#5761 = ORIENTED_EDGE('',*,*,#5762,.F.);
#5762 = EDGE_CURVE('',#5763,#5737,#5765,.T.);
#5763 = VERTEX_POINT('',#5764);
#5764 = CARTESIAN_POINT('',(13.56875,46.20234375,16.));
#5765 = SURFACE_CURVE('',#5766,(#5770,#5776),.PCURVE_S1.);
#5766 = LINE('',#5767,#5768);
#5767 = CARTESIAN_POINT('',(6.03359375,46.20234375,16.));
#5768 = VECTOR('',#5769,1.);
#5769 = DIRECTION('',(-1.,0.,0.));
#5770 = PCURVE('',#324,#5771);
#5771 = DEFINITIONAL_REPRESENTATION('',(#5772),#5775);
#5772 = B_SPLINE_CURVE_WITH_KNOTS('',1,(#5773,#5774),.UNSPECIFIED.,.F.,
  .F.,(2,2),(-7.53515625,-6.03359375),.PIECEWISE_BEZIER_KNOTS.);
#5773 = CARTESIAN_POINT('',(13.56875,13.20234375));
#5774 = CARTESIAN_POINT('',(12.0671875,13.20234375));
#5775 = ( GEOMETRIC_REPRESENTATION_CONTEXT(2) 
PARAMETRIC_REPRESENTATION_CONTEXT() REPRESENTATION_CONTEXT('2D SPACE',''
  ) );
#5776 = PCURVE('',#5777,#5782);
#5777 = PLANE('',#5778);
#5778 = AXIS2_PLACEMENT_3D('',#5779,#5780,#5781);
#5779 = CARTESIAN_POINT('',(12.0671875,46.20234375,15.95));
#5780 = DIRECTION('',(0.,1.,0.));
#5781 = DIRECTION('',(1.,0.,0.));
#5782 = DEFINITIONAL_REPRESENTATION('',(#5783),#5786);
#5783 = B_SPLINE_CURVE_WITH_KNOTS('',1,(#5784,#5785),.UNSPECIFIED.,.F.,
  .F.,(2,2),(-7.53515625,-6.03359375),.PIECEWISE_BEZIER_KNOTS.);
#5784 = CARTESIAN_POINT('',(1.5015625,-5.E-02));
#5785 = CARTESIAN_POINT('',(0.,-5.E-02));
#5786 = ( GEOMETRIC_REPRESENTATION_CONTEXT(2) 
PARAMETRIC_REPRESENTATION_CONTEXT() REPRESENTATION_CONTEXT('2D SPACE',''
  ) );
#5787 = ORIENTED_EDGE('',*,*,#5788,.F.);
#5788 = EDGE_CURVE('',#5789,#5763,#5791,.T.);
#5789 = VERTEX_POINT('',#5790);
#5790 = CARTESIAN_POINT('',(13.56875,45.88359375,16.));
#5791 = SURFACE_CURVE('',#5792,(#5796,#5802),.PCURVE_S1.);
#5792 = LINE('',#5793,#5794);
#5793 = CARTESIAN_POINT('',(13.56875,39.601171875,16.));
#5794 = VECTOR('',#5795,1.);
#5795 = DIRECTION('',(0.,1.,0.));
#5796 = PCURVE('',#324,#5797);
#5797 = DEFINITIONAL_REPRESENTATION('',(#5798),#5801);
#5798 = B_SPLINE_CURVE_WITH_KNOTS('',1,(#5799,#5800),.UNSPECIFIED.,.F.,
  .F.,(2,2),(6.282421875,6.601171875),.PIECEWISE_BEZIER_KNOTS.);
#5799 = CARTESIAN_POINT('',(13.56875,12.88359375));
#5800 = CARTESIAN_POINT('',(13.56875,13.20234375));
#5801 = ( GEOMETRIC_REPRESENTATION_CONTEXT(2) 
PARAMETRIC_REPRESENTATION_CONTEXT() REPRESENTATION_CONTEXT('2D SPACE',''
  ) );
#5802 = PCURVE('',#5803,#5808);
#5803 = PLANE('',#5804);
#5804 = AXIS2_PLACEMENT_3D('',#5805,#5806,#5807);
#5805 = CARTESIAN_POINT('',(13.56875,46.20234375,15.95));
#5806 = DIRECTION('',(1.,0.,0.));
#5807 = DIRECTION('',(0.,-1.,0.));
#5808 = DEFINITIONAL_REPRESENTATION('',(#5809),#5812);
#5809 = B_SPLINE_CURVE_WITH_KNOTS('',1,(#5810,#5811),.UNSPECIFIED.,.F.,
  .F.,(2,2),(6.282421875,6.601171875),.PIECEWISE_BEZIER_KNOTS.);
#5810 = CARTESIAN_POINT('',(0.31875,-5.E-02));
#5811 = CARTESIAN_POINT('',(0.,-5.E-02));
#5812 = ( GEOMETRIC_REPRESENTATION_CONTEXT(2) 
PARAMETRIC_REPRESENTATION_CONTEXT() REPRESENTATION_CONTEXT('2D SPACE',''
  ) );
#5813 = ORIENTED_EDGE('',*,*,#5814,.F.);
#5814 = EDGE_CURVE('',#5815,#5789,#5817,.T.);
#5815 = VERTEX_POINT('',#5816);
#5816 = CARTESIAN_POINT('',(13.190625,45.35859375,16.));
#5817 = SURFACE_CURVE('',#5818,(#5826,#5837),.PCURVE_S1.);
#5818 = B_SPLINE_CURVE_WITH_KNOTS('',6,(#5819,#5820,#5821,#5822,#5823,
    #5824,#5825),.UNSPECIFIED.,.F.,.F.,(7,7),(0.,1.),
  .PIECEWISE_BEZIER_KNOTS.);
#5819 = CARTESIAN_POINT('',(13.190625,45.35859375,16.));
#5820 = CARTESIAN_POINT('',(13.250788158958,45.465713520827,16.));
#5821 = CARTESIAN_POINT('',(13.312140145973,45.566233505914,16.));
#5822 = CARTESIAN_POINT('',(13.37468867748,45.65932094987,16.));
#5823 = CARTESIAN_POINT('',(13.438389194178,45.743975770068,16.));
#5824 = CARTESIAN_POINT('',(13.503137897164,45.819084371582,16.));
#5825 = CARTESIAN_POINT('',(13.56875,45.88359375,16.));
#5826 = PCURVE('',#324,#5827);
#5827 = DEFINITIONAL_REPRESENTATION('',(#5828),#5836);
#5828 = B_SPLINE_CURVE_WITH_KNOTS('',6,(#5829,#5830,#5831,#5832,#5833,
    #5834,#5835),.UNSPECIFIED.,.F.,.F.,(7,7),(0.,1.),
  .PIECEWISE_BEZIER_KNOTS.);
#5829 = CARTESIAN_POINT('',(13.190625,12.35859375));
#5830 = CARTESIAN_POINT('',(13.250788158958,12.465713520827));
#5831 = CARTESIAN_POINT('',(13.312140145973,12.566233505914));
#5832 = CARTESIAN_POINT('',(13.37468867748,12.65932094987));
#5833 = CARTESIAN_POINT('',(13.438389194178,12.743975770068));
#5834 = CARTESIAN_POINT('',(13.503137897164,12.819084371582));
#5835 = CARTESIAN_POINT('',(13.56875,12.88359375));
#5836 = ( GEOMETRIC_REPRESENTATION_CONTEXT(2) 
PARAMETRIC_REPRESENTATION_CONTEXT() REPRESENTATION_CONTEXT('2D SPACE',''
  ) );
#5837 = PCURVE('',#5838,#5845);
#5838 = SURFACE_OF_LINEAR_EXTRUSION('',#5839,#5843);
#5839 = B_SPLINE_CURVE_WITH_KNOTS('',2,(#5840,#5841,#5842),
  .UNSPECIFIED.,.F.,.F.,(3,3),(0.,1.),.PIECEWISE_BEZIER_KNOTS.);
#5840 = CARTESIAN_POINT('',(13.56875,45.88359375,15.95));
#5841 = CARTESIAN_POINT('',(13.3828125,45.70078125,15.95));
#5842 = CARTESIAN_POINT('',(13.190625,45.35859375,15.95));
#5843 = VECTOR('',#5844,1.);
#5844 = DIRECTION('',(-0.,-0.,-1.));
#5845 = DEFINITIONAL_REPRESENTATION('',(#5846),#5854);
#5846 = B_SPLINE_CURVE_WITH_KNOTS('',6,(#5847,#5848,#5849,#5850,#5851,
    #5852,#5853),.UNSPECIFIED.,.F.,.F.,(7,7),(0.,1.),
  .PIECEWISE_BEZIER_KNOTS.);
#5847 = CARTESIAN_POINT('',(1.,-5.E-02));
#5848 = CARTESIAN_POINT('',(0.843477960435,-5.E-02));
#5849 = CARTESIAN_POINT('',(0.682906985691,-5.E-02));
#5850 = CARTESIAN_POINT('',(0.518174154488,-5.E-02));
#5851 = CARTESIAN_POINT('',(0.349294403403,-5.E-02));
#5852 = CARTESIAN_POINT('',(0.176435906786,-5.E-02));
#5853 = CARTESIAN_POINT('',(0.,-5.E-02));
#5854 = ( GEOMETRIC_REPRESENTATION_CONTEXT(2) 
PARAMETRIC_REPRESENTATION_CONTEXT() REPRESENTATION_CONTEXT('2D SPACE',''
  ) );
#5855 = ORIENTED_EDGE('',*,*,#5856,.F.);
#5856 = EDGE_CURVE('',#5857,#5815,#5859,.T.);
#5857 = VERTEX_POINT('',#5858);
#5858 = CARTESIAN_POINT('',(12.89765625,44.63125,16.));
#5859 = SURFACE_CURVE('',#5860,(#5869,#5881),.PCURVE_S1.);
#5860 = B_SPLINE_CURVE_WITH_KNOTS('',4,(#5861,#5862,#5863,#5864,#5865,
    #5866,#5867,#5868),.UNSPECIFIED.,.F.,.F.,(5,3,5),(0.,0.720370476072,
    1.),.UNSPECIFIED.);
#5861 = CARTESIAN_POINT('',(12.89765625,44.63125,16.));
#5862 = CARTESIAN_POINT('',(12.93378070455,44.769307023978,16.));
#5863 = CARTESIAN_POINT('',(12.977889528417,44.90427765423,16.));
#5864 = CARTESIAN_POINT('',(13.030062133039,45.035804058197,16.));
#5865 = CARTESIAN_POINT('',(13.11349714177,45.213207139039,16.));
#5866 = CARTESIAN_POINT('',(13.138023170626,45.262252370742,16.));
#5867 = CARTESIAN_POINT('',(13.163736580827,45.31071924757,16.));
#5868 = CARTESIAN_POINT('',(13.190625,45.35859375,16.));
#5869 = PCURVE('',#324,#5870);
#5870 = DEFINITIONAL_REPRESENTATION('',(#5871),#5880);
#5871 = B_SPLINE_CURVE_WITH_KNOTS('',4,(#5872,#5873,#5874,#5875,#5876,
    #5877,#5878,#5879),.UNSPECIFIED.,.F.,.F.,(5,3,5),(0.,0.720370476072,
    1.),.UNSPECIFIED.);
#5872 = CARTESIAN_POINT('',(12.89765625,11.63125));
#5873 = CARTESIAN_POINT('',(12.93378070455,11.769307023978));
#5874 = CARTESIAN_POINT('',(12.977889528417,11.90427765423));
#5875 = CARTESIAN_POINT('',(13.030062133039,12.035804058197));
#5876 = CARTESIAN_POINT('',(13.11349714177,12.213207139039));
#5877 = CARTESIAN_POINT('',(13.138023170626,12.262252370742));
#5878 = CARTESIAN_POINT('',(13.163736580827,12.31071924757));
#5879 = CARTESIAN_POINT('',(13.190625,12.35859375));
#5880 = ( GEOMETRIC_REPRESENTATION_CONTEXT(2) 
PARAMETRIC_REPRESENTATION_CONTEXT() REPRESENTATION_CONTEXT('2D SPACE',''
  ) );
#5881 = PCURVE('',#5882,#5889);
#5882 = SURFACE_OF_LINEAR_EXTRUSION('',#5883,#5887);
#5883 = B_SPLINE_CURVE_WITH_KNOTS('',2,(#5884,#5885,#5886),
  .UNSPECIFIED.,.F.,.F.,(3,3),(0.,1.),.PIECEWISE_BEZIER_KNOTS.);
#5884 = CARTESIAN_POINT('',(13.190625,45.35859375,15.95));
#5885 = CARTESIAN_POINT('',(12.9984375,45.01640625,15.95));
#5886 = CARTESIAN_POINT('',(12.89765625,44.63125,15.95));
#5887 = VECTOR('',#5888,1.);
#5888 = DIRECTION('',(-0.,-0.,-1.));
#5889 = DEFINITIONAL_REPRESENTATION('',(#5890),#5899);
#5890 = B_SPLINE_CURVE_WITH_KNOTS('',4,(#5891,#5892,#5893,#5894,#5895,
    #5896,#5897,#5898),.UNSPECIFIED.,.F.,.F.,(5,3,5),(0.,0.720370476072,
    1.),.UNSPECIFIED.);
#5891 = CARTESIAN_POINT('',(1.,-5.E-02));
#5892 = CARTESIAN_POINT('',(0.820777899906,-5.E-02));
#5893 = CARTESIAN_POINT('',(0.640784825413,-5.E-02));
#5894 = CARTESIAN_POINT('',(0.460391272064,-5.E-02));
#5895 = CARTESIAN_POINT('',(0.20997668949,-5.E-02));
#5896 = CARTESIAN_POINT('',(0.139953483895,-5.E-02));
#5897 = CARTESIAN_POINT('',(6.995361085724E-02,-5.E-02));
#5898 = CARTESIAN_POINT('',(0.,-5.E-02));
#5899 = ( GEOMETRIC_REPRESENTATION_CONTEXT(2) 
PARAMETRIC_REPRESENTATION_CONTEXT() REPRESENTATION_CONTEXT('2D SPACE',''
  ) );
#5900 = ORIENTED_EDGE('',*,*,#5901,.F.);
#5901 = EDGE_CURVE('',#5902,#5857,#5904,.T.);
#5902 = VERTEX_POINT('',#5903);
#5903 = CARTESIAN_POINT('',(12.7984375,43.94296875,16.));
#5904 = SURFACE_CURVE('',#5905,(#5913,#5924),.PCURVE_S1.);
#5905 = B_SPLINE_CURVE_WITH_KNOTS('',6,(#5906,#5907,#5908,#5909,#5910,
    #5911,#5912),.UNSPECIFIED.,.F.,.F.,(7,7),(0.,1.),
  .PIECEWISE_BEZIER_KNOTS.);
#5906 = CARTESIAN_POINT('',(12.7984375,43.94296875,16.));
#5907 = CARTESIAN_POINT('',(12.797894149591,44.048378729331,16.));
#5908 = CARTESIAN_POINT('',(12.804784648313,44.158148020061,16.));
#5909 = CARTESIAN_POINT('',(12.818688979067,44.271775130963,16.));
#5910 = CARTESIAN_POINT('',(12.839120998068,44.388776555591,16.));
#5911 = CARTESIAN_POINT('',(12.865595172067,44.508722004487,16.));
#5912 = CARTESIAN_POINT('',(12.89765625,44.63125,16.));
#5913 = PCURVE('',#324,#5914);
#5914 = DEFINITIONAL_REPRESENTATION('',(#5915),#5923);
#5915 = B_SPLINE_CURVE_WITH_KNOTS('',6,(#5916,#5917,#5918,#5919,#5920,
    #5921,#5922),.UNSPECIFIED.,.F.,.F.,(7,7),(0.,1.),
  .PIECEWISE_BEZIER_KNOTS.);
#5916 = CARTESIAN_POINT('',(12.7984375,10.94296875));
#5917 = CARTESIAN_POINT('',(12.797894149591,11.048378729331));
#5918 = CARTESIAN_POINT('',(12.804784648313,11.158148020061));
#5919 = CARTESIAN_POINT('',(12.818688979067,11.271775130963));
#5920 = CARTESIAN_POINT('',(12.839120998068,11.388776555591));
#5921 = CARTESIAN_POINT('',(12.865595172067,11.508722004487));
#5922 = CARTESIAN_POINT('',(12.89765625,11.63125));
#5923 = ( GEOMETRIC_REPRESENTATION_CONTEXT(2) 
PARAMETRIC_REPRESENTATION_CONTEXT() REPRESENTATION_CONTEXT('2D SPACE',''
  ) );
#5924 = PCURVE('',#5925,#5932);
#5925 = SURFACE_OF_LINEAR_EXTRUSION('',#5926,#5930);
#5926 = B_SPLINE_CURVE_WITH_KNOTS('',2,(#5927,#5928,#5929),
  .UNSPECIFIED.,.F.,.F.,(3,3),(0.,1.),.PIECEWISE_BEZIER_KNOTS.);
#5927 = CARTESIAN_POINT('',(12.89765625,44.63125,15.95));
#5928 = CARTESIAN_POINT('',(12.796875,44.24609375,15.95));
#5929 = CARTESIAN_POINT('',(12.7984375,43.94296875,15.95));
#5930 = VECTOR('',#5931,1.);
#5931 = DIRECTION('',(-0.,-0.,-1.));
#5932 = DEFINITIONAL_REPRESENTATION('',(#5933),#5941);
#5933 = B_SPLINE_CURVE_WITH_KNOTS('',6,(#5934,#5935,#5936,#5937,#5938,
    #5939,#5940),.UNSPECIFIED.,.F.,.F.,(7,7),(0.,1.),
  .PIECEWISE_BEZIER_KNOTS.);
#5934 = CARTESIAN_POINT('',(1.,-5.E-02));
#5935 = CARTESIAN_POINT('',(0.826127869144,-5.E-02));
#5936 = CARTESIAN_POINT('',(0.654882604427,-5.E-02));
#5937 = CARTESIAN_POINT('',(0.486534982041,-5.E-02));
#5938 = CARTESIAN_POINT('',(0.321239167865,-5.E-02));
#5939 = CARTESIAN_POINT('',(0.159062712228,-5.E-02));
#5940 = CARTESIAN_POINT('',(0.,-5.E-02));
#5941 = ( GEOMETRIC_REPRESENTATION_CONTEXT(2) 
PARAMETRIC_REPRESENTATION_CONTEXT() REPRESENTATION_CONTEXT('2D SPACE',''
  ) );
#5942 = ORIENTED_EDGE('',*,*,#5943,.F.);
#5943 = EDGE_CURVE('',#5944,#5902,#5946,.T.);
#5944 = VERTEX_POINT('',#5945);
#5945 = CARTESIAN_POINT('',(12.375,43.94296875,16.));
#5946 = SURFACE_CURVE('',#5947,(#5951,#5957),.PCURVE_S1.);
#5947 = LINE('',#5948,#5949);
#5948 = CARTESIAN_POINT('',(6.39921875,43.94296875,16.));
#5949 = VECTOR('',#5950,1.);
#5950 = DIRECTION('',(1.,0.,-0.));
#5951 = PCURVE('',#324,#5952);
#5952 = DEFINITIONAL_REPRESENTATION('',(#5953),#5956);
#5953 = B_SPLINE_CURVE_WITH_KNOTS('',1,(#5954,#5955),.UNSPECIFIED.,.F.,
  .F.,(2,2),(5.97578125,6.39921875),.PIECEWISE_BEZIER_KNOTS.);
#5954 = CARTESIAN_POINT('',(12.375,10.94296875));
#5955 = CARTESIAN_POINT('',(12.7984375,10.94296875));
#5956 = ( GEOMETRIC_REPRESENTATION_CONTEXT(2) 
PARAMETRIC_REPRESENTATION_CONTEXT() REPRESENTATION_CONTEXT('2D SPACE',''
  ) );
#5957 = PCURVE('',#5958,#5963);
#5958 = PLANE('',#5959);
#5959 = AXIS2_PLACEMENT_3D('',#5960,#5961,#5962);
#5960 = CARTESIAN_POINT('',(12.7984375,43.94296875,15.95));
#5961 = DIRECTION('',(0.,-1.,0.));
#5962 = DIRECTION('',(-1.,0.,0.));
#5963 = DEFINITIONAL_REPRESENTATION('',(#5964),#5967);
#5964 = B_SPLINE_CURVE_WITH_KNOTS('',1,(#5965,#5966),.UNSPECIFIED.,.F.,
  .F.,(2,2),(5.97578125,6.39921875),.PIECEWISE_BEZIER_KNOTS.);
#5965 = CARTESIAN_POINT('',(0.4234375,-5.E-02));
#5966 = CARTESIAN_POINT('',(0.,-5.E-02));
#5967 = ( GEOMETRIC_REPRESENTATION_CONTEXT(2) 
PARAMETRIC_REPRESENTATION_CONTEXT() REPRESENTATION_CONTEXT('2D SPACE',''
  ) );
#5968 = ORIENTED_EDGE('',*,*,#5969,.F.);
#5969 = EDGE_CURVE('',#5970,#5944,#5972,.T.);
#5970 = VERTEX_POINT('',#5971);
#5971 = CARTESIAN_POINT('',(12.57109375,44.91171875,16.));
#5972 = SURFACE_CURVE('',#5973,(#5980,#5990),.PCURVE_S1.);
#5973 = B_SPLINE_CURVE_WITH_KNOTS('',5,(#5974,#5975,#5976,#5977,#5978,
    #5979),.UNSPECIFIED.,.F.,.F.,(6,6),(0.,1.),
  .PIECEWISE_BEZIER_KNOTS.);
#5974 = CARTESIAN_POINT('',(12.57109375,44.91171875,16.));
#5975 = CARTESIAN_POINT('',(12.499269261989,44.72018678197,16.));
#5976 = CARTESIAN_POINT('',(12.442452543835,44.526743851384,16.));
#5977 = CARTESIAN_POINT('',(12.402103312945,44.332078106035,16.));
#5978 = CARTESIAN_POINT('',(12.37947015728,44.137101294734,16.));
#5979 = CARTESIAN_POINT('',(12.375,43.94296875,16.));
#5980 = PCURVE('',#324,#5981);
#5981 = DEFINITIONAL_REPRESENTATION('',(#5982),#5989);
#5982 = B_SPLINE_CURVE_WITH_KNOTS('',5,(#5983,#5984,#5985,#5986,#5987,
    #5988),.UNSPECIFIED.,.F.,.F.,(6,6),(0.,1.),
  .PIECEWISE_BEZIER_KNOTS.);
#5983 = CARTESIAN_POINT('',(12.57109375,11.91171875));
#5984 = CARTESIAN_POINT('',(12.499269261989,11.72018678197));
#5985 = CARTESIAN_POINT('',(12.442452543835,11.526743851384));
#5986 = CARTESIAN_POINT('',(12.402103312945,11.332078106035));
#5987 = CARTESIAN_POINT('',(12.37947015728,11.137101294734));
#5988 = CARTESIAN_POINT('',(12.375,10.94296875));
#5989 = ( GEOMETRIC_REPRESENTATION_CONTEXT(2) 
PARAMETRIC_REPRESENTATION_CONTEXT() REPRESENTATION_CONTEXT('2D SPACE',''
  ) );
#5990 = PCURVE('',#5991,#5998);
#5991 = SURFACE_OF_LINEAR_EXTRUSION('',#5992,#5996);
#5992 = B_SPLINE_CURVE_WITH_KNOTS('',2,(#5993,#5994,#5995),
  .UNSPECIFIED.,.F.,.F.,(3,3),(0.,1.),.PIECEWISE_BEZIER_KNOTS.);
#5993 = CARTESIAN_POINT('',(12.375,43.94296875,15.95));
#5994 = CARTESIAN_POINT('',(12.3859375,44.41796875,15.95));
#5995 = CARTESIAN_POINT('',(12.57109375,44.91171875,15.95));
#5996 = VECTOR('',#5997,1.);
#5997 = DIRECTION('',(-0.,-0.,-1.));
#5998 = DEFINITIONAL_REPRESENTATION('',(#5999),#6006);
#5999 = B_SPLINE_CURVE_WITH_KNOTS('',5,(#6000,#6001,#6002,#6003,#6004,
    #6005),.UNSPECIFIED.,.F.,.F.,(6,6),(0.,1.),
  .PIECEWISE_BEZIER_KNOTS.);
#6000 = CARTESIAN_POINT('',(1.,-5.E-02));
#6001 = CARTESIAN_POINT('',(0.806043576679,-5.E-02));
#6002 = CARTESIAN_POINT('',(0.608366196885,-5.E-02));
#6003 = CARTESIAN_POINT('',(0.407528247416,-5.E-02));
#6004 = CARTESIAN_POINT('',(0.204350047089,-5.E-02));
#6005 = CARTESIAN_POINT('',(0.,-5.E-02));
#6006 = ( GEOMETRIC_REPRESENTATION_CONTEXT(2) 
PARAMETRIC_REPRESENTATION_CONTEXT() REPRESENTATION_CONTEXT('2D SPACE',''
  ) );
#6007 = ORIENTED_EDGE('',*,*,#6008,.F.);
#6008 = EDGE_CURVE('',#5711,#5970,#6009,.T.);
#6009 = SURFACE_CURVE('',#6010,(#6017,#6027),.PCURVE_S1.);
#6010 = B_SPLINE_CURVE_WITH_KNOTS('',5,(#6011,#6012,#6013,#6014,#6015,
    #6016),.UNSPECIFIED.,.F.,.F.,(6,6),(0.,1.),
  .PIECEWISE_BEZIER_KNOTS.);
#6011 = CARTESIAN_POINT('',(13.065625,45.79453125,16.));
#6012 = CARTESIAN_POINT('',(12.940508377272,45.637187618388,16.));
#6013 = CARTESIAN_POINT('',(12.82822550554,45.469313709571,16.));
#6014 = CARTESIAN_POINT('',(12.729320117684,45.291709542755,16.));
#6015 = CARTESIAN_POINT('',(12.643743052806,45.105450224149,16.));
#6016 = CARTESIAN_POINT('',(12.57109375,44.91171875,16.));
#6017 = PCURVE('',#324,#6018);
#6018 = DEFINITIONAL_REPRESENTATION('',(#6019),#6026);
#6019 = B_SPLINE_CURVE_WITH_KNOTS('',5,(#6020,#6021,#6022,#6023,#6024,
    #6025),.UNSPECIFIED.,.F.,.F.,(6,6),(0.,1.),
  .PIECEWISE_BEZIER_KNOTS.);
#6020 = CARTESIAN_POINT('',(13.065625,12.79453125));
#6021 = CARTESIAN_POINT('',(12.940508377272,12.637187618388));
#6022 = CARTESIAN_POINT('',(12.82822550554,12.469313709571));
#6023 = CARTESIAN_POINT('',(12.729320117684,12.291709542755));
#6024 = CARTESIAN_POINT('',(12.643743052806,12.105450224149));
#6025 = CARTESIAN_POINT('',(12.57109375,11.91171875));
#6026 = ( GEOMETRIC_REPRESENTATION_CONTEXT(2) 
PARAMETRIC_REPRESENTATION_CONTEXT() REPRESENTATION_CONTEXT('2D SPACE',''
  ) );
#6027 = PCURVE('',#6028,#6035);
#6028 = SURFACE_OF_LINEAR_EXTRUSION('',#6029,#6033);
#6029 = B_SPLINE_CURVE_WITH_KNOTS('',2,(#6030,#6031,#6032),
  .UNSPECIFIED.,.F.,.F.,(3,3),(0.,1.),.PIECEWISE_BEZIER_KNOTS.);
#6030 = CARTESIAN_POINT('',(12.57109375,44.91171875,15.95));
#6031 = CARTESIAN_POINT('',(12.75625,45.40546875,15.95));
#6032 = CARTESIAN_POINT('',(13.065625,45.79453125,15.95));
#6033 = VECTOR('',#6034,1.);
#6034 = DIRECTION('',(-0.,-0.,-1.));
#6035 = DEFINITIONAL_REPRESENTATION('',(#6036),#6043);
#6036 = B_SPLINE_CURVE_WITH_KNOTS('',5,(#6037,#6038,#6039,#6040,#6041,
    #6042),.UNSPECIFIED.,.F.,.F.,(6,6),(0.,1.),
  .PIECEWISE_BEZIER_KNOTS.);
#6037 = CARTESIAN_POINT('',(1.,-5.E-02));
#6038 = CARTESIAN_POINT('',(0.797791316804,-5.E-02));
#6039 = CARTESIAN_POINT('',(0.595802386772,-5.E-02));
#6040 = CARTESIAN_POINT('',(0.395001409217,-5.E-02));
#6041 = CARTESIAN_POINT('',(0.19618377129,-5.E-02));
#6042 = CARTESIAN_POINT('',(0.,-5.E-02));
#6043 = ( GEOMETRIC_REPRESENTATION_CONTEXT(2) 
PARAMETRIC_REPRESENTATION_CONTEXT() REPRESENTATION_CONTEXT('2D SPACE',''
  ) );
#6044 = FACE_BOUND('',#6045,.T.);
#6045 = EDGE_LOOP('',(#6046,#6074,#6100,#6126,#6152,#6178,#6204,#6230,
    #6256,#6282,#6308));
#6046 = ORIENTED_EDGE('',*,*,#6047,.F.);
#6047 = EDGE_CURVE('',#6048,#6050,#6052,.T.);
#6048 = VERTEX_POINT('',#6049);
#6049 = CARTESIAN_POINT('',(15.596875,43.94296875,16.));
#6050 = VERTEX_POINT('',#6051);
#6051 = CARTESIAN_POINT('',(16.021875,43.94296875,16.));
#6052 = SURFACE_CURVE('',#6053,(#6057,#6063),.PCURVE_S1.);
#6053 = LINE('',#6054,#6055);
#6054 = CARTESIAN_POINT('',(8.0109375,43.94296875,16.));
#6055 = VECTOR('',#6056,1.);
#6056 = DIRECTION('',(1.,0.,-0.));
#6057 = PCURVE('',#324,#6058);
#6058 = DEFINITIONAL_REPRESENTATION('',(#6059),#6062);
#6059 = B_SPLINE_CURVE_WITH_KNOTS('',1,(#6060,#6061),.UNSPECIFIED.,.F.,
  .F.,(2,2),(7.5859375,8.0109375),.PIECEWISE_BEZIER_KNOTS.);
#6060 = CARTESIAN_POINT('',(15.596875,10.94296875));
#6061 = CARTESIAN_POINT('',(16.021875,10.94296875));
#6062 = ( GEOMETRIC_REPRESENTATION_CONTEXT(2) 
PARAMETRIC_REPRESENTATION_CONTEXT() REPRESENTATION_CONTEXT('2D SPACE',''
  ) );
#6063 = PCURVE('',#6064,#6069);
#6064 = PLANE('',#6065);
#6065 = AXIS2_PLACEMENT_3D('',#6066,#6067,#6068);
#6066 = CARTESIAN_POINT('',(16.021875,43.94296875,15.95));
#6067 = DIRECTION('',(0.,-1.,0.));
#6068 = DIRECTION('',(-1.,0.,0.));
#6069 = DEFINITIONAL_REPRESENTATION('',(#6070),#6073);
#6070 = B_SPLINE_CURVE_WITH_KNOTS('',1,(#6071,#6072),.UNSPECIFIED.,.F.,
  .F.,(2,2),(7.5859375,8.0109375),.PIECEWISE_BEZIER_KNOTS.);
#6071 = CARTESIAN_POINT('',(0.425,-5.E-02));
#6072 = CARTESIAN_POINT('',(0.,-5.E-02));
#6073 = ( GEOMETRIC_REPRESENTATION_CONTEXT(2) 
PARAMETRIC_REPRESENTATION_CONTEXT() REPRESENTATION_CONTEXT('2D SPACE',''
  ) );
#6074 = ORIENTED_EDGE('',*,*,#6075,.F.);
#6075 = EDGE_CURVE('',#6076,#6048,#6078,.T.);
#6076 = VERTEX_POINT('',#6077);
#6077 = CARTESIAN_POINT('',(15.596875,44.40390625,16.));
#6078 = SURFACE_CURVE('',#6079,(#6083,#6089),.PCURVE_S1.);
#6079 = LINE('',#6080,#6081);
#6080 = CARTESIAN_POINT('',(15.596875,38.471484375,16.));
#6081 = VECTOR('',#6082,1.);
#6082 = DIRECTION('',(0.,-1.,0.));
#6083 = PCURVE('',#324,#6084);
#6084 = DEFINITIONAL_REPRESENTATION('',(#6085),#6088);
#6085 = B_SPLINE_CURVE_WITH_KNOTS('',1,(#6086,#6087),.UNSPECIFIED.,.F.,
  .F.,(2,2),(-5.932421875,-5.471484375),.PIECEWISE_BEZIER_KNOTS.);
#6086 = CARTESIAN_POINT('',(15.596875,11.40390625));
#6087 = CARTESIAN_POINT('',(15.596875,10.94296875));
#6088 = ( GEOMETRIC_REPRESENTATION_CONTEXT(2) 
PARAMETRIC_REPRESENTATION_CONTEXT() REPRESENTATION_CONTEXT('2D SPACE',''
  ) );
#6089 = PCURVE('',#6090,#6095);
#6090 = PLANE('',#6091);
#6091 = AXIS2_PLACEMENT_3D('',#6092,#6093,#6094);
#6092 = CARTESIAN_POINT('',(15.596875,43.94296875,15.95));
#6093 = DIRECTION('',(-1.,0.,0.));
#6094 = DIRECTION('',(0.,1.,0.));
#6095 = DEFINITIONAL_REPRESENTATION('',(#6096),#6099);
#6096 = B_SPLINE_CURVE_WITH_KNOTS('',1,(#6097,#6098),.UNSPECIFIED.,.F.,
  .F.,(2,2),(-5.932421875,-5.471484375),.PIECEWISE_BEZIER_KNOTS.);
#6097 = CARTESIAN_POINT('',(0.4609375,-5.E-02));
#6098 = CARTESIAN_POINT('',(0.,-5.E-02));
#6099 = ( GEOMETRIC_REPRESENTATION_CONTEXT(2) 
PARAMETRIC_REPRESENTATION_CONTEXT() REPRESENTATION_CONTEXT('2D SPACE',''
  ) );
#6100 = ORIENTED_EDGE('',*,*,#6101,.F.);
#6101 = EDGE_CURVE('',#6102,#6076,#6104,.T.);
#6102 = VERTEX_POINT('',#6103);
#6103 = CARTESIAN_POINT('',(14.659375,44.40390625,16.));
#6104 = SURFACE_CURVE('',#6105,(#6109,#6115),.PCURVE_S1.);
#6105 = LINE('',#6106,#6107);
#6106 = CARTESIAN_POINT('',(7.7984375,44.40390625,16.));
#6107 = VECTOR('',#6108,1.);
#6108 = DIRECTION('',(1.,0.,-0.));
#6109 = PCURVE('',#324,#6110);
#6110 = DEFINITIONAL_REPRESENTATION('',(#6111),#6114);
#6111 = B_SPLINE_CURVE_WITH_KNOTS('',1,(#6112,#6113),.UNSPECIFIED.,.F.,
  .F.,(2,2),(6.8609375,7.7984375),.PIECEWISE_BEZIER_KNOTS.);
#6112 = CARTESIAN_POINT('',(14.659375,11.40390625));
#6113 = CARTESIAN_POINT('',(15.596875,11.40390625));
#6114 = ( GEOMETRIC_REPRESENTATION_CONTEXT(2) 
PARAMETRIC_REPRESENTATION_CONTEXT() REPRESENTATION_CONTEXT('2D SPACE',''
  ) );
#6115 = PCURVE('',#6116,#6121);
#6116 = PLANE('',#6117);
#6117 = AXIS2_PLACEMENT_3D('',#6118,#6119,#6120);
#6118 = CARTESIAN_POINT('',(15.596875,44.40390625,15.95));
#6119 = DIRECTION('',(0.,-1.,0.));
#6120 = DIRECTION('',(-1.,0.,0.));
#6121 = DEFINITIONAL_REPRESENTATION('',(#6122),#6125);
#6122 = B_SPLINE_CURVE_WITH_KNOTS('',1,(#6123,#6124),.UNSPECIFIED.,.F.,
  .F.,(2,2),(6.8609375,7.7984375),.PIECEWISE_BEZIER_KNOTS.);
#6123 = CARTESIAN_POINT('',(0.9375,-5.E-02));
#6124 = CARTESIAN_POINT('',(0.,-5.E-02));
#6125 = ( GEOMETRIC_REPRESENTATION_CONTEXT(2) 
PARAMETRIC_REPRESENTATION_CONTEXT() REPRESENTATION_CONTEXT('2D SPACE',''
  ) );
#6126 = ORIENTED_EDGE('',*,*,#6127,.F.);
#6127 = EDGE_CURVE('',#6128,#6102,#6130,.T.);
#6128 = VERTEX_POINT('',#6129);
#6129 = CARTESIAN_POINT('',(14.659375,44.78828125,16.));
#6130 = SURFACE_CURVE('',#6131,(#6135,#6141),.PCURVE_S1.);
#6131 = LINE('',#6132,#6133);
#6132 = CARTESIAN_POINT('',(14.659375,38.701953125,16.));
#6133 = VECTOR('',#6134,1.);
#6134 = DIRECTION('',(0.,-1.,0.));
#6135 = PCURVE('',#324,#6136);
#6136 = DEFINITIONAL_REPRESENTATION('',(#6137),#6140);
#6137 = B_SPLINE_CURVE_WITH_KNOTS('',1,(#6138,#6139),.UNSPECIFIED.,.F.,
  .F.,(2,2),(-6.086328125,-5.701953125),.PIECEWISE_BEZIER_KNOTS.);
#6138 = CARTESIAN_POINT('',(14.659375,11.78828125));
#6139 = CARTESIAN_POINT('',(14.659375,11.40390625));
#6140 = ( GEOMETRIC_REPRESENTATION_CONTEXT(2) 
PARAMETRIC_REPRESENTATION_CONTEXT() REPRESENTATION_CONTEXT('2D SPACE',''
  ) );
#6141 = PCURVE('',#6142,#6147);
#6142 = PLANE('',#6143);
#6143 = AXIS2_PLACEMENT_3D('',#6144,#6145,#6146);
#6144 = CARTESIAN_POINT('',(14.659375,44.40390625,15.95));
#6145 = DIRECTION('',(-1.,0.,0.));
#6146 = DIRECTION('',(0.,1.,0.));
#6147 = DEFINITIONAL_REPRESENTATION('',(#6148),#6151);
#6148 = B_SPLINE_CURVE_WITH_KNOTS('',1,(#6149,#6150),.UNSPECIFIED.,.F.,
  .F.,(2,2),(-6.086328125,-5.701953125),.PIECEWISE_BEZIER_KNOTS.);
#6149 = CARTESIAN_POINT('',(0.384375,-5.E-02));
#6150 = CARTESIAN_POINT('',(0.,-5.E-02));
#6151 = ( GEOMETRIC_REPRESENTATION_CONTEXT(2) 
PARAMETRIC_REPRESENTATION_CONTEXT() REPRESENTATION_CONTEXT('2D SPACE',''
  ) );
#6152 = ORIENTED_EDGE('',*,*,#6153,.F.);
#6153 = EDGE_CURVE('',#6154,#6128,#6156,.T.);
#6154 = VERTEX_POINT('',#6155);
#6155 = CARTESIAN_POINT('',(15.653125,46.24296875,16.));
#6156 = SURFACE_CURVE('',#6157,(#6161,#6167),.PCURVE_S1.);
#6157 = LINE('',#6158,#6159);
#6158 = CARTESIAN_POINT('',(9.581846030396,37.355609126255,16.));
#6159 = VECTOR('',#6160,1.);
#6160 = DIRECTION('',(-0.564079656222,-0.825720377268,0.));
#6161 = PCURVE('',#324,#6162);
#6162 = DEFINITIONAL_REPRESENTATION('',(#6163),#6166);
#6163 = B_SPLINE_CURVE_WITH_KNOTS('',1,(#6164,#6165),.UNSPECIFIED.,.F.,
  .F.,(2,2),(-10.76315889544,-9.001439625764),.PIECEWISE_BEZIER_KNOTS.);
#6164 = CARTESIAN_POINT('',(15.653125,13.24296875));
#6165 = CARTESIAN_POINT('',(14.659375,11.78828125));
#6166 = ( GEOMETRIC_REPRESENTATION_CONTEXT(2) 
PARAMETRIC_REPRESENTATION_CONTEXT() REPRESENTATION_CONTEXT('2D SPACE',''
  ) );
#6167 = PCURVE('',#6168,#6173);
#6168 = PLANE('',#6169);
#6169 = AXIS2_PLACEMENT_3D('',#6170,#6171,#6172);
#6170 = CARTESIAN_POINT('',(14.659375,44.78828125,15.95));
#6171 = DIRECTION('',(-0.825720377268,0.564079656222,0.));
#6172 = DIRECTION('',(0.564079656222,0.825720377268,0.));
#6173 = DEFINITIONAL_REPRESENTATION('',(#6174),#6177);
#6174 = B_SPLINE_CURVE_WITH_KNOTS('',1,(#6175,#6176),.UNSPECIFIED.,.F.,
  .F.,(2,2),(-10.76315889544,-9.001439625764),.PIECEWISE_BEZIER_KNOTS.);
#6175 = CARTESIAN_POINT('',(1.761719269678,-5.E-02));
#6176 = CARTESIAN_POINT('',(0.,-5.E-02));
#6177 = ( GEOMETRIC_REPRESENTATION_CONTEXT(2) 
PARAMETRIC_REPRESENTATION_CONTEXT() REPRESENTATION_CONTEXT('2D SPACE',''
  ) );
#6178 = ORIENTED_EDGE('',*,*,#6179,.F.);
#6179 = EDGE_CURVE('',#6180,#6154,#6182,.T.);
#6180 = VERTEX_POINT('',#6181);
#6181 = CARTESIAN_POINT('',(16.021875,46.24296875,16.));
#6182 = SURFACE_CURVE('',#6183,(#6187,#6193),.PCURVE_S1.);
#6183 = LINE('',#6184,#6185);
#6184 = CARTESIAN_POINT('',(7.8265625,46.24296875,16.));
#6185 = VECTOR('',#6186,1.);
#6186 = DIRECTION('',(-1.,0.,0.));
#6187 = PCURVE('',#324,#6188);
#6188 = DEFINITIONAL_REPRESENTATION('',(#6189),#6192);
#6189 = B_SPLINE_CURVE_WITH_KNOTS('',1,(#6190,#6191),.UNSPECIFIED.,.F.,
  .F.,(2,2),(-8.1953125,-7.8265625),.PIECEWISE_BEZIER_KNOTS.);
#6190 = CARTESIAN_POINT('',(16.021875,13.24296875));
#6191 = CARTESIAN_POINT('',(15.653125,13.24296875));
#6192 = ( GEOMETRIC_REPRESENTATION_CONTEXT(2) 
PARAMETRIC_REPRESENTATION_CONTEXT() REPRESENTATION_CONTEXT('2D SPACE',''
  ) );
#6193 = PCURVE('',#6194,#6199);
#6194 = PLANE('',#6195);
#6195 = AXIS2_PLACEMENT_3D('',#6196,#6197,#6198);
#6196 = CARTESIAN_POINT('',(15.653125,46.24296875,15.95));
#6197 = DIRECTION('',(0.,1.,0.));
#6198 = DIRECTION('',(1.,0.,0.));
#6199 = DEFINITIONAL_REPRESENTATION('',(#6200),#6203);
#6200 = B_SPLINE_CURVE_WITH_KNOTS('',1,(#6201,#6202),.UNSPECIFIED.,.F.,
  .F.,(2,2),(-8.1953125,-7.8265625),.PIECEWISE_BEZIER_KNOTS.);
#6201 = CARTESIAN_POINT('',(0.36875,-5.E-02));
#6202 = CARTESIAN_POINT('',(0.,-5.E-02));
#6203 = ( GEOMETRIC_REPRESENTATION_CONTEXT(2) 
PARAMETRIC_REPRESENTATION_CONTEXT() REPRESENTATION_CONTEXT('2D SPACE',''
  ) );
#6204 = ORIENTED_EDGE('',*,*,#6205,.F.);
#6205 = EDGE_CURVE('',#6206,#6180,#6208,.T.);
#6206 = VERTEX_POINT('',#6207);
#6207 = CARTESIAN_POINT('',(16.021875,44.78984375,16.));
#6208 = SURFACE_CURVE('',#6209,(#6213,#6219),.PCURVE_S1.);
#6209 = LINE('',#6210,#6211);
#6210 = CARTESIAN_POINT('',(16.021875,39.621484375,16.));
#6211 = VECTOR('',#6212,1.);
#6212 = DIRECTION('',(0.,1.,0.));
#6213 = PCURVE('',#324,#6214);
#6214 = DEFINITIONAL_REPRESENTATION('',(#6215),#6218);
#6215 = B_SPLINE_CURVE_WITH_KNOTS('',1,(#6216,#6217),.UNSPECIFIED.,.F.,
  .F.,(2,2),(5.168359375,6.621484375),.PIECEWISE_BEZIER_KNOTS.);
#6216 = CARTESIAN_POINT('',(16.021875,11.78984375));
#6217 = CARTESIAN_POINT('',(16.021875,13.24296875));
#6218 = ( GEOMETRIC_REPRESENTATION_CONTEXT(2) 
PARAMETRIC_REPRESENTATION_CONTEXT() REPRESENTATION_CONTEXT('2D SPACE',''
  ) );
#6219 = PCURVE('',#6220,#6225);
#6220 = PLANE('',#6221);
#6221 = AXIS2_PLACEMENT_3D('',#6222,#6223,#6224);
#6222 = CARTESIAN_POINT('',(16.021875,46.24296875,15.95));
#6223 = DIRECTION('',(1.,0.,0.));
#6224 = DIRECTION('',(0.,-1.,0.));
#6225 = DEFINITIONAL_REPRESENTATION('',(#6226),#6229);
#6226 = B_SPLINE_CURVE_WITH_KNOTS('',1,(#6227,#6228),.UNSPECIFIED.,.F.,
  .F.,(2,2),(5.168359375,6.621484375),.PIECEWISE_BEZIER_KNOTS.);
#6227 = CARTESIAN_POINT('',(1.453125,-5.E-02));
#6228 = CARTESIAN_POINT('',(0.,-5.E-02));
#6229 = ( GEOMETRIC_REPRESENTATION_CONTEXT(2) 
PARAMETRIC_REPRESENTATION_CONTEXT() REPRESENTATION_CONTEXT('2D SPACE',''
  ) );
#6230 = ORIENTED_EDGE('',*,*,#6231,.F.);
#6231 = EDGE_CURVE('',#6232,#6206,#6234,.T.);
#6232 = VERTEX_POINT('',#6233);
#6233 = CARTESIAN_POINT('',(16.30625,44.78984375,16.));
#6234 = SURFACE_CURVE('',#6235,(#6239,#6245),.PCURVE_S1.);
#6235 = LINE('',#6236,#6237);
#6236 = CARTESIAN_POINT('',(8.0109375,44.78984375,16.));
#6237 = VECTOR('',#6238,1.);
#6238 = DIRECTION('',(-1.,0.,0.));
#6239 = PCURVE('',#324,#6240);
#6240 = DEFINITIONAL_REPRESENTATION('',(#6241),#6244);
#6241 = B_SPLINE_CURVE_WITH_KNOTS('',1,(#6242,#6243),.UNSPECIFIED.,.F.,
  .F.,(2,2),(-8.2953125,-8.0109375),.PIECEWISE_BEZIER_KNOTS.);
#6242 = CARTESIAN_POINT('',(16.30625,11.78984375));
#6243 = CARTESIAN_POINT('',(16.021875,11.78984375));
#6244 = ( GEOMETRIC_REPRESENTATION_CONTEXT(2) 
PARAMETRIC_REPRESENTATION_CONTEXT() REPRESENTATION_CONTEXT('2D SPACE',''
  ) );
#6245 = PCURVE('',#6246,#6251);
#6246 = PLANE('',#6247);
#6247 = AXIS2_PLACEMENT_3D('',#6248,#6249,#6250);
#6248 = CARTESIAN_POINT('',(16.021875,44.78984375,15.95));
#6249 = DIRECTION('',(0.,1.,0.));
#6250 = DIRECTION('',(1.,0.,0.));
#6251 = DEFINITIONAL_REPRESENTATION('',(#6252),#6255);
#6252 = B_SPLINE_CURVE_WITH_KNOTS('',1,(#6253,#6254),.UNSPECIFIED.,.F.,
  .F.,(2,2),(-8.2953125,-8.0109375),.PIECEWISE_BEZIER_KNOTS.);
#6253 = CARTESIAN_POINT('',(0.284375,-5.E-02));
#6254 = CARTESIAN_POINT('',(0.,-5.E-02));
#6255 = ( GEOMETRIC_REPRESENTATION_CONTEXT(2) 
PARAMETRIC_REPRESENTATION_CONTEXT() REPRESENTATION_CONTEXT('2D SPACE',''
  ) );
#6256 = ORIENTED_EDGE('',*,*,#6257,.F.);
#6257 = EDGE_CURVE('',#6258,#6232,#6260,.T.);
#6258 = VERTEX_POINT('',#6259);
#6259 = CARTESIAN_POINT('',(16.30625,44.40390625,16.));
#6260 = SURFACE_CURVE('',#6261,(#6265,#6271),.PCURVE_S1.);
#6261 = LINE('',#6262,#6263);
#6262 = CARTESIAN_POINT('',(16.30625,38.894921875,16.));
#6263 = VECTOR('',#6264,1.);
#6264 = DIRECTION('',(0.,1.,0.));
#6265 = PCURVE('',#324,#6266);
#6266 = DEFINITIONAL_REPRESENTATION('',(#6267),#6270);
#6267 = B_SPLINE_CURVE_WITH_KNOTS('',1,(#6268,#6269),.UNSPECIFIED.,.F.,
  .F.,(2,2),(5.508984375,5.894921875),.PIECEWISE_BEZIER_KNOTS.);
#6268 = CARTESIAN_POINT('',(16.30625,11.40390625));
#6269 = CARTESIAN_POINT('',(16.30625,11.78984375));
#6270 = ( GEOMETRIC_REPRESENTATION_CONTEXT(2) 
PARAMETRIC_REPRESENTATION_CONTEXT() REPRESENTATION_CONTEXT('2D SPACE',''
  ) );
#6271 = PCURVE('',#6272,#6277);
#6272 = PLANE('',#6273);
#6273 = AXIS2_PLACEMENT_3D('',#6274,#6275,#6276);
#6274 = CARTESIAN_POINT('',(16.30625,44.78984375,15.95));
#6275 = DIRECTION('',(1.,0.,0.));
#6276 = DIRECTION('',(0.,-1.,0.));
#6277 = DEFINITIONAL_REPRESENTATION('',(#6278),#6281);
#6278 = B_SPLINE_CURVE_WITH_KNOTS('',1,(#6279,#6280),.UNSPECIFIED.,.F.,
  .F.,(2,2),(5.508984375,5.894921875),.PIECEWISE_BEZIER_KNOTS.);
#6279 = CARTESIAN_POINT('',(0.3859375,-5.E-02));
#6280 = CARTESIAN_POINT('',(0.,-5.E-02));
#6281 = ( GEOMETRIC_REPRESENTATION_CONTEXT(2) 
PARAMETRIC_REPRESENTATION_CONTEXT() REPRESENTATION_CONTEXT('2D SPACE',''
  ) );
#6282 = ORIENTED_EDGE('',*,*,#6283,.F.);
#6283 = EDGE_CURVE('',#6284,#6258,#6286,.T.);
#6284 = VERTEX_POINT('',#6285);
#6285 = CARTESIAN_POINT('',(16.021875,44.40390625,16.));
#6286 = SURFACE_CURVE('',#6287,(#6291,#6297),.PCURVE_S1.);
#6287 = LINE('',#6288,#6289);
#6288 = CARTESIAN_POINT('',(8.153125,44.40390625,16.));
#6289 = VECTOR('',#6290,1.);
#6290 = DIRECTION('',(1.,0.,-0.));
#6291 = PCURVE('',#324,#6292);
#6292 = DEFINITIONAL_REPRESENTATION('',(#6293),#6296);
#6293 = B_SPLINE_CURVE_WITH_KNOTS('',1,(#6294,#6295),.UNSPECIFIED.,.F.,
  .F.,(2,2),(7.86875,8.153125),.PIECEWISE_BEZIER_KNOTS.);
#6294 = CARTESIAN_POINT('',(16.021875,11.40390625));
#6295 = CARTESIAN_POINT('',(16.30625,11.40390625));
#6296 = ( GEOMETRIC_REPRESENTATION_CONTEXT(2) 
PARAMETRIC_REPRESENTATION_CONTEXT() REPRESENTATION_CONTEXT('2D SPACE',''
  ) );
#6297 = PCURVE('',#6298,#6303);
#6298 = PLANE('',#6299);
#6299 = AXIS2_PLACEMENT_3D('',#6300,#6301,#6302);
#6300 = CARTESIAN_POINT('',(16.30625,44.40390625,15.95));
#6301 = DIRECTION('',(0.,-1.,0.));
#6302 = DIRECTION('',(-1.,0.,0.));
#6303 = DEFINITIONAL_REPRESENTATION('',(#6304),#6307);
#6304 = B_SPLINE_CURVE_WITH_KNOTS('',1,(#6305,#6306),.UNSPECIFIED.,.F.,
  .F.,(2,2),(7.86875,8.153125),.PIECEWISE_BEZIER_KNOTS.);
#6305 = CARTESIAN_POINT('',(0.284375,-5.E-02));
#6306 = CARTESIAN_POINT('',(0.,-5.E-02));
#6307 = ( GEOMETRIC_REPRESENTATION_CONTEXT(2) 
PARAMETRIC_REPRESENTATION_CONTEXT() REPRESENTATION_CONTEXT('2D SPACE',''
  ) );
#6308 = ORIENTED_EDGE('',*,*,#6309,.F.);
#6309 = EDGE_CURVE('',#6050,#6284,#6310,.T.);
#6310 = SURFACE_CURVE('',#6311,(#6315,#6321),.PCURVE_S1.);
#6311 = LINE('',#6312,#6313);
#6312 = CARTESIAN_POINT('',(16.021875,38.701953125,16.));
#6313 = VECTOR('',#6314,1.);
#6314 = DIRECTION('',(0.,1.,0.));
#6315 = PCURVE('',#324,#6316);
#6316 = DEFINITIONAL_REPRESENTATION('',(#6317),#6320);
#6317 = B_SPLINE_CURVE_WITH_KNOTS('',1,(#6318,#6319),.UNSPECIFIED.,.F.,
  .F.,(2,2),(5.241015625,5.701953125),.PIECEWISE_BEZIER_KNOTS.);
#6318 = CARTESIAN_POINT('',(16.021875,10.94296875));
#6319 = CARTESIAN_POINT('',(16.021875,11.40390625));
#6320 = ( GEOMETRIC_REPRESENTATION_CONTEXT(2) 
PARAMETRIC_REPRESENTATION_CONTEXT() REPRESENTATION_CONTEXT('2D SPACE',''
  ) );
#6321 = PCURVE('',#6322,#6327);
#6322 = PLANE('',#6323);
#6323 = AXIS2_PLACEMENT_3D('',#6324,#6325,#6326);
#6324 = CARTESIAN_POINT('',(16.021875,44.40390625,15.95));
#6325 = DIRECTION('',(1.,0.,0.));
#6326 = DIRECTION('',(0.,-1.,0.));
#6327 = DEFINITIONAL_REPRESENTATION('',(#6328),#6331);
#6328 = B_SPLINE_CURVE_WITH_KNOTS('',1,(#6329,#6330),.UNSPECIFIED.,.F.,
  .F.,(2,2),(5.241015625,5.701953125),.PIECEWISE_BEZIER_KNOTS.);
#6329 = CARTESIAN_POINT('',(0.4609375,-5.E-02));
#6330 = CARTESIAN_POINT('',(0.,-5.E-02));
#6331 = ( GEOMETRIC_REPRESENTATION_CONTEXT(2) 
PARAMETRIC_REPRESENTATION_CONTEXT() REPRESENTATION_CONTEXT('2D SPACE',''
  ) );
#6332 = FACE_BOUND('',#6333,.T.);
#6333 = EDGE_LOOP('',(#6334,#6362,#6388,#6414));
#6334 = ORIENTED_EDGE('',*,*,#6335,.T.);
#6335 = EDGE_CURVE('',#6336,#6338,#6340,.T.);
#6336 = VERTEX_POINT('',#6337);
#6337 = CARTESIAN_POINT('',(22.775,41.125,16.));
#6338 = VERTEX_POINT('',#6339);
#6339 = CARTESIAN_POINT('',(19.225,41.125,16.));
#6340 = SURFACE_CURVE('',#6341,(#6345,#6351),.PCURVE_S1.);
#6341 = LINE('',#6342,#6343);
#6342 = CARTESIAN_POINT('',(9.6125,41.125,16.));
#6343 = VECTOR('',#6344,1.);
#6344 = DIRECTION('',(-1.,0.,0.));
#6345 = PCURVE('',#324,#6346);
#6346 = DEFINITIONAL_REPRESENTATION('',(#6347),#6350);
#6347 = B_SPLINE_CURVE_WITH_KNOTS('',1,(#6348,#6349),.UNSPECIFIED.,.F.,
  .F.,(2,2),(-13.1625,-9.6125),.PIECEWISE_BEZIER_KNOTS.);
#6348 = CARTESIAN_POINT('',(22.775,8.125));
#6349 = CARTESIAN_POINT('',(19.225,8.125));
#6350 = ( GEOMETRIC_REPRESENTATION_CONTEXT(2) 
PARAMETRIC_REPRESENTATION_CONTEXT() REPRESENTATION_CONTEXT('2D SPACE',''
  ) );
#6351 = PCURVE('',#6352,#6357);
#6352 = PLANE('',#6353);
#6353 = AXIS2_PLACEMENT_3D('',#6354,#6355,#6356);
#6354 = CARTESIAN_POINT('',(19.225,41.125,0.2));
#6355 = DIRECTION('',(0.,1.,0.));
#6356 = DIRECTION('',(0.,0.,1.));
#6357 = DEFINITIONAL_REPRESENTATION('',(#6358),#6361);
#6358 = B_SPLINE_CURVE_WITH_KNOTS('',1,(#6359,#6360),.UNSPECIFIED.,.F.,
  .F.,(2,2),(-13.1625,-9.6125),.PIECEWISE_BEZIER_KNOTS.);
#6359 = CARTESIAN_POINT('',(15.8,3.55));
#6360 = CARTESIAN_POINT('',(15.8,0.));
#6361 = ( GEOMETRIC_REPRESENTATION_CONTEXT(2) 
PARAMETRIC_REPRESENTATION_CONTEXT() REPRESENTATION_CONTEXT('2D SPACE',''
  ) );
#6362 = ORIENTED_EDGE('',*,*,#6363,.T.);
#6363 = EDGE_CURVE('',#6338,#6364,#6366,.T.);
#6364 = VERTEX_POINT('',#6365);
#6365 = CARTESIAN_POINT('',(19.225,48.875,16.));
#6366 = SURFACE_CURVE('',#6367,(#6371,#6377),.PCURVE_S1.);
#6367 = LINE('',#6368,#6369);
#6368 = CARTESIAN_POINT('',(19.225,37.0625,16.));
#6369 = VECTOR('',#6370,1.);
#6370 = DIRECTION('',(0.,1.,0.));
#6371 = PCURVE('',#324,#6372);
#6372 = DEFINITIONAL_REPRESENTATION('',(#6373),#6376);
#6373 = B_SPLINE_CURVE_WITH_KNOTS('',1,(#6374,#6375),.UNSPECIFIED.,.F.,
  .F.,(2,2),(4.0625,11.8125),.PIECEWISE_BEZIER_KNOTS.);
#6374 = CARTESIAN_POINT('',(19.225,8.125));
#6375 = CARTESIAN_POINT('',(19.225,15.875));
#6376 = ( GEOMETRIC_REPRESENTATION_CONTEXT(2) 
PARAMETRIC_REPRESENTATION_CONTEXT() REPRESENTATION_CONTEXT('2D SPACE',''
  ) );
#6377 = PCURVE('',#6378,#6383);
#6378 = PLANE('',#6379);
#6379 = AXIS2_PLACEMENT_3D('',#6380,#6381,#6382);
#6380 = CARTESIAN_POINT('',(19.225,41.125,0.2));
#6381 = DIRECTION('',(1.,0.,0.));
#6382 = DIRECTION('',(0.,0.,1.));
#6383 = DEFINITIONAL_REPRESENTATION('',(#6384),#6387);
#6384 = B_SPLINE_CURVE_WITH_KNOTS('',1,(#6385,#6386),.UNSPECIFIED.,.F.,
  .F.,(2,2),(4.0625,11.8125),.PIECEWISE_BEZIER_KNOTS.);
#6385 = CARTESIAN_POINT('',(15.8,0.));
#6386 = CARTESIAN_POINT('',(15.8,-7.75));
#6387 = ( GEOMETRIC_REPRESENTATION_CONTEXT(2) 
PARAMETRIC_REPRESENTATION_CONTEXT() REPRESENTATION_CONTEXT('2D SPACE',''
  ) );
#6388 = ORIENTED_EDGE('',*,*,#6389,.F.);
#6389 = EDGE_CURVE('',#6390,#6364,#6392,.T.);
#6390 = VERTEX_POINT('',#6391);
#6391 = CARTESIAN_POINT('',(22.775,48.875,16.));
#6392 = SURFACE_CURVE('',#6393,(#6397,#6403),.PCURVE_S1.);
#6393 = LINE('',#6394,#6395);
#6394 = CARTESIAN_POINT('',(9.6125,48.875,16.));
#6395 = VECTOR('',#6396,1.);
#6396 = DIRECTION('',(-1.,0.,0.));
#6397 = PCURVE('',#324,#6398);
#6398 = DEFINITIONAL_REPRESENTATION('',(#6399),#6402);
#6399 = B_SPLINE_CURVE_WITH_KNOTS('',1,(#6400,#6401),.UNSPECIFIED.,.F.,
  .F.,(2,2),(-13.1625,-9.6125),.PIECEWISE_BEZIER_KNOTS.);
#6400 = CARTESIAN_POINT('',(22.775,15.875));
#6401 = CARTESIAN_POINT('',(19.225,15.875));
#6402 = ( GEOMETRIC_REPRESENTATION_CONTEXT(2) 
PARAMETRIC_REPRESENTATION_CONTEXT() REPRESENTATION_CONTEXT('2D SPACE',''
  ) );
#6403 = PCURVE('',#6404,#6409);
#6404 = PLANE('',#6405);
#6405 = AXIS2_PLACEMENT_3D('',#6406,#6407,#6408);
#6406 = CARTESIAN_POINT('',(19.225,48.875,0.2));
#6407 = DIRECTION('',(0.,1.,0.));
#6408 = DIRECTION('',(0.,0.,1.));
#6409 = DEFINITIONAL_REPRESENTATION('',(#6410),#6413);
#6410 = B_SPLINE_CURVE_WITH_KNOTS('',1,(#6411,#6412),.UNSPECIFIED.,.F.,
  .F.,(2,2),(-13.1625,-9.6125),.PIECEWISE_BEZIER_KNOTS.);
#6411 = CARTESIAN_POINT('',(15.8,3.55));
#6412 = CARTESIAN_POINT('',(15.8,0.));
#6413 = ( GEOMETRIC_REPRESENTATION_CONTEXT(2) 
PARAMETRIC_REPRESENTATION_CONTEXT() REPRESENTATION_CONTEXT('2D SPACE',''
  ) );
#6414 = ORIENTED_EDGE('',*,*,#6415,.F.);
#6415 = EDGE_CURVE('',#6336,#6390,#6416,.T.);
#6416 = SURFACE_CURVE('',#6417,(#6421,#6427),.PCURVE_S1.);
#6417 = LINE('',#6418,#6419);
#6418 = CARTESIAN_POINT('',(22.775,37.0625,16.));
#6419 = VECTOR('',#6420,1.);
#6420 = DIRECTION('',(0.,1.,0.));
#6421 = PCURVE('',#324,#6422);
#6422 = DEFINITIONAL_REPRESENTATION('',(#6423),#6426);
#6423 = B_SPLINE_CURVE_WITH_KNOTS('',1,(#6424,#6425),.UNSPECIFIED.,.F.,
  .F.,(2,2),(4.0625,11.8125),.PIECEWISE_BEZIER_KNOTS.);
#6424 = CARTESIAN_POINT('',(22.775,8.125));
#6425 = CARTESIAN_POINT('',(22.775,15.875));
#6426 = ( GEOMETRIC_REPRESENTATION_CONTEXT(2) 
PARAMETRIC_REPRESENTATION_CONTEXT() REPRESENTATION_CONTEXT('2D SPACE',''
  ) );
#6427 = PCURVE('',#6428,#6433);
#6428 = PLANE('',#6429);
#6429 = AXIS2_PLACEMENT_3D('',#6430,#6431,#6432);
#6430 = CARTESIAN_POINT('',(22.775,41.125,0.2));
#6431 = DIRECTION('',(1.,0.,0.));
#6432 = DIRECTION('',(0.,0.,1.));
#6433 = DEFINITIONAL_REPRESENTATION('',(#6434),#6437);
#6434 = B_SPLINE_CURVE_WITH_KNOTS('',1,(#6435,#6436),.UNSPECIFIED.,.F.,
  .F.,(2,2),(4.0625,11.8125),.PIECEWISE_BEZIER_KNOTS.);
#6435 = CARTESIAN_POINT('',(15.8,0.));
#6436 = CARTESIAN_POINT('',(15.8,-7.75));
#6437 = ( GEOMETRIC_REPRESENTATION_CONTEXT(2) 
PARAMETRIC_REPRESENTATION_CONTEXT() REPRESENTATION_CONTEXT('2D SPACE',''
  ) );
#6438 = ADVANCED_FACE('',(#6439),#240,.T.);
#6439 = FACE_BOUND('',#6440,.T.);
#6440 = EDGE_LOOP('',(#6441,#6442,#6466,#6487));
#6441 = ORIENTED_EDGE('',*,*,#224,.F.);
#6442 = ORIENTED_EDGE('',*,*,#6443,.T.);
#6443 = EDGE_CURVE('',#225,#6444,#6446,.T.);
#6444 = VERTEX_POINT('',#6445);
#6445 = CARTESIAN_POINT('',(2.5,63.,4.));
#6446 = SURFACE_CURVE('',#6447,(#6452,#6459),.PCURVE_S1.);
#6447 = CIRCLE('',#6448,2.5);
#6448 = AXIS2_PLACEMENT_3D('',#6449,#6450,#6451);
#6449 = CARTESIAN_POINT('',(2.5,65.5,4.));
#6450 = DIRECTION('',(0.,0.,1.));
#6451 = DIRECTION('',(-1.,-0.,0.));
#6452 = PCURVE('',#240,#6453);
#6453 = DEFINITIONAL_REPRESENTATION('',(#6454),#6458);
#6454 = LINE('',#6455,#6456);
#6455 = CARTESIAN_POINT('',(0.,4.));
#6456 = VECTOR('',#6457,1.);
#6457 = DIRECTION('',(1.,0.));
#6458 = ( GEOMETRIC_REPRESENTATION_CONTEXT(2) 
PARAMETRIC_REPRESENTATION_CONTEXT() REPRESENTATION_CONTEXT('2D SPACE',''
  ) );
#6459 = PCURVE('',#268,#6460);
#6460 = DEFINITIONAL_REPRESENTATION('',(#6461),#6465);
#6461 = CIRCLE('',#6462,2.5);
#6462 = AXIS2_PLACEMENT_2D('',#6463,#6464);
#6463 = CARTESIAN_POINT('',(2.5,65.5));
#6464 = DIRECTION('',(-1.,0.));
#6465 = ( GEOMETRIC_REPRESENTATION_CONTEXT(2) 
PARAMETRIC_REPRESENTATION_CONTEXT() REPRESENTATION_CONTEXT('2D SPACE',''
  ) );
#6466 = ORIENTED_EDGE('',*,*,#6467,.T.);
#6467 = EDGE_CURVE('',#6444,#3435,#6468,.T.);
#6468 = SURFACE_CURVE('',#6469,(#6473,#6480),.PCURVE_S1.);
#6469 = LINE('',#6470,#6471);
#6470 = CARTESIAN_POINT('',(2.5,63.,0.));
#6471 = VECTOR('',#6472,1.);
#6472 = DIRECTION('',(0.,0.,1.));
#6473 = PCURVE('',#240,#6474);
#6474 = DEFINITIONAL_REPRESENTATION('',(#6475),#6479);
#6475 = LINE('',#6476,#6477);
#6476 = CARTESIAN_POINT('',(1.570796326795,0.));
#6477 = VECTOR('',#6478,1.);
#6478 = DIRECTION('',(0.,1.));
#6479 = ( GEOMETRIC_REPRESENTATION_CONTEXT(2) 
PARAMETRIC_REPRESENTATION_CONTEXT() REPRESENTATION_CONTEXT('2D SPACE',''
  ) );
#6480 = PCURVE('',#3474,#6481);
#6481 = DEFINITIONAL_REPRESENTATION('',(#6482),#6486);
#6482 = LINE('',#6483,#6484);
#6483 = CARTESIAN_POINT('',(0.,2.5));
#6484 = VECTOR('',#6485,1.);
#6485 = DIRECTION('',(1.,0.));
#6486 = ( GEOMETRIC_REPRESENTATION_CONTEXT(2) 
PARAMETRIC_REPRESENTATION_CONTEXT() REPRESENTATION_CONTEXT('2D SPACE',''
  ) );
#6487 = ORIENTED_EDGE('',*,*,#3434,.F.);
#6488 = ADVANCED_FACE('',(#6489),#296,.T.);
#6489 = FACE_BOUND('',#6490,.F.);
#6490 = EDGE_LOOP('',(#6491,#6492,#6516,#6537));
#6491 = ORIENTED_EDGE('',*,*,#280,.F.);
#6492 = ORIENTED_EDGE('',*,*,#6493,.F.);
#6493 = EDGE_CURVE('',#6494,#253,#6496,.T.);
#6494 = VERTEX_POINT('',#6495);
#6495 = CARTESIAN_POINT('',(2.5,57.,4.));
#6496 = SURFACE_CURVE('',#6497,(#6502,#6509),.PCURVE_S1.);
#6497 = CIRCLE('',#6498,2.5);
#6498 = AXIS2_PLACEMENT_3D('',#6499,#6500,#6501);
#6499 = CARTESIAN_POINT('',(2.5,54.5,4.));
#6500 = DIRECTION('',(0.,0.,1.));
#6501 = DIRECTION('',(-1.,-0.,0.));
#6502 = PCURVE('',#296,#6503);
#6503 = DEFINITIONAL_REPRESENTATION('',(#6504),#6508);
#6504 = LINE('',#6505,#6506);
#6505 = CARTESIAN_POINT('',(-6.28318530718,4.));
#6506 = VECTOR('',#6507,1.);
#6507 = DIRECTION('',(1.,-0.));
#6508 = ( GEOMETRIC_REPRESENTATION_CONTEXT(2) 
PARAMETRIC_REPRESENTATION_CONTEXT() REPRESENTATION_CONTEXT('2D SPACE',''
  ) );
#6509 = PCURVE('',#268,#6510);
#6510 = DEFINITIONAL_REPRESENTATION('',(#6511),#6515);
#6511 = CIRCLE('',#6512,2.5);
#6512 = AXIS2_PLACEMENT_2D('',#6513,#6514);
#6513 = CARTESIAN_POINT('',(2.5,54.5));
#6514 = DIRECTION('',(-1.,0.));
#6515 = ( GEOMETRIC_REPRESENTATION_CONTEXT(2) 
PARAMETRIC_REPRESENTATION_CONTEXT() REPRESENTATION_CONTEXT('2D SPACE',''
  ) );
#6516 = ORIENTED_EDGE('',*,*,#6517,.T.);
#6517 = EDGE_CURVE('',#6494,#5285,#6518,.T.);
#6518 = SURFACE_CURVE('',#6519,(#6523,#6530),.PCURVE_S1.);
#6519 = LINE('',#6520,#6521);
#6520 = CARTESIAN_POINT('',(2.5,57.,0.));
#6521 = VECTOR('',#6522,1.);
#6522 = DIRECTION('',(0.,0.,1.));
#6523 = PCURVE('',#296,#6524);
#6524 = DEFINITIONAL_REPRESENTATION('',(#6525),#6529);
#6525 = LINE('',#6526,#6527);
#6526 = CARTESIAN_POINT('',(-1.570796326795,0.));
#6527 = VECTOR('',#6528,1.);
#6528 = DIRECTION('',(-0.,1.));
#6529 = ( GEOMETRIC_REPRESENTATION_CONTEXT(2) 
PARAMETRIC_REPRESENTATION_CONTEXT() REPRESENTATION_CONTEXT('2D SPACE',''
  ) );
#6530 = PCURVE('',#5300,#6531);
#6531 = DEFINITIONAL_REPRESENTATION('',(#6532),#6536);
#6532 = LINE('',#6533,#6534);
#6533 = CARTESIAN_POINT('',(0.,2.5));
#6534 = VECTOR('',#6535,1.);
#6535 = DIRECTION('',(1.,0.));
#6536 = ( GEOMETRIC_REPRESENTATION_CONTEXT(2) 
PARAMETRIC_REPRESENTATION_CONTEXT() REPRESENTATION_CONTEXT('2D SPACE',''
  ) );
#6537 = ORIENTED_EDGE('',*,*,#5312,.F.);
#6538 = ADVANCED_FACE('',(#6539),#268,.T.);
#6539 = FACE_BOUND('',#6540,.T.);
#6540 = EDGE_LOOP('',(#6541,#6542,#6543,#6564,#6588,#6611,#6635,#6654));
#6541 = ORIENTED_EDGE('',*,*,#252,.F.);
#6542 = ORIENTED_EDGE('',*,*,#6493,.F.);
#6543 = ORIENTED_EDGE('',*,*,#6544,.F.);
#6544 = EDGE_CURVE('',#6545,#6494,#6547,.T.);
#6545 = VERTEX_POINT('',#6546);
#6546 = CARTESIAN_POINT('',(23.5,57.,4.));
#6547 = SURFACE_CURVE('',#6548,(#6552,#6558),.PCURVE_S1.);
#6548 = LINE('',#6549,#6550);
#6549 = CARTESIAN_POINT('',(0.,57.,4.));
#6550 = VECTOR('',#6551,1.);
#6551 = DIRECTION('',(-1.,0.,0.));
#6552 = PCURVE('',#268,#6553);
#6553 = DEFINITIONAL_REPRESENTATION('',(#6554),#6557);
#6554 = B_SPLINE_CURVE_WITH_KNOTS('',1,(#6555,#6556),.UNSPECIFIED.,.F.,
  .F.,(2,2),(-23.5,-2.5),.PIECEWISE_BEZIER_KNOTS.);
#6555 = CARTESIAN_POINT('',(23.5,57.));
#6556 = CARTESIAN_POINT('',(2.5,57.));
#6557 = ( GEOMETRIC_REPRESENTATION_CONTEXT(2) 
PARAMETRIC_REPRESENTATION_CONTEXT() REPRESENTATION_CONTEXT('2D SPACE',''
  ) );
#6558 = PCURVE('',#5300,#6559);
#6559 = DEFINITIONAL_REPRESENTATION('',(#6560),#6563);
#6560 = B_SPLINE_CURVE_WITH_KNOTS('',1,(#6561,#6562),.UNSPECIFIED.,.F.,
  .F.,(2,2),(-23.5,-2.5),.PIECEWISE_BEZIER_KNOTS.);
#6561 = CARTESIAN_POINT('',(4.,23.5));
#6562 = CARTESIAN_POINT('',(4.,2.5));
#6563 = ( GEOMETRIC_REPRESENTATION_CONTEXT(2) 
PARAMETRIC_REPRESENTATION_CONTEXT() REPRESENTATION_CONTEXT('2D SPACE',''
  ) );
#6564 = ORIENTED_EDGE('',*,*,#6565,.F.);
#6565 = EDGE_CURVE('',#6566,#6545,#6568,.T.);
#6566 = VERTEX_POINT('',#6567);
#6567 = CARTESIAN_POINT('',(26.,54.5,4.));
#6568 = SURFACE_CURVE('',#6569,(#6574,#6581),.PCURVE_S1.);
#6569 = CIRCLE('',#6570,2.5);
#6570 = AXIS2_PLACEMENT_3D('',#6571,#6572,#6573);
#6571 = CARTESIAN_POINT('',(23.5,54.5,4.));
#6572 = DIRECTION('',(0.,0.,1.));
#6573 = DIRECTION('',(1.,0.,-0.));
#6574 = PCURVE('',#268,#6575);
#6575 = DEFINITIONAL_REPRESENTATION('',(#6576),#6580);
#6576 = CIRCLE('',#6577,2.5);
#6577 = AXIS2_PLACEMENT_2D('',#6578,#6579);
#6578 = CARTESIAN_POINT('',(23.5,54.5));
#6579 = DIRECTION('',(1.,0.));
#6580 = ( GEOMETRIC_REPRESENTATION_CONTEXT(2) 
PARAMETRIC_REPRESENTATION_CONTEXT() REPRESENTATION_CONTEXT('2D SPACE',''
  ) );
#6581 = PCURVE('',#5272,#6582);
#6582 = DEFINITIONAL_REPRESENTATION('',(#6583),#6587);
#6583 = LINE('',#6584,#6585);
#6584 = CARTESIAN_POINT('',(0.,4.));
#6585 = VECTOR('',#6586,1.);
#6586 = DIRECTION('',(1.,0.));
#6587 = ( GEOMETRIC_REPRESENTATION_CONTEXT(2) 
PARAMETRIC_REPRESENTATION_CONTEXT() REPRESENTATION_CONTEXT('2D SPACE',''
  ) );
#6588 = ORIENTED_EDGE('',*,*,#6589,.T.);
#6589 = EDGE_CURVE('',#6566,#6590,#6592,.T.);
#6590 = VERTEX_POINT('',#6591);
#6591 = CARTESIAN_POINT('',(26.,65.5,4.));
#6592 = SURFACE_CURVE('',#6593,(#6597,#6604),.PCURVE_S1.);
#6593 = LINE('',#6594,#6595);
#6594 = CARTESIAN_POINT('',(26.,0.,4.));
#6595 = VECTOR('',#6596,1.);
#6596 = DIRECTION('',(0.,1.,0.));
#6597 = PCURVE('',#268,#6598);
#6598 = DEFINITIONAL_REPRESENTATION('',(#6599),#6603);
#6599 = LINE('',#6600,#6601);
#6600 = CARTESIAN_POINT('',(26.,0.));
#6601 = VECTOR('',#6602,1.);
#6602 = DIRECTION('',(0.,1.));
#6603 = ( GEOMETRIC_REPRESENTATION_CONTEXT(2) 
PARAMETRIC_REPRESENTATION_CONTEXT() REPRESENTATION_CONTEXT('2D SPACE',''
  ) );
#6604 = PCURVE('',#684,#6605);
#6605 = DEFINITIONAL_REPRESENTATION('',(#6606),#6610);
#6606 = LINE('',#6607,#6608);
#6607 = CARTESIAN_POINT('',(4.,0.));
#6608 = VECTOR('',#6609,1.);
#6609 = DIRECTION('',(0.,-1.));
#6610 = ( GEOMETRIC_REPRESENTATION_CONTEXT(2) 
PARAMETRIC_REPRESENTATION_CONTEXT() REPRESENTATION_CONTEXT('2D SPACE',''
  ) );
#6611 = ORIENTED_EDGE('',*,*,#6612,.F.);
#6612 = EDGE_CURVE('',#6613,#6590,#6615,.T.);
#6613 = VERTEX_POINT('',#6614);
#6614 = CARTESIAN_POINT('',(23.5,63.,4.));
#6615 = SURFACE_CURVE('',#6616,(#6621,#6628),.PCURVE_S1.);
#6616 = CIRCLE('',#6617,2.5);
#6617 = AXIS2_PLACEMENT_3D('',#6618,#6619,#6620);
#6618 = CARTESIAN_POINT('',(23.5,65.5,4.));
#6619 = DIRECTION('',(0.,0.,1.));
#6620 = DIRECTION('',(1.,0.,-0.));
#6621 = PCURVE('',#268,#6622);
#6622 = DEFINITIONAL_REPRESENTATION('',(#6623),#6627);
#6623 = CIRCLE('',#6624,2.5);
#6624 = AXIS2_PLACEMENT_2D('',#6625,#6626);
#6625 = CARTESIAN_POINT('',(23.5,65.5));
#6626 = DIRECTION('',(1.,0.));
#6627 = ( GEOMETRIC_REPRESENTATION_CONTEXT(2) 
PARAMETRIC_REPRESENTATION_CONTEXT() REPRESENTATION_CONTEXT('2D SPACE',''
  ) );
#6628 = PCURVE('',#3507,#6629);
#6629 = DEFINITIONAL_REPRESENTATION('',(#6630),#6634);
#6630 = LINE('',#6631,#6632);
#6631 = CARTESIAN_POINT('',(-6.28318530718,4.));
#6632 = VECTOR('',#6633,1.);
#6633 = DIRECTION('',(1.,-0.));
#6634 = ( GEOMETRIC_REPRESENTATION_CONTEXT(2) 
PARAMETRIC_REPRESENTATION_CONTEXT() REPRESENTATION_CONTEXT('2D SPACE',''
  ) );
#6635 = ORIENTED_EDGE('',*,*,#6636,.T.);
#6636 = EDGE_CURVE('',#6613,#6444,#6637,.T.);
#6637 = SURFACE_CURVE('',#6638,(#6642,#6648),.PCURVE_S1.);
#6638 = LINE('',#6639,#6640);
#6639 = CARTESIAN_POINT('',(0.,63.,4.));
#6640 = VECTOR('',#6641,1.);
#6641 = DIRECTION('',(-1.,0.,0.));
#6642 = PCURVE('',#268,#6643);
#6643 = DEFINITIONAL_REPRESENTATION('',(#6644),#6647);
#6644 = B_SPLINE_CURVE_WITH_KNOTS('',1,(#6645,#6646),.UNSPECIFIED.,.F.,
  .F.,(2,2),(-23.5,-2.5),.PIECEWISE_BEZIER_KNOTS.);
#6645 = CARTESIAN_POINT('',(23.5,63.));
#6646 = CARTESIAN_POINT('',(2.5,63.));
#6647 = ( GEOMETRIC_REPRESENTATION_CONTEXT(2) 
PARAMETRIC_REPRESENTATION_CONTEXT() REPRESENTATION_CONTEXT('2D SPACE',''
  ) );
#6648 = PCURVE('',#3474,#6649);
#6649 = DEFINITIONAL_REPRESENTATION('',(#6650),#6653);
#6650 = B_SPLINE_CURVE_WITH_KNOTS('',1,(#6651,#6652),.UNSPECIFIED.,.F.,
  .F.,(2,2),(-23.5,-2.5),.PIECEWISE_BEZIER_KNOTS.);
#6651 = CARTESIAN_POINT('',(4.,23.5));
#6652 = CARTESIAN_POINT('',(4.,2.5));
#6653 = ( GEOMETRIC_REPRESENTATION_CONTEXT(2) 
PARAMETRIC_REPRESENTATION_CONTEXT() REPRESENTATION_CONTEXT('2D SPACE',''
  ) );
#6654 = ORIENTED_EDGE('',*,*,#6443,.F.);
#6655 = ADVANCED_FACE('',(#6656),#497,.F.);
#6656 = FACE_BOUND('',#6657,.T.);
#6657 = EDGE_LOOP('',(#6658,#6659,#6682,#6708));
#6658 = ORIENTED_EDGE('',*,*,#476,.T.);
#6659 = ORIENTED_EDGE('',*,*,#6660,.T.);
#6660 = EDGE_CURVE('',#477,#6661,#6663,.T.);
#6661 = VERTEX_POINT('',#6662);
#6662 = CARTESIAN_POINT('',(19.225,77.3,4.));
#6663 = SEAM_CURVE('',#6664,(#6668,#6675),.PCURVE_S1.);
#6664 = LINE('',#6665,#6666);
#6665 = CARTESIAN_POINT('',(-2.,77.3,4.));
#6666 = VECTOR('',#6667,1.);
#6667 = DIRECTION('',(1.,0.,0.));
#6668 = PCURVE('',#497,#6669);
#6669 = DEFINITIONAL_REPRESENTATION('',(#6670),#6674);
#6670 = LINE('',#6671,#6672);
#6671 = CARTESIAN_POINT('',(-6.28318530718,0.));
#6672 = VECTOR('',#6673,1.);
#6673 = DIRECTION('',(-0.,-1.));
#6674 = ( GEOMETRIC_REPRESENTATION_CONTEXT(2) 
PARAMETRIC_REPRESENTATION_CONTEXT() REPRESENTATION_CONTEXT('2D SPACE',''
  ) );
#6675 = PCURVE('',#497,#6676);
#6676 = DEFINITIONAL_REPRESENTATION('',(#6677),#6681);
#6677 = LINE('',#6678,#6679);
#6678 = CARTESIAN_POINT('',(-0.,0.));
#6679 = VECTOR('',#6680,1.);
#6680 = DIRECTION('',(-0.,-1.));
#6681 = ( GEOMETRIC_REPRESENTATION_CONTEXT(2) 
PARAMETRIC_REPRESENTATION_CONTEXT() REPRESENTATION_CONTEXT('2D SPACE',''
  ) );
#6682 = ORIENTED_EDGE('',*,*,#6683,.F.);
#6683 = EDGE_CURVE('',#6661,#6661,#6684,.T.);
#6684 = SURFACE_CURVE('',#6685,(#6690,#6697),.PCURVE_S1.);
#6685 = CIRCLE('',#6686,2.3);
#6686 = AXIS2_PLACEMENT_3D('',#6687,#6688,#6689);
#6687 = CARTESIAN_POINT('',(19.225,75.,4.));
#6688 = DIRECTION('',(-1.,0.,0.));
#6689 = DIRECTION('',(0.,1.,0.));
#6690 = PCURVE('',#497,#6691);
#6691 = DEFINITIONAL_REPRESENTATION('',(#6692),#6696);
#6692 = LINE('',#6693,#6694);
#6693 = CARTESIAN_POINT('',(-6.28318530718,-21.225));
#6694 = VECTOR('',#6695,1.);
#6695 = DIRECTION('',(1.,-0.));
#6696 = ( GEOMETRIC_REPRESENTATION_CONTEXT(2) 
PARAMETRIC_REPRESENTATION_CONTEXT() REPRESENTATION_CONTEXT('2D SPACE',''
  ) );
#6697 = PCURVE('',#3739,#6698);
#6698 = DEFINITIONAL_REPRESENTATION('',(#6699),#6707);
#6699 = ( BOUNDED_CURVE() B_SPLINE_CURVE(2,(#6700,#6701,#6702,#6703,
#6704,#6705,#6706),.UNSPECIFIED.,.T.,.F.) B_SPLINE_CURVE_WITH_KNOTS((1,2
    ,2,2,2,1),(-2.094395102393,0.,2.094395102393,4.188790204786,
6.28318530718,8.377580409573),.UNSPECIFIED.) CURVE() 
GEOMETRIC_REPRESENTATION_ITEM() RATIONAL_B_SPLINE_CURVE((1.,0.5,1.,0.5,
1.,0.5,1.)) REPRESENTATION_ITEM('') );
#6700 = CARTESIAN_POINT('',(3.8,-6.275));
#6701 = CARTESIAN_POINT('',(-0.183716857408,-6.275));
#6702 = CARTESIAN_POINT('',(1.808141571296,-2.825));
#6703 = CARTESIAN_POINT('',(3.8,0.625));
#6704 = CARTESIAN_POINT('',(5.791858428704,-2.825));
#6705 = CARTESIAN_POINT('',(7.783716857408,-6.275));
#6706 = CARTESIAN_POINT('',(3.8,-6.275));
#6707 = ( GEOMETRIC_REPRESENTATION_CONTEXT(2) 
PARAMETRIC_REPRESENTATION_CONTEXT() REPRESENTATION_CONTEXT('2D SPACE',''
  ) );
#6708 = ORIENTED_EDGE('',*,*,#6660,.F.);
#6709 = ADVANCED_FACE('',(#6710),#532,.F.);
#6710 = FACE_BOUND('',#6711,.T.);
#6711 = EDGE_LOOP('',(#6712,#6713,#6736,#6762));
#6712 = ORIENTED_EDGE('',*,*,#511,.T.);
#6713 = ORIENTED_EDGE('',*,*,#6714,.T.);
#6714 = EDGE_CURVE('',#512,#6715,#6717,.T.);
#6715 = VERTEX_POINT('',#6716);
#6716 = CARTESIAN_POINT('',(19.225,47.3,4.));
#6717 = SEAM_CURVE('',#6718,(#6722,#6729),.PCURVE_S1.);
#6718 = LINE('',#6719,#6720);
#6719 = CARTESIAN_POINT('',(-2.,47.3,4.));
#6720 = VECTOR('',#6721,1.);
#6721 = DIRECTION('',(1.,0.,0.));
#6722 = PCURVE('',#532,#6723);
#6723 = DEFINITIONAL_REPRESENTATION('',(#6724),#6728);
#6724 = LINE('',#6725,#6726);
#6725 = CARTESIAN_POINT('',(-6.28318530718,0.));
#6726 = VECTOR('',#6727,1.);
#6727 = DIRECTION('',(-0.,-1.));
#6728 = ( GEOMETRIC_REPRESENTATION_CONTEXT(2) 
PARAMETRIC_REPRESENTATION_CONTEXT() REPRESENTATION_CONTEXT('2D SPACE',''
  ) );
#6729 = PCURVE('',#532,#6730);
#6730 = DEFINITIONAL_REPRESENTATION('',(#6731),#6735);
#6731 = LINE('',#6732,#6733);
#6732 = CARTESIAN_POINT('',(-0.,0.));
#6733 = VECTOR('',#6734,1.);
#6734 = DIRECTION('',(-0.,-1.));
#6735 = ( GEOMETRIC_REPRESENTATION_CONTEXT(2) 
PARAMETRIC_REPRESENTATION_CONTEXT() REPRESENTATION_CONTEXT('2D SPACE',''
  ) );
#6736 = ORIENTED_EDGE('',*,*,#6737,.F.);
#6737 = EDGE_CURVE('',#6715,#6715,#6738,.T.);
#6738 = SURFACE_CURVE('',#6739,(#6744,#6751),.PCURVE_S1.);
#6739 = CIRCLE('',#6740,2.3);
#6740 = AXIS2_PLACEMENT_3D('',#6741,#6742,#6743);
#6741 = CARTESIAN_POINT('',(19.225,45.,4.));
#6742 = DIRECTION('',(-1.,0.,0.));
#6743 = DIRECTION('',(0.,1.,0.));
#6744 = PCURVE('',#532,#6745);
#6745 = DEFINITIONAL_REPRESENTATION('',(#6746),#6750);
#6746 = LINE('',#6747,#6748);
#6747 = CARTESIAN_POINT('',(-6.28318530718,-21.225));
#6748 = VECTOR('',#6749,1.);
#6749 = DIRECTION('',(1.,-0.));
#6750 = ( GEOMETRIC_REPRESENTATION_CONTEXT(2) 
PARAMETRIC_REPRESENTATION_CONTEXT() REPRESENTATION_CONTEXT('2D SPACE',''
  ) );
#6751 = PCURVE('',#6378,#6752);
#6752 = DEFINITIONAL_REPRESENTATION('',(#6753),#6761);
#6753 = ( BOUNDED_CURVE() B_SPLINE_CURVE(2,(#6754,#6755,#6756,#6757,
#6758,#6759,#6760),.UNSPECIFIED.,.T.,.F.) B_SPLINE_CURVE_WITH_KNOTS((1,2
    ,2,2,2,1),(-2.094395102393,0.,2.094395102393,4.188790204786,
6.28318530718,8.377580409573),.UNSPECIFIED.) CURVE() 
GEOMETRIC_REPRESENTATION_ITEM() RATIONAL_B_SPLINE_CURVE((1.,0.5,1.,0.5,
1.,0.5,1.)) REPRESENTATION_ITEM('') );
#6754 = CARTESIAN_POINT('',(3.8,-6.175));
#6755 = CARTESIAN_POINT('',(-0.183716857408,-6.175));
#6756 = CARTESIAN_POINT('',(1.808141571296,-2.725));
#6757 = CARTESIAN_POINT('',(3.8,0.725));
#6758 = CARTESIAN_POINT('',(5.791858428704,-2.725));
#6759 = CARTESIAN_POINT('',(7.783716857408,-6.175));
#6760 = CARTESIAN_POINT('',(3.8,-6.175));
#6761 = ( GEOMETRIC_REPRESENTATION_CONTEXT(2) 
PARAMETRIC_REPRESENTATION_CONTEXT() REPRESENTATION_CONTEXT('2D SPACE',''
  ) );
#6762 = ORIENTED_EDGE('',*,*,#6714,.F.);
#6763 = ADVANCED_FACE('',(#6764),#567,.F.);
#6764 = FACE_BOUND('',#6765,.T.);
#6765 = EDGE_LOOP('',(#6766,#6767,#6790,#6816));
#6766 = ORIENTED_EDGE('',*,*,#546,.T.);
#6767 = ORIENTED_EDGE('',*,*,#6768,.T.);
#6768 = EDGE_CURVE('',#547,#6769,#6771,.T.);
#6769 = VERTEX_POINT('',#6770);
#6770 = CARTESIAN_POINT('',(19.225,17.3,4.));
#6771 = SEAM_CURVE('',#6772,(#6776,#6783),.PCURVE_S1.);
#6772 = LINE('',#6773,#6774);
#6773 = CARTESIAN_POINT('',(-2.,17.3,4.));
#6774 = VECTOR('',#6775,1.);
#6775 = DIRECTION('',(1.,0.,0.));
#6776 = PCURVE('',#567,#6777);
#6777 = DEFINITIONAL_REPRESENTATION('',(#6778),#6782);
#6778 = LINE('',#6779,#6780);
#6779 = CARTESIAN_POINT('',(-6.28318530718,0.));
#6780 = VECTOR('',#6781,1.);
#6781 = DIRECTION('',(-0.,-1.));
#6782 = ( GEOMETRIC_REPRESENTATION_CONTEXT(2) 
PARAMETRIC_REPRESENTATION_CONTEXT() REPRESENTATION_CONTEXT('2D SPACE',''
  ) );
#6783 = PCURVE('',#567,#6784);
#6784 = DEFINITIONAL_REPRESENTATION('',(#6785),#6789);
#6785 = LINE('',#6786,#6787);
#6786 = CARTESIAN_POINT('',(-0.,0.));
#6787 = VECTOR('',#6788,1.);
#6788 = DIRECTION('',(-0.,-1.));
#6789 = ( GEOMETRIC_REPRESENTATION_CONTEXT(2) 
PARAMETRIC_REPRESENTATION_CONTEXT() REPRESENTATION_CONTEXT('2D SPACE',''
  ) );
#6790 = ORIENTED_EDGE('',*,*,#6791,.F.);
#6791 = EDGE_CURVE('',#6769,#6769,#6792,.T.);
#6792 = SURFACE_CURVE('',#6793,(#6798,#6805),.PCURVE_S1.);
#6793 = CIRCLE('',#6794,2.3);
#6794 = AXIS2_PLACEMENT_3D('',#6795,#6796,#6797);
#6795 = CARTESIAN_POINT('',(19.225,15.,4.));
#6796 = DIRECTION('',(-1.,0.,0.));
#6797 = DIRECTION('',(0.,1.,0.));
#6798 = PCURVE('',#567,#6799);
#6799 = DEFINITIONAL_REPRESENTATION('',(#6800),#6804);
#6800 = LINE('',#6801,#6802);
#6801 = CARTESIAN_POINT('',(-6.28318530718,-21.225));
#6802 = VECTOR('',#6803,1.);
#6803 = DIRECTION('',(1.,-0.));
#6804 = ( GEOMETRIC_REPRESENTATION_CONTEXT(2) 
PARAMETRIC_REPRESENTATION_CONTEXT() REPRESENTATION_CONTEXT('2D SPACE',''
  ) );
#6805 = PCURVE('',#2859,#6806);
#6806 = DEFINITIONAL_REPRESENTATION('',(#6807),#6815);
#6807 = ( BOUNDED_CURVE() B_SPLINE_CURVE(2,(#6808,#6809,#6810,#6811,
#6812,#6813,#6814),.UNSPECIFIED.,.T.,.F.) B_SPLINE_CURVE_WITH_KNOTS((1,2
    ,2,2,2,1),(-2.094395102393,0.,2.094395102393,4.188790204786,
6.28318530718,8.377580409573),.UNSPECIFIED.) CURVE() 
GEOMETRIC_REPRESENTATION_ITEM() RATIONAL_B_SPLINE_CURVE((1.,0.5,1.,0.5,
1.,0.5,1.)) REPRESENTATION_ITEM('') );
#6808 = CARTESIAN_POINT('',(3.8,-6.075));
#6809 = CARTESIAN_POINT('',(-0.183716857408,-6.075));
#6810 = CARTESIAN_POINT('',(1.808141571296,-2.625));
#6811 = CARTESIAN_POINT('',(3.8,0.825));
#6812 = CARTESIAN_POINT('',(5.791858428704,-2.625));
#6813 = CARTESIAN_POINT('',(7.783716857408,-6.075));
#6814 = CARTESIAN_POINT('',(3.8,-6.075));
#6815 = ( GEOMETRIC_REPRESENTATION_CONTEXT(2) 
PARAMETRIC_REPRESENTATION_CONTEXT() REPRESENTATION_CONTEXT('2D SPACE',''
  ) );
#6816 = ORIENTED_EDGE('',*,*,#6768,.F.);
#6817 = ADVANCED_FACE('',(#6818),#740,.F.);
#6818 = FACE_BOUND('',#6819,.F.);
#6819 = EDGE_LOOP('',(#6820,#6821,#6822,#6823));
#6820 = ORIENTED_EDGE('',*,*,#725,.T.);
#6821 = ORIENTED_EDGE('',*,*,#828,.T.);
#6822 = ORIENTED_EDGE('',*,*,#1040,.T.);
#6823 = ORIENTED_EDGE('',*,*,#6824,.F.);
#6824 = EDGE_CURVE('',#697,#1041,#6825,.T.);
#6825 = SURFACE_CURVE('',#6826,(#6830,#6837),.PCURVE_S1.);
#6826 = LINE('',#6827,#6828);
#6827 = CARTESIAN_POINT('',(23.5,3.,0.));
#6828 = VECTOR('',#6829,1.);
#6829 = DIRECTION('',(0.,0.,1.));
#6830 = PCURVE('',#740,#6831);
#6831 = DEFINITIONAL_REPRESENTATION('',(#6832),#6836);
#6832 = LINE('',#6833,#6834);
#6833 = CARTESIAN_POINT('',(0.,23.5));
#6834 = VECTOR('',#6835,1.);
#6835 = DIRECTION('',(1.,0.));
#6836 = ( GEOMETRIC_REPRESENTATION_CONTEXT(2) 
PARAMETRIC_REPRESENTATION_CONTEXT() REPRESENTATION_CONTEXT('2D SPACE',''
  ) );
#6837 = PCURVE('',#713,#6838);
#6838 = DEFINITIONAL_REPRESENTATION('',(#6839),#6843);
#6839 = LINE('',#6840,#6841);
#6840 = CARTESIAN_POINT('',(-1.570796326795,0.));
#6841 = VECTOR('',#6842,1.);
#6842 = DIRECTION('',(-0.,1.));
#6843 = ( GEOMETRIC_REPRESENTATION_CONTEXT(2) 
PARAMETRIC_REPRESENTATION_CONTEXT() REPRESENTATION_CONTEXT('2D SPACE',''
  ) );
#6844 = ADVANCED_FACE('',(#6845),#713,.T.);
#6845 = FACE_BOUND('',#6846,.F.);
#6846 = EDGE_LOOP('',(#6847,#6868,#6869,#6870));
#6847 = ORIENTED_EDGE('',*,*,#6848,.F.);
#6848 = EDGE_CURVE('',#669,#1064,#6849,.T.);
#6849 = SURFACE_CURVE('',#6850,(#6854,#6861),.PCURVE_S1.);
#6850 = LINE('',#6851,#6852);
#6851 = CARTESIAN_POINT('',(26.,5.5,0.));
#6852 = VECTOR('',#6853,1.);
#6853 = DIRECTION('',(0.,0.,1.));
#6854 = PCURVE('',#713,#6855);
#6855 = DEFINITIONAL_REPRESENTATION('',(#6856),#6860);
#6856 = LINE('',#6857,#6858);
#6857 = CARTESIAN_POINT('',(-0.,0.));
#6858 = VECTOR('',#6859,1.);
#6859 = DIRECTION('',(-0.,1.));
#6860 = ( GEOMETRIC_REPRESENTATION_CONTEXT(2) 
PARAMETRIC_REPRESENTATION_CONTEXT() REPRESENTATION_CONTEXT('2D SPACE',''
  ) );
#6861 = PCURVE('',#684,#6862);
#6862 = DEFINITIONAL_REPRESENTATION('',(#6863),#6867);
#6863 = LINE('',#6864,#6865);
#6864 = CARTESIAN_POINT('',(0.,-5.5));
#6865 = VECTOR('',#6866,1.);
#6866 = DIRECTION('',(1.,0.));
#6867 = ( GEOMETRIC_REPRESENTATION_CONTEXT(2) 
PARAMETRIC_REPRESENTATION_CONTEXT() REPRESENTATION_CONTEXT('2D SPACE',''
  ) );
#6868 = ORIENTED_EDGE('',*,*,#696,.F.);
#6869 = ORIENTED_EDGE('',*,*,#6824,.T.);
#6870 = ORIENTED_EDGE('',*,*,#1063,.F.);
#6871 = ADVANCED_FACE('',(#6872,#7030,#7065,#7100),#684,.T.);
#6872 = FACE_BOUND('',#6873,.T.);
#6873 = EDGE_LOOP('',(#6874,#6875,#6896,#6897,#6918,#6919,#6940,#6941,
    #6962,#6963,#6984,#6985,#7006,#7007,#7028,#7029));
#6874 = ORIENTED_EDGE('',*,*,#668,.F.);
#6875 = ORIENTED_EDGE('',*,*,#6876,.F.);
#6876 = EDGE_CURVE('',#901,#636,#6877,.T.);
#6877 = SURFACE_CURVE('',#6878,(#6882,#6889),.PCURVE_S1.);
#6878 = LINE('',#6879,#6880);
#6879 = CARTESIAN_POINT('',(26.,3.,0.));
#6880 = VECTOR('',#6881,1.);
#6881 = DIRECTION('',(0.,0.,1.));
#6882 = PCURVE('',#684,#6883);
#6883 = DEFINITIONAL_REPRESENTATION('',(#6884),#6888);
#6884 = LINE('',#6885,#6886);
#6885 = CARTESIAN_POINT('',(0.,-3.));
#6886 = VECTOR('',#6887,1.);
#6887 = DIRECTION('',(1.,0.));
#6888 = ( GEOMETRIC_REPRESENTATION_CONTEXT(2) 
PARAMETRIC_REPRESENTATION_CONTEXT() REPRESENTATION_CONTEXT('2D SPACE',''
  ) );
#6889 = PCURVE('',#656,#6890);
#6890 = DEFINITIONAL_REPRESENTATION('',(#6891),#6895);
#6891 = LINE('',#6892,#6893);
#6892 = CARTESIAN_POINT('',(-0.,0.));
#6893 = VECTOR('',#6894,1.);
#6894 = DIRECTION('',(-0.,1.));
#6895 = ( GEOMETRIC_REPRESENTATION_CONTEXT(2) 
PARAMETRIC_REPRESENTATION_CONTEXT() REPRESENTATION_CONTEXT('2D SPACE',''
  ) );
#6896 = ORIENTED_EDGE('',*,*,#928,.F.);
#6897 = ORIENTED_EDGE('',*,*,#6898,.T.);
#6898 = EDGE_CURVE('',#929,#3108,#6899,.T.);
#6899 = SURFACE_CURVE('',#6900,(#6904,#6911),.PCURVE_S1.);
#6900 = LINE('',#6901,#6902);
#6901 = CARTESIAN_POINT('',(26.,87.,0.));
#6902 = VECTOR('',#6903,1.);
#6903 = DIRECTION('',(0.,0.,1.));
#6904 = PCURVE('',#684,#6905);
#6905 = DEFINITIONAL_REPRESENTATION('',(#6906),#6910);
#6906 = LINE('',#6907,#6908);
#6907 = CARTESIAN_POINT('',(0.,-87.));
#6908 = VECTOR('',#6909,1.);
#6909 = DIRECTION('',(1.,0.));
#6910 = ( GEOMETRIC_REPRESENTATION_CONTEXT(2) 
PARAMETRIC_REPRESENTATION_CONTEXT() REPRESENTATION_CONTEXT('2D SPACE',''
  ) );
#6911 = PCURVE('',#968,#6912);
#6912 = DEFINITIONAL_REPRESENTATION('',(#6913),#6917);
#6913 = LINE('',#6914,#6915);
#6914 = CARTESIAN_POINT('',(0.,0.));
#6915 = VECTOR('',#6916,1.);
#6916 = DIRECTION('',(0.,1.));
#6917 = ( GEOMETRIC_REPRESENTATION_CONTEXT(2) 
PARAMETRIC_REPRESENTATION_CONTEXT() REPRESENTATION_CONTEXT('2D SPACE',''
  ) );
#6918 = ORIENTED_EDGE('',*,*,#3107,.F.);
#6919 = ORIENTED_EDGE('',*,*,#6920,.T.);
#6920 = EDGE_CURVE('',#3079,#3520,#6921,.T.);
#6921 = SURFACE_CURVE('',#6922,(#6926,#6933),.PCURVE_S1.);
#6922 = LINE('',#6923,#6924);
#6923 = CARTESIAN_POINT('',(26.,84.5,0.));
#6924 = VECTOR('',#6925,1.);
#6925 = DIRECTION('',(0.,0.,1.));
#6926 = PCURVE('',#684,#6927);
#6927 = DEFINITIONAL_REPRESENTATION('',(#6928),#6932);
#6928 = LINE('',#6929,#6930);
#6929 = CARTESIAN_POINT('',(0.,-84.5));
#6930 = VECTOR('',#6931,1.);
#6931 = DIRECTION('',(1.,0.));
#6932 = ( GEOMETRIC_REPRESENTATION_CONTEXT(2) 
PARAMETRIC_REPRESENTATION_CONTEXT() REPRESENTATION_CONTEXT('2D SPACE',''
  ) );
#6933 = PCURVE('',#3095,#6934);
#6934 = DEFINITIONAL_REPRESENTATION('',(#6935),#6939);
#6935 = LINE('',#6936,#6937);
#6936 = CARTESIAN_POINT('',(0.,0.));
#6937 = VECTOR('',#6938,1.);
#6938 = DIRECTION('',(0.,1.));
#6939 = ( GEOMETRIC_REPRESENTATION_CONTEXT(2) 
PARAMETRIC_REPRESENTATION_CONTEXT() REPRESENTATION_CONTEXT('2D SPACE',''
  ) );
#6940 = ORIENTED_EDGE('',*,*,#3519,.F.);
#6941 = ORIENTED_EDGE('',*,*,#6942,.F.);
#6942 = EDGE_CURVE('',#6590,#3487,#6943,.T.);
#6943 = SURFACE_CURVE('',#6944,(#6948,#6955),.PCURVE_S1.);
#6944 = LINE('',#6945,#6946);
#6945 = CARTESIAN_POINT('',(26.,65.5,0.));
#6946 = VECTOR('',#6947,1.);
#6947 = DIRECTION('',(0.,0.,1.));
#6948 = PCURVE('',#684,#6949);
#6949 = DEFINITIONAL_REPRESENTATION('',(#6950),#6954);
#6950 = LINE('',#6951,#6952);
#6951 = CARTESIAN_POINT('',(0.,-65.5));
#6952 = VECTOR('',#6953,1.);
#6953 = DIRECTION('',(1.,0.));
#6954 = ( GEOMETRIC_REPRESENTATION_CONTEXT(2) 
PARAMETRIC_REPRESENTATION_CONTEXT() REPRESENTATION_CONTEXT('2D SPACE',''
  ) );
#6955 = PCURVE('',#3507,#6956);
#6956 = DEFINITIONAL_REPRESENTATION('',(#6957),#6961);
#6957 = LINE('',#6958,#6959);
#6958 = CARTESIAN_POINT('',(-0.,0.));
#6959 = VECTOR('',#6960,1.);
#6960 = DIRECTION('',(-0.,1.));
#6961 = ( GEOMETRIC_REPRESENTATION_CONTEXT(2) 
PARAMETRIC_REPRESENTATION_CONTEXT() REPRESENTATION_CONTEXT('2D SPACE',''
  ) );
#6962 = ORIENTED_EDGE('',*,*,#6589,.F.);
#6963 = ORIENTED_EDGE('',*,*,#6964,.T.);
#6964 = EDGE_CURVE('',#6566,#5233,#6965,.T.);
#6965 = SURFACE_CURVE('',#6966,(#6970,#6977),.PCURVE_S1.);
#6966 = LINE('',#6967,#6968);
#6967 = CARTESIAN_POINT('',(26.,54.5,0.));
#6968 = VECTOR('',#6969,1.);
#6969 = DIRECTION('',(0.,0.,1.));
#6970 = PCURVE('',#684,#6971);
#6971 = DEFINITIONAL_REPRESENTATION('',(#6972),#6976);
#6972 = LINE('',#6973,#6974);
#6973 = CARTESIAN_POINT('',(0.,-54.5));
#6974 = VECTOR('',#6975,1.);
#6975 = DIRECTION('',(1.,0.));
#6976 = ( GEOMETRIC_REPRESENTATION_CONTEXT(2) 
PARAMETRIC_REPRESENTATION_CONTEXT() REPRESENTATION_CONTEXT('2D SPACE',''
  ) );
#6977 = PCURVE('',#5272,#6978);
#6978 = DEFINITIONAL_REPRESENTATION('',(#6979),#6983);
#6979 = LINE('',#6980,#6981);
#6980 = CARTESIAN_POINT('',(0.,0.));
#6981 = VECTOR('',#6982,1.);
#6982 = DIRECTION('',(0.,1.));
#6983 = ( GEOMETRIC_REPRESENTATION_CONTEXT(2) 
PARAMETRIC_REPRESENTATION_CONTEXT() REPRESENTATION_CONTEXT('2D SPACE',''
  ) );
#6984 = ORIENTED_EDGE('',*,*,#5232,.F.);
#6985 = ORIENTED_EDGE('',*,*,#6986,.F.);
#6986 = EDGE_CURVE('',#3227,#5205,#6987,.T.);
#6987 = SURFACE_CURVE('',#6988,(#6992,#6999),.PCURVE_S1.);
#6988 = LINE('',#6989,#6990);
#6989 = CARTESIAN_POINT('',(26.,35.5,0.));
#6990 = VECTOR('',#6991,1.);
#6991 = DIRECTION('',(0.,0.,1.));
#6992 = PCURVE('',#684,#6993);
#6993 = DEFINITIONAL_REPRESENTATION('',(#6994),#6998);
#6994 = LINE('',#6995,#6996);
#6995 = CARTESIAN_POINT('',(0.,-35.5));
#6996 = VECTOR('',#6997,1.);
#6997 = DIRECTION('',(1.,0.));
#6998 = ( GEOMETRIC_REPRESENTATION_CONTEXT(2) 
PARAMETRIC_REPRESENTATION_CONTEXT() REPRESENTATION_CONTEXT('2D SPACE',''
  ) );
#6999 = PCURVE('',#3266,#7000);
#7000 = DEFINITIONAL_REPRESENTATION('',(#7001),#7005);
#7001 = LINE('',#7002,#7003);
#7002 = CARTESIAN_POINT('',(-0.,0.));
#7003 = VECTOR('',#7004,1.);
#7004 = DIRECTION('',(-0.,1.));
#7005 = ( GEOMETRIC_REPRESENTATION_CONTEXT(2) 
PARAMETRIC_REPRESENTATION_CONTEXT() REPRESENTATION_CONTEXT('2D SPACE',''
  ) );
#7006 = ORIENTED_EDGE('',*,*,#3226,.F.);
#7007 = ORIENTED_EDGE('',*,*,#7008,.T.);
#7008 = EDGE_CURVE('',#3203,#1092,#7009,.T.);
#7009 = SURFACE_CURVE('',#7010,(#7014,#7021),.PCURVE_S1.);
#7010 = LINE('',#7011,#7012);
#7011 = CARTESIAN_POINT('',(26.,24.5,0.));
#7012 = VECTOR('',#7013,1.);
#7013 = DIRECTION('',(0.,0.,1.));
#7014 = PCURVE('',#684,#7015);
#7015 = DEFINITIONAL_REPRESENTATION('',(#7016),#7020);
#7016 = LINE('',#7017,#7018);
#7017 = CARTESIAN_POINT('',(0.,-24.5));
#7018 = VECTOR('',#7019,1.);
#7019 = DIRECTION('',(1.,0.));
#7020 = ( GEOMETRIC_REPRESENTATION_CONTEXT(2) 
PARAMETRIC_REPRESENTATION_CONTEXT() REPRESENTATION_CONTEXT('2D SPACE',''
  ) );
#7021 = PCURVE('',#1131,#7022);
#7022 = DEFINITIONAL_REPRESENTATION('',(#7023),#7027);
#7023 = LINE('',#7024,#7025);
#7024 = CARTESIAN_POINT('',(0.,0.));
#7025 = VECTOR('',#7026,1.);
#7026 = DIRECTION('',(0.,1.));
#7027 = ( GEOMETRIC_REPRESENTATION_CONTEXT(2) 
PARAMETRIC_REPRESENTATION_CONTEXT() REPRESENTATION_CONTEXT('2D SPACE',''
  ) );
#7028 = ORIENTED_EDGE('',*,*,#1091,.F.);
#7029 = ORIENTED_EDGE('',*,*,#6848,.F.);
#7030 = FACE_BOUND('',#7031,.T.);
#7031 = EDGE_LOOP('',(#7032));
#7032 = ORIENTED_EDGE('',*,*,#7033,.T.);
#7033 = EDGE_CURVE('',#7034,#7034,#7036,.T.);
#7034 = VERTEX_POINT('',#7035);
#7035 = CARTESIAN_POINT('',(26.,77.3,4.));
#7036 = SURFACE_CURVE('',#7037,(#7042,#7053),.PCURVE_S1.);
#7037 = CIRCLE('',#7038,2.3);
#7038 = AXIS2_PLACEMENT_3D('',#7039,#7040,#7041);
#7039 = CARTESIAN_POINT('',(26.,75.,4.));
#7040 = DIRECTION('',(-1.,0.,0.));
#7041 = DIRECTION('',(0.,1.,0.));
#7042 = PCURVE('',#684,#7043);
#7043 = DEFINITIONAL_REPRESENTATION('',(#7044),#7052);
#7044 = ( BOUNDED_CURVE() B_SPLINE_CURVE(2,(#7045,#7046,#7047,#7048,
#7049,#7050,#7051),.UNSPECIFIED.,.T.,.F.) B_SPLINE_CURVE_WITH_KNOTS((1,2
    ,2,2,2,1),(-2.094395102393,0.,2.094395102393,4.188790204786,
6.28318530718,8.377580409573),.UNSPECIFIED.) CURVE() 
GEOMETRIC_REPRESENTATION_ITEM() RATIONAL_B_SPLINE_CURVE((1.,0.5,1.,0.5,
1.,0.5,1.)) REPRESENTATION_ITEM('') );
#7045 = CARTESIAN_POINT('',(4.,-77.3));
#7046 = CARTESIAN_POINT('',(1.628314259158E-02,-77.3));
#7047 = CARTESIAN_POINT('',(2.008141571296,-73.85));
#7048 = CARTESIAN_POINT('',(4.,-70.4));
#7049 = CARTESIAN_POINT('',(5.991858428704,-73.85));
#7050 = CARTESIAN_POINT('',(7.983716857408,-77.3));
#7051 = CARTESIAN_POINT('',(4.,-77.3));
#7052 = ( GEOMETRIC_REPRESENTATION_CONTEXT(2) 
PARAMETRIC_REPRESENTATION_CONTEXT() REPRESENTATION_CONTEXT('2D SPACE',''
  ) );
#7053 = PCURVE('',#7054,#7059);
#7054 = CYLINDRICAL_SURFACE('',#7055,2.3);
#7055 = AXIS2_PLACEMENT_3D('',#7056,#7057,#7058);
#7056 = CARTESIAN_POINT('',(-2.,75.,4.));
#7057 = DIRECTION('',(-1.,-0.,-0.));
#7058 = DIRECTION('',(0.,1.,0.));
#7059 = DEFINITIONAL_REPRESENTATION('',(#7060),#7064);
#7060 = LINE('',#7061,#7062);
#7061 = CARTESIAN_POINT('',(-6.28318530718,-28.));
#7062 = VECTOR('',#7063,1.);
#7063 = DIRECTION('',(1.,-0.));
#7064 = ( GEOMETRIC_REPRESENTATION_CONTEXT(2) 
PARAMETRIC_REPRESENTATION_CONTEXT() REPRESENTATION_CONTEXT('2D SPACE',''
  ) );
#7065 = FACE_BOUND('',#7066,.T.);
#7066 = EDGE_LOOP('',(#7067));
#7067 = ORIENTED_EDGE('',*,*,#7068,.T.);
#7068 = EDGE_CURVE('',#7069,#7069,#7071,.T.);
#7069 = VERTEX_POINT('',#7070);
#7070 = CARTESIAN_POINT('',(26.,47.3,4.));
#7071 = SURFACE_CURVE('',#7072,(#7077,#7088),.PCURVE_S1.);
#7072 = CIRCLE('',#7073,2.3);
#7073 = AXIS2_PLACEMENT_3D('',#7074,#7075,#7076);
#7074 = CARTESIAN_POINT('',(26.,45.,4.));
#7075 = DIRECTION('',(-1.,0.,0.));
#7076 = DIRECTION('',(0.,1.,0.));
#7077 = PCURVE('',#684,#7078);
#7078 = DEFINITIONAL_REPRESENTATION('',(#7079),#7087);
#7079 = ( BOUNDED_CURVE() B_SPLINE_CURVE(2,(#7080,#7081,#7082,#7083,
#7084,#7085,#7086),.UNSPECIFIED.,.T.,.F.) B_SPLINE_CURVE_WITH_KNOTS((1,2
    ,2,2,2,1),(-2.094395102393,0.,2.094395102393,4.188790204786,
6.28318530718,8.377580409573),.UNSPECIFIED.) CURVE() 
GEOMETRIC_REPRESENTATION_ITEM() RATIONAL_B_SPLINE_CURVE((1.,0.5,1.,0.5,
1.,0.5,1.)) REPRESENTATION_ITEM('') );
#7080 = CARTESIAN_POINT('',(4.,-47.3));
#7081 = CARTESIAN_POINT('',(1.628314259159E-02,-47.3));
#7082 = CARTESIAN_POINT('',(2.008141571296,-43.85));
#7083 = CARTESIAN_POINT('',(4.,-40.4));
#7084 = CARTESIAN_POINT('',(5.991858428704,-43.85));
#7085 = CARTESIAN_POINT('',(7.983716857408,-47.3));
#7086 = CARTESIAN_POINT('',(4.,-47.3));
#7087 = ( GEOMETRIC_REPRESENTATION_CONTEXT(2) 
PARAMETRIC_REPRESENTATION_CONTEXT() REPRESENTATION_CONTEXT('2D SPACE',''
  ) );
#7088 = PCURVE('',#7089,#7094);
#7089 = CYLINDRICAL_SURFACE('',#7090,2.3);
#7090 = AXIS2_PLACEMENT_3D('',#7091,#7092,#7093);
#7091 = CARTESIAN_POINT('',(-2.,45.,4.));
#7092 = DIRECTION('',(-1.,-0.,-0.));
#7093 = DIRECTION('',(0.,1.,0.));
#7094 = DEFINITIONAL_REPRESENTATION('',(#7095),#7099);
#7095 = LINE('',#7096,#7097);
#7096 = CARTESIAN_POINT('',(-6.28318530718,-28.));
#7097 = VECTOR('',#7098,1.);
#7098 = DIRECTION('',(1.,-0.));
#7099 = ( GEOMETRIC_REPRESENTATION_CONTEXT(2) 
PARAMETRIC_REPRESENTATION_CONTEXT() REPRESENTATION_CONTEXT('2D SPACE',''
  ) );
#7100 = FACE_BOUND('',#7101,.T.);
#7101 = EDGE_LOOP('',(#7102));
#7102 = ORIENTED_EDGE('',*,*,#7103,.T.);
#7103 = EDGE_CURVE('',#7104,#7104,#7106,.T.);
#7104 = VERTEX_POINT('',#7105);
#7105 = CARTESIAN_POINT('',(26.,17.3,4.));
#7106 = SURFACE_CURVE('',#7107,(#7112,#7123),.PCURVE_S1.);
#7107 = CIRCLE('',#7108,2.3);
#7108 = AXIS2_PLACEMENT_3D('',#7109,#7110,#7111);
#7109 = CARTESIAN_POINT('',(26.,15.,4.));
#7110 = DIRECTION('',(-1.,0.,0.));
#7111 = DIRECTION('',(0.,1.,0.));
#7112 = PCURVE('',#684,#7113);
#7113 = DEFINITIONAL_REPRESENTATION('',(#7114),#7122);
#7114 = ( BOUNDED_CURVE() B_SPLINE_CURVE(2,(#7115,#7116,#7117,#7118,
#7119,#7120,#7121),.UNSPECIFIED.,.T.,.F.) B_SPLINE_CURVE_WITH_KNOTS((1,2
    ,2,2,2,1),(-2.094395102393,0.,2.094395102393,4.188790204786,
6.28318530718,8.377580409573),.UNSPECIFIED.) CURVE() 
GEOMETRIC_REPRESENTATION_ITEM() RATIONAL_B_SPLINE_CURVE((1.,0.5,1.,0.5,
1.,0.5,1.)) REPRESENTATION_ITEM('') );
#7115 = CARTESIAN_POINT('',(4.,-17.3));
#7116 = CARTESIAN_POINT('',(1.628314259158E-02,-17.3));
#7117 = CARTESIAN_POINT('',(2.008141571296,-13.85));
#7118 = CARTESIAN_POINT('',(4.,-10.4));
#7119 = CARTESIAN_POINT('',(5.991858428704,-13.85));
#7120 = CARTESIAN_POINT('',(7.983716857408,-17.3));
#7121 = CARTESIAN_POINT('',(4.,-17.3));
#7122 = ( GEOMETRIC_REPRESENTATION_CONTEXT(2) 
PARAMETRIC_REPRESENTATION_CONTEXT() REPRESENTATION_CONTEXT('2D SPACE',''
  ) );
#7123 = PCURVE('',#7124,#7129);
#7124 = CYLINDRICAL_SURFACE('',#7125,2.3);
#7125 = AXIS2_PLACEMENT_3D('',#7126,#7127,#7128);
#7126 = CARTESIAN_POINT('',(-2.,15.,4.));
#7127 = DIRECTION('',(-1.,-0.,-0.));
#7128 = DIRECTION('',(0.,1.,0.));
#7129 = DEFINITIONAL_REPRESENTATION('',(#7130),#7134);
#7130 = LINE('',#7131,#7132);
#7131 = CARTESIAN_POINT('',(-6.28318530718,-28.));
#7132 = VECTOR('',#7133,1.);
#7133 = DIRECTION('',(1.,-0.));
#7134 = ( GEOMETRIC_REPRESENTATION_CONTEXT(2) 
PARAMETRIC_REPRESENTATION_CONTEXT() REPRESENTATION_CONTEXT('2D SPACE',''
  ) );
#7135 = ADVANCED_FACE('',(#7136),#656,.T.);
#7136 = FACE_BOUND('',#7137,.F.);
#7137 = EDGE_LOOP('',(#7138,#7139,#7160,#7161));
#7138 = ORIENTED_EDGE('',*,*,#900,.T.);
#7139 = ORIENTED_EDGE('',*,*,#7140,.T.);
#7140 = EDGE_CURVE('',#878,#608,#7141,.T.);
#7141 = SURFACE_CURVE('',#7142,(#7146,#7153),.PCURVE_S1.);
#7142 = LINE('',#7143,#7144);
#7143 = CARTESIAN_POINT('',(23.,0.,0.));
#7144 = VECTOR('',#7145,1.);
#7145 = DIRECTION('',(0.,0.,1.));
#7146 = PCURVE('',#656,#7147);
#7147 = DEFINITIONAL_REPRESENTATION('',(#7148),#7152);
#7148 = LINE('',#7149,#7150);
#7149 = CARTESIAN_POINT('',(-1.570796326795,0.));
#7150 = VECTOR('',#7151,1.);
#7151 = DIRECTION('',(-0.,1.));
#7152 = ( GEOMETRIC_REPRESENTATION_CONTEXT(2) 
PARAMETRIC_REPRESENTATION_CONTEXT() REPRESENTATION_CONTEXT('2D SPACE',''
  ) );
#7153 = PCURVE('',#623,#7154);
#7154 = DEFINITIONAL_REPRESENTATION('',(#7155),#7159);
#7155 = LINE('',#7156,#7157);
#7156 = CARTESIAN_POINT('',(0.,23.));
#7157 = VECTOR('',#7158,1.);
#7158 = DIRECTION('',(1.,0.));
#7159 = ( GEOMETRIC_REPRESENTATION_CONTEXT(2) 
PARAMETRIC_REPRESENTATION_CONTEXT() REPRESENTATION_CONTEXT('2D SPACE',''
  ) );
#7160 = ORIENTED_EDGE('',*,*,#635,.F.);
#7161 = ORIENTED_EDGE('',*,*,#6876,.F.);
#7162 = ADVANCED_FACE('',(#7163),#623,.F.);
#7163 = FACE_BOUND('',#7164,.F.);
#7164 = EDGE_LOOP('',(#7165,#7166,#7167,#7168));
#7165 = ORIENTED_EDGE('',*,*,#877,.F.);
#7166 = ORIENTED_EDGE('',*,*,#800,.T.);
#7167 = ORIENTED_EDGE('',*,*,#607,.T.);
#7168 = ORIENTED_EDGE('',*,*,#7140,.F.);
#7169 = ADVANCED_FACE('',(#7170),#968,.T.);
#7170 = FACE_BOUND('',#7171,.T.);
#7171 = EDGE_LOOP('',(#7172,#7173,#7194,#7195));
#7172 = ORIENTED_EDGE('',*,*,#951,.T.);
#7173 = ORIENTED_EDGE('',*,*,#7174,.T.);
#7174 = EDGE_CURVE('',#952,#3131,#7175,.T.);
#7175 = SURFACE_CURVE('',#7176,(#7180,#7187),.PCURVE_S1.);
#7176 = LINE('',#7177,#7178);
#7177 = CARTESIAN_POINT('',(23.,90.,0.));
#7178 = VECTOR('',#7179,1.);
#7179 = DIRECTION('',(0.,0.,1.));
#7180 = PCURVE('',#968,#7181);
#7181 = DEFINITIONAL_REPRESENTATION('',(#7182),#7186);
#7182 = LINE('',#7183,#7184);
#7183 = CARTESIAN_POINT('',(1.570796326795,0.));
#7184 = VECTOR('',#7185,1.);
#7185 = DIRECTION('',(0.,1.));
#7186 = ( GEOMETRIC_REPRESENTATION_CONTEXT(2) 
PARAMETRIC_REPRESENTATION_CONTEXT() REPRESENTATION_CONTEXT('2D SPACE',''
  ) );
#7187 = PCURVE('',#996,#7188);
#7188 = DEFINITIONAL_REPRESENTATION('',(#7189),#7193);
#7189 = LINE('',#7190,#7191);
#7190 = CARTESIAN_POINT('',(0.,23.));
#7191 = VECTOR('',#7192,1.);
#7192 = DIRECTION('',(1.,0.));
#7193 = ( GEOMETRIC_REPRESENTATION_CONTEXT(2) 
PARAMETRIC_REPRESENTATION_CONTEXT() REPRESENTATION_CONTEXT('2D SPACE',''
  ) );
#7194 = ORIENTED_EDGE('',*,*,#3130,.F.);
#7195 = ORIENTED_EDGE('',*,*,#6898,.F.);
#7196 = ADVANCED_FACE('',(#7197),#996,.T.);
#7197 = FACE_BOUND('',#7198,.T.);
#7198 = EDGE_LOOP('',(#7199,#7200,#7201,#7202));
#7199 = ORIENTED_EDGE('',*,*,#980,.F.);
#7200 = ORIENTED_EDGE('',*,*,#2924,.T.);
#7201 = ORIENTED_EDGE('',*,*,#3154,.T.);
#7202 = ORIENTED_EDGE('',*,*,#7174,.F.);
#7203 = ADVANCED_FACE('',(#7204),#1159,.T.);
#7204 = FACE_BOUND('',#7205,.T.);
#7205 = EDGE_LOOP('',(#7206,#7207,#7208,#7209));
#7206 = ORIENTED_EDGE('',*,*,#3181,.T.);
#7207 = ORIENTED_EDGE('',*,*,#3002,.T.);
#7208 = ORIENTED_EDGE('',*,*,#1143,.T.);
#7209 = ORIENTED_EDGE('',*,*,#7210,.F.);
#7210 = EDGE_CURVE('',#3182,#1115,#7211,.T.);
#7211 = SURFACE_CURVE('',#7212,(#7216,#7223),.PCURVE_S1.);
#7212 = LINE('',#7213,#7214);
#7213 = CARTESIAN_POINT('',(23.5,27.,0.));
#7214 = VECTOR('',#7215,1.);
#7215 = DIRECTION('',(0.,0.,1.));
#7216 = PCURVE('',#1159,#7217);
#7217 = DEFINITIONAL_REPRESENTATION('',(#7218),#7222);
#7218 = LINE('',#7219,#7220);
#7219 = CARTESIAN_POINT('',(0.,23.5));
#7220 = VECTOR('',#7221,1.);
#7221 = DIRECTION('',(1.,0.));
#7222 = ( GEOMETRIC_REPRESENTATION_CONTEXT(2) 
PARAMETRIC_REPRESENTATION_CONTEXT() REPRESENTATION_CONTEXT('2D SPACE',''
  ) );
#7223 = PCURVE('',#1131,#7224);
#7224 = DEFINITIONAL_REPRESENTATION('',(#7225),#7229);
#7225 = LINE('',#7226,#7227);
#7226 = CARTESIAN_POINT('',(1.570796326795,0.));
#7227 = VECTOR('',#7228,1.);
#7228 = DIRECTION('',(0.,1.));
#7229 = ( GEOMETRIC_REPRESENTATION_CONTEXT(2) 
PARAMETRIC_REPRESENTATION_CONTEXT() REPRESENTATION_CONTEXT('2D SPACE',''
  ) );
#7230 = ADVANCED_FACE('',(#7231),#1131,.T.);
#7231 = FACE_BOUND('',#7232,.T.);
#7232 = EDGE_LOOP('',(#7233,#7234,#7235,#7236));
#7233 = ORIENTED_EDGE('',*,*,#7008,.F.);
#7234 = ORIENTED_EDGE('',*,*,#3202,.T.);
#7235 = ORIENTED_EDGE('',*,*,#7210,.T.);
#7236 = ORIENTED_EDGE('',*,*,#1114,.F.);
#7237 = ADVANCED_FACE('',(#7238),#1216,.T.);
#7238 = FACE_BOUND('',#7239,.T.);
#7239 = EDGE_LOOP('',(#7240,#7241,#7264,#7292));
#7240 = ORIENTED_EDGE('',*,*,#1199,.T.);
#7241 = ORIENTED_EDGE('',*,*,#7242,.T.);
#7242 = EDGE_CURVE('',#1202,#7243,#7245,.T.);
#7243 = VERTEX_POINT('',#7244);
#7244 = CARTESIAN_POINT('',(14.3796875,13.94296875,16.6));
#7245 = SURFACE_CURVE('',#7246,(#7250,#7257),.PCURVE_S1.);
#7246 = LINE('',#7247,#7248);
#7247 = CARTESIAN_POINT('',(14.3796875,13.94296875,15.95));
#7248 = VECTOR('',#7249,1.);
#7249 = DIRECTION('',(0.,0.,1.));
#7250 = PCURVE('',#1216,#7251);
#7251 = DEFINITIONAL_REPRESENTATION('',(#7252),#7256);
#7252 = LINE('',#7253,#7254);
#7253 = CARTESIAN_POINT('',(0.,-0.));
#7254 = VECTOR('',#7255,1.);
#7255 = DIRECTION('',(0.,-1.));
#7256 = ( GEOMETRIC_REPRESENTATION_CONTEXT(2) 
PARAMETRIC_REPRESENTATION_CONTEXT() REPRESENTATION_CONTEXT('2D SPACE',''
  ) );
#7257 = PCURVE('',#1292,#7258);
#7258 = DEFINITIONAL_REPRESENTATION('',(#7259),#7263);
#7259 = LINE('',#7260,#7261);
#7260 = CARTESIAN_POINT('',(0.4390625,0.));
#7261 = VECTOR('',#7262,1.);
#7262 = DIRECTION('',(0.,-1.));
#7263 = ( GEOMETRIC_REPRESENTATION_CONTEXT(2) 
PARAMETRIC_REPRESENTATION_CONTEXT() REPRESENTATION_CONTEXT('2D SPACE',''
  ) );
#7264 = ORIENTED_EDGE('',*,*,#7265,.T.);
#7265 = EDGE_CURVE('',#7243,#7266,#7268,.T.);
#7266 = VERTEX_POINT('',#7267);
#7267 = CARTESIAN_POINT('',(13.940625,13.94296875,16.6));
#7268 = SURFACE_CURVE('',#7269,(#7273,#7280),.PCURVE_S1.);
#7269 = LINE('',#7270,#7271);
#7270 = CARTESIAN_POINT('',(14.3796875,13.94296875,16.6));
#7271 = VECTOR('',#7272,1.);
#7272 = DIRECTION('',(-1.,0.,0.));
#7273 = PCURVE('',#1216,#7274);
#7274 = DEFINITIONAL_REPRESENTATION('',(#7275),#7279);
#7275 = LINE('',#7276,#7277);
#7276 = CARTESIAN_POINT('',(0.,-0.65));
#7277 = VECTOR('',#7278,1.);
#7278 = DIRECTION('',(1.,0.));
#7279 = ( GEOMETRIC_REPRESENTATION_CONTEXT(2) 
PARAMETRIC_REPRESENTATION_CONTEXT() REPRESENTATION_CONTEXT('2D SPACE',''
  ) );
#7280 = PCURVE('',#7281,#7286);
#7281 = PLANE('',#7282);
#7282 = AXIS2_PLACEMENT_3D('',#7283,#7284,#7285);
#7283 = CARTESIAN_POINT('',(13.7109375,13.94296875,16.6));
#7284 = DIRECTION('',(0.,0.,1.));
#7285 = DIRECTION('',(1.,0.,0.));
#7286 = DEFINITIONAL_REPRESENTATION('',(#7287),#7291);
#7287 = LINE('',#7288,#7289);
#7288 = CARTESIAN_POINT('',(0.66875,0.));
#7289 = VECTOR('',#7290,1.);
#7290 = DIRECTION('',(-1.,0.));
#7291 = ( GEOMETRIC_REPRESENTATION_CONTEXT(2) 
PARAMETRIC_REPRESENTATION_CONTEXT() REPRESENTATION_CONTEXT('2D SPACE',''
  ) );
#7292 = ORIENTED_EDGE('',*,*,#7293,.F.);
#7293 = EDGE_CURVE('',#1200,#7266,#7294,.T.);
#7294 = SURFACE_CURVE('',#7295,(#7299,#7306),.PCURVE_S1.);
#7295 = LINE('',#7296,#7297);
#7296 = CARTESIAN_POINT('',(13.940625,13.94296875,15.95));
#7297 = VECTOR('',#7298,1.);
#7298 = DIRECTION('',(0.,0.,1.));
#7299 = PCURVE('',#1216,#7300);
#7300 = DEFINITIONAL_REPRESENTATION('',(#7301),#7305);
#7301 = LINE('',#7302,#7303);
#7302 = CARTESIAN_POINT('',(0.4390625,0.));
#7303 = VECTOR('',#7304,1.);
#7304 = DIRECTION('',(0.,-1.));
#7305 = ( GEOMETRIC_REPRESENTATION_CONTEXT(2) 
PARAMETRIC_REPRESENTATION_CONTEXT() REPRESENTATION_CONTEXT('2D SPACE',''
  ) );
#7306 = PCURVE('',#1242,#7307);
#7307 = DEFINITIONAL_REPRESENTATION('',(#7308),#7312);
#7308 = LINE('',#7309,#7310);
#7309 = CARTESIAN_POINT('',(0.,0.));
#7310 = VECTOR('',#7311,1.);
#7311 = DIRECTION('',(0.,-1.));
#7312 = ( GEOMETRIC_REPRESENTATION_CONTEXT(2) 
PARAMETRIC_REPRESENTATION_CONTEXT() REPRESENTATION_CONTEXT('2D SPACE',''
  ) );
#7313 = ADVANCED_FACE('',(#7314),#1292,.T.);
#7314 = FACE_BOUND('',#7315,.T.);
#7315 = EDGE_LOOP('',(#7316,#7317,#7340,#7361));
#7316 = ORIENTED_EDGE('',*,*,#1279,.T.);
#7317 = ORIENTED_EDGE('',*,*,#7318,.T.);
#7318 = EDGE_CURVE('',#1254,#7319,#7321,.T.);
#7319 = VERTEX_POINT('',#7320);
#7320 = CARTESIAN_POINT('',(14.3796875,14.38203125,16.6));
#7321 = SURFACE_CURVE('',#7322,(#7326,#7333),.PCURVE_S1.);
#7322 = LINE('',#7323,#7324);
#7323 = CARTESIAN_POINT('',(14.3796875,14.38203125,15.95));
#7324 = VECTOR('',#7325,1.);
#7325 = DIRECTION('',(0.,0.,1.));
#7326 = PCURVE('',#1292,#7327);
#7327 = DEFINITIONAL_REPRESENTATION('',(#7328),#7332);
#7328 = LINE('',#7329,#7330);
#7329 = CARTESIAN_POINT('',(0.,0.));
#7330 = VECTOR('',#7331,1.);
#7331 = DIRECTION('',(0.,-1.));
#7332 = ( GEOMETRIC_REPRESENTATION_CONTEXT(2) 
PARAMETRIC_REPRESENTATION_CONTEXT() REPRESENTATION_CONTEXT('2D SPACE',''
  ) );
#7333 = PCURVE('',#1268,#7334);
#7334 = DEFINITIONAL_REPRESENTATION('',(#7335),#7339);
#7335 = LINE('',#7336,#7337);
#7336 = CARTESIAN_POINT('',(0.4390625,0.));
#7337 = VECTOR('',#7338,1.);
#7338 = DIRECTION('',(0.,-1.));
#7339 = ( GEOMETRIC_REPRESENTATION_CONTEXT(2) 
PARAMETRIC_REPRESENTATION_CONTEXT() REPRESENTATION_CONTEXT('2D SPACE',''
  ) );
#7340 = ORIENTED_EDGE('',*,*,#7341,.T.);
#7341 = EDGE_CURVE('',#7319,#7243,#7342,.T.);
#7342 = SURFACE_CURVE('',#7343,(#7347,#7354),.PCURVE_S1.);
#7343 = LINE('',#7344,#7345);
#7344 = CARTESIAN_POINT('',(14.3796875,14.38203125,16.6));
#7345 = VECTOR('',#7346,1.);
#7346 = DIRECTION('',(0.,-1.,0.));
#7347 = PCURVE('',#1292,#7348);
#7348 = DEFINITIONAL_REPRESENTATION('',(#7349),#7353);
#7349 = LINE('',#7350,#7351);
#7350 = CARTESIAN_POINT('',(0.,-0.65));
#7351 = VECTOR('',#7352,1.);
#7352 = DIRECTION('',(1.,0.));
#7353 = ( GEOMETRIC_REPRESENTATION_CONTEXT(2) 
PARAMETRIC_REPRESENTATION_CONTEXT() REPRESENTATION_CONTEXT('2D SPACE',''
  ) );
#7354 = PCURVE('',#7281,#7355);
#7355 = DEFINITIONAL_REPRESENTATION('',(#7356),#7360);
#7356 = LINE('',#7357,#7358);
#7357 = CARTESIAN_POINT('',(0.66875,0.4390625));
#7358 = VECTOR('',#7359,1.);
#7359 = DIRECTION('',(0.,-1.));
#7360 = ( GEOMETRIC_REPRESENTATION_CONTEXT(2) 
PARAMETRIC_REPRESENTATION_CONTEXT() REPRESENTATION_CONTEXT('2D SPACE',''
  ) );
#7361 = ORIENTED_EDGE('',*,*,#7242,.F.);
#7362 = ADVANCED_FACE('',(#7363),#1268,.T.);
#7363 = FACE_BOUND('',#7364,.T.);
#7364 = EDGE_LOOP('',(#7365,#7366,#7389,#7410));
#7365 = ORIENTED_EDGE('',*,*,#1253,.T.);
#7366 = ORIENTED_EDGE('',*,*,#7367,.T.);
#7367 = EDGE_CURVE('',#1228,#7368,#7370,.T.);
#7368 = VERTEX_POINT('',#7369);
#7369 = CARTESIAN_POINT('',(13.940625,14.38203125,16.6));
#7370 = SURFACE_CURVE('',#7371,(#7375,#7382),.PCURVE_S1.);
#7371 = LINE('',#7372,#7373);
#7372 = CARTESIAN_POINT('',(13.940625,14.38203125,15.95));
#7373 = VECTOR('',#7374,1.);
#7374 = DIRECTION('',(0.,0.,1.));
#7375 = PCURVE('',#1268,#7376);
#7376 = DEFINITIONAL_REPRESENTATION('',(#7377),#7381);
#7377 = LINE('',#7378,#7379);
#7378 = CARTESIAN_POINT('',(0.,0.));
#7379 = VECTOR('',#7380,1.);
#7380 = DIRECTION('',(0.,-1.));
#7381 = ( GEOMETRIC_REPRESENTATION_CONTEXT(2) 
PARAMETRIC_REPRESENTATION_CONTEXT() REPRESENTATION_CONTEXT('2D SPACE',''
  ) );
#7382 = PCURVE('',#1242,#7383);
#7383 = DEFINITIONAL_REPRESENTATION('',(#7384),#7388);
#7384 = LINE('',#7385,#7386);
#7385 = CARTESIAN_POINT('',(0.4390625,0.));
#7386 = VECTOR('',#7387,1.);
#7387 = DIRECTION('',(0.,-1.));
#7388 = ( GEOMETRIC_REPRESENTATION_CONTEXT(2) 
PARAMETRIC_REPRESENTATION_CONTEXT() REPRESENTATION_CONTEXT('2D SPACE',''
  ) );
#7389 = ORIENTED_EDGE('',*,*,#7390,.T.);
#7390 = EDGE_CURVE('',#7368,#7319,#7391,.T.);
#7391 = SURFACE_CURVE('',#7392,(#7396,#7403),.PCURVE_S1.);
#7392 = LINE('',#7393,#7394);
#7393 = CARTESIAN_POINT('',(13.940625,14.38203125,16.6));
#7394 = VECTOR('',#7395,1.);
#7395 = DIRECTION('',(1.,0.,0.));
#7396 = PCURVE('',#1268,#7397);
#7397 = DEFINITIONAL_REPRESENTATION('',(#7398),#7402);
#7398 = LINE('',#7399,#7400);
#7399 = CARTESIAN_POINT('',(0.,-0.65));
#7400 = VECTOR('',#7401,1.);
#7401 = DIRECTION('',(1.,0.));
#7402 = ( GEOMETRIC_REPRESENTATION_CONTEXT(2) 
PARAMETRIC_REPRESENTATION_CONTEXT() REPRESENTATION_CONTEXT('2D SPACE',''
  ) );
#7403 = PCURVE('',#7281,#7404);
#7404 = DEFINITIONAL_REPRESENTATION('',(#7405),#7409);
#7405 = LINE('',#7406,#7407);
#7406 = CARTESIAN_POINT('',(0.2296875,0.4390625));
#7407 = VECTOR('',#7408,1.);
#7408 = DIRECTION('',(1.,0.));
#7409 = ( GEOMETRIC_REPRESENTATION_CONTEXT(2) 
PARAMETRIC_REPRESENTATION_CONTEXT() REPRESENTATION_CONTEXT('2D SPACE',''
  ) );
#7410 = ORIENTED_EDGE('',*,*,#7318,.F.);
#7411 = ADVANCED_FACE('',(#7412),#1242,.T.);
#7412 = FACE_BOUND('',#7413,.T.);
#7413 = EDGE_LOOP('',(#7414,#7415,#7416,#7437));
#7414 = ORIENTED_EDGE('',*,*,#1227,.T.);
#7415 = ORIENTED_EDGE('',*,*,#7293,.T.);
#7416 = ORIENTED_EDGE('',*,*,#7417,.T.);
#7417 = EDGE_CURVE('',#7266,#7368,#7418,.T.);
#7418 = SURFACE_CURVE('',#7419,(#7423,#7430),.PCURVE_S1.);
#7419 = LINE('',#7420,#7421);
#7420 = CARTESIAN_POINT('',(13.940625,13.94296875,16.6));
#7421 = VECTOR('',#7422,1.);
#7422 = DIRECTION('',(0.,1.,0.));
#7423 = PCURVE('',#1242,#7424);
#7424 = DEFINITIONAL_REPRESENTATION('',(#7425),#7429);
#7425 = LINE('',#7426,#7427);
#7426 = CARTESIAN_POINT('',(0.,-0.65));
#7427 = VECTOR('',#7428,1.);
#7428 = DIRECTION('',(1.,0.));
#7429 = ( GEOMETRIC_REPRESENTATION_CONTEXT(2) 
PARAMETRIC_REPRESENTATION_CONTEXT() REPRESENTATION_CONTEXT('2D SPACE',''
  ) );
#7430 = PCURVE('',#7281,#7431);
#7431 = DEFINITIONAL_REPRESENTATION('',(#7432),#7436);
#7432 = LINE('',#7433,#7434);
#7433 = CARTESIAN_POINT('',(0.2296875,0.));
#7434 = VECTOR('',#7435,1.);
#7435 = DIRECTION('',(0.,1.));
#7436 = ( GEOMETRIC_REPRESENTATION_CONTEXT(2) 
PARAMETRIC_REPRESENTATION_CONTEXT() REPRESENTATION_CONTEXT('2D SPACE',''
  ) );
#7437 = ORIENTED_EDGE('',*,*,#7367,.F.);
#7438 = ADVANCED_FACE('',(#7439),#1322,.T.);
#7439 = FACE_BOUND('',#7440,.T.);
#7440 = EDGE_LOOP('',(#7441,#7442,#7465,#7493));
#7441 = ORIENTED_EDGE('',*,*,#1305,.T.);
#7442 = ORIENTED_EDGE('',*,*,#7443,.T.);
#7443 = EDGE_CURVE('',#1308,#7444,#7446,.T.);
#7444 = VERTEX_POINT('',#7445);
#7445 = CARTESIAN_POINT('',(10.2875,13.94296875,16.6));
#7446 = SURFACE_CURVE('',#7447,(#7451,#7458),.PCURVE_S1.);
#7447 = LINE('',#7448,#7449);
#7448 = CARTESIAN_POINT('',(10.2875,13.94296875,15.95));
#7449 = VECTOR('',#7450,1.);
#7450 = DIRECTION('',(0.,0.,1.));
#7451 = PCURVE('',#1322,#7452);
#7452 = DEFINITIONAL_REPRESENTATION('',(#7453),#7457);
#7453 = LINE('',#7454,#7455);
#7454 = CARTESIAN_POINT('',(0.,-0.));
#7455 = VECTOR('',#7456,1.);
#7456 = DIRECTION('',(0.,-1.));
#7457 = ( GEOMETRIC_REPRESENTATION_CONTEXT(2) 
PARAMETRIC_REPRESENTATION_CONTEXT() REPRESENTATION_CONTEXT('2D SPACE',''
  ) );
#7458 = PCURVE('',#1554,#7459);
#7459 = DEFINITIONAL_REPRESENTATION('',(#7460),#7464);
#7460 = LINE('',#7461,#7462);
#7461 = CARTESIAN_POINT('',(1.49375,0.));
#7462 = VECTOR('',#7463,1.);
#7463 = DIRECTION('',(0.,-1.));
#7464 = ( GEOMETRIC_REPRESENTATION_CONTEXT(2) 
PARAMETRIC_REPRESENTATION_CONTEXT() REPRESENTATION_CONTEXT('2D SPACE',''
  ) );
#7465 = ORIENTED_EDGE('',*,*,#7466,.T.);
#7466 = EDGE_CURVE('',#7444,#7467,#7469,.T.);
#7467 = VERTEX_POINT('',#7468);
#7468 = CARTESIAN_POINT('',(9.8578125,13.94296875,16.6));
#7469 = SURFACE_CURVE('',#7470,(#7474,#7481),.PCURVE_S1.);
#7470 = LINE('',#7471,#7472);
#7471 = CARTESIAN_POINT('',(10.2875,13.94296875,16.6));
#7472 = VECTOR('',#7473,1.);
#7473 = DIRECTION('',(-1.,0.,0.));
#7474 = PCURVE('',#1322,#7475);
#7475 = DEFINITIONAL_REPRESENTATION('',(#7476),#7480);
#7476 = LINE('',#7477,#7478);
#7477 = CARTESIAN_POINT('',(0.,-0.65));
#7478 = VECTOR('',#7479,1.);
#7479 = DIRECTION('',(1.,0.));
#7480 = ( GEOMETRIC_REPRESENTATION_CONTEXT(2) 
PARAMETRIC_REPRESENTATION_CONTEXT() REPRESENTATION_CONTEXT('2D SPACE',''
  ) );
#7481 = PCURVE('',#7482,#7487);
#7482 = PLANE('',#7483);
#7483 = AXIS2_PLACEMENT_3D('',#7484,#7485,#7486);
#7484 = CARTESIAN_POINT('',(9.6203125,13.94296875,16.6));
#7485 = DIRECTION('',(0.,0.,1.));
#7486 = DIRECTION('',(1.,0.,0.));
#7487 = DEFINITIONAL_REPRESENTATION('',(#7488),#7492);
#7488 = LINE('',#7489,#7490);
#7489 = CARTESIAN_POINT('',(0.6671875,0.));
#7490 = VECTOR('',#7491,1.);
#7491 = DIRECTION('',(-1.,0.));
#7492 = ( GEOMETRIC_REPRESENTATION_CONTEXT(2) 
PARAMETRIC_REPRESENTATION_CONTEXT() REPRESENTATION_CONTEXT('2D SPACE',''
  ) );
#7493 = ORIENTED_EDGE('',*,*,#7494,.F.);
#7494 = EDGE_CURVE('',#1306,#7467,#7495,.T.);
#7495 = SURFACE_CURVE('',#7496,(#7500,#7507),.PCURVE_S1.);
#7496 = LINE('',#7497,#7498);
#7497 = CARTESIAN_POINT('',(9.8578125,13.94296875,15.95));
#7498 = VECTOR('',#7499,1.);
#7499 = DIRECTION('',(0.,0.,1.));
#7500 = PCURVE('',#1322,#7501);
#7501 = DEFINITIONAL_REPRESENTATION('',(#7502),#7506);
#7502 = LINE('',#7503,#7504);
#7503 = CARTESIAN_POINT('',(0.4296875,0.));
#7504 = VECTOR('',#7505,1.);
#7505 = DIRECTION('',(0.,-1.));
#7506 = ( GEOMETRIC_REPRESENTATION_CONTEXT(2) 
PARAMETRIC_REPRESENTATION_CONTEXT() REPRESENTATION_CONTEXT('2D SPACE',''
  ) );
#7507 = PCURVE('',#1348,#7508);
#7508 = DEFINITIONAL_REPRESENTATION('',(#7509),#7513);
#7509 = LINE('',#7510,#7511);
#7510 = CARTESIAN_POINT('',(0.,0.));
#7511 = VECTOR('',#7512,1.);
#7512 = DIRECTION('',(0.,-1.));
#7513 = ( GEOMETRIC_REPRESENTATION_CONTEXT(2) 
PARAMETRIC_REPRESENTATION_CONTEXT() REPRESENTATION_CONTEXT('2D SPACE',''
  ) );
#7514 = ADVANCED_FACE('',(#7515),#1554,.T.);
#7515 = FACE_BOUND('',#7516,.T.);
#7516 = EDGE_LOOP('',(#7517,#7518,#7541,#7562));
#7517 = ORIENTED_EDGE('',*,*,#1541,.T.);
#7518 = ORIENTED_EDGE('',*,*,#7519,.T.);
#7519 = EDGE_CURVE('',#1516,#7520,#7522,.T.);
#7520 = VERTEX_POINT('',#7521);
#7521 = CARTESIAN_POINT('',(10.2875,15.43671875,16.6));
#7522 = SURFACE_CURVE('',#7523,(#7527,#7534),.PCURVE_S1.);
#7523 = LINE('',#7524,#7525);
#7524 = CARTESIAN_POINT('',(10.2875,15.43671875,15.95));
#7525 = VECTOR('',#7526,1.);
#7526 = DIRECTION('',(0.,0.,1.));
#7527 = PCURVE('',#1554,#7528);
#7528 = DEFINITIONAL_REPRESENTATION('',(#7529),#7533);
#7529 = LINE('',#7530,#7531);
#7530 = CARTESIAN_POINT('',(0.,0.));
#7531 = VECTOR('',#7532,1.);
#7532 = DIRECTION('',(0.,-1.));
#7533 = ( GEOMETRIC_REPRESENTATION_CONTEXT(2) 
PARAMETRIC_REPRESENTATION_CONTEXT() REPRESENTATION_CONTEXT('2D SPACE',''
  ) );
#7534 = PCURVE('',#1530,#7535);
#7535 = DEFINITIONAL_REPRESENTATION('',(#7536),#7540);
#7536 = LINE('',#7537,#7538);
#7537 = CARTESIAN_POINT('',(1.75613948162,0.));
#7538 = VECTOR('',#7539,1.);
#7539 = DIRECTION('',(0.,-1.));
#7540 = ( GEOMETRIC_REPRESENTATION_CONTEXT(2) 
PARAMETRIC_REPRESENTATION_CONTEXT() REPRESENTATION_CONTEXT('2D SPACE',''
  ) );
#7541 = ORIENTED_EDGE('',*,*,#7542,.T.);
#7542 = EDGE_CURVE('',#7520,#7444,#7543,.T.);
#7543 = SURFACE_CURVE('',#7544,(#7548,#7555),.PCURVE_S1.);
#7544 = LINE('',#7545,#7546);
#7545 = CARTESIAN_POINT('',(10.2875,15.43671875,16.6));
#7546 = VECTOR('',#7547,1.);
#7547 = DIRECTION('',(0.,-1.,0.));
#7548 = PCURVE('',#1554,#7549);
#7549 = DEFINITIONAL_REPRESENTATION('',(#7550),#7554);
#7550 = LINE('',#7551,#7552);
#7551 = CARTESIAN_POINT('',(0.,-0.65));
#7552 = VECTOR('',#7553,1.);
#7553 = DIRECTION('',(1.,0.));
#7554 = ( GEOMETRIC_REPRESENTATION_CONTEXT(2) 
PARAMETRIC_REPRESENTATION_CONTEXT() REPRESENTATION_CONTEXT('2D SPACE',''
  ) );
#7555 = PCURVE('',#7482,#7556);
#7556 = DEFINITIONAL_REPRESENTATION('',(#7557),#7561);
#7557 = LINE('',#7558,#7559);
#7558 = CARTESIAN_POINT('',(0.6671875,1.49375));
#7559 = VECTOR('',#7560,1.);
#7560 = DIRECTION('',(0.,-1.));
#7561 = ( GEOMETRIC_REPRESENTATION_CONTEXT(2) 
PARAMETRIC_REPRESENTATION_CONTEXT() REPRESENTATION_CONTEXT('2D SPACE',''
  ) );
#7562 = ORIENTED_EDGE('',*,*,#7443,.F.);
#7563 = ADVANCED_FACE('',(#7564),#1530,.T.);
#7564 = FACE_BOUND('',#7565,.T.);
#7565 = EDGE_LOOP('',(#7566,#7567,#7590,#7611));
#7566 = ORIENTED_EDGE('',*,*,#1515,.T.);
#7567 = ORIENTED_EDGE('',*,*,#7568,.T.);
#7568 = EDGE_CURVE('',#1490,#7569,#7571,.T.);
#7569 = VERTEX_POINT('',#7570);
#7570 = CARTESIAN_POINT('',(11.2109375,13.94296875,16.6));
#7571 = SURFACE_CURVE('',#7572,(#7576,#7583),.PCURVE_S1.);
#7572 = LINE('',#7573,#7574);
#7573 = CARTESIAN_POINT('',(11.2109375,13.94296875,15.95));
#7574 = VECTOR('',#7575,1.);
#7575 = DIRECTION('',(0.,0.,1.));
#7576 = PCURVE('',#1530,#7577);
#7577 = DEFINITIONAL_REPRESENTATION('',(#7578),#7582);
#7578 = LINE('',#7579,#7580);
#7579 = CARTESIAN_POINT('',(0.,0.));
#7580 = VECTOR('',#7581,1.);
#7581 = DIRECTION('',(0.,-1.));
#7582 = ( GEOMETRIC_REPRESENTATION_CONTEXT(2) 
PARAMETRIC_REPRESENTATION_CONTEXT() REPRESENTATION_CONTEXT('2D SPACE',''
  ) );
#7583 = PCURVE('',#1504,#7584);
#7584 = DEFINITIONAL_REPRESENTATION('',(#7585),#7589);
#7585 = LINE('',#7586,#7587);
#7586 = CARTESIAN_POINT('',(0.4640625,0.));
#7587 = VECTOR('',#7588,1.);
#7588 = DIRECTION('',(0.,-1.));
#7589 = ( GEOMETRIC_REPRESENTATION_CONTEXT(2) 
PARAMETRIC_REPRESENTATION_CONTEXT() REPRESENTATION_CONTEXT('2D SPACE',''
  ) );
#7590 = ORIENTED_EDGE('',*,*,#7591,.T.);
#7591 = EDGE_CURVE('',#7569,#7520,#7592,.T.);
#7592 = SURFACE_CURVE('',#7593,(#7597,#7604),.PCURVE_S1.);
#7593 = LINE('',#7594,#7595);
#7594 = CARTESIAN_POINT('',(11.2109375,13.94296875,16.6));
#7595 = VECTOR('',#7596,1.);
#7596 = DIRECTION('',(-0.525833801736,0.850587334112,0.));
#7597 = PCURVE('',#1530,#7598);
#7598 = DEFINITIONAL_REPRESENTATION('',(#7599),#7603);
#7599 = LINE('',#7600,#7601);
#7600 = CARTESIAN_POINT('',(0.,-0.65));
#7601 = VECTOR('',#7602,1.);
#7602 = DIRECTION('',(1.,0.));
#7603 = ( GEOMETRIC_REPRESENTATION_CONTEXT(2) 
PARAMETRIC_REPRESENTATION_CONTEXT() REPRESENTATION_CONTEXT('2D SPACE',''
  ) );
#7604 = PCURVE('',#7482,#7605);
#7605 = DEFINITIONAL_REPRESENTATION('',(#7606),#7610);
#7606 = LINE('',#7607,#7608);
#7607 = CARTESIAN_POINT('',(1.590625,0.));
#7608 = VECTOR('',#7609,1.);
#7609 = DIRECTION('',(-0.525833801736,0.850587334112));
#7610 = ( GEOMETRIC_REPRESENTATION_CONTEXT(2) 
PARAMETRIC_REPRESENTATION_CONTEXT() REPRESENTATION_CONTEXT('2D SPACE',''
  ) );
#7611 = ORIENTED_EDGE('',*,*,#7519,.F.);
#7612 = ADVANCED_FACE('',(#7613),#1504,.T.);
#7613 = FACE_BOUND('',#7614,.T.);
#7614 = EDGE_LOOP('',(#7615,#7616,#7639,#7660));
#7615 = ORIENTED_EDGE('',*,*,#1489,.T.);
#7616 = ORIENTED_EDGE('',*,*,#7617,.T.);
#7617 = EDGE_CURVE('',#1464,#7618,#7620,.T.);
#7618 = VERTEX_POINT('',#7619);
#7619 = CARTESIAN_POINT('',(11.675,13.94296875,16.6));
#7620 = SURFACE_CURVE('',#7621,(#7625,#7632),.PCURVE_S1.);
#7621 = LINE('',#7622,#7623);
#7622 = CARTESIAN_POINT('',(11.675,13.94296875,15.95));
#7623 = VECTOR('',#7624,1.);
#7624 = DIRECTION('',(0.,0.,1.));
#7625 = PCURVE('',#1504,#7626);
#7626 = DEFINITIONAL_REPRESENTATION('',(#7627),#7631);
#7627 = LINE('',#7628,#7629);
#7628 = CARTESIAN_POINT('',(0.,-0.));
#7629 = VECTOR('',#7630,1.);
#7630 = DIRECTION('',(0.,-1.));
#7631 = ( GEOMETRIC_REPRESENTATION_CONTEXT(2) 
PARAMETRIC_REPRESENTATION_CONTEXT() REPRESENTATION_CONTEXT('2D SPACE',''
  ) );
#7632 = PCURVE('',#1478,#7633);
#7633 = DEFINITIONAL_REPRESENTATION('',(#7634),#7638);
#7634 = LINE('',#7635,#7636);
#7635 = CARTESIAN_POINT('',(2.290625,0.));
#7636 = VECTOR('',#7637,1.);
#7637 = DIRECTION('',(0.,-1.));
#7638 = ( GEOMETRIC_REPRESENTATION_CONTEXT(2) 
PARAMETRIC_REPRESENTATION_CONTEXT() REPRESENTATION_CONTEXT('2D SPACE',''
  ) );
#7639 = ORIENTED_EDGE('',*,*,#7640,.T.);
#7640 = EDGE_CURVE('',#7618,#7569,#7641,.T.);
#7641 = SURFACE_CURVE('',#7642,(#7646,#7653),.PCURVE_S1.);
#7642 = LINE('',#7643,#7644);
#7643 = CARTESIAN_POINT('',(11.675,13.94296875,16.6));
#7644 = VECTOR('',#7645,1.);
#7645 = DIRECTION('',(-1.,0.,0.));
#7646 = PCURVE('',#1504,#7647);
#7647 = DEFINITIONAL_REPRESENTATION('',(#7648),#7652);
#7648 = LINE('',#7649,#7650);
#7649 = CARTESIAN_POINT('',(0.,-0.65));
#7650 = VECTOR('',#7651,1.);
#7651 = DIRECTION('',(1.,0.));
#7652 = ( GEOMETRIC_REPRESENTATION_CONTEXT(2) 
PARAMETRIC_REPRESENTATION_CONTEXT() REPRESENTATION_CONTEXT('2D SPACE',''
  ) );
#7653 = PCURVE('',#7482,#7654);
#7654 = DEFINITIONAL_REPRESENTATION('',(#7655),#7659);
#7655 = LINE('',#7656,#7657);
#7656 = CARTESIAN_POINT('',(2.0546875,0.));
#7657 = VECTOR('',#7658,1.);
#7658 = DIRECTION('',(-1.,0.));
#7659 = ( GEOMETRIC_REPRESENTATION_CONTEXT(2) 
PARAMETRIC_REPRESENTATION_CONTEXT() REPRESENTATION_CONTEXT('2D SPACE',''
  ) );
#7660 = ORIENTED_EDGE('',*,*,#7568,.F.);
#7661 = ADVANCED_FACE('',(#7662),#1478,.T.);
#7662 = FACE_BOUND('',#7663,.T.);
#7663 = EDGE_LOOP('',(#7664,#7665,#7688,#7709));
#7664 = ORIENTED_EDGE('',*,*,#1463,.T.);
#7665 = ORIENTED_EDGE('',*,*,#7666,.T.);
#7666 = EDGE_CURVE('',#1438,#7667,#7669,.T.);
#7667 = VERTEX_POINT('',#7668);
#7668 = CARTESIAN_POINT('',(11.675,16.23359375,16.6));
#7669 = SURFACE_CURVE('',#7670,(#7674,#7681),.PCURVE_S1.);
#7670 = LINE('',#7671,#7672);
#7671 = CARTESIAN_POINT('',(11.675,16.23359375,15.95));
#7672 = VECTOR('',#7673,1.);
#7673 = DIRECTION('',(0.,0.,1.));
#7674 = PCURVE('',#1478,#7675);
#7675 = DEFINITIONAL_REPRESENTATION('',(#7676),#7680);
#7676 = LINE('',#7677,#7678);
#7677 = CARTESIAN_POINT('',(0.,0.));
#7678 = VECTOR('',#7679,1.);
#7679 = DIRECTION('',(0.,-1.));
#7680 = ( GEOMETRIC_REPRESENTATION_CONTEXT(2) 
PARAMETRIC_REPRESENTATION_CONTEXT() REPRESENTATION_CONTEXT('2D SPACE',''
  ) );
#7681 = PCURVE('',#1452,#7682);
#7682 = DEFINITIONAL_REPRESENTATION('',(#7683),#7687);
#7683 = LINE('',#7684,#7685);
#7684 = CARTESIAN_POINT('',(0.4296875,0.));
#7685 = VECTOR('',#7686,1.);
#7686 = DIRECTION('',(0.,-1.));
#7687 = ( GEOMETRIC_REPRESENTATION_CONTEXT(2) 
PARAMETRIC_REPRESENTATION_CONTEXT() REPRESENTATION_CONTEXT('2D SPACE',''
  ) );
#7688 = ORIENTED_EDGE('',*,*,#7689,.T.);
#7689 = EDGE_CURVE('',#7667,#7618,#7690,.T.);
#7690 = SURFACE_CURVE('',#7691,(#7695,#7702),.PCURVE_S1.);
#7691 = LINE('',#7692,#7693);
#7692 = CARTESIAN_POINT('',(11.675,16.23359375,16.6));
#7693 = VECTOR('',#7694,1.);
#7694 = DIRECTION('',(0.,-1.,0.));
#7695 = PCURVE('',#1478,#7696);
#7696 = DEFINITIONAL_REPRESENTATION('',(#7697),#7701);
#7697 = LINE('',#7698,#7699);
#7698 = CARTESIAN_POINT('',(0.,-0.65));
#7699 = VECTOR('',#7700,1.);
#7700 = DIRECTION('',(1.,0.));
#7701 = ( GEOMETRIC_REPRESENTATION_CONTEXT(2) 
PARAMETRIC_REPRESENTATION_CONTEXT() REPRESENTATION_CONTEXT('2D SPACE',''
  ) );
#7702 = PCURVE('',#7482,#7703);
#7703 = DEFINITIONAL_REPRESENTATION('',(#7704),#7708);
#7704 = LINE('',#7705,#7706);
#7705 = CARTESIAN_POINT('',(2.0546875,2.290625));
#7706 = VECTOR('',#7707,1.);
#7707 = DIRECTION('',(0.,-1.));
#7708 = ( GEOMETRIC_REPRESENTATION_CONTEXT(2) 
PARAMETRIC_REPRESENTATION_CONTEXT() REPRESENTATION_CONTEXT('2D SPACE',''
  ) );
#7709 = ORIENTED_EDGE('',*,*,#7617,.F.);
#7710 = ADVANCED_FACE('',(#7711),#1452,.T.);
#7711 = FACE_BOUND('',#7712,.T.);
#7712 = EDGE_LOOP('',(#7713,#7714,#7737,#7758));
#7713 = ORIENTED_EDGE('',*,*,#1437,.T.);
#7714 = ORIENTED_EDGE('',*,*,#7715,.T.);
#7715 = EDGE_CURVE('',#1412,#7716,#7718,.T.);
#7716 = VERTEX_POINT('',#7717);
#7717 = CARTESIAN_POINT('',(11.2453125,16.23359375,16.6));
#7718 = SURFACE_CURVE('',#7719,(#7723,#7730),.PCURVE_S1.);
#7719 = LINE('',#7720,#7721);
#7720 = CARTESIAN_POINT('',(11.2453125,16.23359375,15.95));
#7721 = VECTOR('',#7722,1.);
#7722 = DIRECTION('',(0.,0.,1.));
#7723 = PCURVE('',#1452,#7724);
#7724 = DEFINITIONAL_REPRESENTATION('',(#7725),#7729);
#7725 = LINE('',#7726,#7727);
#7726 = CARTESIAN_POINT('',(0.,0.));
#7727 = VECTOR('',#7728,1.);
#7728 = DIRECTION('',(0.,-1.));
#7729 = ( GEOMETRIC_REPRESENTATION_CONTEXT(2) 
PARAMETRIC_REPRESENTATION_CONTEXT() REPRESENTATION_CONTEXT('2D SPACE',''
  ) );
#7730 = PCURVE('',#1426,#7731);
#7731 = DEFINITIONAL_REPRESENTATION('',(#7732),#7736);
#7732 = LINE('',#7733,#7734);
#7733 = CARTESIAN_POINT('',(1.5296875,0.));
#7734 = VECTOR('',#7735,1.);
#7735 = DIRECTION('',(0.,-1.));
#7736 = ( GEOMETRIC_REPRESENTATION_CONTEXT(2) 
PARAMETRIC_REPRESENTATION_CONTEXT() REPRESENTATION_CONTEXT('2D SPACE',''
  ) );
#7737 = ORIENTED_EDGE('',*,*,#7738,.T.);
#7738 = EDGE_CURVE('',#7716,#7667,#7739,.T.);
#7739 = SURFACE_CURVE('',#7740,(#7744,#7751),.PCURVE_S1.);
#7740 = LINE('',#7741,#7742);
#7741 = CARTESIAN_POINT('',(11.2453125,16.23359375,16.6));
#7742 = VECTOR('',#7743,1.);
#7743 = DIRECTION('',(1.,0.,0.));
#7744 = PCURVE('',#1452,#7745);
#7745 = DEFINITIONAL_REPRESENTATION('',(#7746),#7750);
#7746 = LINE('',#7747,#7748);
#7747 = CARTESIAN_POINT('',(0.,-0.65));
#7748 = VECTOR('',#7749,1.);
#7749 = DIRECTION('',(1.,0.));
#7750 = ( GEOMETRIC_REPRESENTATION_CONTEXT(2) 
PARAMETRIC_REPRESENTATION_CONTEXT() REPRESENTATION_CONTEXT('2D SPACE',''
  ) );
#7751 = PCURVE('',#7482,#7752);
#7752 = DEFINITIONAL_REPRESENTATION('',(#7753),#7757);
#7753 = LINE('',#7754,#7755);
#7754 = CARTESIAN_POINT('',(1.625,2.290625));
#7755 = VECTOR('',#7756,1.);
#7756 = DIRECTION('',(1.,0.));
#7757 = ( GEOMETRIC_REPRESENTATION_CONTEXT(2) 
PARAMETRIC_REPRESENTATION_CONTEXT() REPRESENTATION_CONTEXT('2D SPACE',''
  ) );
#7758 = ORIENTED_EDGE('',*,*,#7666,.F.);
#7759 = ADVANCED_FACE('',(#7760),#1426,.T.);
#7760 = FACE_BOUND('',#7761,.T.);
#7761 = EDGE_LOOP('',(#7762,#7763,#7786,#7807));
#7762 = ORIENTED_EDGE('',*,*,#1411,.T.);
#7763 = ORIENTED_EDGE('',*,*,#7764,.T.);
#7764 = EDGE_CURVE('',#1386,#7765,#7767,.T.);
#7765 = VERTEX_POINT('',#7766);
#7766 = CARTESIAN_POINT('',(11.2453125,14.70390625,16.6));
#7767 = SURFACE_CURVE('',#7768,(#7772,#7779),.PCURVE_S1.);
#7768 = LINE('',#7769,#7770);
#7769 = CARTESIAN_POINT('',(11.2453125,14.70390625,15.95));
#7770 = VECTOR('',#7771,1.);
#7771 = DIRECTION('',(0.,0.,1.));
#7772 = PCURVE('',#1426,#7773);
#7773 = DEFINITIONAL_REPRESENTATION('',(#7774),#7778);
#7774 = LINE('',#7775,#7776);
#7775 = CARTESIAN_POINT('',(0.,0.));
#7776 = VECTOR('',#7777,1.);
#7777 = DIRECTION('',(0.,-1.));
#7778 = ( GEOMETRIC_REPRESENTATION_CONTEXT(2) 
PARAMETRIC_REPRESENTATION_CONTEXT() REPRESENTATION_CONTEXT('2D SPACE',''
  ) );
#7779 = PCURVE('',#1400,#7780);
#7780 = DEFINITIONAL_REPRESENTATION('',(#7781),#7785);
#7781 = LINE('',#7782,#7783);
#7782 = CARTESIAN_POINT('',(1.794115408121,0.));
#7783 = VECTOR('',#7784,1.);
#7784 = DIRECTION('',(0.,-1.));
#7785 = ( GEOMETRIC_REPRESENTATION_CONTEXT(2) 
PARAMETRIC_REPRESENTATION_CONTEXT() REPRESENTATION_CONTEXT('2D SPACE',''
  ) );
#7786 = ORIENTED_EDGE('',*,*,#7787,.T.);
#7787 = EDGE_CURVE('',#7765,#7716,#7788,.T.);
#7788 = SURFACE_CURVE('',#7789,(#7793,#7800),.PCURVE_S1.);
#7789 = LINE('',#7790,#7791);
#7790 = CARTESIAN_POINT('',(11.2453125,14.70390625,16.6));
#7791 = VECTOR('',#7792,1.);
#7792 = DIRECTION('',(0.,1.,0.));
#7793 = PCURVE('',#1426,#7794);
#7794 = DEFINITIONAL_REPRESENTATION('',(#7795),#7799);
#7795 = LINE('',#7796,#7797);
#7796 = CARTESIAN_POINT('',(0.,-0.65));
#7797 = VECTOR('',#7798,1.);
#7798 = DIRECTION('',(1.,0.));
#7799 = ( GEOMETRIC_REPRESENTATION_CONTEXT(2) 
PARAMETRIC_REPRESENTATION_CONTEXT() REPRESENTATION_CONTEXT('2D SPACE',''
  ) );
#7800 = PCURVE('',#7482,#7801);
#7801 = DEFINITIONAL_REPRESENTATION('',(#7802),#7806);
#7802 = LINE('',#7803,#7804);
#7803 = CARTESIAN_POINT('',(1.625,0.7609375));
#7804 = VECTOR('',#7805,1.);
#7805 = DIRECTION('',(0.,1.));
#7806 = ( GEOMETRIC_REPRESENTATION_CONTEXT(2) 
PARAMETRIC_REPRESENTATION_CONTEXT() REPRESENTATION_CONTEXT('2D SPACE',''
  ) );
#7807 = ORIENTED_EDGE('',*,*,#7715,.F.);
#7808 = ADVANCED_FACE('',(#7809),#1400,.T.);
#7809 = FACE_BOUND('',#7810,.T.);
#7810 = EDGE_LOOP('',(#7811,#7812,#7835,#7856));
#7811 = ORIENTED_EDGE('',*,*,#1385,.T.);
#7812 = ORIENTED_EDGE('',*,*,#7813,.T.);
#7813 = EDGE_CURVE('',#1360,#7814,#7816,.T.);
#7814 = VERTEX_POINT('',#7815);
#7815 = CARTESIAN_POINT('',(10.3078125,16.23359375,16.6));
#7816 = SURFACE_CURVE('',#7817,(#7821,#7828),.PCURVE_S1.);
#7817 = LINE('',#7818,#7819);
#7818 = CARTESIAN_POINT('',(10.3078125,16.23359375,15.95));
#7819 = VECTOR('',#7820,1.);
#7820 = DIRECTION('',(0.,0.,1.));
#7821 = PCURVE('',#1400,#7822);
#7822 = DEFINITIONAL_REPRESENTATION('',(#7823),#7827);
#7823 = LINE('',#7824,#7825);
#7824 = CARTESIAN_POINT('',(0.,0.));
#7825 = VECTOR('',#7826,1.);
#7826 = DIRECTION('',(0.,-1.));
#7827 = ( GEOMETRIC_REPRESENTATION_CONTEXT(2) 
PARAMETRIC_REPRESENTATION_CONTEXT() REPRESENTATION_CONTEXT('2D SPACE',''
  ) );
#7828 = PCURVE('',#1374,#7829);
#7829 = DEFINITIONAL_REPRESENTATION('',(#7830),#7834);
#7830 = LINE('',#7831,#7832);
#7831 = CARTESIAN_POINT('',(0.45,0.));
#7832 = VECTOR('',#7833,1.);
#7833 = DIRECTION('',(0.,-1.));
#7834 = ( GEOMETRIC_REPRESENTATION_CONTEXT(2) 
PARAMETRIC_REPRESENTATION_CONTEXT() REPRESENTATION_CONTEXT('2D SPACE',''
  ) );
#7835 = ORIENTED_EDGE('',*,*,#7836,.T.);
#7836 = EDGE_CURVE('',#7814,#7765,#7837,.T.);
#7837 = SURFACE_CURVE('',#7838,(#7842,#7849),.PCURVE_S1.);
#7838 = LINE('',#7839,#7840);
#7839 = CARTESIAN_POINT('',(10.3078125,16.23359375,16.6));
#7840 = VECTOR('',#7841,1.);
#7841 = DIRECTION('',(0.522541635703,-0.852613768923,0.));
#7842 = PCURVE('',#1400,#7843);
#7843 = DEFINITIONAL_REPRESENTATION('',(#7844),#7848);
#7844 = LINE('',#7845,#7846);
#7845 = CARTESIAN_POINT('',(0.,-0.65));
#7846 = VECTOR('',#7847,1.);
#7847 = DIRECTION('',(1.,0.));
#7848 = ( GEOMETRIC_REPRESENTATION_CONTEXT(2) 
PARAMETRIC_REPRESENTATION_CONTEXT() REPRESENTATION_CONTEXT('2D SPACE',''
  ) );
#7849 = PCURVE('',#7482,#7850);
#7850 = DEFINITIONAL_REPRESENTATION('',(#7851),#7855);
#7851 = LINE('',#7852,#7853);
#7852 = CARTESIAN_POINT('',(0.6875,2.290625));
#7853 = VECTOR('',#7854,1.);
#7854 = DIRECTION('',(0.522541635703,-0.852613768923));
#7855 = ( GEOMETRIC_REPRESENTATION_CONTEXT(2) 
PARAMETRIC_REPRESENTATION_CONTEXT() REPRESENTATION_CONTEXT('2D SPACE',''
  ) );
#7856 = ORIENTED_EDGE('',*,*,#7764,.F.);
#7857 = ADVANCED_FACE('',(#7858),#1374,.T.);
#7858 = FACE_BOUND('',#7859,.T.);
#7859 = EDGE_LOOP('',(#7860,#7861,#7884,#7905));
#7860 = ORIENTED_EDGE('',*,*,#1359,.T.);
#7861 = ORIENTED_EDGE('',*,*,#7862,.T.);
#7862 = EDGE_CURVE('',#1334,#7863,#7865,.T.);
#7863 = VERTEX_POINT('',#7864);
#7864 = CARTESIAN_POINT('',(9.8578125,16.23359375,16.6));
#7865 = SURFACE_CURVE('',#7866,(#7870,#7877),.PCURVE_S1.);
#7866 = LINE('',#7867,#7868);
#7867 = CARTESIAN_POINT('',(9.8578125,16.23359375,15.95));
#7868 = VECTOR('',#7869,1.);
#7869 = DIRECTION('',(0.,0.,1.));
#7870 = PCURVE('',#1374,#7871);
#7871 = DEFINITIONAL_REPRESENTATION('',(#7872),#7876);
#7872 = LINE('',#7873,#7874);
#7873 = CARTESIAN_POINT('',(0.,0.));
#7874 = VECTOR('',#7875,1.);
#7875 = DIRECTION('',(0.,-1.));
#7876 = ( GEOMETRIC_REPRESENTATION_CONTEXT(2) 
PARAMETRIC_REPRESENTATION_CONTEXT() REPRESENTATION_CONTEXT('2D SPACE',''
  ) );
#7877 = PCURVE('',#1348,#7878);
#7878 = DEFINITIONAL_REPRESENTATION('',(#7879),#7883);
#7879 = LINE('',#7880,#7881);
#7880 = CARTESIAN_POINT('',(2.290625,0.));
#7881 = VECTOR('',#7882,1.);
#7882 = DIRECTION('',(0.,-1.));
#7883 = ( GEOMETRIC_REPRESENTATION_CONTEXT(2) 
PARAMETRIC_REPRESENTATION_CONTEXT() REPRESENTATION_CONTEXT('2D SPACE',''
  ) );
#7884 = ORIENTED_EDGE('',*,*,#7885,.T.);
#7885 = EDGE_CURVE('',#7863,#7814,#7886,.T.);
#7886 = SURFACE_CURVE('',#7887,(#7891,#7898),.PCURVE_S1.);
#7887 = LINE('',#7888,#7889);
#7888 = CARTESIAN_POINT('',(9.8578125,16.23359375,16.6));
#7889 = VECTOR('',#7890,1.);
#7890 = DIRECTION('',(1.,0.,0.));
#7891 = PCURVE('',#1374,#7892);
#7892 = DEFINITIONAL_REPRESENTATION('',(#7893),#7897);
#7893 = LINE('',#7894,#7895);
#7894 = CARTESIAN_POINT('',(0.,-0.65));
#7895 = VECTOR('',#7896,1.);
#7896 = DIRECTION('',(1.,0.));
#7897 = ( GEOMETRIC_REPRESENTATION_CONTEXT(2) 
PARAMETRIC_REPRESENTATION_CONTEXT() REPRESENTATION_CONTEXT('2D SPACE',''
  ) );
#7898 = PCURVE('',#7482,#7899);
#7899 = DEFINITIONAL_REPRESENTATION('',(#7900),#7904);
#7900 = LINE('',#7901,#7902);
#7901 = CARTESIAN_POINT('',(0.2375,2.290625));
#7902 = VECTOR('',#7903,1.);
#7903 = DIRECTION('',(1.,0.));
#7904 = ( GEOMETRIC_REPRESENTATION_CONTEXT(2) 
PARAMETRIC_REPRESENTATION_CONTEXT() REPRESENTATION_CONTEXT('2D SPACE',''
  ) );
#7905 = ORIENTED_EDGE('',*,*,#7813,.F.);
#7906 = ADVANCED_FACE('',(#7907),#1348,.T.);
#7907 = FACE_BOUND('',#7908,.T.);
#7908 = EDGE_LOOP('',(#7909,#7910,#7911,#7932));
#7909 = ORIENTED_EDGE('',*,*,#1333,.T.);
#7910 = ORIENTED_EDGE('',*,*,#7494,.T.);
#7911 = ORIENTED_EDGE('',*,*,#7912,.T.);
#7912 = EDGE_CURVE('',#7467,#7863,#7913,.T.);
#7913 = SURFACE_CURVE('',#7914,(#7918,#7925),.PCURVE_S1.);
#7914 = LINE('',#7915,#7916);
#7915 = CARTESIAN_POINT('',(9.8578125,13.94296875,16.6));
#7916 = VECTOR('',#7917,1.);
#7917 = DIRECTION('',(0.,1.,0.));
#7918 = PCURVE('',#1348,#7919);
#7919 = DEFINITIONAL_REPRESENTATION('',(#7920),#7924);
#7920 = LINE('',#7921,#7922);
#7921 = CARTESIAN_POINT('',(0.,-0.65));
#7922 = VECTOR('',#7923,1.);
#7923 = DIRECTION('',(1.,0.));
#7924 = ( GEOMETRIC_REPRESENTATION_CONTEXT(2) 
PARAMETRIC_REPRESENTATION_CONTEXT() REPRESENTATION_CONTEXT('2D SPACE',''
  ) );
#7925 = PCURVE('',#7482,#7926);
#7926 = DEFINITIONAL_REPRESENTATION('',(#7927),#7931);
#7927 = LINE('',#7928,#7929);
#7928 = CARTESIAN_POINT('',(0.2375,0.));
#7929 = VECTOR('',#7930,1.);
#7930 = DIRECTION('',(0.,1.));
#7931 = ( GEOMETRIC_REPRESENTATION_CONTEXT(2) 
PARAMETRIC_REPRESENTATION_CONTEXT() REPRESENTATION_CONTEXT('2D SPACE',''
  ) );
#7932 = ORIENTED_EDGE('',*,*,#7862,.F.);
#7933 = ADVANCED_FACE('',(#7934),#1584,.T.);
#7934 = FACE_BOUND('',#7935,.T.);
#7935 = EDGE_LOOP('',(#7936,#7937,#7960,#7988));
#7936 = ORIENTED_EDGE('',*,*,#1567,.T.);
#7937 = ORIENTED_EDGE('',*,*,#7938,.T.);
#7938 = EDGE_CURVE('',#1570,#7939,#7941,.T.);
#7939 = VERTEX_POINT('',#7940);
#7940 = CARTESIAN_POINT('',(13.065625,15.79453125,16.6));
#7941 = SURFACE_CURVE('',#7942,(#7946,#7953),.PCURVE_S1.);
#7942 = LINE('',#7943,#7944);
#7943 = CARTESIAN_POINT('',(13.065625,15.79453125,15.95));
#7944 = VECTOR('',#7945,1.);
#7945 = DIRECTION('',(0.,0.,1.));
#7946 = PCURVE('',#1584,#7947);
#7947 = DEFINITIONAL_REPRESENTATION('',(#7948),#7952);
#7948 = LINE('',#7949,#7950);
#7949 = CARTESIAN_POINT('',(0.,-0.));
#7950 = VECTOR('',#7951,1.);
#7951 = DIRECTION('',(0.,-1.));
#7952 = ( GEOMETRIC_REPRESENTATION_CONTEXT(2) 
PARAMETRIC_REPRESENTATION_CONTEXT() REPRESENTATION_CONTEXT('2D SPACE',''
  ) );
#7953 = PCURVE('',#1887,#7954);
#7954 = DEFINITIONAL_REPRESENTATION('',(#7955),#7959);
#7955 = LINE('',#7956,#7957);
#7956 = CARTESIAN_POINT('',(1.,0.));
#7957 = VECTOR('',#7958,1.);
#7958 = DIRECTION('',(0.,-1.));
#7959 = ( GEOMETRIC_REPRESENTATION_CONTEXT(2) 
PARAMETRIC_REPRESENTATION_CONTEXT() REPRESENTATION_CONTEXT('2D SPACE',''
  ) );
#7960 = ORIENTED_EDGE('',*,*,#7961,.T.);
#7961 = EDGE_CURVE('',#7939,#7962,#7964,.T.);
#7962 = VERTEX_POINT('',#7963);
#7963 = CARTESIAN_POINT('',(12.0671875,15.79453125,16.6));
#7964 = SURFACE_CURVE('',#7965,(#7969,#7976),.PCURVE_S1.);
#7965 = LINE('',#7966,#7967);
#7966 = CARTESIAN_POINT('',(13.065625,15.79453125,16.6));
#7967 = VECTOR('',#7968,1.);
#7968 = DIRECTION('',(-1.,0.,0.));
#7969 = PCURVE('',#1584,#7970);
#7970 = DEFINITIONAL_REPRESENTATION('',(#7971),#7975);
#7971 = LINE('',#7972,#7973);
#7972 = CARTESIAN_POINT('',(0.,-0.65));
#7973 = VECTOR('',#7974,1.);
#7974 = DIRECTION('',(1.,0.));
#7975 = ( GEOMETRIC_REPRESENTATION_CONTEXT(2) 
PARAMETRIC_REPRESENTATION_CONTEXT() REPRESENTATION_CONTEXT('2D SPACE',''
  ) );
#7976 = PCURVE('',#7977,#7982);
#7977 = PLANE('',#7978);
#7978 = AXIS2_PLACEMENT_3D('',#7979,#7980,#7981);
#7979 = CARTESIAN_POINT('',(11.93125,13.94296875,16.6));
#7980 = DIRECTION('',(0.,0.,1.));
#7981 = DIRECTION('',(1.,0.,0.));
#7982 = DEFINITIONAL_REPRESENTATION('',(#7983),#7987);
#7983 = LINE('',#7984,#7985);
#7984 = CARTESIAN_POINT('',(1.134375,1.8515625));
#7985 = VECTOR('',#7986,1.);
#7986 = DIRECTION('',(-1.,0.));
#7987 = ( GEOMETRIC_REPRESENTATION_CONTEXT(2) 
PARAMETRIC_REPRESENTATION_CONTEXT() REPRESENTATION_CONTEXT('2D SPACE',''
  ) );
#7988 = ORIENTED_EDGE('',*,*,#7989,.F.);
#7989 = EDGE_CURVE('',#1568,#7962,#7990,.T.);
#7990 = SURFACE_CURVE('',#7991,(#7995,#8002),.PCURVE_S1.);
#7991 = LINE('',#7992,#7993);
#7992 = CARTESIAN_POINT('',(12.0671875,15.79453125,15.95));
#7993 = VECTOR('',#7994,1.);
#7994 = DIRECTION('',(0.,0.,1.));
#7995 = PCURVE('',#1584,#7996);
#7996 = DEFINITIONAL_REPRESENTATION('',(#7997),#8001);
#7997 = LINE('',#7998,#7999);
#7998 = CARTESIAN_POINT('',(0.9984375,0.));
#7999 = VECTOR('',#8000,1.);
#8000 = DIRECTION('',(0.,-1.));
#8001 = ( GEOMETRIC_REPRESENTATION_CONTEXT(2) 
PARAMETRIC_REPRESENTATION_CONTEXT() REPRESENTATION_CONTEXT('2D SPACE',''
  ) );
#8002 = PCURVE('',#1610,#8003);
#8003 = DEFINITIONAL_REPRESENTATION('',(#8004),#8008);
#8004 = LINE('',#8005,#8006);
#8005 = CARTESIAN_POINT('',(0.,0.));
#8006 = VECTOR('',#8007,1.);
#8007 = DIRECTION('',(0.,-1.));
#8008 = ( GEOMETRIC_REPRESENTATION_CONTEXT(2) 
PARAMETRIC_REPRESENTATION_CONTEXT() REPRESENTATION_CONTEXT('2D SPACE',''
  ) );
#8009 = ADVANCED_FACE('',(#8010),#1887,.T.);
#8010 = FACE_BOUND('',#8011,.T.);
#8011 = EDGE_LOOP('',(#8012,#8013,#8036,#8057));
#8012 = ORIENTED_EDGE('',*,*,#1867,.T.);
#8013 = ORIENTED_EDGE('',*,*,#8014,.T.);
#8014 = EDGE_CURVE('',#1829,#8015,#8017,.T.);
#8015 = VERTEX_POINT('',#8016);
#8016 = CARTESIAN_POINT('',(12.57109375,14.91171875,16.6));
#8017 = SURFACE_CURVE('',#8018,(#8022,#8029),.PCURVE_S1.);
#8018 = LINE('',#8019,#8020);
#8019 = CARTESIAN_POINT('',(12.57109375,14.91171875,15.95));
#8020 = VECTOR('',#8021,1.);
#8021 = DIRECTION('',(0.,0.,1.));
#8022 = PCURVE('',#1887,#8023);
#8023 = DEFINITIONAL_REPRESENTATION('',(#8024),#8028);
#8024 = LINE('',#8025,#8026);
#8025 = CARTESIAN_POINT('',(0.,0.));
#8026 = VECTOR('',#8027,1.);
#8027 = DIRECTION('',(0.,-1.));
#8028 = ( GEOMETRIC_REPRESENTATION_CONTEXT(2) 
PARAMETRIC_REPRESENTATION_CONTEXT() REPRESENTATION_CONTEXT('2D SPACE',''
  ) );
#8029 = PCURVE('',#1850,#8030);
#8030 = DEFINITIONAL_REPRESENTATION('',(#8031),#8035);
#8031 = LINE('',#8032,#8033);
#8032 = CARTESIAN_POINT('',(1.,0.));
#8033 = VECTOR('',#8034,1.);
#8034 = DIRECTION('',(0.,-1.));
#8035 = ( GEOMETRIC_REPRESENTATION_CONTEXT(2) 
PARAMETRIC_REPRESENTATION_CONTEXT() REPRESENTATION_CONTEXT('2D SPACE',''
  ) );
#8036 = ORIENTED_EDGE('',*,*,#8037,.T.);
#8037 = EDGE_CURVE('',#8015,#7939,#8038,.T.);
#8038 = SURFACE_CURVE('',#8039,(#8043,#8050),.PCURVE_S1.);
#8039 = B_SPLINE_CURVE_WITH_KNOTS('',2,(#8040,#8041,#8042),
  .UNSPECIFIED.,.F.,.F.,(3,3),(0.,1.),.PIECEWISE_BEZIER_KNOTS.);
#8040 = CARTESIAN_POINT('',(12.57109375,14.91171875,16.6));
#8041 = CARTESIAN_POINT('',(12.75625,15.40546875,16.6));
#8042 = CARTESIAN_POINT('',(13.065625,15.79453125,16.6));
#8043 = PCURVE('',#1887,#8044);
#8044 = DEFINITIONAL_REPRESENTATION('',(#8045),#8049);
#8045 = LINE('',#8046,#8047);
#8046 = CARTESIAN_POINT('',(0.,-0.65));
#8047 = VECTOR('',#8048,1.);
#8048 = DIRECTION('',(1.,0.));
#8049 = ( GEOMETRIC_REPRESENTATION_CONTEXT(2) 
PARAMETRIC_REPRESENTATION_CONTEXT() REPRESENTATION_CONTEXT('2D SPACE',''
  ) );
#8050 = PCURVE('',#7977,#8051);
#8051 = DEFINITIONAL_REPRESENTATION('',(#8052),#8056);
#8052 = B_SPLINE_CURVE_WITH_KNOTS('',2,(#8053,#8054,#8055),
  .UNSPECIFIED.,.F.,.F.,(3,3),(0.,1.),.PIECEWISE_BEZIER_KNOTS.);
#8053 = CARTESIAN_POINT('',(0.63984375,0.96875));
#8054 = CARTESIAN_POINT('',(0.825,1.4625));
#8055 = CARTESIAN_POINT('',(1.134375,1.8515625));
#8056 = ( GEOMETRIC_REPRESENTATION_CONTEXT(2) 
PARAMETRIC_REPRESENTATION_CONTEXT() REPRESENTATION_CONTEXT('2D SPACE',''
  ) );
#8057 = ORIENTED_EDGE('',*,*,#7938,.F.);
#8058 = ADVANCED_FACE('',(#8059),#1850,.T.);
#8059 = FACE_BOUND('',#8060,.T.);
#8060 = EDGE_LOOP('',(#8061,#8062,#8085,#8106));
#8061 = ORIENTED_EDGE('',*,*,#1828,.T.);
#8062 = ORIENTED_EDGE('',*,*,#8063,.T.);
#8063 = EDGE_CURVE('',#1803,#8064,#8066,.T.);
#8064 = VERTEX_POINT('',#8065);
#8065 = CARTESIAN_POINT('',(12.375,13.94296875,16.6));
#8066 = SURFACE_CURVE('',#8067,(#8071,#8078),.PCURVE_S1.);
#8067 = LINE('',#8068,#8069);
#8068 = CARTESIAN_POINT('',(12.375,13.94296875,15.95));
#8069 = VECTOR('',#8070,1.);
#8070 = DIRECTION('',(0.,0.,1.));
#8071 = PCURVE('',#1850,#8072);
#8072 = DEFINITIONAL_REPRESENTATION('',(#8073),#8077);
#8073 = LINE('',#8074,#8075);
#8074 = CARTESIAN_POINT('',(0.,0.));
#8075 = VECTOR('',#8076,1.);
#8076 = DIRECTION('',(0.,-1.));
#8077 = ( GEOMETRIC_REPRESENTATION_CONTEXT(2) 
PARAMETRIC_REPRESENTATION_CONTEXT() REPRESENTATION_CONTEXT('2D SPACE',''
  ) );
#8078 = PCURVE('',#1817,#8079);
#8079 = DEFINITIONAL_REPRESENTATION('',(#8080),#8084);
#8080 = LINE('',#8081,#8082);
#8081 = CARTESIAN_POINT('',(0.4234375,0.));
#8082 = VECTOR('',#8083,1.);
#8083 = DIRECTION('',(0.,-1.));
#8084 = ( GEOMETRIC_REPRESENTATION_CONTEXT(2) 
PARAMETRIC_REPRESENTATION_CONTEXT() REPRESENTATION_CONTEXT('2D SPACE',''
  ) );
#8085 = ORIENTED_EDGE('',*,*,#8086,.T.);
#8086 = EDGE_CURVE('',#8064,#8015,#8087,.T.);
#8087 = SURFACE_CURVE('',#8088,(#8092,#8099),.PCURVE_S1.);
#8088 = B_SPLINE_CURVE_WITH_KNOTS('',2,(#8089,#8090,#8091),
  .UNSPECIFIED.,.F.,.F.,(3,3),(0.,1.),.PIECEWISE_BEZIER_KNOTS.);
#8089 = CARTESIAN_POINT('',(12.375,13.94296875,16.6));
#8090 = CARTESIAN_POINT('',(12.3859375,14.41796875,16.6));
#8091 = CARTESIAN_POINT('',(12.57109375,14.91171875,16.6));
#8092 = PCURVE('',#1850,#8093);
#8093 = DEFINITIONAL_REPRESENTATION('',(#8094),#8098);
#8094 = LINE('',#8095,#8096);
#8095 = CARTESIAN_POINT('',(0.,-0.65));
#8096 = VECTOR('',#8097,1.);
#8097 = DIRECTION('',(1.,0.));
#8098 = ( GEOMETRIC_REPRESENTATION_CONTEXT(2) 
PARAMETRIC_REPRESENTATION_CONTEXT() REPRESENTATION_CONTEXT('2D SPACE',''
  ) );
#8099 = PCURVE('',#7977,#8100);
#8100 = DEFINITIONAL_REPRESENTATION('',(#8101),#8105);
#8101 = B_SPLINE_CURVE_WITH_KNOTS('',2,(#8102,#8103,#8104),
  .UNSPECIFIED.,.F.,.F.,(3,3),(0.,1.),.PIECEWISE_BEZIER_KNOTS.);
#8102 = CARTESIAN_POINT('',(0.44375,0.));
#8103 = CARTESIAN_POINT('',(0.4546875,0.475));
#8104 = CARTESIAN_POINT('',(0.63984375,0.96875));
#8105 = ( GEOMETRIC_REPRESENTATION_CONTEXT(2) 
PARAMETRIC_REPRESENTATION_CONTEXT() REPRESENTATION_CONTEXT('2D SPACE',''
  ) );
#8106 = ORIENTED_EDGE('',*,*,#8014,.F.);
#8107 = ADVANCED_FACE('',(#8108),#1817,.T.);
#8108 = FACE_BOUND('',#8109,.T.);
#8109 = EDGE_LOOP('',(#8110,#8111,#8134,#8155));
#8110 = ORIENTED_EDGE('',*,*,#1802,.T.);
#8111 = ORIENTED_EDGE('',*,*,#8112,.T.);
#8112 = EDGE_CURVE('',#1761,#8113,#8115,.T.);
#8113 = VERTEX_POINT('',#8114);
#8114 = CARTESIAN_POINT('',(12.7984375,13.94296875,16.6));
#8115 = SURFACE_CURVE('',#8116,(#8120,#8127),.PCURVE_S1.);
#8116 = LINE('',#8117,#8118);
#8117 = CARTESIAN_POINT('',(12.7984375,13.94296875,15.95));
#8118 = VECTOR('',#8119,1.);
#8119 = DIRECTION('',(0.,0.,1.));
#8120 = PCURVE('',#1817,#8121);
#8121 = DEFINITIONAL_REPRESENTATION('',(#8122),#8126);
#8122 = LINE('',#8123,#8124);
#8123 = CARTESIAN_POINT('',(0.,-0.));
#8124 = VECTOR('',#8125,1.);
#8125 = DIRECTION('',(0.,-1.));
#8126 = ( GEOMETRIC_REPRESENTATION_CONTEXT(2) 
PARAMETRIC_REPRESENTATION_CONTEXT() REPRESENTATION_CONTEXT('2D SPACE',''
  ) );
#8127 = PCURVE('',#1784,#8128);
#8128 = DEFINITIONAL_REPRESENTATION('',(#8129),#8133);
#8129 = LINE('',#8130,#8131);
#8130 = CARTESIAN_POINT('',(1.,0.));
#8131 = VECTOR('',#8132,1.);
#8132 = DIRECTION('',(0.,-1.));
#8133 = ( GEOMETRIC_REPRESENTATION_CONTEXT(2) 
PARAMETRIC_REPRESENTATION_CONTEXT() REPRESENTATION_CONTEXT('2D SPACE',''
  ) );
#8134 = ORIENTED_EDGE('',*,*,#8135,.T.);
#8135 = EDGE_CURVE('',#8113,#8064,#8136,.T.);
#8136 = SURFACE_CURVE('',#8137,(#8141,#8148),.PCURVE_S1.);
#8137 = LINE('',#8138,#8139);
#8138 = CARTESIAN_POINT('',(12.7984375,13.94296875,16.6));
#8139 = VECTOR('',#8140,1.);
#8140 = DIRECTION('',(-1.,0.,0.));
#8141 = PCURVE('',#1817,#8142);
#8142 = DEFINITIONAL_REPRESENTATION('',(#8143),#8147);
#8143 = LINE('',#8144,#8145);
#8144 = CARTESIAN_POINT('',(0.,-0.65));
#8145 = VECTOR('',#8146,1.);
#8146 = DIRECTION('',(1.,0.));
#8147 = ( GEOMETRIC_REPRESENTATION_CONTEXT(2) 
PARAMETRIC_REPRESENTATION_CONTEXT() REPRESENTATION_CONTEXT('2D SPACE',''
  ) );
#8148 = PCURVE('',#7977,#8149);
#8149 = DEFINITIONAL_REPRESENTATION('',(#8150),#8154);
#8150 = LINE('',#8151,#8152);
#8151 = CARTESIAN_POINT('',(0.8671875,0.));
#8152 = VECTOR('',#8153,1.);
#8153 = DIRECTION('',(-1.,0.));
#8154 = ( GEOMETRIC_REPRESENTATION_CONTEXT(2) 
PARAMETRIC_REPRESENTATION_CONTEXT() REPRESENTATION_CONTEXT('2D SPACE',''
  ) );
#8155 = ORIENTED_EDGE('',*,*,#8063,.F.);
#8156 = ADVANCED_FACE('',(#8157),#1784,.T.);
#8157 = FACE_BOUND('',#8158,.T.);
#8158 = EDGE_LOOP('',(#8159,#8160,#8183,#8204));
#8159 = ORIENTED_EDGE('',*,*,#1760,.T.);
#8160 = ORIENTED_EDGE('',*,*,#8161,.T.);
#8161 = EDGE_CURVE('',#1716,#8162,#8164,.T.);
#8162 = VERTEX_POINT('',#8163);
#8163 = CARTESIAN_POINT('',(12.89765625,14.63125,16.6));
#8164 = SURFACE_CURVE('',#8165,(#8169,#8176),.PCURVE_S1.);
#8165 = LINE('',#8166,#8167);
#8166 = CARTESIAN_POINT('',(12.89765625,14.63125,15.95));
#8167 = VECTOR('',#8168,1.);
#8168 = DIRECTION('',(0.,0.,1.));
#8169 = PCURVE('',#1784,#8170);
#8170 = DEFINITIONAL_REPRESENTATION('',(#8171),#8175);
#8171 = LINE('',#8172,#8173);
#8172 = CARTESIAN_POINT('',(0.,0.));
#8173 = VECTOR('',#8174,1.);
#8174 = DIRECTION('',(0.,-1.));
#8175 = ( GEOMETRIC_REPRESENTATION_CONTEXT(2) 
PARAMETRIC_REPRESENTATION_CONTEXT() REPRESENTATION_CONTEXT('2D SPACE',''
  ) );
#8176 = PCURVE('',#1741,#8177);
#8177 = DEFINITIONAL_REPRESENTATION('',(#8178),#8182);
#8178 = LINE('',#8179,#8180);
#8179 = CARTESIAN_POINT('',(1.,0.));
#8180 = VECTOR('',#8181,1.);
#8181 = DIRECTION('',(0.,-1.));
#8182 = ( GEOMETRIC_REPRESENTATION_CONTEXT(2) 
PARAMETRIC_REPRESENTATION_CONTEXT() REPRESENTATION_CONTEXT('2D SPACE',''
  ) );
#8183 = ORIENTED_EDGE('',*,*,#8184,.T.);
#8184 = EDGE_CURVE('',#8162,#8113,#8185,.T.);
#8185 = SURFACE_CURVE('',#8186,(#8190,#8197),.PCURVE_S1.);
#8186 = B_SPLINE_CURVE_WITH_KNOTS('',2,(#8187,#8188,#8189),
  .UNSPECIFIED.,.F.,.F.,(3,3),(0.,1.),.PIECEWISE_BEZIER_KNOTS.);
#8187 = CARTESIAN_POINT('',(12.89765625,14.63125,16.6));
#8188 = CARTESIAN_POINT('',(12.796875,14.24609375,16.6));
#8189 = CARTESIAN_POINT('',(12.7984375,13.94296875,16.6));
#8190 = PCURVE('',#1784,#8191);
#8191 = DEFINITIONAL_REPRESENTATION('',(#8192),#8196);
#8192 = LINE('',#8193,#8194);
#8193 = CARTESIAN_POINT('',(0.,-0.65));
#8194 = VECTOR('',#8195,1.);
#8195 = DIRECTION('',(1.,0.));
#8196 = ( GEOMETRIC_REPRESENTATION_CONTEXT(2) 
PARAMETRIC_REPRESENTATION_CONTEXT() REPRESENTATION_CONTEXT('2D SPACE',''
  ) );
#8197 = PCURVE('',#7977,#8198);
#8198 = DEFINITIONAL_REPRESENTATION('',(#8199),#8203);
#8199 = B_SPLINE_CURVE_WITH_KNOTS('',2,(#8200,#8201,#8202),
  .UNSPECIFIED.,.F.,.F.,(3,3),(0.,1.),.PIECEWISE_BEZIER_KNOTS.);
#8200 = CARTESIAN_POINT('',(0.96640625,0.68828125));
#8201 = CARTESIAN_POINT('',(0.865625,0.303125));
#8202 = CARTESIAN_POINT('',(0.8671875,0.));
#8203 = ( GEOMETRIC_REPRESENTATION_CONTEXT(2) 
PARAMETRIC_REPRESENTATION_CONTEXT() REPRESENTATION_CONTEXT('2D SPACE',''
  ) );
#8204 = ORIENTED_EDGE('',*,*,#8112,.F.);
#8205 = ADVANCED_FACE('',(#8206),#1741,.T.);
#8206 = FACE_BOUND('',#8207,.T.);
#8207 = EDGE_LOOP('',(#8208,#8209,#8232,#8253));
#8208 = ORIENTED_EDGE('',*,*,#1715,.T.);
#8209 = ORIENTED_EDGE('',*,*,#8210,.T.);
#8210 = EDGE_CURVE('',#1674,#8211,#8213,.T.);
#8211 = VERTEX_POINT('',#8212);
#8212 = CARTESIAN_POINT('',(13.190625,15.35859375,16.6));
#8213 = SURFACE_CURVE('',#8214,(#8218,#8225),.PCURVE_S1.);
#8214 = LINE('',#8215,#8216);
#8215 = CARTESIAN_POINT('',(13.190625,15.35859375,15.95));
#8216 = VECTOR('',#8217,1.);
#8217 = DIRECTION('',(0.,0.,1.));
#8218 = PCURVE('',#1741,#8219);
#8219 = DEFINITIONAL_REPRESENTATION('',(#8220),#8224);
#8220 = LINE('',#8221,#8222);
#8221 = CARTESIAN_POINT('',(0.,0.));
#8222 = VECTOR('',#8223,1.);
#8223 = DIRECTION('',(0.,-1.));
#8224 = ( GEOMETRIC_REPRESENTATION_CONTEXT(2) 
PARAMETRIC_REPRESENTATION_CONTEXT() REPRESENTATION_CONTEXT('2D SPACE',''
  ) );
#8225 = PCURVE('',#1697,#8226);
#8226 = DEFINITIONAL_REPRESENTATION('',(#8227),#8231);
#8227 = LINE('',#8228,#8229);
#8228 = CARTESIAN_POINT('',(1.,0.));
#8229 = VECTOR('',#8230,1.);
#8230 = DIRECTION('',(0.,-1.));
#8231 = ( GEOMETRIC_REPRESENTATION_CONTEXT(2) 
PARAMETRIC_REPRESENTATION_CONTEXT() REPRESENTATION_CONTEXT('2D SPACE',''
  ) );
#8232 = ORIENTED_EDGE('',*,*,#8233,.T.);
#8233 = EDGE_CURVE('',#8211,#8162,#8234,.T.);
#8234 = SURFACE_CURVE('',#8235,(#8239,#8246),.PCURVE_S1.);
#8235 = B_SPLINE_CURVE_WITH_KNOTS('',2,(#8236,#8237,#8238),
  .UNSPECIFIED.,.F.,.F.,(3,3),(0.,1.),.PIECEWISE_BEZIER_KNOTS.);
#8236 = CARTESIAN_POINT('',(13.190625,15.35859375,16.6));
#8237 = CARTESIAN_POINT('',(12.9984375,15.01640625,16.6));
#8238 = CARTESIAN_POINT('',(12.89765625,14.63125,16.6));
#8239 = PCURVE('',#1741,#8240);
#8240 = DEFINITIONAL_REPRESENTATION('',(#8241),#8245);
#8241 = LINE('',#8242,#8243);
#8242 = CARTESIAN_POINT('',(0.,-0.65));
#8243 = VECTOR('',#8244,1.);
#8244 = DIRECTION('',(1.,0.));
#8245 = ( GEOMETRIC_REPRESENTATION_CONTEXT(2) 
PARAMETRIC_REPRESENTATION_CONTEXT() REPRESENTATION_CONTEXT('2D SPACE',''
  ) );
#8246 = PCURVE('',#7977,#8247);
#8247 = DEFINITIONAL_REPRESENTATION('',(#8248),#8252);
#8248 = B_SPLINE_CURVE_WITH_KNOTS('',2,(#8249,#8250,#8251),
  .UNSPECIFIED.,.F.,.F.,(3,3),(0.,1.),.PIECEWISE_BEZIER_KNOTS.);
#8249 = CARTESIAN_POINT('',(1.259375,1.415625));
#8250 = CARTESIAN_POINT('',(1.0671875,1.0734375));
#8251 = CARTESIAN_POINT('',(0.96640625,0.68828125));
#8252 = ( GEOMETRIC_REPRESENTATION_CONTEXT(2) 
PARAMETRIC_REPRESENTATION_CONTEXT() REPRESENTATION_CONTEXT('2D SPACE',''
  ) );
#8253 = ORIENTED_EDGE('',*,*,#8161,.F.);
#8254 = ADVANCED_FACE('',(#8255),#1697,.T.);
#8255 = FACE_BOUND('',#8256,.T.);
#8256 = EDGE_LOOP('',(#8257,#8258,#8281,#8302));
#8257 = ORIENTED_EDGE('',*,*,#1673,.T.);
#8258 = ORIENTED_EDGE('',*,*,#8259,.T.);
#8259 = EDGE_CURVE('',#1648,#8260,#8262,.T.);
#8260 = VERTEX_POINT('',#8261);
#8261 = CARTESIAN_POINT('',(13.56875,15.88359375,16.6));
#8262 = SURFACE_CURVE('',#8263,(#8267,#8274),.PCURVE_S1.);
#8263 = LINE('',#8264,#8265);
#8264 = CARTESIAN_POINT('',(13.56875,15.88359375,15.95));
#8265 = VECTOR('',#8266,1.);
#8266 = DIRECTION('',(0.,0.,1.));
#8267 = PCURVE('',#1697,#8268);
#8268 = DEFINITIONAL_REPRESENTATION('',(#8269),#8273);
#8269 = LINE('',#8270,#8271);
#8270 = CARTESIAN_POINT('',(0.,0.));
#8271 = VECTOR('',#8272,1.);
#8272 = DIRECTION('',(0.,-1.));
#8273 = ( GEOMETRIC_REPRESENTATION_CONTEXT(2) 
PARAMETRIC_REPRESENTATION_CONTEXT() REPRESENTATION_CONTEXT('2D SPACE',''
  ) );
#8274 = PCURVE('',#1662,#8275);
#8275 = DEFINITIONAL_REPRESENTATION('',(#8276),#8280);
#8276 = LINE('',#8277,#8278);
#8277 = CARTESIAN_POINT('',(0.31875,0.));
#8278 = VECTOR('',#8279,1.);
#8279 = DIRECTION('',(0.,-1.));
#8280 = ( GEOMETRIC_REPRESENTATION_CONTEXT(2) 
PARAMETRIC_REPRESENTATION_CONTEXT() REPRESENTATION_CONTEXT('2D SPACE',''
  ) );
#8281 = ORIENTED_EDGE('',*,*,#8282,.T.);
#8282 = EDGE_CURVE('',#8260,#8211,#8283,.T.);
#8283 = SURFACE_CURVE('',#8284,(#8288,#8295),.PCURVE_S1.);
#8284 = B_SPLINE_CURVE_WITH_KNOTS('',2,(#8285,#8286,#8287),
  .UNSPECIFIED.,.F.,.F.,(3,3),(0.,1.),.PIECEWISE_BEZIER_KNOTS.);
#8285 = CARTESIAN_POINT('',(13.56875,15.88359375,16.6));
#8286 = CARTESIAN_POINT('',(13.3828125,15.70078125,16.6));
#8287 = CARTESIAN_POINT('',(13.190625,15.35859375,16.6));
#8288 = PCURVE('',#1697,#8289);
#8289 = DEFINITIONAL_REPRESENTATION('',(#8290),#8294);
#8290 = LINE('',#8291,#8292);
#8291 = CARTESIAN_POINT('',(0.,-0.65));
#8292 = VECTOR('',#8293,1.);
#8293 = DIRECTION('',(1.,0.));
#8294 = ( GEOMETRIC_REPRESENTATION_CONTEXT(2) 
PARAMETRIC_REPRESENTATION_CONTEXT() REPRESENTATION_CONTEXT('2D SPACE',''
  ) );
#8295 = PCURVE('',#7977,#8296);
#8296 = DEFINITIONAL_REPRESENTATION('',(#8297),#8301);
#8297 = B_SPLINE_CURVE_WITH_KNOTS('',2,(#8298,#8299,#8300),
  .UNSPECIFIED.,.F.,.F.,(3,3),(0.,1.),.PIECEWISE_BEZIER_KNOTS.);
#8298 = CARTESIAN_POINT('',(1.6375,1.940625));
#8299 = CARTESIAN_POINT('',(1.4515625,1.7578125));
#8300 = CARTESIAN_POINT('',(1.259375,1.415625));
#8301 = ( GEOMETRIC_REPRESENTATION_CONTEXT(2) 
PARAMETRIC_REPRESENTATION_CONTEXT() REPRESENTATION_CONTEXT('2D SPACE',''
  ) );
#8302 = ORIENTED_EDGE('',*,*,#8210,.F.);
#8303 = ADVANCED_FACE('',(#8304),#1662,.T.);
#8304 = FACE_BOUND('',#8305,.T.);
#8305 = EDGE_LOOP('',(#8306,#8307,#8330,#8351));
#8306 = ORIENTED_EDGE('',*,*,#1647,.T.);
#8307 = ORIENTED_EDGE('',*,*,#8308,.T.);
#8308 = EDGE_CURVE('',#1622,#8309,#8311,.T.);
#8309 = VERTEX_POINT('',#8310);
#8310 = CARTESIAN_POINT('',(13.56875,16.20234375,16.6));
#8311 = SURFACE_CURVE('',#8312,(#8316,#8323),.PCURVE_S1.);
#8312 = LINE('',#8313,#8314);
#8313 = CARTESIAN_POINT('',(13.56875,16.20234375,15.95));
#8314 = VECTOR('',#8315,1.);
#8315 = DIRECTION('',(0.,0.,1.));
#8316 = PCURVE('',#1662,#8317);
#8317 = DEFINITIONAL_REPRESENTATION('',(#8318),#8322);
#8318 = LINE('',#8319,#8320);
#8319 = CARTESIAN_POINT('',(0.,0.));
#8320 = VECTOR('',#8321,1.);
#8321 = DIRECTION('',(0.,-1.));
#8322 = ( GEOMETRIC_REPRESENTATION_CONTEXT(2) 
PARAMETRIC_REPRESENTATION_CONTEXT() REPRESENTATION_CONTEXT('2D SPACE',''
  ) );
#8323 = PCURVE('',#1636,#8324);
#8324 = DEFINITIONAL_REPRESENTATION('',(#8325),#8329);
#8325 = LINE('',#8326,#8327);
#8326 = CARTESIAN_POINT('',(1.5015625,0.));
#8327 = VECTOR('',#8328,1.);
#8328 = DIRECTION('',(0.,-1.));
#8329 = ( GEOMETRIC_REPRESENTATION_CONTEXT(2) 
PARAMETRIC_REPRESENTATION_CONTEXT() REPRESENTATION_CONTEXT('2D SPACE',''
  ) );
#8330 = ORIENTED_EDGE('',*,*,#8331,.T.);
#8331 = EDGE_CURVE('',#8309,#8260,#8332,.T.);
#8332 = SURFACE_CURVE('',#8333,(#8337,#8344),.PCURVE_S1.);
#8333 = LINE('',#8334,#8335);
#8334 = CARTESIAN_POINT('',(13.56875,16.20234375,16.6));
#8335 = VECTOR('',#8336,1.);
#8336 = DIRECTION('',(0.,-1.,0.));
#8337 = PCURVE('',#1662,#8338);
#8338 = DEFINITIONAL_REPRESENTATION('',(#8339),#8343);
#8339 = LINE('',#8340,#8341);
#8340 = CARTESIAN_POINT('',(0.,-0.65));
#8341 = VECTOR('',#8342,1.);
#8342 = DIRECTION('',(1.,0.));
#8343 = ( GEOMETRIC_REPRESENTATION_CONTEXT(2) 
PARAMETRIC_REPRESENTATION_CONTEXT() REPRESENTATION_CONTEXT('2D SPACE',''
  ) );
#8344 = PCURVE('',#7977,#8345);
#8345 = DEFINITIONAL_REPRESENTATION('',(#8346),#8350);
#8346 = LINE('',#8347,#8348);
#8347 = CARTESIAN_POINT('',(1.6375,2.259375));
#8348 = VECTOR('',#8349,1.);
#8349 = DIRECTION('',(0.,-1.));
#8350 = ( GEOMETRIC_REPRESENTATION_CONTEXT(2) 
PARAMETRIC_REPRESENTATION_CONTEXT() REPRESENTATION_CONTEXT('2D SPACE',''
  ) );
#8351 = ORIENTED_EDGE('',*,*,#8259,.F.);
#8352 = ADVANCED_FACE('',(#8353),#1636,.T.);
#8353 = FACE_BOUND('',#8354,.T.);
#8354 = EDGE_LOOP('',(#8355,#8356,#8379,#8400));
#8355 = ORIENTED_EDGE('',*,*,#1621,.T.);
#8356 = ORIENTED_EDGE('',*,*,#8357,.T.);
#8357 = EDGE_CURVE('',#1596,#8358,#8360,.T.);
#8358 = VERTEX_POINT('',#8359);
#8359 = CARTESIAN_POINT('',(12.0671875,16.20234375,16.6));
#8360 = SURFACE_CURVE('',#8361,(#8365,#8372),.PCURVE_S1.);
#8361 = LINE('',#8362,#8363);
#8362 = CARTESIAN_POINT('',(12.0671875,16.20234375,15.95));
#8363 = VECTOR('',#8364,1.);
#8364 = DIRECTION('',(0.,0.,1.));
#8365 = PCURVE('',#1636,#8366);
#8366 = DEFINITIONAL_REPRESENTATION('',(#8367),#8371);
#8367 = LINE('',#8368,#8369);
#8368 = CARTESIAN_POINT('',(0.,0.));
#8369 = VECTOR('',#8370,1.);
#8370 = DIRECTION('',(0.,-1.));
#8371 = ( GEOMETRIC_REPRESENTATION_CONTEXT(2) 
PARAMETRIC_REPRESENTATION_CONTEXT() REPRESENTATION_CONTEXT('2D SPACE',''
  ) );
#8372 = PCURVE('',#1610,#8373);
#8373 = DEFINITIONAL_REPRESENTATION('',(#8374),#8378);
#8374 = LINE('',#8375,#8376);
#8375 = CARTESIAN_POINT('',(0.4078125,0.));
#8376 = VECTOR('',#8377,1.);
#8377 = DIRECTION('',(0.,-1.));
#8378 = ( GEOMETRIC_REPRESENTATION_CONTEXT(2) 
PARAMETRIC_REPRESENTATION_CONTEXT() REPRESENTATION_CONTEXT('2D SPACE',''
  ) );
#8379 = ORIENTED_EDGE('',*,*,#8380,.T.);
#8380 = EDGE_CURVE('',#8358,#8309,#8381,.T.);
#8381 = SURFACE_CURVE('',#8382,(#8386,#8393),.PCURVE_S1.);
#8382 = LINE('',#8383,#8384);
#8383 = CARTESIAN_POINT('',(12.0671875,16.20234375,16.6));
#8384 = VECTOR('',#8385,1.);
#8385 = DIRECTION('',(1.,0.,0.));
#8386 = PCURVE('',#1636,#8387);
#8387 = DEFINITIONAL_REPRESENTATION('',(#8388),#8392);
#8388 = LINE('',#8389,#8390);
#8389 = CARTESIAN_POINT('',(0.,-0.65));
#8390 = VECTOR('',#8391,1.);
#8391 = DIRECTION('',(1.,0.));
#8392 = ( GEOMETRIC_REPRESENTATION_CONTEXT(2) 
PARAMETRIC_REPRESENTATION_CONTEXT() REPRESENTATION_CONTEXT('2D SPACE',''
  ) );
#8393 = PCURVE('',#7977,#8394);
#8394 = DEFINITIONAL_REPRESENTATION('',(#8395),#8399);
#8395 = LINE('',#8396,#8397);
#8396 = CARTESIAN_POINT('',(0.1359375,2.259375));
#8397 = VECTOR('',#8398,1.);
#8398 = DIRECTION('',(1.,0.));
#8399 = ( GEOMETRIC_REPRESENTATION_CONTEXT(2) 
PARAMETRIC_REPRESENTATION_CONTEXT() REPRESENTATION_CONTEXT('2D SPACE',''
  ) );
#8400 = ORIENTED_EDGE('',*,*,#8308,.F.);
#8401 = ADVANCED_FACE('',(#8402),#1610,.T.);
#8402 = FACE_BOUND('',#8403,.T.);
#8403 = EDGE_LOOP('',(#8404,#8405,#8406,#8427));
#8404 = ORIENTED_EDGE('',*,*,#1595,.T.);
#8405 = ORIENTED_EDGE('',*,*,#7989,.T.);
#8406 = ORIENTED_EDGE('',*,*,#8407,.T.);
#8407 = EDGE_CURVE('',#7962,#8358,#8408,.T.);
#8408 = SURFACE_CURVE('',#8409,(#8413,#8420),.PCURVE_S1.);
#8409 = LINE('',#8410,#8411);
#8410 = CARTESIAN_POINT('',(12.0671875,15.79453125,16.6));
#8411 = VECTOR('',#8412,1.);
#8412 = DIRECTION('',(0.,1.,0.));
#8413 = PCURVE('',#1610,#8414);
#8414 = DEFINITIONAL_REPRESENTATION('',(#8415),#8419);
#8415 = LINE('',#8416,#8417);
#8416 = CARTESIAN_POINT('',(0.,-0.65));
#8417 = VECTOR('',#8418,1.);
#8418 = DIRECTION('',(1.,0.));
#8419 = ( GEOMETRIC_REPRESENTATION_CONTEXT(2) 
PARAMETRIC_REPRESENTATION_CONTEXT() REPRESENTATION_CONTEXT('2D SPACE',''
  ) );
#8420 = PCURVE('',#7977,#8421);
#8421 = DEFINITIONAL_REPRESENTATION('',(#8422),#8426);
#8422 = LINE('',#8423,#8424);
#8423 = CARTESIAN_POINT('',(0.1359375,1.8515625));
#8424 = VECTOR('',#8425,1.);
#8425 = DIRECTION('',(0.,1.));
#8426 = ( GEOMETRIC_REPRESENTATION_CONTEXT(2) 
PARAMETRIC_REPRESENTATION_CONTEXT() REPRESENTATION_CONTEXT('2D SPACE',''
  ) );
#8427 = ORIENTED_EDGE('',*,*,#8357,.F.);
#8428 = ADVANCED_FACE('',(#8429),#1923,.T.);
#8429 = FACE_BOUND('',#8430,.T.);
#8430 = EDGE_LOOP('',(#8431,#8432,#8455,#8483));
#8431 = ORIENTED_EDGE('',*,*,#1906,.T.);
#8432 = ORIENTED_EDGE('',*,*,#8433,.T.);
#8433 = EDGE_CURVE('',#1909,#8434,#8436,.T.);
#8434 = VERTEX_POINT('',#8435);
#8435 = CARTESIAN_POINT('',(15.346875,14.35078125,16.6));
#8436 = SURFACE_CURVE('',#8437,(#8441,#8448),.PCURVE_S1.);
#8437 = LINE('',#8438,#8439);
#8438 = CARTESIAN_POINT('',(15.346875,14.35078125,15.95));
#8439 = VECTOR('',#8440,1.);
#8440 = DIRECTION('',(0.,0.,1.));
#8441 = PCURVE('',#1923,#8442);
#8442 = DEFINITIONAL_REPRESENTATION('',(#8443),#8447);
#8443 = LINE('',#8444,#8445);
#8444 = CARTESIAN_POINT('',(0.,0.));
#8445 = VECTOR('',#8446,1.);
#8446 = DIRECTION('',(0.,-1.));
#8447 = ( GEOMETRIC_REPRESENTATION_CONTEXT(2) 
PARAMETRIC_REPRESENTATION_CONTEXT() REPRESENTATION_CONTEXT('2D SPACE',''
  ) );
#8448 = PCURVE('',#2798,#8449);
#8449 = DEFINITIONAL_REPRESENTATION('',(#8450),#8454);
#8450 = LINE('',#8451,#8452);
#8451 = CARTESIAN_POINT('',(1.,0.));
#8452 = VECTOR('',#8453,1.);
#8453 = DIRECTION('',(0.,-1.));
#8454 = ( GEOMETRIC_REPRESENTATION_CONTEXT(2) 
PARAMETRIC_REPRESENTATION_CONTEXT() REPRESENTATION_CONTEXT('2D SPACE',''
  ) );
#8455 = ORIENTED_EDGE('',*,*,#8456,.T.);
#8456 = EDGE_CURVE('',#8434,#8457,#8459,.T.);
#8457 = VERTEX_POINT('',#8458);
#8458 = CARTESIAN_POINT('',(16.21875,14.35078125,16.6));
#8459 = SURFACE_CURVE('',#8460,(#8464,#8471),.PCURVE_S1.);
#8460 = LINE('',#8461,#8462);
#8461 = CARTESIAN_POINT('',(15.346875,14.35078125,16.6));
#8462 = VECTOR('',#8463,1.);
#8463 = DIRECTION('',(1.,0.,0.));
#8464 = PCURVE('',#1923,#8465);
#8465 = DEFINITIONAL_REPRESENTATION('',(#8466),#8470);
#8466 = LINE('',#8467,#8468);
#8467 = CARTESIAN_POINT('',(0.,-0.65));
#8468 = VECTOR('',#8469,1.);
#8469 = DIRECTION('',(1.,0.));
#8470 = ( GEOMETRIC_REPRESENTATION_CONTEXT(2) 
PARAMETRIC_REPRESENTATION_CONTEXT() REPRESENTATION_CONTEXT('2D SPACE',''
  ) );
#8471 = PCURVE('',#8472,#8477);
#8472 = PLANE('',#8473);
#8473 = AXIS2_PLACEMENT_3D('',#8474,#8475,#8476);
#8474 = CARTESIAN_POINT('',(14.6,13.94296875,16.6));
#8475 = DIRECTION('',(0.,0.,1.));
#8476 = DIRECTION('',(1.,0.,0.));
#8477 = DEFINITIONAL_REPRESENTATION('',(#8478),#8482);
#8478 = LINE('',#8479,#8480);
#8479 = CARTESIAN_POINT('',(0.746875,0.4078125));
#8480 = VECTOR('',#8481,1.);
#8481 = DIRECTION('',(1.,0.));
#8482 = ( GEOMETRIC_REPRESENTATION_CONTEXT(2) 
PARAMETRIC_REPRESENTATION_CONTEXT() REPRESENTATION_CONTEXT('2D SPACE',''
  ) );
#8483 = ORIENTED_EDGE('',*,*,#8484,.F.);
#8484 = EDGE_CURVE('',#1907,#8457,#8485,.T.);
#8485 = SURFACE_CURVE('',#8486,(#8490,#8497),.PCURVE_S1.);
#8486 = LINE('',#8487,#8488);
#8487 = CARTESIAN_POINT('',(16.21875,14.35078125,15.95));
#8488 = VECTOR('',#8489,1.);
#8489 = DIRECTION('',(0.,0.,1.));
#8490 = PCURVE('',#1923,#8491);
#8491 = DEFINITIONAL_REPRESENTATION('',(#8492),#8496);
#8492 = LINE('',#8493,#8494);
#8493 = CARTESIAN_POINT('',(0.871875,0.));
#8494 = VECTOR('',#8495,1.);
#8495 = DIRECTION('',(0.,-1.));
#8496 = ( GEOMETRIC_REPRESENTATION_CONTEXT(2) 
PARAMETRIC_REPRESENTATION_CONTEXT() REPRESENTATION_CONTEXT('2D SPACE',''
  ) );
#8497 = PCURVE('',#1949,#8498);
#8498 = DEFINITIONAL_REPRESENTATION('',(#8499),#8503);
#8499 = LINE('',#8500,#8501);
#8500 = CARTESIAN_POINT('',(0.,0.));
#8501 = VECTOR('',#8502,1.);
#8502 = DIRECTION('',(0.,-1.));
#8503 = ( GEOMETRIC_REPRESENTATION_CONTEXT(2) 
PARAMETRIC_REPRESENTATION_CONTEXT() REPRESENTATION_CONTEXT('2D SPACE',''
  ) );
#8504 = ADVANCED_FACE('',(#8505),#2798,.T.);
#8505 = FACE_BOUND('',#8506,.T.);
#8506 = EDGE_LOOP('',(#8507,#8508,#8531,#8552));
#8507 = ORIENTED_EDGE('',*,*,#2780,.T.);
#8508 = ORIENTED_EDGE('',*,*,#8509,.T.);
#8509 = EDGE_CURVE('',#2739,#8510,#8512,.T.);
#8510 = VERTEX_POINT('',#8511);
#8511 = CARTESIAN_POINT('',(15.43671875,14.47265625,16.6));
#8512 = SURFACE_CURVE('',#8513,(#8517,#8524),.PCURVE_S1.);
#8513 = LINE('',#8514,#8515);
#8514 = CARTESIAN_POINT('',(15.43671875,14.47265625,15.95));
#8515 = VECTOR('',#8516,1.);
#8516 = DIRECTION('',(0.,0.,1.));
#8517 = PCURVE('',#2798,#8518);
#8518 = DEFINITIONAL_REPRESENTATION('',(#8519),#8523);
#8519 = LINE('',#8520,#8521);
#8520 = CARTESIAN_POINT('',(0.,0.));
#8521 = VECTOR('',#8522,1.);
#8522 = DIRECTION('',(0.,-1.));
#8523 = ( GEOMETRIC_REPRESENTATION_CONTEXT(2) 
PARAMETRIC_REPRESENTATION_CONTEXT() REPRESENTATION_CONTEXT('2D SPACE',''
  ) );
#8524 = PCURVE('',#2762,#8525);
#8525 = DEFINITIONAL_REPRESENTATION('',(#8526),#8530);
#8526 = LINE('',#8527,#8528);
#8527 = CARTESIAN_POINT('',(1.,0.));
#8528 = VECTOR('',#8529,1.);
#8529 = DIRECTION('',(0.,-1.));
#8530 = ( GEOMETRIC_REPRESENTATION_CONTEXT(2) 
PARAMETRIC_REPRESENTATION_CONTEXT() REPRESENTATION_CONTEXT('2D SPACE',''
  ) );
#8531 = ORIENTED_EDGE('',*,*,#8532,.T.);
#8532 = EDGE_CURVE('',#8510,#8434,#8533,.T.);
#8533 = SURFACE_CURVE('',#8534,(#8538,#8545),.PCURVE_S1.);
#8534 = B_SPLINE_CURVE_WITH_KNOTS('',2,(#8535,#8536,#8537),
  .UNSPECIFIED.,.F.,.F.,(3,3),(0.,1.),.PIECEWISE_BEZIER_KNOTS.);
#8535 = CARTESIAN_POINT('',(15.43671875,14.47265625,16.6));
#8536 = CARTESIAN_POINT('',(15.38125,14.41015625,16.6));
#8537 = CARTESIAN_POINT('',(15.346875,14.35078125,16.6));
#8538 = PCURVE('',#2798,#8539);
#8539 = DEFINITIONAL_REPRESENTATION('',(#8540),#8544);
#8540 = LINE('',#8541,#8542);
#8541 = CARTESIAN_POINT('',(0.,-0.65));
#8542 = VECTOR('',#8543,1.);
#8543 = DIRECTION('',(1.,0.));
#8544 = ( GEOMETRIC_REPRESENTATION_CONTEXT(2) 
PARAMETRIC_REPRESENTATION_CONTEXT() REPRESENTATION_CONTEXT('2D SPACE',''
  ) );
#8545 = PCURVE('',#8472,#8546);
#8546 = DEFINITIONAL_REPRESENTATION('',(#8547),#8551);
#8547 = B_SPLINE_CURVE_WITH_KNOTS('',2,(#8548,#8549,#8550),
  .UNSPECIFIED.,.F.,.F.,(3,3),(0.,1.),.PIECEWISE_BEZIER_KNOTS.);
#8548 = CARTESIAN_POINT('',(0.83671875,0.5296875));
#8549 = CARTESIAN_POINT('',(0.78125,0.4671875));
#8550 = CARTESIAN_POINT('',(0.746875,0.4078125));
#8551 = ( GEOMETRIC_REPRESENTATION_CONTEXT(2) 
PARAMETRIC_REPRESENTATION_CONTEXT() REPRESENTATION_CONTEXT('2D SPACE',''
  ) );
#8552 = ORIENTED_EDGE('',*,*,#8433,.F.);
#8553 = ADVANCED_FACE('',(#8554),#2762,.T.);
#8554 = FACE_BOUND('',#8555,.T.);
#8555 = EDGE_LOOP('',(#8556,#8557,#8580,#8601));
#8556 = ORIENTED_EDGE('',*,*,#2738,.T.);
#8557 = ORIENTED_EDGE('',*,*,#8558,.T.);
#8558 = EDGE_CURVE('',#2697,#8559,#8561,.T.);
#8559 = VERTEX_POINT('',#8560);
#8560 = CARTESIAN_POINT('',(15.7,14.72578125,16.6));
#8561 = SURFACE_CURVE('',#8562,(#8566,#8573),.PCURVE_S1.);
#8562 = LINE('',#8563,#8564);
#8563 = CARTESIAN_POINT('',(15.7,14.72578125,15.95));
#8564 = VECTOR('',#8565,1.);
#8565 = DIRECTION('',(0.,0.,1.));
#8566 = PCURVE('',#2762,#8567);
#8567 = DEFINITIONAL_REPRESENTATION('',(#8568),#8572);
#8568 = LINE('',#8569,#8570);
#8569 = CARTESIAN_POINT('',(0.,0.));
#8570 = VECTOR('',#8571,1.);
#8571 = DIRECTION('',(0.,-1.));
#8572 = ( GEOMETRIC_REPRESENTATION_CONTEXT(2) 
PARAMETRIC_REPRESENTATION_CONTEXT() REPRESENTATION_CONTEXT('2D SPACE',''
  ) );
#8573 = PCURVE('',#2720,#8574);
#8574 = DEFINITIONAL_REPRESENTATION('',(#8575),#8579);
#8575 = LINE('',#8576,#8577);
#8576 = CARTESIAN_POINT('',(1.,0.));
#8577 = VECTOR('',#8578,1.);
#8578 = DIRECTION('',(0.,-1.));
#8579 = ( GEOMETRIC_REPRESENTATION_CONTEXT(2) 
PARAMETRIC_REPRESENTATION_CONTEXT() REPRESENTATION_CONTEXT('2D SPACE',''
  ) );
#8580 = ORIENTED_EDGE('',*,*,#8581,.T.);
#8581 = EDGE_CURVE('',#8559,#8510,#8582,.T.);
#8582 = SURFACE_CURVE('',#8583,(#8587,#8594),.PCURVE_S1.);
#8583 = B_SPLINE_CURVE_WITH_KNOTS('',2,(#8584,#8585,#8586),
  .UNSPECIFIED.,.F.,.F.,(3,3),(0.,1.),.PIECEWISE_BEZIER_KNOTS.);
#8584 = CARTESIAN_POINT('',(15.7,14.72578125,16.6));
#8585 = CARTESIAN_POINT('',(15.4921875,14.53515625,16.6));
#8586 = CARTESIAN_POINT('',(15.43671875,14.47265625,16.6));
#8587 = PCURVE('',#2762,#8588);
#8588 = DEFINITIONAL_REPRESENTATION('',(#8589),#8593);
#8589 = LINE('',#8590,#8591);
#8590 = CARTESIAN_POINT('',(0.,-0.65));
#8591 = VECTOR('',#8592,1.);
#8592 = DIRECTION('',(1.,0.));
#8593 = ( GEOMETRIC_REPRESENTATION_CONTEXT(2) 
PARAMETRIC_REPRESENTATION_CONTEXT() REPRESENTATION_CONTEXT('2D SPACE',''
  ) );
#8594 = PCURVE('',#8472,#8595);
#8595 = DEFINITIONAL_REPRESENTATION('',(#8596),#8600);
#8596 = B_SPLINE_CURVE_WITH_KNOTS('',2,(#8597,#8598,#8599),
  .UNSPECIFIED.,.F.,.F.,(3,3),(0.,1.),.PIECEWISE_BEZIER_KNOTS.);
#8597 = CARTESIAN_POINT('',(1.1,0.7828125));
#8598 = CARTESIAN_POINT('',(0.8921875,0.5921875));
#8599 = CARTESIAN_POINT('',(0.83671875,0.5296875));
#8600 = ( GEOMETRIC_REPRESENTATION_CONTEXT(2) 
PARAMETRIC_REPRESENTATION_CONTEXT() REPRESENTATION_CONTEXT('2D SPACE',''
  ) );
#8601 = ORIENTED_EDGE('',*,*,#8509,.F.);
#8602 = ADVANCED_FACE('',(#8603),#2720,.T.);
#8603 = FACE_BOUND('',#8604,.T.);
#8604 = EDGE_LOOP('',(#8605,#8606,#8629,#8650));
#8605 = ORIENTED_EDGE('',*,*,#2696,.T.);
#8606 = ORIENTED_EDGE('',*,*,#8607,.T.);
#8607 = EDGE_CURVE('',#2658,#8608,#8610,.T.);
#8608 = VERTEX_POINT('',#8609);
#8609 = CARTESIAN_POINT('',(15.9875,15.01796875,16.6));
#8610 = SURFACE_CURVE('',#8611,(#8615,#8622),.PCURVE_S1.);
#8611 = LINE('',#8612,#8613);
#8612 = CARTESIAN_POINT('',(15.9875,15.01796875,15.95));
#8613 = VECTOR('',#8614,1.);
#8614 = DIRECTION('',(0.,0.,1.));
#8615 = PCURVE('',#2720,#8616);
#8616 = DEFINITIONAL_REPRESENTATION('',(#8617),#8621);
#8617 = LINE('',#8618,#8619);
#8618 = CARTESIAN_POINT('',(0.,0.));
#8619 = VECTOR('',#8620,1.);
#8620 = DIRECTION('',(0.,-1.));
#8621 = ( GEOMETRIC_REPRESENTATION_CONTEXT(2) 
PARAMETRIC_REPRESENTATION_CONTEXT() REPRESENTATION_CONTEXT('2D SPACE',''
  ) );
#8622 = PCURVE('',#2679,#8623);
#8623 = DEFINITIONAL_REPRESENTATION('',(#8624),#8628);
#8624 = LINE('',#8625,#8626);
#8625 = CARTESIAN_POINT('',(1.,0.));
#8626 = VECTOR('',#8627,1.);
#8627 = DIRECTION('',(0.,-1.));
#8628 = ( GEOMETRIC_REPRESENTATION_CONTEXT(2) 
PARAMETRIC_REPRESENTATION_CONTEXT() REPRESENTATION_CONTEXT('2D SPACE',''
  ) );
#8629 = ORIENTED_EDGE('',*,*,#8630,.T.);
#8630 = EDGE_CURVE('',#8608,#8559,#8631,.T.);
#8631 = SURFACE_CURVE('',#8632,(#8636,#8643),.PCURVE_S1.);
#8632 = B_SPLINE_CURVE_WITH_KNOTS('',2,(#8633,#8634,#8635),
  .UNSPECIFIED.,.F.,.F.,(3,3),(0.,1.),.PIECEWISE_BEZIER_KNOTS.);
#8633 = CARTESIAN_POINT('',(15.9875,15.01796875,16.6));
#8634 = CARTESIAN_POINT('',(15.9078125,14.91640625,16.6));
#8635 = CARTESIAN_POINT('',(15.7,14.72578125,16.6));
#8636 = PCURVE('',#2720,#8637);
#8637 = DEFINITIONAL_REPRESENTATION('',(#8638),#8642);
#8638 = LINE('',#8639,#8640);
#8639 = CARTESIAN_POINT('',(0.,-0.65));
#8640 = VECTOR('',#8641,1.);
#8641 = DIRECTION('',(1.,0.));
#8642 = ( GEOMETRIC_REPRESENTATION_CONTEXT(2) 
PARAMETRIC_REPRESENTATION_CONTEXT() REPRESENTATION_CONTEXT('2D SPACE',''
  ) );
#8643 = PCURVE('',#8472,#8644);
#8644 = DEFINITIONAL_REPRESENTATION('',(#8645),#8649);
#8645 = B_SPLINE_CURVE_WITH_KNOTS('',2,(#8646,#8647,#8648),
  .UNSPECIFIED.,.F.,.F.,(3,3),(0.,1.),.PIECEWISE_BEZIER_KNOTS.);
#8646 = CARTESIAN_POINT('',(1.3875,1.075));
#8647 = CARTESIAN_POINT('',(1.3078125,0.9734375));
#8648 = CARTESIAN_POINT('',(1.1,0.7828125));
#8649 = ( GEOMETRIC_REPRESENTATION_CONTEXT(2) 
PARAMETRIC_REPRESENTATION_CONTEXT() REPRESENTATION_CONTEXT('2D SPACE',''
  ) );
#8650 = ORIENTED_EDGE('',*,*,#8558,.F.);
#8651 = ADVANCED_FACE('',(#8652),#2679,.T.);
#8652 = FACE_BOUND('',#8653,.T.);
#8653 = EDGE_LOOP('',(#8654,#8655,#8678,#8699));
#8654 = ORIENTED_EDGE('',*,*,#2657,.T.);
#8655 = ORIENTED_EDGE('',*,*,#8656,.T.);
#8656 = EDGE_CURVE('',#2613,#8657,#8659,.T.);
#8657 = VERTEX_POINT('',#8658);
#8658 = CARTESIAN_POINT('',(16.16328125,15.3109375,16.6));
#8659 = SURFACE_CURVE('',#8660,(#8664,#8671),.PCURVE_S1.);
#8660 = LINE('',#8661,#8662);
#8661 = CARTESIAN_POINT('',(16.16328125,15.3109375,15.95));
#8662 = VECTOR('',#8663,1.);
#8663 = DIRECTION('',(0.,0.,1.));
#8664 = PCURVE('',#2679,#8665);
#8665 = DEFINITIONAL_REPRESENTATION('',(#8666),#8670);
#8666 = LINE('',#8667,#8668);
#8667 = CARTESIAN_POINT('',(0.,0.));
#8668 = VECTOR('',#8669,1.);
#8669 = DIRECTION('',(0.,-1.));
#8670 = ( GEOMETRIC_REPRESENTATION_CONTEXT(2) 
PARAMETRIC_REPRESENTATION_CONTEXT() REPRESENTATION_CONTEXT('2D SPACE',''
  ) );
#8671 = PCURVE('',#2638,#8672);
#8672 = DEFINITIONAL_REPRESENTATION('',(#8673),#8677);
#8673 = LINE('',#8674,#8675);
#8674 = CARTESIAN_POINT('',(1.,0.));
#8675 = VECTOR('',#8676,1.);
#8676 = DIRECTION('',(0.,-1.));
#8677 = ( GEOMETRIC_REPRESENTATION_CONTEXT(2) 
PARAMETRIC_REPRESENTATION_CONTEXT() REPRESENTATION_CONTEXT('2D SPACE',''
  ) );
#8678 = ORIENTED_EDGE('',*,*,#8679,.T.);
#8679 = EDGE_CURVE('',#8657,#8608,#8680,.T.);
#8680 = SURFACE_CURVE('',#8681,(#8685,#8692),.PCURVE_S1.);
#8681 = B_SPLINE_CURVE_WITH_KNOTS('',2,(#8682,#8683,#8684),
  .UNSPECIFIED.,.F.,.F.,(3,3),(0.,1.),.PIECEWISE_BEZIER_KNOTS.);
#8682 = CARTESIAN_POINT('',(16.16328125,15.3109375,16.6));
#8683 = CARTESIAN_POINT('',(16.1078125,15.17109375,16.6));
#8684 = CARTESIAN_POINT('',(15.9875,15.01796875,16.6));
#8685 = PCURVE('',#2679,#8686);
#8686 = DEFINITIONAL_REPRESENTATION('',(#8687),#8691);
#8687 = LINE('',#8688,#8689);
#8688 = CARTESIAN_POINT('',(0.,-0.65));
#8689 = VECTOR('',#8690,1.);
#8690 = DIRECTION('',(1.,0.));
#8691 = ( GEOMETRIC_REPRESENTATION_CONTEXT(2) 
PARAMETRIC_REPRESENTATION_CONTEXT() REPRESENTATION_CONTEXT('2D SPACE',''
  ) );
#8692 = PCURVE('',#8472,#8693);
#8693 = DEFINITIONAL_REPRESENTATION('',(#8694),#8698);
#8694 = B_SPLINE_CURVE_WITH_KNOTS('',2,(#8695,#8696,#8697),
  .UNSPECIFIED.,.F.,.F.,(3,3),(0.,1.),.PIECEWISE_BEZIER_KNOTS.);
#8695 = CARTESIAN_POINT('',(1.56328125,1.36796875));
#8696 = CARTESIAN_POINT('',(1.5078125,1.228125));
#8697 = CARTESIAN_POINT('',(1.3875,1.075));
#8698 = ( GEOMETRIC_REPRESENTATION_CONTEXT(2) 
PARAMETRIC_REPRESENTATION_CONTEXT() REPRESENTATION_CONTEXT('2D SPACE',''
  ) );
#8699 = ORIENTED_EDGE('',*,*,#8607,.F.);
#8700 = ADVANCED_FACE('',(#8701),#2638,.T.);
#8701 = FACE_BOUND('',#8702,.T.);
#8702 = EDGE_LOOP('',(#8703,#8704,#8727,#8748));
#8703 = ORIENTED_EDGE('',*,*,#2612,.T.);
#8704 = ORIENTED_EDGE('',*,*,#8705,.T.);
#8705 = EDGE_CURVE('',#2562,#8706,#8708,.T.);
#8706 = VERTEX_POINT('',#8707);
#8707 = CARTESIAN_POINT('',(16.21875,15.60546875,16.6));
#8708 = SURFACE_CURVE('',#8709,(#8713,#8720),.PCURVE_S1.);
#8709 = LINE('',#8710,#8711);
#8710 = CARTESIAN_POINT('',(16.21875,15.60546875,15.95));
#8711 = VECTOR('',#8712,1.);
#8712 = DIRECTION('',(0.,0.,1.));
#8713 = PCURVE('',#2638,#8714);
#8714 = DEFINITIONAL_REPRESENTATION('',(#8715),#8719);
#8715 = LINE('',#8716,#8717);
#8716 = CARTESIAN_POINT('',(0.,0.));
#8717 = VECTOR('',#8718,1.);
#8718 = DIRECTION('',(0.,-1.));
#8719 = ( GEOMETRIC_REPRESENTATION_CONTEXT(2) 
PARAMETRIC_REPRESENTATION_CONTEXT() REPRESENTATION_CONTEXT('2D SPACE',''
  ) );
#8720 = PCURVE('',#2591,#8721);
#8721 = DEFINITIONAL_REPRESENTATION('',(#8722),#8726);
#8722 = LINE('',#8723,#8724);
#8723 = CARTESIAN_POINT('',(1.,0.));
#8724 = VECTOR('',#8725,1.);
#8725 = DIRECTION('',(0.,-1.));
#8726 = ( GEOMETRIC_REPRESENTATION_CONTEXT(2) 
PARAMETRIC_REPRESENTATION_CONTEXT() REPRESENTATION_CONTEXT('2D SPACE',''
  ) );
#8727 = ORIENTED_EDGE('',*,*,#8728,.T.);
#8728 = EDGE_CURVE('',#8706,#8657,#8729,.T.);
#8729 = SURFACE_CURVE('',#8730,(#8734,#8741),.PCURVE_S1.);
#8730 = B_SPLINE_CURVE_WITH_KNOTS('',2,(#8731,#8732,#8733),
  .UNSPECIFIED.,.F.,.F.,(3,3),(0.,1.),.PIECEWISE_BEZIER_KNOTS.);
#8731 = CARTESIAN_POINT('',(16.21875,15.60546875,16.6));
#8732 = CARTESIAN_POINT('',(16.21875,15.45078125,16.6));
#8733 = CARTESIAN_POINT('',(16.16328125,15.3109375,16.6));
#8734 = PCURVE('',#2638,#8735);
#8735 = DEFINITIONAL_REPRESENTATION('',(#8736),#8740);
#8736 = LINE('',#8737,#8738);
#8737 = CARTESIAN_POINT('',(0.,-0.65));
#8738 = VECTOR('',#8739,1.);
#8739 = DIRECTION('',(1.,0.));
#8740 = ( GEOMETRIC_REPRESENTATION_CONTEXT(2) 
PARAMETRIC_REPRESENTATION_CONTEXT() REPRESENTATION_CONTEXT('2D SPACE',''
  ) );
#8741 = PCURVE('',#8472,#8742);
#8742 = DEFINITIONAL_REPRESENTATION('',(#8743),#8747);
#8743 = B_SPLINE_CURVE_WITH_KNOTS('',2,(#8744,#8745,#8746),
  .UNSPECIFIED.,.F.,.F.,(3,3),(0.,1.),.PIECEWISE_BEZIER_KNOTS.);
#8744 = CARTESIAN_POINT('',(1.61875,1.6625));
#8745 = CARTESIAN_POINT('',(1.61875,1.5078125));
#8746 = CARTESIAN_POINT('',(1.56328125,1.36796875));
#8747 = ( GEOMETRIC_REPRESENTATION_CONTEXT(2) 
PARAMETRIC_REPRESENTATION_CONTEXT() REPRESENTATION_CONTEXT('2D SPACE',''
  ) );
#8748 = ORIENTED_EDGE('',*,*,#8656,.F.);
#8749 = ADVANCED_FACE('',(#8750),#2591,.T.);
#8750 = FACE_BOUND('',#8751,.T.);
#8751 = EDGE_LOOP('',(#8752,#8753,#8776,#8797));
#8752 = ORIENTED_EDGE('',*,*,#2561,.T.);
#8753 = ORIENTED_EDGE('',*,*,#8754,.T.);
#8754 = EDGE_CURVE('',#2499,#8755,#8757,.T.);
#8755 = VERTEX_POINT('',#8756);
#8756 = CARTESIAN_POINT('',(16.025,16.06015625,16.6));
#8757 = SURFACE_CURVE('',#8758,(#8762,#8769),.PCURVE_S1.);
#8758 = LINE('',#8759,#8760);
#8759 = CARTESIAN_POINT('',(16.025,16.06015625,15.95));
#8760 = VECTOR('',#8761,1.);
#8761 = DIRECTION('',(0.,0.,1.));
#8762 = PCURVE('',#2591,#8763);
#8763 = DEFINITIONAL_REPRESENTATION('',(#8764),#8768);
#8764 = LINE('',#8765,#8766);
#8765 = CARTESIAN_POINT('',(0.,0.));
#8766 = VECTOR('',#8767,1.);
#8767 = DIRECTION('',(0.,-1.));
#8768 = ( GEOMETRIC_REPRESENTATION_CONTEXT(2) 
PARAMETRIC_REPRESENTATION_CONTEXT() REPRESENTATION_CONTEXT('2D SPACE',''
  ) );
#8769 = PCURVE('',#2536,#8770);
#8770 = DEFINITIONAL_REPRESENTATION('',(#8771),#8775);
#8771 = LINE('',#8772,#8773);
#8772 = CARTESIAN_POINT('',(1.,0.));
#8773 = VECTOR('',#8774,1.);
#8774 = DIRECTION('',(0.,-1.));
#8775 = ( GEOMETRIC_REPRESENTATION_CONTEXT(2) 
PARAMETRIC_REPRESENTATION_CONTEXT() REPRESENTATION_CONTEXT('2D SPACE',''
  ) );
#8776 = ORIENTED_EDGE('',*,*,#8777,.T.);
#8777 = EDGE_CURVE('',#8755,#8706,#8778,.T.);
#8778 = SURFACE_CURVE('',#8779,(#8783,#8790),.PCURVE_S1.);
#8779 = B_SPLINE_CURVE_WITH_KNOTS('',2,(#8780,#8781,#8782),
  .UNSPECIFIED.,.F.,.F.,(3,3),(0.,1.),.PIECEWISE_BEZIER_KNOTS.);
#8780 = CARTESIAN_POINT('',(16.025,16.06015625,16.6));
#8781 = CARTESIAN_POINT('',(16.21875,15.87734375,16.6));
#8782 = CARTESIAN_POINT('',(16.21875,15.60546875,16.6));
#8783 = PCURVE('',#2591,#8784);
#8784 = DEFINITIONAL_REPRESENTATION('',(#8785),#8789);
#8785 = LINE('',#8786,#8787);
#8786 = CARTESIAN_POINT('',(0.,-0.65));
#8787 = VECTOR('',#8788,1.);
#8788 = DIRECTION('',(1.,0.));
#8789 = ( GEOMETRIC_REPRESENTATION_CONTEXT(2) 
PARAMETRIC_REPRESENTATION_CONTEXT() REPRESENTATION_CONTEXT('2D SPACE',''
  ) );
#8790 = PCURVE('',#8472,#8791);
#8791 = DEFINITIONAL_REPRESENTATION('',(#8792),#8796);
#8792 = B_SPLINE_CURVE_WITH_KNOTS('',2,(#8793,#8794,#8795),
  .UNSPECIFIED.,.F.,.F.,(3,3),(0.,1.),.PIECEWISE_BEZIER_KNOTS.);
#8793 = CARTESIAN_POINT('',(1.425,2.1171875));
#8794 = CARTESIAN_POINT('',(1.61875,1.934375));
#8795 = CARTESIAN_POINT('',(1.61875,1.6625));
#8796 = ( GEOMETRIC_REPRESENTATION_CONTEXT(2) 
PARAMETRIC_REPRESENTATION_CONTEXT() REPRESENTATION_CONTEXT('2D SPACE',''
  ) );
#8797 = ORIENTED_EDGE('',*,*,#8705,.F.);
#8798 = ADVANCED_FACE('',(#8799),#2536,.T.);
#8799 = FACE_BOUND('',#8800,.T.);
#8800 = EDGE_LOOP('',(#8801,#8802,#8825,#8846));
#8801 = ORIENTED_EDGE('',*,*,#2498,.T.);
#8802 = ORIENTED_EDGE('',*,*,#8803,.T.);
#8803 = EDGE_CURVE('',#2448,#8804,#8806,.T.);
#8804 = VERTEX_POINT('',#8805);
#8805 = CARTESIAN_POINT('',(15.4921875,16.24296875,16.6));
#8806 = SURFACE_CURVE('',#8807,(#8811,#8818),.PCURVE_S1.);
#8807 = LINE('',#8808,#8809);
#8808 = CARTESIAN_POINT('',(15.4921875,16.24296875,15.95));
#8809 = VECTOR('',#8810,1.);
#8810 = DIRECTION('',(0.,0.,1.));
#8811 = PCURVE('',#2536,#8812);
#8812 = DEFINITIONAL_REPRESENTATION('',(#8813),#8817);
#8813 = LINE('',#8814,#8815);
#8814 = CARTESIAN_POINT('',(0.,0.));
#8815 = VECTOR('',#8816,1.);
#8816 = DIRECTION('',(0.,-1.));
#8817 = ( GEOMETRIC_REPRESENTATION_CONTEXT(2) 
PARAMETRIC_REPRESENTATION_CONTEXT() REPRESENTATION_CONTEXT('2D SPACE',''
  ) );
#8818 = PCURVE('',#2477,#8819);
#8819 = DEFINITIONAL_REPRESENTATION('',(#8820),#8824);
#8820 = LINE('',#8821,#8822);
#8821 = CARTESIAN_POINT('',(1.,0.));
#8822 = VECTOR('',#8823,1.);
#8823 = DIRECTION('',(0.,-1.));
#8824 = ( GEOMETRIC_REPRESENTATION_CONTEXT(2) 
PARAMETRIC_REPRESENTATION_CONTEXT() REPRESENTATION_CONTEXT('2D SPACE',''
  ) );
#8825 = ORIENTED_EDGE('',*,*,#8826,.T.);
#8826 = EDGE_CURVE('',#8804,#8755,#8827,.T.);
#8827 = SURFACE_CURVE('',#8828,(#8832,#8839),.PCURVE_S1.);
#8828 = B_SPLINE_CURVE_WITH_KNOTS('',2,(#8829,#8830,#8831),
  .UNSPECIFIED.,.F.,.F.,(3,3),(0.,1.),.PIECEWISE_BEZIER_KNOTS.);
#8829 = CARTESIAN_POINT('',(15.4921875,16.24296875,16.6));
#8830 = CARTESIAN_POINT('',(15.83125,16.24296875,16.6));
#8831 = CARTESIAN_POINT('',(16.025,16.06015625,16.6));
#8832 = PCURVE('',#2536,#8833);
#8833 = DEFINITIONAL_REPRESENTATION('',(#8834),#8838);
#8834 = LINE('',#8835,#8836);
#8835 = CARTESIAN_POINT('',(0.,-0.65));
#8836 = VECTOR('',#8837,1.);
#8837 = DIRECTION('',(1.,0.));
#8838 = ( GEOMETRIC_REPRESENTATION_CONTEXT(2) 
PARAMETRIC_REPRESENTATION_CONTEXT() REPRESENTATION_CONTEXT('2D SPACE',''
  ) );
#8839 = PCURVE('',#8472,#8840);
#8840 = DEFINITIONAL_REPRESENTATION('',(#8841),#8845);
#8841 = B_SPLINE_CURVE_WITH_KNOTS('',2,(#8842,#8843,#8844),
  .UNSPECIFIED.,.F.,.F.,(3,3),(0.,1.),.PIECEWISE_BEZIER_KNOTS.);
#8842 = CARTESIAN_POINT('',(0.8921875,2.3));
#8843 = CARTESIAN_POINT('',(1.23125,2.3));
#8844 = CARTESIAN_POINT('',(1.425,2.1171875));
#8845 = ( GEOMETRIC_REPRESENTATION_CONTEXT(2) 
PARAMETRIC_REPRESENTATION_CONTEXT() REPRESENTATION_CONTEXT('2D SPACE',''
  ) );
#8846 = ORIENTED_EDGE('',*,*,#8754,.F.);
#8847 = ADVANCED_FACE('',(#8848),#2477,.T.);
#8848 = FACE_BOUND('',#8849,.T.);
#8849 = EDGE_LOOP('',(#8850,#8851,#8874,#8895));
#8850 = ORIENTED_EDGE('',*,*,#2447,.T.);
#8851 = ORIENTED_EDGE('',*,*,#8852,.T.);
#8852 = EDGE_CURVE('',#2385,#8853,#8855,.T.);
#8853 = VERTEX_POINT('',#8854);
#8854 = CARTESIAN_POINT('',(14.9765625,16.08515625,16.6));
#8855 = SURFACE_CURVE('',#8856,(#8860,#8867),.PCURVE_S1.);
#8856 = LINE('',#8857,#8858);
#8857 = CARTESIAN_POINT('',(14.9765625,16.08515625,15.95));
#8858 = VECTOR('',#8859,1.);
#8859 = DIRECTION('',(0.,0.,1.));
#8860 = PCURVE('',#2477,#8861);
#8861 = DEFINITIONAL_REPRESENTATION('',(#8862),#8866);
#8862 = LINE('',#8863,#8864);
#8863 = CARTESIAN_POINT('',(0.,0.));
#8864 = VECTOR('',#8865,1.);
#8865 = DIRECTION('',(0.,-1.));
#8866 = ( GEOMETRIC_REPRESENTATION_CONTEXT(2) 
PARAMETRIC_REPRESENTATION_CONTEXT() REPRESENTATION_CONTEXT('2D SPACE',''
  ) );
#8867 = PCURVE('',#2422,#8868);
#8868 = DEFINITIONAL_REPRESENTATION('',(#8869),#8873);
#8869 = LINE('',#8870,#8871);
#8870 = CARTESIAN_POINT('',(1.,0.));
#8871 = VECTOR('',#8872,1.);
#8872 = DIRECTION('',(0.,-1.));
#8873 = ( GEOMETRIC_REPRESENTATION_CONTEXT(2) 
PARAMETRIC_REPRESENTATION_CONTEXT() REPRESENTATION_CONTEXT('2D SPACE',''
  ) );
#8874 = ORIENTED_EDGE('',*,*,#8875,.T.);
#8875 = EDGE_CURVE('',#8853,#8804,#8876,.T.);
#8876 = SURFACE_CURVE('',#8877,(#8881,#8888),.PCURVE_S1.);
#8877 = B_SPLINE_CURVE_WITH_KNOTS('',2,(#8878,#8879,#8880),
  .UNSPECIFIED.,.F.,.F.,(3,3),(0.,1.),.PIECEWISE_BEZIER_KNOTS.);
#8878 = CARTESIAN_POINT('',(14.9765625,16.08515625,16.6));
#8879 = CARTESIAN_POINT('',(15.1828125,16.24296875,16.6));
#8880 = CARTESIAN_POINT('',(15.4921875,16.24296875,16.6));
#8881 = PCURVE('',#2477,#8882);
#8882 = DEFINITIONAL_REPRESENTATION('',(#8883),#8887);
#8883 = LINE('',#8884,#8885);
#8884 = CARTESIAN_POINT('',(0.,-0.65));
#8885 = VECTOR('',#8886,1.);
#8886 = DIRECTION('',(1.,0.));
#8887 = ( GEOMETRIC_REPRESENTATION_CONTEXT(2) 
PARAMETRIC_REPRESENTATION_CONTEXT() REPRESENTATION_CONTEXT('2D SPACE',''
  ) );
#8888 = PCURVE('',#8472,#8889);
#8889 = DEFINITIONAL_REPRESENTATION('',(#8890),#8894);
#8890 = B_SPLINE_CURVE_WITH_KNOTS('',2,(#8891,#8892,#8893),
  .UNSPECIFIED.,.F.,.F.,(3,3),(0.,1.),.PIECEWISE_BEZIER_KNOTS.);
#8891 = CARTESIAN_POINT('',(0.3765625,2.1421875));
#8892 = CARTESIAN_POINT('',(0.5828125,2.3));
#8893 = CARTESIAN_POINT('',(0.8921875,2.3));
#8894 = ( GEOMETRIC_REPRESENTATION_CONTEXT(2) 
PARAMETRIC_REPRESENTATION_CONTEXT() REPRESENTATION_CONTEXT('2D SPACE',''
  ) );
#8895 = ORIENTED_EDGE('',*,*,#8803,.F.);
#8896 = ADVANCED_FACE('',(#8897),#2422,.T.);
#8897 = FACE_BOUND('',#8898,.T.);
#8898 = EDGE_LOOP('',(#8899,#8900,#8923,#8944));
#8899 = ORIENTED_EDGE('',*,*,#2384,.T.);
#8900 = ORIENTED_EDGE('',*,*,#8901,.T.);
#8901 = EDGE_CURVE('',#2359,#8902,#8904,.T.);
#8902 = VERTEX_POINT('',#8903);
#8903 = CARTESIAN_POINT('',(14.73125,15.56484375,16.6));
#8904 = SURFACE_CURVE('',#8905,(#8909,#8916),.PCURVE_S1.);
#8905 = LINE('',#8906,#8907);
#8906 = CARTESIAN_POINT('',(14.73125,15.56484375,15.95));
#8907 = VECTOR('',#8908,1.);
#8908 = DIRECTION('',(0.,0.,1.));
#8909 = PCURVE('',#2422,#8910);
#8910 = DEFINITIONAL_REPRESENTATION('',(#8911),#8915);
#8911 = LINE('',#8912,#8913);
#8912 = CARTESIAN_POINT('',(0.,0.));
#8913 = VECTOR('',#8914,1.);
#8914 = DIRECTION('',(0.,-1.));
#8915 = ( GEOMETRIC_REPRESENTATION_CONTEXT(2) 
PARAMETRIC_REPRESENTATION_CONTEXT() REPRESENTATION_CONTEXT('2D SPACE',''
  ) );
#8916 = PCURVE('',#2373,#8917);
#8917 = DEFINITIONAL_REPRESENTATION('',(#8918),#8922);
#8918 = LINE('',#8919,#8920);
#8919 = CARTESIAN_POINT('',(0.439682058424,0.));
#8920 = VECTOR('',#8921,1.);
#8921 = DIRECTION('',(0.,-1.));
#8922 = ( GEOMETRIC_REPRESENTATION_CONTEXT(2) 
PARAMETRIC_REPRESENTATION_CONTEXT() REPRESENTATION_CONTEXT('2D SPACE',''
  ) );
#8923 = ORIENTED_EDGE('',*,*,#8924,.T.);
#8924 = EDGE_CURVE('',#8902,#8853,#8925,.T.);
#8925 = SURFACE_CURVE('',#8926,(#8930,#8937),.PCURVE_S1.);
#8926 = B_SPLINE_CURVE_WITH_KNOTS('',2,(#8927,#8928,#8929),
  .UNSPECIFIED.,.F.,.F.,(3,3),(0.,1.),.PIECEWISE_BEZIER_KNOTS.);
#8927 = CARTESIAN_POINT('',(14.73125,15.56484375,16.6));
#8928 = CARTESIAN_POINT('',(14.7703125,15.92734375,16.6));
#8929 = CARTESIAN_POINT('',(14.9765625,16.08515625,16.6));
#8930 = PCURVE('',#2422,#8931);
#8931 = DEFINITIONAL_REPRESENTATION('',(#8932),#8936);
#8932 = LINE('',#8933,#8934);
#8933 = CARTESIAN_POINT('',(0.,-0.65));
#8934 = VECTOR('',#8935,1.);
#8935 = DIRECTION('',(1.,0.));
#8936 = ( GEOMETRIC_REPRESENTATION_CONTEXT(2) 
PARAMETRIC_REPRESENTATION_CONTEXT() REPRESENTATION_CONTEXT('2D SPACE',''
  ) );
#8937 = PCURVE('',#8472,#8938);
#8938 = DEFINITIONAL_REPRESENTATION('',(#8939),#8943);
#8939 = B_SPLINE_CURVE_WITH_KNOTS('',2,(#8940,#8941,#8942),
  .UNSPECIFIED.,.F.,.F.,(3,3),(0.,1.),.PIECEWISE_BEZIER_KNOTS.);
#8940 = CARTESIAN_POINT('',(0.13125,1.621875));
#8941 = CARTESIAN_POINT('',(0.1703125,1.984375));
#8942 = CARTESIAN_POINT('',(0.3765625,2.1421875));
#8943 = ( GEOMETRIC_REPRESENTATION_CONTEXT(2) 
PARAMETRIC_REPRESENTATION_CONTEXT() REPRESENTATION_CONTEXT('2D SPACE',''
  ) );
#8944 = ORIENTED_EDGE('',*,*,#8852,.F.);
#8945 = ADVANCED_FACE('',(#8946),#2373,.T.);
#8946 = FACE_BOUND('',#8947,.T.);
#8947 = EDGE_LOOP('',(#8948,#8949,#8972,#8993));
#8948 = ORIENTED_EDGE('',*,*,#2358,.T.);
#8949 = ORIENTED_EDGE('',*,*,#8950,.T.);
#8950 = EDGE_CURVE('',#2320,#8951,#8953,.T.);
#8951 = VERTEX_POINT('',#8952);
#8952 = CARTESIAN_POINT('',(15.16875,15.52109375,16.6));
#8953 = SURFACE_CURVE('',#8954,(#8958,#8965),.PCURVE_S1.);
#8954 = LINE('',#8955,#8956);
#8955 = CARTESIAN_POINT('',(15.16875,15.52109375,15.95));
#8956 = VECTOR('',#8957,1.);
#8957 = DIRECTION('',(0.,0.,1.));
#8958 = PCURVE('',#2373,#8959);
#8959 = DEFINITIONAL_REPRESENTATION('',(#8960),#8964);
#8960 = LINE('',#8961,#8962);
#8961 = CARTESIAN_POINT('',(0.,0.));
#8962 = VECTOR('',#8963,1.);
#8963 = DIRECTION('',(0.,-1.));
#8964 = ( GEOMETRIC_REPRESENTATION_CONTEXT(2) 
PARAMETRIC_REPRESENTATION_CONTEXT() REPRESENTATION_CONTEXT('2D SPACE',''
  ) );
#8965 = PCURVE('',#2341,#8966);
#8966 = DEFINITIONAL_REPRESENTATION('',(#8967),#8971);
#8967 = LINE('',#8968,#8969);
#8968 = CARTESIAN_POINT('',(1.,0.));
#8969 = VECTOR('',#8970,1.);
#8970 = DIRECTION('',(0.,-1.));
#8971 = ( GEOMETRIC_REPRESENTATION_CONTEXT(2) 
PARAMETRIC_REPRESENTATION_CONTEXT() REPRESENTATION_CONTEXT('2D SPACE',''
  ) );
#8972 = ORIENTED_EDGE('',*,*,#8973,.T.);
#8973 = EDGE_CURVE('',#8951,#8902,#8974,.T.);
#8974 = SURFACE_CURVE('',#8975,(#8979,#8986),.PCURVE_S1.);
#8975 = LINE('',#8976,#8977);
#8976 = CARTESIAN_POINT('',(15.16875,15.52109375,16.6));
#8977 = VECTOR('',#8978,1.);
#8978 = DIRECTION('',(-0.99503719021,9.9503719021E-02,0.));
#8979 = PCURVE('',#2373,#8980);
#8980 = DEFINITIONAL_REPRESENTATION('',(#8981),#8985);
#8981 = LINE('',#8982,#8983);
#8982 = CARTESIAN_POINT('',(0.,-0.65));
#8983 = VECTOR('',#8984,1.);
#8984 = DIRECTION('',(1.,0.));
#8985 = ( GEOMETRIC_REPRESENTATION_CONTEXT(2) 
PARAMETRIC_REPRESENTATION_CONTEXT() REPRESENTATION_CONTEXT('2D SPACE',''
  ) );
#8986 = PCURVE('',#8472,#8987);
#8987 = DEFINITIONAL_REPRESENTATION('',(#8988),#8992);
#8988 = LINE('',#8989,#8990);
#8989 = CARTESIAN_POINT('',(0.56875,1.578125));
#8990 = VECTOR('',#8991,1.);
#8991 = DIRECTION('',(-0.99503719021,9.9503719021E-02));
#8992 = ( GEOMETRIC_REPRESENTATION_CONTEXT(2) 
PARAMETRIC_REPRESENTATION_CONTEXT() REPRESENTATION_CONTEXT('2D SPACE',''
  ) );
#8993 = ORIENTED_EDGE('',*,*,#8901,.F.);
#8994 = ADVANCED_FACE('',(#8995),#2341,.T.);
#8995 = FACE_BOUND('',#8996,.T.);
#8996 = EDGE_LOOP('',(#8997,#8998,#9021,#9042));
#8997 = ORIENTED_EDGE('',*,*,#2319,.T.);
#8998 = ORIENTED_EDGE('',*,*,#8999,.T.);
#8999 = EDGE_CURVE('',#2269,#9000,#9002,.T.);
#9000 = VERTEX_POINT('',#9001);
#9001 = CARTESIAN_POINT('',(15.2625,15.79609375,16.6));
#9002 = SURFACE_CURVE('',#9003,(#9007,#9014),.PCURVE_S1.);
#9003 = LINE('',#9004,#9005);
#9004 = CARTESIAN_POINT('',(15.2625,15.79609375,15.95));
#9005 = VECTOR('',#9006,1.);
#9006 = DIRECTION('',(0.,0.,1.));
#9007 = PCURVE('',#2341,#9008);
#9008 = DEFINITIONAL_REPRESENTATION('',(#9009),#9013);
#9009 = LINE('',#9010,#9011);
#9010 = CARTESIAN_POINT('',(0.,0.));
#9011 = VECTOR('',#9012,1.);
#9012 = DIRECTION('',(0.,-1.));
#9013 = ( GEOMETRIC_REPRESENTATION_CONTEXT(2) 
PARAMETRIC_REPRESENTATION_CONTEXT() REPRESENTATION_CONTEXT('2D SPACE',''
  ) );
#9014 = PCURVE('',#2298,#9015);
#9015 = DEFINITIONAL_REPRESENTATION('',(#9016),#9020);
#9016 = LINE('',#9017,#9018);
#9017 = CARTESIAN_POINT('',(1.,0.));
#9018 = VECTOR('',#9019,1.);
#9019 = DIRECTION('',(0.,-1.));
#9020 = ( GEOMETRIC_REPRESENTATION_CONTEXT(2) 
PARAMETRIC_REPRESENTATION_CONTEXT() REPRESENTATION_CONTEXT('2D SPACE',''
  ) );
#9021 = ORIENTED_EDGE('',*,*,#9022,.T.);
#9022 = EDGE_CURVE('',#9000,#8951,#9023,.T.);
#9023 = SURFACE_CURVE('',#9024,(#9028,#9035),.PCURVE_S1.);
#9024 = B_SPLINE_CURVE_WITH_KNOTS('',2,(#9025,#9026,#9027),
  .UNSPECIFIED.,.F.,.F.,(3,3),(0.,1.),.PIECEWISE_BEZIER_KNOTS.);
#9025 = CARTESIAN_POINT('',(15.2625,15.79609375,16.6));
#9026 = CARTESIAN_POINT('',(15.18125,15.71328125,16.6));
#9027 = CARTESIAN_POINT('',(15.16875,15.52109375,16.6));
#9028 = PCURVE('',#2341,#9029);
#9029 = DEFINITIONAL_REPRESENTATION('',(#9030),#9034);
#9030 = LINE('',#9031,#9032);
#9031 = CARTESIAN_POINT('',(0.,-0.65));
#9032 = VECTOR('',#9033,1.);
#9033 = DIRECTION('',(1.,0.));
#9034 = ( GEOMETRIC_REPRESENTATION_CONTEXT(2) 
PARAMETRIC_REPRESENTATION_CONTEXT() REPRESENTATION_CONTEXT('2D SPACE',''
  ) );
#9035 = PCURVE('',#8472,#9036);
#9036 = DEFINITIONAL_REPRESENTATION('',(#9037),#9041);
#9037 = B_SPLINE_CURVE_WITH_KNOTS('',2,(#9038,#9039,#9040),
  .UNSPECIFIED.,.F.,.F.,(3,3),(0.,1.),.PIECEWISE_BEZIER_KNOTS.);
#9038 = CARTESIAN_POINT('',(0.6625,1.853125));
#9039 = CARTESIAN_POINT('',(0.58125,1.7703125));
#9040 = CARTESIAN_POINT('',(0.56875,1.578125));
#9041 = ( GEOMETRIC_REPRESENTATION_CONTEXT(2) 
PARAMETRIC_REPRESENTATION_CONTEXT() REPRESENTATION_CONTEXT('2D SPACE',''
  ) );
#9042 = ORIENTED_EDGE('',*,*,#8950,.F.);
#9043 = ADVANCED_FACE('',(#9044),#2298,.T.);
#9044 = FACE_BOUND('',#9045,.T.);
#9045 = EDGE_LOOP('',(#9046,#9047,#9070,#9091));
#9046 = ORIENTED_EDGE('',*,*,#2268,.T.);
#9047 = ORIENTED_EDGE('',*,*,#9048,.T.);
#9048 = EDGE_CURVE('',#2218,#9049,#9051,.T.);
#9049 = VERTEX_POINT('',#9050);
#9050 = CARTESIAN_POINT('',(15.48125,15.87890625,16.6));
#9051 = SURFACE_CURVE('',#9052,(#9056,#9063),.PCURVE_S1.);
#9052 = LINE('',#9053,#9054);
#9053 = CARTESIAN_POINT('',(15.48125,15.87890625,15.95));
#9054 = VECTOR('',#9055,1.);
#9055 = DIRECTION('',(0.,0.,1.));
#9056 = PCURVE('',#2298,#9057);
#9057 = DEFINITIONAL_REPRESENTATION('',(#9058),#9062);
#9058 = LINE('',#9059,#9060);
#9059 = CARTESIAN_POINT('',(0.,0.));
#9060 = VECTOR('',#9061,1.);
#9061 = DIRECTION('',(0.,-1.));
#9062 = ( GEOMETRIC_REPRESENTATION_CONTEXT(2) 
PARAMETRIC_REPRESENTATION_CONTEXT() REPRESENTATION_CONTEXT('2D SPACE',''
  ) );
#9063 = PCURVE('',#2247,#9064);
#9064 = DEFINITIONAL_REPRESENTATION('',(#9065),#9069);
#9065 = LINE('',#9066,#9067);
#9066 = CARTESIAN_POINT('',(1.,0.));
#9067 = VECTOR('',#9068,1.);
#9068 = DIRECTION('',(0.,-1.));
#9069 = ( GEOMETRIC_REPRESENTATION_CONTEXT(2) 
PARAMETRIC_REPRESENTATION_CONTEXT() REPRESENTATION_CONTEXT('2D SPACE',''
  ) );
#9070 = ORIENTED_EDGE('',*,*,#9071,.T.);
#9071 = EDGE_CURVE('',#9049,#9000,#9072,.T.);
#9072 = SURFACE_CURVE('',#9073,(#9077,#9084),.PCURVE_S1.);
#9073 = B_SPLINE_CURVE_WITH_KNOTS('',2,(#9074,#9075,#9076),
  .UNSPECIFIED.,.F.,.F.,(3,3),(0.,1.),.PIECEWISE_BEZIER_KNOTS.);
#9074 = CARTESIAN_POINT('',(15.48125,15.87890625,16.6));
#9075 = CARTESIAN_POINT('',(15.34375,15.87890625,16.6));
#9076 = CARTESIAN_POINT('',(15.2625,15.79609375,16.6));
#9077 = PCURVE('',#2298,#9078);
#9078 = DEFINITIONAL_REPRESENTATION('',(#9079),#9083);
#9079 = LINE('',#9080,#9081);
#9080 = CARTESIAN_POINT('',(0.,-0.65));
#9081 = VECTOR('',#9082,1.);
#9082 = DIRECTION('',(1.,0.));
#9083 = ( GEOMETRIC_REPRESENTATION_CONTEXT(2) 
PARAMETRIC_REPRESENTATION_CONTEXT() REPRESENTATION_CONTEXT('2D SPACE',''
  ) );
#9084 = PCURVE('',#8472,#9085);
#9085 = DEFINITIONAL_REPRESENTATION('',(#9086),#9090);
#9086 = B_SPLINE_CURVE_WITH_KNOTS('',2,(#9087,#9088,#9089),
  .UNSPECIFIED.,.F.,.F.,(3,3),(0.,1.),.PIECEWISE_BEZIER_KNOTS.);
#9087 = CARTESIAN_POINT('',(0.88125,1.9359375));
#9088 = CARTESIAN_POINT('',(0.74375,1.9359375));
#9089 = CARTESIAN_POINT('',(0.6625,1.853125));
#9090 = ( GEOMETRIC_REPRESENTATION_CONTEXT(2) 
PARAMETRIC_REPRESENTATION_CONTEXT() REPRESENTATION_CONTEXT('2D SPACE',''
  ) );
#9091 = ORIENTED_EDGE('',*,*,#8999,.F.);
#9092 = ADVANCED_FACE('',(#9093),#2247,.T.);
#9093 = FACE_BOUND('',#9094,.T.);
#9094 = EDGE_LOOP('',(#9095,#9096,#9119,#9140));
#9095 = ORIENTED_EDGE('',*,*,#2217,.T.);
#9096 = ORIENTED_EDGE('',*,*,#9097,.T.);
#9097 = EDGE_CURVE('',#2167,#9098,#9100,.T.);
#9098 = VERTEX_POINT('',#9099);
#9099 = CARTESIAN_POINT('',(15.69921875,15.8,16.6));
#9100 = SURFACE_CURVE('',#9101,(#9105,#9112),.PCURVE_S1.);
#9101 = LINE('',#9102,#9103);
#9102 = CARTESIAN_POINT('',(15.69921875,15.8,15.95));
#9103 = VECTOR('',#9104,1.);
#9104 = DIRECTION('',(0.,0.,1.));
#9105 = PCURVE('',#2247,#9106);
#9106 = DEFINITIONAL_REPRESENTATION('',(#9107),#9111);
#9107 = LINE('',#9108,#9109);
#9108 = CARTESIAN_POINT('',(0.,0.));
#9109 = VECTOR('',#9110,1.);
#9110 = DIRECTION('',(0.,-1.));
#9111 = ( GEOMETRIC_REPRESENTATION_CONTEXT(2) 
PARAMETRIC_REPRESENTATION_CONTEXT() REPRESENTATION_CONTEXT('2D SPACE',''
  ) );
#9112 = PCURVE('',#2196,#9113);
#9113 = DEFINITIONAL_REPRESENTATION('',(#9114),#9118);
#9114 = LINE('',#9115,#9116);
#9115 = CARTESIAN_POINT('',(1.,0.));
#9116 = VECTOR('',#9117,1.);
#9117 = DIRECTION('',(0.,-1.));
#9118 = ( GEOMETRIC_REPRESENTATION_CONTEXT(2) 
PARAMETRIC_REPRESENTATION_CONTEXT() REPRESENTATION_CONTEXT('2D SPACE',''
  ) );
#9119 = ORIENTED_EDGE('',*,*,#9120,.T.);
#9120 = EDGE_CURVE('',#9098,#9049,#9121,.T.);
#9121 = SURFACE_CURVE('',#9122,(#9126,#9133),.PCURVE_S1.);
#9122 = B_SPLINE_CURVE_WITH_KNOTS('',2,(#9123,#9124,#9125),
  .UNSPECIFIED.,.F.,.F.,(3,3),(0.,1.),.PIECEWISE_BEZIER_KNOTS.);
#9123 = CARTESIAN_POINT('',(15.69921875,15.8,16.6));
#9124 = CARTESIAN_POINT('',(15.6203125,15.87890625,16.6));
#9125 = CARTESIAN_POINT('',(15.48125,15.87890625,16.6));
#9126 = PCURVE('',#2247,#9127);
#9127 = DEFINITIONAL_REPRESENTATION('',(#9128),#9132);
#9128 = LINE('',#9129,#9130);
#9129 = CARTESIAN_POINT('',(0.,-0.65));
#9130 = VECTOR('',#9131,1.);
#9131 = DIRECTION('',(1.,0.));
#9132 = ( GEOMETRIC_REPRESENTATION_CONTEXT(2) 
PARAMETRIC_REPRESENTATION_CONTEXT() REPRESENTATION_CONTEXT('2D SPACE',''
  ) );
#9133 = PCURVE('',#8472,#9134);
#9134 = DEFINITIONAL_REPRESENTATION('',(#9135),#9139);
#9135 = B_SPLINE_CURVE_WITH_KNOTS('',2,(#9136,#9137,#9138),
  .UNSPECIFIED.,.F.,.F.,(3,3),(0.,1.),.PIECEWISE_BEZIER_KNOTS.);
#9136 = CARTESIAN_POINT('',(1.09921875,1.85703125));
#9137 = CARTESIAN_POINT('',(1.0203125,1.9359375));
#9138 = CARTESIAN_POINT('',(0.88125,1.9359375));
#9139 = ( GEOMETRIC_REPRESENTATION_CONTEXT(2) 
PARAMETRIC_REPRESENTATION_CONTEXT() REPRESENTATION_CONTEXT('2D SPACE',''
  ) );
#9140 = ORIENTED_EDGE('',*,*,#9048,.F.);
#9141 = ADVANCED_FACE('',(#9142),#2196,.T.);
#9142 = FACE_BOUND('',#9143,.T.);
#9143 = EDGE_LOOP('',(#9144,#9145,#9168,#9189));
#9144 = ORIENTED_EDGE('',*,*,#2166,.T.);
#9145 = ORIENTED_EDGE('',*,*,#9146,.T.);
#9146 = EDGE_CURVE('',#2128,#9147,#9149,.T.);
#9147 = VERTEX_POINT('',#9148);
#9148 = CARTESIAN_POINT('',(15.778125,15.57421875,16.6));
#9149 = SURFACE_CURVE('',#9150,(#9154,#9161),.PCURVE_S1.);
#9150 = LINE('',#9151,#9152);
#9151 = CARTESIAN_POINT('',(15.778125,15.57421875,15.95));
#9152 = VECTOR('',#9153,1.);
#9153 = DIRECTION('',(0.,0.,1.));
#9154 = PCURVE('',#2196,#9155);
#9155 = DEFINITIONAL_REPRESENTATION('',(#9156),#9160);
#9156 = LINE('',#9157,#9158);
#9157 = CARTESIAN_POINT('',(0.,0.));
#9158 = VECTOR('',#9159,1.);
#9159 = DIRECTION('',(0.,-1.));
#9160 = ( GEOMETRIC_REPRESENTATION_CONTEXT(2) 
PARAMETRIC_REPRESENTATION_CONTEXT() REPRESENTATION_CONTEXT('2D SPACE',''
  ) );
#9161 = PCURVE('',#2149,#9162);
#9162 = DEFINITIONAL_REPRESENTATION('',(#9163),#9167);
#9163 = LINE('',#9164,#9165);
#9164 = CARTESIAN_POINT('',(1.,0.));
#9165 = VECTOR('',#9166,1.);
#9166 = DIRECTION('',(0.,-1.));
#9167 = ( GEOMETRIC_REPRESENTATION_CONTEXT(2) 
PARAMETRIC_REPRESENTATION_CONTEXT() REPRESENTATION_CONTEXT('2D SPACE',''
  ) );
#9168 = ORIENTED_EDGE('',*,*,#9169,.T.);
#9169 = EDGE_CURVE('',#9147,#9098,#9170,.T.);
#9170 = SURFACE_CURVE('',#9171,(#9175,#9182),.PCURVE_S1.);
#9171 = B_SPLINE_CURVE_WITH_KNOTS('',2,(#9172,#9173,#9174),
  .UNSPECIFIED.,.F.,.F.,(3,3),(0.,1.),.PIECEWISE_BEZIER_KNOTS.);
#9172 = CARTESIAN_POINT('',(15.778125,15.57421875,16.6));
#9173 = CARTESIAN_POINT('',(15.778125,15.72109375,16.6));
#9174 = CARTESIAN_POINT('',(15.69921875,15.8,16.6));
#9175 = PCURVE('',#2196,#9176);
#9176 = DEFINITIONAL_REPRESENTATION('',(#9177),#9181);
#9177 = LINE('',#9178,#9179);
#9178 = CARTESIAN_POINT('',(0.,-0.65));
#9179 = VECTOR('',#9180,1.);
#9180 = DIRECTION('',(1.,0.));
#9181 = ( GEOMETRIC_REPRESENTATION_CONTEXT(2) 
PARAMETRIC_REPRESENTATION_CONTEXT() REPRESENTATION_CONTEXT('2D SPACE',''
  ) );
#9182 = PCURVE('',#8472,#9183);
#9183 = DEFINITIONAL_REPRESENTATION('',(#9184),#9188);
#9184 = B_SPLINE_CURVE_WITH_KNOTS('',2,(#9185,#9186,#9187),
  .UNSPECIFIED.,.F.,.F.,(3,3),(0.,1.),.PIECEWISE_BEZIER_KNOTS.);
#9185 = CARTESIAN_POINT('',(1.178125,1.63125));
#9186 = CARTESIAN_POINT('',(1.178125,1.778125));
#9187 = CARTESIAN_POINT('',(1.09921875,1.85703125));
#9188 = ( GEOMETRIC_REPRESENTATION_CONTEXT(2) 
PARAMETRIC_REPRESENTATION_CONTEXT() REPRESENTATION_CONTEXT('2D SPACE',''
  ) );
#9189 = ORIENTED_EDGE('',*,*,#9097,.F.);
#9190 = ADVANCED_FACE('',(#9191),#2149,.T.);
#9191 = FACE_BOUND('',#9192,.T.);
#9192 = EDGE_LOOP('',(#9193,#9194,#9217,#9238));
#9193 = ORIENTED_EDGE('',*,*,#2127,.T.);
#9194 = ORIENTED_EDGE('',*,*,#9195,.T.);
#9195 = EDGE_CURVE('',#2083,#9196,#9198,.T.);
#9196 = VERTEX_POINT('',#9197);
#9197 = CARTESIAN_POINT('',(15.6875,15.30546875,16.6));
#9198 = SURFACE_CURVE('',#9199,(#9203,#9210),.PCURVE_S1.);
#9199 = LINE('',#9200,#9201);
#9200 = CARTESIAN_POINT('',(15.6875,15.30546875,15.95));
#9201 = VECTOR('',#9202,1.);
#9202 = DIRECTION('',(0.,0.,1.));
#9203 = PCURVE('',#2149,#9204);
#9204 = DEFINITIONAL_REPRESENTATION('',(#9205),#9209);
#9205 = LINE('',#9206,#9207);
#9206 = CARTESIAN_POINT('',(0.,0.));
#9207 = VECTOR('',#9208,1.);
#9208 = DIRECTION('',(0.,-1.));
#9209 = ( GEOMETRIC_REPRESENTATION_CONTEXT(2) 
PARAMETRIC_REPRESENTATION_CONTEXT() REPRESENTATION_CONTEXT('2D SPACE',''
  ) );
#9210 = PCURVE('',#2108,#9211);
#9211 = DEFINITIONAL_REPRESENTATION('',(#9212),#9216);
#9212 = LINE('',#9213,#9214);
#9213 = CARTESIAN_POINT('',(1.,0.));
#9214 = VECTOR('',#9215,1.);
#9215 = DIRECTION('',(0.,-1.));
#9216 = ( GEOMETRIC_REPRESENTATION_CONTEXT(2) 
PARAMETRIC_REPRESENTATION_CONTEXT() REPRESENTATION_CONTEXT('2D SPACE',''
  ) );
#9217 = ORIENTED_EDGE('',*,*,#9218,.T.);
#9218 = EDGE_CURVE('',#9196,#9147,#9219,.T.);
#9219 = SURFACE_CURVE('',#9220,(#9224,#9231),.PCURVE_S1.);
#9220 = B_SPLINE_CURVE_WITH_KNOTS('',2,(#9221,#9222,#9223),
  .UNSPECIFIED.,.F.,.F.,(3,3),(0.,1.),.PIECEWISE_BEZIER_KNOTS.);
#9221 = CARTESIAN_POINT('',(15.6875,15.30546875,16.6));
#9222 = CARTESIAN_POINT('',(15.778125,15.44140625,16.6));
#9223 = CARTESIAN_POINT('',(15.778125,15.57421875,16.6));
#9224 = PCURVE('',#2149,#9225);
#9225 = DEFINITIONAL_REPRESENTATION('',(#9226),#9230);
#9226 = LINE('',#9227,#9228);
#9227 = CARTESIAN_POINT('',(0.,-0.65));
#9228 = VECTOR('',#9229,1.);
#9229 = DIRECTION('',(1.,0.));
#9230 = ( GEOMETRIC_REPRESENTATION_CONTEXT(2) 
PARAMETRIC_REPRESENTATION_CONTEXT() REPRESENTATION_CONTEXT('2D SPACE',''
  ) );
#9231 = PCURVE('',#8472,#9232);
#9232 = DEFINITIONAL_REPRESENTATION('',(#9233),#9237);
#9233 = B_SPLINE_CURVE_WITH_KNOTS('',2,(#9234,#9235,#9236),
  .UNSPECIFIED.,.F.,.F.,(3,3),(0.,1.),.PIECEWISE_BEZIER_KNOTS.);
#9234 = CARTESIAN_POINT('',(1.0875,1.3625));
#9235 = CARTESIAN_POINT('',(1.178125,1.4984375));
#9236 = CARTESIAN_POINT('',(1.178125,1.63125));
#9237 = ( GEOMETRIC_REPRESENTATION_CONTEXT(2) 
PARAMETRIC_REPRESENTATION_CONTEXT() REPRESENTATION_CONTEXT('2D SPACE',''
  ) );
#9238 = ORIENTED_EDGE('',*,*,#9146,.F.);
#9239 = ADVANCED_FACE('',(#9240),#2108,.T.);
#9240 = FACE_BOUND('',#9241,.T.);
#9241 = EDGE_LOOP('',(#9242,#9243,#9266,#9287));
#9242 = ORIENTED_EDGE('',*,*,#2082,.T.);
#9243 = ORIENTED_EDGE('',*,*,#9244,.T.);
#9244 = EDGE_CURVE('',#2038,#9245,#9247,.T.);
#9245 = VERTEX_POINT('',#9246);
#9246 = CARTESIAN_POINT('',(15.3234375,14.93046875,16.6));
#9247 = SURFACE_CURVE('',#9248,(#9252,#9259),.PCURVE_S1.);
#9248 = LINE('',#9249,#9250);
#9249 = CARTESIAN_POINT('',(15.3234375,14.93046875,15.95));
#9250 = VECTOR('',#9251,1.);
#9251 = DIRECTION('',(0.,0.,1.));
#9252 = PCURVE('',#2108,#9253);
#9253 = DEFINITIONAL_REPRESENTATION('',(#9254),#9258);
#9254 = LINE('',#9255,#9256);
#9255 = CARTESIAN_POINT('',(0.,0.));
#9256 = VECTOR('',#9257,1.);
#9257 = DIRECTION('',(0.,-1.));
#9258 = ( GEOMETRIC_REPRESENTATION_CONTEXT(2) 
PARAMETRIC_REPRESENTATION_CONTEXT() REPRESENTATION_CONTEXT('2D SPACE',''
  ) );
#9259 = PCURVE('',#2063,#9260);
#9260 = DEFINITIONAL_REPRESENTATION('',(#9261),#9265);
#9261 = LINE('',#9262,#9263);
#9262 = CARTESIAN_POINT('',(1.,0.));
#9263 = VECTOR('',#9264,1.);
#9264 = DIRECTION('',(0.,-1.));
#9265 = ( GEOMETRIC_REPRESENTATION_CONTEXT(2) 
PARAMETRIC_REPRESENTATION_CONTEXT() REPRESENTATION_CONTEXT('2D SPACE',''
  ) );
#9266 = ORIENTED_EDGE('',*,*,#9267,.T.);
#9267 = EDGE_CURVE('',#9245,#9196,#9268,.T.);
#9268 = SURFACE_CURVE('',#9269,(#9273,#9280),.PCURVE_S1.);
#9269 = B_SPLINE_CURVE_WITH_KNOTS('',2,(#9270,#9271,#9272),
  .UNSPECIFIED.,.F.,.F.,(3,3),(0.,1.),.PIECEWISE_BEZIER_KNOTS.);
#9270 = CARTESIAN_POINT('',(15.3234375,14.93046875,16.6));
#9271 = CARTESIAN_POINT('',(15.6203125,15.20703125,16.6));
#9272 = CARTESIAN_POINT('',(15.6875,15.30546875,16.6));
#9273 = PCURVE('',#2108,#9274);
#9274 = DEFINITIONAL_REPRESENTATION('',(#9275),#9279);
#9275 = LINE('',#9276,#9277);
#9276 = CARTESIAN_POINT('',(0.,-0.65));
#9277 = VECTOR('',#9278,1.);
#9278 = DIRECTION('',(1.,0.));
#9279 = ( GEOMETRIC_REPRESENTATION_CONTEXT(2) 
PARAMETRIC_REPRESENTATION_CONTEXT() REPRESENTATION_CONTEXT('2D SPACE',''
  ) );
#9280 = PCURVE('',#8472,#9281);
#9281 = DEFINITIONAL_REPRESENTATION('',(#9282),#9286);
#9282 = B_SPLINE_CURVE_WITH_KNOTS('',2,(#9283,#9284,#9285),
  .UNSPECIFIED.,.F.,.F.,(3,3),(0.,1.),.PIECEWISE_BEZIER_KNOTS.);
#9283 = CARTESIAN_POINT('',(0.7234375,0.9875));
#9284 = CARTESIAN_POINT('',(1.0203125,1.2640625));
#9285 = CARTESIAN_POINT('',(1.0875,1.3625));
#9286 = ( GEOMETRIC_REPRESENTATION_CONTEXT(2) 
PARAMETRIC_REPRESENTATION_CONTEXT() REPRESENTATION_CONTEXT('2D SPACE',''
  ) );
#9287 = ORIENTED_EDGE('',*,*,#9195,.F.);
#9288 = ADVANCED_FACE('',(#9289),#2063,.T.);
#9289 = FACE_BOUND('',#9290,.T.);
#9290 = EDGE_LOOP('',(#9291,#9292,#9315,#9336));
#9291 = ORIENTED_EDGE('',*,*,#2037,.T.);
#9292 = ORIENTED_EDGE('',*,*,#9293,.T.);
#9293 = EDGE_CURVE('',#1987,#9294,#9296,.T.);
#9294 = VERTEX_POINT('',#9295);
#9295 = CARTESIAN_POINT('',(14.8296875,14.38125,16.6));
#9296 = SURFACE_CURVE('',#9297,(#9301,#9308),.PCURVE_S1.);
#9297 = LINE('',#9298,#9299);
#9298 = CARTESIAN_POINT('',(14.8296875,14.38125,15.95));
#9299 = VECTOR('',#9300,1.);
#9300 = DIRECTION('',(0.,0.,1.));
#9301 = PCURVE('',#2063,#9302);
#9302 = DEFINITIONAL_REPRESENTATION('',(#9303),#9307);
#9303 = LINE('',#9304,#9305);
#9304 = CARTESIAN_POINT('',(0.,0.));
#9305 = VECTOR('',#9306,1.);
#9306 = DIRECTION('',(0.,-1.));
#9307 = ( GEOMETRIC_REPRESENTATION_CONTEXT(2) 
PARAMETRIC_REPRESENTATION_CONTEXT() REPRESENTATION_CONTEXT('2D SPACE',''
  ) );
#9308 = PCURVE('',#2016,#9309);
#9309 = DEFINITIONAL_REPRESENTATION('',(#9310),#9314);
#9310 = LINE('',#9311,#9312);
#9311 = CARTESIAN_POINT('',(1.,0.));
#9312 = VECTOR('',#9313,1.);
#9313 = DIRECTION('',(0.,-1.));
#9314 = ( GEOMETRIC_REPRESENTATION_CONTEXT(2) 
PARAMETRIC_REPRESENTATION_CONTEXT() REPRESENTATION_CONTEXT('2D SPACE',''
  ) );
#9315 = ORIENTED_EDGE('',*,*,#9316,.T.);
#9316 = EDGE_CURVE('',#9294,#9245,#9317,.T.);
#9317 = SURFACE_CURVE('',#9318,(#9322,#9329),.PCURVE_S1.);
#9318 = B_SPLINE_CURVE_WITH_KNOTS('',2,(#9319,#9320,#9321),
  .UNSPECIFIED.,.F.,.F.,(3,3),(0.,1.),.PIECEWISE_BEZIER_KNOTS.);
#9319 = CARTESIAN_POINT('',(14.8296875,14.38125,16.6));
#9320 = CARTESIAN_POINT('',(14.9546875,14.58828125,16.6));
#9321 = CARTESIAN_POINT('',(15.3234375,14.93046875,16.6));
#9322 = PCURVE('',#2063,#9323);
#9323 = DEFINITIONAL_REPRESENTATION('',(#9324),#9328);
#9324 = LINE('',#9325,#9326);
#9325 = CARTESIAN_POINT('',(0.,-0.65));
#9326 = VECTOR('',#9327,1.);
#9327 = DIRECTION('',(1.,0.));
#9328 = ( GEOMETRIC_REPRESENTATION_CONTEXT(2) 
PARAMETRIC_REPRESENTATION_CONTEXT() REPRESENTATION_CONTEXT('2D SPACE',''
  ) );
#9329 = PCURVE('',#8472,#9330);
#9330 = DEFINITIONAL_REPRESENTATION('',(#9331),#9335);
#9331 = B_SPLINE_CURVE_WITH_KNOTS('',2,(#9332,#9333,#9334),
  .UNSPECIFIED.,.F.,.F.,(3,3),(0.,1.),.PIECEWISE_BEZIER_KNOTS.);
#9332 = CARTESIAN_POINT('',(0.2296875,0.43828125));
#9333 = CARTESIAN_POINT('',(0.3546875,0.6453125));
#9334 = CARTESIAN_POINT('',(0.7234375,0.9875));
#9335 = ( GEOMETRIC_REPRESENTATION_CONTEXT(2) 
PARAMETRIC_REPRESENTATION_CONTEXT() REPRESENTATION_CONTEXT('2D SPACE',''
  ) );
#9336 = ORIENTED_EDGE('',*,*,#9244,.F.);
#9337 = ADVANCED_FACE('',(#9338),#2016,.T.);
#9338 = FACE_BOUND('',#9339,.T.);
#9339 = EDGE_LOOP('',(#9340,#9341,#9364,#9385));
#9340 = ORIENTED_EDGE('',*,*,#1986,.T.);
#9341 = ORIENTED_EDGE('',*,*,#9342,.T.);
#9342 = EDGE_CURVE('',#1961,#9343,#9345,.T.);
#9343 = VERTEX_POINT('',#9344);
#9344 = CARTESIAN_POINT('',(14.6796875,13.94296875,16.6));
#9345 = SURFACE_CURVE('',#9346,(#9350,#9357),.PCURVE_S1.);
#9346 = LINE('',#9347,#9348);
#9347 = CARTESIAN_POINT('',(14.6796875,13.94296875,15.95));
#9348 = VECTOR('',#9349,1.);
#9349 = DIRECTION('',(0.,0.,1.));
#9350 = PCURVE('',#2016,#9351);
#9351 = DEFINITIONAL_REPRESENTATION('',(#9352),#9356);
#9352 = LINE('',#9353,#9354);
#9353 = CARTESIAN_POINT('',(0.,0.));
#9354 = VECTOR('',#9355,1.);
#9355 = DIRECTION('',(0.,-1.));
#9356 = ( GEOMETRIC_REPRESENTATION_CONTEXT(2) 
PARAMETRIC_REPRESENTATION_CONTEXT() REPRESENTATION_CONTEXT('2D SPACE',''
  ) );
#9357 = PCURVE('',#1975,#9358);
#9358 = DEFINITIONAL_REPRESENTATION('',(#9359),#9363);
#9359 = LINE('',#9360,#9361);
#9360 = CARTESIAN_POINT('',(1.5390625,0.));
#9361 = VECTOR('',#9362,1.);
#9362 = DIRECTION('',(0.,-1.));
#9363 = ( GEOMETRIC_REPRESENTATION_CONTEXT(2) 
PARAMETRIC_REPRESENTATION_CONTEXT() REPRESENTATION_CONTEXT('2D SPACE',''
  ) );
#9364 = ORIENTED_EDGE('',*,*,#9365,.T.);
#9365 = EDGE_CURVE('',#9343,#9294,#9366,.T.);
#9366 = SURFACE_CURVE('',#9367,(#9371,#9378),.PCURVE_S1.);
#9367 = B_SPLINE_CURVE_WITH_KNOTS('',2,(#9368,#9369,#9370),
  .UNSPECIFIED.,.F.,.F.,(3,3),(0.,1.),.PIECEWISE_BEZIER_KNOTS.);
#9368 = CARTESIAN_POINT('',(14.6796875,13.94296875,16.6));
#9369 = CARTESIAN_POINT('',(14.7046875,14.17421875,16.6));
#9370 = CARTESIAN_POINT('',(14.8296875,14.38125,16.6));
#9371 = PCURVE('',#2016,#9372);
#9372 = DEFINITIONAL_REPRESENTATION('',(#9373),#9377);
#9373 = LINE('',#9374,#9375);
#9374 = CARTESIAN_POINT('',(0.,-0.65));
#9375 = VECTOR('',#9376,1.);
#9376 = DIRECTION('',(1.,0.));
#9377 = ( GEOMETRIC_REPRESENTATION_CONTEXT(2) 
PARAMETRIC_REPRESENTATION_CONTEXT() REPRESENTATION_CONTEXT('2D SPACE',''
  ) );
#9378 = PCURVE('',#8472,#9379);
#9379 = DEFINITIONAL_REPRESENTATION('',(#9380),#9384);
#9380 = B_SPLINE_CURVE_WITH_KNOTS('',2,(#9381,#9382,#9383),
  .UNSPECIFIED.,.F.,.F.,(3,3),(0.,1.),.PIECEWISE_BEZIER_KNOTS.);
#9381 = CARTESIAN_POINT('',(7.96875E-02,0.));
#9382 = CARTESIAN_POINT('',(0.1046875,0.23125));
#9383 = CARTESIAN_POINT('',(0.2296875,0.43828125));
#9384 = ( GEOMETRIC_REPRESENTATION_CONTEXT(2) 
PARAMETRIC_REPRESENTATION_CONTEXT() REPRESENTATION_CONTEXT('2D SPACE',''
  ) );
#9385 = ORIENTED_EDGE('',*,*,#9293,.F.);
#9386 = ADVANCED_FACE('',(#9387),#1975,.T.);
#9387 = FACE_BOUND('',#9388,.T.);
#9388 = EDGE_LOOP('',(#9389,#9390,#9413,#9434));
#9389 = ORIENTED_EDGE('',*,*,#1960,.T.);
#9390 = ORIENTED_EDGE('',*,*,#9391,.T.);
#9391 = EDGE_CURVE('',#1935,#9392,#9394,.T.);
#9392 = VERTEX_POINT('',#9393);
#9393 = CARTESIAN_POINT('',(16.21875,13.94296875,16.6));
#9394 = SURFACE_CURVE('',#9395,(#9399,#9406),.PCURVE_S1.);
#9395 = LINE('',#9396,#9397);
#9396 = CARTESIAN_POINT('',(16.21875,13.94296875,15.95));
#9397 = VECTOR('',#9398,1.);
#9398 = DIRECTION('',(0.,0.,1.));
#9399 = PCURVE('',#1975,#9400);
#9400 = DEFINITIONAL_REPRESENTATION('',(#9401),#9405);
#9401 = LINE('',#9402,#9403);
#9402 = CARTESIAN_POINT('',(0.,-0.));
#9403 = VECTOR('',#9404,1.);
#9404 = DIRECTION('',(0.,-1.));
#9405 = ( GEOMETRIC_REPRESENTATION_CONTEXT(2) 
PARAMETRIC_REPRESENTATION_CONTEXT() REPRESENTATION_CONTEXT('2D SPACE',''
  ) );
#9406 = PCURVE('',#1949,#9407);
#9407 = DEFINITIONAL_REPRESENTATION('',(#9408),#9412);
#9408 = LINE('',#9409,#9410);
#9409 = CARTESIAN_POINT('',(0.4078125,0.));
#9410 = VECTOR('',#9411,1.);
#9411 = DIRECTION('',(0.,-1.));
#9412 = ( GEOMETRIC_REPRESENTATION_CONTEXT(2) 
PARAMETRIC_REPRESENTATION_CONTEXT() REPRESENTATION_CONTEXT('2D SPACE',''
  ) );
#9413 = ORIENTED_EDGE('',*,*,#9414,.T.);
#9414 = EDGE_CURVE('',#9392,#9343,#9415,.T.);
#9415 = SURFACE_CURVE('',#9416,(#9420,#9427),.PCURVE_S1.);
#9416 = LINE('',#9417,#9418);
#9417 = CARTESIAN_POINT('',(16.21875,13.94296875,16.6));
#9418 = VECTOR('',#9419,1.);
#9419 = DIRECTION('',(-1.,0.,0.));
#9420 = PCURVE('',#1975,#9421);
#9421 = DEFINITIONAL_REPRESENTATION('',(#9422),#9426);
#9422 = LINE('',#9423,#9424);
#9423 = CARTESIAN_POINT('',(0.,-0.65));
#9424 = VECTOR('',#9425,1.);
#9425 = DIRECTION('',(1.,0.));
#9426 = ( GEOMETRIC_REPRESENTATION_CONTEXT(2) 
PARAMETRIC_REPRESENTATION_CONTEXT() REPRESENTATION_CONTEXT('2D SPACE',''
  ) );
#9427 = PCURVE('',#8472,#9428);
#9428 = DEFINITIONAL_REPRESENTATION('',(#9429),#9433);
#9429 = LINE('',#9430,#9431);
#9430 = CARTESIAN_POINT('',(1.61875,0.));
#9431 = VECTOR('',#9432,1.);
#9432 = DIRECTION('',(-1.,0.));
#9433 = ( GEOMETRIC_REPRESENTATION_CONTEXT(2) 
PARAMETRIC_REPRESENTATION_CONTEXT() REPRESENTATION_CONTEXT('2D SPACE',''
  ) );
#9434 = ORIENTED_EDGE('',*,*,#9342,.F.);
#9435 = ADVANCED_FACE('',(#9436),#1949,.T.);
#9436 = FACE_BOUND('',#9437,.T.);
#9437 = EDGE_LOOP('',(#9438,#9439,#9440,#9461));
#9438 = ORIENTED_EDGE('',*,*,#1934,.T.);
#9439 = ORIENTED_EDGE('',*,*,#8484,.T.);
#9440 = ORIENTED_EDGE('',*,*,#9441,.T.);
#9441 = EDGE_CURVE('',#8457,#9392,#9442,.T.);
#9442 = SURFACE_CURVE('',#9443,(#9447,#9454),.PCURVE_S1.);
#9443 = LINE('',#9444,#9445);
#9444 = CARTESIAN_POINT('',(16.21875,14.35078125,16.6));
#9445 = VECTOR('',#9446,1.);
#9446 = DIRECTION('',(0.,-1.,0.));
#9447 = PCURVE('',#1949,#9448);
#9448 = DEFINITIONAL_REPRESENTATION('',(#9449),#9453);
#9449 = LINE('',#9450,#9451);
#9450 = CARTESIAN_POINT('',(0.,-0.65));
#9451 = VECTOR('',#9452,1.);
#9452 = DIRECTION('',(1.,0.));
#9453 = ( GEOMETRIC_REPRESENTATION_CONTEXT(2) 
PARAMETRIC_REPRESENTATION_CONTEXT() REPRESENTATION_CONTEXT('2D SPACE',''
  ) );
#9454 = PCURVE('',#8472,#9455);
#9455 = DEFINITIONAL_REPRESENTATION('',(#9456),#9460);
#9456 = LINE('',#9457,#9458);
#9457 = CARTESIAN_POINT('',(1.61875,0.4078125));
#9458 = VECTOR('',#9459,1.);
#9459 = DIRECTION('',(0.,-1.));
#9460 = ( GEOMETRIC_REPRESENTATION_CONTEXT(2) 
PARAMETRIC_REPRESENTATION_CONTEXT() REPRESENTATION_CONTEXT('2D SPACE',''
  ) );
#9461 = ORIENTED_EDGE('',*,*,#9391,.F.);
#9462 = ADVANCED_FACE('',(#9463),#2833,.T.);
#9463 = FACE_BOUND('',#9464,.T.);
#9464 = EDGE_LOOP('',(#9465,#9495,#9523,#9544,#9545,#9568,#9594,#9620));
#9465 = ORIENTED_EDGE('',*,*,#9466,.F.);
#9466 = EDGE_CURVE('',#9467,#9469,#9471,.T.);
#9467 = VERTEX_POINT('',#9468);
#9468 = CARTESIAN_POINT('',(22.775,11.225,0.2));
#9469 = VERTEX_POINT('',#9470);
#9470 = CARTESIAN_POINT('',(22.775,11.225,3.338491798573));
#9471 = SURFACE_CURVE('',#9472,(#9476,#9483),.PCURVE_S1.);
#9472 = LINE('',#9473,#9474);
#9473 = CARTESIAN_POINT('',(22.775,11.225,0.2));
#9474 = VECTOR('',#9475,1.);
#9475 = DIRECTION('',(0.,0.,1.));
#9476 = PCURVE('',#2833,#9477);
#9477 = DEFINITIONAL_REPRESENTATION('',(#9478),#9482);
#9478 = LINE('',#9479,#9480);
#9479 = CARTESIAN_POINT('',(0.,3.55));
#9480 = VECTOR('',#9481,1.);
#9481 = DIRECTION('',(1.,0.));
#9482 = ( GEOMETRIC_REPRESENTATION_CONTEXT(2) 
PARAMETRIC_REPRESENTATION_CONTEXT() REPRESENTATION_CONTEXT('2D SPACE',''
  ) );
#9483 = PCURVE('',#9484,#9489);
#9484 = PLANE('',#9485);
#9485 = AXIS2_PLACEMENT_3D('',#9486,#9487,#9488);
#9486 = CARTESIAN_POINT('',(22.775,11.225,0.2));
#9487 = DIRECTION('',(1.,0.,0.));
#9488 = DIRECTION('',(0.,0.,1.));
#9489 = DEFINITIONAL_REPRESENTATION('',(#9490),#9494);
#9490 = LINE('',#9491,#9492);
#9491 = CARTESIAN_POINT('',(0.,0.));
#9492 = VECTOR('',#9493,1.);
#9493 = DIRECTION('',(1.,0.));
#9494 = ( GEOMETRIC_REPRESENTATION_CONTEXT(2) 
PARAMETRIC_REPRESENTATION_CONTEXT() REPRESENTATION_CONTEXT('2D SPACE',''
  ) );
#9495 = ORIENTED_EDGE('',*,*,#9496,.F.);
#9496 = EDGE_CURVE('',#9497,#9467,#9499,.T.);
#9497 = VERTEX_POINT('',#9498);
#9498 = CARTESIAN_POINT('',(19.225,11.225,0.2));
#9499 = SURFACE_CURVE('',#9500,(#9504,#9511),.PCURVE_S1.);
#9500 = LINE('',#9501,#9502);
#9501 = CARTESIAN_POINT('',(19.225,11.225,0.2));
#9502 = VECTOR('',#9503,1.);
#9503 = DIRECTION('',(1.,0.,0.));
#9504 = PCURVE('',#2833,#9505);
#9505 = DEFINITIONAL_REPRESENTATION('',(#9506),#9510);
#9506 = LINE('',#9507,#9508);
#9507 = CARTESIAN_POINT('',(0.,0.));
#9508 = VECTOR('',#9509,1.);
#9509 = DIRECTION('',(0.,1.));
#9510 = ( GEOMETRIC_REPRESENTATION_CONTEXT(2) 
PARAMETRIC_REPRESENTATION_CONTEXT() REPRESENTATION_CONTEXT('2D SPACE',''
  ) );
#9511 = PCURVE('',#9512,#9517);
#9512 = PLANE('',#9513);
#9513 = AXIS2_PLACEMENT_3D('',#9514,#9515,#9516);
#9514 = CARTESIAN_POINT('',(19.225,11.225,0.2));
#9515 = DIRECTION('',(0.,0.,1.));
#9516 = DIRECTION('',(1.,0.,0.));
#9517 = DEFINITIONAL_REPRESENTATION('',(#9518),#9522);
#9518 = LINE('',#9519,#9520);
#9519 = CARTESIAN_POINT('',(0.,0.));
#9520 = VECTOR('',#9521,1.);
#9521 = DIRECTION('',(1.,0.));
#9522 = ( GEOMETRIC_REPRESENTATION_CONTEXT(2) 
PARAMETRIC_REPRESENTATION_CONTEXT() REPRESENTATION_CONTEXT('2D SPACE',''
  ) );
#9523 = ORIENTED_EDGE('',*,*,#9524,.T.);
#9524 = EDGE_CURVE('',#9497,#2819,#9525,.T.);
#9525 = SURFACE_CURVE('',#9526,(#9530,#9537),.PCURVE_S1.);
#9526 = LINE('',#9527,#9528);
#9527 = CARTESIAN_POINT('',(19.225,11.225,0.2));
#9528 = VECTOR('',#9529,1.);
#9529 = DIRECTION('',(0.,0.,1.));
#9530 = PCURVE('',#2833,#9531);
#9531 = DEFINITIONAL_REPRESENTATION('',(#9532),#9536);
#9532 = LINE('',#9533,#9534);
#9533 = CARTESIAN_POINT('',(0.,0.));
#9534 = VECTOR('',#9535,1.);
#9535 = DIRECTION('',(1.,0.));
#9536 = ( GEOMETRIC_REPRESENTATION_CONTEXT(2) 
PARAMETRIC_REPRESENTATION_CONTEXT() REPRESENTATION_CONTEXT('2D SPACE',''
  ) );
#9537 = PCURVE('',#2859,#9538);
#9538 = DEFINITIONAL_REPRESENTATION('',(#9539),#9543);
#9539 = LINE('',#9540,#9541);
#9540 = CARTESIAN_POINT('',(0.,0.));
#9541 = VECTOR('',#9542,1.);
#9542 = DIRECTION('',(1.,0.));
#9543 = ( GEOMETRIC_REPRESENTATION_CONTEXT(2) 
PARAMETRIC_REPRESENTATION_CONTEXT() REPRESENTATION_CONTEXT('2D SPACE',''
  ) );
#9544 = ORIENTED_EDGE('',*,*,#2816,.F.);
#9545 = ORIENTED_EDGE('',*,*,#9546,.F.);
#9546 = EDGE_CURVE('',#9547,#2817,#9549,.T.);
#9547 = VERTEX_POINT('',#9548);
#9548 = CARTESIAN_POINT('',(22.775,11.225,4.661508201427));
#9549 = SURFACE_CURVE('',#9550,(#9554,#9561),.PCURVE_S1.);
#9550 = LINE('',#9551,#9552);
#9551 = CARTESIAN_POINT('',(22.775,11.225,0.2));
#9552 = VECTOR('',#9553,1.);
#9553 = DIRECTION('',(0.,0.,1.));
#9554 = PCURVE('',#2833,#9555);
#9555 = DEFINITIONAL_REPRESENTATION('',(#9556),#9560);
#9556 = LINE('',#9557,#9558);
#9557 = CARTESIAN_POINT('',(0.,3.55));
#9558 = VECTOR('',#9559,1.);
#9559 = DIRECTION('',(1.,0.));
#9560 = ( GEOMETRIC_REPRESENTATION_CONTEXT(2) 
PARAMETRIC_REPRESENTATION_CONTEXT() REPRESENTATION_CONTEXT('2D SPACE',''
  ) );
#9561 = PCURVE('',#2909,#9562);
#9562 = DEFINITIONAL_REPRESENTATION('',(#9563),#9567);
#9563 = LINE('',#9564,#9565);
#9564 = CARTESIAN_POINT('',(0.,0.));
#9565 = VECTOR('',#9566,1.);
#9566 = DIRECTION('',(1.,0.));
#9567 = ( GEOMETRIC_REPRESENTATION_CONTEXT(2) 
PARAMETRIC_REPRESENTATION_CONTEXT() REPRESENTATION_CONTEXT('2D SPACE',''
  ) );
#9568 = ORIENTED_EDGE('',*,*,#9569,.F.);
#9569 = EDGE_CURVE('',#9570,#9547,#9572,.T.);
#9570 = VERTEX_POINT('',#9571);
#9571 = CARTESIAN_POINT('',(19.4,11.225,4.661508201427));
#9572 = SURFACE_CURVE('',#9573,(#9577,#9583),.PCURVE_S1.);
#9573 = LINE('',#9574,#9575);
#9574 = CARTESIAN_POINT('',(19.3125,11.225,4.661508201427));
#9575 = VECTOR('',#9576,1.);
#9576 = DIRECTION('',(1.,-0.,0.));
#9577 = PCURVE('',#2833,#9578);
#9578 = DEFINITIONAL_REPRESENTATION('',(#9579),#9582);
#9579 = B_SPLINE_CURVE_WITH_KNOTS('',1,(#9580,#9581),.UNSPECIFIED.,.F.,
  .F.,(2,2),(8.75E-02,3.4625),.PIECEWISE_BEZIER_KNOTS.);
#9580 = CARTESIAN_POINT('',(4.461508201427,0.175));
#9581 = CARTESIAN_POINT('',(4.461508201427,3.55));
#9582 = ( GEOMETRIC_REPRESENTATION_CONTEXT(2) 
PARAMETRIC_REPRESENTATION_CONTEXT() REPRESENTATION_CONTEXT('2D SPACE',''
  ) );
#9583 = PCURVE('',#9584,#9589);
#9584 = PLANE('',#9585);
#9585 = AXIS2_PLACEMENT_3D('',#9586,#9587,#9588);
#9586 = CARTESIAN_POINT('',(19.4,12.921539030917,7.6));
#9587 = DIRECTION('',(0.,0.866025403784,-0.5));
#9588 = DIRECTION('',(0.,-0.5,-0.866025403784));
#9589 = DEFINITIONAL_REPRESENTATION('',(#9590),#9593);
#9590 = B_SPLINE_CURVE_WITH_KNOTS('',1,(#9591,#9592),.UNSPECIFIED.,.F.,
  .F.,(2,2),(8.75E-02,3.4625),.PIECEWISE_BEZIER_KNOTS.);
#9591 = CARTESIAN_POINT('',(3.393078061835,0.));
#9592 = CARTESIAN_POINT('',(3.393078061835,-3.375));
#9593 = ( GEOMETRIC_REPRESENTATION_CONTEXT(2) 
PARAMETRIC_REPRESENTATION_CONTEXT() REPRESENTATION_CONTEXT('2D SPACE',''
  ) );
#9594 = ORIENTED_EDGE('',*,*,#9595,.F.);
#9595 = EDGE_CURVE('',#9596,#9570,#9598,.T.);
#9596 = VERTEX_POINT('',#9597);
#9597 = CARTESIAN_POINT('',(19.4,11.225,3.338491798573));
#9598 = SURFACE_CURVE('',#9599,(#9603,#9609),.PCURVE_S1.);
#9599 = LINE('',#9600,#9601);
#9600 = CARTESIAN_POINT('',(19.4,11.225,2.1));
#9601 = VECTOR('',#9602,1.);
#9602 = DIRECTION('',(0.,0.,1.));
#9603 = PCURVE('',#2833,#9604);
#9604 = DEFINITIONAL_REPRESENTATION('',(#9605),#9608);
#9605 = B_SPLINE_CURVE_WITH_KNOTS('',1,(#9606,#9607),.UNSPECIFIED.,.F.,
  .F.,(2,2),(-1.7,5.5),.PIECEWISE_BEZIER_KNOTS.);
#9606 = CARTESIAN_POINT('',(0.2,0.175));
#9607 = CARTESIAN_POINT('',(7.4,0.175));
#9608 = ( GEOMETRIC_REPRESENTATION_CONTEXT(2) 
PARAMETRIC_REPRESENTATION_CONTEXT() REPRESENTATION_CONTEXT('2D SPACE',''
  ) );
#9609 = PCURVE('',#9610,#9615);
#9610 = PLANE('',#9611);
#9611 = AXIS2_PLACEMENT_3D('',#9612,#9613,#9614);
#9612 = CARTESIAN_POINT('',(19.4,15.,4.));
#9613 = DIRECTION('',(1.,0.,0.));
#9614 = DIRECTION('',(-0.,0.,1.));
#9615 = DEFINITIONAL_REPRESENTATION('',(#9616),#9619);
#9616 = B_SPLINE_CURVE_WITH_KNOTS('',1,(#9617,#9618),.UNSPECIFIED.,.F.,
  .F.,(2,2),(-1.7,5.5),.PIECEWISE_BEZIER_KNOTS.);
#9617 = CARTESIAN_POINT('',(-3.6,3.775));
#9618 = CARTESIAN_POINT('',(3.6,3.775));
#9619 = ( GEOMETRIC_REPRESENTATION_CONTEXT(2) 
PARAMETRIC_REPRESENTATION_CONTEXT() REPRESENTATION_CONTEXT('2D SPACE',''
  ) );
#9620 = ORIENTED_EDGE('',*,*,#9621,.F.);
#9621 = EDGE_CURVE('',#9469,#9596,#9622,.T.);
#9622 = SURFACE_CURVE('',#9623,(#9627,#9633),.PCURVE_S1.);
#9623 = LINE('',#9624,#9625);
#9624 = CARTESIAN_POINT('',(19.3125,11.225,3.338491798573));
#9625 = VECTOR('',#9626,1.);
#9626 = DIRECTION('',(-1.,0.,-0.));
#9627 = PCURVE('',#2833,#9628);
#9628 = DEFINITIONAL_REPRESENTATION('',(#9629),#9632);
#9629 = B_SPLINE_CURVE_WITH_KNOTS('',1,(#9630,#9631),.UNSPECIFIED.,.F.,
  .F.,(2,2),(-3.4625,-8.75E-02),.PIECEWISE_BEZIER_KNOTS.);
#9630 = CARTESIAN_POINT('',(3.138491798573,3.55));
#9631 = CARTESIAN_POINT('',(3.138491798573,0.175));
#9632 = ( GEOMETRIC_REPRESENTATION_CONTEXT(2) 
PARAMETRIC_REPRESENTATION_CONTEXT() REPRESENTATION_CONTEXT('2D SPACE',''
  ) );
#9633 = PCURVE('',#9634,#9639);
#9634 = PLANE('',#9635);
#9635 = AXIS2_PLACEMENT_3D('',#9636,#9637,#9638);
#9636 = CARTESIAN_POINT('',(19.4,10.843078061835,4.));
#9637 = DIRECTION('',(-0.,0.866025403784,0.5));
#9638 = DIRECTION('',(0.,0.5,-0.866025403784));
#9639 = DEFINITIONAL_REPRESENTATION('',(#9640),#9643);
#9640 = B_SPLINE_CURVE_WITH_KNOTS('',1,(#9641,#9642),.UNSPECIFIED.,.F.,
  .F.,(2,2),(-3.4625,-8.75E-02),.PIECEWISE_BEZIER_KNOTS.);
#9641 = CARTESIAN_POINT('',(0.763843876331,-3.375));
#9642 = CARTESIAN_POINT('',(0.763843876331,0.));
#9643 = ( GEOMETRIC_REPRESENTATION_CONTEXT(2) 
PARAMETRIC_REPRESENTATION_CONTEXT() REPRESENTATION_CONTEXT('2D SPACE',''
  ) );
#9644 = ADVANCED_FACE('',(#9645),#2909,.F.);
#9645 = FACE_BOUND('',#9646,.F.);
#9646 = EDGE_LOOP('',(#9647,#9648,#9669,#9695,#9721,#9742));
#9647 = ORIENTED_EDGE('',*,*,#9546,.F.);
#9648 = ORIENTED_EDGE('',*,*,#9649,.F.);
#9649 = EDGE_CURVE('',#9650,#9547,#9652,.T.);
#9650 = VERTEX_POINT('',#9651);
#9651 = CARTESIAN_POINT('',(22.775,12.921539030917,7.6));
#9652 = SURFACE_CURVE('',#9653,(#9657,#9663),.PCURVE_S1.);
#9653 = LINE('',#9654,#9655);
#9654 = CARTESIAN_POINT('',(22.775,11.107324655051,4.457688525178));
#9655 = VECTOR('',#9656,1.);
#9656 = DIRECTION('',(0.,-0.5,-0.866025403784));
#9657 = PCURVE('',#2909,#9658);
#9658 = DEFINITIONAL_REPRESENTATION('',(#9659),#9662);
#9659 = B_SPLINE_CURVE_WITH_KNOTS('',1,(#9660,#9661),.UNSPECIFIED.,.F.,
  .F.,(2,2),(-3.628428751732,-0.235350689897),.PIECEWISE_BEZIER_KNOTS.);
#9660 = CARTESIAN_POINT('',(7.4,-1.696539030917));
#9661 = CARTESIAN_POINT('',(4.461508201427,-1.942890293094E-16));
#9662 = ( GEOMETRIC_REPRESENTATION_CONTEXT(2) 
PARAMETRIC_REPRESENTATION_CONTEXT() REPRESENTATION_CONTEXT('2D SPACE',''
  ) );
#9663 = PCURVE('',#9584,#9664);
#9664 = DEFINITIONAL_REPRESENTATION('',(#9665),#9668);
#9665 = B_SPLINE_CURVE_WITH_KNOTS('',1,(#9666,#9667),.UNSPECIFIED.,.F.,
  .F.,(2,2),(-3.628428751732,-0.235350689897),.PIECEWISE_BEZIER_KNOTS.);
#9666 = CARTESIAN_POINT('',(0.,-3.375));
#9667 = CARTESIAN_POINT('',(3.393078061835,-3.375));
#9668 = ( GEOMETRIC_REPRESENTATION_CONTEXT(2) 
PARAMETRIC_REPRESENTATION_CONTEXT() REPRESENTATION_CONTEXT('2D SPACE',''
  ) );
#9669 = ORIENTED_EDGE('',*,*,#9670,.F.);
#9670 = EDGE_CURVE('',#9671,#9650,#9673,.T.);
#9671 = VERTEX_POINT('',#9672);
#9672 = CARTESIAN_POINT('',(22.775,17.078460969083,7.6));
#9673 = SURFACE_CURVE('',#9674,(#9678,#9684),.PCURVE_S1.);
#9674 = LINE('',#9675,#9676);
#9675 = CARTESIAN_POINT('',(22.775,14.151730484541,7.6));
#9676 = VECTOR('',#9677,1.);
#9677 = DIRECTION('',(0.,-1.,1.068312603546E-16));
#9678 = PCURVE('',#2909,#9679);
#9679 = DEFINITIONAL_REPRESENTATION('',(#9680),#9683);
#9680 = B_SPLINE_CURVE_WITH_KNOTS('',1,(#9681,#9682),.UNSPECIFIED.,.F.,
  .F.,(2,2),(-2.926730484541,1.230191453624),.PIECEWISE_BEZIER_KNOTS.);
#9681 = CARTESIAN_POINT('',(7.4,-5.853460969083));
#9682 = CARTESIAN_POINT('',(7.4,-1.696539030917));
#9683 = ( GEOMETRIC_REPRESENTATION_CONTEXT(2) 
PARAMETRIC_REPRESENTATION_CONTEXT() REPRESENTATION_CONTEXT('2D SPACE',''
  ) );
#9684 = PCURVE('',#9685,#9690);
#9685 = PLANE('',#9686);
#9686 = AXIS2_PLACEMENT_3D('',#9687,#9688,#9689);
#9687 = CARTESIAN_POINT('',(19.4,17.078460969083,7.6));
#9688 = DIRECTION('',(0.,-1.068312603546E-16,-1.));
#9689 = DIRECTION('',(0.,-1.,1.068312603546E-16));
#9690 = DEFINITIONAL_REPRESENTATION('',(#9691),#9694);
#9691 = B_SPLINE_CURVE_WITH_KNOTS('',1,(#9692,#9693),.UNSPECIFIED.,.F.,
  .F.,(2,2),(-2.926730484541,1.230191453624),.PIECEWISE_BEZIER_KNOTS.);
#9692 = CARTESIAN_POINT('',(0.,-3.375));
#9693 = CARTESIAN_POINT('',(4.156921938165,-3.375));
#9694 = ( GEOMETRIC_REPRESENTATION_CONTEXT(2) 
PARAMETRIC_REPRESENTATION_CONTEXT() REPRESENTATION_CONTEXT('2D SPACE',''
  ) );
#9695 = ORIENTED_EDGE('',*,*,#9696,.F.);
#9696 = EDGE_CURVE('',#9697,#9671,#9699,.T.);
#9697 = VERTEX_POINT('',#9698);
#9698 = CARTESIAN_POINT('',(22.775,18.775,4.661508201427));
#9699 = SURFACE_CURVE('',#9700,(#9704,#9710),.PCURVE_S1.);
#9700 = LINE('',#9701,#9702);
#9701 = CARTESIAN_POINT('',(22.775,18.98815582949,4.292311474822));
#9702 = VECTOR('',#9703,1.);
#9703 = DIRECTION('',(0.,-0.5,0.866025403784));
#9704 = PCURVE('',#2909,#9705);
#9705 = DEFINITIONAL_REPRESENTATION('',(#9706),#9709);
#9706 = B_SPLINE_CURVE_WITH_KNOTS('',1,(#9707,#9708),.UNSPECIFIED.,.F.,
  .F.,(2,2),(0.42631165898,3.819389720814),.PIECEWISE_BEZIER_KNOTS.);
#9707 = CARTESIAN_POINT('',(4.461508201427,-7.55));
#9708 = CARTESIAN_POINT('',(7.4,-5.853460969083));
#9709 = ( GEOMETRIC_REPRESENTATION_CONTEXT(2) 
PARAMETRIC_REPRESENTATION_CONTEXT() REPRESENTATION_CONTEXT('2D SPACE',''
  ) );
#9710 = PCURVE('',#9711,#9716);
#9711 = PLANE('',#9712);
#9712 = AXIS2_PLACEMENT_3D('',#9713,#9714,#9715);
#9713 = CARTESIAN_POINT('',(19.4,19.156921938165,4.));
#9714 = DIRECTION('',(0.,-0.866025403784,-0.5));
#9715 = DIRECTION('',(0.,-0.5,0.866025403784));
#9716 = DEFINITIONAL_REPRESENTATION('',(#9717),#9720);
#9717 = B_SPLINE_CURVE_WITH_KNOTS('',1,(#9718,#9719),.UNSPECIFIED.,.F.,
  .F.,(2,2),(0.42631165898,3.819389720814),.PIECEWISE_BEZIER_KNOTS.);
#9718 = CARTESIAN_POINT('',(0.763843876331,-3.375));
#9719 = CARTESIAN_POINT('',(4.156921938165,-3.375));
#9720 = ( GEOMETRIC_REPRESENTATION_CONTEXT(2) 
PARAMETRIC_REPRESENTATION_CONTEXT() REPRESENTATION_CONTEXT('2D SPACE',''
  ) );
#9721 = ORIENTED_EDGE('',*,*,#9722,.T.);
#9722 = EDGE_CURVE('',#9697,#2871,#9723,.T.);
#9723 = SURFACE_CURVE('',#9724,(#9728,#9735),.PCURVE_S1.);
#9724 = LINE('',#9725,#9726);
#9725 = CARTESIAN_POINT('',(22.775,18.775,0.2));
#9726 = VECTOR('',#9727,1.);
#9727 = DIRECTION('',(0.,0.,1.));
#9728 = PCURVE('',#2909,#9729);
#9729 = DEFINITIONAL_REPRESENTATION('',(#9730),#9734);
#9730 = LINE('',#9731,#9732);
#9731 = CARTESIAN_POINT('',(0.,-7.55));
#9732 = VECTOR('',#9733,1.);
#9733 = DIRECTION('',(1.,0.));
#9734 = ( GEOMETRIC_REPRESENTATION_CONTEXT(2) 
PARAMETRIC_REPRESENTATION_CONTEXT() REPRESENTATION_CONTEXT('2D SPACE',''
  ) );
#9735 = PCURVE('',#2885,#9736);
#9736 = DEFINITIONAL_REPRESENTATION('',(#9737),#9741);
#9737 = LINE('',#9738,#9739);
#9738 = CARTESIAN_POINT('',(0.,3.55));
#9739 = VECTOR('',#9740,1.);
#9740 = DIRECTION('',(1.,0.));
#9741 = ( GEOMETRIC_REPRESENTATION_CONTEXT(2) 
PARAMETRIC_REPRESENTATION_CONTEXT() REPRESENTATION_CONTEXT('2D SPACE',''
  ) );
#9742 = ORIENTED_EDGE('',*,*,#2896,.F.);
#9743 = ADVANCED_FACE('',(#9744,#9792),#2859,.T.);
#9744 = FACE_BOUND('',#9745,.T.);
#9745 = EDGE_LOOP('',(#9746,#9747,#9770,#9791));
#9746 = ORIENTED_EDGE('',*,*,#9524,.F.);
#9747 = ORIENTED_EDGE('',*,*,#9748,.T.);
#9748 = EDGE_CURVE('',#9497,#9749,#9751,.T.);
#9749 = VERTEX_POINT('',#9750);
#9750 = CARTESIAN_POINT('',(19.225,18.775,0.2));
#9751 = SURFACE_CURVE('',#9752,(#9756,#9763),.PCURVE_S1.);
#9752 = LINE('',#9753,#9754);
#9753 = CARTESIAN_POINT('',(19.225,11.225,0.2));
#9754 = VECTOR('',#9755,1.);
#9755 = DIRECTION('',(0.,1.,0.));
#9756 = PCURVE('',#2859,#9757);
#9757 = DEFINITIONAL_REPRESENTATION('',(#9758),#9762);
#9758 = LINE('',#9759,#9760);
#9759 = CARTESIAN_POINT('',(0.,0.));
#9760 = VECTOR('',#9761,1.);
#9761 = DIRECTION('',(0.,-1.));
#9762 = ( GEOMETRIC_REPRESENTATION_CONTEXT(2) 
PARAMETRIC_REPRESENTATION_CONTEXT() REPRESENTATION_CONTEXT('2D SPACE',''
  ) );
#9763 = PCURVE('',#9512,#9764);
#9764 = DEFINITIONAL_REPRESENTATION('',(#9765),#9769);
#9765 = LINE('',#9766,#9767);
#9766 = CARTESIAN_POINT('',(0.,0.));
#9767 = VECTOR('',#9768,1.);
#9768 = DIRECTION('',(0.,1.));
#9769 = ( GEOMETRIC_REPRESENTATION_CONTEXT(2) 
PARAMETRIC_REPRESENTATION_CONTEXT() REPRESENTATION_CONTEXT('2D SPACE',''
  ) );
#9770 = ORIENTED_EDGE('',*,*,#9771,.T.);
#9771 = EDGE_CURVE('',#9749,#2845,#9772,.T.);
#9772 = SURFACE_CURVE('',#9773,(#9777,#9784),.PCURVE_S1.);
#9773 = LINE('',#9774,#9775);
#9774 = CARTESIAN_POINT('',(19.225,18.775,0.2));
#9775 = VECTOR('',#9776,1.);
#9776 = DIRECTION('',(0.,0.,1.));
#9777 = PCURVE('',#2859,#9778);
#9778 = DEFINITIONAL_REPRESENTATION('',(#9779),#9783);
#9779 = LINE('',#9780,#9781);
#9780 = CARTESIAN_POINT('',(0.,-7.55));
#9781 = VECTOR('',#9782,1.);
#9782 = DIRECTION('',(1.,0.));
#9783 = ( GEOMETRIC_REPRESENTATION_CONTEXT(2) 
PARAMETRIC_REPRESENTATION_CONTEXT() REPRESENTATION_CONTEXT('2D SPACE',''
  ) );
#9784 = PCURVE('',#2885,#9785);
#9785 = DEFINITIONAL_REPRESENTATION('',(#9786),#9790);
#9786 = LINE('',#9787,#9788);
#9787 = CARTESIAN_POINT('',(0.,0.));
#9788 = VECTOR('',#9789,1.);
#9789 = DIRECTION('',(1.,0.));
#9790 = ( GEOMETRIC_REPRESENTATION_CONTEXT(2) 
PARAMETRIC_REPRESENTATION_CONTEXT() REPRESENTATION_CONTEXT('2D SPACE',''
  ) );
#9791 = ORIENTED_EDGE('',*,*,#2844,.F.);
#9792 = FACE_BOUND('',#9793,.T.);
#9793 = EDGE_LOOP('',(#9794));
#9794 = ORIENTED_EDGE('',*,*,#6791,.T.);
#9795 = ADVANCED_FACE('',(#9796),#2885,.F.);
#9796 = FACE_BOUND('',#9797,.F.);
#9797 = EDGE_LOOP('',(#9798,#9823,#9844,#9845,#9846,#9847,#9868,#9894));
#9798 = ORIENTED_EDGE('',*,*,#9799,.F.);
#9799 = EDGE_CURVE('',#9800,#9802,#9804,.T.);
#9800 = VERTEX_POINT('',#9801);
#9801 = CARTESIAN_POINT('',(22.775,18.775,0.2));
#9802 = VERTEX_POINT('',#9803);
#9803 = CARTESIAN_POINT('',(22.775,18.775,3.338491798573));
#9804 = SURFACE_CURVE('',#9805,(#9809,#9816),.PCURVE_S1.);
#9805 = LINE('',#9806,#9807);
#9806 = CARTESIAN_POINT('',(22.775,18.775,0.2));
#9807 = VECTOR('',#9808,1.);
#9808 = DIRECTION('',(0.,0.,1.));
#9809 = PCURVE('',#2885,#9810);
#9810 = DEFINITIONAL_REPRESENTATION('',(#9811),#9815);
#9811 = LINE('',#9812,#9813);
#9812 = CARTESIAN_POINT('',(0.,3.55));
#9813 = VECTOR('',#9814,1.);
#9814 = DIRECTION('',(1.,0.));
#9815 = ( GEOMETRIC_REPRESENTATION_CONTEXT(2) 
PARAMETRIC_REPRESENTATION_CONTEXT() REPRESENTATION_CONTEXT('2D SPACE',''
  ) );
#9816 = PCURVE('',#9484,#9817);
#9817 = DEFINITIONAL_REPRESENTATION('',(#9818),#9822);
#9818 = LINE('',#9819,#9820);
#9819 = CARTESIAN_POINT('',(0.,-7.55));
#9820 = VECTOR('',#9821,1.);
#9821 = DIRECTION('',(1.,0.));
#9822 = ( GEOMETRIC_REPRESENTATION_CONTEXT(2) 
PARAMETRIC_REPRESENTATION_CONTEXT() REPRESENTATION_CONTEXT('2D SPACE',''
  ) );
#9823 = ORIENTED_EDGE('',*,*,#9824,.F.);
#9824 = EDGE_CURVE('',#9749,#9800,#9825,.T.);
#9825 = SURFACE_CURVE('',#9826,(#9830,#9837),.PCURVE_S1.);
#9826 = LINE('',#9827,#9828);
#9827 = CARTESIAN_POINT('',(19.225,18.775,0.2));
#9828 = VECTOR('',#9829,1.);
#9829 = DIRECTION('',(1.,0.,0.));
#9830 = PCURVE('',#2885,#9831);
#9831 = DEFINITIONAL_REPRESENTATION('',(#9832),#9836);
#9832 = LINE('',#9833,#9834);
#9833 = CARTESIAN_POINT('',(0.,0.));
#9834 = VECTOR('',#9835,1.);
#9835 = DIRECTION('',(0.,1.));
#9836 = ( GEOMETRIC_REPRESENTATION_CONTEXT(2) 
PARAMETRIC_REPRESENTATION_CONTEXT() REPRESENTATION_CONTEXT('2D SPACE',''
  ) );
#9837 = PCURVE('',#9512,#9838);
#9838 = DEFINITIONAL_REPRESENTATION('',(#9839),#9843);
#9839 = LINE('',#9840,#9841);
#9840 = CARTESIAN_POINT('',(0.,7.55));
#9841 = VECTOR('',#9842,1.);
#9842 = DIRECTION('',(1.,0.));
#9843 = ( GEOMETRIC_REPRESENTATION_CONTEXT(2) 
PARAMETRIC_REPRESENTATION_CONTEXT() REPRESENTATION_CONTEXT('2D SPACE',''
  ) );
#9844 = ORIENTED_EDGE('',*,*,#9771,.T.);
#9845 = ORIENTED_EDGE('',*,*,#2870,.F.);
#9846 = ORIENTED_EDGE('',*,*,#9722,.F.);
#9847 = ORIENTED_EDGE('',*,*,#9848,.F.);
#9848 = EDGE_CURVE('',#9849,#9697,#9851,.T.);
#9849 = VERTEX_POINT('',#9850);
#9850 = CARTESIAN_POINT('',(19.4,18.775,4.661508201427));
#9851 = SURFACE_CURVE('',#9852,(#9856,#9862),.PCURVE_S1.);
#9852 = LINE('',#9853,#9854);
#9853 = CARTESIAN_POINT('',(19.3125,18.775,4.661508201427));
#9854 = VECTOR('',#9855,1.);
#9855 = DIRECTION('',(1.,-0.,0.));
#9856 = PCURVE('',#2885,#9857);
#9857 = DEFINITIONAL_REPRESENTATION('',(#9858),#9861);
#9858 = B_SPLINE_CURVE_WITH_KNOTS('',1,(#9859,#9860),.UNSPECIFIED.,.F.,
  .F.,(2,2),(8.75E-02,3.4625),.PIECEWISE_BEZIER_KNOTS.);
#9859 = CARTESIAN_POINT('',(4.461508201427,0.175));
#9860 = CARTESIAN_POINT('',(4.461508201427,3.55));
#9861 = ( GEOMETRIC_REPRESENTATION_CONTEXT(2) 
PARAMETRIC_REPRESENTATION_CONTEXT() REPRESENTATION_CONTEXT('2D SPACE',''
  ) );
#9862 = PCURVE('',#9711,#9863);
#9863 = DEFINITIONAL_REPRESENTATION('',(#9864),#9867);
#9864 = B_SPLINE_CURVE_WITH_KNOTS('',1,(#9865,#9866),.UNSPECIFIED.,.F.,
  .F.,(2,2),(8.75E-02,3.4625),.PIECEWISE_BEZIER_KNOTS.);
#9865 = CARTESIAN_POINT('',(0.763843876331,0.));
#9866 = CARTESIAN_POINT('',(0.763843876331,-3.375));
#9867 = ( GEOMETRIC_REPRESENTATION_CONTEXT(2) 
PARAMETRIC_REPRESENTATION_CONTEXT() REPRESENTATION_CONTEXT('2D SPACE',''
  ) );
#9868 = ORIENTED_EDGE('',*,*,#9869,.F.);
#9869 = EDGE_CURVE('',#9870,#9849,#9872,.T.);
#9870 = VERTEX_POINT('',#9871);
#9871 = CARTESIAN_POINT('',(19.4,18.775,3.338491798573));
#9872 = SURFACE_CURVE('',#9873,(#9877,#9883),.PCURVE_S1.);
#9873 = LINE('',#9874,#9875);
#9874 = CARTESIAN_POINT('',(19.4,18.775,2.1));
#9875 = VECTOR('',#9876,1.);
#9876 = DIRECTION('',(0.,0.,1.));
#9877 = PCURVE('',#2885,#9878);
#9878 = DEFINITIONAL_REPRESENTATION('',(#9879),#9882);
#9879 = B_SPLINE_CURVE_WITH_KNOTS('',1,(#9880,#9881),.UNSPECIFIED.,.F.,
  .F.,(2,2),(-1.7,5.5),.PIECEWISE_BEZIER_KNOTS.);
#9880 = CARTESIAN_POINT('',(0.2,0.175));
#9881 = CARTESIAN_POINT('',(7.4,0.175));
#9882 = ( GEOMETRIC_REPRESENTATION_CONTEXT(2) 
PARAMETRIC_REPRESENTATION_CONTEXT() REPRESENTATION_CONTEXT('2D SPACE',''
  ) );
#9883 = PCURVE('',#9884,#9889);
#9884 = PLANE('',#9885);
#9885 = AXIS2_PLACEMENT_3D('',#9886,#9887,#9888);
#9886 = CARTESIAN_POINT('',(19.4,15.,4.));
#9887 = DIRECTION('',(1.,0.,0.));
#9888 = DIRECTION('',(-0.,0.,1.));
#9889 = DEFINITIONAL_REPRESENTATION('',(#9890),#9893);
#9890 = B_SPLINE_CURVE_WITH_KNOTS('',1,(#9891,#9892),.UNSPECIFIED.,.F.,
  .F.,(2,2),(-1.7,5.5),.PIECEWISE_BEZIER_KNOTS.);
#9891 = CARTESIAN_POINT('',(-3.6,-3.775));
#9892 = CARTESIAN_POINT('',(3.6,-3.775));
#9893 = ( GEOMETRIC_REPRESENTATION_CONTEXT(2) 
PARAMETRIC_REPRESENTATION_CONTEXT() REPRESENTATION_CONTEXT('2D SPACE',''
  ) );
#9894 = ORIENTED_EDGE('',*,*,#9895,.F.);
#9895 = EDGE_CURVE('',#9802,#9870,#9896,.T.);
#9896 = SURFACE_CURVE('',#9897,(#9901,#9907),.PCURVE_S1.);
#9897 = LINE('',#9898,#9899);
#9898 = CARTESIAN_POINT('',(19.3125,18.775,3.338491798573));
#9899 = VECTOR('',#9900,1.);
#9900 = DIRECTION('',(-1.,0.,0.));
#9901 = PCURVE('',#2885,#9902);
#9902 = DEFINITIONAL_REPRESENTATION('',(#9903),#9906);
#9903 = B_SPLINE_CURVE_WITH_KNOTS('',1,(#9904,#9905),.UNSPECIFIED.,.F.,
  .F.,(2,2),(-3.4625,-8.75E-02),.PIECEWISE_BEZIER_KNOTS.);
#9904 = CARTESIAN_POINT('',(3.138491798573,3.55));
#9905 = CARTESIAN_POINT('',(3.138491798573,0.175));
#9906 = ( GEOMETRIC_REPRESENTATION_CONTEXT(2) 
PARAMETRIC_REPRESENTATION_CONTEXT() REPRESENTATION_CONTEXT('2D SPACE',''
  ) );
#9907 = PCURVE('',#9908,#9913);
#9908 = PLANE('',#9909);
#9909 = AXIS2_PLACEMENT_3D('',#9910,#9911,#9912);
#9910 = CARTESIAN_POINT('',(19.4,17.078460969083,0.4));
#9911 = DIRECTION('',(0.,-0.866025403784,0.5));
#9912 = DIRECTION('',(0.,0.5,0.866025403784));
#9913 = DEFINITIONAL_REPRESENTATION('',(#9914),#9917);
#9914 = B_SPLINE_CURVE_WITH_KNOTS('',1,(#9915,#9916),.UNSPECIFIED.,.F.,
  .F.,(2,2),(-3.4625,-8.75E-02),.PIECEWISE_BEZIER_KNOTS.);
#9915 = CARTESIAN_POINT('',(3.393078061835,-3.375));
#9916 = CARTESIAN_POINT('',(3.393078061835,0.));
#9917 = ( GEOMETRIC_REPRESENTATION_CONTEXT(2) 
PARAMETRIC_REPRESENTATION_CONTEXT() REPRESENTATION_CONTEXT('2D SPACE',''
  ) );
#9918 = ADVANCED_FACE('',(#9919),#3095,.T.);
#9919 = FACE_BOUND('',#9920,.T.);
#9920 = EDGE_LOOP('',(#9921,#9922,#9923,#9944));
#9921 = ORIENTED_EDGE('',*,*,#6920,.F.);
#9922 = ORIENTED_EDGE('',*,*,#3078,.T.);
#9923 = ORIENTED_EDGE('',*,*,#9924,.T.);
#9924 = EDGE_CURVE('',#3053,#3543,#9925,.T.);
#9925 = SURFACE_CURVE('',#9926,(#9930,#9937),.PCURVE_S1.);
#9926 = LINE('',#9927,#9928);
#9927 = CARTESIAN_POINT('',(23.5,87.,0.));
#9928 = VECTOR('',#9929,1.);
#9929 = DIRECTION('',(0.,0.,1.));
#9930 = PCURVE('',#3095,#9931);
#9931 = DEFINITIONAL_REPRESENTATION('',(#9932),#9936);
#9932 = LINE('',#9933,#9934);
#9933 = CARTESIAN_POINT('',(1.570796326795,0.));
#9934 = VECTOR('',#9935,1.);
#9935 = DIRECTION('',(0.,1.));
#9936 = ( GEOMETRIC_REPRESENTATION_CONTEXT(2) 
PARAMETRIC_REPRESENTATION_CONTEXT() REPRESENTATION_CONTEXT('2D SPACE',''
  ) );
#9937 = PCURVE('',#3067,#9938);
#9938 = DEFINITIONAL_REPRESENTATION('',(#9939),#9943);
#9939 = LINE('',#9940,#9941);
#9940 = CARTESIAN_POINT('',(0.,23.5));
#9941 = VECTOR('',#9942,1.);
#9942 = DIRECTION('',(1.,0.));
#9943 = ( GEOMETRIC_REPRESENTATION_CONTEXT(2) 
PARAMETRIC_REPRESENTATION_CONTEXT() REPRESENTATION_CONTEXT('2D SPACE',''
  ) );
#9944 = ORIENTED_EDGE('',*,*,#3542,.F.);
#9945 = ADVANCED_FACE('',(#9946),#3067,.T.);
#9946 = FACE_BOUND('',#9947,.T.);
#9947 = EDGE_LOOP('',(#9948,#9949,#9950,#9951));
#9948 = ORIENTED_EDGE('',*,*,#3052,.T.);
#9949 = ORIENTED_EDGE('',*,*,#3331,.T.);
#9950 = ORIENTED_EDGE('',*,*,#3566,.T.);
#9951 = ORIENTED_EDGE('',*,*,#9924,.F.);
#9952 = ADVANCED_FACE('',(#9953),#3293,.F.);
#9953 = FACE_BOUND('',#9954,.F.);
#9954 = EDGE_LOOP('',(#9955,#9956,#9957,#9958));
#9955 = ORIENTED_EDGE('',*,*,#3278,.T.);
#9956 = ORIENTED_EDGE('',*,*,#3385,.T.);
#9957 = ORIENTED_EDGE('',*,*,#5181,.T.);
#9958 = ORIENTED_EDGE('',*,*,#9959,.F.);
#9959 = EDGE_CURVE('',#3250,#5182,#9960,.T.);
#9960 = SURFACE_CURVE('',#9961,(#9965,#9972),.PCURVE_S1.);
#9961 = LINE('',#9962,#9963);
#9962 = CARTESIAN_POINT('',(23.5,33.,0.));
#9963 = VECTOR('',#9964,1.);
#9964 = DIRECTION('',(0.,0.,1.));
#9965 = PCURVE('',#3293,#9966);
#9966 = DEFINITIONAL_REPRESENTATION('',(#9967),#9971);
#9967 = LINE('',#9968,#9969);
#9968 = CARTESIAN_POINT('',(0.,23.5));
#9969 = VECTOR('',#9970,1.);
#9970 = DIRECTION('',(1.,0.));
#9971 = ( GEOMETRIC_REPRESENTATION_CONTEXT(2) 
PARAMETRIC_REPRESENTATION_CONTEXT() REPRESENTATION_CONTEXT('2D SPACE',''
  ) );
#9972 = PCURVE('',#3266,#9973);
#9973 = DEFINITIONAL_REPRESENTATION('',(#9974),#9978);
#9974 = LINE('',#9975,#9976);
#9975 = CARTESIAN_POINT('',(-1.570796326795,0.));
#9976 = VECTOR('',#9977,1.);
#9977 = DIRECTION('',(-0.,1.));
#9978 = ( GEOMETRIC_REPRESENTATION_CONTEXT(2) 
PARAMETRIC_REPRESENTATION_CONTEXT() REPRESENTATION_CONTEXT('2D SPACE',''
  ) );
#9979 = ADVANCED_FACE('',(#9980),#3266,.T.);
#9980 = FACE_BOUND('',#9981,.F.);
#9981 = EDGE_LOOP('',(#9982,#9983,#9984,#9985));
#9982 = ORIENTED_EDGE('',*,*,#6986,.F.);
#9983 = ORIENTED_EDGE('',*,*,#3249,.F.);
#9984 = ORIENTED_EDGE('',*,*,#9959,.T.);
#9985 = ORIENTED_EDGE('',*,*,#5204,.F.);
#9986 = ADVANCED_FACE('',(#9987),#3474,.F.);
#9987 = FACE_BOUND('',#9988,.F.);
#9988 = EDGE_LOOP('',(#9989,#9990,#9991,#9992));
#9989 = ORIENTED_EDGE('',*,*,#6636,.T.);
#9990 = ORIENTED_EDGE('',*,*,#6467,.T.);
#9991 = ORIENTED_EDGE('',*,*,#3458,.T.);
#9992 = ORIENTED_EDGE('',*,*,#9993,.F.);
#9993 = EDGE_CURVE('',#6613,#3459,#9994,.T.);
#9994 = SURFACE_CURVE('',#9995,(#9999,#10006),.PCURVE_S1.);
#9995 = LINE('',#9996,#9997);
#9996 = CARTESIAN_POINT('',(23.5,63.,0.));
#9997 = VECTOR('',#9998,1.);
#9998 = DIRECTION('',(0.,0.,1.));
#9999 = PCURVE('',#3474,#10000);
#10000 = DEFINITIONAL_REPRESENTATION('',(#10001),#10005);
#10001 = LINE('',#10002,#10003);
#10002 = CARTESIAN_POINT('',(0.,23.5));
#10003 = VECTOR('',#10004,1.);
#10004 = DIRECTION('',(1.,0.));
#10005 = ( GEOMETRIC_REPRESENTATION_CONTEXT(2) 
PARAMETRIC_REPRESENTATION_CONTEXT() REPRESENTATION_CONTEXT('2D SPACE',''
  ) );
#10006 = PCURVE('',#3507,#10007);
#10007 = DEFINITIONAL_REPRESENTATION('',(#10008),#10012);
#10008 = LINE('',#10009,#10010);
#10009 = CARTESIAN_POINT('',(-1.570796326795,0.));
#10010 = VECTOR('',#10011,1.);
#10011 = DIRECTION('',(-0.,1.));
#10012 = ( GEOMETRIC_REPRESENTATION_CONTEXT(2) 
PARAMETRIC_REPRESENTATION_CONTEXT() REPRESENTATION_CONTEXT('2D SPACE',''
  ) );
#10013 = ADVANCED_FACE('',(#10014),#3507,.T.);
#10014 = FACE_BOUND('',#10015,.F.);
#10015 = EDGE_LOOP('',(#10016,#10017,#10018,#10019));
#10016 = ORIENTED_EDGE('',*,*,#6942,.F.);
#10017 = ORIENTED_EDGE('',*,*,#6612,.F.);
#10018 = ORIENTED_EDGE('',*,*,#9993,.T.);
#10019 = ORIENTED_EDGE('',*,*,#3486,.F.);
#10020 = ADVANCED_FACE('',(#10021),#3607,.T.);
#10021 = FACE_BOUND('',#10022,.T.);
#10022 = EDGE_LOOP('',(#10023,#10024,#10047,#10075));
#10023 = ORIENTED_EDGE('',*,*,#3590,.T.);
#10024 = ORIENTED_EDGE('',*,*,#10025,.T.);
#10025 = EDGE_CURVE('',#3593,#10026,#10028,.T.);
#10026 = VERTEX_POINT('',#10027);
#10027 = CARTESIAN_POINT('',(14.3796875,73.94296875,16.6));
#10028 = SURFACE_CURVE('',#10029,(#10033,#10040),.PCURVE_S1.);
#10029 = LINE('',#10030,#10031);
#10030 = CARTESIAN_POINT('',(14.3796875,73.94296875,15.95));
#10031 = VECTOR('',#10032,1.);
#10032 = DIRECTION('',(0.,0.,1.));
#10033 = PCURVE('',#3607,#10034);
#10034 = DEFINITIONAL_REPRESENTATION('',(#10035),#10039);
#10035 = LINE('',#10036,#10037);
#10036 = CARTESIAN_POINT('',(0.,-0.));
#10037 = VECTOR('',#10038,1.);
#10038 = DIRECTION('',(0.,-1.));
#10039 = ( GEOMETRIC_REPRESENTATION_CONTEXT(2) 
PARAMETRIC_REPRESENTATION_CONTEXT() REPRESENTATION_CONTEXT('2D SPACE',''
  ) );
#10040 = PCURVE('',#3683,#10041);
#10041 = DEFINITIONAL_REPRESENTATION('',(#10042),#10046);
#10042 = LINE('',#10043,#10044);
#10043 = CARTESIAN_POINT('',(0.4390625,0.));
#10044 = VECTOR('',#10045,1.);
#10045 = DIRECTION('',(0.,-1.));
#10046 = ( GEOMETRIC_REPRESENTATION_CONTEXT(2) 
PARAMETRIC_REPRESENTATION_CONTEXT() REPRESENTATION_CONTEXT('2D SPACE',''
  ) );
#10047 = ORIENTED_EDGE('',*,*,#10048,.T.);
#10048 = EDGE_CURVE('',#10026,#10049,#10051,.T.);
#10049 = VERTEX_POINT('',#10050);
#10050 = CARTESIAN_POINT('',(13.940625,73.94296875,16.6));
#10051 = SURFACE_CURVE('',#10052,(#10056,#10063),.PCURVE_S1.);
#10052 = LINE('',#10053,#10054);
#10053 = CARTESIAN_POINT('',(14.3796875,73.94296875,16.6));
#10054 = VECTOR('',#10055,1.);
#10055 = DIRECTION('',(-1.,0.,0.));
#10056 = PCURVE('',#3607,#10057);
#10057 = DEFINITIONAL_REPRESENTATION('',(#10058),#10062);
#10058 = LINE('',#10059,#10060);
#10059 = CARTESIAN_POINT('',(0.,-0.65));
#10060 = VECTOR('',#10061,1.);
#10061 = DIRECTION('',(1.,0.));
#10062 = ( GEOMETRIC_REPRESENTATION_CONTEXT(2) 
PARAMETRIC_REPRESENTATION_CONTEXT() REPRESENTATION_CONTEXT('2D SPACE',''
  ) );
#10063 = PCURVE('',#10064,#10069);
#10064 = PLANE('',#10065);
#10065 = AXIS2_PLACEMENT_3D('',#10066,#10067,#10068);
#10066 = CARTESIAN_POINT('',(13.7109375,73.94296875,16.6));
#10067 = DIRECTION('',(0.,0.,1.));
#10068 = DIRECTION('',(1.,0.,0.));
#10069 = DEFINITIONAL_REPRESENTATION('',(#10070),#10074);
#10070 = LINE('',#10071,#10072);
#10071 = CARTESIAN_POINT('',(0.66875,0.));
#10072 = VECTOR('',#10073,1.);
#10073 = DIRECTION('',(-1.,0.));
#10074 = ( GEOMETRIC_REPRESENTATION_CONTEXT(2) 
PARAMETRIC_REPRESENTATION_CONTEXT() REPRESENTATION_CONTEXT('2D SPACE',''
  ) );
#10075 = ORIENTED_EDGE('',*,*,#10076,.F.);
#10076 = EDGE_CURVE('',#3591,#10049,#10077,.T.);
#10077 = SURFACE_CURVE('',#10078,(#10082,#10089),.PCURVE_S1.);
#10078 = LINE('',#10079,#10080);
#10079 = CARTESIAN_POINT('',(13.940625,73.94296875,15.95));
#10080 = VECTOR('',#10081,1.);
#10081 = DIRECTION('',(0.,0.,1.));
#10082 = PCURVE('',#3607,#10083);
#10083 = DEFINITIONAL_REPRESENTATION('',(#10084),#10088);
#10084 = LINE('',#10085,#10086);
#10085 = CARTESIAN_POINT('',(0.4390625,0.));
#10086 = VECTOR('',#10087,1.);
#10087 = DIRECTION('',(0.,-1.));
#10088 = ( GEOMETRIC_REPRESENTATION_CONTEXT(2) 
PARAMETRIC_REPRESENTATION_CONTEXT() REPRESENTATION_CONTEXT('2D SPACE',''
  ) );
#10089 = PCURVE('',#3633,#10090);
#10090 = DEFINITIONAL_REPRESENTATION('',(#10091),#10095);
#10091 = LINE('',#10092,#10093);
#10092 = CARTESIAN_POINT('',(0.,0.));
#10093 = VECTOR('',#10094,1.);
#10094 = DIRECTION('',(0.,-1.));
#10095 = ( GEOMETRIC_REPRESENTATION_CONTEXT(2) 
PARAMETRIC_REPRESENTATION_CONTEXT() REPRESENTATION_CONTEXT('2D SPACE',''
  ) );
#10096 = ADVANCED_FACE('',(#10097),#3683,.T.);
#10097 = FACE_BOUND('',#10098,.T.);
#10098 = EDGE_LOOP('',(#10099,#10100,#10123,#10144));
#10099 = ORIENTED_EDGE('',*,*,#3670,.T.);
#10100 = ORIENTED_EDGE('',*,*,#10101,.T.);
#10101 = EDGE_CURVE('',#3645,#10102,#10104,.T.);
#10102 = VERTEX_POINT('',#10103);
#10103 = CARTESIAN_POINT('',(14.3796875,74.38203125,16.6));
#10104 = SURFACE_CURVE('',#10105,(#10109,#10116),.PCURVE_S1.);
#10105 = LINE('',#10106,#10107);
#10106 = CARTESIAN_POINT('',(14.3796875,74.38203125,15.95));
#10107 = VECTOR('',#10108,1.);
#10108 = DIRECTION('',(0.,0.,1.));
#10109 = PCURVE('',#3683,#10110);
#10110 = DEFINITIONAL_REPRESENTATION('',(#10111),#10115);
#10111 = LINE('',#10112,#10113);
#10112 = CARTESIAN_POINT('',(0.,0.));
#10113 = VECTOR('',#10114,1.);
#10114 = DIRECTION('',(0.,-1.));
#10115 = ( GEOMETRIC_REPRESENTATION_CONTEXT(2) 
PARAMETRIC_REPRESENTATION_CONTEXT() REPRESENTATION_CONTEXT('2D SPACE',''
  ) );
#10116 = PCURVE('',#3659,#10117);
#10117 = DEFINITIONAL_REPRESENTATION('',(#10118),#10122);
#10118 = LINE('',#10119,#10120);
#10119 = CARTESIAN_POINT('',(0.4390625,0.));
#10120 = VECTOR('',#10121,1.);
#10121 = DIRECTION('',(0.,-1.));
#10122 = ( GEOMETRIC_REPRESENTATION_CONTEXT(2) 
PARAMETRIC_REPRESENTATION_CONTEXT() REPRESENTATION_CONTEXT('2D SPACE',''
  ) );
#10123 = ORIENTED_EDGE('',*,*,#10124,.T.);
#10124 = EDGE_CURVE('',#10102,#10026,#10125,.T.);
#10125 = SURFACE_CURVE('',#10126,(#10130,#10137),.PCURVE_S1.);
#10126 = LINE('',#10127,#10128);
#10127 = CARTESIAN_POINT('',(14.3796875,74.38203125,16.6));
#10128 = VECTOR('',#10129,1.);
#10129 = DIRECTION('',(0.,-1.,0.));
#10130 = PCURVE('',#3683,#10131);
#10131 = DEFINITIONAL_REPRESENTATION('',(#10132),#10136);
#10132 = LINE('',#10133,#10134);
#10133 = CARTESIAN_POINT('',(0.,-0.65));
#10134 = VECTOR('',#10135,1.);
#10135 = DIRECTION('',(1.,0.));
#10136 = ( GEOMETRIC_REPRESENTATION_CONTEXT(2) 
PARAMETRIC_REPRESENTATION_CONTEXT() REPRESENTATION_CONTEXT('2D SPACE',''
  ) );
#10137 = PCURVE('',#10064,#10138);
#10138 = DEFINITIONAL_REPRESENTATION('',(#10139),#10143);
#10139 = LINE('',#10140,#10141);
#10140 = CARTESIAN_POINT('',(0.66875,0.4390625));
#10141 = VECTOR('',#10142,1.);
#10142 = DIRECTION('',(0.,-1.));
#10143 = ( GEOMETRIC_REPRESENTATION_CONTEXT(2) 
PARAMETRIC_REPRESENTATION_CONTEXT() REPRESENTATION_CONTEXT('2D SPACE',''
  ) );
#10144 = ORIENTED_EDGE('',*,*,#10025,.F.);
#10145 = ADVANCED_FACE('',(#10146),#3659,.T.);
#10146 = FACE_BOUND('',#10147,.T.);
#10147 = EDGE_LOOP('',(#10148,#10149,#10172,#10193));
#10148 = ORIENTED_EDGE('',*,*,#3644,.T.);
#10149 = ORIENTED_EDGE('',*,*,#10150,.T.);
#10150 = EDGE_CURVE('',#3619,#10151,#10153,.T.);
#10151 = VERTEX_POINT('',#10152);
#10152 = CARTESIAN_POINT('',(13.940625,74.38203125,16.6));
#10153 = SURFACE_CURVE('',#10154,(#10158,#10165),.PCURVE_S1.);
#10154 = LINE('',#10155,#10156);
#10155 = CARTESIAN_POINT('',(13.940625,74.38203125,15.95));
#10156 = VECTOR('',#10157,1.);
#10157 = DIRECTION('',(0.,0.,1.));
#10158 = PCURVE('',#3659,#10159);
#10159 = DEFINITIONAL_REPRESENTATION('',(#10160),#10164);
#10160 = LINE('',#10161,#10162);
#10161 = CARTESIAN_POINT('',(0.,0.));
#10162 = VECTOR('',#10163,1.);
#10163 = DIRECTION('',(0.,-1.));
#10164 = ( GEOMETRIC_REPRESENTATION_CONTEXT(2) 
PARAMETRIC_REPRESENTATION_CONTEXT() REPRESENTATION_CONTEXT('2D SPACE',''
  ) );
#10165 = PCURVE('',#3633,#10166);
#10166 = DEFINITIONAL_REPRESENTATION('',(#10167),#10171);
#10167 = LINE('',#10168,#10169);
#10168 = CARTESIAN_POINT('',(0.4390625,0.));
#10169 = VECTOR('',#10170,1.);
#10170 = DIRECTION('',(0.,-1.));
#10171 = ( GEOMETRIC_REPRESENTATION_CONTEXT(2) 
PARAMETRIC_REPRESENTATION_CONTEXT() REPRESENTATION_CONTEXT('2D SPACE',''
  ) );
#10172 = ORIENTED_EDGE('',*,*,#10173,.T.);
#10173 = EDGE_CURVE('',#10151,#10102,#10174,.T.);
#10174 = SURFACE_CURVE('',#10175,(#10179,#10186),.PCURVE_S1.);
#10175 = LINE('',#10176,#10177);
#10176 = CARTESIAN_POINT('',(13.940625,74.38203125,16.6));
#10177 = VECTOR('',#10178,1.);
#10178 = DIRECTION('',(1.,0.,0.));
#10179 = PCURVE('',#3659,#10180);
#10180 = DEFINITIONAL_REPRESENTATION('',(#10181),#10185);
#10181 = LINE('',#10182,#10183);
#10182 = CARTESIAN_POINT('',(0.,-0.65));
#10183 = VECTOR('',#10184,1.);
#10184 = DIRECTION('',(1.,0.));
#10185 = ( GEOMETRIC_REPRESENTATION_CONTEXT(2) 
PARAMETRIC_REPRESENTATION_CONTEXT() REPRESENTATION_CONTEXT('2D SPACE',''
  ) );
#10186 = PCURVE('',#10064,#10187);
#10187 = DEFINITIONAL_REPRESENTATION('',(#10188),#10192);
#10188 = LINE('',#10189,#10190);
#10189 = CARTESIAN_POINT('',(0.2296875,0.4390625));
#10190 = VECTOR('',#10191,1.);
#10191 = DIRECTION('',(1.,0.));
#10192 = ( GEOMETRIC_REPRESENTATION_CONTEXT(2) 
PARAMETRIC_REPRESENTATION_CONTEXT() REPRESENTATION_CONTEXT('2D SPACE',''
  ) );
#10193 = ORIENTED_EDGE('',*,*,#10101,.F.);
#10194 = ADVANCED_FACE('',(#10195),#3633,.T.);
#10195 = FACE_BOUND('',#10196,.T.);
#10196 = EDGE_LOOP('',(#10197,#10198,#10199,#10220));
#10197 = ORIENTED_EDGE('',*,*,#3618,.T.);
#10198 = ORIENTED_EDGE('',*,*,#10076,.T.);
#10199 = ORIENTED_EDGE('',*,*,#10200,.T.);
#10200 = EDGE_CURVE('',#10049,#10151,#10201,.T.);
#10201 = SURFACE_CURVE('',#10202,(#10206,#10213),.PCURVE_S1.);
#10202 = LINE('',#10203,#10204);
#10203 = CARTESIAN_POINT('',(13.940625,73.94296875,16.6));
#10204 = VECTOR('',#10205,1.);
#10205 = DIRECTION('',(0.,1.,0.));
#10206 = PCURVE('',#3633,#10207);
#10207 = DEFINITIONAL_REPRESENTATION('',(#10208),#10212);
#10208 = LINE('',#10209,#10210);
#10209 = CARTESIAN_POINT('',(0.,-0.65));
#10210 = VECTOR('',#10211,1.);
#10211 = DIRECTION('',(1.,0.));
#10212 = ( GEOMETRIC_REPRESENTATION_CONTEXT(2) 
PARAMETRIC_REPRESENTATION_CONTEXT() REPRESENTATION_CONTEXT('2D SPACE',''
  ) );
#10213 = PCURVE('',#10064,#10214);
#10214 = DEFINITIONAL_REPRESENTATION('',(#10215),#10219);
#10215 = LINE('',#10216,#10217);
#10216 = CARTESIAN_POINT('',(0.2296875,0.));
#10217 = VECTOR('',#10218,1.);
#10218 = DIRECTION('',(0.,1.));
#10219 = ( GEOMETRIC_REPRESENTATION_CONTEXT(2) 
PARAMETRIC_REPRESENTATION_CONTEXT() REPRESENTATION_CONTEXT('2D SPACE',''
  ) );
#10220 = ORIENTED_EDGE('',*,*,#10150,.F.);
#10221 = ADVANCED_FACE('',(#10222),#3713,.T.);
#10222 = FACE_BOUND('',#10223,.T.);
#10223 = EDGE_LOOP('',(#10224,#10254,#10282,#10303,#10304,#10327,#10353,
    #10379));
#10224 = ORIENTED_EDGE('',*,*,#10225,.F.);
#10225 = EDGE_CURVE('',#10226,#10228,#10230,.T.);
#10226 = VERTEX_POINT('',#10227);
#10227 = CARTESIAN_POINT('',(22.775,71.025,0.2));
#10228 = VERTEX_POINT('',#10229);
#10229 = CARTESIAN_POINT('',(22.775,71.025,3.284901960086));
#10230 = SURFACE_CURVE('',#10231,(#10235,#10242),.PCURVE_S1.);
#10231 = LINE('',#10232,#10233);
#10232 = CARTESIAN_POINT('',(22.775,71.025,0.2));
#10233 = VECTOR('',#10234,1.);
#10234 = DIRECTION('',(0.,0.,1.));
#10235 = PCURVE('',#3713,#10236);
#10236 = DEFINITIONAL_REPRESENTATION('',(#10237),#10241);
#10237 = LINE('',#10238,#10239);
#10238 = CARTESIAN_POINT('',(0.,3.55));
#10239 = VECTOR('',#10240,1.);
#10240 = DIRECTION('',(1.,0.));
#10241 = ( GEOMETRIC_REPRESENTATION_CONTEXT(2) 
PARAMETRIC_REPRESENTATION_CONTEXT() REPRESENTATION_CONTEXT('2D SPACE',''
  ) );
#10242 = PCURVE('',#10243,#10248);
#10243 = PLANE('',#10244);
#10244 = AXIS2_PLACEMENT_3D('',#10245,#10246,#10247);
#10245 = CARTESIAN_POINT('',(22.775,71.025,0.2));
#10246 = DIRECTION('',(1.,0.,0.));
#10247 = DIRECTION('',(0.,0.,1.));
#10248 = DEFINITIONAL_REPRESENTATION('',(#10249),#10253);
#10249 = LINE('',#10250,#10251);
#10250 = CARTESIAN_POINT('',(0.,0.));
#10251 = VECTOR('',#10252,1.);
#10252 = DIRECTION('',(1.,0.));
#10253 = ( GEOMETRIC_REPRESENTATION_CONTEXT(2) 
PARAMETRIC_REPRESENTATION_CONTEXT() REPRESENTATION_CONTEXT('2D SPACE',''
  ) );
#10254 = ORIENTED_EDGE('',*,*,#10255,.F.);
#10255 = EDGE_CURVE('',#10256,#10226,#10258,.T.);
#10256 = VERTEX_POINT('',#10257);
#10257 = CARTESIAN_POINT('',(19.225,71.025,0.2));
#10258 = SURFACE_CURVE('',#10259,(#10263,#10270),.PCURVE_S1.);
#10259 = LINE('',#10260,#10261);
#10260 = CARTESIAN_POINT('',(19.225,71.025,0.2));
#10261 = VECTOR('',#10262,1.);
#10262 = DIRECTION('',(1.,0.,0.));
#10263 = PCURVE('',#3713,#10264);
#10264 = DEFINITIONAL_REPRESENTATION('',(#10265),#10269);
#10265 = LINE('',#10266,#10267);
#10266 = CARTESIAN_POINT('',(0.,0.));
#10267 = VECTOR('',#10268,1.);
#10268 = DIRECTION('',(0.,1.));
#10269 = ( GEOMETRIC_REPRESENTATION_CONTEXT(2) 
PARAMETRIC_REPRESENTATION_CONTEXT() REPRESENTATION_CONTEXT('2D SPACE',''
  ) );
#10270 = PCURVE('',#10271,#10276);
#10271 = PLANE('',#10272);
#10272 = AXIS2_PLACEMENT_3D('',#10273,#10274,#10275);
#10273 = CARTESIAN_POINT('',(19.225,71.025,0.2));
#10274 = DIRECTION('',(0.,0.,1.));
#10275 = DIRECTION('',(1.,0.,0.));
#10276 = DEFINITIONAL_REPRESENTATION('',(#10277),#10281);
#10277 = LINE('',#10278,#10279);
#10278 = CARTESIAN_POINT('',(0.,0.));
#10279 = VECTOR('',#10280,1.);
#10280 = DIRECTION('',(1.,0.));
#10281 = ( GEOMETRIC_REPRESENTATION_CONTEXT(2) 
PARAMETRIC_REPRESENTATION_CONTEXT() REPRESENTATION_CONTEXT('2D SPACE',''
  ) );
#10282 = ORIENTED_EDGE('',*,*,#10283,.T.);
#10283 = EDGE_CURVE('',#10256,#3699,#10284,.T.);
#10284 = SURFACE_CURVE('',#10285,(#10289,#10296),.PCURVE_S1.);
#10285 = LINE('',#10286,#10287);
#10286 = CARTESIAN_POINT('',(19.225,71.025,0.2));
#10287 = VECTOR('',#10288,1.);
#10288 = DIRECTION('',(0.,0.,1.));
#10289 = PCURVE('',#3713,#10290);
#10290 = DEFINITIONAL_REPRESENTATION('',(#10291),#10295);
#10291 = LINE('',#10292,#10293);
#10292 = CARTESIAN_POINT('',(0.,0.));
#10293 = VECTOR('',#10294,1.);
#10294 = DIRECTION('',(1.,0.));
#10295 = ( GEOMETRIC_REPRESENTATION_CONTEXT(2) 
PARAMETRIC_REPRESENTATION_CONTEXT() REPRESENTATION_CONTEXT('2D SPACE',''
  ) );
#10296 = PCURVE('',#3739,#10297);
#10297 = DEFINITIONAL_REPRESENTATION('',(#10298),#10302);
#10298 = LINE('',#10299,#10300);
#10299 = CARTESIAN_POINT('',(0.,0.));
#10300 = VECTOR('',#10301,1.);
#10301 = DIRECTION('',(1.,0.));
#10302 = ( GEOMETRIC_REPRESENTATION_CONTEXT(2) 
PARAMETRIC_REPRESENTATION_CONTEXT() REPRESENTATION_CONTEXT('2D SPACE',''
  ) );
#10303 = ORIENTED_EDGE('',*,*,#3696,.F.);
#10304 = ORIENTED_EDGE('',*,*,#10305,.F.);
#10305 = EDGE_CURVE('',#10306,#3697,#10308,.T.);
#10306 = VERTEX_POINT('',#10307);
#10307 = CARTESIAN_POINT('',(22.775,71.025,4.715098039914));
#10308 = SURFACE_CURVE('',#10309,(#10313,#10320),.PCURVE_S1.);
#10309 = LINE('',#10310,#10311);
#10310 = CARTESIAN_POINT('',(22.775,71.025,0.2));
#10311 = VECTOR('',#10312,1.);
#10312 = DIRECTION('',(0.,0.,1.));
#10313 = PCURVE('',#3713,#10314);
#10314 = DEFINITIONAL_REPRESENTATION('',(#10315),#10319);
#10315 = LINE('',#10316,#10317);
#10316 = CARTESIAN_POINT('',(0.,3.55));
#10317 = VECTOR('',#10318,1.);
#10318 = DIRECTION('',(1.,0.));
#10319 = ( GEOMETRIC_REPRESENTATION_CONTEXT(2) 
PARAMETRIC_REPRESENTATION_CONTEXT() REPRESENTATION_CONTEXT('2D SPACE',''
  ) );
#10320 = PCURVE('',#3789,#10321);
#10321 = DEFINITIONAL_REPRESENTATION('',(#10322),#10326);
#10322 = LINE('',#10323,#10324);
#10323 = CARTESIAN_POINT('',(0.,0.));
#10324 = VECTOR('',#10325,1.);
#10325 = DIRECTION('',(1.,0.));
#10326 = ( GEOMETRIC_REPRESENTATION_CONTEXT(2) 
PARAMETRIC_REPRESENTATION_CONTEXT() REPRESENTATION_CONTEXT('2D SPACE',''
  ) );
#10327 = ORIENTED_EDGE('',*,*,#10328,.F.);
#10328 = EDGE_CURVE('',#10329,#10306,#10331,.T.);
#10329 = VERTEX_POINT('',#10330);
#10330 = CARTESIAN_POINT('',(19.4,71.025,4.715098039914));
#10331 = SURFACE_CURVE('',#10332,(#10336,#10342),.PCURVE_S1.);
#10332 = LINE('',#10333,#10334);
#10333 = CARTESIAN_POINT('',(19.3125,71.025,4.715098039914));
#10334 = VECTOR('',#10335,1.);
#10335 = DIRECTION('',(1.,-0.,0.));
#10336 = PCURVE('',#3713,#10337);
#10337 = DEFINITIONAL_REPRESENTATION('',(#10338),#10341);
#10338 = B_SPLINE_CURVE_WITH_KNOTS('',1,(#10339,#10340),.UNSPECIFIED.,
  .F.,.F.,(2,2),(8.75E-02,3.4625),.PIECEWISE_BEZIER_KNOTS.);
#10339 = CARTESIAN_POINT('',(4.515098039914,0.175));
#10340 = CARTESIAN_POINT('',(4.515098039914,3.55));
#10341 = ( GEOMETRIC_REPRESENTATION_CONTEXT(2) 
PARAMETRIC_REPRESENTATION_CONTEXT() REPRESENTATION_CONTEXT('2D SPACE',''
  ) );
#10342 = PCURVE('',#10343,#10348);
#10343 = PLANE('',#10344);
#10344 = AXIS2_PLACEMENT_3D('',#10345,#10346,#10347);
#10345 = CARTESIAN_POINT('',(19.4,72.806068977079,7.8));
#10346 = DIRECTION('',(0.,0.866025403784,-0.5));
#10347 = DIRECTION('',(0.,-0.5,-0.866025403784));
#10348 = DEFINITIONAL_REPRESENTATION('',(#10349),#10352);
#10349 = B_SPLINE_CURVE_WITH_KNOTS('',1,(#10350,#10351),.UNSPECIFIED.,
  .F.,.F.,(2,2),(8.75E-02,3.4625),.PIECEWISE_BEZIER_KNOTS.);
#10350 = CARTESIAN_POINT('',(3.562137954159,0.));
#10351 = CARTESIAN_POINT('',(3.562137954159,-3.375));
#10352 = ( GEOMETRIC_REPRESENTATION_CONTEXT(2) 
PARAMETRIC_REPRESENTATION_CONTEXT() REPRESENTATION_CONTEXT('2D SPACE',''
  ) );
#10353 = ORIENTED_EDGE('',*,*,#10354,.F.);
#10354 = EDGE_CURVE('',#10355,#10329,#10357,.T.);
#10355 = VERTEX_POINT('',#10356);
#10356 = CARTESIAN_POINT('',(19.4,71.025,3.284901960086));
#10357 = SURFACE_CURVE('',#10358,(#10362,#10368),.PCURVE_S1.);
#10358 = LINE('',#10359,#10360);
#10359 = CARTESIAN_POINT('',(19.4,71.025,2.1));
#10360 = VECTOR('',#10361,1.);
#10361 = DIRECTION('',(0.,0.,1.));
#10362 = PCURVE('',#3713,#10363);
#10363 = DEFINITIONAL_REPRESENTATION('',(#10364),#10367);
#10364 = B_SPLINE_CURVE_WITH_KNOTS('',1,(#10365,#10366),.UNSPECIFIED.,
  .F.,.F.,(2,2),(-1.9,5.7),.PIECEWISE_BEZIER_KNOTS.);
#10365 = CARTESIAN_POINT('',(0.,0.175));
#10366 = CARTESIAN_POINT('',(7.6,0.175));
#10367 = ( GEOMETRIC_REPRESENTATION_CONTEXT(2) 
PARAMETRIC_REPRESENTATION_CONTEXT() REPRESENTATION_CONTEXT('2D SPACE',''
  ) );
#10368 = PCURVE('',#10369,#10374);
#10369 = PLANE('',#10370);
#10370 = AXIS2_PLACEMENT_3D('',#10371,#10372,#10373);
#10371 = CARTESIAN_POINT('',(19.4,75.,4.));
#10372 = DIRECTION('',(1.,0.,0.));
#10373 = DIRECTION('',(-0.,0.,1.));
#10374 = DEFINITIONAL_REPRESENTATION('',(#10375),#10378);
#10375 = B_SPLINE_CURVE_WITH_KNOTS('',1,(#10376,#10377),.UNSPECIFIED.,
  .F.,.F.,(2,2),(-1.9,5.7),.PIECEWISE_BEZIER_KNOTS.);
#10376 = CARTESIAN_POINT('',(-3.8,3.975));
#10377 = CARTESIAN_POINT('',(3.8,3.975));
#10378 = ( GEOMETRIC_REPRESENTATION_CONTEXT(2) 
PARAMETRIC_REPRESENTATION_CONTEXT() REPRESENTATION_CONTEXT('2D SPACE',''
  ) );
#10379 = ORIENTED_EDGE('',*,*,#10380,.F.);
#10380 = EDGE_CURVE('',#10228,#10355,#10381,.T.);
#10381 = SURFACE_CURVE('',#10382,(#10386,#10392),.PCURVE_S1.);
#10382 = LINE('',#10383,#10384);
#10383 = CARTESIAN_POINT('',(19.3125,71.025,3.284901960086));
#10384 = VECTOR('',#10385,1.);
#10385 = DIRECTION('',(-1.,0.,-0.));
#10386 = PCURVE('',#3713,#10387);
#10387 = DEFINITIONAL_REPRESENTATION('',(#10388),#10391);
#10388 = B_SPLINE_CURVE_WITH_KNOTS('',1,(#10389,#10390),.UNSPECIFIED.,
  .F.,.F.,(2,2),(-3.4625,-8.75E-02),.PIECEWISE_BEZIER_KNOTS.);
#10389 = CARTESIAN_POINT('',(3.084901960086,3.55));
#10390 = CARTESIAN_POINT('',(3.084901960086,0.175));
#10391 = ( GEOMETRIC_REPRESENTATION_CONTEXT(2) 
PARAMETRIC_REPRESENTATION_CONTEXT() REPRESENTATION_CONTEXT('2D SPACE',''
  ) );
#10392 = PCURVE('',#10393,#10398);
#10393 = PLANE('',#10394);
#10394 = AXIS2_PLACEMENT_3D('',#10395,#10396,#10397);
#10395 = CARTESIAN_POINT('',(19.4,70.612137954159,4.));
#10396 = DIRECTION('',(-0.,0.866025403784,0.5));
#10397 = DIRECTION('',(0.,0.5,-0.866025403784));
#10398 = DEFINITIONAL_REPRESENTATION('',(#10399),#10402);
#10399 = B_SPLINE_CURVE_WITH_KNOTS('',1,(#10400,#10401),.UNSPECIFIED.,
  .F.,.F.,(2,2),(-3.4625,-8.75E-02),.PIECEWISE_BEZIER_KNOTS.);
#10400 = CARTESIAN_POINT('',(0.825724091682,-3.375));
#10401 = CARTESIAN_POINT('',(0.825724091682,0.));
#10402 = ( GEOMETRIC_REPRESENTATION_CONTEXT(2) 
PARAMETRIC_REPRESENTATION_CONTEXT() REPRESENTATION_CONTEXT('2D SPACE',''
  ) );
#10403 = ADVANCED_FACE('',(#10404),#3789,.F.);
#10404 = FACE_BOUND('',#10405,.F.);
#10405 = EDGE_LOOP('',(#10406,#10407,#10428,#10454,#10480,#10501));
#10406 = ORIENTED_EDGE('',*,*,#10305,.F.);
#10407 = ORIENTED_EDGE('',*,*,#10408,.F.);
#10408 = EDGE_CURVE('',#10409,#10306,#10411,.T.);
#10409 = VERTEX_POINT('',#10410);
#10410 = CARTESIAN_POINT('',(22.775,72.806068977079,7.8));
#10411 = SURFACE_CURVE('',#10412,(#10416,#10422),.PCURVE_S1.);
#10412 = LINE('',#10413,#10414);
#10413 = CARTESIAN_POINT('',(22.775,70.937987087754,4.564387254989));
#10414 = VECTOR('',#10415,1.);
#10415 = DIRECTION('',(0.,-0.5,-0.866025403784));
#10416 = PCURVE('',#3789,#10417);
#10417 = DEFINITIONAL_REPRESENTATION('',(#10418),#10421);
#10418 = B_SPLINE_CURVE_WITH_KNOTS('',1,(#10419,#10420),.UNSPECIFIED.,
  .F.,.F.,(2,2),(-3.736163778651,-0.174025824492),
  .PIECEWISE_BEZIER_KNOTS.);
#10419 = CARTESIAN_POINT('',(7.6,-1.781068977079));
#10420 = CARTESIAN_POINT('',(4.515098039914,8.326672684689E-17));
#10421 = ( GEOMETRIC_REPRESENTATION_CONTEXT(2) 
PARAMETRIC_REPRESENTATION_CONTEXT() REPRESENTATION_CONTEXT('2D SPACE',''
  ) );
#10422 = PCURVE('',#10343,#10423);
#10423 = DEFINITIONAL_REPRESENTATION('',(#10424),#10427);
#10424 = B_SPLINE_CURVE_WITH_KNOTS('',1,(#10425,#10426),.UNSPECIFIED.,
  .F.,.F.,(2,2),(-3.736163778651,-0.174025824492),
  .PIECEWISE_BEZIER_KNOTS.);
#10425 = CARTESIAN_POINT('',(0.,-3.375));
#10426 = CARTESIAN_POINT('',(3.562137954159,-3.375));
#10427 = ( GEOMETRIC_REPRESENTATION_CONTEXT(2) 
PARAMETRIC_REPRESENTATION_CONTEXT() REPRESENTATION_CONTEXT('2D SPACE',''
  ) );
#10428 = ORIENTED_EDGE('',*,*,#10429,.F.);
#10429 = EDGE_CURVE('',#10430,#10409,#10432,.T.);
#10430 = VERTEX_POINT('',#10431);
#10431 = CARTESIAN_POINT('',(22.775,77.193931022921,7.8));
#10432 = SURFACE_CURVE('',#10433,(#10437,#10443),.PCURVE_S1.);
#10433 = LINE('',#10434,#10435);
#10434 = CARTESIAN_POINT('',(22.775,74.10946551146,7.8));
#10435 = VECTOR('',#10436,1.);
#10436 = DIRECTION('',(0.,-1.,1.012085624412E-16));
#10437 = PCURVE('',#3789,#10438);
#10438 = DEFINITIONAL_REPRESENTATION('',(#10439),#10442);
#10439 = B_SPLINE_CURVE_WITH_KNOTS('',1,(#10440,#10441),.UNSPECIFIED.,
  .F.,.F.,(2,2),(-3.08446551146,1.303396534381),
  .PIECEWISE_BEZIER_KNOTS.);
#10440 = CARTESIAN_POINT('',(7.6,-6.168931022921));
#10441 = CARTESIAN_POINT('',(7.6,-1.781068977079));
#10442 = ( GEOMETRIC_REPRESENTATION_CONTEXT(2) 
PARAMETRIC_REPRESENTATION_CONTEXT() REPRESENTATION_CONTEXT('2D SPACE',''
  ) );
#10443 = PCURVE('',#10444,#10449);
#10444 = PLANE('',#10445);
#10445 = AXIS2_PLACEMENT_3D('',#10446,#10447,#10448);
#10446 = CARTESIAN_POINT('',(19.4,77.193931022921,7.8));
#10447 = DIRECTION('',(0.,-1.012085624412E-16,-1.));
#10448 = DIRECTION('',(0.,-1.,1.012085624412E-16));
#10449 = DEFINITIONAL_REPRESENTATION('',(#10450),#10453);
#10450 = B_SPLINE_CURVE_WITH_KNOTS('',1,(#10451,#10452),.UNSPECIFIED.,
  .F.,.F.,(2,2),(-3.08446551146,1.303396534381),
  .PIECEWISE_BEZIER_KNOTS.);
#10451 = CARTESIAN_POINT('',(0.,-3.375));
#10452 = CARTESIAN_POINT('',(4.387862045841,-3.375));
#10453 = ( GEOMETRIC_REPRESENTATION_CONTEXT(2) 
PARAMETRIC_REPRESENTATION_CONTEXT() REPRESENTATION_CONTEXT('2D SPACE',''
  ) );
#10454 = ORIENTED_EDGE('',*,*,#10455,.F.);
#10455 = EDGE_CURVE('',#10456,#10430,#10458,.T.);
#10456 = VERTEX_POINT('',#10457);
#10457 = CARTESIAN_POINT('',(22.775,78.975,4.715098039914));
#10458 = SURFACE_CURVE('',#10459,(#10463,#10469),.PCURVE_S1.);
#10459 = LINE('',#10460,#10461);
#10460 = CARTESIAN_POINT('',(22.775,79.165228423706,4.385612745011));
#10461 = VECTOR('',#10462,1.);
#10462 = DIRECTION('',(0.,-0.5,0.866025403784));
#10463 = PCURVE('',#3789,#10464);
#10464 = DEFINITIONAL_REPRESENTATION('',(#10465),#10468);
#10465 = B_SPLINE_CURVE_WITH_KNOTS('',1,(#10466,#10467),.UNSPECIFIED.,
  .F.,.F.,(2,2),(0.380456847412,3.942594801571),
  .PIECEWISE_BEZIER_KNOTS.);
#10466 = CARTESIAN_POINT('',(4.515098039914,-7.95));
#10467 = CARTESIAN_POINT('',(7.6,-6.168931022921));
#10468 = ( GEOMETRIC_REPRESENTATION_CONTEXT(2) 
PARAMETRIC_REPRESENTATION_CONTEXT() REPRESENTATION_CONTEXT('2D SPACE',''
  ) );
#10469 = PCURVE('',#10470,#10475);
#10470 = PLANE('',#10471);
#10471 = AXIS2_PLACEMENT_3D('',#10472,#10473,#10474);
#10472 = CARTESIAN_POINT('',(19.4,79.387862045841,4.));
#10473 = DIRECTION('',(0.,-0.866025403784,-0.5));
#10474 = DIRECTION('',(0.,-0.5,0.866025403784));
#10475 = DEFINITIONAL_REPRESENTATION('',(#10476),#10479);
#10476 = B_SPLINE_CURVE_WITH_KNOTS('',1,(#10477,#10478),.UNSPECIFIED.,
  .F.,.F.,(2,2),(0.380456847412,3.942594801571),
  .PIECEWISE_BEZIER_KNOTS.);
#10477 = CARTESIAN_POINT('',(0.825724091682,-3.375));
#10478 = CARTESIAN_POINT('',(4.387862045841,-3.375));
#10479 = ( GEOMETRIC_REPRESENTATION_CONTEXT(2) 
PARAMETRIC_REPRESENTATION_CONTEXT() REPRESENTATION_CONTEXT('2D SPACE',''
  ) );
#10480 = ORIENTED_EDGE('',*,*,#10481,.T.);
#10481 = EDGE_CURVE('',#10456,#3751,#10482,.T.);
#10482 = SURFACE_CURVE('',#10483,(#10487,#10494),.PCURVE_S1.);
#10483 = LINE('',#10484,#10485);
#10484 = CARTESIAN_POINT('',(22.775,78.975,0.2));
#10485 = VECTOR('',#10486,1.);
#10486 = DIRECTION('',(0.,0.,1.));
#10487 = PCURVE('',#3789,#10488);
#10488 = DEFINITIONAL_REPRESENTATION('',(#10489),#10493);
#10489 = LINE('',#10490,#10491);
#10490 = CARTESIAN_POINT('',(0.,-7.95));
#10491 = VECTOR('',#10492,1.);
#10492 = DIRECTION('',(1.,0.));
#10493 = ( GEOMETRIC_REPRESENTATION_CONTEXT(2) 
PARAMETRIC_REPRESENTATION_CONTEXT() REPRESENTATION_CONTEXT('2D SPACE',''
  ) );
#10494 = PCURVE('',#3765,#10495);
#10495 = DEFINITIONAL_REPRESENTATION('',(#10496),#10500);
#10496 = LINE('',#10497,#10498);
#10497 = CARTESIAN_POINT('',(0.,3.55));
#10498 = VECTOR('',#10499,1.);
#10499 = DIRECTION('',(1.,0.));
#10500 = ( GEOMETRIC_REPRESENTATION_CONTEXT(2) 
PARAMETRIC_REPRESENTATION_CONTEXT() REPRESENTATION_CONTEXT('2D SPACE',''
  ) );
#10501 = ORIENTED_EDGE('',*,*,#3776,.F.);
#10502 = ADVANCED_FACE('',(#10503,#10551),#3739,.T.);
#10503 = FACE_BOUND('',#10504,.T.);
#10504 = EDGE_LOOP('',(#10505,#10506,#10529,#10550));
#10505 = ORIENTED_EDGE('',*,*,#10283,.F.);
#10506 = ORIENTED_EDGE('',*,*,#10507,.T.);
#10507 = EDGE_CURVE('',#10256,#10508,#10510,.T.);
#10508 = VERTEX_POINT('',#10509);
#10509 = CARTESIAN_POINT('',(19.225,78.975,0.2));
#10510 = SURFACE_CURVE('',#10511,(#10515,#10522),.PCURVE_S1.);
#10511 = LINE('',#10512,#10513);
#10512 = CARTESIAN_POINT('',(19.225,71.025,0.2));
#10513 = VECTOR('',#10514,1.);
#10514 = DIRECTION('',(0.,1.,0.));
#10515 = PCURVE('',#3739,#10516);
#10516 = DEFINITIONAL_REPRESENTATION('',(#10517),#10521);
#10517 = LINE('',#10518,#10519);
#10518 = CARTESIAN_POINT('',(0.,0.));
#10519 = VECTOR('',#10520,1.);
#10520 = DIRECTION('',(0.,-1.));
#10521 = ( GEOMETRIC_REPRESENTATION_CONTEXT(2) 
PARAMETRIC_REPRESENTATION_CONTEXT() REPRESENTATION_CONTEXT('2D SPACE',''
  ) );
#10522 = PCURVE('',#10271,#10523);
#10523 = DEFINITIONAL_REPRESENTATION('',(#10524),#10528);
#10524 = LINE('',#10525,#10526);
#10525 = CARTESIAN_POINT('',(0.,0.));
#10526 = VECTOR('',#10527,1.);
#10527 = DIRECTION('',(0.,1.));
#10528 = ( GEOMETRIC_REPRESENTATION_CONTEXT(2) 
PARAMETRIC_REPRESENTATION_CONTEXT() REPRESENTATION_CONTEXT('2D SPACE',''
  ) );
#10529 = ORIENTED_EDGE('',*,*,#10530,.T.);
#10530 = EDGE_CURVE('',#10508,#3725,#10531,.T.);
#10531 = SURFACE_CURVE('',#10532,(#10536,#10543),.PCURVE_S1.);
#10532 = LINE('',#10533,#10534);
#10533 = CARTESIAN_POINT('',(19.225,78.975,0.2));
#10534 = VECTOR('',#10535,1.);
#10535 = DIRECTION('',(0.,0.,1.));
#10536 = PCURVE('',#3739,#10537);
#10537 = DEFINITIONAL_REPRESENTATION('',(#10538),#10542);
#10538 = LINE('',#10539,#10540);
#10539 = CARTESIAN_POINT('',(0.,-7.95));
#10540 = VECTOR('',#10541,1.);
#10541 = DIRECTION('',(1.,0.));
#10542 = ( GEOMETRIC_REPRESENTATION_CONTEXT(2) 
PARAMETRIC_REPRESENTATION_CONTEXT() REPRESENTATION_CONTEXT('2D SPACE',''
  ) );
#10543 = PCURVE('',#3765,#10544);
#10544 = DEFINITIONAL_REPRESENTATION('',(#10545),#10549);
#10545 = LINE('',#10546,#10547);
#10546 = CARTESIAN_POINT('',(0.,0.));
#10547 = VECTOR('',#10548,1.);
#10548 = DIRECTION('',(1.,0.));
#10549 = ( GEOMETRIC_REPRESENTATION_CONTEXT(2) 
PARAMETRIC_REPRESENTATION_CONTEXT() REPRESENTATION_CONTEXT('2D SPACE',''
  ) );
#10550 = ORIENTED_EDGE('',*,*,#3724,.F.);
#10551 = FACE_BOUND('',#10552,.T.);
#10552 = EDGE_LOOP('',(#10553));
#10553 = ORIENTED_EDGE('',*,*,#6683,.T.);
#10554 = ADVANCED_FACE('',(#10555),#3765,.F.);
#10555 = FACE_BOUND('',#10556,.F.);
#10556 = EDGE_LOOP('',(#10557,#10587,#10608,#10609,#10610,#10611,#10632,
    #10658));
#10557 = ORIENTED_EDGE('',*,*,#10558,.F.);
#10558 = EDGE_CURVE('',#10559,#10561,#10563,.T.);
#10559 = VERTEX_POINT('',#10560);
#10560 = CARTESIAN_POINT('',(22.775,78.975,0.2));
#10561 = VERTEX_POINT('',#10562);
#10562 = CARTESIAN_POINT('',(22.775,78.975,3.284901960086));
#10563 = SURFACE_CURVE('',#10564,(#10568,#10575),.PCURVE_S1.);
#10564 = LINE('',#10565,#10566);
#10565 = CARTESIAN_POINT('',(22.775,78.975,0.2));
#10566 = VECTOR('',#10567,1.);
#10567 = DIRECTION('',(0.,0.,1.));
#10568 = PCURVE('',#3765,#10569);
#10569 = DEFINITIONAL_REPRESENTATION('',(#10570),#10574);
#10570 = LINE('',#10571,#10572);
#10571 = CARTESIAN_POINT('',(0.,3.55));
#10572 = VECTOR('',#10573,1.);
#10573 = DIRECTION('',(1.,0.));
#10574 = ( GEOMETRIC_REPRESENTATION_CONTEXT(2) 
PARAMETRIC_REPRESENTATION_CONTEXT() REPRESENTATION_CONTEXT('2D SPACE',''
  ) );
#10575 = PCURVE('',#10576,#10581);
#10576 = PLANE('',#10577);
#10577 = AXIS2_PLACEMENT_3D('',#10578,#10579,#10580);
#10578 = CARTESIAN_POINT('',(22.775,71.025,0.2));
#10579 = DIRECTION('',(1.,0.,0.));
#10580 = DIRECTION('',(0.,0.,1.));
#10581 = DEFINITIONAL_REPRESENTATION('',(#10582),#10586);
#10582 = LINE('',#10583,#10584);
#10583 = CARTESIAN_POINT('',(0.,-7.95));
#10584 = VECTOR('',#10585,1.);
#10585 = DIRECTION('',(1.,0.));
#10586 = ( GEOMETRIC_REPRESENTATION_CONTEXT(2) 
PARAMETRIC_REPRESENTATION_CONTEXT() REPRESENTATION_CONTEXT('2D SPACE',''
  ) );
#10587 = ORIENTED_EDGE('',*,*,#10588,.F.);
#10588 = EDGE_CURVE('',#10508,#10559,#10589,.T.);
#10589 = SURFACE_CURVE('',#10590,(#10594,#10601),.PCURVE_S1.);
#10590 = LINE('',#10591,#10592);
#10591 = CARTESIAN_POINT('',(19.225,78.975,0.2));
#10592 = VECTOR('',#10593,1.);
#10593 = DIRECTION('',(1.,0.,0.));
#10594 = PCURVE('',#3765,#10595);
#10595 = DEFINITIONAL_REPRESENTATION('',(#10596),#10600);
#10596 = LINE('',#10597,#10598);
#10597 = CARTESIAN_POINT('',(0.,0.));
#10598 = VECTOR('',#10599,1.);
#10599 = DIRECTION('',(0.,1.));
#10600 = ( GEOMETRIC_REPRESENTATION_CONTEXT(2) 
PARAMETRIC_REPRESENTATION_CONTEXT() REPRESENTATION_CONTEXT('2D SPACE',''
  ) );
#10601 = PCURVE('',#10271,#10602);
#10602 = DEFINITIONAL_REPRESENTATION('',(#10603),#10607);
#10603 = LINE('',#10604,#10605);
#10604 = CARTESIAN_POINT('',(0.,7.95));
#10605 = VECTOR('',#10606,1.);
#10606 = DIRECTION('',(1.,0.));
#10607 = ( GEOMETRIC_REPRESENTATION_CONTEXT(2) 
PARAMETRIC_REPRESENTATION_CONTEXT() REPRESENTATION_CONTEXT('2D SPACE',''
  ) );
#10608 = ORIENTED_EDGE('',*,*,#10530,.T.);
#10609 = ORIENTED_EDGE('',*,*,#3750,.F.);
#10610 = ORIENTED_EDGE('',*,*,#10481,.F.);
#10611 = ORIENTED_EDGE('',*,*,#10612,.F.);
#10612 = EDGE_CURVE('',#10613,#10456,#10615,.T.);
#10613 = VERTEX_POINT('',#10614);
#10614 = CARTESIAN_POINT('',(19.4,78.975,4.715098039914));
#10615 = SURFACE_CURVE('',#10616,(#10620,#10626),.PCURVE_S1.);
#10616 = LINE('',#10617,#10618);
#10617 = CARTESIAN_POINT('',(19.3125,78.975,4.715098039914));
#10618 = VECTOR('',#10619,1.);
#10619 = DIRECTION('',(1.,-0.,0.));
#10620 = PCURVE('',#3765,#10621);
#10621 = DEFINITIONAL_REPRESENTATION('',(#10622),#10625);
#10622 = B_SPLINE_CURVE_WITH_KNOTS('',1,(#10623,#10624),.UNSPECIFIED.,
  .F.,.F.,(2,2),(8.75E-02,3.4625),.PIECEWISE_BEZIER_KNOTS.);
#10623 = CARTESIAN_POINT('',(4.515098039914,0.175));
#10624 = CARTESIAN_POINT('',(4.515098039914,3.55));
#10625 = ( GEOMETRIC_REPRESENTATION_CONTEXT(2) 
PARAMETRIC_REPRESENTATION_CONTEXT() REPRESENTATION_CONTEXT('2D SPACE',''
  ) );
#10626 = PCURVE('',#10470,#10627);
#10627 = DEFINITIONAL_REPRESENTATION('',(#10628),#10631);
#10628 = B_SPLINE_CURVE_WITH_KNOTS('',1,(#10629,#10630),.UNSPECIFIED.,
  .F.,.F.,(2,2),(8.75E-02,3.4625),.PIECEWISE_BEZIER_KNOTS.);
#10629 = CARTESIAN_POINT('',(0.825724091682,0.));
#10630 = CARTESIAN_POINT('',(0.825724091682,-3.375));
#10631 = ( GEOMETRIC_REPRESENTATION_CONTEXT(2) 
PARAMETRIC_REPRESENTATION_CONTEXT() REPRESENTATION_CONTEXT('2D SPACE',''
  ) );
#10632 = ORIENTED_EDGE('',*,*,#10633,.F.);
#10633 = EDGE_CURVE('',#10634,#10613,#10636,.T.);
#10634 = VERTEX_POINT('',#10635);
#10635 = CARTESIAN_POINT('',(19.4,78.975,3.284901960086));
#10636 = SURFACE_CURVE('',#10637,(#10641,#10647),.PCURVE_S1.);
#10637 = LINE('',#10638,#10639);
#10638 = CARTESIAN_POINT('',(19.4,78.975,2.1));
#10639 = VECTOR('',#10640,1.);
#10640 = DIRECTION('',(0.,0.,1.));
#10641 = PCURVE('',#3765,#10642);
#10642 = DEFINITIONAL_REPRESENTATION('',(#10643),#10646);
#10643 = B_SPLINE_CURVE_WITH_KNOTS('',1,(#10644,#10645),.UNSPECIFIED.,
  .F.,.F.,(2,2),(-1.9,5.7),.PIECEWISE_BEZIER_KNOTS.);
#10644 = CARTESIAN_POINT('',(0.,0.175));
#10645 = CARTESIAN_POINT('',(7.6,0.175));
#10646 = ( GEOMETRIC_REPRESENTATION_CONTEXT(2) 
PARAMETRIC_REPRESENTATION_CONTEXT() REPRESENTATION_CONTEXT('2D SPACE',''
  ) );
#10647 = PCURVE('',#10648,#10653);
#10648 = PLANE('',#10649);
#10649 = AXIS2_PLACEMENT_3D('',#10650,#10651,#10652);
#10650 = CARTESIAN_POINT('',(19.4,75.,4.));
#10651 = DIRECTION('',(1.,0.,0.));
#10652 = DIRECTION('',(-0.,0.,1.));
#10653 = DEFINITIONAL_REPRESENTATION('',(#10654),#10657);
#10654 = B_SPLINE_CURVE_WITH_KNOTS('',1,(#10655,#10656),.UNSPECIFIED.,
  .F.,.F.,(2,2),(-1.9,5.7),.PIECEWISE_BEZIER_KNOTS.);
#10655 = CARTESIAN_POINT('',(-3.8,-3.975));
#10656 = CARTESIAN_POINT('',(3.8,-3.975));
#10657 = ( GEOMETRIC_REPRESENTATION_CONTEXT(2) 
PARAMETRIC_REPRESENTATION_CONTEXT() REPRESENTATION_CONTEXT('2D SPACE',''
  ) );
#10658 = ORIENTED_EDGE('',*,*,#10659,.F.);
#10659 = EDGE_CURVE('',#10561,#10634,#10660,.T.);
#10660 = SURFACE_CURVE('',#10661,(#10665,#10671),.PCURVE_S1.);
#10661 = LINE('',#10662,#10663);
#10662 = CARTESIAN_POINT('',(19.3125,78.975,3.284901960086));
#10663 = VECTOR('',#10664,1.);
#10664 = DIRECTION('',(-1.,0.,0.));
#10665 = PCURVE('',#3765,#10666);
#10666 = DEFINITIONAL_REPRESENTATION('',(#10667),#10670);
#10667 = B_SPLINE_CURVE_WITH_KNOTS('',1,(#10668,#10669),.UNSPECIFIED.,
  .F.,.F.,(2,2),(-3.4625,-8.75E-02),.PIECEWISE_BEZIER_KNOTS.);
#10668 = CARTESIAN_POINT('',(3.084901960086,3.55));
#10669 = CARTESIAN_POINT('',(3.084901960086,0.175));
#10670 = ( GEOMETRIC_REPRESENTATION_CONTEXT(2) 
PARAMETRIC_REPRESENTATION_CONTEXT() REPRESENTATION_CONTEXT('2D SPACE',''
  ) );
#10671 = PCURVE('',#10672,#10677);
#10672 = PLANE('',#10673);
#10673 = AXIS2_PLACEMENT_3D('',#10674,#10675,#10676);
#10674 = CARTESIAN_POINT('',(19.4,77.193931022921,0.2));
#10675 = DIRECTION('',(0.,-0.866025403784,0.5));
#10676 = DIRECTION('',(0.,0.5,0.866025403784));
#10677 = DEFINITIONAL_REPRESENTATION('',(#10678),#10681);
#10678 = B_SPLINE_CURVE_WITH_KNOTS('',1,(#10679,#10680),.UNSPECIFIED.,
  .F.,.F.,(2,2),(-3.4625,-8.75E-02),.PIECEWISE_BEZIER_KNOTS.);
#10679 = CARTESIAN_POINT('',(3.562137954159,-3.375));
#10680 = CARTESIAN_POINT('',(3.562137954159,0.));
#10681 = ( GEOMETRIC_REPRESENTATION_CONTEXT(2) 
PARAMETRIC_REPRESENTATION_CONTEXT() REPRESENTATION_CONTEXT('2D SPACE',''
  ) );
#10682 = ADVANCED_FACE('',(#10683),#3819,.T.);
#10683 = FACE_BOUND('',#10684,.T.);
#10684 = EDGE_LOOP('',(#10685,#10686,#10709,#10737));
#10685 = ORIENTED_EDGE('',*,*,#3802,.T.);
#10686 = ORIENTED_EDGE('',*,*,#10687,.T.);
#10687 = EDGE_CURVE('',#3805,#10688,#10690,.T.);
#10688 = VERTEX_POINT('',#10689);
#10689 = CARTESIAN_POINT('',(10.2875,73.94296875,16.6));
#10690 = SURFACE_CURVE('',#10691,(#10695,#10702),.PCURVE_S1.);
#10691 = LINE('',#10692,#10693);
#10692 = CARTESIAN_POINT('',(10.2875,73.94296875,15.95));
#10693 = VECTOR('',#10694,1.);
#10694 = DIRECTION('',(0.,0.,1.));
#10695 = PCURVE('',#3819,#10696);
#10696 = DEFINITIONAL_REPRESENTATION('',(#10697),#10701);
#10697 = LINE('',#10698,#10699);
#10698 = CARTESIAN_POINT('',(0.,-0.));
#10699 = VECTOR('',#10700,1.);
#10700 = DIRECTION('',(0.,-1.));
#10701 = ( GEOMETRIC_REPRESENTATION_CONTEXT(2) 
PARAMETRIC_REPRESENTATION_CONTEXT() REPRESENTATION_CONTEXT('2D SPACE',''
  ) );
#10702 = PCURVE('',#4051,#10703);
#10703 = DEFINITIONAL_REPRESENTATION('',(#10704),#10708);
#10704 = LINE('',#10705,#10706);
#10705 = CARTESIAN_POINT('',(1.49375,0.));
#10706 = VECTOR('',#10707,1.);
#10707 = DIRECTION('',(0.,-1.));
#10708 = ( GEOMETRIC_REPRESENTATION_CONTEXT(2) 
PARAMETRIC_REPRESENTATION_CONTEXT() REPRESENTATION_CONTEXT('2D SPACE',''
  ) );
#10709 = ORIENTED_EDGE('',*,*,#10710,.T.);
#10710 = EDGE_CURVE('',#10688,#10711,#10713,.T.);
#10711 = VERTEX_POINT('',#10712);
#10712 = CARTESIAN_POINT('',(9.8578125,73.94296875,16.6));
#10713 = SURFACE_CURVE('',#10714,(#10718,#10725),.PCURVE_S1.);
#10714 = LINE('',#10715,#10716);
#10715 = CARTESIAN_POINT('',(10.2875,73.94296875,16.6));
#10716 = VECTOR('',#10717,1.);
#10717 = DIRECTION('',(-1.,0.,0.));
#10718 = PCURVE('',#3819,#10719);
#10719 = DEFINITIONAL_REPRESENTATION('',(#10720),#10724);
#10720 = LINE('',#10721,#10722);
#10721 = CARTESIAN_POINT('',(0.,-0.65));
#10722 = VECTOR('',#10723,1.);
#10723 = DIRECTION('',(1.,0.));
#10724 = ( GEOMETRIC_REPRESENTATION_CONTEXT(2) 
PARAMETRIC_REPRESENTATION_CONTEXT() REPRESENTATION_CONTEXT('2D SPACE',''
  ) );
#10725 = PCURVE('',#10726,#10731);
#10726 = PLANE('',#10727);
#10727 = AXIS2_PLACEMENT_3D('',#10728,#10729,#10730);
#10728 = CARTESIAN_POINT('',(9.6203125,73.94296875,16.6));
#10729 = DIRECTION('',(0.,0.,1.));
#10730 = DIRECTION('',(1.,0.,0.));
#10731 = DEFINITIONAL_REPRESENTATION('',(#10732),#10736);
#10732 = LINE('',#10733,#10734);
#10733 = CARTESIAN_POINT('',(0.6671875,0.));
#10734 = VECTOR('',#10735,1.);
#10735 = DIRECTION('',(-1.,0.));
#10736 = ( GEOMETRIC_REPRESENTATION_CONTEXT(2) 
PARAMETRIC_REPRESENTATION_CONTEXT() REPRESENTATION_CONTEXT('2D SPACE',''
  ) );
#10737 = ORIENTED_EDGE('',*,*,#10738,.F.);
#10738 = EDGE_CURVE('',#3803,#10711,#10739,.T.);
#10739 = SURFACE_CURVE('',#10740,(#10744,#10751),.PCURVE_S1.);
#10740 = LINE('',#10741,#10742);
#10741 = CARTESIAN_POINT('',(9.8578125,73.94296875,15.95));
#10742 = VECTOR('',#10743,1.);
#10743 = DIRECTION('',(0.,0.,1.));
#10744 = PCURVE('',#3819,#10745);
#10745 = DEFINITIONAL_REPRESENTATION('',(#10746),#10750);
#10746 = LINE('',#10747,#10748);
#10747 = CARTESIAN_POINT('',(0.4296875,0.));
#10748 = VECTOR('',#10749,1.);
#10749 = DIRECTION('',(0.,-1.));
#10750 = ( GEOMETRIC_REPRESENTATION_CONTEXT(2) 
PARAMETRIC_REPRESENTATION_CONTEXT() REPRESENTATION_CONTEXT('2D SPACE',''
  ) );
#10751 = PCURVE('',#3845,#10752);
#10752 = DEFINITIONAL_REPRESENTATION('',(#10753),#10757);
#10753 = LINE('',#10754,#10755);
#10754 = CARTESIAN_POINT('',(0.,0.));
#10755 = VECTOR('',#10756,1.);
#10756 = DIRECTION('',(0.,-1.));
#10757 = ( GEOMETRIC_REPRESENTATION_CONTEXT(2) 
PARAMETRIC_REPRESENTATION_CONTEXT() REPRESENTATION_CONTEXT('2D SPACE',''
  ) );
#10758 = ADVANCED_FACE('',(#10759),#4051,.T.);
#10759 = FACE_BOUND('',#10760,.T.);
#10760 = EDGE_LOOP('',(#10761,#10762,#10785,#10806));
#10761 = ORIENTED_EDGE('',*,*,#4038,.T.);
#10762 = ORIENTED_EDGE('',*,*,#10763,.T.);
#10763 = EDGE_CURVE('',#4013,#10764,#10766,.T.);
#10764 = VERTEX_POINT('',#10765);
#10765 = CARTESIAN_POINT('',(10.2875,75.43671875,16.6));
#10766 = SURFACE_CURVE('',#10767,(#10771,#10778),.PCURVE_S1.);
#10767 = LINE('',#10768,#10769);
#10768 = CARTESIAN_POINT('',(10.2875,75.43671875,15.95));
#10769 = VECTOR('',#10770,1.);
#10770 = DIRECTION('',(0.,0.,1.));
#10771 = PCURVE('',#4051,#10772);
#10772 = DEFINITIONAL_REPRESENTATION('',(#10773),#10777);
#10773 = LINE('',#10774,#10775);
#10774 = CARTESIAN_POINT('',(0.,0.));
#10775 = VECTOR('',#10776,1.);
#10776 = DIRECTION('',(0.,-1.));
#10777 = ( GEOMETRIC_REPRESENTATION_CONTEXT(2) 
PARAMETRIC_REPRESENTATION_CONTEXT() REPRESENTATION_CONTEXT('2D SPACE',''
  ) );
#10778 = PCURVE('',#4027,#10779);
#10779 = DEFINITIONAL_REPRESENTATION('',(#10780),#10784);
#10780 = LINE('',#10781,#10782);
#10781 = CARTESIAN_POINT('',(1.75613948162,0.));
#10782 = VECTOR('',#10783,1.);
#10783 = DIRECTION('',(0.,-1.));
#10784 = ( GEOMETRIC_REPRESENTATION_CONTEXT(2) 
PARAMETRIC_REPRESENTATION_CONTEXT() REPRESENTATION_CONTEXT('2D SPACE',''
  ) );
#10785 = ORIENTED_EDGE('',*,*,#10786,.T.);
#10786 = EDGE_CURVE('',#10764,#10688,#10787,.T.);
#10787 = SURFACE_CURVE('',#10788,(#10792,#10799),.PCURVE_S1.);
#10788 = LINE('',#10789,#10790);
#10789 = CARTESIAN_POINT('',(10.2875,75.43671875,16.6));
#10790 = VECTOR('',#10791,1.);
#10791 = DIRECTION('',(0.,-1.,0.));
#10792 = PCURVE('',#4051,#10793);
#10793 = DEFINITIONAL_REPRESENTATION('',(#10794),#10798);
#10794 = LINE('',#10795,#10796);
#10795 = CARTESIAN_POINT('',(0.,-0.65));
#10796 = VECTOR('',#10797,1.);
#10797 = DIRECTION('',(1.,0.));
#10798 = ( GEOMETRIC_REPRESENTATION_CONTEXT(2) 
PARAMETRIC_REPRESENTATION_CONTEXT() REPRESENTATION_CONTEXT('2D SPACE',''
  ) );
#10799 = PCURVE('',#10726,#10800);
#10800 = DEFINITIONAL_REPRESENTATION('',(#10801),#10805);
#10801 = LINE('',#10802,#10803);
#10802 = CARTESIAN_POINT('',(0.6671875,1.49375));
#10803 = VECTOR('',#10804,1.);
#10804 = DIRECTION('',(0.,-1.));
#10805 = ( GEOMETRIC_REPRESENTATION_CONTEXT(2) 
PARAMETRIC_REPRESENTATION_CONTEXT() REPRESENTATION_CONTEXT('2D SPACE',''
  ) );
#10806 = ORIENTED_EDGE('',*,*,#10687,.F.);
#10807 = ADVANCED_FACE('',(#10808),#4027,.T.);
#10808 = FACE_BOUND('',#10809,.T.);
#10809 = EDGE_LOOP('',(#10810,#10811,#10834,#10855));
#10810 = ORIENTED_EDGE('',*,*,#4012,.T.);
#10811 = ORIENTED_EDGE('',*,*,#10812,.T.);
#10812 = EDGE_CURVE('',#3987,#10813,#10815,.T.);
#10813 = VERTEX_POINT('',#10814);
#10814 = CARTESIAN_POINT('',(11.2109375,73.94296875,16.6));
#10815 = SURFACE_CURVE('',#10816,(#10820,#10827),.PCURVE_S1.);
#10816 = LINE('',#10817,#10818);
#10817 = CARTESIAN_POINT('',(11.2109375,73.94296875,15.95));
#10818 = VECTOR('',#10819,1.);
#10819 = DIRECTION('',(0.,0.,1.));
#10820 = PCURVE('',#4027,#10821);
#10821 = DEFINITIONAL_REPRESENTATION('',(#10822),#10826);
#10822 = LINE('',#10823,#10824);
#10823 = CARTESIAN_POINT('',(0.,0.));
#10824 = VECTOR('',#10825,1.);
#10825 = DIRECTION('',(0.,-1.));
#10826 = ( GEOMETRIC_REPRESENTATION_CONTEXT(2) 
PARAMETRIC_REPRESENTATION_CONTEXT() REPRESENTATION_CONTEXT('2D SPACE',''
  ) );
#10827 = PCURVE('',#4001,#10828);
#10828 = DEFINITIONAL_REPRESENTATION('',(#10829),#10833);
#10829 = LINE('',#10830,#10831);
#10830 = CARTESIAN_POINT('',(0.4640625,0.));
#10831 = VECTOR('',#10832,1.);
#10832 = DIRECTION('',(0.,-1.));
#10833 = ( GEOMETRIC_REPRESENTATION_CONTEXT(2) 
PARAMETRIC_REPRESENTATION_CONTEXT() REPRESENTATION_CONTEXT('2D SPACE',''
  ) );
#10834 = ORIENTED_EDGE('',*,*,#10835,.T.);
#10835 = EDGE_CURVE('',#10813,#10764,#10836,.T.);
#10836 = SURFACE_CURVE('',#10837,(#10841,#10848),.PCURVE_S1.);
#10837 = LINE('',#10838,#10839);
#10838 = CARTESIAN_POINT('',(11.2109375,73.94296875,16.6));
#10839 = VECTOR('',#10840,1.);
#10840 = DIRECTION('',(-0.525833801736,0.850587334112,0.));
#10841 = PCURVE('',#4027,#10842);
#10842 = DEFINITIONAL_REPRESENTATION('',(#10843),#10847);
#10843 = LINE('',#10844,#10845);
#10844 = CARTESIAN_POINT('',(0.,-0.65));
#10845 = VECTOR('',#10846,1.);
#10846 = DIRECTION('',(1.,0.));
#10847 = ( GEOMETRIC_REPRESENTATION_CONTEXT(2) 
PARAMETRIC_REPRESENTATION_CONTEXT() REPRESENTATION_CONTEXT('2D SPACE',''
  ) );
#10848 = PCURVE('',#10726,#10849);
#10849 = DEFINITIONAL_REPRESENTATION('',(#10850),#10854);
#10850 = LINE('',#10851,#10852);
#10851 = CARTESIAN_POINT('',(1.590625,0.));
#10852 = VECTOR('',#10853,1.);
#10853 = DIRECTION('',(-0.525833801736,0.850587334112));
#10854 = ( GEOMETRIC_REPRESENTATION_CONTEXT(2) 
PARAMETRIC_REPRESENTATION_CONTEXT() REPRESENTATION_CONTEXT('2D SPACE',''
  ) );
#10855 = ORIENTED_EDGE('',*,*,#10763,.F.);
#10856 = ADVANCED_FACE('',(#10857),#4001,.T.);
#10857 = FACE_BOUND('',#10858,.T.);
#10858 = EDGE_LOOP('',(#10859,#10860,#10883,#10904));
#10859 = ORIENTED_EDGE('',*,*,#3986,.T.);
#10860 = ORIENTED_EDGE('',*,*,#10861,.T.);
#10861 = EDGE_CURVE('',#3961,#10862,#10864,.T.);
#10862 = VERTEX_POINT('',#10863);
#10863 = CARTESIAN_POINT('',(11.675,73.94296875,16.6));
#10864 = SURFACE_CURVE('',#10865,(#10869,#10876),.PCURVE_S1.);
#10865 = LINE('',#10866,#10867);
#10866 = CARTESIAN_POINT('',(11.675,73.94296875,15.95));
#10867 = VECTOR('',#10868,1.);
#10868 = DIRECTION('',(0.,0.,1.));
#10869 = PCURVE('',#4001,#10870);
#10870 = DEFINITIONAL_REPRESENTATION('',(#10871),#10875);
#10871 = LINE('',#10872,#10873);
#10872 = CARTESIAN_POINT('',(0.,-0.));
#10873 = VECTOR('',#10874,1.);
#10874 = DIRECTION('',(0.,-1.));
#10875 = ( GEOMETRIC_REPRESENTATION_CONTEXT(2) 
PARAMETRIC_REPRESENTATION_CONTEXT() REPRESENTATION_CONTEXT('2D SPACE',''
  ) );
#10876 = PCURVE('',#3975,#10877);
#10877 = DEFINITIONAL_REPRESENTATION('',(#10878),#10882);
#10878 = LINE('',#10879,#10880);
#10879 = CARTESIAN_POINT('',(2.290625,0.));
#10880 = VECTOR('',#10881,1.);
#10881 = DIRECTION('',(0.,-1.));
#10882 = ( GEOMETRIC_REPRESENTATION_CONTEXT(2) 
PARAMETRIC_REPRESENTATION_CONTEXT() REPRESENTATION_CONTEXT('2D SPACE',''
  ) );
#10883 = ORIENTED_EDGE('',*,*,#10884,.T.);
#10884 = EDGE_CURVE('',#10862,#10813,#10885,.T.);
#10885 = SURFACE_CURVE('',#10886,(#10890,#10897),.PCURVE_S1.);
#10886 = LINE('',#10887,#10888);
#10887 = CARTESIAN_POINT('',(11.675,73.94296875,16.6));
#10888 = VECTOR('',#10889,1.);
#10889 = DIRECTION('',(-1.,0.,0.));
#10890 = PCURVE('',#4001,#10891);
#10891 = DEFINITIONAL_REPRESENTATION('',(#10892),#10896);
#10892 = LINE('',#10893,#10894);
#10893 = CARTESIAN_POINT('',(0.,-0.65));
#10894 = VECTOR('',#10895,1.);
#10895 = DIRECTION('',(1.,0.));
#10896 = ( GEOMETRIC_REPRESENTATION_CONTEXT(2) 
PARAMETRIC_REPRESENTATION_CONTEXT() REPRESENTATION_CONTEXT('2D SPACE',''
  ) );
#10897 = PCURVE('',#10726,#10898);
#10898 = DEFINITIONAL_REPRESENTATION('',(#10899),#10903);
#10899 = LINE('',#10900,#10901);
#10900 = CARTESIAN_POINT('',(2.0546875,0.));
#10901 = VECTOR('',#10902,1.);
#10902 = DIRECTION('',(-1.,0.));
#10903 = ( GEOMETRIC_REPRESENTATION_CONTEXT(2) 
PARAMETRIC_REPRESENTATION_CONTEXT() REPRESENTATION_CONTEXT('2D SPACE',''
  ) );
#10904 = ORIENTED_EDGE('',*,*,#10812,.F.);
#10905 = ADVANCED_FACE('',(#10906),#3975,.T.);
#10906 = FACE_BOUND('',#10907,.T.);
#10907 = EDGE_LOOP('',(#10908,#10909,#10932,#10953));
#10908 = ORIENTED_EDGE('',*,*,#3960,.T.);
#10909 = ORIENTED_EDGE('',*,*,#10910,.T.);
#10910 = EDGE_CURVE('',#3935,#10911,#10913,.T.);
#10911 = VERTEX_POINT('',#10912);
#10912 = CARTESIAN_POINT('',(11.675,76.23359375,16.6));
#10913 = SURFACE_CURVE('',#10914,(#10918,#10925),.PCURVE_S1.);
#10914 = LINE('',#10915,#10916);
#10915 = CARTESIAN_POINT('',(11.675,76.23359375,15.95));
#10916 = VECTOR('',#10917,1.);
#10917 = DIRECTION('',(0.,0.,1.));
#10918 = PCURVE('',#3975,#10919);
#10919 = DEFINITIONAL_REPRESENTATION('',(#10920),#10924);
#10920 = LINE('',#10921,#10922);
#10921 = CARTESIAN_POINT('',(0.,0.));
#10922 = VECTOR('',#10923,1.);
#10923 = DIRECTION('',(0.,-1.));
#10924 = ( GEOMETRIC_REPRESENTATION_CONTEXT(2) 
PARAMETRIC_REPRESENTATION_CONTEXT() REPRESENTATION_CONTEXT('2D SPACE',''
  ) );
#10925 = PCURVE('',#3949,#10926);
#10926 = DEFINITIONAL_REPRESENTATION('',(#10927),#10931);
#10927 = LINE('',#10928,#10929);
#10928 = CARTESIAN_POINT('',(0.4296875,0.));
#10929 = VECTOR('',#10930,1.);
#10930 = DIRECTION('',(0.,-1.));
#10931 = ( GEOMETRIC_REPRESENTATION_CONTEXT(2) 
PARAMETRIC_REPRESENTATION_CONTEXT() REPRESENTATION_CONTEXT('2D SPACE',''
  ) );
#10932 = ORIENTED_EDGE('',*,*,#10933,.T.);
#10933 = EDGE_CURVE('',#10911,#10862,#10934,.T.);
#10934 = SURFACE_CURVE('',#10935,(#10939,#10946),.PCURVE_S1.);
#10935 = LINE('',#10936,#10937);
#10936 = CARTESIAN_POINT('',(11.675,76.23359375,16.6));
#10937 = VECTOR('',#10938,1.);
#10938 = DIRECTION('',(0.,-1.,0.));
#10939 = PCURVE('',#3975,#10940);
#10940 = DEFINITIONAL_REPRESENTATION('',(#10941),#10945);
#10941 = LINE('',#10942,#10943);
#10942 = CARTESIAN_POINT('',(0.,-0.65));
#10943 = VECTOR('',#10944,1.);
#10944 = DIRECTION('',(1.,0.));
#10945 = ( GEOMETRIC_REPRESENTATION_CONTEXT(2) 
PARAMETRIC_REPRESENTATION_CONTEXT() REPRESENTATION_CONTEXT('2D SPACE',''
  ) );
#10946 = PCURVE('',#10726,#10947);
#10947 = DEFINITIONAL_REPRESENTATION('',(#10948),#10952);
#10948 = LINE('',#10949,#10950);
#10949 = CARTESIAN_POINT('',(2.0546875,2.290625));
#10950 = VECTOR('',#10951,1.);
#10951 = DIRECTION('',(0.,-1.));
#10952 = ( GEOMETRIC_REPRESENTATION_CONTEXT(2) 
PARAMETRIC_REPRESENTATION_CONTEXT() REPRESENTATION_CONTEXT('2D SPACE',''
  ) );
#10953 = ORIENTED_EDGE('',*,*,#10861,.F.);
#10954 = ADVANCED_FACE('',(#10955),#3949,.T.);
#10955 = FACE_BOUND('',#10956,.T.);
#10956 = EDGE_LOOP('',(#10957,#10958,#10981,#11002));
#10957 = ORIENTED_EDGE('',*,*,#3934,.T.);
#10958 = ORIENTED_EDGE('',*,*,#10959,.T.);
#10959 = EDGE_CURVE('',#3909,#10960,#10962,.T.);
#10960 = VERTEX_POINT('',#10961);
#10961 = CARTESIAN_POINT('',(11.2453125,76.23359375,16.6));
#10962 = SURFACE_CURVE('',#10963,(#10967,#10974),.PCURVE_S1.);
#10963 = LINE('',#10964,#10965);
#10964 = CARTESIAN_POINT('',(11.2453125,76.23359375,15.95));
#10965 = VECTOR('',#10966,1.);
#10966 = DIRECTION('',(0.,0.,1.));
#10967 = PCURVE('',#3949,#10968);
#10968 = DEFINITIONAL_REPRESENTATION('',(#10969),#10973);
#10969 = LINE('',#10970,#10971);
#10970 = CARTESIAN_POINT('',(0.,0.));
#10971 = VECTOR('',#10972,1.);
#10972 = DIRECTION('',(0.,-1.));
#10973 = ( GEOMETRIC_REPRESENTATION_CONTEXT(2) 
PARAMETRIC_REPRESENTATION_CONTEXT() REPRESENTATION_CONTEXT('2D SPACE',''
  ) );
#10974 = PCURVE('',#3923,#10975);
#10975 = DEFINITIONAL_REPRESENTATION('',(#10976),#10980);
#10976 = LINE('',#10977,#10978);
#10977 = CARTESIAN_POINT('',(1.5296875,0.));
#10978 = VECTOR('',#10979,1.);
#10979 = DIRECTION('',(0.,-1.));
#10980 = ( GEOMETRIC_REPRESENTATION_CONTEXT(2) 
PARAMETRIC_REPRESENTATION_CONTEXT() REPRESENTATION_CONTEXT('2D SPACE',''
  ) );
#10981 = ORIENTED_EDGE('',*,*,#10982,.T.);
#10982 = EDGE_CURVE('',#10960,#10911,#10983,.T.);
#10983 = SURFACE_CURVE('',#10984,(#10988,#10995),.PCURVE_S1.);
#10984 = LINE('',#10985,#10986);
#10985 = CARTESIAN_POINT('',(11.2453125,76.23359375,16.6));
#10986 = VECTOR('',#10987,1.);
#10987 = DIRECTION('',(1.,0.,0.));
#10988 = PCURVE('',#3949,#10989);
#10989 = DEFINITIONAL_REPRESENTATION('',(#10990),#10994);
#10990 = LINE('',#10991,#10992);
#10991 = CARTESIAN_POINT('',(0.,-0.65));
#10992 = VECTOR('',#10993,1.);
#10993 = DIRECTION('',(1.,0.));
#10994 = ( GEOMETRIC_REPRESENTATION_CONTEXT(2) 
PARAMETRIC_REPRESENTATION_CONTEXT() REPRESENTATION_CONTEXT('2D SPACE',''
  ) );
#10995 = PCURVE('',#10726,#10996);
#10996 = DEFINITIONAL_REPRESENTATION('',(#10997),#11001);
#10997 = LINE('',#10998,#10999);
#10998 = CARTESIAN_POINT('',(1.625,2.290625));
#10999 = VECTOR('',#11000,1.);
#11000 = DIRECTION('',(1.,0.));
#11001 = ( GEOMETRIC_REPRESENTATION_CONTEXT(2) 
PARAMETRIC_REPRESENTATION_CONTEXT() REPRESENTATION_CONTEXT('2D SPACE',''
  ) );
#11002 = ORIENTED_EDGE('',*,*,#10910,.F.);
#11003 = ADVANCED_FACE('',(#11004),#3923,.T.);
#11004 = FACE_BOUND('',#11005,.T.);
#11005 = EDGE_LOOP('',(#11006,#11007,#11030,#11051));
#11006 = ORIENTED_EDGE('',*,*,#3908,.T.);
#11007 = ORIENTED_EDGE('',*,*,#11008,.T.);
#11008 = EDGE_CURVE('',#3883,#11009,#11011,.T.);
#11009 = VERTEX_POINT('',#11010);
#11010 = CARTESIAN_POINT('',(11.2453125,74.70390625,16.6));
#11011 = SURFACE_CURVE('',#11012,(#11016,#11023),.PCURVE_S1.);
#11012 = LINE('',#11013,#11014);
#11013 = CARTESIAN_POINT('',(11.2453125,74.70390625,15.95));
#11014 = VECTOR('',#11015,1.);
#11015 = DIRECTION('',(0.,0.,1.));
#11016 = PCURVE('',#3923,#11017);
#11017 = DEFINITIONAL_REPRESENTATION('',(#11018),#11022);
#11018 = LINE('',#11019,#11020);
#11019 = CARTESIAN_POINT('',(0.,0.));
#11020 = VECTOR('',#11021,1.);
#11021 = DIRECTION('',(0.,-1.));
#11022 = ( GEOMETRIC_REPRESENTATION_CONTEXT(2) 
PARAMETRIC_REPRESENTATION_CONTEXT() REPRESENTATION_CONTEXT('2D SPACE',''
  ) );
#11023 = PCURVE('',#3897,#11024);
#11024 = DEFINITIONAL_REPRESENTATION('',(#11025),#11029);
#11025 = LINE('',#11026,#11027);
#11026 = CARTESIAN_POINT('',(1.794115408121,0.));
#11027 = VECTOR('',#11028,1.);
#11028 = DIRECTION('',(0.,-1.));
#11029 = ( GEOMETRIC_REPRESENTATION_CONTEXT(2) 
PARAMETRIC_REPRESENTATION_CONTEXT() REPRESENTATION_CONTEXT('2D SPACE',''
  ) );
#11030 = ORIENTED_EDGE('',*,*,#11031,.T.);
#11031 = EDGE_CURVE('',#11009,#10960,#11032,.T.);
#11032 = SURFACE_CURVE('',#11033,(#11037,#11044),.PCURVE_S1.);
#11033 = LINE('',#11034,#11035);
#11034 = CARTESIAN_POINT('',(11.2453125,74.70390625,16.6));
#11035 = VECTOR('',#11036,1.);
#11036 = DIRECTION('',(0.,1.,0.));
#11037 = PCURVE('',#3923,#11038);
#11038 = DEFINITIONAL_REPRESENTATION('',(#11039),#11043);
#11039 = LINE('',#11040,#11041);
#11040 = CARTESIAN_POINT('',(0.,-0.65));
#11041 = VECTOR('',#11042,1.);
#11042 = DIRECTION('',(1.,0.));
#11043 = ( GEOMETRIC_REPRESENTATION_CONTEXT(2) 
PARAMETRIC_REPRESENTATION_CONTEXT() REPRESENTATION_CONTEXT('2D SPACE',''
  ) );
#11044 = PCURVE('',#10726,#11045);
#11045 = DEFINITIONAL_REPRESENTATION('',(#11046),#11050);
#11046 = LINE('',#11047,#11048);
#11047 = CARTESIAN_POINT('',(1.625,0.7609375));
#11048 = VECTOR('',#11049,1.);
#11049 = DIRECTION('',(0.,1.));
#11050 = ( GEOMETRIC_REPRESENTATION_CONTEXT(2) 
PARAMETRIC_REPRESENTATION_CONTEXT() REPRESENTATION_CONTEXT('2D SPACE',''
  ) );
#11051 = ORIENTED_EDGE('',*,*,#10959,.F.);
#11052 = ADVANCED_FACE('',(#11053),#3897,.T.);
#11053 = FACE_BOUND('',#11054,.T.);
#11054 = EDGE_LOOP('',(#11055,#11056,#11079,#11100));
#11055 = ORIENTED_EDGE('',*,*,#3882,.T.);
#11056 = ORIENTED_EDGE('',*,*,#11057,.T.);
#11057 = EDGE_CURVE('',#3857,#11058,#11060,.T.);
#11058 = VERTEX_POINT('',#11059);
#11059 = CARTESIAN_POINT('',(10.3078125,76.23359375,16.6));
#11060 = SURFACE_CURVE('',#11061,(#11065,#11072),.PCURVE_S1.);
#11061 = LINE('',#11062,#11063);
#11062 = CARTESIAN_POINT('',(10.3078125,76.23359375,15.95));
#11063 = VECTOR('',#11064,1.);
#11064 = DIRECTION('',(0.,0.,1.));
#11065 = PCURVE('',#3897,#11066);
#11066 = DEFINITIONAL_REPRESENTATION('',(#11067),#11071);
#11067 = LINE('',#11068,#11069);
#11068 = CARTESIAN_POINT('',(0.,0.));
#11069 = VECTOR('',#11070,1.);
#11070 = DIRECTION('',(0.,-1.));
#11071 = ( GEOMETRIC_REPRESENTATION_CONTEXT(2) 
PARAMETRIC_REPRESENTATION_CONTEXT() REPRESENTATION_CONTEXT('2D SPACE',''
  ) );
#11072 = PCURVE('',#3871,#11073);
#11073 = DEFINITIONAL_REPRESENTATION('',(#11074),#11078);
#11074 = LINE('',#11075,#11076);
#11075 = CARTESIAN_POINT('',(0.45,0.));
#11076 = VECTOR('',#11077,1.);
#11077 = DIRECTION('',(0.,-1.));
#11078 = ( GEOMETRIC_REPRESENTATION_CONTEXT(2) 
PARAMETRIC_REPRESENTATION_CONTEXT() REPRESENTATION_CONTEXT('2D SPACE',''
  ) );
#11079 = ORIENTED_EDGE('',*,*,#11080,.T.);
#11080 = EDGE_CURVE('',#11058,#11009,#11081,.T.);
#11081 = SURFACE_CURVE('',#11082,(#11086,#11093),.PCURVE_S1.);
#11082 = LINE('',#11083,#11084);
#11083 = CARTESIAN_POINT('',(10.3078125,76.23359375,16.6));
#11084 = VECTOR('',#11085,1.);
#11085 = DIRECTION('',(0.522541635703,-0.852613768923,0.));
#11086 = PCURVE('',#3897,#11087);
#11087 = DEFINITIONAL_REPRESENTATION('',(#11088),#11092);
#11088 = LINE('',#11089,#11090);
#11089 = CARTESIAN_POINT('',(0.,-0.65));
#11090 = VECTOR('',#11091,1.);
#11091 = DIRECTION('',(1.,0.));
#11092 = ( GEOMETRIC_REPRESENTATION_CONTEXT(2) 
PARAMETRIC_REPRESENTATION_CONTEXT() REPRESENTATION_CONTEXT('2D SPACE',''
  ) );
#11093 = PCURVE('',#10726,#11094);
#11094 = DEFINITIONAL_REPRESENTATION('',(#11095),#11099);
#11095 = LINE('',#11096,#11097);
#11096 = CARTESIAN_POINT('',(0.6875,2.290625));
#11097 = VECTOR('',#11098,1.);
#11098 = DIRECTION('',(0.522541635703,-0.852613768923));
#11099 = ( GEOMETRIC_REPRESENTATION_CONTEXT(2) 
PARAMETRIC_REPRESENTATION_CONTEXT() REPRESENTATION_CONTEXT('2D SPACE',''
  ) );
#11100 = ORIENTED_EDGE('',*,*,#11008,.F.);
#11101 = ADVANCED_FACE('',(#11102),#3871,.T.);
#11102 = FACE_BOUND('',#11103,.T.);
#11103 = EDGE_LOOP('',(#11104,#11105,#11128,#11149));
#11104 = ORIENTED_EDGE('',*,*,#3856,.T.);
#11105 = ORIENTED_EDGE('',*,*,#11106,.T.);
#11106 = EDGE_CURVE('',#3831,#11107,#11109,.T.);
#11107 = VERTEX_POINT('',#11108);
#11108 = CARTESIAN_POINT('',(9.8578125,76.23359375,16.6));
#11109 = SURFACE_CURVE('',#11110,(#11114,#11121),.PCURVE_S1.);
#11110 = LINE('',#11111,#11112);
#11111 = CARTESIAN_POINT('',(9.8578125,76.23359375,15.95));
#11112 = VECTOR('',#11113,1.);
#11113 = DIRECTION('',(0.,0.,1.));
#11114 = PCURVE('',#3871,#11115);
#11115 = DEFINITIONAL_REPRESENTATION('',(#11116),#11120);
#11116 = LINE('',#11117,#11118);
#11117 = CARTESIAN_POINT('',(0.,0.));
#11118 = VECTOR('',#11119,1.);
#11119 = DIRECTION('',(0.,-1.));
#11120 = ( GEOMETRIC_REPRESENTATION_CONTEXT(2) 
PARAMETRIC_REPRESENTATION_CONTEXT() REPRESENTATION_CONTEXT('2D SPACE',''
  ) );
#11121 = PCURVE('',#3845,#11122);
#11122 = DEFINITIONAL_REPRESENTATION('',(#11123),#11127);
#11123 = LINE('',#11124,#11125);
#11124 = CARTESIAN_POINT('',(2.290625,0.));
#11125 = VECTOR('',#11126,1.);
#11126 = DIRECTION('',(0.,-1.));
#11127 = ( GEOMETRIC_REPRESENTATION_CONTEXT(2) 
PARAMETRIC_REPRESENTATION_CONTEXT() REPRESENTATION_CONTEXT('2D SPACE',''
  ) );
#11128 = ORIENTED_EDGE('',*,*,#11129,.T.);
#11129 = EDGE_CURVE('',#11107,#11058,#11130,.T.);
#11130 = SURFACE_CURVE('',#11131,(#11135,#11142),.PCURVE_S1.);
#11131 = LINE('',#11132,#11133);
#11132 = CARTESIAN_POINT('',(9.8578125,76.23359375,16.6));
#11133 = VECTOR('',#11134,1.);
#11134 = DIRECTION('',(1.,0.,0.));
#11135 = PCURVE('',#3871,#11136);
#11136 = DEFINITIONAL_REPRESENTATION('',(#11137),#11141);
#11137 = LINE('',#11138,#11139);
#11138 = CARTESIAN_POINT('',(0.,-0.65));
#11139 = VECTOR('',#11140,1.);
#11140 = DIRECTION('',(1.,0.));
#11141 = ( GEOMETRIC_REPRESENTATION_CONTEXT(2) 
PARAMETRIC_REPRESENTATION_CONTEXT() REPRESENTATION_CONTEXT('2D SPACE',''
  ) );
#11142 = PCURVE('',#10726,#11143);
#11143 = DEFINITIONAL_REPRESENTATION('',(#11144),#11148);
#11144 = LINE('',#11145,#11146);
#11145 = CARTESIAN_POINT('',(0.2375,2.290625));
#11146 = VECTOR('',#11147,1.);
#11147 = DIRECTION('',(1.,0.));
#11148 = ( GEOMETRIC_REPRESENTATION_CONTEXT(2) 
PARAMETRIC_REPRESENTATION_CONTEXT() REPRESENTATION_CONTEXT('2D SPACE',''
  ) );
#11149 = ORIENTED_EDGE('',*,*,#11057,.F.);
#11150 = ADVANCED_FACE('',(#11151),#3845,.T.);
#11151 = FACE_BOUND('',#11152,.T.);
#11152 = EDGE_LOOP('',(#11153,#11154,#11155,#11176));
#11153 = ORIENTED_EDGE('',*,*,#3830,.T.);
#11154 = ORIENTED_EDGE('',*,*,#10738,.T.);
#11155 = ORIENTED_EDGE('',*,*,#11156,.T.);
#11156 = EDGE_CURVE('',#10711,#11107,#11157,.T.);
#11157 = SURFACE_CURVE('',#11158,(#11162,#11169),.PCURVE_S1.);
#11158 = LINE('',#11159,#11160);
#11159 = CARTESIAN_POINT('',(9.8578125,73.94296875,16.6));
#11160 = VECTOR('',#11161,1.);
#11161 = DIRECTION('',(0.,1.,0.));
#11162 = PCURVE('',#3845,#11163);
#11163 = DEFINITIONAL_REPRESENTATION('',(#11164),#11168);
#11164 = LINE('',#11165,#11166);
#11165 = CARTESIAN_POINT('',(0.,-0.65));
#11166 = VECTOR('',#11167,1.);
#11167 = DIRECTION('',(1.,0.));
#11168 = ( GEOMETRIC_REPRESENTATION_CONTEXT(2) 
PARAMETRIC_REPRESENTATION_CONTEXT() REPRESENTATION_CONTEXT('2D SPACE',''
  ) );
#11169 = PCURVE('',#10726,#11170);
#11170 = DEFINITIONAL_REPRESENTATION('',(#11171),#11175);
#11171 = LINE('',#11172,#11173);
#11172 = CARTESIAN_POINT('',(0.2375,0.));
#11173 = VECTOR('',#11174,1.);
#11174 = DIRECTION('',(0.,1.));
#11175 = ( GEOMETRIC_REPRESENTATION_CONTEXT(2) 
PARAMETRIC_REPRESENTATION_CONTEXT() REPRESENTATION_CONTEXT('2D SPACE',''
  ) );
#11176 = ORIENTED_EDGE('',*,*,#11106,.F.);
#11177 = ADVANCED_FACE('',(#11178),#4081,.T.);
#11178 = FACE_BOUND('',#11179,.T.);
#11179 = EDGE_LOOP('',(#11180,#11181,#11204,#11232));
#11180 = ORIENTED_EDGE('',*,*,#4064,.T.);
#11181 = ORIENTED_EDGE('',*,*,#11182,.T.);
#11182 = EDGE_CURVE('',#4067,#11183,#11185,.T.);
#11183 = VERTEX_POINT('',#11184);
#11184 = CARTESIAN_POINT('',(13.065625,75.79453125,16.6));
#11185 = SURFACE_CURVE('',#11186,(#11190,#11197),.PCURVE_S1.);
#11186 = LINE('',#11187,#11188);
#11187 = CARTESIAN_POINT('',(13.065625,75.79453125,15.95));
#11188 = VECTOR('',#11189,1.);
#11189 = DIRECTION('',(0.,0.,1.));
#11190 = PCURVE('',#4081,#11191);
#11191 = DEFINITIONAL_REPRESENTATION('',(#11192),#11196);
#11192 = LINE('',#11193,#11194);
#11193 = CARTESIAN_POINT('',(0.,-0.));
#11194 = VECTOR('',#11195,1.);
#11195 = DIRECTION('',(0.,-1.));
#11196 = ( GEOMETRIC_REPRESENTATION_CONTEXT(2) 
PARAMETRIC_REPRESENTATION_CONTEXT() REPRESENTATION_CONTEXT('2D SPACE',''
  ) );
#11197 = PCURVE('',#4384,#11198);
#11198 = DEFINITIONAL_REPRESENTATION('',(#11199),#11203);
#11199 = LINE('',#11200,#11201);
#11200 = CARTESIAN_POINT('',(1.,0.));
#11201 = VECTOR('',#11202,1.);
#11202 = DIRECTION('',(0.,-1.));
#11203 = ( GEOMETRIC_REPRESENTATION_CONTEXT(2) 
PARAMETRIC_REPRESENTATION_CONTEXT() REPRESENTATION_CONTEXT('2D SPACE',''
  ) );
#11204 = ORIENTED_EDGE('',*,*,#11205,.T.);
#11205 = EDGE_CURVE('',#11183,#11206,#11208,.T.);
#11206 = VERTEX_POINT('',#11207);
#11207 = CARTESIAN_POINT('',(12.0671875,75.79453125,16.6));
#11208 = SURFACE_CURVE('',#11209,(#11213,#11220),.PCURVE_S1.);
#11209 = LINE('',#11210,#11211);
#11210 = CARTESIAN_POINT('',(13.065625,75.79453125,16.6));
#11211 = VECTOR('',#11212,1.);
#11212 = DIRECTION('',(-1.,0.,0.));
#11213 = PCURVE('',#4081,#11214);
#11214 = DEFINITIONAL_REPRESENTATION('',(#11215),#11219);
#11215 = LINE('',#11216,#11217);
#11216 = CARTESIAN_POINT('',(0.,-0.65));
#11217 = VECTOR('',#11218,1.);
#11218 = DIRECTION('',(1.,0.));
#11219 = ( GEOMETRIC_REPRESENTATION_CONTEXT(2) 
PARAMETRIC_REPRESENTATION_CONTEXT() REPRESENTATION_CONTEXT('2D SPACE',''
  ) );
#11220 = PCURVE('',#11221,#11226);
#11221 = PLANE('',#11222);
#11222 = AXIS2_PLACEMENT_3D('',#11223,#11224,#11225);
#11223 = CARTESIAN_POINT('',(11.93125,73.94296875,16.6));
#11224 = DIRECTION('',(0.,0.,1.));
#11225 = DIRECTION('',(1.,0.,0.));
#11226 = DEFINITIONAL_REPRESENTATION('',(#11227),#11231);
#11227 = LINE('',#11228,#11229);
#11228 = CARTESIAN_POINT('',(1.134375,1.8515625));
#11229 = VECTOR('',#11230,1.);
#11230 = DIRECTION('',(-1.,0.));
#11231 = ( GEOMETRIC_REPRESENTATION_CONTEXT(2) 
PARAMETRIC_REPRESENTATION_CONTEXT() REPRESENTATION_CONTEXT('2D SPACE',''
  ) );
#11232 = ORIENTED_EDGE('',*,*,#11233,.F.);
#11233 = EDGE_CURVE('',#4065,#11206,#11234,.T.);
#11234 = SURFACE_CURVE('',#11235,(#11239,#11246),.PCURVE_S1.);
#11235 = LINE('',#11236,#11237);
#11236 = CARTESIAN_POINT('',(12.0671875,75.79453125,15.95));
#11237 = VECTOR('',#11238,1.);
#11238 = DIRECTION('',(0.,0.,1.));
#11239 = PCURVE('',#4081,#11240);
#11240 = DEFINITIONAL_REPRESENTATION('',(#11241),#11245);
#11241 = LINE('',#11242,#11243);
#11242 = CARTESIAN_POINT('',(0.9984375,0.));
#11243 = VECTOR('',#11244,1.);
#11244 = DIRECTION('',(0.,-1.));
#11245 = ( GEOMETRIC_REPRESENTATION_CONTEXT(2) 
PARAMETRIC_REPRESENTATION_CONTEXT() REPRESENTATION_CONTEXT('2D SPACE',''
  ) );
#11246 = PCURVE('',#4107,#11247);
#11247 = DEFINITIONAL_REPRESENTATION('',(#11248),#11252);
#11248 = LINE('',#11249,#11250);
#11249 = CARTESIAN_POINT('',(0.,0.));
#11250 = VECTOR('',#11251,1.);
#11251 = DIRECTION('',(0.,-1.));
#11252 = ( GEOMETRIC_REPRESENTATION_CONTEXT(2) 
PARAMETRIC_REPRESENTATION_CONTEXT() REPRESENTATION_CONTEXT('2D SPACE',''
  ) );
#11253 = ADVANCED_FACE('',(#11254),#4384,.T.);
#11254 = FACE_BOUND('',#11255,.T.);
#11255 = EDGE_LOOP('',(#11256,#11257,#11280,#11301));
#11256 = ORIENTED_EDGE('',*,*,#4364,.T.);
#11257 = ORIENTED_EDGE('',*,*,#11258,.T.);
#11258 = EDGE_CURVE('',#4326,#11259,#11261,.T.);
#11259 = VERTEX_POINT('',#11260);
#11260 = CARTESIAN_POINT('',(12.57109375,74.91171875,16.6));
#11261 = SURFACE_CURVE('',#11262,(#11266,#11273),.PCURVE_S1.);
#11262 = LINE('',#11263,#11264);
#11263 = CARTESIAN_POINT('',(12.57109375,74.91171875,15.95));
#11264 = VECTOR('',#11265,1.);
#11265 = DIRECTION('',(0.,0.,1.));
#11266 = PCURVE('',#4384,#11267);
#11267 = DEFINITIONAL_REPRESENTATION('',(#11268),#11272);
#11268 = LINE('',#11269,#11270);
#11269 = CARTESIAN_POINT('',(0.,0.));
#11270 = VECTOR('',#11271,1.);
#11271 = DIRECTION('',(0.,-1.));
#11272 = ( GEOMETRIC_REPRESENTATION_CONTEXT(2) 
PARAMETRIC_REPRESENTATION_CONTEXT() REPRESENTATION_CONTEXT('2D SPACE',''
  ) );
#11273 = PCURVE('',#4347,#11274);
#11274 = DEFINITIONAL_REPRESENTATION('',(#11275),#11279);
#11275 = LINE('',#11276,#11277);
#11276 = CARTESIAN_POINT('',(1.,0.));
#11277 = VECTOR('',#11278,1.);
#11278 = DIRECTION('',(0.,-1.));
#11279 = ( GEOMETRIC_REPRESENTATION_CONTEXT(2) 
PARAMETRIC_REPRESENTATION_CONTEXT() REPRESENTATION_CONTEXT('2D SPACE',''
  ) );
#11280 = ORIENTED_EDGE('',*,*,#11281,.T.);
#11281 = EDGE_CURVE('',#11259,#11183,#11282,.T.);
#11282 = SURFACE_CURVE('',#11283,(#11287,#11294),.PCURVE_S1.);
#11283 = B_SPLINE_CURVE_WITH_KNOTS('',2,(#11284,#11285,#11286),
  .UNSPECIFIED.,.F.,.F.,(3,3),(0.,1.),.PIECEWISE_BEZIER_KNOTS.);
#11284 = CARTESIAN_POINT('',(12.57109375,74.91171875,16.6));
#11285 = CARTESIAN_POINT('',(12.75625,75.40546875,16.6));
#11286 = CARTESIAN_POINT('',(13.065625,75.79453125,16.6));
#11287 = PCURVE('',#4384,#11288);
#11288 = DEFINITIONAL_REPRESENTATION('',(#11289),#11293);
#11289 = LINE('',#11290,#11291);
#11290 = CARTESIAN_POINT('',(0.,-0.65));
#11291 = VECTOR('',#11292,1.);
#11292 = DIRECTION('',(1.,0.));
#11293 = ( GEOMETRIC_REPRESENTATION_CONTEXT(2) 
PARAMETRIC_REPRESENTATION_CONTEXT() REPRESENTATION_CONTEXT('2D SPACE',''
  ) );
#11294 = PCURVE('',#11221,#11295);
#11295 = DEFINITIONAL_REPRESENTATION('',(#11296),#11300);
#11296 = B_SPLINE_CURVE_WITH_KNOTS('',2,(#11297,#11298,#11299),
  .UNSPECIFIED.,.F.,.F.,(3,3),(0.,1.),.PIECEWISE_BEZIER_KNOTS.);
#11297 = CARTESIAN_POINT('',(0.63984375,0.96875));
#11298 = CARTESIAN_POINT('',(0.825,1.4625));
#11299 = CARTESIAN_POINT('',(1.134375,1.8515625));
#11300 = ( GEOMETRIC_REPRESENTATION_CONTEXT(2) 
PARAMETRIC_REPRESENTATION_CONTEXT() REPRESENTATION_CONTEXT('2D SPACE',''
  ) );
#11301 = ORIENTED_EDGE('',*,*,#11182,.F.);
#11302 = ADVANCED_FACE('',(#11303),#4347,.T.);
#11303 = FACE_BOUND('',#11304,.T.);
#11304 = EDGE_LOOP('',(#11305,#11306,#11329,#11350));
#11305 = ORIENTED_EDGE('',*,*,#4325,.T.);
#11306 = ORIENTED_EDGE('',*,*,#11307,.T.);
#11307 = EDGE_CURVE('',#4300,#11308,#11310,.T.);
#11308 = VERTEX_POINT('',#11309);
#11309 = CARTESIAN_POINT('',(12.375,73.94296875,16.6));
#11310 = SURFACE_CURVE('',#11311,(#11315,#11322),.PCURVE_S1.);
#11311 = LINE('',#11312,#11313);
#11312 = CARTESIAN_POINT('',(12.375,73.94296875,15.95));
#11313 = VECTOR('',#11314,1.);
#11314 = DIRECTION('',(0.,0.,1.));
#11315 = PCURVE('',#4347,#11316);
#11316 = DEFINITIONAL_REPRESENTATION('',(#11317),#11321);
#11317 = LINE('',#11318,#11319);
#11318 = CARTESIAN_POINT('',(0.,0.));
#11319 = VECTOR('',#11320,1.);
#11320 = DIRECTION('',(0.,-1.));
#11321 = ( GEOMETRIC_REPRESENTATION_CONTEXT(2) 
PARAMETRIC_REPRESENTATION_CONTEXT() REPRESENTATION_CONTEXT('2D SPACE',''
  ) );
#11322 = PCURVE('',#4314,#11323);
#11323 = DEFINITIONAL_REPRESENTATION('',(#11324),#11328);
#11324 = LINE('',#11325,#11326);
#11325 = CARTESIAN_POINT('',(0.4234375,0.));
#11326 = VECTOR('',#11327,1.);
#11327 = DIRECTION('',(0.,-1.));
#11328 = ( GEOMETRIC_REPRESENTATION_CONTEXT(2) 
PARAMETRIC_REPRESENTATION_CONTEXT() REPRESENTATION_CONTEXT('2D SPACE',''
  ) );
#11329 = ORIENTED_EDGE('',*,*,#11330,.T.);
#11330 = EDGE_CURVE('',#11308,#11259,#11331,.T.);
#11331 = SURFACE_CURVE('',#11332,(#11336,#11343),.PCURVE_S1.);
#11332 = B_SPLINE_CURVE_WITH_KNOTS('',2,(#11333,#11334,#11335),
  .UNSPECIFIED.,.F.,.F.,(3,3),(0.,1.),.PIECEWISE_BEZIER_KNOTS.);
#11333 = CARTESIAN_POINT('',(12.375,73.94296875,16.6));
#11334 = CARTESIAN_POINT('',(12.3859375,74.41796875,16.6));
#11335 = CARTESIAN_POINT('',(12.57109375,74.91171875,16.6));
#11336 = PCURVE('',#4347,#11337);
#11337 = DEFINITIONAL_REPRESENTATION('',(#11338),#11342);
#11338 = LINE('',#11339,#11340);
#11339 = CARTESIAN_POINT('',(0.,-0.65));
#11340 = VECTOR('',#11341,1.);
#11341 = DIRECTION('',(1.,0.));
#11342 = ( GEOMETRIC_REPRESENTATION_CONTEXT(2) 
PARAMETRIC_REPRESENTATION_CONTEXT() REPRESENTATION_CONTEXT('2D SPACE',''
  ) );
#11343 = PCURVE('',#11221,#11344);
#11344 = DEFINITIONAL_REPRESENTATION('',(#11345),#11349);
#11345 = B_SPLINE_CURVE_WITH_KNOTS('',2,(#11346,#11347,#11348),
  .UNSPECIFIED.,.F.,.F.,(3,3),(0.,1.),.PIECEWISE_BEZIER_KNOTS.);
#11346 = CARTESIAN_POINT('',(0.44375,0.));
#11347 = CARTESIAN_POINT('',(0.4546875,0.475));
#11348 = CARTESIAN_POINT('',(0.63984375,0.96875));
#11349 = ( GEOMETRIC_REPRESENTATION_CONTEXT(2) 
PARAMETRIC_REPRESENTATION_CONTEXT() REPRESENTATION_CONTEXT('2D SPACE',''
  ) );
#11350 = ORIENTED_EDGE('',*,*,#11258,.F.);
#11351 = ADVANCED_FACE('',(#11352),#4314,.T.);
#11352 = FACE_BOUND('',#11353,.T.);
#11353 = EDGE_LOOP('',(#11354,#11355,#11378,#11399));
#11354 = ORIENTED_EDGE('',*,*,#4299,.T.);
#11355 = ORIENTED_EDGE('',*,*,#11356,.T.);
#11356 = EDGE_CURVE('',#4258,#11357,#11359,.T.);
#11357 = VERTEX_POINT('',#11358);
#11358 = CARTESIAN_POINT('',(12.7984375,73.94296875,16.6));
#11359 = SURFACE_CURVE('',#11360,(#11364,#11371),.PCURVE_S1.);
#11360 = LINE('',#11361,#11362);
#11361 = CARTESIAN_POINT('',(12.7984375,73.94296875,15.95));
#11362 = VECTOR('',#11363,1.);
#11363 = DIRECTION('',(0.,0.,1.));
#11364 = PCURVE('',#4314,#11365);
#11365 = DEFINITIONAL_REPRESENTATION('',(#11366),#11370);
#11366 = LINE('',#11367,#11368);
#11367 = CARTESIAN_POINT('',(0.,-0.));
#11368 = VECTOR('',#11369,1.);
#11369 = DIRECTION('',(0.,-1.));
#11370 = ( GEOMETRIC_REPRESENTATION_CONTEXT(2) 
PARAMETRIC_REPRESENTATION_CONTEXT() REPRESENTATION_CONTEXT('2D SPACE',''
  ) );
#11371 = PCURVE('',#4281,#11372);
#11372 = DEFINITIONAL_REPRESENTATION('',(#11373),#11377);
#11373 = LINE('',#11374,#11375);
#11374 = CARTESIAN_POINT('',(1.,0.));
#11375 = VECTOR('',#11376,1.);
#11376 = DIRECTION('',(0.,-1.));
#11377 = ( GEOMETRIC_REPRESENTATION_CONTEXT(2) 
PARAMETRIC_REPRESENTATION_CONTEXT() REPRESENTATION_CONTEXT('2D SPACE',''
  ) );
#11378 = ORIENTED_EDGE('',*,*,#11379,.T.);
#11379 = EDGE_CURVE('',#11357,#11308,#11380,.T.);
#11380 = SURFACE_CURVE('',#11381,(#11385,#11392),.PCURVE_S1.);
#11381 = LINE('',#11382,#11383);
#11382 = CARTESIAN_POINT('',(12.7984375,73.94296875,16.6));
#11383 = VECTOR('',#11384,1.);
#11384 = DIRECTION('',(-1.,0.,0.));
#11385 = PCURVE('',#4314,#11386);
#11386 = DEFINITIONAL_REPRESENTATION('',(#11387),#11391);
#11387 = LINE('',#11388,#11389);
#11388 = CARTESIAN_POINT('',(0.,-0.65));
#11389 = VECTOR('',#11390,1.);
#11390 = DIRECTION('',(1.,0.));
#11391 = ( GEOMETRIC_REPRESENTATION_CONTEXT(2) 
PARAMETRIC_REPRESENTATION_CONTEXT() REPRESENTATION_CONTEXT('2D SPACE',''
  ) );
#11392 = PCURVE('',#11221,#11393);
#11393 = DEFINITIONAL_REPRESENTATION('',(#11394),#11398);
#11394 = LINE('',#11395,#11396);
#11395 = CARTESIAN_POINT('',(0.8671875,0.));
#11396 = VECTOR('',#11397,1.);
#11397 = DIRECTION('',(-1.,0.));
#11398 = ( GEOMETRIC_REPRESENTATION_CONTEXT(2) 
PARAMETRIC_REPRESENTATION_CONTEXT() REPRESENTATION_CONTEXT('2D SPACE',''
  ) );
#11399 = ORIENTED_EDGE('',*,*,#11307,.F.);
#11400 = ADVANCED_FACE('',(#11401),#4281,.T.);
#11401 = FACE_BOUND('',#11402,.T.);
#11402 = EDGE_LOOP('',(#11403,#11404,#11427,#11448));
#11403 = ORIENTED_EDGE('',*,*,#4257,.T.);
#11404 = ORIENTED_EDGE('',*,*,#11405,.T.);
#11405 = EDGE_CURVE('',#4213,#11406,#11408,.T.);
#11406 = VERTEX_POINT('',#11407);
#11407 = CARTESIAN_POINT('',(12.89765625,74.63125,16.6));
#11408 = SURFACE_CURVE('',#11409,(#11413,#11420),.PCURVE_S1.);
#11409 = LINE('',#11410,#11411);
#11410 = CARTESIAN_POINT('',(12.89765625,74.63125,15.95));
#11411 = VECTOR('',#11412,1.);
#11412 = DIRECTION('',(0.,0.,1.));
#11413 = PCURVE('',#4281,#11414);
#11414 = DEFINITIONAL_REPRESENTATION('',(#11415),#11419);
#11415 = LINE('',#11416,#11417);
#11416 = CARTESIAN_POINT('',(0.,0.));
#11417 = VECTOR('',#11418,1.);
#11418 = DIRECTION('',(0.,-1.));
#11419 = ( GEOMETRIC_REPRESENTATION_CONTEXT(2) 
PARAMETRIC_REPRESENTATION_CONTEXT() REPRESENTATION_CONTEXT('2D SPACE',''
  ) );
#11420 = PCURVE('',#4238,#11421);
#11421 = DEFINITIONAL_REPRESENTATION('',(#11422),#11426);
#11422 = LINE('',#11423,#11424);
#11423 = CARTESIAN_POINT('',(1.,0.));
#11424 = VECTOR('',#11425,1.);
#11425 = DIRECTION('',(0.,-1.));
#11426 = ( GEOMETRIC_REPRESENTATION_CONTEXT(2) 
PARAMETRIC_REPRESENTATION_CONTEXT() REPRESENTATION_CONTEXT('2D SPACE',''
  ) );
#11427 = ORIENTED_EDGE('',*,*,#11428,.T.);
#11428 = EDGE_CURVE('',#11406,#11357,#11429,.T.);
#11429 = SURFACE_CURVE('',#11430,(#11434,#11441),.PCURVE_S1.);
#11430 = B_SPLINE_CURVE_WITH_KNOTS('',2,(#11431,#11432,#11433),
  .UNSPECIFIED.,.F.,.F.,(3,3),(0.,1.),.PIECEWISE_BEZIER_KNOTS.);
#11431 = CARTESIAN_POINT('',(12.89765625,74.63125,16.6));
#11432 = CARTESIAN_POINT('',(12.796875,74.24609375,16.6));
#11433 = CARTESIAN_POINT('',(12.7984375,73.94296875,16.6));
#11434 = PCURVE('',#4281,#11435);
#11435 = DEFINITIONAL_REPRESENTATION('',(#11436),#11440);
#11436 = LINE('',#11437,#11438);
#11437 = CARTESIAN_POINT('',(0.,-0.65));
#11438 = VECTOR('',#11439,1.);
#11439 = DIRECTION('',(1.,0.));
#11440 = ( GEOMETRIC_REPRESENTATION_CONTEXT(2) 
PARAMETRIC_REPRESENTATION_CONTEXT() REPRESENTATION_CONTEXT('2D SPACE',''
  ) );
#11441 = PCURVE('',#11221,#11442);
#11442 = DEFINITIONAL_REPRESENTATION('',(#11443),#11447);
#11443 = B_SPLINE_CURVE_WITH_KNOTS('',2,(#11444,#11445,#11446),
  .UNSPECIFIED.,.F.,.F.,(3,3),(0.,1.),.PIECEWISE_BEZIER_KNOTS.);
#11444 = CARTESIAN_POINT('',(0.96640625,0.68828125));
#11445 = CARTESIAN_POINT('',(0.865625,0.303125));
#11446 = CARTESIAN_POINT('',(0.8671875,0.));
#11447 = ( GEOMETRIC_REPRESENTATION_CONTEXT(2) 
PARAMETRIC_REPRESENTATION_CONTEXT() REPRESENTATION_CONTEXT('2D SPACE',''
  ) );
#11448 = ORIENTED_EDGE('',*,*,#11356,.F.);
#11449 = ADVANCED_FACE('',(#11450),#4238,.T.);
#11450 = FACE_BOUND('',#11451,.T.);
#11451 = EDGE_LOOP('',(#11452,#11453,#11476,#11497));
#11452 = ORIENTED_EDGE('',*,*,#4212,.T.);
#11453 = ORIENTED_EDGE('',*,*,#11454,.T.);
#11454 = EDGE_CURVE('',#4171,#11455,#11457,.T.);
#11455 = VERTEX_POINT('',#11456);
#11456 = CARTESIAN_POINT('',(13.190625,75.35859375,16.6));
#11457 = SURFACE_CURVE('',#11458,(#11462,#11469),.PCURVE_S1.);
#11458 = LINE('',#11459,#11460);
#11459 = CARTESIAN_POINT('',(13.190625,75.35859375,15.95));
#11460 = VECTOR('',#11461,1.);
#11461 = DIRECTION('',(0.,0.,1.));
#11462 = PCURVE('',#4238,#11463);
#11463 = DEFINITIONAL_REPRESENTATION('',(#11464),#11468);
#11464 = LINE('',#11465,#11466);
#11465 = CARTESIAN_POINT('',(0.,0.));
#11466 = VECTOR('',#11467,1.);
#11467 = DIRECTION('',(0.,-1.));
#11468 = ( GEOMETRIC_REPRESENTATION_CONTEXT(2) 
PARAMETRIC_REPRESENTATION_CONTEXT() REPRESENTATION_CONTEXT('2D SPACE',''
  ) );
#11469 = PCURVE('',#4194,#11470);
#11470 = DEFINITIONAL_REPRESENTATION('',(#11471),#11475);
#11471 = LINE('',#11472,#11473);
#11472 = CARTESIAN_POINT('',(1.,0.));
#11473 = VECTOR('',#11474,1.);
#11474 = DIRECTION('',(0.,-1.));
#11475 = ( GEOMETRIC_REPRESENTATION_CONTEXT(2) 
PARAMETRIC_REPRESENTATION_CONTEXT() REPRESENTATION_CONTEXT('2D SPACE',''
  ) );
#11476 = ORIENTED_EDGE('',*,*,#11477,.T.);
#11477 = EDGE_CURVE('',#11455,#11406,#11478,.T.);
#11478 = SURFACE_CURVE('',#11479,(#11483,#11490),.PCURVE_S1.);
#11479 = B_SPLINE_CURVE_WITH_KNOTS('',2,(#11480,#11481,#11482),
  .UNSPECIFIED.,.F.,.F.,(3,3),(0.,1.),.PIECEWISE_BEZIER_KNOTS.);
#11480 = CARTESIAN_POINT('',(13.190625,75.35859375,16.6));
#11481 = CARTESIAN_POINT('',(12.9984375,75.01640625,16.6));
#11482 = CARTESIAN_POINT('',(12.89765625,74.63125,16.6));
#11483 = PCURVE('',#4238,#11484);
#11484 = DEFINITIONAL_REPRESENTATION('',(#11485),#11489);
#11485 = LINE('',#11486,#11487);
#11486 = CARTESIAN_POINT('',(0.,-0.65));
#11487 = VECTOR('',#11488,1.);
#11488 = DIRECTION('',(1.,0.));
#11489 = ( GEOMETRIC_REPRESENTATION_CONTEXT(2) 
PARAMETRIC_REPRESENTATION_CONTEXT() REPRESENTATION_CONTEXT('2D SPACE',''
  ) );
#11490 = PCURVE('',#11221,#11491);
#11491 = DEFINITIONAL_REPRESENTATION('',(#11492),#11496);
#11492 = B_SPLINE_CURVE_WITH_KNOTS('',2,(#11493,#11494,#11495),
  .UNSPECIFIED.,.F.,.F.,(3,3),(0.,1.),.PIECEWISE_BEZIER_KNOTS.);
#11493 = CARTESIAN_POINT('',(1.259375,1.415625));
#11494 = CARTESIAN_POINT('',(1.0671875,1.0734375));
#11495 = CARTESIAN_POINT('',(0.96640625,0.68828125));
#11496 = ( GEOMETRIC_REPRESENTATION_CONTEXT(2) 
PARAMETRIC_REPRESENTATION_CONTEXT() REPRESENTATION_CONTEXT('2D SPACE',''
  ) );
#11497 = ORIENTED_EDGE('',*,*,#11405,.F.);
#11498 = ADVANCED_FACE('',(#11499),#4194,.T.);
#11499 = FACE_BOUND('',#11500,.T.);
#11500 = EDGE_LOOP('',(#11501,#11502,#11525,#11546));
#11501 = ORIENTED_EDGE('',*,*,#4170,.T.);
#11502 = ORIENTED_EDGE('',*,*,#11503,.T.);
#11503 = EDGE_CURVE('',#4145,#11504,#11506,.T.);
#11504 = VERTEX_POINT('',#11505);
#11505 = CARTESIAN_POINT('',(13.56875,75.88359375,16.6));
#11506 = SURFACE_CURVE('',#11507,(#11511,#11518),.PCURVE_S1.);
#11507 = LINE('',#11508,#11509);
#11508 = CARTESIAN_POINT('',(13.56875,75.88359375,15.95));
#11509 = VECTOR('',#11510,1.);
#11510 = DIRECTION('',(0.,0.,1.));
#11511 = PCURVE('',#4194,#11512);
#11512 = DEFINITIONAL_REPRESENTATION('',(#11513),#11517);
#11513 = LINE('',#11514,#11515);
#11514 = CARTESIAN_POINT('',(0.,0.));
#11515 = VECTOR('',#11516,1.);
#11516 = DIRECTION('',(0.,-1.));
#11517 = ( GEOMETRIC_REPRESENTATION_CONTEXT(2) 
PARAMETRIC_REPRESENTATION_CONTEXT() REPRESENTATION_CONTEXT('2D SPACE',''
  ) );
#11518 = PCURVE('',#4159,#11519);
#11519 = DEFINITIONAL_REPRESENTATION('',(#11520),#11524);
#11520 = LINE('',#11521,#11522);
#11521 = CARTESIAN_POINT('',(0.31875,0.));
#11522 = VECTOR('',#11523,1.);
#11523 = DIRECTION('',(0.,-1.));
#11524 = ( GEOMETRIC_REPRESENTATION_CONTEXT(2) 
PARAMETRIC_REPRESENTATION_CONTEXT() REPRESENTATION_CONTEXT('2D SPACE',''
  ) );
#11525 = ORIENTED_EDGE('',*,*,#11526,.T.);
#11526 = EDGE_CURVE('',#11504,#11455,#11527,.T.);
#11527 = SURFACE_CURVE('',#11528,(#11532,#11539),.PCURVE_S1.);
#11528 = B_SPLINE_CURVE_WITH_KNOTS('',2,(#11529,#11530,#11531),
  .UNSPECIFIED.,.F.,.F.,(3,3),(0.,1.),.PIECEWISE_BEZIER_KNOTS.);
#11529 = CARTESIAN_POINT('',(13.56875,75.88359375,16.6));
#11530 = CARTESIAN_POINT('',(13.3828125,75.70078125,16.6));
#11531 = CARTESIAN_POINT('',(13.190625,75.35859375,16.6));
#11532 = PCURVE('',#4194,#11533);
#11533 = DEFINITIONAL_REPRESENTATION('',(#11534),#11538);
#11534 = LINE('',#11535,#11536);
#11535 = CARTESIAN_POINT('',(0.,-0.65));
#11536 = VECTOR('',#11537,1.);
#11537 = DIRECTION('',(1.,0.));
#11538 = ( GEOMETRIC_REPRESENTATION_CONTEXT(2) 
PARAMETRIC_REPRESENTATION_CONTEXT() REPRESENTATION_CONTEXT('2D SPACE',''
  ) );
#11539 = PCURVE('',#11221,#11540);
#11540 = DEFINITIONAL_REPRESENTATION('',(#11541),#11545);
#11541 = B_SPLINE_CURVE_WITH_KNOTS('',2,(#11542,#11543,#11544),
  .UNSPECIFIED.,.F.,.F.,(3,3),(0.,1.),.PIECEWISE_BEZIER_KNOTS.);
#11542 = CARTESIAN_POINT('',(1.6375,1.940625));
#11543 = CARTESIAN_POINT('',(1.4515625,1.7578125));
#11544 = CARTESIAN_POINT('',(1.259375,1.415625));
#11545 = ( GEOMETRIC_REPRESENTATION_CONTEXT(2) 
PARAMETRIC_REPRESENTATION_CONTEXT() REPRESENTATION_CONTEXT('2D SPACE',''
  ) );
#11546 = ORIENTED_EDGE('',*,*,#11454,.F.);
#11547 = ADVANCED_FACE('',(#11548),#4159,.T.);
#11548 = FACE_BOUND('',#11549,.T.);
#11549 = EDGE_LOOP('',(#11550,#11551,#11574,#11595));
#11550 = ORIENTED_EDGE('',*,*,#4144,.T.);
#11551 = ORIENTED_EDGE('',*,*,#11552,.T.);
#11552 = EDGE_CURVE('',#4119,#11553,#11555,.T.);
#11553 = VERTEX_POINT('',#11554);
#11554 = CARTESIAN_POINT('',(13.56875,76.20234375,16.6));
#11555 = SURFACE_CURVE('',#11556,(#11560,#11567),.PCURVE_S1.);
#11556 = LINE('',#11557,#11558);
#11557 = CARTESIAN_POINT('',(13.56875,76.20234375,15.95));
#11558 = VECTOR('',#11559,1.);
#11559 = DIRECTION('',(0.,0.,1.));
#11560 = PCURVE('',#4159,#11561);
#11561 = DEFINITIONAL_REPRESENTATION('',(#11562),#11566);
#11562 = LINE('',#11563,#11564);
#11563 = CARTESIAN_POINT('',(0.,0.));
#11564 = VECTOR('',#11565,1.);
#11565 = DIRECTION('',(0.,-1.));
#11566 = ( GEOMETRIC_REPRESENTATION_CONTEXT(2) 
PARAMETRIC_REPRESENTATION_CONTEXT() REPRESENTATION_CONTEXT('2D SPACE',''
  ) );
#11567 = PCURVE('',#4133,#11568);
#11568 = DEFINITIONAL_REPRESENTATION('',(#11569),#11573);
#11569 = LINE('',#11570,#11571);
#11570 = CARTESIAN_POINT('',(1.5015625,0.));
#11571 = VECTOR('',#11572,1.);
#11572 = DIRECTION('',(0.,-1.));
#11573 = ( GEOMETRIC_REPRESENTATION_CONTEXT(2) 
PARAMETRIC_REPRESENTATION_CONTEXT() REPRESENTATION_CONTEXT('2D SPACE',''
  ) );
#11574 = ORIENTED_EDGE('',*,*,#11575,.T.);
#11575 = EDGE_CURVE('',#11553,#11504,#11576,.T.);
#11576 = SURFACE_CURVE('',#11577,(#11581,#11588),.PCURVE_S1.);
#11577 = LINE('',#11578,#11579);
#11578 = CARTESIAN_POINT('',(13.56875,76.20234375,16.6));
#11579 = VECTOR('',#11580,1.);
#11580 = DIRECTION('',(0.,-1.,0.));
#11581 = PCURVE('',#4159,#11582);
#11582 = DEFINITIONAL_REPRESENTATION('',(#11583),#11587);
#11583 = LINE('',#11584,#11585);
#11584 = CARTESIAN_POINT('',(0.,-0.65));
#11585 = VECTOR('',#11586,1.);
#11586 = DIRECTION('',(1.,0.));
#11587 = ( GEOMETRIC_REPRESENTATION_CONTEXT(2) 
PARAMETRIC_REPRESENTATION_CONTEXT() REPRESENTATION_CONTEXT('2D SPACE',''
  ) );
#11588 = PCURVE('',#11221,#11589);
#11589 = DEFINITIONAL_REPRESENTATION('',(#11590),#11594);
#11590 = LINE('',#11591,#11592);
#11591 = CARTESIAN_POINT('',(1.6375,2.259375));
#11592 = VECTOR('',#11593,1.);
#11593 = DIRECTION('',(0.,-1.));
#11594 = ( GEOMETRIC_REPRESENTATION_CONTEXT(2) 
PARAMETRIC_REPRESENTATION_CONTEXT() REPRESENTATION_CONTEXT('2D SPACE',''
  ) );
#11595 = ORIENTED_EDGE('',*,*,#11503,.F.);
#11596 = ADVANCED_FACE('',(#11597),#4133,.T.);
#11597 = FACE_BOUND('',#11598,.T.);
#11598 = EDGE_LOOP('',(#11599,#11600,#11623,#11644));
#11599 = ORIENTED_EDGE('',*,*,#4118,.T.);
#11600 = ORIENTED_EDGE('',*,*,#11601,.T.);
#11601 = EDGE_CURVE('',#4093,#11602,#11604,.T.);
#11602 = VERTEX_POINT('',#11603);
#11603 = CARTESIAN_POINT('',(12.0671875,76.20234375,16.6));
#11604 = SURFACE_CURVE('',#11605,(#11609,#11616),.PCURVE_S1.);
#11605 = LINE('',#11606,#11607);
#11606 = CARTESIAN_POINT('',(12.0671875,76.20234375,15.95));
#11607 = VECTOR('',#11608,1.);
#11608 = DIRECTION('',(0.,0.,1.));
#11609 = PCURVE('',#4133,#11610);
#11610 = DEFINITIONAL_REPRESENTATION('',(#11611),#11615);
#11611 = LINE('',#11612,#11613);
#11612 = CARTESIAN_POINT('',(0.,0.));
#11613 = VECTOR('',#11614,1.);
#11614 = DIRECTION('',(0.,-1.));
#11615 = ( GEOMETRIC_REPRESENTATION_CONTEXT(2) 
PARAMETRIC_REPRESENTATION_CONTEXT() REPRESENTATION_CONTEXT('2D SPACE',''
  ) );
#11616 = PCURVE('',#4107,#11617);
#11617 = DEFINITIONAL_REPRESENTATION('',(#11618),#11622);
#11618 = LINE('',#11619,#11620);
#11619 = CARTESIAN_POINT('',(0.4078125,0.));
#11620 = VECTOR('',#11621,1.);
#11621 = DIRECTION('',(0.,-1.));
#11622 = ( GEOMETRIC_REPRESENTATION_CONTEXT(2) 
PARAMETRIC_REPRESENTATION_CONTEXT() REPRESENTATION_CONTEXT('2D SPACE',''
  ) );
#11623 = ORIENTED_EDGE('',*,*,#11624,.T.);
#11624 = EDGE_CURVE('',#11602,#11553,#11625,.T.);
#11625 = SURFACE_CURVE('',#11626,(#11630,#11637),.PCURVE_S1.);
#11626 = LINE('',#11627,#11628);
#11627 = CARTESIAN_POINT('',(12.0671875,76.20234375,16.6));
#11628 = VECTOR('',#11629,1.);
#11629 = DIRECTION('',(1.,0.,0.));
#11630 = PCURVE('',#4133,#11631);
#11631 = DEFINITIONAL_REPRESENTATION('',(#11632),#11636);
#11632 = LINE('',#11633,#11634);
#11633 = CARTESIAN_POINT('',(0.,-0.65));
#11634 = VECTOR('',#11635,1.);
#11635 = DIRECTION('',(1.,0.));
#11636 = ( GEOMETRIC_REPRESENTATION_CONTEXT(2) 
PARAMETRIC_REPRESENTATION_CONTEXT() REPRESENTATION_CONTEXT('2D SPACE',''
  ) );
#11637 = PCURVE('',#11221,#11638);
#11638 = DEFINITIONAL_REPRESENTATION('',(#11639),#11643);
#11639 = LINE('',#11640,#11641);
#11640 = CARTESIAN_POINT('',(0.1359375,2.259375));
#11641 = VECTOR('',#11642,1.);
#11642 = DIRECTION('',(1.,0.));
#11643 = ( GEOMETRIC_REPRESENTATION_CONTEXT(2) 
PARAMETRIC_REPRESENTATION_CONTEXT() REPRESENTATION_CONTEXT('2D SPACE',''
  ) );
#11644 = ORIENTED_EDGE('',*,*,#11552,.F.);
#11645 = ADVANCED_FACE('',(#11646),#4107,.T.);
#11646 = FACE_BOUND('',#11647,.T.);
#11647 = EDGE_LOOP('',(#11648,#11649,#11650,#11671));
#11648 = ORIENTED_EDGE('',*,*,#4092,.T.);
#11649 = ORIENTED_EDGE('',*,*,#11233,.T.);
#11650 = ORIENTED_EDGE('',*,*,#11651,.T.);
#11651 = EDGE_CURVE('',#11206,#11602,#11652,.T.);
#11652 = SURFACE_CURVE('',#11653,(#11657,#11664),.PCURVE_S1.);
#11653 = LINE('',#11654,#11655);
#11654 = CARTESIAN_POINT('',(12.0671875,75.79453125,16.6));
#11655 = VECTOR('',#11656,1.);
#11656 = DIRECTION('',(0.,1.,0.));
#11657 = PCURVE('',#4107,#11658);
#11658 = DEFINITIONAL_REPRESENTATION('',(#11659),#11663);
#11659 = LINE('',#11660,#11661);
#11660 = CARTESIAN_POINT('',(0.,-0.65));
#11661 = VECTOR('',#11662,1.);
#11662 = DIRECTION('',(1.,0.));
#11663 = ( GEOMETRIC_REPRESENTATION_CONTEXT(2) 
PARAMETRIC_REPRESENTATION_CONTEXT() REPRESENTATION_CONTEXT('2D SPACE',''
  ) );
#11664 = PCURVE('',#11221,#11665);
#11665 = DEFINITIONAL_REPRESENTATION('',(#11666),#11670);
#11666 = LINE('',#11667,#11668);
#11667 = CARTESIAN_POINT('',(0.1359375,1.8515625));
#11668 = VECTOR('',#11669,1.);
#11669 = DIRECTION('',(0.,1.));
#11670 = ( GEOMETRIC_REPRESENTATION_CONTEXT(2) 
PARAMETRIC_REPRESENTATION_CONTEXT() REPRESENTATION_CONTEXT('2D SPACE',''
  ) );
#11671 = ORIENTED_EDGE('',*,*,#11601,.F.);
#11672 = ADVANCED_FACE('',(#11673),#4420,.T.);
#11673 = FACE_BOUND('',#11674,.T.);
#11674 = EDGE_LOOP('',(#11675,#11676,#11699,#11727));
#11675 = ORIENTED_EDGE('',*,*,#4403,.T.);
#11676 = ORIENTED_EDGE('',*,*,#11677,.T.);
#11677 = EDGE_CURVE('',#4406,#11678,#11680,.T.);
#11678 = VERTEX_POINT('',#11679);
#11679 = CARTESIAN_POINT('',(16.2234375,75.67265625,16.6));
#11680 = SURFACE_CURVE('',#11681,(#11685,#11692),.PCURVE_S1.);
#11681 = LINE('',#11682,#11683);
#11682 = CARTESIAN_POINT('',(16.2234375,75.67265625,15.95));
#11683 = VECTOR('',#11684,1.);
#11684 = DIRECTION('',(0.,0.,1.));
#11685 = PCURVE('',#4420,#11686);
#11686 = DEFINITIONAL_REPRESENTATION('',(#11687),#11691);
#11687 = LINE('',#11688,#11689);
#11688 = CARTESIAN_POINT('',(0.,0.));
#11689 = VECTOR('',#11690,1.);
#11690 = DIRECTION('',(0.,-1.));
#11691 = ( GEOMETRIC_REPRESENTATION_CONTEXT(2) 
PARAMETRIC_REPRESENTATION_CONTEXT() REPRESENTATION_CONTEXT('2D SPACE',''
  ) );
#11692 = PCURVE('',#5159,#11693);
#11693 = DEFINITIONAL_REPRESENTATION('',(#11694),#11698);
#11694 = LINE('',#11695,#11696);
#11695 = CARTESIAN_POINT('',(1.,0.));
#11696 = VECTOR('',#11697,1.);
#11697 = DIRECTION('',(0.,-1.));
#11698 = ( GEOMETRIC_REPRESENTATION_CONTEXT(2) 
PARAMETRIC_REPRESENTATION_CONTEXT() REPRESENTATION_CONTEXT('2D SPACE',''
  ) );
#11699 = ORIENTED_EDGE('',*,*,#11700,.T.);
#11700 = EDGE_CURVE('',#11678,#11701,#11703,.T.);
#11701 = VERTEX_POINT('',#11702);
#11702 = CARTESIAN_POINT('',(15.7984375,75.62578125,16.6));
#11703 = SURFACE_CURVE('',#11704,(#11708,#11715),.PCURVE_S1.);
#11704 = LINE('',#11705,#11706);
#11705 = CARTESIAN_POINT('',(16.2234375,75.67265625,16.6));
#11706 = VECTOR('',#11707,1.);
#11707 = DIRECTION('',(-0.993972540491,-0.109629324319,0.));
#11708 = PCURVE('',#4420,#11709);
#11709 = DEFINITIONAL_REPRESENTATION('',(#11710),#11714);
#11710 = LINE('',#11711,#11712);
#11711 = CARTESIAN_POINT('',(0.,-0.65));
#11712 = VECTOR('',#11713,1.);
#11713 = DIRECTION('',(1.,0.));
#11714 = ( GEOMETRIC_REPRESENTATION_CONTEXT(2) 
PARAMETRIC_REPRESENTATION_CONTEXT() REPRESENTATION_CONTEXT('2D SPACE',''
  ) );
#11715 = PCURVE('',#11716,#11721);
#11716 = PLANE('',#11717);
#11717 = AXIS2_PLACEMENT_3D('',#11718,#11719,#11720);
#11718 = CARTESIAN_POINT('',(14.6,73.94296875,16.6));
#11719 = DIRECTION('',(0.,0.,1.));
#11720 = DIRECTION('',(1.,0.,0.));
#11721 = DEFINITIONAL_REPRESENTATION('',(#11722),#11726);
#11722 = LINE('',#11723,#11724);
#11723 = CARTESIAN_POINT('',(1.6234375,1.7296875));
#11724 = VECTOR('',#11725,1.);
#11725 = DIRECTION('',(-0.993972540491,-0.109629324319));
#11726 = ( GEOMETRIC_REPRESENTATION_CONTEXT(2) 
PARAMETRIC_REPRESENTATION_CONTEXT() REPRESENTATION_CONTEXT('2D SPACE',''
  ) );
#11727 = ORIENTED_EDGE('',*,*,#11728,.F.);
#11728 = EDGE_CURVE('',#4404,#11701,#11729,.T.);
#11729 = SURFACE_CURVE('',#11730,(#11734,#11741),.PCURVE_S1.);
#11730 = LINE('',#11731,#11732);
#11731 = CARTESIAN_POINT('',(15.7984375,75.62578125,15.95));
#11732 = VECTOR('',#11733,1.);
#11733 = DIRECTION('',(0.,0.,1.));
#11734 = PCURVE('',#4420,#11735);
#11735 = DEFINITIONAL_REPRESENTATION('',(#11736),#11740);
#11736 = LINE('',#11737,#11738);
#11737 = CARTESIAN_POINT('',(0.427577204286,0.));
#11738 = VECTOR('',#11739,1.);
#11739 = DIRECTION('',(0.,-1.));
#11740 = ( GEOMETRIC_REPRESENTATION_CONTEXT(2) 
PARAMETRIC_REPRESENTATION_CONTEXT() REPRESENTATION_CONTEXT('2D SPACE',''
  ) );
#11741 = PCURVE('',#4453,#11742);
#11742 = DEFINITIONAL_REPRESENTATION('',(#11743),#11747);
#11743 = LINE('',#11744,#11745);
#11744 = CARTESIAN_POINT('',(0.,0.));
#11745 = VECTOR('',#11746,1.);
#11746 = DIRECTION('',(0.,-1.));
#11747 = ( GEOMETRIC_REPRESENTATION_CONTEXT(2) 
PARAMETRIC_REPRESENTATION_CONTEXT() REPRESENTATION_CONTEXT('2D SPACE',''
  ) );
#11748 = ADVANCED_FACE('',(#11749),#5159,.T.);
#11749 = FACE_BOUND('',#11750,.T.);
#11750 = EDGE_LOOP('',(#11751,#11752,#11775,#11796));
#11751 = ORIENTED_EDGE('',*,*,#5139,.T.);
#11752 = ORIENTED_EDGE('',*,*,#11753,.T.);
#11753 = EDGE_CURVE('',#5089,#11754,#11756,.T.);
#11754 = VERTEX_POINT('',#11755);
#11755 = CARTESIAN_POINT('',(16.00546875,76.096875,16.6));
#11756 = SURFACE_CURVE('',#11757,(#11761,#11768),.PCURVE_S1.);
#11757 = LINE('',#11758,#11759);
#11758 = CARTESIAN_POINT('',(16.00546875,76.096875,15.95));
#11759 = VECTOR('',#11760,1.);
#11760 = DIRECTION('',(0.,0.,1.));
#11761 = PCURVE('',#5159,#11762);
#11762 = DEFINITIONAL_REPRESENTATION('',(#11763),#11767);
#11763 = LINE('',#11764,#11765);
#11764 = CARTESIAN_POINT('',(0.,0.));
#11765 = VECTOR('',#11766,1.);
#11766 = DIRECTION('',(0.,-1.));
#11767 = ( GEOMETRIC_REPRESENTATION_CONTEXT(2) 
PARAMETRIC_REPRESENTATION_CONTEXT() REPRESENTATION_CONTEXT('2D SPACE',''
  ) );
#11768 = PCURVE('',#5118,#11769);
#11769 = DEFINITIONAL_REPRESENTATION('',(#11770),#11774);
#11770 = LINE('',#11771,#11772);
#11771 = CARTESIAN_POINT('',(1.,0.));
#11772 = VECTOR('',#11773,1.);
#11773 = DIRECTION('',(0.,-1.));
#11774 = ( GEOMETRIC_REPRESENTATION_CONTEXT(2) 
PARAMETRIC_REPRESENTATION_CONTEXT() REPRESENTATION_CONTEXT('2D SPACE',''
  ) );
#11775 = ORIENTED_EDGE('',*,*,#11776,.T.);
#11776 = EDGE_CURVE('',#11754,#11678,#11777,.T.);
#11777 = SURFACE_CURVE('',#11778,(#11782,#11789),.PCURVE_S1.);
#11778 = B_SPLINE_CURVE_WITH_KNOTS('',2,(#11779,#11780,#11781),
  .UNSPECIFIED.,.F.,.F.,(3,3),(0.,1.),.PIECEWISE_BEZIER_KNOTS.);
#11779 = CARTESIAN_POINT('',(16.00546875,76.096875,16.6));
#11780 = CARTESIAN_POINT('',(16.1765625,75.95078125,16.6));
#11781 = CARTESIAN_POINT('',(16.2234375,75.67265625,16.6));
#11782 = PCURVE('',#5159,#11783);
#11783 = DEFINITIONAL_REPRESENTATION('',(#11784),#11788);
#11784 = LINE('',#11785,#11786);
#11785 = CARTESIAN_POINT('',(0.,-0.65));
#11786 = VECTOR('',#11787,1.);
#11787 = DIRECTION('',(1.,0.));
#11788 = ( GEOMETRIC_REPRESENTATION_CONTEXT(2) 
PARAMETRIC_REPRESENTATION_CONTEXT() REPRESENTATION_CONTEXT('2D SPACE',''
  ) );
#11789 = PCURVE('',#11716,#11790);
#11790 = DEFINITIONAL_REPRESENTATION('',(#11791),#11795);
#11791 = B_SPLINE_CURVE_WITH_KNOTS('',2,(#11792,#11793,#11794),
  .UNSPECIFIED.,.F.,.F.,(3,3),(0.,1.),.PIECEWISE_BEZIER_KNOTS.);
#11792 = CARTESIAN_POINT('',(1.40546875,2.15390625));
#11793 = CARTESIAN_POINT('',(1.5765625,2.0078125));
#11794 = CARTESIAN_POINT('',(1.6234375,1.7296875));
#11795 = ( GEOMETRIC_REPRESENTATION_CONTEXT(2) 
PARAMETRIC_REPRESENTATION_CONTEXT() REPRESENTATION_CONTEXT('2D SPACE',''
  ) );
#11796 = ORIENTED_EDGE('',*,*,#11677,.F.);
#11797 = ADVANCED_FACE('',(#11798),#5118,.T.);
#11798 = FACE_BOUND('',#11799,.T.);
#11799 = EDGE_LOOP('',(#11800,#11801,#11824,#11845));
#11800 = ORIENTED_EDGE('',*,*,#5088,.T.);
#11801 = ORIENTED_EDGE('',*,*,#11802,.T.);
#11802 = EDGE_CURVE('',#5038,#11803,#11805,.T.);
#11803 = VERTEX_POINT('',#11804);
#11804 = CARTESIAN_POINT('',(15.5734375,76.24296875,16.6));
#11805 = SURFACE_CURVE('',#11806,(#11810,#11817),.PCURVE_S1.);
#11806 = LINE('',#11807,#11808);
#11807 = CARTESIAN_POINT('',(15.5734375,76.24296875,15.95));
#11808 = VECTOR('',#11809,1.);
#11809 = DIRECTION('',(0.,0.,1.));
#11810 = PCURVE('',#5118,#11811);
#11811 = DEFINITIONAL_REPRESENTATION('',(#11812),#11816);
#11812 = LINE('',#11813,#11814);
#11813 = CARTESIAN_POINT('',(0.,0.));
#11814 = VECTOR('',#11815,1.);
#11815 = DIRECTION('',(0.,-1.));
#11816 = ( GEOMETRIC_REPRESENTATION_CONTEXT(2) 
PARAMETRIC_REPRESENTATION_CONTEXT() REPRESENTATION_CONTEXT('2D SPACE',''
  ) );
#11817 = PCURVE('',#5067,#11818);
#11818 = DEFINITIONAL_REPRESENTATION('',(#11819),#11823);
#11819 = LINE('',#11820,#11821);
#11820 = CARTESIAN_POINT('',(1.,0.));
#11821 = VECTOR('',#11822,1.);
#11822 = DIRECTION('',(0.,-1.));
#11823 = ( GEOMETRIC_REPRESENTATION_CONTEXT(2) 
PARAMETRIC_REPRESENTATION_CONTEXT() REPRESENTATION_CONTEXT('2D SPACE',''
  ) );
#11824 = ORIENTED_EDGE('',*,*,#11825,.T.);
#11825 = EDGE_CURVE('',#11803,#11754,#11826,.T.);
#11826 = SURFACE_CURVE('',#11827,(#11831,#11838),.PCURVE_S1.);
#11827 = B_SPLINE_CURVE_WITH_KNOTS('',2,(#11828,#11829,#11830),
  .UNSPECIFIED.,.F.,.F.,(3,3),(0.,1.),.PIECEWISE_BEZIER_KNOTS.);
#11828 = CARTESIAN_POINT('',(15.5734375,76.24296875,16.6));
#11829 = CARTESIAN_POINT('',(15.834375,76.24296875,16.6));
#11830 = CARTESIAN_POINT('',(16.00546875,76.096875,16.6));
#11831 = PCURVE('',#5118,#11832);
#11832 = DEFINITIONAL_REPRESENTATION('',(#11833),#11837);
#11833 = LINE('',#11834,#11835);
#11834 = CARTESIAN_POINT('',(0.,-0.65));
#11835 = VECTOR('',#11836,1.);
#11836 = DIRECTION('',(1.,0.));
#11837 = ( GEOMETRIC_REPRESENTATION_CONTEXT(2) 
PARAMETRIC_REPRESENTATION_CONTEXT() REPRESENTATION_CONTEXT('2D SPACE',''
  ) );
#11838 = PCURVE('',#11716,#11839);
#11839 = DEFINITIONAL_REPRESENTATION('',(#11840),#11844);
#11840 = B_SPLINE_CURVE_WITH_KNOTS('',2,(#11841,#11842,#11843),
  .UNSPECIFIED.,.F.,.F.,(3,3),(0.,1.),.PIECEWISE_BEZIER_KNOTS.);
#11841 = CARTESIAN_POINT('',(0.9734375,2.3));
#11842 = CARTESIAN_POINT('',(1.234375,2.3));
#11843 = CARTESIAN_POINT('',(1.40546875,2.15390625));
#11844 = ( GEOMETRIC_REPRESENTATION_CONTEXT(2) 
PARAMETRIC_REPRESENTATION_CONTEXT() REPRESENTATION_CONTEXT('2D SPACE',''
  ) );
#11845 = ORIENTED_EDGE('',*,*,#11753,.F.);
#11846 = ADVANCED_FACE('',(#11847),#5067,.T.);
#11847 = FACE_BOUND('',#11848,.T.);
#11848 = EDGE_LOOP('',(#11849,#11850,#11873,#11894));
#11849 = ORIENTED_EDGE('',*,*,#5037,.T.);
#11850 = ORIENTED_EDGE('',*,*,#11851,.T.);
#11851 = EDGE_CURVE('',#4981,#11852,#11854,.T.);
#11852 = VERTEX_POINT('',#11853);
#11853 = CARTESIAN_POINT('',(14.96875,75.96484375,16.6));
#11854 = SURFACE_CURVE('',#11855,(#11859,#11866),.PCURVE_S1.);
#11855 = LINE('',#11856,#11857);
#11856 = CARTESIAN_POINT('',(14.96875,75.96484375,15.95));
#11857 = VECTOR('',#11858,1.);
#11858 = DIRECTION('',(0.,0.,1.));
#11859 = PCURVE('',#5067,#11860);
#11860 = DEFINITIONAL_REPRESENTATION('',(#11861),#11865);
#11861 = LINE('',#11862,#11863);
#11862 = CARTESIAN_POINT('',(0.,0.));
#11863 = VECTOR('',#11864,1.);
#11864 = DIRECTION('',(0.,-1.));
#11865 = ( GEOMETRIC_REPRESENTATION_CONTEXT(2) 
PARAMETRIC_REPRESENTATION_CONTEXT() REPRESENTATION_CONTEXT('2D SPACE',''
  ) );
#11866 = PCURVE('',#5014,#11867);
#11867 = DEFINITIONAL_REPRESENTATION('',(#11868),#11872);
#11868 = LINE('',#11869,#11870);
#11869 = CARTESIAN_POINT('',(1.,0.));
#11870 = VECTOR('',#11871,1.);
#11871 = DIRECTION('',(0.,-1.));
#11872 = ( GEOMETRIC_REPRESENTATION_CONTEXT(2) 
PARAMETRIC_REPRESENTATION_CONTEXT() REPRESENTATION_CONTEXT('2D SPACE',''
  ) );
#11873 = ORIENTED_EDGE('',*,*,#11874,.T.);
#11874 = EDGE_CURVE('',#11852,#11803,#11875,.T.);
#11875 = SURFACE_CURVE('',#11876,(#11880,#11887),.PCURVE_S1.);
#11876 = B_SPLINE_CURVE_WITH_KNOTS('',2,(#11877,#11878,#11879),
  .UNSPECIFIED.,.F.,.F.,(3,3),(0.,1.),.PIECEWISE_BEZIER_KNOTS.);
#11877 = CARTESIAN_POINT('',(14.96875,75.96484375,16.6));
#11878 = CARTESIAN_POINT('',(15.2015625,76.24296875,16.6));
#11879 = CARTESIAN_POINT('',(15.5734375,76.24296875,16.6));
#11880 = PCURVE('',#5067,#11881);
#11881 = DEFINITIONAL_REPRESENTATION('',(#11882),#11886);
#11882 = LINE('',#11883,#11884);
#11883 = CARTESIAN_POINT('',(0.,-0.65));
#11884 = VECTOR('',#11885,1.);
#11885 = DIRECTION('',(1.,0.));
#11886 = ( GEOMETRIC_REPRESENTATION_CONTEXT(2) 
PARAMETRIC_REPRESENTATION_CONTEXT() REPRESENTATION_CONTEXT('2D SPACE',''
  ) );
#11887 = PCURVE('',#11716,#11888);
#11888 = DEFINITIONAL_REPRESENTATION('',(#11889),#11893);
#11889 = B_SPLINE_CURVE_WITH_KNOTS('',2,(#11890,#11891,#11892),
  .UNSPECIFIED.,.F.,.F.,(3,3),(0.,1.),.PIECEWISE_BEZIER_KNOTS.);
#11890 = CARTESIAN_POINT('',(0.36875,2.021875));
#11891 = CARTESIAN_POINT('',(0.6015625,2.3));
#11892 = CARTESIAN_POINT('',(0.9734375,2.3));
#11893 = ( GEOMETRIC_REPRESENTATION_CONTEXT(2) 
PARAMETRIC_REPRESENTATION_CONTEXT() REPRESENTATION_CONTEXT('2D SPACE',''
  ) );
#11894 = ORIENTED_EDGE('',*,*,#11802,.F.);
#11895 = ADVANCED_FACE('',(#11896),#5014,.T.);
#11896 = FACE_BOUND('',#11897,.T.);
#11897 = EDGE_LOOP('',(#11898,#11899,#11922,#11943));
#11898 = ORIENTED_EDGE('',*,*,#4980,.T.);
#11899 = ORIENTED_EDGE('',*,*,#11900,.T.);
#11900 = EDGE_CURVE('',#4924,#11901,#11903,.T.);
#11901 = VERTEX_POINT('',#11902);
#11902 = CARTESIAN_POINT('',(14.7359375,75.05703125,16.6));
#11903 = SURFACE_CURVE('',#11904,(#11908,#11915),.PCURVE_S1.);
#11904 = LINE('',#11905,#11906);
#11905 = CARTESIAN_POINT('',(14.7359375,75.05703125,15.95));
#11906 = VECTOR('',#11907,1.);
#11907 = DIRECTION('',(0.,0.,1.));
#11908 = PCURVE('',#5014,#11909);
#11909 = DEFINITIONAL_REPRESENTATION('',(#11910),#11914);
#11910 = LINE('',#11911,#11912);
#11911 = CARTESIAN_POINT('',(0.,0.));
#11912 = VECTOR('',#11913,1.);
#11913 = DIRECTION('',(0.,-1.));
#11914 = ( GEOMETRIC_REPRESENTATION_CONTEXT(2) 
PARAMETRIC_REPRESENTATION_CONTEXT() REPRESENTATION_CONTEXT('2D SPACE',''
  ) );
#11915 = PCURVE('',#4957,#11916);
#11916 = DEFINITIONAL_REPRESENTATION('',(#11917),#11921);
#11917 = LINE('',#11918,#11919);
#11918 = CARTESIAN_POINT('',(1.,0.));
#11919 = VECTOR('',#11920,1.);
#11920 = DIRECTION('',(0.,-1.));
#11921 = ( GEOMETRIC_REPRESENTATION_CONTEXT(2) 
PARAMETRIC_REPRESENTATION_CONTEXT() REPRESENTATION_CONTEXT('2D SPACE',''
  ) );
#11922 = ORIENTED_EDGE('',*,*,#11923,.T.);
#11923 = EDGE_CURVE('',#11901,#11852,#11924,.T.);
#11924 = SURFACE_CURVE('',#11925,(#11929,#11936),.PCURVE_S1.);
#11925 = B_SPLINE_CURVE_WITH_KNOTS('',2,(#11926,#11927,#11928),
  .UNSPECIFIED.,.F.,.F.,(3,3),(0.,1.),.PIECEWISE_BEZIER_KNOTS.);
#11926 = CARTESIAN_POINT('',(14.7359375,75.05703125,16.6));
#11927 = CARTESIAN_POINT('',(14.7359375,75.68671875,16.6));
#11928 = CARTESIAN_POINT('',(14.96875,75.96484375,16.6));
#11929 = PCURVE('',#5014,#11930);
#11930 = DEFINITIONAL_REPRESENTATION('',(#11931),#11935);
#11931 = LINE('',#11932,#11933);
#11932 = CARTESIAN_POINT('',(0.,-0.65));
#11933 = VECTOR('',#11934,1.);
#11934 = DIRECTION('',(1.,0.));
#11935 = ( GEOMETRIC_REPRESENTATION_CONTEXT(2) 
PARAMETRIC_REPRESENTATION_CONTEXT() REPRESENTATION_CONTEXT('2D SPACE',''
  ) );
#11936 = PCURVE('',#11716,#11937);
#11937 = DEFINITIONAL_REPRESENTATION('',(#11938),#11942);
#11938 = B_SPLINE_CURVE_WITH_KNOTS('',2,(#11939,#11940,#11941),
  .UNSPECIFIED.,.F.,.F.,(3,3),(0.,1.),.PIECEWISE_BEZIER_KNOTS.);
#11939 = CARTESIAN_POINT('',(0.1359375,1.1140625));
#11940 = CARTESIAN_POINT('',(0.1359375,1.74375));
#11941 = CARTESIAN_POINT('',(0.36875,2.021875));
#11942 = ( GEOMETRIC_REPRESENTATION_CONTEXT(2) 
PARAMETRIC_REPRESENTATION_CONTEXT() REPRESENTATION_CONTEXT('2D SPACE',''
  ) );
#11943 = ORIENTED_EDGE('',*,*,#11851,.F.);
#11944 = ADVANCED_FACE('',(#11945),#4957,.T.);
#11945 = FACE_BOUND('',#11946,.T.);
#11946 = EDGE_LOOP('',(#11947,#11948,#11971,#11992));
#11947 = ORIENTED_EDGE('',*,*,#4923,.T.);
#11948 = ORIENTED_EDGE('',*,*,#11949,.T.);
#11949 = EDGE_CURVE('',#4873,#11950,#11952,.T.);
#11950 = VERTEX_POINT('',#11951);
#11951 = CARTESIAN_POINT('',(14.959375,74.1734375,16.6));
#11952 = SURFACE_CURVE('',#11953,(#11957,#11964),.PCURVE_S1.);
#11953 = LINE('',#11954,#11955);
#11954 = CARTESIAN_POINT('',(14.959375,74.1734375,15.95));
#11955 = VECTOR('',#11956,1.);
#11956 = DIRECTION('',(0.,0.,1.));
#11957 = PCURVE('',#4957,#11958);
#11958 = DEFINITIONAL_REPRESENTATION('',(#11959),#11963);
#11959 = LINE('',#11960,#11961);
#11960 = CARTESIAN_POINT('',(0.,0.));
#11961 = VECTOR('',#11962,1.);
#11962 = DIRECTION('',(0.,-1.));
#11963 = ( GEOMETRIC_REPRESENTATION_CONTEXT(2) 
PARAMETRIC_REPRESENTATION_CONTEXT() REPRESENTATION_CONTEXT('2D SPACE',''
  ) );
#11964 = PCURVE('',#4902,#11965);
#11965 = DEFINITIONAL_REPRESENTATION('',(#11966),#11970);
#11966 = LINE('',#11967,#11968);
#11967 = CARTESIAN_POINT('',(1.,0.));
#11968 = VECTOR('',#11969,1.);
#11969 = DIRECTION('',(0.,-1.));
#11970 = ( GEOMETRIC_REPRESENTATION_CONTEXT(2) 
PARAMETRIC_REPRESENTATION_CONTEXT() REPRESENTATION_CONTEXT('2D SPACE',''
  ) );
#11971 = ORIENTED_EDGE('',*,*,#11972,.T.);
#11972 = EDGE_CURVE('',#11950,#11901,#11973,.T.);
#11973 = SURFACE_CURVE('',#11974,(#11978,#11985),.PCURVE_S1.);
#11974 = B_SPLINE_CURVE_WITH_KNOTS('',2,(#11975,#11976,#11977),
  .UNSPECIFIED.,.F.,.F.,(3,3),(0.,1.),.PIECEWISE_BEZIER_KNOTS.);
#11975 = CARTESIAN_POINT('',(14.959375,74.1734375,16.6));
#11976 = CARTESIAN_POINT('',(14.7359375,74.44296875,16.6));
#11977 = CARTESIAN_POINT('',(14.7359375,75.05703125,16.6));
#11978 = PCURVE('',#4957,#11979);
#11979 = DEFINITIONAL_REPRESENTATION('',(#11980),#11984);
#11980 = LINE('',#11981,#11982);
#11981 = CARTESIAN_POINT('',(0.,-0.65));
#11982 = VECTOR('',#11983,1.);
#11983 = DIRECTION('',(1.,0.));
#11984 = ( GEOMETRIC_REPRESENTATION_CONTEXT(2) 
PARAMETRIC_REPRESENTATION_CONTEXT() REPRESENTATION_CONTEXT('2D SPACE',''
  ) );
#11985 = PCURVE('',#11716,#11986);
#11986 = DEFINITIONAL_REPRESENTATION('',(#11987),#11991);
#11987 = B_SPLINE_CURVE_WITH_KNOTS('',2,(#11988,#11989,#11990),
  .UNSPECIFIED.,.F.,.F.,(3,3),(0.,1.),.PIECEWISE_BEZIER_KNOTS.);
#11988 = CARTESIAN_POINT('',(0.359375,0.23046875));
#11989 = CARTESIAN_POINT('',(0.1359375,0.5));
#11990 = CARTESIAN_POINT('',(0.1359375,1.1140625));
#11991 = ( GEOMETRIC_REPRESENTATION_CONTEXT(2) 
PARAMETRIC_REPRESENTATION_CONTEXT() REPRESENTATION_CONTEXT('2D SPACE',''
  ) );
#11992 = ORIENTED_EDGE('',*,*,#11900,.F.);
#11993 = ADVANCED_FACE('',(#11994),#4902,.T.);
#11994 = FACE_BOUND('',#11995,.T.);
#11995 = EDGE_LOOP('',(#11996,#11997,#12020,#12041));
#11996 = ORIENTED_EDGE('',*,*,#4872,.T.);
#11997 = ORIENTED_EDGE('',*,*,#11998,.T.);
#11998 = EDGE_CURVE('',#4822,#11999,#12001,.T.);
#11999 = VERTEX_POINT('',#12000);
#12000 = CARTESIAN_POINT('',(15.5296875,73.90390625,16.6));
#12001 = SURFACE_CURVE('',#12002,(#12006,#12013),.PCURVE_S1.);
#12002 = LINE('',#12003,#12004);
#12003 = CARTESIAN_POINT('',(15.5296875,73.90390625,15.95));
#12004 = VECTOR('',#12005,1.);
#12005 = DIRECTION('',(0.,0.,1.));
#12006 = PCURVE('',#4902,#12007);
#12007 = DEFINITIONAL_REPRESENTATION('',(#12008),#12012);
#12008 = LINE('',#12009,#12010);
#12009 = CARTESIAN_POINT('',(0.,0.));
#12010 = VECTOR('',#12011,1.);
#12011 = DIRECTION('',(0.,-1.));
#12012 = ( GEOMETRIC_REPRESENTATION_CONTEXT(2) 
PARAMETRIC_REPRESENTATION_CONTEXT() REPRESENTATION_CONTEXT('2D SPACE',''
  ) );
#12013 = PCURVE('',#4851,#12014);
#12014 = DEFINITIONAL_REPRESENTATION('',(#12015),#12019);
#12015 = LINE('',#12016,#12017);
#12016 = CARTESIAN_POINT('',(1.,0.));
#12017 = VECTOR('',#12018,1.);
#12018 = DIRECTION('',(0.,-1.));
#12019 = ( GEOMETRIC_REPRESENTATION_CONTEXT(2) 
PARAMETRIC_REPRESENTATION_CONTEXT() REPRESENTATION_CONTEXT('2D SPACE',''
  ) );
#12020 = ORIENTED_EDGE('',*,*,#12021,.T.);
#12021 = EDGE_CURVE('',#11999,#11950,#12022,.T.);
#12022 = SURFACE_CURVE('',#12023,(#12027,#12034),.PCURVE_S1.);
#12023 = B_SPLINE_CURVE_WITH_KNOTS('',2,(#12024,#12025,#12026),
  .UNSPECIFIED.,.F.,.F.,(3,3),(0.,1.),.PIECEWISE_BEZIER_KNOTS.);
#12024 = CARTESIAN_POINT('',(15.5296875,73.90390625,16.6));
#12025 = CARTESIAN_POINT('',(15.1828125,73.90390625,16.6));
#12026 = CARTESIAN_POINT('',(14.959375,74.1734375,16.6));
#12027 = PCURVE('',#4902,#12028);
#12028 = DEFINITIONAL_REPRESENTATION('',(#12029),#12033);
#12029 = LINE('',#12030,#12031);
#12030 = CARTESIAN_POINT('',(0.,-0.65));
#12031 = VECTOR('',#12032,1.);
#12032 = DIRECTION('',(1.,0.));
#12033 = ( GEOMETRIC_REPRESENTATION_CONTEXT(2) 
PARAMETRIC_REPRESENTATION_CONTEXT() REPRESENTATION_CONTEXT('2D SPACE',''
  ) );
#12034 = PCURVE('',#11716,#12035);
#12035 = DEFINITIONAL_REPRESENTATION('',(#12036),#12040);
#12036 = B_SPLINE_CURVE_WITH_KNOTS('',2,(#12037,#12038,#12039),
  .UNSPECIFIED.,.F.,.F.,(3,3),(0.,1.),.PIECEWISE_BEZIER_KNOTS.);
#12037 = CARTESIAN_POINT('',(0.9296875,-3.90625E-02));
#12038 = CARTESIAN_POINT('',(0.5828125,-3.90625E-02));
#12039 = CARTESIAN_POINT('',(0.359375,0.23046875));
#12040 = ( GEOMETRIC_REPRESENTATION_CONTEXT(2) 
PARAMETRIC_REPRESENTATION_CONTEXT() REPRESENTATION_CONTEXT('2D SPACE',''
  ) );
#12041 = ORIENTED_EDGE('',*,*,#11949,.F.);
#12042 = ADVANCED_FACE('',(#12043),#4851,.T.);
#12043 = FACE_BOUND('',#12044,.T.);
#12044 = EDGE_LOOP('',(#12045,#12046,#12069,#12090));
#12045 = ORIENTED_EDGE('',*,*,#4821,.T.);
#12046 = ORIENTED_EDGE('',*,*,#12047,.T.);
#12047 = EDGE_CURVE('',#4765,#12048,#12050,.T.);
#12048 = VERTEX_POINT('',#12049);
#12049 = CARTESIAN_POINT('',(16.059375,74.11640625,16.6));
#12050 = SURFACE_CURVE('',#12051,(#12055,#12062),.PCURVE_S1.);
#12051 = LINE('',#12052,#12053);
#12052 = CARTESIAN_POINT('',(16.059375,74.11640625,15.95));
#12053 = VECTOR('',#12054,1.);
#12054 = DIRECTION('',(0.,0.,1.));
#12055 = PCURVE('',#4851,#12056);
#12056 = DEFINITIONAL_REPRESENTATION('',(#12057),#12061);
#12057 = LINE('',#12058,#12059);
#12058 = CARTESIAN_POINT('',(0.,0.));
#12059 = VECTOR('',#12060,1.);
#12060 = DIRECTION('',(0.,-1.));
#12061 = ( GEOMETRIC_REPRESENTATION_CONTEXT(2) 
PARAMETRIC_REPRESENTATION_CONTEXT() REPRESENTATION_CONTEXT('2D SPACE',''
  ) );
#12062 = PCURVE('',#4798,#12063);
#12063 = DEFINITIONAL_REPRESENTATION('',(#12064),#12068);
#12064 = LINE('',#12065,#12066);
#12065 = CARTESIAN_POINT('',(1.,0.));
#12066 = VECTOR('',#12067,1.);
#12067 = DIRECTION('',(0.,-1.));
#12068 = ( GEOMETRIC_REPRESENTATION_CONTEXT(2) 
PARAMETRIC_REPRESENTATION_CONTEXT() REPRESENTATION_CONTEXT('2D SPACE',''
  ) );
#12069 = ORIENTED_EDGE('',*,*,#12070,.T.);
#12070 = EDGE_CURVE('',#12048,#11999,#12071,.T.);
#12071 = SURFACE_CURVE('',#12072,(#12076,#12083),.PCURVE_S1.);
#12072 = B_SPLINE_CURVE_WITH_KNOTS('',2,(#12073,#12074,#12075),
  .UNSPECIFIED.,.F.,.F.,(3,3),(0.,1.),.PIECEWISE_BEZIER_KNOTS.);
#12073 = CARTESIAN_POINT('',(16.059375,74.11640625,16.6));
#12074 = CARTESIAN_POINT('',(15.853125,73.90390625,16.6));
#12075 = CARTESIAN_POINT('',(15.5296875,73.90390625,16.6));
#12076 = PCURVE('',#4851,#12077);
#12077 = DEFINITIONAL_REPRESENTATION('',(#12078),#12082);
#12078 = LINE('',#12079,#12080);
#12079 = CARTESIAN_POINT('',(0.,-0.65));
#12080 = VECTOR('',#12081,1.);
#12081 = DIRECTION('',(1.,0.));
#12082 = ( GEOMETRIC_REPRESENTATION_CONTEXT(2) 
PARAMETRIC_REPRESENTATION_CONTEXT() REPRESENTATION_CONTEXT('2D SPACE',''
  ) );
#12083 = PCURVE('',#11716,#12084);
#12084 = DEFINITIONAL_REPRESENTATION('',(#12085),#12089);
#12085 = B_SPLINE_CURVE_WITH_KNOTS('',2,(#12086,#12087,#12088),
  .UNSPECIFIED.,.F.,.F.,(3,3),(0.,1.),.PIECEWISE_BEZIER_KNOTS.);
#12086 = CARTESIAN_POINT('',(1.459375,0.1734375));
#12087 = CARTESIAN_POINT('',(1.253125,-3.90625E-02));
#12088 = CARTESIAN_POINT('',(0.9296875,-3.90625E-02));
#12089 = ( GEOMETRIC_REPRESENTATION_CONTEXT(2) 
PARAMETRIC_REPRESENTATION_CONTEXT() REPRESENTATION_CONTEXT('2D SPACE',''
  ) );
#12090 = ORIENTED_EDGE('',*,*,#11998,.F.);
#12091 = ADVANCED_FACE('',(#12092),#4798,.T.);
#12092 = FACE_BOUND('',#12093,.T.);
#12093 = EDGE_LOOP('',(#12094,#12095,#12118,#12139));
#12094 = ORIENTED_EDGE('',*,*,#4764,.T.);
#12095 = ORIENTED_EDGE('',*,*,#12096,.T.);
#12096 = EDGE_CURVE('',#4714,#12097,#12099,.T.);
#12097 = VERTEX_POINT('',#12098);
#12098 = CARTESIAN_POINT('',(16.265625,74.68046875,16.6));
#12099 = SURFACE_CURVE('',#12100,(#12104,#12111),.PCURVE_S1.);
#12100 = LINE('',#12101,#12102);
#12101 = CARTESIAN_POINT('',(16.265625,74.68046875,15.95));
#12102 = VECTOR('',#12103,1.);
#12103 = DIRECTION('',(0.,0.,1.));
#12104 = PCURVE('',#4798,#12105);
#12105 = DEFINITIONAL_REPRESENTATION('',(#12106),#12110);
#12106 = LINE('',#12107,#12108);
#12107 = CARTESIAN_POINT('',(0.,0.));
#12108 = VECTOR('',#12109,1.);
#12109 = DIRECTION('',(0.,-1.));
#12110 = ( GEOMETRIC_REPRESENTATION_CONTEXT(2) 
PARAMETRIC_REPRESENTATION_CONTEXT() REPRESENTATION_CONTEXT('2D SPACE',''
  ) );
#12111 = PCURVE('',#4743,#12112);
#12112 = DEFINITIONAL_REPRESENTATION('',(#12113),#12117);
#12113 = LINE('',#12114,#12115);
#12114 = CARTESIAN_POINT('',(1.,0.));
#12115 = VECTOR('',#12116,1.);
#12116 = DIRECTION('',(0.,-1.));
#12117 = ( GEOMETRIC_REPRESENTATION_CONTEXT(2) 
PARAMETRIC_REPRESENTATION_CONTEXT() REPRESENTATION_CONTEXT('2D SPACE',''
  ) );
#12118 = ORIENTED_EDGE('',*,*,#12119,.T.);
#12119 = EDGE_CURVE('',#12097,#12048,#12120,.T.);
#12120 = SURFACE_CURVE('',#12121,(#12125,#12132),.PCURVE_S1.);
#12121 = B_SPLINE_CURVE_WITH_KNOTS('',2,(#12122,#12123,#12124),
  .UNSPECIFIED.,.F.,.F.,(3,3),(0.,1.),.PIECEWISE_BEZIER_KNOTS.);
#12122 = CARTESIAN_POINT('',(16.265625,74.68046875,16.6));
#12123 = CARTESIAN_POINT('',(16.265625,74.32890625,16.6));
#12124 = CARTESIAN_POINT('',(16.059375,74.11640625,16.6));
#12125 = PCURVE('',#4798,#12126);
#12126 = DEFINITIONAL_REPRESENTATION('',(#12127),#12131);
#12127 = LINE('',#12128,#12129);
#12128 = CARTESIAN_POINT('',(0.,-0.65));
#12129 = VECTOR('',#12130,1.);
#12130 = DIRECTION('',(1.,0.));
#12131 = ( GEOMETRIC_REPRESENTATION_CONTEXT(2) 
PARAMETRIC_REPRESENTATION_CONTEXT() REPRESENTATION_CONTEXT('2D SPACE',''
  ) );
#12132 = PCURVE('',#11716,#12133);
#12133 = DEFINITIONAL_REPRESENTATION('',(#12134),#12138);
#12134 = B_SPLINE_CURVE_WITH_KNOTS('',2,(#12135,#12136,#12137),
  .UNSPECIFIED.,.F.,.F.,(3,3),(0.,1.),.PIECEWISE_BEZIER_KNOTS.);
#12135 = CARTESIAN_POINT('',(1.665625,0.7375));
#12136 = CARTESIAN_POINT('',(1.665625,0.3859375));
#12137 = CARTESIAN_POINT('',(1.459375,0.1734375));
#12138 = ( GEOMETRIC_REPRESENTATION_CONTEXT(2) 
PARAMETRIC_REPRESENTATION_CONTEXT() REPRESENTATION_CONTEXT('2D SPACE',''
  ) );
#12139 = ORIENTED_EDGE('',*,*,#12047,.F.);
#12140 = ADVANCED_FACE('',(#12141),#4743,.T.);
#12141 = FACE_BOUND('',#12142,.T.);
#12142 = EDGE_LOOP('',(#12143,#12144,#12167,#12188));
#12143 = ORIENTED_EDGE('',*,*,#4713,.T.);
#12144 = ORIENTED_EDGE('',*,*,#12145,.T.);
#12145 = EDGE_CURVE('',#4663,#12146,#12148,.T.);
#12146 = VERTEX_POINT('',#12147);
#12147 = CARTESIAN_POINT('',(16.06953125,75.22109375,16.6));
#12148 = SURFACE_CURVE('',#12149,(#12153,#12160),.PCURVE_S1.);
#12149 = LINE('',#12150,#12151);
#12150 = CARTESIAN_POINT('',(16.06953125,75.22109375,15.95));
#12151 = VECTOR('',#12152,1.);
#12152 = DIRECTION('',(0.,0.,1.));
#12153 = PCURVE('',#4743,#12154);
#12154 = DEFINITIONAL_REPRESENTATION('',(#12155),#12159);
#12155 = LINE('',#12156,#12157);
#12156 = CARTESIAN_POINT('',(0.,0.));
#12157 = VECTOR('',#12158,1.);
#12158 = DIRECTION('',(0.,-1.));
#12159 = ( GEOMETRIC_REPRESENTATION_CONTEXT(2) 
PARAMETRIC_REPRESENTATION_CONTEXT() REPRESENTATION_CONTEXT('2D SPACE',''
  ) );
#12160 = PCURVE('',#4692,#12161);
#12161 = DEFINITIONAL_REPRESENTATION('',(#12162),#12166);
#12162 = LINE('',#12163,#12164);
#12163 = CARTESIAN_POINT('',(1.,0.));
#12164 = VECTOR('',#12165,1.);
#12165 = DIRECTION('',(0.,-1.));
#12166 = ( GEOMETRIC_REPRESENTATION_CONTEXT(2) 
PARAMETRIC_REPRESENTATION_CONTEXT() REPRESENTATION_CONTEXT('2D SPACE',''
  ) );
#12167 = ORIENTED_EDGE('',*,*,#12168,.T.);
#12168 = EDGE_CURVE('',#12146,#12097,#12169,.T.);
#12169 = SURFACE_CURVE('',#12170,(#12174,#12181),.PCURVE_S1.);
#12170 = B_SPLINE_CURVE_WITH_KNOTS('',2,(#12171,#12172,#12173),
  .UNSPECIFIED.,.F.,.F.,(3,3),(0.,1.),.PIECEWISE_BEZIER_KNOTS.);
#12171 = CARTESIAN_POINT('',(16.06953125,75.22109375,16.6));
#12172 = CARTESIAN_POINT('',(16.265625,75.01171875,16.6));
#12173 = CARTESIAN_POINT('',(16.265625,74.68046875,16.6));
#12174 = PCURVE('',#4743,#12175);
#12175 = DEFINITIONAL_REPRESENTATION('',(#12176),#12180);
#12176 = LINE('',#12177,#12178);
#12177 = CARTESIAN_POINT('',(0.,-0.65));
#12178 = VECTOR('',#12179,1.);
#12179 = DIRECTION('',(1.,0.));
#12180 = ( GEOMETRIC_REPRESENTATION_CONTEXT(2) 
PARAMETRIC_REPRESENTATION_CONTEXT() REPRESENTATION_CONTEXT('2D SPACE',''
  ) );
#12181 = PCURVE('',#11716,#12182);
#12182 = DEFINITIONAL_REPRESENTATION('',(#12183),#12187);
#12183 = B_SPLINE_CURVE_WITH_KNOTS('',2,(#12184,#12185,#12186),
  .UNSPECIFIED.,.F.,.F.,(3,3),(0.,1.),.PIECEWISE_BEZIER_KNOTS.);
#12184 = CARTESIAN_POINT('',(1.46953125,1.278125));
#12185 = CARTESIAN_POINT('',(1.665625,1.06875));
#12186 = CARTESIAN_POINT('',(1.665625,0.7375));
#12187 = ( GEOMETRIC_REPRESENTATION_CONTEXT(2) 
PARAMETRIC_REPRESENTATION_CONTEXT() REPRESENTATION_CONTEXT('2D SPACE',''
  ) );
#12188 = ORIENTED_EDGE('',*,*,#12096,.F.);
#12189 = ADVANCED_FACE('',(#12190),#4692,.T.);
#12190 = FACE_BOUND('',#12191,.T.);
#12191 = EDGE_LOOP('',(#12192,#12193,#12216,#12237));
#12192 = ORIENTED_EDGE('',*,*,#4662,.T.);
#12193 = ORIENTED_EDGE('',*,*,#12194,.T.);
#12194 = EDGE_CURVE('',#4612,#12195,#12197,.T.);
#12195 = VERTEX_POINT('',#12196);
#12196 = CARTESIAN_POINT('',(15.5984375,75.43046875,16.6));
#12197 = SURFACE_CURVE('',#12198,(#12202,#12209),.PCURVE_S1.);
#12198 = LINE('',#12199,#12200);
#12199 = CARTESIAN_POINT('',(15.5984375,75.43046875,15.95));
#12200 = VECTOR('',#12201,1.);
#12201 = DIRECTION('',(0.,0.,1.));
#12202 = PCURVE('',#4692,#12203);
#12203 = DEFINITIONAL_REPRESENTATION('',(#12204),#12208);
#12204 = LINE('',#12205,#12206);
#12205 = CARTESIAN_POINT('',(0.,0.));
#12206 = VECTOR('',#12207,1.);
#12207 = DIRECTION('',(0.,-1.));
#12208 = ( GEOMETRIC_REPRESENTATION_CONTEXT(2) 
PARAMETRIC_REPRESENTATION_CONTEXT() REPRESENTATION_CONTEXT('2D SPACE',''
  ) );
#12209 = PCURVE('',#4641,#12210);
#12210 = DEFINITIONAL_REPRESENTATION('',(#12211),#12215);
#12211 = LINE('',#12212,#12213);
#12212 = CARTESIAN_POINT('',(1.,0.));
#12213 = VECTOR('',#12214,1.);
#12214 = DIRECTION('',(0.,-1.));
#12215 = ( GEOMETRIC_REPRESENTATION_CONTEXT(2) 
PARAMETRIC_REPRESENTATION_CONTEXT() REPRESENTATION_CONTEXT('2D SPACE',''
  ) );
#12216 = ORIENTED_EDGE('',*,*,#12217,.T.);
#12217 = EDGE_CURVE('',#12195,#12146,#12218,.T.);
#12218 = SURFACE_CURVE('',#12219,(#12223,#12230),.PCURVE_S1.);
#12219 = B_SPLINE_CURVE_WITH_KNOTS('',2,(#12220,#12221,#12222),
  .UNSPECIFIED.,.F.,.F.,(3,3),(0.,1.),.PIECEWISE_BEZIER_KNOTS.);
#12220 = CARTESIAN_POINT('',(15.5984375,75.43046875,16.6));
#12221 = CARTESIAN_POINT('',(15.8734375,75.43046875,16.6));
#12222 = CARTESIAN_POINT('',(16.06953125,75.22109375,16.6));
#12223 = PCURVE('',#4692,#12224);
#12224 = DEFINITIONAL_REPRESENTATION('',(#12225),#12229);
#12225 = LINE('',#12226,#12227);
#12226 = CARTESIAN_POINT('',(0.,-0.65));
#12227 = VECTOR('',#12228,1.);
#12228 = DIRECTION('',(1.,0.));
#12229 = ( GEOMETRIC_REPRESENTATION_CONTEXT(2) 
PARAMETRIC_REPRESENTATION_CONTEXT() REPRESENTATION_CONTEXT('2D SPACE',''
  ) );
#12230 = PCURVE('',#11716,#12231);
#12231 = DEFINITIONAL_REPRESENTATION('',(#12232),#12236);
#12232 = B_SPLINE_CURVE_WITH_KNOTS('',2,(#12233,#12234,#12235),
  .UNSPECIFIED.,.F.,.F.,(3,3),(0.,1.),.PIECEWISE_BEZIER_KNOTS.);
#12233 = CARTESIAN_POINT('',(0.9984375,1.4875));
#12234 = CARTESIAN_POINT('',(1.2734375,1.4875));
#12235 = CARTESIAN_POINT('',(1.46953125,1.278125));
#12236 = ( GEOMETRIC_REPRESENTATION_CONTEXT(2) 
PARAMETRIC_REPRESENTATION_CONTEXT() REPRESENTATION_CONTEXT('2D SPACE',''
  ) );
#12237 = ORIENTED_EDGE('',*,*,#12145,.F.);
#12238 = ADVANCED_FACE('',(#12239),#4641,.T.);
#12239 = FACE_BOUND('',#12240,.T.);
#12240 = EDGE_LOOP('',(#12241,#12242,#12265,#12286));
#12241 = ORIENTED_EDGE('',*,*,#4611,.T.);
#12242 = ORIENTED_EDGE('',*,*,#12243,.T.);
#12243 = EDGE_CURVE('',#4567,#12244,#12246,.T.);
#12244 = VERTEX_POINT('',#12245);
#12245 = CARTESIAN_POINT('',(15.190625,75.23671875,16.6));
#12246 = SURFACE_CURVE('',#12247,(#12251,#12258),.PCURVE_S1.);
#12247 = LINE('',#12248,#12249);
#12248 = CARTESIAN_POINT('',(15.190625,75.23671875,15.95));
#12249 = VECTOR('',#12250,1.);
#12250 = DIRECTION('',(0.,0.,1.));
#12251 = PCURVE('',#4641,#12252);
#12252 = DEFINITIONAL_REPRESENTATION('',(#12253),#12257);
#12253 = LINE('',#12254,#12255);
#12254 = CARTESIAN_POINT('',(0.,0.));
#12255 = VECTOR('',#12256,1.);
#12256 = DIRECTION('',(0.,-1.));
#12257 = ( GEOMETRIC_REPRESENTATION_CONTEXT(2) 
PARAMETRIC_REPRESENTATION_CONTEXT() REPRESENTATION_CONTEXT('2D SPACE',''
  ) );
#12258 = PCURVE('',#4592,#12259);
#12259 = DEFINITIONAL_REPRESENTATION('',(#12260),#12264);
#12260 = LINE('',#12261,#12262);
#12261 = CARTESIAN_POINT('',(1.,0.));
#12262 = VECTOR('',#12263,1.);
#12263 = DIRECTION('',(0.,-1.));
#12264 = ( GEOMETRIC_REPRESENTATION_CONTEXT(2) 
PARAMETRIC_REPRESENTATION_CONTEXT() REPRESENTATION_CONTEXT('2D SPACE',''
  ) );
#12265 = ORIENTED_EDGE('',*,*,#12266,.T.);
#12266 = EDGE_CURVE('',#12244,#12195,#12267,.T.);
#12267 = SURFACE_CURVE('',#12268,(#12272,#12279),.PCURVE_S1.);
#12268 = B_SPLINE_CURVE_WITH_KNOTS('',2,(#12269,#12270,#12271),
  .UNSPECIFIED.,.F.,.F.,(3,3),(0.,1.),.PIECEWISE_BEZIER_KNOTS.);
#12269 = CARTESIAN_POINT('',(15.190625,75.23671875,16.6));
#12270 = CARTESIAN_POINT('',(15.3546875,75.43046875,16.6));
#12271 = CARTESIAN_POINT('',(15.5984375,75.43046875,16.6));
#12272 = PCURVE('',#4641,#12273);
#12273 = DEFINITIONAL_REPRESENTATION('',(#12274),#12278);
#12274 = LINE('',#12275,#12276);
#12275 = CARTESIAN_POINT('',(0.,-0.65));
#12276 = VECTOR('',#12277,1.);
#12277 = DIRECTION('',(1.,0.));
#12278 = ( GEOMETRIC_REPRESENTATION_CONTEXT(2) 
PARAMETRIC_REPRESENTATION_CONTEXT() REPRESENTATION_CONTEXT('2D SPACE',''
  ) );
#12279 = PCURVE('',#11716,#12280);
#12280 = DEFINITIONAL_REPRESENTATION('',(#12281),#12285);
#12281 = B_SPLINE_CURVE_WITH_KNOTS('',2,(#12282,#12283,#12284),
  .UNSPECIFIED.,.F.,.F.,(3,3),(0.,1.),.PIECEWISE_BEZIER_KNOTS.);
#12282 = CARTESIAN_POINT('',(0.590625,1.29375));
#12283 = CARTESIAN_POINT('',(0.7546875,1.4875));
#12284 = CARTESIAN_POINT('',(0.9984375,1.4875));
#12285 = ( GEOMETRIC_REPRESENTATION_CONTEXT(2) 
PARAMETRIC_REPRESENTATION_CONTEXT() REPRESENTATION_CONTEXT('2D SPACE',''
  ) );
#12286 = ORIENTED_EDGE('',*,*,#12194,.F.);
#12287 = ADVANCED_FACE('',(#12288),#4592,.T.);
#12288 = FACE_BOUND('',#12289,.T.);
#12289 = EDGE_LOOP('',(#12290,#12291,#12314,#12335));
#12290 = ORIENTED_EDGE('',*,*,#4566,.T.);
#12291 = ORIENTED_EDGE('',*,*,#12292,.T.);
#12292 = EDGE_CURVE('',#4516,#12293,#12295,.T.);
#12293 = VERTEX_POINT('',#12294);
#12294 = CARTESIAN_POINT('',(15.31171875,75.75703125,16.6));
#12295 = SURFACE_CURVE('',#12296,(#12300,#12307),.PCURVE_S1.);
#12296 = LINE('',#12297,#12298);
#12297 = CARTESIAN_POINT('',(15.31171875,75.75703125,15.95));
#12298 = VECTOR('',#12299,1.);
#12299 = DIRECTION('',(0.,0.,1.));
#12300 = PCURVE('',#4592,#12301);
#12301 = DEFINITIONAL_REPRESENTATION('',(#12302),#12306);
#12302 = LINE('',#12303,#12304);
#12303 = CARTESIAN_POINT('',(0.,0.));
#12304 = VECTOR('',#12305,1.);
#12305 = DIRECTION('',(0.,-1.));
#12306 = ( GEOMETRIC_REPRESENTATION_CONTEXT(2) 
PARAMETRIC_REPRESENTATION_CONTEXT() REPRESENTATION_CONTEXT('2D SPACE',''
  ) );
#12307 = PCURVE('',#4545,#12308);
#12308 = DEFINITIONAL_REPRESENTATION('',(#12309),#12313);
#12309 = LINE('',#12310,#12311);
#12310 = CARTESIAN_POINT('',(1.,0.));
#12311 = VECTOR('',#12312,1.);
#12312 = DIRECTION('',(0.,-1.));
#12313 = ( GEOMETRIC_REPRESENTATION_CONTEXT(2) 
PARAMETRIC_REPRESENTATION_CONTEXT() REPRESENTATION_CONTEXT('2D SPACE',''
  ) );
#12314 = ORIENTED_EDGE('',*,*,#12315,.T.);
#12315 = EDGE_CURVE('',#12293,#12244,#12316,.T.);
#12316 = SURFACE_CURVE('',#12317,(#12321,#12328),.PCURVE_S1.);
#12317 = B_SPLINE_CURVE_WITH_KNOTS('',2,(#12318,#12319,#12320),
  .UNSPECIFIED.,.F.,.F.,(3,3),(0.,1.),.PIECEWISE_BEZIER_KNOTS.);
#12318 = CARTESIAN_POINT('',(15.31171875,75.75703125,16.6));
#12319 = CARTESIAN_POINT('',(15.215625,75.63203125,16.6));
#12320 = CARTESIAN_POINT('',(15.190625,75.23671875,16.6));
#12321 = PCURVE('',#4592,#12322);
#12322 = DEFINITIONAL_REPRESENTATION('',(#12323),#12327);
#12323 = LINE('',#12324,#12325);
#12324 = CARTESIAN_POINT('',(0.,-0.65));
#12325 = VECTOR('',#12326,1.);
#12326 = DIRECTION('',(1.,0.));
#12327 = ( GEOMETRIC_REPRESENTATION_CONTEXT(2) 
PARAMETRIC_REPRESENTATION_CONTEXT() REPRESENTATION_CONTEXT('2D SPACE',''
  ) );
#12328 = PCURVE('',#11716,#12329);
#12329 = DEFINITIONAL_REPRESENTATION('',(#12330),#12334);
#12330 = B_SPLINE_CURVE_WITH_KNOTS('',2,(#12331,#12332,#12333),
  .UNSPECIFIED.,.F.,.F.,(3,3),(0.,1.),.PIECEWISE_BEZIER_KNOTS.);
#12331 = CARTESIAN_POINT('',(0.71171875,1.8140625));
#12332 = CARTESIAN_POINT('',(0.615625,1.6890625));
#12333 = CARTESIAN_POINT('',(0.590625,1.29375));
#12334 = ( GEOMETRIC_REPRESENTATION_CONTEXT(2) 
PARAMETRIC_REPRESENTATION_CONTEXT() REPRESENTATION_CONTEXT('2D SPACE',''
  ) );
#12335 = ORIENTED_EDGE('',*,*,#12243,.F.);
#12336 = ADVANCED_FACE('',(#12337),#4545,.T.);
#12337 = FACE_BOUND('',#12338,.T.);
#12338 = EDGE_LOOP('',(#12339,#12340,#12363,#12384));
#12339 = ORIENTED_EDGE('',*,*,#4515,.T.);
#12340 = ORIENTED_EDGE('',*,*,#12341,.T.);
#12341 = EDGE_CURVE('',#4471,#12342,#12344,.T.);
#12342 = VERTEX_POINT('',#12343);
#12343 = CARTESIAN_POINT('',(15.546875,75.88203125,16.6));
#12344 = SURFACE_CURVE('',#12345,(#12349,#12356),.PCURVE_S1.);
#12345 = LINE('',#12346,#12347);
#12346 = CARTESIAN_POINT('',(15.546875,75.88203125,15.95));
#12347 = VECTOR('',#12348,1.);
#12348 = DIRECTION('',(0.,0.,1.));
#12349 = PCURVE('',#4545,#12350);
#12350 = DEFINITIONAL_REPRESENTATION('',(#12351),#12355);
#12351 = LINE('',#12352,#12353);
#12352 = CARTESIAN_POINT('',(0.,0.));
#12353 = VECTOR('',#12354,1.);
#12354 = DIRECTION('',(0.,-1.));
#12355 = ( GEOMETRIC_REPRESENTATION_CONTEXT(2) 
PARAMETRIC_REPRESENTATION_CONTEXT() REPRESENTATION_CONTEXT('2D SPACE',''
  ) );
#12356 = PCURVE('',#4496,#12357);
#12357 = DEFINITIONAL_REPRESENTATION('',(#12358),#12362);
#12358 = LINE('',#12359,#12360);
#12359 = CARTESIAN_POINT('',(1.,0.));
#12360 = VECTOR('',#12361,1.);
#12361 = DIRECTION('',(0.,-1.));
#12362 = ( GEOMETRIC_REPRESENTATION_CONTEXT(2) 
PARAMETRIC_REPRESENTATION_CONTEXT() REPRESENTATION_CONTEXT('2D SPACE',''
  ) );
#12363 = ORIENTED_EDGE('',*,*,#12364,.T.);
#12364 = EDGE_CURVE('',#12342,#12293,#12365,.T.);
#12365 = SURFACE_CURVE('',#12366,(#12370,#12377),.PCURVE_S1.);
#12366 = B_SPLINE_CURVE_WITH_KNOTS('',2,(#12367,#12368,#12369),
  .UNSPECIFIED.,.F.,.F.,(3,3),(0.,1.),.PIECEWISE_BEZIER_KNOTS.);
#12367 = CARTESIAN_POINT('',(15.546875,75.88203125,16.6));
#12368 = CARTESIAN_POINT('',(15.4078125,75.88203125,16.6));
#12369 = CARTESIAN_POINT('',(15.31171875,75.75703125,16.6));
#12370 = PCURVE('',#4545,#12371);
#12371 = DEFINITIONAL_REPRESENTATION('',(#12372),#12376);
#12372 = LINE('',#12373,#12374);
#12373 = CARTESIAN_POINT('',(0.,-0.65));
#12374 = VECTOR('',#12375,1.);
#12375 = DIRECTION('',(1.,0.));
#12376 = ( GEOMETRIC_REPRESENTATION_CONTEXT(2) 
PARAMETRIC_REPRESENTATION_CONTEXT() REPRESENTATION_CONTEXT('2D SPACE',''
  ) );
#12377 = PCURVE('',#11716,#12378);
#12378 = DEFINITIONAL_REPRESENTATION('',(#12379),#12383);
#12379 = B_SPLINE_CURVE_WITH_KNOTS('',2,(#12380,#12381,#12382),
  .UNSPECIFIED.,.F.,.F.,(3,3),(0.,1.),.PIECEWISE_BEZIER_KNOTS.);
#12380 = CARTESIAN_POINT('',(0.946875,1.9390625));
#12381 = CARTESIAN_POINT('',(0.8078125,1.9390625));
#12382 = CARTESIAN_POINT('',(0.71171875,1.8140625));
#12383 = ( GEOMETRIC_REPRESENTATION_CONTEXT(2) 
PARAMETRIC_REPRESENTATION_CONTEXT() REPRESENTATION_CONTEXT('2D SPACE',''
  ) );
#12384 = ORIENTED_EDGE('',*,*,#12292,.F.);
#12385 = ADVANCED_FACE('',(#12386),#4496,.T.);
#12386 = FACE_BOUND('',#12387,.T.);
#12387 = EDGE_LOOP('',(#12388,#12389,#12412,#12433));
#12388 = ORIENTED_EDGE('',*,*,#4470,.T.);
#12389 = ORIENTED_EDGE('',*,*,#12390,.T.);
#12390 = EDGE_CURVE('',#4432,#12391,#12393,.T.);
#12391 = VERTEX_POINT('',#12392);
#12392 = CARTESIAN_POINT('',(15.7171875,75.81953125,16.6));
#12393 = SURFACE_CURVE('',#12394,(#12398,#12405),.PCURVE_S1.);
#12394 = LINE('',#12395,#12396);
#12395 = CARTESIAN_POINT('',(15.7171875,75.81953125,15.95));
#12396 = VECTOR('',#12397,1.);
#12397 = DIRECTION('',(0.,0.,1.));
#12398 = PCURVE('',#4496,#12399);
#12399 = DEFINITIONAL_REPRESENTATION('',(#12400),#12404);
#12400 = LINE('',#12401,#12402);
#12401 = CARTESIAN_POINT('',(0.,0.));
#12402 = VECTOR('',#12403,1.);
#12403 = DIRECTION('',(0.,-1.));
#12404 = ( GEOMETRIC_REPRESENTATION_CONTEXT(2) 
PARAMETRIC_REPRESENTATION_CONTEXT() REPRESENTATION_CONTEXT('2D SPACE',''
  ) );
#12405 = PCURVE('',#4453,#12406);
#12406 = DEFINITIONAL_REPRESENTATION('',(#12407),#12411);
#12407 = LINE('',#12408,#12409);
#12408 = CARTESIAN_POINT('',(1.,0.));
#12409 = VECTOR('',#12410,1.);
#12410 = DIRECTION('',(0.,-1.));
#12411 = ( GEOMETRIC_REPRESENTATION_CONTEXT(2) 
PARAMETRIC_REPRESENTATION_CONTEXT() REPRESENTATION_CONTEXT('2D SPACE',''
  ) );
#12412 = ORIENTED_EDGE('',*,*,#12413,.T.);
#12413 = EDGE_CURVE('',#12391,#12342,#12414,.T.);
#12414 = SURFACE_CURVE('',#12415,(#12419,#12426),.PCURVE_S1.);
#12415 = B_SPLINE_CURVE_WITH_KNOTS('',2,(#12416,#12417,#12418),
  .UNSPECIFIED.,.F.,.F.,(3,3),(0.,1.),.PIECEWISE_BEZIER_KNOTS.);
#12416 = CARTESIAN_POINT('',(15.7171875,75.81953125,16.6));
#12417 = CARTESIAN_POINT('',(15.6515625,75.88203125,16.6));
#12418 = CARTESIAN_POINT('',(15.546875,75.88203125,16.6));
#12419 = PCURVE('',#4496,#12420);
#12420 = DEFINITIONAL_REPRESENTATION('',(#12421),#12425);
#12421 = LINE('',#12422,#12423);
#12422 = CARTESIAN_POINT('',(0.,-0.65));
#12423 = VECTOR('',#12424,1.);
#12424 = DIRECTION('',(1.,0.));
#12425 = ( GEOMETRIC_REPRESENTATION_CONTEXT(2) 
PARAMETRIC_REPRESENTATION_CONTEXT() REPRESENTATION_CONTEXT('2D SPACE',''
  ) );
#12426 = PCURVE('',#11716,#12427);
#12427 = DEFINITIONAL_REPRESENTATION('',(#12428),#12432);
#12428 = B_SPLINE_CURVE_WITH_KNOTS('',2,(#12429,#12430,#12431),
  .UNSPECIFIED.,.F.,.F.,(3,3),(0.,1.),.PIECEWISE_BEZIER_KNOTS.);
#12429 = CARTESIAN_POINT('',(1.1171875,1.8765625));
#12430 = CARTESIAN_POINT('',(1.0515625,1.9390625));
#12431 = CARTESIAN_POINT('',(0.946875,1.9390625));
#12432 = ( GEOMETRIC_REPRESENTATION_CONTEXT(2) 
PARAMETRIC_REPRESENTATION_CONTEXT() REPRESENTATION_CONTEXT('2D SPACE',''
  ) );
#12433 = ORIENTED_EDGE('',*,*,#12341,.F.);
#12434 = ADVANCED_FACE('',(#12435),#4453,.T.);
#12435 = FACE_BOUND('',#12436,.T.);
#12436 = EDGE_LOOP('',(#12437,#12438,#12439,#12460));
#12437 = ORIENTED_EDGE('',*,*,#4431,.T.);
#12438 = ORIENTED_EDGE('',*,*,#11728,.T.);
#12439 = ORIENTED_EDGE('',*,*,#12440,.T.);
#12440 = EDGE_CURVE('',#11701,#12391,#12441,.T.);
#12441 = SURFACE_CURVE('',#12442,(#12446,#12453),.PCURVE_S1.);
#12442 = B_SPLINE_CURVE_WITH_KNOTS('',2,(#12443,#12444,#12445),
  .UNSPECIFIED.,.F.,.F.,(3,3),(0.,1.),.PIECEWISE_BEZIER_KNOTS.);
#12443 = CARTESIAN_POINT('',(15.7984375,75.62578125,16.6));
#12444 = CARTESIAN_POINT('',(15.7828125,75.75703125,16.6));
#12445 = CARTESIAN_POINT('',(15.7171875,75.81953125,16.6));
#12446 = PCURVE('',#4453,#12447);
#12447 = DEFINITIONAL_REPRESENTATION('',(#12448),#12452);
#12448 = LINE('',#12449,#12450);
#12449 = CARTESIAN_POINT('',(0.,-0.65));
#12450 = VECTOR('',#12451,1.);
#12451 = DIRECTION('',(1.,0.));
#12452 = ( GEOMETRIC_REPRESENTATION_CONTEXT(2) 
PARAMETRIC_REPRESENTATION_CONTEXT() REPRESENTATION_CONTEXT('2D SPACE',''
  ) );
#12453 = PCURVE('',#11716,#12454);
#12454 = DEFINITIONAL_REPRESENTATION('',(#12455),#12459);
#12455 = B_SPLINE_CURVE_WITH_KNOTS('',2,(#12456,#12457,#12458),
  .UNSPECIFIED.,.F.,.F.,(3,3),(0.,1.),.PIECEWISE_BEZIER_KNOTS.);
#12456 = CARTESIAN_POINT('',(1.1984375,1.6828125));
#12457 = CARTESIAN_POINT('',(1.1828125,1.8140625));
#12458 = CARTESIAN_POINT('',(1.1171875,1.8765625));
#12459 = ( GEOMETRIC_REPRESENTATION_CONTEXT(2) 
PARAMETRIC_REPRESENTATION_CONTEXT() REPRESENTATION_CONTEXT('2D SPACE',''
  ) );
#12460 = ORIENTED_EDGE('',*,*,#12390,.F.);
#12461 = ADVANCED_FACE('',(#12462),#5300,.T.);
#12462 = FACE_BOUND('',#12463,.T.);
#12463 = EDGE_LOOP('',(#12464,#12465,#12466,#12467));
#12464 = ORIENTED_EDGE('',*,*,#6544,.T.);
#12465 = ORIENTED_EDGE('',*,*,#6517,.T.);
#12466 = ORIENTED_EDGE('',*,*,#5284,.T.);
#12467 = ORIENTED_EDGE('',*,*,#12468,.F.);
#12468 = EDGE_CURVE('',#6545,#5256,#12469,.T.);
#12469 = SURFACE_CURVE('',#12470,(#12474,#12481),.PCURVE_S1.);
#12470 = LINE('',#12471,#12472);
#12471 = CARTESIAN_POINT('',(23.5,57.,0.));
#12472 = VECTOR('',#12473,1.);
#12473 = DIRECTION('',(0.,0.,1.));
#12474 = PCURVE('',#5300,#12475);
#12475 = DEFINITIONAL_REPRESENTATION('',(#12476),#12480);
#12476 = LINE('',#12477,#12478);
#12477 = CARTESIAN_POINT('',(0.,23.5));
#12478 = VECTOR('',#12479,1.);
#12479 = DIRECTION('',(1.,0.));
#12480 = ( GEOMETRIC_REPRESENTATION_CONTEXT(2) 
PARAMETRIC_REPRESENTATION_CONTEXT() REPRESENTATION_CONTEXT('2D SPACE',''
  ) );
#12481 = PCURVE('',#5272,#12482);
#12482 = DEFINITIONAL_REPRESENTATION('',(#12483),#12487);
#12483 = LINE('',#12484,#12485);
#12484 = CARTESIAN_POINT('',(1.570796326795,0.));
#12485 = VECTOR('',#12486,1.);
#12486 = DIRECTION('',(0.,1.));
#12487 = ( GEOMETRIC_REPRESENTATION_CONTEXT(2) 
PARAMETRIC_REPRESENTATION_CONTEXT() REPRESENTATION_CONTEXT('2D SPACE',''
  ) );
#12488 = ADVANCED_FACE('',(#12489),#5272,.T.);
#12489 = FACE_BOUND('',#12490,.T.);
#12490 = EDGE_LOOP('',(#12491,#12492,#12493,#12494));
#12491 = ORIENTED_EDGE('',*,*,#6964,.F.);
#12492 = ORIENTED_EDGE('',*,*,#6565,.T.);
#12493 = ORIENTED_EDGE('',*,*,#12468,.T.);
#12494 = ORIENTED_EDGE('',*,*,#5255,.F.);
#12495 = ADVANCED_FACE('',(#12496),#5357,.T.);
#12496 = FACE_BOUND('',#12497,.T.);
#12497 = EDGE_LOOP('',(#12498,#12499,#12522,#12550));
#12498 = ORIENTED_EDGE('',*,*,#5340,.T.);
#12499 = ORIENTED_EDGE('',*,*,#12500,.T.);
#12500 = EDGE_CURVE('',#5343,#12501,#12503,.T.);
#12501 = VERTEX_POINT('',#12502);
#12502 = CARTESIAN_POINT('',(14.3796875,43.94296875,16.6));
#12503 = SURFACE_CURVE('',#12504,(#12508,#12515),.PCURVE_S1.);
#12504 = LINE('',#12505,#12506);
#12505 = CARTESIAN_POINT('',(14.3796875,43.94296875,15.95));
#12506 = VECTOR('',#12507,1.);
#12507 = DIRECTION('',(0.,0.,1.));
#12508 = PCURVE('',#5357,#12509);
#12509 = DEFINITIONAL_REPRESENTATION('',(#12510),#12514);
#12510 = LINE('',#12511,#12512);
#12511 = CARTESIAN_POINT('',(0.,-0.));
#12512 = VECTOR('',#12513,1.);
#12513 = DIRECTION('',(0.,-1.));
#12514 = ( GEOMETRIC_REPRESENTATION_CONTEXT(2) 
PARAMETRIC_REPRESENTATION_CONTEXT() REPRESENTATION_CONTEXT('2D SPACE',''
  ) );
#12515 = PCURVE('',#5433,#12516);
#12516 = DEFINITIONAL_REPRESENTATION('',(#12517),#12521);
#12517 = LINE('',#12518,#12519);
#12518 = CARTESIAN_POINT('',(0.4390625,0.));
#12519 = VECTOR('',#12520,1.);
#12520 = DIRECTION('',(0.,-1.));
#12521 = ( GEOMETRIC_REPRESENTATION_CONTEXT(2) 
PARAMETRIC_REPRESENTATION_CONTEXT() REPRESENTATION_CONTEXT('2D SPACE',''
  ) );
#12522 = ORIENTED_EDGE('',*,*,#12523,.T.);
#12523 = EDGE_CURVE('',#12501,#12524,#12526,.T.);
#12524 = VERTEX_POINT('',#12525);
#12525 = CARTESIAN_POINT('',(13.940625,43.94296875,16.6));
#12526 = SURFACE_CURVE('',#12527,(#12531,#12538),.PCURVE_S1.);
#12527 = LINE('',#12528,#12529);
#12528 = CARTESIAN_POINT('',(14.3796875,43.94296875,16.6));
#12529 = VECTOR('',#12530,1.);
#12530 = DIRECTION('',(-1.,0.,0.));
#12531 = PCURVE('',#5357,#12532);
#12532 = DEFINITIONAL_REPRESENTATION('',(#12533),#12537);
#12533 = LINE('',#12534,#12535);
#12534 = CARTESIAN_POINT('',(0.,-0.65));
#12535 = VECTOR('',#12536,1.);
#12536 = DIRECTION('',(1.,0.));
#12537 = ( GEOMETRIC_REPRESENTATION_CONTEXT(2) 
PARAMETRIC_REPRESENTATION_CONTEXT() REPRESENTATION_CONTEXT('2D SPACE',''
  ) );
#12538 = PCURVE('',#12539,#12544);
#12539 = PLANE('',#12540);
#12540 = AXIS2_PLACEMENT_3D('',#12541,#12542,#12543);
#12541 = CARTESIAN_POINT('',(13.7109375,43.94296875,16.6));
#12542 = DIRECTION('',(0.,0.,1.));
#12543 = DIRECTION('',(1.,0.,0.));
#12544 = DEFINITIONAL_REPRESENTATION('',(#12545),#12549);
#12545 = LINE('',#12546,#12547);
#12546 = CARTESIAN_POINT('',(0.66875,0.));
#12547 = VECTOR('',#12548,1.);
#12548 = DIRECTION('',(-1.,0.));
#12549 = ( GEOMETRIC_REPRESENTATION_CONTEXT(2) 
PARAMETRIC_REPRESENTATION_CONTEXT() REPRESENTATION_CONTEXT('2D SPACE',''
  ) );
#12550 = ORIENTED_EDGE('',*,*,#12551,.F.);
#12551 = EDGE_CURVE('',#5341,#12524,#12552,.T.);
#12552 = SURFACE_CURVE('',#12553,(#12557,#12564),.PCURVE_S1.);
#12553 = LINE('',#12554,#12555);
#12554 = CARTESIAN_POINT('',(13.940625,43.94296875,15.95));
#12555 = VECTOR('',#12556,1.);
#12556 = DIRECTION('',(0.,0.,1.));
#12557 = PCURVE('',#5357,#12558);
#12558 = DEFINITIONAL_REPRESENTATION('',(#12559),#12563);
#12559 = LINE('',#12560,#12561);
#12560 = CARTESIAN_POINT('',(0.4390625,0.));
#12561 = VECTOR('',#12562,1.);
#12562 = DIRECTION('',(0.,-1.));
#12563 = ( GEOMETRIC_REPRESENTATION_CONTEXT(2) 
PARAMETRIC_REPRESENTATION_CONTEXT() REPRESENTATION_CONTEXT('2D SPACE',''
  ) );
#12564 = PCURVE('',#5383,#12565);
#12565 = DEFINITIONAL_REPRESENTATION('',(#12566),#12570);
#12566 = LINE('',#12567,#12568);
#12567 = CARTESIAN_POINT('',(0.,0.));
#12568 = VECTOR('',#12569,1.);
#12569 = DIRECTION('',(0.,-1.));
#12570 = ( GEOMETRIC_REPRESENTATION_CONTEXT(2) 
PARAMETRIC_REPRESENTATION_CONTEXT() REPRESENTATION_CONTEXT('2D SPACE',''
  ) );
#12571 = ADVANCED_FACE('',(#12572),#5433,.T.);
#12572 = FACE_BOUND('',#12573,.T.);
#12573 = EDGE_LOOP('',(#12574,#12575,#12598,#12619));
#12574 = ORIENTED_EDGE('',*,*,#5420,.T.);
#12575 = ORIENTED_EDGE('',*,*,#12576,.T.);
#12576 = EDGE_CURVE('',#5395,#12577,#12579,.T.);
#12577 = VERTEX_POINT('',#12578);
#12578 = CARTESIAN_POINT('',(14.3796875,44.38203125,16.6));
#12579 = SURFACE_CURVE('',#12580,(#12584,#12591),.PCURVE_S1.);
#12580 = LINE('',#12581,#12582);
#12581 = CARTESIAN_POINT('',(14.3796875,44.38203125,15.95));
#12582 = VECTOR('',#12583,1.);
#12583 = DIRECTION('',(0.,0.,1.));
#12584 = PCURVE('',#5433,#12585);
#12585 = DEFINITIONAL_REPRESENTATION('',(#12586),#12590);
#12586 = LINE('',#12587,#12588);
#12587 = CARTESIAN_POINT('',(0.,0.));
#12588 = VECTOR('',#12589,1.);
#12589 = DIRECTION('',(0.,-1.));
#12590 = ( GEOMETRIC_REPRESENTATION_CONTEXT(2) 
PARAMETRIC_REPRESENTATION_CONTEXT() REPRESENTATION_CONTEXT('2D SPACE',''
  ) );
#12591 = PCURVE('',#5409,#12592);
#12592 = DEFINITIONAL_REPRESENTATION('',(#12593),#12597);
#12593 = LINE('',#12594,#12595);
#12594 = CARTESIAN_POINT('',(0.4390625,0.));
#12595 = VECTOR('',#12596,1.);
#12596 = DIRECTION('',(0.,-1.));
#12597 = ( GEOMETRIC_REPRESENTATION_CONTEXT(2) 
PARAMETRIC_REPRESENTATION_CONTEXT() REPRESENTATION_CONTEXT('2D SPACE',''
  ) );
#12598 = ORIENTED_EDGE('',*,*,#12599,.T.);
#12599 = EDGE_CURVE('',#12577,#12501,#12600,.T.);
#12600 = SURFACE_CURVE('',#12601,(#12605,#12612),.PCURVE_S1.);
#12601 = LINE('',#12602,#12603);
#12602 = CARTESIAN_POINT('',(14.3796875,44.38203125,16.6));
#12603 = VECTOR('',#12604,1.);
#12604 = DIRECTION('',(0.,-1.,0.));
#12605 = PCURVE('',#5433,#12606);
#12606 = DEFINITIONAL_REPRESENTATION('',(#12607),#12611);
#12607 = LINE('',#12608,#12609);
#12608 = CARTESIAN_POINT('',(0.,-0.65));
#12609 = VECTOR('',#12610,1.);
#12610 = DIRECTION('',(1.,0.));
#12611 = ( GEOMETRIC_REPRESENTATION_CONTEXT(2) 
PARAMETRIC_REPRESENTATION_CONTEXT() REPRESENTATION_CONTEXT('2D SPACE',''
  ) );
#12612 = PCURVE('',#12539,#12613);
#12613 = DEFINITIONAL_REPRESENTATION('',(#12614),#12618);
#12614 = LINE('',#12615,#12616);
#12615 = CARTESIAN_POINT('',(0.66875,0.4390625));
#12616 = VECTOR('',#12617,1.);
#12617 = DIRECTION('',(0.,-1.));
#12618 = ( GEOMETRIC_REPRESENTATION_CONTEXT(2) 
PARAMETRIC_REPRESENTATION_CONTEXT() REPRESENTATION_CONTEXT('2D SPACE',''
  ) );
#12619 = ORIENTED_EDGE('',*,*,#12500,.F.);
#12620 = ADVANCED_FACE('',(#12621),#5409,.T.);
#12621 = FACE_BOUND('',#12622,.T.);
#12622 = EDGE_LOOP('',(#12623,#12624,#12647,#12668));
#12623 = ORIENTED_EDGE('',*,*,#5394,.T.);
#12624 = ORIENTED_EDGE('',*,*,#12625,.T.);
#12625 = EDGE_CURVE('',#5369,#12626,#12628,.T.);
#12626 = VERTEX_POINT('',#12627);
#12627 = CARTESIAN_POINT('',(13.940625,44.38203125,16.6));
#12628 = SURFACE_CURVE('',#12629,(#12633,#12640),.PCURVE_S1.);
#12629 = LINE('',#12630,#12631);
#12630 = CARTESIAN_POINT('',(13.940625,44.38203125,15.95));
#12631 = VECTOR('',#12632,1.);
#12632 = DIRECTION('',(0.,0.,1.));
#12633 = PCURVE('',#5409,#12634);
#12634 = DEFINITIONAL_REPRESENTATION('',(#12635),#12639);
#12635 = LINE('',#12636,#12637);
#12636 = CARTESIAN_POINT('',(0.,0.));
#12637 = VECTOR('',#12638,1.);
#12638 = DIRECTION('',(0.,-1.));
#12639 = ( GEOMETRIC_REPRESENTATION_CONTEXT(2) 
PARAMETRIC_REPRESENTATION_CONTEXT() REPRESENTATION_CONTEXT('2D SPACE',''
  ) );
#12640 = PCURVE('',#5383,#12641);
#12641 = DEFINITIONAL_REPRESENTATION('',(#12642),#12646);
#12642 = LINE('',#12643,#12644);
#12643 = CARTESIAN_POINT('',(0.4390625,0.));
#12644 = VECTOR('',#12645,1.);
#12645 = DIRECTION('',(0.,-1.));
#12646 = ( GEOMETRIC_REPRESENTATION_CONTEXT(2) 
PARAMETRIC_REPRESENTATION_CONTEXT() REPRESENTATION_CONTEXT('2D SPACE',''
  ) );
#12647 = ORIENTED_EDGE('',*,*,#12648,.T.);
#12648 = EDGE_CURVE('',#12626,#12577,#12649,.T.);
#12649 = SURFACE_CURVE('',#12650,(#12654,#12661),.PCURVE_S1.);
#12650 = LINE('',#12651,#12652);
#12651 = CARTESIAN_POINT('',(13.940625,44.38203125,16.6));
#12652 = VECTOR('',#12653,1.);
#12653 = DIRECTION('',(1.,0.,0.));
#12654 = PCURVE('',#5409,#12655);
#12655 = DEFINITIONAL_REPRESENTATION('',(#12656),#12660);
#12656 = LINE('',#12657,#12658);
#12657 = CARTESIAN_POINT('',(0.,-0.65));
#12658 = VECTOR('',#12659,1.);
#12659 = DIRECTION('',(1.,0.));
#12660 = ( GEOMETRIC_REPRESENTATION_CONTEXT(2) 
PARAMETRIC_REPRESENTATION_CONTEXT() REPRESENTATION_CONTEXT('2D SPACE',''
  ) );
#12661 = PCURVE('',#12539,#12662);
#12662 = DEFINITIONAL_REPRESENTATION('',(#12663),#12667);
#12663 = LINE('',#12664,#12665);
#12664 = CARTESIAN_POINT('',(0.2296875,0.4390625));
#12665 = VECTOR('',#12666,1.);
#12666 = DIRECTION('',(1.,0.));
#12667 = ( GEOMETRIC_REPRESENTATION_CONTEXT(2) 
PARAMETRIC_REPRESENTATION_CONTEXT() REPRESENTATION_CONTEXT('2D SPACE',''
  ) );
#12668 = ORIENTED_EDGE('',*,*,#12576,.F.);
#12669 = ADVANCED_FACE('',(#12670),#5383,.T.);
#12670 = FACE_BOUND('',#12671,.T.);
#12671 = EDGE_LOOP('',(#12672,#12673,#12674,#12695));
#12672 = ORIENTED_EDGE('',*,*,#5368,.T.);
#12673 = ORIENTED_EDGE('',*,*,#12551,.T.);
#12674 = ORIENTED_EDGE('',*,*,#12675,.T.);
#12675 = EDGE_CURVE('',#12524,#12626,#12676,.T.);
#12676 = SURFACE_CURVE('',#12677,(#12681,#12688),.PCURVE_S1.);
#12677 = LINE('',#12678,#12679);
#12678 = CARTESIAN_POINT('',(13.940625,43.94296875,16.6));
#12679 = VECTOR('',#12680,1.);
#12680 = DIRECTION('',(0.,1.,0.));
#12681 = PCURVE('',#5383,#12682);
#12682 = DEFINITIONAL_REPRESENTATION('',(#12683),#12687);
#12683 = LINE('',#12684,#12685);
#12684 = CARTESIAN_POINT('',(0.,-0.65));
#12685 = VECTOR('',#12686,1.);
#12686 = DIRECTION('',(1.,0.));
#12687 = ( GEOMETRIC_REPRESENTATION_CONTEXT(2) 
PARAMETRIC_REPRESENTATION_CONTEXT() REPRESENTATION_CONTEXT('2D SPACE',''
  ) );
#12688 = PCURVE('',#12539,#12689);
#12689 = DEFINITIONAL_REPRESENTATION('',(#12690),#12694);
#12690 = LINE('',#12691,#12692);
#12691 = CARTESIAN_POINT('',(0.2296875,0.));
#12692 = VECTOR('',#12693,1.);
#12693 = DIRECTION('',(0.,1.));
#12694 = ( GEOMETRIC_REPRESENTATION_CONTEXT(2) 
PARAMETRIC_REPRESENTATION_CONTEXT() REPRESENTATION_CONTEXT('2D SPACE',''
  ) );
#12695 = ORIENTED_EDGE('',*,*,#12625,.F.);
#12696 = ADVANCED_FACE('',(#12697),#5463,.T.);
#12697 = FACE_BOUND('',#12698,.T.);
#12698 = EDGE_LOOP('',(#12699,#12700,#12723,#12751));
#12699 = ORIENTED_EDGE('',*,*,#5446,.T.);
#12700 = ORIENTED_EDGE('',*,*,#12701,.T.);
#12701 = EDGE_CURVE('',#5449,#12702,#12704,.T.);
#12702 = VERTEX_POINT('',#12703);
#12703 = CARTESIAN_POINT('',(10.2875,43.94296875,16.6));
#12704 = SURFACE_CURVE('',#12705,(#12709,#12716),.PCURVE_S1.);
#12705 = LINE('',#12706,#12707);
#12706 = CARTESIAN_POINT('',(10.2875,43.94296875,15.95));
#12707 = VECTOR('',#12708,1.);
#12708 = DIRECTION('',(0.,0.,1.));
#12709 = PCURVE('',#5463,#12710);
#12710 = DEFINITIONAL_REPRESENTATION('',(#12711),#12715);
#12711 = LINE('',#12712,#12713);
#12712 = CARTESIAN_POINT('',(0.,-0.));
#12713 = VECTOR('',#12714,1.);
#12714 = DIRECTION('',(0.,-1.));
#12715 = ( GEOMETRIC_REPRESENTATION_CONTEXT(2) 
PARAMETRIC_REPRESENTATION_CONTEXT() REPRESENTATION_CONTEXT('2D SPACE',''
  ) );
#12716 = PCURVE('',#5695,#12717);
#12717 = DEFINITIONAL_REPRESENTATION('',(#12718),#12722);
#12718 = LINE('',#12719,#12720);
#12719 = CARTESIAN_POINT('',(1.49375,0.));
#12720 = VECTOR('',#12721,1.);
#12721 = DIRECTION('',(0.,-1.));
#12722 = ( GEOMETRIC_REPRESENTATION_CONTEXT(2) 
PARAMETRIC_REPRESENTATION_CONTEXT() REPRESENTATION_CONTEXT('2D SPACE',''
  ) );
#12723 = ORIENTED_EDGE('',*,*,#12724,.T.);
#12724 = EDGE_CURVE('',#12702,#12725,#12727,.T.);
#12725 = VERTEX_POINT('',#12726);
#12726 = CARTESIAN_POINT('',(9.8578125,43.94296875,16.6));
#12727 = SURFACE_CURVE('',#12728,(#12732,#12739),.PCURVE_S1.);
#12728 = LINE('',#12729,#12730);
#12729 = CARTESIAN_POINT('',(10.2875,43.94296875,16.6));
#12730 = VECTOR('',#12731,1.);
#12731 = DIRECTION('',(-1.,0.,0.));
#12732 = PCURVE('',#5463,#12733);
#12733 = DEFINITIONAL_REPRESENTATION('',(#12734),#12738);
#12734 = LINE('',#12735,#12736);
#12735 = CARTESIAN_POINT('',(0.,-0.65));
#12736 = VECTOR('',#12737,1.);
#12737 = DIRECTION('',(1.,0.));
#12738 = ( GEOMETRIC_REPRESENTATION_CONTEXT(2) 
PARAMETRIC_REPRESENTATION_CONTEXT() REPRESENTATION_CONTEXT('2D SPACE',''
  ) );
#12739 = PCURVE('',#12740,#12745);
#12740 = PLANE('',#12741);
#12741 = AXIS2_PLACEMENT_3D('',#12742,#12743,#12744);
#12742 = CARTESIAN_POINT('',(9.6203125,43.94296875,16.6));
#12743 = DIRECTION('',(0.,0.,1.));
#12744 = DIRECTION('',(1.,0.,0.));
#12745 = DEFINITIONAL_REPRESENTATION('',(#12746),#12750);
#12746 = LINE('',#12747,#12748);
#12747 = CARTESIAN_POINT('',(0.6671875,0.));
#12748 = VECTOR('',#12749,1.);
#12749 = DIRECTION('',(-1.,0.));
#12750 = ( GEOMETRIC_REPRESENTATION_CONTEXT(2) 
PARAMETRIC_REPRESENTATION_CONTEXT() REPRESENTATION_CONTEXT('2D SPACE',''
  ) );
#12751 = ORIENTED_EDGE('',*,*,#12752,.F.);
#12752 = EDGE_CURVE('',#5447,#12725,#12753,.T.);
#12753 = SURFACE_CURVE('',#12754,(#12758,#12765),.PCURVE_S1.);
#12754 = LINE('',#12755,#12756);
#12755 = CARTESIAN_POINT('',(9.8578125,43.94296875,15.95));
#12756 = VECTOR('',#12757,1.);
#12757 = DIRECTION('',(0.,0.,1.));
#12758 = PCURVE('',#5463,#12759);
#12759 = DEFINITIONAL_REPRESENTATION('',(#12760),#12764);
#12760 = LINE('',#12761,#12762);
#12761 = CARTESIAN_POINT('',(0.4296875,0.));
#12762 = VECTOR('',#12763,1.);
#12763 = DIRECTION('',(0.,-1.));
#12764 = ( GEOMETRIC_REPRESENTATION_CONTEXT(2) 
PARAMETRIC_REPRESENTATION_CONTEXT() REPRESENTATION_CONTEXT('2D SPACE',''
  ) );
#12765 = PCURVE('',#5489,#12766);
#12766 = DEFINITIONAL_REPRESENTATION('',(#12767),#12771);
#12767 = LINE('',#12768,#12769);
#12768 = CARTESIAN_POINT('',(0.,0.));
#12769 = VECTOR('',#12770,1.);
#12770 = DIRECTION('',(0.,-1.));
#12771 = ( GEOMETRIC_REPRESENTATION_CONTEXT(2) 
PARAMETRIC_REPRESENTATION_CONTEXT() REPRESENTATION_CONTEXT('2D SPACE',''
  ) );
#12772 = ADVANCED_FACE('',(#12773),#5695,.T.);
#12773 = FACE_BOUND('',#12774,.T.);
#12774 = EDGE_LOOP('',(#12775,#12776,#12799,#12820));
#12775 = ORIENTED_EDGE('',*,*,#5682,.T.);
#12776 = ORIENTED_EDGE('',*,*,#12777,.T.);
#12777 = EDGE_CURVE('',#5657,#12778,#12780,.T.);
#12778 = VERTEX_POINT('',#12779);
#12779 = CARTESIAN_POINT('',(10.2875,45.43671875,16.6));
#12780 = SURFACE_CURVE('',#12781,(#12785,#12792),.PCURVE_S1.);
#12781 = LINE('',#12782,#12783);
#12782 = CARTESIAN_POINT('',(10.2875,45.43671875,15.95));
#12783 = VECTOR('',#12784,1.);
#12784 = DIRECTION('',(0.,0.,1.));
#12785 = PCURVE('',#5695,#12786);
#12786 = DEFINITIONAL_REPRESENTATION('',(#12787),#12791);
#12787 = LINE('',#12788,#12789);
#12788 = CARTESIAN_POINT('',(0.,0.));
#12789 = VECTOR('',#12790,1.);
#12790 = DIRECTION('',(0.,-1.));
#12791 = ( GEOMETRIC_REPRESENTATION_CONTEXT(2) 
PARAMETRIC_REPRESENTATION_CONTEXT() REPRESENTATION_CONTEXT('2D SPACE',''
  ) );
#12792 = PCURVE('',#5671,#12793);
#12793 = DEFINITIONAL_REPRESENTATION('',(#12794),#12798);
#12794 = LINE('',#12795,#12796);
#12795 = CARTESIAN_POINT('',(1.75613948162,0.));
#12796 = VECTOR('',#12797,1.);
#12797 = DIRECTION('',(0.,-1.));
#12798 = ( GEOMETRIC_REPRESENTATION_CONTEXT(2) 
PARAMETRIC_REPRESENTATION_CONTEXT() REPRESENTATION_CONTEXT('2D SPACE',''
  ) );
#12799 = ORIENTED_EDGE('',*,*,#12800,.T.);
#12800 = EDGE_CURVE('',#12778,#12702,#12801,.T.);
#12801 = SURFACE_CURVE('',#12802,(#12806,#12813),.PCURVE_S1.);
#12802 = LINE('',#12803,#12804);
#12803 = CARTESIAN_POINT('',(10.2875,45.43671875,16.6));
#12804 = VECTOR('',#12805,1.);
#12805 = DIRECTION('',(0.,-1.,0.));
#12806 = PCURVE('',#5695,#12807);
#12807 = DEFINITIONAL_REPRESENTATION('',(#12808),#12812);
#12808 = LINE('',#12809,#12810);
#12809 = CARTESIAN_POINT('',(0.,-0.65));
#12810 = VECTOR('',#12811,1.);
#12811 = DIRECTION('',(1.,0.));
#12812 = ( GEOMETRIC_REPRESENTATION_CONTEXT(2) 
PARAMETRIC_REPRESENTATION_CONTEXT() REPRESENTATION_CONTEXT('2D SPACE',''
  ) );
#12813 = PCURVE('',#12740,#12814);
#12814 = DEFINITIONAL_REPRESENTATION('',(#12815),#12819);
#12815 = LINE('',#12816,#12817);
#12816 = CARTESIAN_POINT('',(0.6671875,1.49375));
#12817 = VECTOR('',#12818,1.);
#12818 = DIRECTION('',(0.,-1.));
#12819 = ( GEOMETRIC_REPRESENTATION_CONTEXT(2) 
PARAMETRIC_REPRESENTATION_CONTEXT() REPRESENTATION_CONTEXT('2D SPACE',''
  ) );
#12820 = ORIENTED_EDGE('',*,*,#12701,.F.);
#12821 = ADVANCED_FACE('',(#12822),#5671,.T.);
#12822 = FACE_BOUND('',#12823,.T.);
#12823 = EDGE_LOOP('',(#12824,#12825,#12848,#12869));
#12824 = ORIENTED_EDGE('',*,*,#5656,.T.);
#12825 = ORIENTED_EDGE('',*,*,#12826,.T.);
#12826 = EDGE_CURVE('',#5631,#12827,#12829,.T.);
#12827 = VERTEX_POINT('',#12828);
#12828 = CARTESIAN_POINT('',(11.2109375,43.94296875,16.6));
#12829 = SURFACE_CURVE('',#12830,(#12834,#12841),.PCURVE_S1.);
#12830 = LINE('',#12831,#12832);
#12831 = CARTESIAN_POINT('',(11.2109375,43.94296875,15.95));
#12832 = VECTOR('',#12833,1.);
#12833 = DIRECTION('',(0.,0.,1.));
#12834 = PCURVE('',#5671,#12835);
#12835 = DEFINITIONAL_REPRESENTATION('',(#12836),#12840);
#12836 = LINE('',#12837,#12838);
#12837 = CARTESIAN_POINT('',(0.,0.));
#12838 = VECTOR('',#12839,1.);
#12839 = DIRECTION('',(0.,-1.));
#12840 = ( GEOMETRIC_REPRESENTATION_CONTEXT(2) 
PARAMETRIC_REPRESENTATION_CONTEXT() REPRESENTATION_CONTEXT('2D SPACE',''
  ) );
#12841 = PCURVE('',#5645,#12842);
#12842 = DEFINITIONAL_REPRESENTATION('',(#12843),#12847);
#12843 = LINE('',#12844,#12845);
#12844 = CARTESIAN_POINT('',(0.4640625,0.));
#12845 = VECTOR('',#12846,1.);
#12846 = DIRECTION('',(0.,-1.));
#12847 = ( GEOMETRIC_REPRESENTATION_CONTEXT(2) 
PARAMETRIC_REPRESENTATION_CONTEXT() REPRESENTATION_CONTEXT('2D SPACE',''
  ) );
#12848 = ORIENTED_EDGE('',*,*,#12849,.T.);
#12849 = EDGE_CURVE('',#12827,#12778,#12850,.T.);
#12850 = SURFACE_CURVE('',#12851,(#12855,#12862),.PCURVE_S1.);
#12851 = LINE('',#12852,#12853);
#12852 = CARTESIAN_POINT('',(11.2109375,43.94296875,16.6));
#12853 = VECTOR('',#12854,1.);
#12854 = DIRECTION('',(-0.525833801736,0.850587334112,0.));
#12855 = PCURVE('',#5671,#12856);
#12856 = DEFINITIONAL_REPRESENTATION('',(#12857),#12861);
#12857 = LINE('',#12858,#12859);
#12858 = CARTESIAN_POINT('',(0.,-0.65));
#12859 = VECTOR('',#12860,1.);
#12860 = DIRECTION('',(1.,0.));
#12861 = ( GEOMETRIC_REPRESENTATION_CONTEXT(2) 
PARAMETRIC_REPRESENTATION_CONTEXT() REPRESENTATION_CONTEXT('2D SPACE',''
  ) );
#12862 = PCURVE('',#12740,#12863);
#12863 = DEFINITIONAL_REPRESENTATION('',(#12864),#12868);
#12864 = LINE('',#12865,#12866);
#12865 = CARTESIAN_POINT('',(1.590625,0.));
#12866 = VECTOR('',#12867,1.);
#12867 = DIRECTION('',(-0.525833801736,0.850587334112));
#12868 = ( GEOMETRIC_REPRESENTATION_CONTEXT(2) 
PARAMETRIC_REPRESENTATION_CONTEXT() REPRESENTATION_CONTEXT('2D SPACE',''
  ) );
#12869 = ORIENTED_EDGE('',*,*,#12777,.F.);
#12870 = ADVANCED_FACE('',(#12871),#5645,.T.);
#12871 = FACE_BOUND('',#12872,.T.);
#12872 = EDGE_LOOP('',(#12873,#12874,#12897,#12918));
#12873 = ORIENTED_EDGE('',*,*,#5630,.T.);
#12874 = ORIENTED_EDGE('',*,*,#12875,.T.);
#12875 = EDGE_CURVE('',#5605,#12876,#12878,.T.);
#12876 = VERTEX_POINT('',#12877);
#12877 = CARTESIAN_POINT('',(11.675,43.94296875,16.6));
#12878 = SURFACE_CURVE('',#12879,(#12883,#12890),.PCURVE_S1.);
#12879 = LINE('',#12880,#12881);
#12880 = CARTESIAN_POINT('',(11.675,43.94296875,15.95));
#12881 = VECTOR('',#12882,1.);
#12882 = DIRECTION('',(0.,0.,1.));
#12883 = PCURVE('',#5645,#12884);
#12884 = DEFINITIONAL_REPRESENTATION('',(#12885),#12889);
#12885 = LINE('',#12886,#12887);
#12886 = CARTESIAN_POINT('',(0.,-0.));
#12887 = VECTOR('',#12888,1.);
#12888 = DIRECTION('',(0.,-1.));
#12889 = ( GEOMETRIC_REPRESENTATION_CONTEXT(2) 
PARAMETRIC_REPRESENTATION_CONTEXT() REPRESENTATION_CONTEXT('2D SPACE',''
  ) );
#12890 = PCURVE('',#5619,#12891);
#12891 = DEFINITIONAL_REPRESENTATION('',(#12892),#12896);
#12892 = LINE('',#12893,#12894);
#12893 = CARTESIAN_POINT('',(2.290625,0.));
#12894 = VECTOR('',#12895,1.);
#12895 = DIRECTION('',(0.,-1.));
#12896 = ( GEOMETRIC_REPRESENTATION_CONTEXT(2) 
PARAMETRIC_REPRESENTATION_CONTEXT() REPRESENTATION_CONTEXT('2D SPACE',''
  ) );
#12897 = ORIENTED_EDGE('',*,*,#12898,.T.);
#12898 = EDGE_CURVE('',#12876,#12827,#12899,.T.);
#12899 = SURFACE_CURVE('',#12900,(#12904,#12911),.PCURVE_S1.);
#12900 = LINE('',#12901,#12902);
#12901 = CARTESIAN_POINT('',(11.675,43.94296875,16.6));
#12902 = VECTOR('',#12903,1.);
#12903 = DIRECTION('',(-1.,0.,0.));
#12904 = PCURVE('',#5645,#12905);
#12905 = DEFINITIONAL_REPRESENTATION('',(#12906),#12910);
#12906 = LINE('',#12907,#12908);
#12907 = CARTESIAN_POINT('',(0.,-0.65));
#12908 = VECTOR('',#12909,1.);
#12909 = DIRECTION('',(1.,0.));
#12910 = ( GEOMETRIC_REPRESENTATION_CONTEXT(2) 
PARAMETRIC_REPRESENTATION_CONTEXT() REPRESENTATION_CONTEXT('2D SPACE',''
  ) );
#12911 = PCURVE('',#12740,#12912);
#12912 = DEFINITIONAL_REPRESENTATION('',(#12913),#12917);
#12913 = LINE('',#12914,#12915);
#12914 = CARTESIAN_POINT('',(2.0546875,0.));
#12915 = VECTOR('',#12916,1.);
#12916 = DIRECTION('',(-1.,0.));
#12917 = ( GEOMETRIC_REPRESENTATION_CONTEXT(2) 
PARAMETRIC_REPRESENTATION_CONTEXT() REPRESENTATION_CONTEXT('2D SPACE',''
  ) );
#12918 = ORIENTED_EDGE('',*,*,#12826,.F.);
#12919 = ADVANCED_FACE('',(#12920),#5619,.T.);
#12920 = FACE_BOUND('',#12921,.T.);
#12921 = EDGE_LOOP('',(#12922,#12923,#12946,#12967));
#12922 = ORIENTED_EDGE('',*,*,#5604,.T.);
#12923 = ORIENTED_EDGE('',*,*,#12924,.T.);
#12924 = EDGE_CURVE('',#5579,#12925,#12927,.T.);
#12925 = VERTEX_POINT('',#12926);
#12926 = CARTESIAN_POINT('',(11.675,46.23359375,16.6));
#12927 = SURFACE_CURVE('',#12928,(#12932,#12939),.PCURVE_S1.);
#12928 = LINE('',#12929,#12930);
#12929 = CARTESIAN_POINT('',(11.675,46.23359375,15.95));
#12930 = VECTOR('',#12931,1.);
#12931 = DIRECTION('',(0.,0.,1.));
#12932 = PCURVE('',#5619,#12933);
#12933 = DEFINITIONAL_REPRESENTATION('',(#12934),#12938);
#12934 = LINE('',#12935,#12936);
#12935 = CARTESIAN_POINT('',(0.,0.));
#12936 = VECTOR('',#12937,1.);
#12937 = DIRECTION('',(0.,-1.));
#12938 = ( GEOMETRIC_REPRESENTATION_CONTEXT(2) 
PARAMETRIC_REPRESENTATION_CONTEXT() REPRESENTATION_CONTEXT('2D SPACE',''
  ) );
#12939 = PCURVE('',#5593,#12940);
#12940 = DEFINITIONAL_REPRESENTATION('',(#12941),#12945);
#12941 = LINE('',#12942,#12943);
#12942 = CARTESIAN_POINT('',(0.4296875,0.));
#12943 = VECTOR('',#12944,1.);
#12944 = DIRECTION('',(0.,-1.));
#12945 = ( GEOMETRIC_REPRESENTATION_CONTEXT(2) 
PARAMETRIC_REPRESENTATION_CONTEXT() REPRESENTATION_CONTEXT('2D SPACE',''
  ) );
#12946 = ORIENTED_EDGE('',*,*,#12947,.T.);
#12947 = EDGE_CURVE('',#12925,#12876,#12948,.T.);
#12948 = SURFACE_CURVE('',#12949,(#12953,#12960),.PCURVE_S1.);
#12949 = LINE('',#12950,#12951);
#12950 = CARTESIAN_POINT('',(11.675,46.23359375,16.6));
#12951 = VECTOR('',#12952,1.);
#12952 = DIRECTION('',(0.,-1.,0.));
#12953 = PCURVE('',#5619,#12954);
#12954 = DEFINITIONAL_REPRESENTATION('',(#12955),#12959);
#12955 = LINE('',#12956,#12957);
#12956 = CARTESIAN_POINT('',(0.,-0.65));
#12957 = VECTOR('',#12958,1.);
#12958 = DIRECTION('',(1.,0.));
#12959 = ( GEOMETRIC_REPRESENTATION_CONTEXT(2) 
PARAMETRIC_REPRESENTATION_CONTEXT() REPRESENTATION_CONTEXT('2D SPACE',''
  ) );
#12960 = PCURVE('',#12740,#12961);
#12961 = DEFINITIONAL_REPRESENTATION('',(#12962),#12966);
#12962 = LINE('',#12963,#12964);
#12963 = CARTESIAN_POINT('',(2.0546875,2.290625));
#12964 = VECTOR('',#12965,1.);
#12965 = DIRECTION('',(0.,-1.));
#12966 = ( GEOMETRIC_REPRESENTATION_CONTEXT(2) 
PARAMETRIC_REPRESENTATION_CONTEXT() REPRESENTATION_CONTEXT('2D SPACE',''
  ) );
#12967 = ORIENTED_EDGE('',*,*,#12875,.F.);
#12968 = ADVANCED_FACE('',(#12969),#5593,.T.);
#12969 = FACE_BOUND('',#12970,.T.);
#12970 = EDGE_LOOP('',(#12971,#12972,#12995,#13016));
#12971 = ORIENTED_EDGE('',*,*,#5578,.T.);
#12972 = ORIENTED_EDGE('',*,*,#12973,.T.);
#12973 = EDGE_CURVE('',#5553,#12974,#12976,.T.);
#12974 = VERTEX_POINT('',#12975);
#12975 = CARTESIAN_POINT('',(11.2453125,46.23359375,16.6));
#12976 = SURFACE_CURVE('',#12977,(#12981,#12988),.PCURVE_S1.);
#12977 = LINE('',#12978,#12979);
#12978 = CARTESIAN_POINT('',(11.2453125,46.23359375,15.95));
#12979 = VECTOR('',#12980,1.);
#12980 = DIRECTION('',(0.,0.,1.));
#12981 = PCURVE('',#5593,#12982);
#12982 = DEFINITIONAL_REPRESENTATION('',(#12983),#12987);
#12983 = LINE('',#12984,#12985);
#12984 = CARTESIAN_POINT('',(0.,0.));
#12985 = VECTOR('',#12986,1.);
#12986 = DIRECTION('',(0.,-1.));
#12987 = ( GEOMETRIC_REPRESENTATION_CONTEXT(2) 
PARAMETRIC_REPRESENTATION_CONTEXT() REPRESENTATION_CONTEXT('2D SPACE',''
  ) );
#12988 = PCURVE('',#5567,#12989);
#12989 = DEFINITIONAL_REPRESENTATION('',(#12990),#12994);
#12990 = LINE('',#12991,#12992);
#12991 = CARTESIAN_POINT('',(1.5296875,0.));
#12992 = VECTOR('',#12993,1.);
#12993 = DIRECTION('',(0.,-1.));
#12994 = ( GEOMETRIC_REPRESENTATION_CONTEXT(2) 
PARAMETRIC_REPRESENTATION_CONTEXT() REPRESENTATION_CONTEXT('2D SPACE',''
  ) );
#12995 = ORIENTED_EDGE('',*,*,#12996,.T.);
#12996 = EDGE_CURVE('',#12974,#12925,#12997,.T.);
#12997 = SURFACE_CURVE('',#12998,(#13002,#13009),.PCURVE_S1.);
#12998 = LINE('',#12999,#13000);
#12999 = CARTESIAN_POINT('',(11.2453125,46.23359375,16.6));
#13000 = VECTOR('',#13001,1.);
#13001 = DIRECTION('',(1.,0.,0.));
#13002 = PCURVE('',#5593,#13003);
#13003 = DEFINITIONAL_REPRESENTATION('',(#13004),#13008);
#13004 = LINE('',#13005,#13006);
#13005 = CARTESIAN_POINT('',(0.,-0.65));
#13006 = VECTOR('',#13007,1.);
#13007 = DIRECTION('',(1.,0.));
#13008 = ( GEOMETRIC_REPRESENTATION_CONTEXT(2) 
PARAMETRIC_REPRESENTATION_CONTEXT() REPRESENTATION_CONTEXT('2D SPACE',''
  ) );
#13009 = PCURVE('',#12740,#13010);
#13010 = DEFINITIONAL_REPRESENTATION('',(#13011),#13015);
#13011 = LINE('',#13012,#13013);
#13012 = CARTESIAN_POINT('',(1.625,2.290625));
#13013 = VECTOR('',#13014,1.);
#13014 = DIRECTION('',(1.,0.));
#13015 = ( GEOMETRIC_REPRESENTATION_CONTEXT(2) 
PARAMETRIC_REPRESENTATION_CONTEXT() REPRESENTATION_CONTEXT('2D SPACE',''
  ) );
#13016 = ORIENTED_EDGE('',*,*,#12924,.F.);
#13017 = ADVANCED_FACE('',(#13018),#5567,.T.);
#13018 = FACE_BOUND('',#13019,.T.);
#13019 = EDGE_LOOP('',(#13020,#13021,#13044,#13065));
#13020 = ORIENTED_EDGE('',*,*,#5552,.T.);
#13021 = ORIENTED_EDGE('',*,*,#13022,.T.);
#13022 = EDGE_CURVE('',#5527,#13023,#13025,.T.);
#13023 = VERTEX_POINT('',#13024);
#13024 = CARTESIAN_POINT('',(11.2453125,44.70390625,16.6));
#13025 = SURFACE_CURVE('',#13026,(#13030,#13037),.PCURVE_S1.);
#13026 = LINE('',#13027,#13028);
#13027 = CARTESIAN_POINT('',(11.2453125,44.70390625,15.95));
#13028 = VECTOR('',#13029,1.);
#13029 = DIRECTION('',(0.,0.,1.));
#13030 = PCURVE('',#5567,#13031);
#13031 = DEFINITIONAL_REPRESENTATION('',(#13032),#13036);
#13032 = LINE('',#13033,#13034);
#13033 = CARTESIAN_POINT('',(0.,0.));
#13034 = VECTOR('',#13035,1.);
#13035 = DIRECTION('',(0.,-1.));
#13036 = ( GEOMETRIC_REPRESENTATION_CONTEXT(2) 
PARAMETRIC_REPRESENTATION_CONTEXT() REPRESENTATION_CONTEXT('2D SPACE',''
  ) );
#13037 = PCURVE('',#5541,#13038);
#13038 = DEFINITIONAL_REPRESENTATION('',(#13039),#13043);
#13039 = LINE('',#13040,#13041);
#13040 = CARTESIAN_POINT('',(1.794115408121,0.));
#13041 = VECTOR('',#13042,1.);
#13042 = DIRECTION('',(0.,-1.));
#13043 = ( GEOMETRIC_REPRESENTATION_CONTEXT(2) 
PARAMETRIC_REPRESENTATION_CONTEXT() REPRESENTATION_CONTEXT('2D SPACE',''
  ) );
#13044 = ORIENTED_EDGE('',*,*,#13045,.T.);
#13045 = EDGE_CURVE('',#13023,#12974,#13046,.T.);
#13046 = SURFACE_CURVE('',#13047,(#13051,#13058),.PCURVE_S1.);
#13047 = LINE('',#13048,#13049);
#13048 = CARTESIAN_POINT('',(11.2453125,44.70390625,16.6));
#13049 = VECTOR('',#13050,1.);
#13050 = DIRECTION('',(0.,1.,0.));
#13051 = PCURVE('',#5567,#13052);
#13052 = DEFINITIONAL_REPRESENTATION('',(#13053),#13057);
#13053 = LINE('',#13054,#13055);
#13054 = CARTESIAN_POINT('',(0.,-0.65));
#13055 = VECTOR('',#13056,1.);
#13056 = DIRECTION('',(1.,0.));
#13057 = ( GEOMETRIC_REPRESENTATION_CONTEXT(2) 
PARAMETRIC_REPRESENTATION_CONTEXT() REPRESENTATION_CONTEXT('2D SPACE',''
  ) );
#13058 = PCURVE('',#12740,#13059);
#13059 = DEFINITIONAL_REPRESENTATION('',(#13060),#13064);
#13060 = LINE('',#13061,#13062);
#13061 = CARTESIAN_POINT('',(1.625,0.7609375));
#13062 = VECTOR('',#13063,1.);
#13063 = DIRECTION('',(0.,1.));
#13064 = ( GEOMETRIC_REPRESENTATION_CONTEXT(2) 
PARAMETRIC_REPRESENTATION_CONTEXT() REPRESENTATION_CONTEXT('2D SPACE',''
  ) );
#13065 = ORIENTED_EDGE('',*,*,#12973,.F.);
#13066 = ADVANCED_FACE('',(#13067),#5541,.T.);
#13067 = FACE_BOUND('',#13068,.T.);
#13068 = EDGE_LOOP('',(#13069,#13070,#13093,#13114));
#13069 = ORIENTED_EDGE('',*,*,#5526,.T.);
#13070 = ORIENTED_EDGE('',*,*,#13071,.T.);
#13071 = EDGE_CURVE('',#5501,#13072,#13074,.T.);
#13072 = VERTEX_POINT('',#13073);
#13073 = CARTESIAN_POINT('',(10.3078125,46.23359375,16.6));
#13074 = SURFACE_CURVE('',#13075,(#13079,#13086),.PCURVE_S1.);
#13075 = LINE('',#13076,#13077);
#13076 = CARTESIAN_POINT('',(10.3078125,46.23359375,15.95));
#13077 = VECTOR('',#13078,1.);
#13078 = DIRECTION('',(0.,0.,1.));
#13079 = PCURVE('',#5541,#13080);
#13080 = DEFINITIONAL_REPRESENTATION('',(#13081),#13085);
#13081 = LINE('',#13082,#13083);
#13082 = CARTESIAN_POINT('',(0.,0.));
#13083 = VECTOR('',#13084,1.);
#13084 = DIRECTION('',(0.,-1.));
#13085 = ( GEOMETRIC_REPRESENTATION_CONTEXT(2) 
PARAMETRIC_REPRESENTATION_CONTEXT() REPRESENTATION_CONTEXT('2D SPACE',''
  ) );
#13086 = PCURVE('',#5515,#13087);
#13087 = DEFINITIONAL_REPRESENTATION('',(#13088),#13092);
#13088 = LINE('',#13089,#13090);
#13089 = CARTESIAN_POINT('',(0.45,0.));
#13090 = VECTOR('',#13091,1.);
#13091 = DIRECTION('',(0.,-1.));
#13092 = ( GEOMETRIC_REPRESENTATION_CONTEXT(2) 
PARAMETRIC_REPRESENTATION_CONTEXT() REPRESENTATION_CONTEXT('2D SPACE',''
  ) );
#13093 = ORIENTED_EDGE('',*,*,#13094,.T.);
#13094 = EDGE_CURVE('',#13072,#13023,#13095,.T.);
#13095 = SURFACE_CURVE('',#13096,(#13100,#13107),.PCURVE_S1.);
#13096 = LINE('',#13097,#13098);
#13097 = CARTESIAN_POINT('',(10.3078125,46.23359375,16.6));
#13098 = VECTOR('',#13099,1.);
#13099 = DIRECTION('',(0.522541635703,-0.852613768923,0.));
#13100 = PCURVE('',#5541,#13101);
#13101 = DEFINITIONAL_REPRESENTATION('',(#13102),#13106);
#13102 = LINE('',#13103,#13104);
#13103 = CARTESIAN_POINT('',(0.,-0.65));
#13104 = VECTOR('',#13105,1.);
#13105 = DIRECTION('',(1.,0.));
#13106 = ( GEOMETRIC_REPRESENTATION_CONTEXT(2) 
PARAMETRIC_REPRESENTATION_CONTEXT() REPRESENTATION_CONTEXT('2D SPACE',''
  ) );
#13107 = PCURVE('',#12740,#13108);
#13108 = DEFINITIONAL_REPRESENTATION('',(#13109),#13113);
#13109 = LINE('',#13110,#13111);
#13110 = CARTESIAN_POINT('',(0.6875,2.290625));
#13111 = VECTOR('',#13112,1.);
#13112 = DIRECTION('',(0.522541635703,-0.852613768923));
#13113 = ( GEOMETRIC_REPRESENTATION_CONTEXT(2) 
PARAMETRIC_REPRESENTATION_CONTEXT() REPRESENTATION_CONTEXT('2D SPACE',''
  ) );
#13114 = ORIENTED_EDGE('',*,*,#13022,.F.);
#13115 = ADVANCED_FACE('',(#13116),#5515,.T.);
#13116 = FACE_BOUND('',#13117,.T.);
#13117 = EDGE_LOOP('',(#13118,#13119,#13142,#13163));
#13118 = ORIENTED_EDGE('',*,*,#5500,.T.);
#13119 = ORIENTED_EDGE('',*,*,#13120,.T.);
#13120 = EDGE_CURVE('',#5475,#13121,#13123,.T.);
#13121 = VERTEX_POINT('',#13122);
#13122 = CARTESIAN_POINT('',(9.8578125,46.23359375,16.6));
#13123 = SURFACE_CURVE('',#13124,(#13128,#13135),.PCURVE_S1.);
#13124 = LINE('',#13125,#13126);
#13125 = CARTESIAN_POINT('',(9.8578125,46.23359375,15.95));
#13126 = VECTOR('',#13127,1.);
#13127 = DIRECTION('',(0.,0.,1.));
#13128 = PCURVE('',#5515,#13129);
#13129 = DEFINITIONAL_REPRESENTATION('',(#13130),#13134);
#13130 = LINE('',#13131,#13132);
#13131 = CARTESIAN_POINT('',(0.,0.));
#13132 = VECTOR('',#13133,1.);
#13133 = DIRECTION('',(0.,-1.));
#13134 = ( GEOMETRIC_REPRESENTATION_CONTEXT(2) 
PARAMETRIC_REPRESENTATION_CONTEXT() REPRESENTATION_CONTEXT('2D SPACE',''
  ) );
#13135 = PCURVE('',#5489,#13136);
#13136 = DEFINITIONAL_REPRESENTATION('',(#13137),#13141);
#13137 = LINE('',#13138,#13139);
#13138 = CARTESIAN_POINT('',(2.290625,0.));
#13139 = VECTOR('',#13140,1.);
#13140 = DIRECTION('',(0.,-1.));
#13141 = ( GEOMETRIC_REPRESENTATION_CONTEXT(2) 
PARAMETRIC_REPRESENTATION_CONTEXT() REPRESENTATION_CONTEXT('2D SPACE',''
  ) );
#13142 = ORIENTED_EDGE('',*,*,#13143,.T.);
#13143 = EDGE_CURVE('',#13121,#13072,#13144,.T.);
#13144 = SURFACE_CURVE('',#13145,(#13149,#13156),.PCURVE_S1.);
#13145 = LINE('',#13146,#13147);
#13146 = CARTESIAN_POINT('',(9.8578125,46.23359375,16.6));
#13147 = VECTOR('',#13148,1.);
#13148 = DIRECTION('',(1.,0.,0.));
#13149 = PCURVE('',#5515,#13150);
#13150 = DEFINITIONAL_REPRESENTATION('',(#13151),#13155);
#13151 = LINE('',#13152,#13153);
#13152 = CARTESIAN_POINT('',(0.,-0.65));
#13153 = VECTOR('',#13154,1.);
#13154 = DIRECTION('',(1.,0.));
#13155 = ( GEOMETRIC_REPRESENTATION_CONTEXT(2) 
PARAMETRIC_REPRESENTATION_CONTEXT() REPRESENTATION_CONTEXT('2D SPACE',''
  ) );
#13156 = PCURVE('',#12740,#13157);
#13157 = DEFINITIONAL_REPRESENTATION('',(#13158),#13162);
#13158 = LINE('',#13159,#13160);
#13159 = CARTESIAN_POINT('',(0.2375,2.290625));
#13160 = VECTOR('',#13161,1.);
#13161 = DIRECTION('',(1.,0.));
#13162 = ( GEOMETRIC_REPRESENTATION_CONTEXT(2) 
PARAMETRIC_REPRESENTATION_CONTEXT() REPRESENTATION_CONTEXT('2D SPACE',''
  ) );
#13163 = ORIENTED_EDGE('',*,*,#13071,.F.);
#13164 = ADVANCED_FACE('',(#13165),#5489,.T.);
#13165 = FACE_BOUND('',#13166,.T.);
#13166 = EDGE_LOOP('',(#13167,#13168,#13169,#13190));
#13167 = ORIENTED_EDGE('',*,*,#5474,.T.);
#13168 = ORIENTED_EDGE('',*,*,#12752,.T.);
#13169 = ORIENTED_EDGE('',*,*,#13170,.T.);
#13170 = EDGE_CURVE('',#12725,#13121,#13171,.T.);
#13171 = SURFACE_CURVE('',#13172,(#13176,#13183),.PCURVE_S1.);
#13172 = LINE('',#13173,#13174);
#13173 = CARTESIAN_POINT('',(9.8578125,43.94296875,16.6));
#13174 = VECTOR('',#13175,1.);
#13175 = DIRECTION('',(0.,1.,0.));
#13176 = PCURVE('',#5489,#13177);
#13177 = DEFINITIONAL_REPRESENTATION('',(#13178),#13182);
#13178 = LINE('',#13179,#13180);
#13179 = CARTESIAN_POINT('',(0.,-0.65));
#13180 = VECTOR('',#13181,1.);
#13181 = DIRECTION('',(1.,0.));
#13182 = ( GEOMETRIC_REPRESENTATION_CONTEXT(2) 
PARAMETRIC_REPRESENTATION_CONTEXT() REPRESENTATION_CONTEXT('2D SPACE',''
  ) );
#13183 = PCURVE('',#12740,#13184);
#13184 = DEFINITIONAL_REPRESENTATION('',(#13185),#13189);
#13185 = LINE('',#13186,#13187);
#13186 = CARTESIAN_POINT('',(0.2375,0.));
#13187 = VECTOR('',#13188,1.);
#13188 = DIRECTION('',(0.,1.));
#13189 = ( GEOMETRIC_REPRESENTATION_CONTEXT(2) 
PARAMETRIC_REPRESENTATION_CONTEXT() REPRESENTATION_CONTEXT('2D SPACE',''
  ) );
#13190 = ORIENTED_EDGE('',*,*,#13120,.F.);
#13191 = ADVANCED_FACE('',(#13192),#5725,.T.);
#13192 = FACE_BOUND('',#13193,.T.);
#13193 = EDGE_LOOP('',(#13194,#13195,#13218,#13246));
#13194 = ORIENTED_EDGE('',*,*,#5708,.T.);
#13195 = ORIENTED_EDGE('',*,*,#13196,.T.);
#13196 = EDGE_CURVE('',#5711,#13197,#13199,.T.);
#13197 = VERTEX_POINT('',#13198);
#13198 = CARTESIAN_POINT('',(13.065625,45.79453125,16.6));
#13199 = SURFACE_CURVE('',#13200,(#13204,#13211),.PCURVE_S1.);
#13200 = LINE('',#13201,#13202);
#13201 = CARTESIAN_POINT('',(13.065625,45.79453125,15.95));
#13202 = VECTOR('',#13203,1.);
#13203 = DIRECTION('',(0.,0.,1.));
#13204 = PCURVE('',#5725,#13205);
#13205 = DEFINITIONAL_REPRESENTATION('',(#13206),#13210);
#13206 = LINE('',#13207,#13208);
#13207 = CARTESIAN_POINT('',(0.,-0.));
#13208 = VECTOR('',#13209,1.);
#13209 = DIRECTION('',(0.,-1.));
#13210 = ( GEOMETRIC_REPRESENTATION_CONTEXT(2) 
PARAMETRIC_REPRESENTATION_CONTEXT() REPRESENTATION_CONTEXT('2D SPACE',''
  ) );
#13211 = PCURVE('',#6028,#13212);
#13212 = DEFINITIONAL_REPRESENTATION('',(#13213),#13217);
#13213 = LINE('',#13214,#13215);
#13214 = CARTESIAN_POINT('',(1.,0.));
#13215 = VECTOR('',#13216,1.);
#13216 = DIRECTION('',(0.,-1.));
#13217 = ( GEOMETRIC_REPRESENTATION_CONTEXT(2) 
PARAMETRIC_REPRESENTATION_CONTEXT() REPRESENTATION_CONTEXT('2D SPACE',''
  ) );
#13218 = ORIENTED_EDGE('',*,*,#13219,.T.);
#13219 = EDGE_CURVE('',#13197,#13220,#13222,.T.);
#13220 = VERTEX_POINT('',#13221);
#13221 = CARTESIAN_POINT('',(12.0671875,45.79453125,16.6));
#13222 = SURFACE_CURVE('',#13223,(#13227,#13234),.PCURVE_S1.);
#13223 = LINE('',#13224,#13225);
#13224 = CARTESIAN_POINT('',(13.065625,45.79453125,16.6));
#13225 = VECTOR('',#13226,1.);
#13226 = DIRECTION('',(-1.,0.,0.));
#13227 = PCURVE('',#5725,#13228);
#13228 = DEFINITIONAL_REPRESENTATION('',(#13229),#13233);
#13229 = LINE('',#13230,#13231);
#13230 = CARTESIAN_POINT('',(0.,-0.65));
#13231 = VECTOR('',#13232,1.);
#13232 = DIRECTION('',(1.,0.));
#13233 = ( GEOMETRIC_REPRESENTATION_CONTEXT(2) 
PARAMETRIC_REPRESENTATION_CONTEXT() REPRESENTATION_CONTEXT('2D SPACE',''
  ) );
#13234 = PCURVE('',#13235,#13240);
#13235 = PLANE('',#13236);
#13236 = AXIS2_PLACEMENT_3D('',#13237,#13238,#13239);
#13237 = CARTESIAN_POINT('',(11.93125,43.94296875,16.6));
#13238 = DIRECTION('',(0.,0.,1.));
#13239 = DIRECTION('',(1.,0.,0.));
#13240 = DEFINITIONAL_REPRESENTATION('',(#13241),#13245);
#13241 = LINE('',#13242,#13243);
#13242 = CARTESIAN_POINT('',(1.134375,1.8515625));
#13243 = VECTOR('',#13244,1.);
#13244 = DIRECTION('',(-1.,0.));
#13245 = ( GEOMETRIC_REPRESENTATION_CONTEXT(2) 
PARAMETRIC_REPRESENTATION_CONTEXT() REPRESENTATION_CONTEXT('2D SPACE',''
  ) );
#13246 = ORIENTED_EDGE('',*,*,#13247,.F.);
#13247 = EDGE_CURVE('',#5709,#13220,#13248,.T.);
#13248 = SURFACE_CURVE('',#13249,(#13253,#13260),.PCURVE_S1.);
#13249 = LINE('',#13250,#13251);
#13250 = CARTESIAN_POINT('',(12.0671875,45.79453125,15.95));
#13251 = VECTOR('',#13252,1.);
#13252 = DIRECTION('',(0.,0.,1.));
#13253 = PCURVE('',#5725,#13254);
#13254 = DEFINITIONAL_REPRESENTATION('',(#13255),#13259);
#13255 = LINE('',#13256,#13257);
#13256 = CARTESIAN_POINT('',(0.9984375,0.));
#13257 = VECTOR('',#13258,1.);
#13258 = DIRECTION('',(0.,-1.));
#13259 = ( GEOMETRIC_REPRESENTATION_CONTEXT(2) 
PARAMETRIC_REPRESENTATION_CONTEXT() REPRESENTATION_CONTEXT('2D SPACE',''
  ) );
#13260 = PCURVE('',#5751,#13261);
#13261 = DEFINITIONAL_REPRESENTATION('',(#13262),#13266);
#13262 = LINE('',#13263,#13264);
#13263 = CARTESIAN_POINT('',(0.,0.));
#13264 = VECTOR('',#13265,1.);
#13265 = DIRECTION('',(0.,-1.));
#13266 = ( GEOMETRIC_REPRESENTATION_CONTEXT(2) 
PARAMETRIC_REPRESENTATION_CONTEXT() REPRESENTATION_CONTEXT('2D SPACE',''
  ) );
#13267 = ADVANCED_FACE('',(#13268),#6028,.T.);
#13268 = FACE_BOUND('',#13269,.T.);
#13269 = EDGE_LOOP('',(#13270,#13271,#13294,#13315));
#13270 = ORIENTED_EDGE('',*,*,#6008,.T.);
#13271 = ORIENTED_EDGE('',*,*,#13272,.T.);
#13272 = EDGE_CURVE('',#5970,#13273,#13275,.T.);
#13273 = VERTEX_POINT('',#13274);
#13274 = CARTESIAN_POINT('',(12.57109375,44.91171875,16.6));
#13275 = SURFACE_CURVE('',#13276,(#13280,#13287),.PCURVE_S1.);
#13276 = LINE('',#13277,#13278);
#13277 = CARTESIAN_POINT('',(12.57109375,44.91171875,15.95));
#13278 = VECTOR('',#13279,1.);
#13279 = DIRECTION('',(0.,0.,1.));
#13280 = PCURVE('',#6028,#13281);
#13281 = DEFINITIONAL_REPRESENTATION('',(#13282),#13286);
#13282 = LINE('',#13283,#13284);
#13283 = CARTESIAN_POINT('',(0.,0.));
#13284 = VECTOR('',#13285,1.);
#13285 = DIRECTION('',(0.,-1.));
#13286 = ( GEOMETRIC_REPRESENTATION_CONTEXT(2) 
PARAMETRIC_REPRESENTATION_CONTEXT() REPRESENTATION_CONTEXT('2D SPACE',''
  ) );
#13287 = PCURVE('',#5991,#13288);
#13288 = DEFINITIONAL_REPRESENTATION('',(#13289),#13293);
#13289 = LINE('',#13290,#13291);
#13290 = CARTESIAN_POINT('',(1.,0.));
#13291 = VECTOR('',#13292,1.);
#13292 = DIRECTION('',(0.,-1.));
#13293 = ( GEOMETRIC_REPRESENTATION_CONTEXT(2) 
PARAMETRIC_REPRESENTATION_CONTEXT() REPRESENTATION_CONTEXT('2D SPACE',''
  ) );
#13294 = ORIENTED_EDGE('',*,*,#13295,.T.);
#13295 = EDGE_CURVE('',#13273,#13197,#13296,.T.);
#13296 = SURFACE_CURVE('',#13297,(#13301,#13308),.PCURVE_S1.);
#13297 = B_SPLINE_CURVE_WITH_KNOTS('',2,(#13298,#13299,#13300),
  .UNSPECIFIED.,.F.,.F.,(3,3),(0.,1.),.PIECEWISE_BEZIER_KNOTS.);
#13298 = CARTESIAN_POINT('',(12.57109375,44.91171875,16.6));
#13299 = CARTESIAN_POINT('',(12.75625,45.40546875,16.6));
#13300 = CARTESIAN_POINT('',(13.065625,45.79453125,16.6));
#13301 = PCURVE('',#6028,#13302);
#13302 = DEFINITIONAL_REPRESENTATION('',(#13303),#13307);
#13303 = LINE('',#13304,#13305);
#13304 = CARTESIAN_POINT('',(0.,-0.65));
#13305 = VECTOR('',#13306,1.);
#13306 = DIRECTION('',(1.,0.));
#13307 = ( GEOMETRIC_REPRESENTATION_CONTEXT(2) 
PARAMETRIC_REPRESENTATION_CONTEXT() REPRESENTATION_CONTEXT('2D SPACE',''
  ) );
#13308 = PCURVE('',#13235,#13309);
#13309 = DEFINITIONAL_REPRESENTATION('',(#13310),#13314);
#13310 = B_SPLINE_CURVE_WITH_KNOTS('',2,(#13311,#13312,#13313),
  .UNSPECIFIED.,.F.,.F.,(3,3),(0.,1.),.PIECEWISE_BEZIER_KNOTS.);
#13311 = CARTESIAN_POINT('',(0.63984375,0.96875));
#13312 = CARTESIAN_POINT('',(0.825,1.4625));
#13313 = CARTESIAN_POINT('',(1.134375,1.8515625));
#13314 = ( GEOMETRIC_REPRESENTATION_CONTEXT(2) 
PARAMETRIC_REPRESENTATION_CONTEXT() REPRESENTATION_CONTEXT('2D SPACE',''
  ) );
#13315 = ORIENTED_EDGE('',*,*,#13196,.F.);
#13316 = ADVANCED_FACE('',(#13317),#5991,.T.);
#13317 = FACE_BOUND('',#13318,.T.);
#13318 = EDGE_LOOP('',(#13319,#13320,#13343,#13364));
#13319 = ORIENTED_EDGE('',*,*,#5969,.T.);
#13320 = ORIENTED_EDGE('',*,*,#13321,.T.);
#13321 = EDGE_CURVE('',#5944,#13322,#13324,.T.);
#13322 = VERTEX_POINT('',#13323);
#13323 = CARTESIAN_POINT('',(12.375,43.94296875,16.6));
#13324 = SURFACE_CURVE('',#13325,(#13329,#13336),.PCURVE_S1.);
#13325 = LINE('',#13326,#13327);
#13326 = CARTESIAN_POINT('',(12.375,43.94296875,15.95));
#13327 = VECTOR('',#13328,1.);
#13328 = DIRECTION('',(0.,0.,1.));
#13329 = PCURVE('',#5991,#13330);
#13330 = DEFINITIONAL_REPRESENTATION('',(#13331),#13335);
#13331 = LINE('',#13332,#13333);
#13332 = CARTESIAN_POINT('',(0.,0.));
#13333 = VECTOR('',#13334,1.);
#13334 = DIRECTION('',(0.,-1.));
#13335 = ( GEOMETRIC_REPRESENTATION_CONTEXT(2) 
PARAMETRIC_REPRESENTATION_CONTEXT() REPRESENTATION_CONTEXT('2D SPACE',''
  ) );
#13336 = PCURVE('',#5958,#13337);
#13337 = DEFINITIONAL_REPRESENTATION('',(#13338),#13342);
#13338 = LINE('',#13339,#13340);
#13339 = CARTESIAN_POINT('',(0.4234375,0.));
#13340 = VECTOR('',#13341,1.);
#13341 = DIRECTION('',(0.,-1.));
#13342 = ( GEOMETRIC_REPRESENTATION_CONTEXT(2) 
PARAMETRIC_REPRESENTATION_CONTEXT() REPRESENTATION_CONTEXT('2D SPACE',''
  ) );
#13343 = ORIENTED_EDGE('',*,*,#13344,.T.);
#13344 = EDGE_CURVE('',#13322,#13273,#13345,.T.);
#13345 = SURFACE_CURVE('',#13346,(#13350,#13357),.PCURVE_S1.);
#13346 = B_SPLINE_CURVE_WITH_KNOTS('',2,(#13347,#13348,#13349),
  .UNSPECIFIED.,.F.,.F.,(3,3),(0.,1.),.PIECEWISE_BEZIER_KNOTS.);
#13347 = CARTESIAN_POINT('',(12.375,43.94296875,16.6));
#13348 = CARTESIAN_POINT('',(12.3859375,44.41796875,16.6));
#13349 = CARTESIAN_POINT('',(12.57109375,44.91171875,16.6));
#13350 = PCURVE('',#5991,#13351);
#13351 = DEFINITIONAL_REPRESENTATION('',(#13352),#13356);
#13352 = LINE('',#13353,#13354);
#13353 = CARTESIAN_POINT('',(0.,-0.65));
#13354 = VECTOR('',#13355,1.);
#13355 = DIRECTION('',(1.,0.));
#13356 = ( GEOMETRIC_REPRESENTATION_CONTEXT(2) 
PARAMETRIC_REPRESENTATION_CONTEXT() REPRESENTATION_CONTEXT('2D SPACE',''
  ) );
#13357 = PCURVE('',#13235,#13358);
#13358 = DEFINITIONAL_REPRESENTATION('',(#13359),#13363);
#13359 = B_SPLINE_CURVE_WITH_KNOTS('',2,(#13360,#13361,#13362),
  .UNSPECIFIED.,.F.,.F.,(3,3),(0.,1.),.PIECEWISE_BEZIER_KNOTS.);
#13360 = CARTESIAN_POINT('',(0.44375,0.));
#13361 = CARTESIAN_POINT('',(0.4546875,0.475));
#13362 = CARTESIAN_POINT('',(0.63984375,0.96875));
#13363 = ( GEOMETRIC_REPRESENTATION_CONTEXT(2) 
PARAMETRIC_REPRESENTATION_CONTEXT() REPRESENTATION_CONTEXT('2D SPACE',''
  ) );
#13364 = ORIENTED_EDGE('',*,*,#13272,.F.);
#13365 = ADVANCED_FACE('',(#13366),#5958,.T.);
#13366 = FACE_BOUND('',#13367,.T.);
#13367 = EDGE_LOOP('',(#13368,#13369,#13392,#13413));
#13368 = ORIENTED_EDGE('',*,*,#5943,.T.);
#13369 = ORIENTED_EDGE('',*,*,#13370,.T.);
#13370 = EDGE_CURVE('',#5902,#13371,#13373,.T.);
#13371 = VERTEX_POINT('',#13372);
#13372 = CARTESIAN_POINT('',(12.7984375,43.94296875,16.6));
#13373 = SURFACE_CURVE('',#13374,(#13378,#13385),.PCURVE_S1.);
#13374 = LINE('',#13375,#13376);
#13375 = CARTESIAN_POINT('',(12.7984375,43.94296875,15.95));
#13376 = VECTOR('',#13377,1.);
#13377 = DIRECTION('',(0.,0.,1.));
#13378 = PCURVE('',#5958,#13379);
#13379 = DEFINITIONAL_REPRESENTATION('',(#13380),#13384);
#13380 = LINE('',#13381,#13382);
#13381 = CARTESIAN_POINT('',(0.,-0.));
#13382 = VECTOR('',#13383,1.);
#13383 = DIRECTION('',(0.,-1.));
#13384 = ( GEOMETRIC_REPRESENTATION_CONTEXT(2) 
PARAMETRIC_REPRESENTATION_CONTEXT() REPRESENTATION_CONTEXT('2D SPACE',''
  ) );
#13385 = PCURVE('',#5925,#13386);
#13386 = DEFINITIONAL_REPRESENTATION('',(#13387),#13391);
#13387 = LINE('',#13388,#13389);
#13388 = CARTESIAN_POINT('',(1.,0.));
#13389 = VECTOR('',#13390,1.);
#13390 = DIRECTION('',(0.,-1.));
#13391 = ( GEOMETRIC_REPRESENTATION_CONTEXT(2) 
PARAMETRIC_REPRESENTATION_CONTEXT() REPRESENTATION_CONTEXT('2D SPACE',''
  ) );
#13392 = ORIENTED_EDGE('',*,*,#13393,.T.);
#13393 = EDGE_CURVE('',#13371,#13322,#13394,.T.);
#13394 = SURFACE_CURVE('',#13395,(#13399,#13406),.PCURVE_S1.);
#13395 = LINE('',#13396,#13397);
#13396 = CARTESIAN_POINT('',(12.7984375,43.94296875,16.6));
#13397 = VECTOR('',#13398,1.);
#13398 = DIRECTION('',(-1.,0.,0.));
#13399 = PCURVE('',#5958,#13400);
#13400 = DEFINITIONAL_REPRESENTATION('',(#13401),#13405);
#13401 = LINE('',#13402,#13403);
#13402 = CARTESIAN_POINT('',(0.,-0.65));
#13403 = VECTOR('',#13404,1.);
#13404 = DIRECTION('',(1.,0.));
#13405 = ( GEOMETRIC_REPRESENTATION_CONTEXT(2) 
PARAMETRIC_REPRESENTATION_CONTEXT() REPRESENTATION_CONTEXT('2D SPACE',''
  ) );
#13406 = PCURVE('',#13235,#13407);
#13407 = DEFINITIONAL_REPRESENTATION('',(#13408),#13412);
#13408 = LINE('',#13409,#13410);
#13409 = CARTESIAN_POINT('',(0.8671875,0.));
#13410 = VECTOR('',#13411,1.);
#13411 = DIRECTION('',(-1.,0.));
#13412 = ( GEOMETRIC_REPRESENTATION_CONTEXT(2) 
PARAMETRIC_REPRESENTATION_CONTEXT() REPRESENTATION_CONTEXT('2D SPACE',''
  ) );
#13413 = ORIENTED_EDGE('',*,*,#13321,.F.);
#13414 = ADVANCED_FACE('',(#13415),#5925,.T.);
#13415 = FACE_BOUND('',#13416,.T.);
#13416 = EDGE_LOOP('',(#13417,#13418,#13441,#13462));
#13417 = ORIENTED_EDGE('',*,*,#5901,.T.);
#13418 = ORIENTED_EDGE('',*,*,#13419,.T.);
#13419 = EDGE_CURVE('',#5857,#13420,#13422,.T.);
#13420 = VERTEX_POINT('',#13421);
#13421 = CARTESIAN_POINT('',(12.89765625,44.63125,16.6));
#13422 = SURFACE_CURVE('',#13423,(#13427,#13434),.PCURVE_S1.);
#13423 = LINE('',#13424,#13425);
#13424 = CARTESIAN_POINT('',(12.89765625,44.63125,15.95));
#13425 = VECTOR('',#13426,1.);
#13426 = DIRECTION('',(0.,0.,1.));
#13427 = PCURVE('',#5925,#13428);
#13428 = DEFINITIONAL_REPRESENTATION('',(#13429),#13433);
#13429 = LINE('',#13430,#13431);
#13430 = CARTESIAN_POINT('',(0.,0.));
#13431 = VECTOR('',#13432,1.);
#13432 = DIRECTION('',(0.,-1.));
#13433 = ( GEOMETRIC_REPRESENTATION_CONTEXT(2) 
PARAMETRIC_REPRESENTATION_CONTEXT() REPRESENTATION_CONTEXT('2D SPACE',''
  ) );
#13434 = PCURVE('',#5882,#13435);
#13435 = DEFINITIONAL_REPRESENTATION('',(#13436),#13440);
#13436 = LINE('',#13437,#13438);
#13437 = CARTESIAN_POINT('',(1.,0.));
#13438 = VECTOR('',#13439,1.);
#13439 = DIRECTION('',(0.,-1.));
#13440 = ( GEOMETRIC_REPRESENTATION_CONTEXT(2) 
PARAMETRIC_REPRESENTATION_CONTEXT() REPRESENTATION_CONTEXT('2D SPACE',''
  ) );
#13441 = ORIENTED_EDGE('',*,*,#13442,.T.);
#13442 = EDGE_CURVE('',#13420,#13371,#13443,.T.);
#13443 = SURFACE_CURVE('',#13444,(#13448,#13455),.PCURVE_S1.);
#13444 = B_SPLINE_CURVE_WITH_KNOTS('',2,(#13445,#13446,#13447),
  .UNSPECIFIED.,.F.,.F.,(3,3),(0.,1.),.PIECEWISE_BEZIER_KNOTS.);
#13445 = CARTESIAN_POINT('',(12.89765625,44.63125,16.6));
#13446 = CARTESIAN_POINT('',(12.796875,44.24609375,16.6));
#13447 = CARTESIAN_POINT('',(12.7984375,43.94296875,16.6));
#13448 = PCURVE('',#5925,#13449);
#13449 = DEFINITIONAL_REPRESENTATION('',(#13450),#13454);
#13450 = LINE('',#13451,#13452);
#13451 = CARTESIAN_POINT('',(0.,-0.65));
#13452 = VECTOR('',#13453,1.);
#13453 = DIRECTION('',(1.,0.));
#13454 = ( GEOMETRIC_REPRESENTATION_CONTEXT(2) 
PARAMETRIC_REPRESENTATION_CONTEXT() REPRESENTATION_CONTEXT('2D SPACE',''
  ) );
#13455 = PCURVE('',#13235,#13456);
#13456 = DEFINITIONAL_REPRESENTATION('',(#13457),#13461);
#13457 = B_SPLINE_CURVE_WITH_KNOTS('',2,(#13458,#13459,#13460),
  .UNSPECIFIED.,.F.,.F.,(3,3),(0.,1.),.PIECEWISE_BEZIER_KNOTS.);
#13458 = CARTESIAN_POINT('',(0.96640625,0.68828125));
#13459 = CARTESIAN_POINT('',(0.865625,0.303125));
#13460 = CARTESIAN_POINT('',(0.8671875,0.));
#13461 = ( GEOMETRIC_REPRESENTATION_CONTEXT(2) 
PARAMETRIC_REPRESENTATION_CONTEXT() REPRESENTATION_CONTEXT('2D SPACE',''
  ) );
#13462 = ORIENTED_EDGE('',*,*,#13370,.F.);
#13463 = ADVANCED_FACE('',(#13464),#5882,.T.);
#13464 = FACE_BOUND('',#13465,.T.);
#13465 = EDGE_LOOP('',(#13466,#13467,#13490,#13511));
#13466 = ORIENTED_EDGE('',*,*,#5856,.T.);
#13467 = ORIENTED_EDGE('',*,*,#13468,.T.);
#13468 = EDGE_CURVE('',#5815,#13469,#13471,.T.);
#13469 = VERTEX_POINT('',#13470);
#13470 = CARTESIAN_POINT('',(13.190625,45.35859375,16.6));
#13471 = SURFACE_CURVE('',#13472,(#13476,#13483),.PCURVE_S1.);
#13472 = LINE('',#13473,#13474);
#13473 = CARTESIAN_POINT('',(13.190625,45.35859375,15.95));
#13474 = VECTOR('',#13475,1.);
#13475 = DIRECTION('',(0.,0.,1.));
#13476 = PCURVE('',#5882,#13477);
#13477 = DEFINITIONAL_REPRESENTATION('',(#13478),#13482);
#13478 = LINE('',#13479,#13480);
#13479 = CARTESIAN_POINT('',(0.,0.));
#13480 = VECTOR('',#13481,1.);
#13481 = DIRECTION('',(0.,-1.));
#13482 = ( GEOMETRIC_REPRESENTATION_CONTEXT(2) 
PARAMETRIC_REPRESENTATION_CONTEXT() REPRESENTATION_CONTEXT('2D SPACE',''
  ) );
#13483 = PCURVE('',#5838,#13484);
#13484 = DEFINITIONAL_REPRESENTATION('',(#13485),#13489);
#13485 = LINE('',#13486,#13487);
#13486 = CARTESIAN_POINT('',(1.,0.));
#13487 = VECTOR('',#13488,1.);
#13488 = DIRECTION('',(0.,-1.));
#13489 = ( GEOMETRIC_REPRESENTATION_CONTEXT(2) 
PARAMETRIC_REPRESENTATION_CONTEXT() REPRESENTATION_CONTEXT('2D SPACE',''
  ) );
#13490 = ORIENTED_EDGE('',*,*,#13491,.T.);
#13491 = EDGE_CURVE('',#13469,#13420,#13492,.T.);
#13492 = SURFACE_CURVE('',#13493,(#13497,#13504),.PCURVE_S1.);
#13493 = B_SPLINE_CURVE_WITH_KNOTS('',2,(#13494,#13495,#13496),
  .UNSPECIFIED.,.F.,.F.,(3,3),(0.,1.),.PIECEWISE_BEZIER_KNOTS.);
#13494 = CARTESIAN_POINT('',(13.190625,45.35859375,16.6));
#13495 = CARTESIAN_POINT('',(12.9984375,45.01640625,16.6));
#13496 = CARTESIAN_POINT('',(12.89765625,44.63125,16.6));
#13497 = PCURVE('',#5882,#13498);
#13498 = DEFINITIONAL_REPRESENTATION('',(#13499),#13503);
#13499 = LINE('',#13500,#13501);
#13500 = CARTESIAN_POINT('',(0.,-0.65));
#13501 = VECTOR('',#13502,1.);
#13502 = DIRECTION('',(1.,0.));
#13503 = ( GEOMETRIC_REPRESENTATION_CONTEXT(2) 
PARAMETRIC_REPRESENTATION_CONTEXT() REPRESENTATION_CONTEXT('2D SPACE',''
  ) );
#13504 = PCURVE('',#13235,#13505);
#13505 = DEFINITIONAL_REPRESENTATION('',(#13506),#13510);
#13506 = B_SPLINE_CURVE_WITH_KNOTS('',2,(#13507,#13508,#13509),
  .UNSPECIFIED.,.F.,.F.,(3,3),(0.,1.),.PIECEWISE_BEZIER_KNOTS.);
#13507 = CARTESIAN_POINT('',(1.259375,1.415625));
#13508 = CARTESIAN_POINT('',(1.0671875,1.0734375));
#13509 = CARTESIAN_POINT('',(0.96640625,0.68828125));
#13510 = ( GEOMETRIC_REPRESENTATION_CONTEXT(2) 
PARAMETRIC_REPRESENTATION_CONTEXT() REPRESENTATION_CONTEXT('2D SPACE',''
  ) );
#13511 = ORIENTED_EDGE('',*,*,#13419,.F.);
#13512 = ADVANCED_FACE('',(#13513),#5838,.T.);
#13513 = FACE_BOUND('',#13514,.T.);
#13514 = EDGE_LOOP('',(#13515,#13516,#13539,#13560));
#13515 = ORIENTED_EDGE('',*,*,#5814,.T.);
#13516 = ORIENTED_EDGE('',*,*,#13517,.T.);
#13517 = EDGE_CURVE('',#5789,#13518,#13520,.T.);
#13518 = VERTEX_POINT('',#13519);
#13519 = CARTESIAN_POINT('',(13.56875,45.88359375,16.6));
#13520 = SURFACE_CURVE('',#13521,(#13525,#13532),.PCURVE_S1.);
#13521 = LINE('',#13522,#13523);
#13522 = CARTESIAN_POINT('',(13.56875,45.88359375,15.95));
#13523 = VECTOR('',#13524,1.);
#13524 = DIRECTION('',(0.,0.,1.));
#13525 = PCURVE('',#5838,#13526);
#13526 = DEFINITIONAL_REPRESENTATION('',(#13527),#13531);
#13527 = LINE('',#13528,#13529);
#13528 = CARTESIAN_POINT('',(0.,0.));
#13529 = VECTOR('',#13530,1.);
#13530 = DIRECTION('',(0.,-1.));
#13531 = ( GEOMETRIC_REPRESENTATION_CONTEXT(2) 
PARAMETRIC_REPRESENTATION_CONTEXT() REPRESENTATION_CONTEXT('2D SPACE',''
  ) );
#13532 = PCURVE('',#5803,#13533);
#13533 = DEFINITIONAL_REPRESENTATION('',(#13534),#13538);
#13534 = LINE('',#13535,#13536);
#13535 = CARTESIAN_POINT('',(0.31875,0.));
#13536 = VECTOR('',#13537,1.);
#13537 = DIRECTION('',(0.,-1.));
#13538 = ( GEOMETRIC_REPRESENTATION_CONTEXT(2) 
PARAMETRIC_REPRESENTATION_CONTEXT() REPRESENTATION_CONTEXT('2D SPACE',''
  ) );
#13539 = ORIENTED_EDGE('',*,*,#13540,.T.);
#13540 = EDGE_CURVE('',#13518,#13469,#13541,.T.);
#13541 = SURFACE_CURVE('',#13542,(#13546,#13553),.PCURVE_S1.);
#13542 = B_SPLINE_CURVE_WITH_KNOTS('',2,(#13543,#13544,#13545),
  .UNSPECIFIED.,.F.,.F.,(3,3),(0.,1.),.PIECEWISE_BEZIER_KNOTS.);
#13543 = CARTESIAN_POINT('',(13.56875,45.88359375,16.6));
#13544 = CARTESIAN_POINT('',(13.3828125,45.70078125,16.6));
#13545 = CARTESIAN_POINT('',(13.190625,45.35859375,16.6));
#13546 = PCURVE('',#5838,#13547);
#13547 = DEFINITIONAL_REPRESENTATION('',(#13548),#13552);
#13548 = LINE('',#13549,#13550);
#13549 = CARTESIAN_POINT('',(0.,-0.65));
#13550 = VECTOR('',#13551,1.);
#13551 = DIRECTION('',(1.,0.));
#13552 = ( GEOMETRIC_REPRESENTATION_CONTEXT(2) 
PARAMETRIC_REPRESENTATION_CONTEXT() REPRESENTATION_CONTEXT('2D SPACE',''
  ) );
#13553 = PCURVE('',#13235,#13554);
#13554 = DEFINITIONAL_REPRESENTATION('',(#13555),#13559);
#13555 = B_SPLINE_CURVE_WITH_KNOTS('',2,(#13556,#13557,#13558),
  .UNSPECIFIED.,.F.,.F.,(3,3),(0.,1.),.PIECEWISE_BEZIER_KNOTS.);
#13556 = CARTESIAN_POINT('',(1.6375,1.940625));
#13557 = CARTESIAN_POINT('',(1.4515625,1.7578125));
#13558 = CARTESIAN_POINT('',(1.259375,1.415625));
#13559 = ( GEOMETRIC_REPRESENTATION_CONTEXT(2) 
PARAMETRIC_REPRESENTATION_CONTEXT() REPRESENTATION_CONTEXT('2D SPACE',''
  ) );
#13560 = ORIENTED_EDGE('',*,*,#13468,.F.);
#13561 = ADVANCED_FACE('',(#13562),#5803,.T.);
#13562 = FACE_BOUND('',#13563,.T.);
#13563 = EDGE_LOOP('',(#13564,#13565,#13588,#13609));
#13564 = ORIENTED_EDGE('',*,*,#5788,.T.);
#13565 = ORIENTED_EDGE('',*,*,#13566,.T.);
#13566 = EDGE_CURVE('',#5763,#13567,#13569,.T.);
#13567 = VERTEX_POINT('',#13568);
#13568 = CARTESIAN_POINT('',(13.56875,46.20234375,16.6));
#13569 = SURFACE_CURVE('',#13570,(#13574,#13581),.PCURVE_S1.);
#13570 = LINE('',#13571,#13572);
#13571 = CARTESIAN_POINT('',(13.56875,46.20234375,15.95));
#13572 = VECTOR('',#13573,1.);
#13573 = DIRECTION('',(0.,0.,1.));
#13574 = PCURVE('',#5803,#13575);
#13575 = DEFINITIONAL_REPRESENTATION('',(#13576),#13580);
#13576 = LINE('',#13577,#13578);
#13577 = CARTESIAN_POINT('',(0.,0.));
#13578 = VECTOR('',#13579,1.);
#13579 = DIRECTION('',(0.,-1.));
#13580 = ( GEOMETRIC_REPRESENTATION_CONTEXT(2) 
PARAMETRIC_REPRESENTATION_CONTEXT() REPRESENTATION_CONTEXT('2D SPACE',''
  ) );
#13581 = PCURVE('',#5777,#13582);
#13582 = DEFINITIONAL_REPRESENTATION('',(#13583),#13587);
#13583 = LINE('',#13584,#13585);
#13584 = CARTESIAN_POINT('',(1.5015625,0.));
#13585 = VECTOR('',#13586,1.);
#13586 = DIRECTION('',(0.,-1.));
#13587 = ( GEOMETRIC_REPRESENTATION_CONTEXT(2) 
PARAMETRIC_REPRESENTATION_CONTEXT() REPRESENTATION_CONTEXT('2D SPACE',''
  ) );
#13588 = ORIENTED_EDGE('',*,*,#13589,.T.);
#13589 = EDGE_CURVE('',#13567,#13518,#13590,.T.);
#13590 = SURFACE_CURVE('',#13591,(#13595,#13602),.PCURVE_S1.);
#13591 = LINE('',#13592,#13593);
#13592 = CARTESIAN_POINT('',(13.56875,46.20234375,16.6));
#13593 = VECTOR('',#13594,1.);
#13594 = DIRECTION('',(0.,-1.,0.));
#13595 = PCURVE('',#5803,#13596);
#13596 = DEFINITIONAL_REPRESENTATION('',(#13597),#13601);
#13597 = LINE('',#13598,#13599);
#13598 = CARTESIAN_POINT('',(0.,-0.65));
#13599 = VECTOR('',#13600,1.);
#13600 = DIRECTION('',(1.,0.));
#13601 = ( GEOMETRIC_REPRESENTATION_CONTEXT(2) 
PARAMETRIC_REPRESENTATION_CONTEXT() REPRESENTATION_CONTEXT('2D SPACE',''
  ) );
#13602 = PCURVE('',#13235,#13603);
#13603 = DEFINITIONAL_REPRESENTATION('',(#13604),#13608);
#13604 = LINE('',#13605,#13606);
#13605 = CARTESIAN_POINT('',(1.6375,2.259375));
#13606 = VECTOR('',#13607,1.);
#13607 = DIRECTION('',(0.,-1.));
#13608 = ( GEOMETRIC_REPRESENTATION_CONTEXT(2) 
PARAMETRIC_REPRESENTATION_CONTEXT() REPRESENTATION_CONTEXT('2D SPACE',''
  ) );
#13609 = ORIENTED_EDGE('',*,*,#13517,.F.);
#13610 = ADVANCED_FACE('',(#13611),#5777,.T.);
#13611 = FACE_BOUND('',#13612,.T.);
#13612 = EDGE_LOOP('',(#13613,#13614,#13637,#13658));
#13613 = ORIENTED_EDGE('',*,*,#5762,.T.);
#13614 = ORIENTED_EDGE('',*,*,#13615,.T.);
#13615 = EDGE_CURVE('',#5737,#13616,#13618,.T.);
#13616 = VERTEX_POINT('',#13617);
#13617 = CARTESIAN_POINT('',(12.0671875,46.20234375,16.6));
#13618 = SURFACE_CURVE('',#13619,(#13623,#13630),.PCURVE_S1.);
#13619 = LINE('',#13620,#13621);
#13620 = CARTESIAN_POINT('',(12.0671875,46.20234375,15.95));
#13621 = VECTOR('',#13622,1.);
#13622 = DIRECTION('',(0.,0.,1.));
#13623 = PCURVE('',#5777,#13624);
#13624 = DEFINITIONAL_REPRESENTATION('',(#13625),#13629);
#13625 = LINE('',#13626,#13627);
#13626 = CARTESIAN_POINT('',(0.,0.));
#13627 = VECTOR('',#13628,1.);
#13628 = DIRECTION('',(0.,-1.));
#13629 = ( GEOMETRIC_REPRESENTATION_CONTEXT(2) 
PARAMETRIC_REPRESENTATION_CONTEXT() REPRESENTATION_CONTEXT('2D SPACE',''
  ) );
#13630 = PCURVE('',#5751,#13631);
#13631 = DEFINITIONAL_REPRESENTATION('',(#13632),#13636);
#13632 = LINE('',#13633,#13634);
#13633 = CARTESIAN_POINT('',(0.4078125,0.));
#13634 = VECTOR('',#13635,1.);
#13635 = DIRECTION('',(0.,-1.));
#13636 = ( GEOMETRIC_REPRESENTATION_CONTEXT(2) 
PARAMETRIC_REPRESENTATION_CONTEXT() REPRESENTATION_CONTEXT('2D SPACE',''
  ) );
#13637 = ORIENTED_EDGE('',*,*,#13638,.T.);
#13638 = EDGE_CURVE('',#13616,#13567,#13639,.T.);
#13639 = SURFACE_CURVE('',#13640,(#13644,#13651),.PCURVE_S1.);
#13640 = LINE('',#13641,#13642);
#13641 = CARTESIAN_POINT('',(12.0671875,46.20234375,16.6));
#13642 = VECTOR('',#13643,1.);
#13643 = DIRECTION('',(1.,0.,0.));
#13644 = PCURVE('',#5777,#13645);
#13645 = DEFINITIONAL_REPRESENTATION('',(#13646),#13650);
#13646 = LINE('',#13647,#13648);
#13647 = CARTESIAN_POINT('',(0.,-0.65));
#13648 = VECTOR('',#13649,1.);
#13649 = DIRECTION('',(1.,0.));
#13650 = ( GEOMETRIC_REPRESENTATION_CONTEXT(2) 
PARAMETRIC_REPRESENTATION_CONTEXT() REPRESENTATION_CONTEXT('2D SPACE',''
  ) );
#13651 = PCURVE('',#13235,#13652);
#13652 = DEFINITIONAL_REPRESENTATION('',(#13653),#13657);
#13653 = LINE('',#13654,#13655);
#13654 = CARTESIAN_POINT('',(0.1359375,2.259375));
#13655 = VECTOR('',#13656,1.);
#13656 = DIRECTION('',(1.,0.));
#13657 = ( GEOMETRIC_REPRESENTATION_CONTEXT(2) 
PARAMETRIC_REPRESENTATION_CONTEXT() REPRESENTATION_CONTEXT('2D SPACE',''
  ) );
#13658 = ORIENTED_EDGE('',*,*,#13566,.F.);
#13659 = ADVANCED_FACE('',(#13660),#5751,.T.);
#13660 = FACE_BOUND('',#13661,.T.);
#13661 = EDGE_LOOP('',(#13662,#13663,#13664,#13685));
#13662 = ORIENTED_EDGE('',*,*,#5736,.T.);
#13663 = ORIENTED_EDGE('',*,*,#13247,.T.);
#13664 = ORIENTED_EDGE('',*,*,#13665,.T.);
#13665 = EDGE_CURVE('',#13220,#13616,#13666,.T.);
#13666 = SURFACE_CURVE('',#13667,(#13671,#13678),.PCURVE_S1.);
#13667 = LINE('',#13668,#13669);
#13668 = CARTESIAN_POINT('',(12.0671875,45.79453125,16.6));
#13669 = VECTOR('',#13670,1.);
#13670 = DIRECTION('',(0.,1.,0.));
#13671 = PCURVE('',#5751,#13672);
#13672 = DEFINITIONAL_REPRESENTATION('',(#13673),#13677);
#13673 = LINE('',#13674,#13675);
#13674 = CARTESIAN_POINT('',(0.,-0.65));
#13675 = VECTOR('',#13676,1.);
#13676 = DIRECTION('',(1.,0.));
#13677 = ( GEOMETRIC_REPRESENTATION_CONTEXT(2) 
PARAMETRIC_REPRESENTATION_CONTEXT() REPRESENTATION_CONTEXT('2D SPACE',''
  ) );
#13678 = PCURVE('',#13235,#13679);
#13679 = DEFINITIONAL_REPRESENTATION('',(#13680),#13684);
#13680 = LINE('',#13681,#13682);
#13681 = CARTESIAN_POINT('',(0.1359375,1.8515625));
#13682 = VECTOR('',#13683,1.);
#13683 = DIRECTION('',(0.,1.));
#13684 = ( GEOMETRIC_REPRESENTATION_CONTEXT(2) 
PARAMETRIC_REPRESENTATION_CONTEXT() REPRESENTATION_CONTEXT('2D SPACE',''
  ) );
#13685 = ORIENTED_EDGE('',*,*,#13615,.F.);
#13686 = ADVANCED_FACE('',(#13687),#6064,.T.);
#13687 = FACE_BOUND('',#13688,.T.);
#13688 = EDGE_LOOP('',(#13689,#13690,#13713,#13741));
#13689 = ORIENTED_EDGE('',*,*,#6047,.T.);
#13690 = ORIENTED_EDGE('',*,*,#13691,.T.);
#13691 = EDGE_CURVE('',#6050,#13692,#13694,.T.);
#13692 = VERTEX_POINT('',#13693);
#13693 = CARTESIAN_POINT('',(16.021875,43.94296875,16.6));
#13694 = SURFACE_CURVE('',#13695,(#13699,#13706),.PCURVE_S1.);
#13695 = LINE('',#13696,#13697);
#13696 = CARTESIAN_POINT('',(16.021875,43.94296875,15.95));
#13697 = VECTOR('',#13698,1.);
#13698 = DIRECTION('',(0.,0.,1.));
#13699 = PCURVE('',#6064,#13700);
#13700 = DEFINITIONAL_REPRESENTATION('',(#13701),#13705);
#13701 = LINE('',#13702,#13703);
#13702 = CARTESIAN_POINT('',(0.,-0.));
#13703 = VECTOR('',#13704,1.);
#13704 = DIRECTION('',(0.,-1.));
#13705 = ( GEOMETRIC_REPRESENTATION_CONTEXT(2) 
PARAMETRIC_REPRESENTATION_CONTEXT() REPRESENTATION_CONTEXT('2D SPACE',''
  ) );
#13706 = PCURVE('',#6322,#13707);
#13707 = DEFINITIONAL_REPRESENTATION('',(#13708),#13712);
#13708 = LINE('',#13709,#13710);
#13709 = CARTESIAN_POINT('',(0.4609375,0.));
#13710 = VECTOR('',#13711,1.);
#13711 = DIRECTION('',(0.,-1.));
#13712 = ( GEOMETRIC_REPRESENTATION_CONTEXT(2) 
PARAMETRIC_REPRESENTATION_CONTEXT() REPRESENTATION_CONTEXT('2D SPACE',''
  ) );
#13713 = ORIENTED_EDGE('',*,*,#13714,.T.);
#13714 = EDGE_CURVE('',#13692,#13715,#13717,.T.);
#13715 = VERTEX_POINT('',#13716);
#13716 = CARTESIAN_POINT('',(15.596875,43.94296875,16.6));
#13717 = SURFACE_CURVE('',#13718,(#13722,#13729),.PCURVE_S1.);
#13718 = LINE('',#13719,#13720);
#13719 = CARTESIAN_POINT('',(16.021875,43.94296875,16.6));
#13720 = VECTOR('',#13721,1.);
#13721 = DIRECTION('',(-1.,0.,0.));
#13722 = PCURVE('',#6064,#13723);
#13723 = DEFINITIONAL_REPRESENTATION('',(#13724),#13728);
#13724 = LINE('',#13725,#13726);
#13725 = CARTESIAN_POINT('',(0.,-0.65));
#13726 = VECTOR('',#13727,1.);
#13727 = DIRECTION('',(1.,0.));
#13728 = ( GEOMETRIC_REPRESENTATION_CONTEXT(2) 
PARAMETRIC_REPRESENTATION_CONTEXT() REPRESENTATION_CONTEXT('2D SPACE',''
  ) );
#13729 = PCURVE('',#13730,#13735);
#13730 = PLANE('',#13731);
#13731 = AXIS2_PLACEMENT_3D('',#13732,#13733,#13734);
#13732 = CARTESIAN_POINT('',(14.6,43.94296875,16.6));
#13733 = DIRECTION('',(0.,0.,1.));
#13734 = DIRECTION('',(1.,0.,0.));
#13735 = DEFINITIONAL_REPRESENTATION('',(#13736),#13740);
#13736 = LINE('',#13737,#13738);
#13737 = CARTESIAN_POINT('',(1.421875,0.));
#13738 = VECTOR('',#13739,1.);
#13739 = DIRECTION('',(-1.,0.));
#13740 = ( GEOMETRIC_REPRESENTATION_CONTEXT(2) 
PARAMETRIC_REPRESENTATION_CONTEXT() REPRESENTATION_CONTEXT('2D SPACE',''
  ) );
#13741 = ORIENTED_EDGE('',*,*,#13742,.F.);
#13742 = EDGE_CURVE('',#6048,#13715,#13743,.T.);
#13743 = SURFACE_CURVE('',#13744,(#13748,#13755),.PCURVE_S1.);
#13744 = LINE('',#13745,#13746);
#13745 = CARTESIAN_POINT('',(15.596875,43.94296875,15.95));
#13746 = VECTOR('',#13747,1.);
#13747 = DIRECTION('',(0.,0.,1.));
#13748 = PCURVE('',#6064,#13749);
#13749 = DEFINITIONAL_REPRESENTATION('',(#13750),#13754);
#13750 = LINE('',#13751,#13752);
#13751 = CARTESIAN_POINT('',(0.425,0.));
#13752 = VECTOR('',#13753,1.);
#13753 = DIRECTION('',(0.,-1.));
#13754 = ( GEOMETRIC_REPRESENTATION_CONTEXT(2) 
PARAMETRIC_REPRESENTATION_CONTEXT() REPRESENTATION_CONTEXT('2D SPACE',''
  ) );
#13755 = PCURVE('',#6090,#13756);
#13756 = DEFINITIONAL_REPRESENTATION('',(#13757),#13761);
#13757 = LINE('',#13758,#13759);
#13758 = CARTESIAN_POINT('',(0.,0.));
#13759 = VECTOR('',#13760,1.);
#13760 = DIRECTION('',(0.,-1.));
#13761 = ( GEOMETRIC_REPRESENTATION_CONTEXT(2) 
PARAMETRIC_REPRESENTATION_CONTEXT() REPRESENTATION_CONTEXT('2D SPACE',''
  ) );
#13762 = ADVANCED_FACE('',(#13763),#6322,.T.);
#13763 = FACE_BOUND('',#13764,.T.);
#13764 = EDGE_LOOP('',(#13765,#13766,#13789,#13810));
#13765 = ORIENTED_EDGE('',*,*,#6309,.T.);
#13766 = ORIENTED_EDGE('',*,*,#13767,.T.);
#13767 = EDGE_CURVE('',#6284,#13768,#13770,.T.);
#13768 = VERTEX_POINT('',#13769);
#13769 = CARTESIAN_POINT('',(16.021875,44.40390625,16.6));
#13770 = SURFACE_CURVE('',#13771,(#13775,#13782),.PCURVE_S1.);
#13771 = LINE('',#13772,#13773);
#13772 = CARTESIAN_POINT('',(16.021875,44.40390625,15.95));
#13773 = VECTOR('',#13774,1.);
#13774 = DIRECTION('',(0.,0.,1.));
#13775 = PCURVE('',#6322,#13776);
#13776 = DEFINITIONAL_REPRESENTATION('',(#13777),#13781);
#13777 = LINE('',#13778,#13779);
#13778 = CARTESIAN_POINT('',(0.,0.));
#13779 = VECTOR('',#13780,1.);
#13780 = DIRECTION('',(0.,-1.));
#13781 = ( GEOMETRIC_REPRESENTATION_CONTEXT(2) 
PARAMETRIC_REPRESENTATION_CONTEXT() REPRESENTATION_CONTEXT('2D SPACE',''
  ) );
#13782 = PCURVE('',#6298,#13783);
#13783 = DEFINITIONAL_REPRESENTATION('',(#13784),#13788);
#13784 = LINE('',#13785,#13786);
#13785 = CARTESIAN_POINT('',(0.284375,0.));
#13786 = VECTOR('',#13787,1.);
#13787 = DIRECTION('',(0.,-1.));
#13788 = ( GEOMETRIC_REPRESENTATION_CONTEXT(2) 
PARAMETRIC_REPRESENTATION_CONTEXT() REPRESENTATION_CONTEXT('2D SPACE',''
  ) );
#13789 = ORIENTED_EDGE('',*,*,#13790,.T.);
#13790 = EDGE_CURVE('',#13768,#13692,#13791,.T.);
#13791 = SURFACE_CURVE('',#13792,(#13796,#13803),.PCURVE_S1.);
#13792 = LINE('',#13793,#13794);
#13793 = CARTESIAN_POINT('',(16.021875,44.40390625,16.6));
#13794 = VECTOR('',#13795,1.);
#13795 = DIRECTION('',(0.,-1.,0.));
#13796 = PCURVE('',#6322,#13797);
#13797 = DEFINITIONAL_REPRESENTATION('',(#13798),#13802);
#13798 = LINE('',#13799,#13800);
#13799 = CARTESIAN_POINT('',(0.,-0.65));
#13800 = VECTOR('',#13801,1.);
#13801 = DIRECTION('',(1.,0.));
#13802 = ( GEOMETRIC_REPRESENTATION_CONTEXT(2) 
PARAMETRIC_REPRESENTATION_CONTEXT() REPRESENTATION_CONTEXT('2D SPACE',''
  ) );
#13803 = PCURVE('',#13730,#13804);
#13804 = DEFINITIONAL_REPRESENTATION('',(#13805),#13809);
#13805 = LINE('',#13806,#13807);
#13806 = CARTESIAN_POINT('',(1.421875,0.4609375));
#13807 = VECTOR('',#13808,1.);
#13808 = DIRECTION('',(0.,-1.));
#13809 = ( GEOMETRIC_REPRESENTATION_CONTEXT(2) 
PARAMETRIC_REPRESENTATION_CONTEXT() REPRESENTATION_CONTEXT('2D SPACE',''
  ) );
#13810 = ORIENTED_EDGE('',*,*,#13691,.F.);
#13811 = ADVANCED_FACE('',(#13812),#6298,.T.);
#13812 = FACE_BOUND('',#13813,.T.);
#13813 = EDGE_LOOP('',(#13814,#13815,#13838,#13859));
#13814 = ORIENTED_EDGE('',*,*,#6283,.T.);
#13815 = ORIENTED_EDGE('',*,*,#13816,.T.);
#13816 = EDGE_CURVE('',#6258,#13817,#13819,.T.);
#13817 = VERTEX_POINT('',#13818);
#13818 = CARTESIAN_POINT('',(16.30625,44.40390625,16.6));
#13819 = SURFACE_CURVE('',#13820,(#13824,#13831),.PCURVE_S1.);
#13820 = LINE('',#13821,#13822);
#13821 = CARTESIAN_POINT('',(16.30625,44.40390625,15.95));
#13822 = VECTOR('',#13823,1.);
#13823 = DIRECTION('',(0.,0.,1.));
#13824 = PCURVE('',#6298,#13825);
#13825 = DEFINITIONAL_REPRESENTATION('',(#13826),#13830);
#13826 = LINE('',#13827,#13828);
#13827 = CARTESIAN_POINT('',(0.,-0.));
#13828 = VECTOR('',#13829,1.);
#13829 = DIRECTION('',(0.,-1.));
#13830 = ( GEOMETRIC_REPRESENTATION_CONTEXT(2) 
PARAMETRIC_REPRESENTATION_CONTEXT() REPRESENTATION_CONTEXT('2D SPACE',''
  ) );
#13831 = PCURVE('',#6272,#13832);
#13832 = DEFINITIONAL_REPRESENTATION('',(#13833),#13837);
#13833 = LINE('',#13834,#13835);
#13834 = CARTESIAN_POINT('',(0.3859375,0.));
#13835 = VECTOR('',#13836,1.);
#13836 = DIRECTION('',(0.,-1.));
#13837 = ( GEOMETRIC_REPRESENTATION_CONTEXT(2) 
PARAMETRIC_REPRESENTATION_CONTEXT() REPRESENTATION_CONTEXT('2D SPACE',''
  ) );
#13838 = ORIENTED_EDGE('',*,*,#13839,.T.);
#13839 = EDGE_CURVE('',#13817,#13768,#13840,.T.);
#13840 = SURFACE_CURVE('',#13841,(#13845,#13852),.PCURVE_S1.);
#13841 = LINE('',#13842,#13843);
#13842 = CARTESIAN_POINT('',(16.30625,44.40390625,16.6));
#13843 = VECTOR('',#13844,1.);
#13844 = DIRECTION('',(-1.,0.,0.));
#13845 = PCURVE('',#6298,#13846);
#13846 = DEFINITIONAL_REPRESENTATION('',(#13847),#13851);
#13847 = LINE('',#13848,#13849);
#13848 = CARTESIAN_POINT('',(0.,-0.65));
#13849 = VECTOR('',#13850,1.);
#13850 = DIRECTION('',(1.,0.));
#13851 = ( GEOMETRIC_REPRESENTATION_CONTEXT(2) 
PARAMETRIC_REPRESENTATION_CONTEXT() REPRESENTATION_CONTEXT('2D SPACE',''
  ) );
#13852 = PCURVE('',#13730,#13853);
#13853 = DEFINITIONAL_REPRESENTATION('',(#13854),#13858);
#13854 = LINE('',#13855,#13856);
#13855 = CARTESIAN_POINT('',(1.70625,0.4609375));
#13856 = VECTOR('',#13857,1.);
#13857 = DIRECTION('',(-1.,0.));
#13858 = ( GEOMETRIC_REPRESENTATION_CONTEXT(2) 
PARAMETRIC_REPRESENTATION_CONTEXT() REPRESENTATION_CONTEXT('2D SPACE',''
  ) );
#13859 = ORIENTED_EDGE('',*,*,#13767,.F.);
#13860 = ADVANCED_FACE('',(#13861),#6272,.T.);
#13861 = FACE_BOUND('',#13862,.T.);
#13862 = EDGE_LOOP('',(#13863,#13864,#13887,#13908));
#13863 = ORIENTED_EDGE('',*,*,#6257,.T.);
#13864 = ORIENTED_EDGE('',*,*,#13865,.T.);
#13865 = EDGE_CURVE('',#6232,#13866,#13868,.T.);
#13866 = VERTEX_POINT('',#13867);
#13867 = CARTESIAN_POINT('',(16.30625,44.78984375,16.6));
#13868 = SURFACE_CURVE('',#13869,(#13873,#13880),.PCURVE_S1.);
#13869 = LINE('',#13870,#13871);
#13870 = CARTESIAN_POINT('',(16.30625,44.78984375,15.95));
#13871 = VECTOR('',#13872,1.);
#13872 = DIRECTION('',(0.,0.,1.));
#13873 = PCURVE('',#6272,#13874);
#13874 = DEFINITIONAL_REPRESENTATION('',(#13875),#13879);
#13875 = LINE('',#13876,#13877);
#13876 = CARTESIAN_POINT('',(0.,0.));
#13877 = VECTOR('',#13878,1.);
#13878 = DIRECTION('',(0.,-1.));
#13879 = ( GEOMETRIC_REPRESENTATION_CONTEXT(2) 
PARAMETRIC_REPRESENTATION_CONTEXT() REPRESENTATION_CONTEXT('2D SPACE',''
  ) );
#13880 = PCURVE('',#6246,#13881);
#13881 = DEFINITIONAL_REPRESENTATION('',(#13882),#13886);
#13882 = LINE('',#13883,#13884);
#13883 = CARTESIAN_POINT('',(0.284375,0.));
#13884 = VECTOR('',#13885,1.);
#13885 = DIRECTION('',(0.,-1.));
#13886 = ( GEOMETRIC_REPRESENTATION_CONTEXT(2) 
PARAMETRIC_REPRESENTATION_CONTEXT() REPRESENTATION_CONTEXT('2D SPACE',''
  ) );
#13887 = ORIENTED_EDGE('',*,*,#13888,.T.);
#13888 = EDGE_CURVE('',#13866,#13817,#13889,.T.);
#13889 = SURFACE_CURVE('',#13890,(#13894,#13901),.PCURVE_S1.);
#13890 = LINE('',#13891,#13892);
#13891 = CARTESIAN_POINT('',(16.30625,44.78984375,16.6));
#13892 = VECTOR('',#13893,1.);
#13893 = DIRECTION('',(0.,-1.,0.));
#13894 = PCURVE('',#6272,#13895);
#13895 = DEFINITIONAL_REPRESENTATION('',(#13896),#13900);
#13896 = LINE('',#13897,#13898);
#13897 = CARTESIAN_POINT('',(0.,-0.65));
#13898 = VECTOR('',#13899,1.);
#13899 = DIRECTION('',(1.,0.));
#13900 = ( GEOMETRIC_REPRESENTATION_CONTEXT(2) 
PARAMETRIC_REPRESENTATION_CONTEXT() REPRESENTATION_CONTEXT('2D SPACE',''
  ) );
#13901 = PCURVE('',#13730,#13902);
#13902 = DEFINITIONAL_REPRESENTATION('',(#13903),#13907);
#13903 = LINE('',#13904,#13905);
#13904 = CARTESIAN_POINT('',(1.70625,0.846875));
#13905 = VECTOR('',#13906,1.);
#13906 = DIRECTION('',(0.,-1.));
#13907 = ( GEOMETRIC_REPRESENTATION_CONTEXT(2) 
PARAMETRIC_REPRESENTATION_CONTEXT() REPRESENTATION_CONTEXT('2D SPACE',''
  ) );
#13908 = ORIENTED_EDGE('',*,*,#13816,.F.);
#13909 = ADVANCED_FACE('',(#13910),#6246,.T.);
#13910 = FACE_BOUND('',#13911,.T.);
#13911 = EDGE_LOOP('',(#13912,#13913,#13936,#13957));
#13912 = ORIENTED_EDGE('',*,*,#6231,.T.);
#13913 = ORIENTED_EDGE('',*,*,#13914,.T.);
#13914 = EDGE_CURVE('',#6206,#13915,#13917,.T.);
#13915 = VERTEX_POINT('',#13916);
#13916 = CARTESIAN_POINT('',(16.021875,44.78984375,16.6));
#13917 = SURFACE_CURVE('',#13918,(#13922,#13929),.PCURVE_S1.);
#13918 = LINE('',#13919,#13920);
#13919 = CARTESIAN_POINT('',(16.021875,44.78984375,15.95));
#13920 = VECTOR('',#13921,1.);
#13921 = DIRECTION('',(0.,0.,1.));
#13922 = PCURVE('',#6246,#13923);
#13923 = DEFINITIONAL_REPRESENTATION('',(#13924),#13928);
#13924 = LINE('',#13925,#13926);
#13925 = CARTESIAN_POINT('',(0.,0.));
#13926 = VECTOR('',#13927,1.);
#13927 = DIRECTION('',(0.,-1.));
#13928 = ( GEOMETRIC_REPRESENTATION_CONTEXT(2) 
PARAMETRIC_REPRESENTATION_CONTEXT() REPRESENTATION_CONTEXT('2D SPACE',''
  ) );
#13929 = PCURVE('',#6220,#13930);
#13930 = DEFINITIONAL_REPRESENTATION('',(#13931),#13935);
#13931 = LINE('',#13932,#13933);
#13932 = CARTESIAN_POINT('',(1.453125,0.));
#13933 = VECTOR('',#13934,1.);
#13934 = DIRECTION('',(0.,-1.));
#13935 = ( GEOMETRIC_REPRESENTATION_CONTEXT(2) 
PARAMETRIC_REPRESENTATION_CONTEXT() REPRESENTATION_CONTEXT('2D SPACE',''
  ) );
#13936 = ORIENTED_EDGE('',*,*,#13937,.T.);
#13937 = EDGE_CURVE('',#13915,#13866,#13938,.T.);
#13938 = SURFACE_CURVE('',#13939,(#13943,#13950),.PCURVE_S1.);
#13939 = LINE('',#13940,#13941);
#13940 = CARTESIAN_POINT('',(16.021875,44.78984375,16.6));
#13941 = VECTOR('',#13942,1.);
#13942 = DIRECTION('',(1.,0.,0.));
#13943 = PCURVE('',#6246,#13944);
#13944 = DEFINITIONAL_REPRESENTATION('',(#13945),#13949);
#13945 = LINE('',#13946,#13947);
#13946 = CARTESIAN_POINT('',(0.,-0.65));
#13947 = VECTOR('',#13948,1.);
#13948 = DIRECTION('',(1.,0.));
#13949 = ( GEOMETRIC_REPRESENTATION_CONTEXT(2) 
PARAMETRIC_REPRESENTATION_CONTEXT() REPRESENTATION_CONTEXT('2D SPACE',''
  ) );
#13950 = PCURVE('',#13730,#13951);
#13951 = DEFINITIONAL_REPRESENTATION('',(#13952),#13956);
#13952 = LINE('',#13953,#13954);
#13953 = CARTESIAN_POINT('',(1.421875,0.846875));
#13954 = VECTOR('',#13955,1.);
#13955 = DIRECTION('',(1.,0.));
#13956 = ( GEOMETRIC_REPRESENTATION_CONTEXT(2) 
PARAMETRIC_REPRESENTATION_CONTEXT() REPRESENTATION_CONTEXT('2D SPACE',''
  ) );
#13957 = ORIENTED_EDGE('',*,*,#13865,.F.);
#13958 = ADVANCED_FACE('',(#13959),#6220,.T.);
#13959 = FACE_BOUND('',#13960,.T.);
#13960 = EDGE_LOOP('',(#13961,#13962,#13985,#14006));
#13961 = ORIENTED_EDGE('',*,*,#6205,.T.);
#13962 = ORIENTED_EDGE('',*,*,#13963,.T.);
#13963 = EDGE_CURVE('',#6180,#13964,#13966,.T.);
#13964 = VERTEX_POINT('',#13965);
#13965 = CARTESIAN_POINT('',(16.021875,46.24296875,16.6));
#13966 = SURFACE_CURVE('',#13967,(#13971,#13978),.PCURVE_S1.);
#13967 = LINE('',#13968,#13969);
#13968 = CARTESIAN_POINT('',(16.021875,46.24296875,15.95));
#13969 = VECTOR('',#13970,1.);
#13970 = DIRECTION('',(0.,0.,1.));
#13971 = PCURVE('',#6220,#13972);
#13972 = DEFINITIONAL_REPRESENTATION('',(#13973),#13977);
#13973 = LINE('',#13974,#13975);
#13974 = CARTESIAN_POINT('',(0.,0.));
#13975 = VECTOR('',#13976,1.);
#13976 = DIRECTION('',(0.,-1.));
#13977 = ( GEOMETRIC_REPRESENTATION_CONTEXT(2) 
PARAMETRIC_REPRESENTATION_CONTEXT() REPRESENTATION_CONTEXT('2D SPACE',''
  ) );
#13978 = PCURVE('',#6194,#13979);
#13979 = DEFINITIONAL_REPRESENTATION('',(#13980),#13984);
#13980 = LINE('',#13981,#13982);
#13981 = CARTESIAN_POINT('',(0.36875,0.));
#13982 = VECTOR('',#13983,1.);
#13983 = DIRECTION('',(0.,-1.));
#13984 = ( GEOMETRIC_REPRESENTATION_CONTEXT(2) 
PARAMETRIC_REPRESENTATION_CONTEXT() REPRESENTATION_CONTEXT('2D SPACE',''
  ) );
#13985 = ORIENTED_EDGE('',*,*,#13986,.T.);
#13986 = EDGE_CURVE('',#13964,#13915,#13987,.T.);
#13987 = SURFACE_CURVE('',#13988,(#13992,#13999),.PCURVE_S1.);
#13988 = LINE('',#13989,#13990);
#13989 = CARTESIAN_POINT('',(16.021875,46.24296875,16.6));
#13990 = VECTOR('',#13991,1.);
#13991 = DIRECTION('',(0.,-1.,0.));
#13992 = PCURVE('',#6220,#13993);
#13993 = DEFINITIONAL_REPRESENTATION('',(#13994),#13998);
#13994 = LINE('',#13995,#13996);
#13995 = CARTESIAN_POINT('',(0.,-0.65));
#13996 = VECTOR('',#13997,1.);
#13997 = DIRECTION('',(1.,0.));
#13998 = ( GEOMETRIC_REPRESENTATION_CONTEXT(2) 
PARAMETRIC_REPRESENTATION_CONTEXT() REPRESENTATION_CONTEXT('2D SPACE',''
  ) );
#13999 = PCURVE('',#13730,#14000);
#14000 = DEFINITIONAL_REPRESENTATION('',(#14001),#14005);
#14001 = LINE('',#14002,#14003);
#14002 = CARTESIAN_POINT('',(1.421875,2.3));
#14003 = VECTOR('',#14004,1.);
#14004 = DIRECTION('',(0.,-1.));
#14005 = ( GEOMETRIC_REPRESENTATION_CONTEXT(2) 
PARAMETRIC_REPRESENTATION_CONTEXT() REPRESENTATION_CONTEXT('2D SPACE',''
  ) );
#14006 = ORIENTED_EDGE('',*,*,#13914,.F.);
#14007 = ADVANCED_FACE('',(#14008),#6194,.T.);
#14008 = FACE_BOUND('',#14009,.T.);
#14009 = EDGE_LOOP('',(#14010,#14011,#14034,#14055));
#14010 = ORIENTED_EDGE('',*,*,#6179,.T.);
#14011 = ORIENTED_EDGE('',*,*,#14012,.T.);
#14012 = EDGE_CURVE('',#6154,#14013,#14015,.T.);
#14013 = VERTEX_POINT('',#14014);
#14014 = CARTESIAN_POINT('',(15.653125,46.24296875,16.6));
#14015 = SURFACE_CURVE('',#14016,(#14020,#14027),.PCURVE_S1.);
#14016 = LINE('',#14017,#14018);
#14017 = CARTESIAN_POINT('',(15.653125,46.24296875,15.95));
#14018 = VECTOR('',#14019,1.);
#14019 = DIRECTION('',(0.,0.,1.));
#14020 = PCURVE('',#6194,#14021);
#14021 = DEFINITIONAL_REPRESENTATION('',(#14022),#14026);
#14022 = LINE('',#14023,#14024);
#14023 = CARTESIAN_POINT('',(0.,0.));
#14024 = VECTOR('',#14025,1.);
#14025 = DIRECTION('',(0.,-1.));
#14026 = ( GEOMETRIC_REPRESENTATION_CONTEXT(2) 
PARAMETRIC_REPRESENTATION_CONTEXT() REPRESENTATION_CONTEXT('2D SPACE',''
  ) );
#14027 = PCURVE('',#6168,#14028);
#14028 = DEFINITIONAL_REPRESENTATION('',(#14029),#14033);
#14029 = LINE('',#14030,#14031);
#14030 = CARTESIAN_POINT('',(1.761719269678,0.));
#14031 = VECTOR('',#14032,1.);
#14032 = DIRECTION('',(0.,-1.));
#14033 = ( GEOMETRIC_REPRESENTATION_CONTEXT(2) 
PARAMETRIC_REPRESENTATION_CONTEXT() REPRESENTATION_CONTEXT('2D SPACE',''
  ) );
#14034 = ORIENTED_EDGE('',*,*,#14035,.T.);
#14035 = EDGE_CURVE('',#14013,#13964,#14036,.T.);
#14036 = SURFACE_CURVE('',#14037,(#14041,#14048),.PCURVE_S1.);
#14037 = LINE('',#14038,#14039);
#14038 = CARTESIAN_POINT('',(15.653125,46.24296875,16.6));
#14039 = VECTOR('',#14040,1.);
#14040 = DIRECTION('',(1.,0.,0.));
#14041 = PCURVE('',#6194,#14042);
#14042 = DEFINITIONAL_REPRESENTATION('',(#14043),#14047);
#14043 = LINE('',#14044,#14045);
#14044 = CARTESIAN_POINT('',(0.,-0.65));
#14045 = VECTOR('',#14046,1.);
#14046 = DIRECTION('',(1.,0.));
#14047 = ( GEOMETRIC_REPRESENTATION_CONTEXT(2) 
PARAMETRIC_REPRESENTATION_CONTEXT() REPRESENTATION_CONTEXT('2D SPACE',''
  ) );
#14048 = PCURVE('',#13730,#14049);
#14049 = DEFINITIONAL_REPRESENTATION('',(#14050),#14054);
#14050 = LINE('',#14051,#14052);
#14051 = CARTESIAN_POINT('',(1.053125,2.3));
#14052 = VECTOR('',#14053,1.);
#14053 = DIRECTION('',(1.,0.));
#14054 = ( GEOMETRIC_REPRESENTATION_CONTEXT(2) 
PARAMETRIC_REPRESENTATION_CONTEXT() REPRESENTATION_CONTEXT('2D SPACE',''
  ) );
#14055 = ORIENTED_EDGE('',*,*,#13963,.F.);
#14056 = ADVANCED_FACE('',(#14057),#6168,.T.);
#14057 = FACE_BOUND('',#14058,.T.);
#14058 = EDGE_LOOP('',(#14059,#14060,#14083,#14104));
#14059 = ORIENTED_EDGE('',*,*,#6153,.T.);
#14060 = ORIENTED_EDGE('',*,*,#14061,.T.);
#14061 = EDGE_CURVE('',#6128,#14062,#14064,.T.);
#14062 = VERTEX_POINT('',#14063);
#14063 = CARTESIAN_POINT('',(14.659375,44.78828125,16.6));
#14064 = SURFACE_CURVE('',#14065,(#14069,#14076),.PCURVE_S1.);
#14065 = LINE('',#14066,#14067);
#14066 = CARTESIAN_POINT('',(14.659375,44.78828125,15.95));
#14067 = VECTOR('',#14068,1.);
#14068 = DIRECTION('',(0.,0.,1.));
#14069 = PCURVE('',#6168,#14070);
#14070 = DEFINITIONAL_REPRESENTATION('',(#14071),#14075);
#14071 = LINE('',#14072,#14073);
#14072 = CARTESIAN_POINT('',(0.,0.));
#14073 = VECTOR('',#14074,1.);
#14074 = DIRECTION('',(0.,-1.));
#14075 = ( GEOMETRIC_REPRESENTATION_CONTEXT(2) 
PARAMETRIC_REPRESENTATION_CONTEXT() REPRESENTATION_CONTEXT('2D SPACE',''
  ) );
#14076 = PCURVE('',#6142,#14077);
#14077 = DEFINITIONAL_REPRESENTATION('',(#14078),#14082);
#14078 = LINE('',#14079,#14080);
#14079 = CARTESIAN_POINT('',(0.384375,0.));
#14080 = VECTOR('',#14081,1.);
#14081 = DIRECTION('',(0.,-1.));
#14082 = ( GEOMETRIC_REPRESENTATION_CONTEXT(2) 
PARAMETRIC_REPRESENTATION_CONTEXT() REPRESENTATION_CONTEXT('2D SPACE',''
  ) );
#14083 = ORIENTED_EDGE('',*,*,#14084,.T.);
#14084 = EDGE_CURVE('',#14062,#14013,#14085,.T.);
#14085 = SURFACE_CURVE('',#14086,(#14090,#14097),.PCURVE_S1.);
#14086 = LINE('',#14087,#14088);
#14087 = CARTESIAN_POINT('',(14.659375,44.78828125,16.6));
#14088 = VECTOR('',#14089,1.);
#14089 = DIRECTION('',(0.564079656222,0.825720377268,0.));
#14090 = PCURVE('',#6168,#14091);
#14091 = DEFINITIONAL_REPRESENTATION('',(#14092),#14096);
#14092 = LINE('',#14093,#14094);
#14093 = CARTESIAN_POINT('',(0.,-0.65));
#14094 = VECTOR('',#14095,1.);
#14095 = DIRECTION('',(1.,0.));
#14096 = ( GEOMETRIC_REPRESENTATION_CONTEXT(2) 
PARAMETRIC_REPRESENTATION_CONTEXT() REPRESENTATION_CONTEXT('2D SPACE',''
  ) );
#14097 = PCURVE('',#13730,#14098);
#14098 = DEFINITIONAL_REPRESENTATION('',(#14099),#14103);
#14099 = LINE('',#14100,#14101);
#14100 = CARTESIAN_POINT('',(5.9375E-02,0.8453125));
#14101 = VECTOR('',#14102,1.);
#14102 = DIRECTION('',(0.564079656222,0.825720377268));
#14103 = ( GEOMETRIC_REPRESENTATION_CONTEXT(2) 
PARAMETRIC_REPRESENTATION_CONTEXT() REPRESENTATION_CONTEXT('2D SPACE',''
  ) );
#14104 = ORIENTED_EDGE('',*,*,#14012,.F.);
#14105 = ADVANCED_FACE('',(#14106),#6142,.T.);
#14106 = FACE_BOUND('',#14107,.T.);
#14107 = EDGE_LOOP('',(#14108,#14109,#14132,#14153));
#14108 = ORIENTED_EDGE('',*,*,#6127,.T.);
#14109 = ORIENTED_EDGE('',*,*,#14110,.T.);
#14110 = EDGE_CURVE('',#6102,#14111,#14113,.T.);
#14111 = VERTEX_POINT('',#14112);
#14112 = CARTESIAN_POINT('',(14.659375,44.40390625,16.6));
#14113 = SURFACE_CURVE('',#14114,(#14118,#14125),.PCURVE_S1.);
#14114 = LINE('',#14115,#14116);
#14115 = CARTESIAN_POINT('',(14.659375,44.40390625,15.95));
#14116 = VECTOR('',#14117,1.);
#14117 = DIRECTION('',(0.,0.,1.));
#14118 = PCURVE('',#6142,#14119);
#14119 = DEFINITIONAL_REPRESENTATION('',(#14120),#14124);
#14120 = LINE('',#14121,#14122);
#14121 = CARTESIAN_POINT('',(0.,0.));
#14122 = VECTOR('',#14123,1.);
#14123 = DIRECTION('',(0.,-1.));
#14124 = ( GEOMETRIC_REPRESENTATION_CONTEXT(2) 
PARAMETRIC_REPRESENTATION_CONTEXT() REPRESENTATION_CONTEXT('2D SPACE',''
  ) );
#14125 = PCURVE('',#6116,#14126);
#14126 = DEFINITIONAL_REPRESENTATION('',(#14127),#14131);
#14127 = LINE('',#14128,#14129);
#14128 = CARTESIAN_POINT('',(0.9375,0.));
#14129 = VECTOR('',#14130,1.);
#14130 = DIRECTION('',(0.,-1.));
#14131 = ( GEOMETRIC_REPRESENTATION_CONTEXT(2) 
PARAMETRIC_REPRESENTATION_CONTEXT() REPRESENTATION_CONTEXT('2D SPACE',''
  ) );
#14132 = ORIENTED_EDGE('',*,*,#14133,.T.);
#14133 = EDGE_CURVE('',#14111,#14062,#14134,.T.);
#14134 = SURFACE_CURVE('',#14135,(#14139,#14146),.PCURVE_S1.);
#14135 = LINE('',#14136,#14137);
#14136 = CARTESIAN_POINT('',(14.659375,44.40390625,16.6));
#14137 = VECTOR('',#14138,1.);
#14138 = DIRECTION('',(0.,1.,0.));
#14139 = PCURVE('',#6142,#14140);
#14140 = DEFINITIONAL_REPRESENTATION('',(#14141),#14145);
#14141 = LINE('',#14142,#14143);
#14142 = CARTESIAN_POINT('',(0.,-0.65));
#14143 = VECTOR('',#14144,1.);
#14144 = DIRECTION('',(1.,0.));
#14145 = ( GEOMETRIC_REPRESENTATION_CONTEXT(2) 
PARAMETRIC_REPRESENTATION_CONTEXT() REPRESENTATION_CONTEXT('2D SPACE',''
  ) );
#14146 = PCURVE('',#13730,#14147);
#14147 = DEFINITIONAL_REPRESENTATION('',(#14148),#14152);
#14148 = LINE('',#14149,#14150);
#14149 = CARTESIAN_POINT('',(5.9375E-02,0.4609375));
#14150 = VECTOR('',#14151,1.);
#14151 = DIRECTION('',(0.,1.));
#14152 = ( GEOMETRIC_REPRESENTATION_CONTEXT(2) 
PARAMETRIC_REPRESENTATION_CONTEXT() REPRESENTATION_CONTEXT('2D SPACE',''
  ) );
#14153 = ORIENTED_EDGE('',*,*,#14061,.F.);
#14154 = ADVANCED_FACE('',(#14155),#6116,.T.);
#14155 = FACE_BOUND('',#14156,.T.);
#14156 = EDGE_LOOP('',(#14157,#14158,#14181,#14202));
#14157 = ORIENTED_EDGE('',*,*,#6101,.T.);
#14158 = ORIENTED_EDGE('',*,*,#14159,.T.);
#14159 = EDGE_CURVE('',#6076,#14160,#14162,.T.);
#14160 = VERTEX_POINT('',#14161);
#14161 = CARTESIAN_POINT('',(15.596875,44.40390625,16.6));
#14162 = SURFACE_CURVE('',#14163,(#14167,#14174),.PCURVE_S1.);
#14163 = LINE('',#14164,#14165);
#14164 = CARTESIAN_POINT('',(15.596875,44.40390625,15.95));
#14165 = VECTOR('',#14166,1.);
#14166 = DIRECTION('',(0.,0.,1.));
#14167 = PCURVE('',#6116,#14168);
#14168 = DEFINITIONAL_REPRESENTATION('',(#14169),#14173);
#14169 = LINE('',#14170,#14171);
#14170 = CARTESIAN_POINT('',(0.,-0.));
#14171 = VECTOR('',#14172,1.);
#14172 = DIRECTION('',(0.,-1.));
#14173 = ( GEOMETRIC_REPRESENTATION_CONTEXT(2) 
PARAMETRIC_REPRESENTATION_CONTEXT() REPRESENTATION_CONTEXT('2D SPACE',''
  ) );
#14174 = PCURVE('',#6090,#14175);
#14175 = DEFINITIONAL_REPRESENTATION('',(#14176),#14180);
#14176 = LINE('',#14177,#14178);
#14177 = CARTESIAN_POINT('',(0.4609375,0.));
#14178 = VECTOR('',#14179,1.);
#14179 = DIRECTION('',(0.,-1.));
#14180 = ( GEOMETRIC_REPRESENTATION_CONTEXT(2) 
PARAMETRIC_REPRESENTATION_CONTEXT() REPRESENTATION_CONTEXT('2D SPACE',''
  ) );
#14181 = ORIENTED_EDGE('',*,*,#14182,.T.);
#14182 = EDGE_CURVE('',#14160,#14111,#14183,.T.);
#14183 = SURFACE_CURVE('',#14184,(#14188,#14195),.PCURVE_S1.);
#14184 = LINE('',#14185,#14186);
#14185 = CARTESIAN_POINT('',(15.596875,44.40390625,16.6));
#14186 = VECTOR('',#14187,1.);
#14187 = DIRECTION('',(-1.,0.,0.));
#14188 = PCURVE('',#6116,#14189);
#14189 = DEFINITIONAL_REPRESENTATION('',(#14190),#14194);
#14190 = LINE('',#14191,#14192);
#14191 = CARTESIAN_POINT('',(0.,-0.65));
#14192 = VECTOR('',#14193,1.);
#14193 = DIRECTION('',(1.,0.));
#14194 = ( GEOMETRIC_REPRESENTATION_CONTEXT(2) 
PARAMETRIC_REPRESENTATION_CONTEXT() REPRESENTATION_CONTEXT('2D SPACE',''
  ) );
#14195 = PCURVE('',#13730,#14196);
#14196 = DEFINITIONAL_REPRESENTATION('',(#14197),#14201);
#14197 = LINE('',#14198,#14199);
#14198 = CARTESIAN_POINT('',(0.996875,0.4609375));
#14199 = VECTOR('',#14200,1.);
#14200 = DIRECTION('',(-1.,0.));
#14201 = ( GEOMETRIC_REPRESENTATION_CONTEXT(2) 
PARAMETRIC_REPRESENTATION_CONTEXT() REPRESENTATION_CONTEXT('2D SPACE',''
  ) );
#14202 = ORIENTED_EDGE('',*,*,#14110,.F.);
#14203 = ADVANCED_FACE('',(#14204),#6090,.T.);
#14204 = FACE_BOUND('',#14205,.T.);
#14205 = EDGE_LOOP('',(#14206,#14207,#14208,#14229));
#14206 = ORIENTED_EDGE('',*,*,#6075,.T.);
#14207 = ORIENTED_EDGE('',*,*,#13742,.T.);
#14208 = ORIENTED_EDGE('',*,*,#14209,.T.);
#14209 = EDGE_CURVE('',#13715,#14160,#14210,.T.);
#14210 = SURFACE_CURVE('',#14211,(#14215,#14222),.PCURVE_S1.);
#14211 = LINE('',#14212,#14213);
#14212 = CARTESIAN_POINT('',(15.596875,43.94296875,16.6));
#14213 = VECTOR('',#14214,1.);
#14214 = DIRECTION('',(0.,1.,0.));
#14215 = PCURVE('',#6090,#14216);
#14216 = DEFINITIONAL_REPRESENTATION('',(#14217),#14221);
#14217 = LINE('',#14218,#14219);
#14218 = CARTESIAN_POINT('',(0.,-0.65));
#14219 = VECTOR('',#14220,1.);
#14220 = DIRECTION('',(1.,0.));
#14221 = ( GEOMETRIC_REPRESENTATION_CONTEXT(2) 
PARAMETRIC_REPRESENTATION_CONTEXT() REPRESENTATION_CONTEXT('2D SPACE',''
  ) );
#14222 = PCURVE('',#13730,#14223);
#14223 = DEFINITIONAL_REPRESENTATION('',(#14224),#14228);
#14224 = LINE('',#14225,#14226);
#14225 = CARTESIAN_POINT('',(0.996875,0.));
#14226 = VECTOR('',#14227,1.);
#14227 = DIRECTION('',(0.,1.));
#14228 = ( GEOMETRIC_REPRESENTATION_CONTEXT(2) 
PARAMETRIC_REPRESENTATION_CONTEXT() REPRESENTATION_CONTEXT('2D SPACE',''
  ) );
#14229 = ORIENTED_EDGE('',*,*,#14159,.F.);
#14230 = ADVANCED_FACE('',(#14231),#6352,.T.);
#14231 = FACE_BOUND('',#14232,.T.);
#14232 = EDGE_LOOP('',(#14233,#14263,#14291,#14312,#14313,#14336,#14362,
    #14388));
#14233 = ORIENTED_EDGE('',*,*,#14234,.F.);
#14234 = EDGE_CURVE('',#14235,#14237,#14239,.T.);
#14235 = VERTEX_POINT('',#14236);
#14236 = CARTESIAN_POINT('',(22.775,41.125,0.2));
#14237 = VERTEX_POINT('',#14238);
#14238 = CARTESIAN_POINT('',(22.775,41.125,3.311696879329));
#14239 = SURFACE_CURVE('',#14240,(#14244,#14251),.PCURVE_S1.);
#14240 = LINE('',#14241,#14242);
#14241 = CARTESIAN_POINT('',(22.775,41.125,0.2));
#14242 = VECTOR('',#14243,1.);
#14243 = DIRECTION('',(0.,0.,1.));
#14244 = PCURVE('',#6352,#14245);
#14245 = DEFINITIONAL_REPRESENTATION('',(#14246),#14250);
#14246 = LINE('',#14247,#14248);
#14247 = CARTESIAN_POINT('',(0.,3.55));
#14248 = VECTOR('',#14249,1.);
#14249 = DIRECTION('',(1.,0.));
#14250 = ( GEOMETRIC_REPRESENTATION_CONTEXT(2) 
PARAMETRIC_REPRESENTATION_CONTEXT() REPRESENTATION_CONTEXT('2D SPACE',''
  ) );
#14251 = PCURVE('',#14252,#14257);
#14252 = PLANE('',#14253);
#14253 = AXIS2_PLACEMENT_3D('',#14254,#14255,#14256);
#14254 = CARTESIAN_POINT('',(22.775,41.125,0.2));
#14255 = DIRECTION('',(1.,0.,0.));
#14256 = DIRECTION('',(0.,0.,1.));
#14257 = DEFINITIONAL_REPRESENTATION('',(#14258),#14262);
#14258 = LINE('',#14259,#14260);
#14259 = CARTESIAN_POINT('',(0.,0.));
#14260 = VECTOR('',#14261,1.);
#14261 = DIRECTION('',(1.,0.));
#14262 = ( GEOMETRIC_REPRESENTATION_CONTEXT(2) 
PARAMETRIC_REPRESENTATION_CONTEXT() REPRESENTATION_CONTEXT('2D SPACE',''
  ) );
#14263 = ORIENTED_EDGE('',*,*,#14264,.F.);
#14264 = EDGE_CURVE('',#14265,#14235,#14267,.T.);
#14265 = VERTEX_POINT('',#14266);
#14266 = CARTESIAN_POINT('',(19.225,41.125,0.2));
#14267 = SURFACE_CURVE('',#14268,(#14272,#14279),.PCURVE_S1.);
#14268 = LINE('',#14269,#14270);
#14269 = CARTESIAN_POINT('',(19.225,41.125,0.2));
#14270 = VECTOR('',#14271,1.);
#14271 = DIRECTION('',(1.,0.,0.));
#14272 = PCURVE('',#6352,#14273);
#14273 = DEFINITIONAL_REPRESENTATION('',(#14274),#14278);
#14274 = LINE('',#14275,#14276);
#14275 = CARTESIAN_POINT('',(0.,0.));
#14276 = VECTOR('',#14277,1.);
#14277 = DIRECTION('',(0.,1.));
#14278 = ( GEOMETRIC_REPRESENTATION_CONTEXT(2) 
PARAMETRIC_REPRESENTATION_CONTEXT() REPRESENTATION_CONTEXT('2D SPACE',''
  ) );
#14279 = PCURVE('',#14280,#14285);
#14280 = PLANE('',#14281);
#14281 = AXIS2_PLACEMENT_3D('',#14282,#14283,#14284);
#14282 = CARTESIAN_POINT('',(19.225,41.125,0.2));
#14283 = DIRECTION('',(0.,0.,1.));
#14284 = DIRECTION('',(1.,0.,0.));
#14285 = DEFINITIONAL_REPRESENTATION('',(#14286),#14290);
#14286 = LINE('',#14287,#14288);
#14287 = CARTESIAN_POINT('',(0.,0.));
#14288 = VECTOR('',#14289,1.);
#14289 = DIRECTION('',(1.,0.));
#14290 = ( GEOMETRIC_REPRESENTATION_CONTEXT(2) 
PARAMETRIC_REPRESENTATION_CONTEXT() REPRESENTATION_CONTEXT('2D SPACE',''
  ) );
#14291 = ORIENTED_EDGE('',*,*,#14292,.T.);
#14292 = EDGE_CURVE('',#14265,#6338,#14293,.T.);
#14293 = SURFACE_CURVE('',#14294,(#14298,#14305),.PCURVE_S1.);
#14294 = LINE('',#14295,#14296);
#14295 = CARTESIAN_POINT('',(19.225,41.125,0.2));
#14296 = VECTOR('',#14297,1.);
#14297 = DIRECTION('',(0.,0.,1.));
#14298 = PCURVE('',#6352,#14299);
#14299 = DEFINITIONAL_REPRESENTATION('',(#14300),#14304);
#14300 = LINE('',#14301,#14302);
#14301 = CARTESIAN_POINT('',(0.,0.));
#14302 = VECTOR('',#14303,1.);
#14303 = DIRECTION('',(1.,0.));
#14304 = ( GEOMETRIC_REPRESENTATION_CONTEXT(2) 
PARAMETRIC_REPRESENTATION_CONTEXT() REPRESENTATION_CONTEXT('2D SPACE',''
  ) );
#14305 = PCURVE('',#6378,#14306);
#14306 = DEFINITIONAL_REPRESENTATION('',(#14307),#14311);
#14307 = LINE('',#14308,#14309);
#14308 = CARTESIAN_POINT('',(0.,0.));
#14309 = VECTOR('',#14310,1.);
#14310 = DIRECTION('',(1.,0.));
#14311 = ( GEOMETRIC_REPRESENTATION_CONTEXT(2) 
PARAMETRIC_REPRESENTATION_CONTEXT() REPRESENTATION_CONTEXT('2D SPACE',''
  ) );
#14312 = ORIENTED_EDGE('',*,*,#6335,.F.);
#14313 = ORIENTED_EDGE('',*,*,#14314,.F.);
#14314 = EDGE_CURVE('',#14315,#6336,#14317,.T.);
#14315 = VERTEX_POINT('',#14316);
#14316 = CARTESIAN_POINT('',(22.775,41.125,4.688303120671));
#14317 = SURFACE_CURVE('',#14318,(#14322,#14329),.PCURVE_S1.);
#14318 = LINE('',#14319,#14320);
#14319 = CARTESIAN_POINT('',(22.775,41.125,0.2));
#14320 = VECTOR('',#14321,1.);
#14321 = DIRECTION('',(0.,0.,1.));
#14322 = PCURVE('',#6352,#14323);
#14323 = DEFINITIONAL_REPRESENTATION('',(#14324),#14328);
#14324 = LINE('',#14325,#14326);
#14325 = CARTESIAN_POINT('',(0.,3.55));
#14326 = VECTOR('',#14327,1.);
#14327 = DIRECTION('',(1.,0.));
#14328 = ( GEOMETRIC_REPRESENTATION_CONTEXT(2) 
PARAMETRIC_REPRESENTATION_CONTEXT() REPRESENTATION_CONTEXT('2D SPACE',''
  ) );
#14329 = PCURVE('',#6428,#14330);
#14330 = DEFINITIONAL_REPRESENTATION('',(#14331),#14335);
#14331 = LINE('',#14332,#14333);
#14332 = CARTESIAN_POINT('',(0.,0.));
#14333 = VECTOR('',#14334,1.);
#14334 = DIRECTION('',(1.,0.));
#14335 = ( GEOMETRIC_REPRESENTATION_CONTEXT(2) 
PARAMETRIC_REPRESENTATION_CONTEXT() REPRESENTATION_CONTEXT('2D SPACE',''
  ) );
#14336 = ORIENTED_EDGE('',*,*,#14337,.F.);
#14337 = EDGE_CURVE('',#14338,#14315,#14340,.T.);
#14338 = VERTEX_POINT('',#14339);
#14339 = CARTESIAN_POINT('',(19.4,41.125,4.688303120671));
#14340 = SURFACE_CURVE('',#14341,(#14345,#14351),.PCURVE_S1.);
#14341 = LINE('',#14342,#14343);
#14342 = CARTESIAN_POINT('',(19.3125,41.125,4.688303120671));
#14343 = VECTOR('',#14344,1.);
#14344 = DIRECTION('',(1.,-0.,0.));
#14345 = PCURVE('',#6352,#14346);
#14346 = DEFINITIONAL_REPRESENTATION('',(#14347),#14350);
#14347 = B_SPLINE_CURVE_WITH_KNOTS('',1,(#14348,#14349),.UNSPECIFIED.,
  .F.,.F.,(2,2),(8.75E-02,3.4625),.PIECEWISE_BEZIER_KNOTS.);
#14348 = CARTESIAN_POINT('',(4.488303120671,0.175));
#14349 = CARTESIAN_POINT('',(4.488303120671,3.55));
#14350 = ( GEOMETRIC_REPRESENTATION_CONTEXT(2) 
PARAMETRIC_REPRESENTATION_CONTEXT() REPRESENTATION_CONTEXT('2D SPACE',''
  ) );
#14351 = PCURVE('',#14352,#14357);
#14352 = PLANE('',#14353);
#14353 = AXIS2_PLACEMENT_3D('',#14354,#14355,#14356);
#14354 = CARTESIAN_POINT('',(19.4,42.863804003998,7.7));
#14355 = DIRECTION('',(0.,0.866025403784,-0.5));
#14356 = DIRECTION('',(0.,-0.5,-0.866025403784));
#14357 = DEFINITIONAL_REPRESENTATION('',(#14358),#14361);
#14358 = B_SPLINE_CURVE_WITH_KNOTS('',1,(#14359,#14360),.UNSPECIFIED.,
  .F.,.F.,(2,2),(8.75E-02,3.4625),.PIECEWISE_BEZIER_KNOTS.);
#14359 = CARTESIAN_POINT('',(3.477608007997,0.));
#14360 = CARTESIAN_POINT('',(3.477608007997,-3.375));
#14361 = ( GEOMETRIC_REPRESENTATION_CONTEXT(2) 
PARAMETRIC_REPRESENTATION_CONTEXT() REPRESENTATION_CONTEXT('2D SPACE',''
  ) );
#14362 = ORIENTED_EDGE('',*,*,#14363,.F.);
#14363 = EDGE_CURVE('',#14364,#14338,#14366,.T.);
#14364 = VERTEX_POINT('',#14365);
#14365 = CARTESIAN_POINT('',(19.4,41.125,3.311696879329));
#14366 = SURFACE_CURVE('',#14367,(#14371,#14377),.PCURVE_S1.);
#14367 = LINE('',#14368,#14369);
#14368 = CARTESIAN_POINT('',(19.4,41.125,2.1));
#14369 = VECTOR('',#14370,1.);
#14370 = DIRECTION('',(0.,0.,1.));
#14371 = PCURVE('',#6352,#14372);
#14372 = DEFINITIONAL_REPRESENTATION('',(#14373),#14376);
#14373 = B_SPLINE_CURVE_WITH_KNOTS('',1,(#14374,#14375),.UNSPECIFIED.,
  .F.,.F.,(2,2),(-1.8,5.6),.PIECEWISE_BEZIER_KNOTS.);
#14374 = CARTESIAN_POINT('',(1.E-01,0.175));
#14375 = CARTESIAN_POINT('',(7.5,0.175));
#14376 = ( GEOMETRIC_REPRESENTATION_CONTEXT(2) 
PARAMETRIC_REPRESENTATION_CONTEXT() REPRESENTATION_CONTEXT('2D SPACE',''
  ) );
#14377 = PCURVE('',#14378,#14383);
#14378 = PLANE('',#14379);
#14379 = AXIS2_PLACEMENT_3D('',#14380,#14381,#14382);
#14380 = CARTESIAN_POINT('',(19.4,45.,4.));
#14381 = DIRECTION('',(1.,0.,0.));
#14382 = DIRECTION('',(-0.,0.,1.));
#14383 = DEFINITIONAL_REPRESENTATION('',(#14384),#14387);
#14384 = B_SPLINE_CURVE_WITH_KNOTS('',1,(#14385,#14386),.UNSPECIFIED.,
  .F.,.F.,(2,2),(-1.8,5.6),.PIECEWISE_BEZIER_KNOTS.);
#14385 = CARTESIAN_POINT('',(-3.7,3.875));
#14386 = CARTESIAN_POINT('',(3.7,3.875));
#14387 = ( GEOMETRIC_REPRESENTATION_CONTEXT(2) 
PARAMETRIC_REPRESENTATION_CONTEXT() REPRESENTATION_CONTEXT('2D SPACE',''
  ) );
#14388 = ORIENTED_EDGE('',*,*,#14389,.F.);
#14389 = EDGE_CURVE('',#14237,#14364,#14390,.T.);
#14390 = SURFACE_CURVE('',#14391,(#14395,#14401),.PCURVE_S1.);
#14391 = LINE('',#14392,#14393);
#14392 = CARTESIAN_POINT('',(19.3125,41.125,3.311696879329));
#14393 = VECTOR('',#14394,1.);
#14394 = DIRECTION('',(-1.,0.,-0.));
#14395 = PCURVE('',#6352,#14396);
#14396 = DEFINITIONAL_REPRESENTATION('',(#14397),#14400);
#14397 = B_SPLINE_CURVE_WITH_KNOTS('',1,(#14398,#14399),.UNSPECIFIED.,
  .F.,.F.,(2,2),(-3.4625,-8.75E-02),.PIECEWISE_BEZIER_KNOTS.);
#14398 = CARTESIAN_POINT('',(3.111696879329,3.55));
#14399 = CARTESIAN_POINT('',(3.111696879329,0.175));
#14400 = ( GEOMETRIC_REPRESENTATION_CONTEXT(2) 
PARAMETRIC_REPRESENTATION_CONTEXT() REPRESENTATION_CONTEXT('2D SPACE',''
  ) );
#14401 = PCURVE('',#14402,#14407);
#14402 = PLANE('',#14403);
#14403 = AXIS2_PLACEMENT_3D('',#14404,#14405,#14406);
#14404 = CARTESIAN_POINT('',(19.4,40.727608007997,4.));
#14405 = DIRECTION('',(-0.,0.866025403784,0.5));
#14406 = DIRECTION('',(0.,0.5,-0.866025403784));
#14407 = DEFINITIONAL_REPRESENTATION('',(#14408),#14411);
#14408 = B_SPLINE_CURVE_WITH_KNOTS('',1,(#14409,#14410),.UNSPECIFIED.,
  .F.,.F.,(2,2),(-3.4625,-8.75E-02),.PIECEWISE_BEZIER_KNOTS.);
#14409 = CARTESIAN_POINT('',(0.794783984006,-3.375));
#14410 = CARTESIAN_POINT('',(0.794783984006,0.));
#14411 = ( GEOMETRIC_REPRESENTATION_CONTEXT(2) 
PARAMETRIC_REPRESENTATION_CONTEXT() REPRESENTATION_CONTEXT('2D SPACE',''
  ) );
#14412 = ADVANCED_FACE('',(#14413),#6428,.F.);
#14413 = FACE_BOUND('',#14414,.F.);
#14414 = EDGE_LOOP('',(#14415,#14416,#14437,#14463,#14489,#14510));
#14415 = ORIENTED_EDGE('',*,*,#14314,.F.);
#14416 = ORIENTED_EDGE('',*,*,#14417,.F.);
#14417 = EDGE_CURVE('',#14418,#14315,#14420,.T.);
#14418 = VERTEX_POINT('',#14419);
#14419 = CARTESIAN_POINT('',(22.775,42.863804003998,7.7));
#14420 = SURFACE_CURVE('',#14421,(#14425,#14431),.PCURVE_S1.);
#14421 = LINE('',#14422,#14423);
#14422 = CARTESIAN_POINT('',(22.775,41.022655871403,4.511037890084));
#14423 = VECTOR('',#14424,1.);
#14424 = DIRECTION('',(0.,-0.5,-0.866025403784));
#14425 = PCURVE('',#6428,#14426);
#14426 = DEFINITIONAL_REPRESENTATION('',(#14427),#14430);
#14427 = B_SPLINE_CURVE_WITH_KNOTS('',1,(#14428,#14429),.UNSPECIFIED.,
  .F.,.F.,(2,2),(-3.682296265191,-0.204688257194),
  .PIECEWISE_BEZIER_KNOTS.);
#14428 = CARTESIAN_POINT('',(7.5,-1.738804003998));
#14429 = CARTESIAN_POINT('',(4.488303120671,2.775557561563E-17));
#14430 = ( GEOMETRIC_REPRESENTATION_CONTEXT(2) 
PARAMETRIC_REPRESENTATION_CONTEXT() REPRESENTATION_CONTEXT('2D SPACE',''
  ) );
#14431 = PCURVE('',#14352,#14432);
#14432 = DEFINITIONAL_REPRESENTATION('',(#14433),#14436);
#14433 = B_SPLINE_CURVE_WITH_KNOTS('',1,(#14434,#14435),.UNSPECIFIED.,
  .F.,.F.,(2,2),(-3.682296265191,-0.204688257194),
  .PIECEWISE_BEZIER_KNOTS.);
#14434 = CARTESIAN_POINT('',(0.,-3.375));
#14435 = CARTESIAN_POINT('',(3.477608007997,-3.375));
#14436 = ( GEOMETRIC_REPRESENTATION_CONTEXT(2) 
PARAMETRIC_REPRESENTATION_CONTEXT() REPRESENTATION_CONTEXT('2D SPACE',''
  ) );
#14437 = ORIENTED_EDGE('',*,*,#14438,.F.);
#14438 = EDGE_CURVE('',#14439,#14418,#14441,.T.);
#14439 = VERTEX_POINT('',#14440);
#14440 = CARTESIAN_POINT('',(22.775,47.136195996002,7.7));
#14441 = SURFACE_CURVE('',#14442,(#14446,#14452),.PCURVE_S1.);
#14442 = LINE('',#14443,#14444);
#14443 = CARTESIAN_POINT('',(22.775,44.130597998001,7.7));
#14444 = VECTOR('',#14445,1.);
#14445 = DIRECTION('',(0.,-1.,1.039439289937E-16));
#14446 = PCURVE('',#6428,#14447);
#14447 = DEFINITIONAL_REPRESENTATION('',(#14448),#14451);
#14448 = B_SPLINE_CURVE_WITH_KNOTS('',1,(#14449,#14450),.UNSPECIFIED.,
  .F.,.F.,(2,2),(-3.005597998001,1.266793994002),
  .PIECEWISE_BEZIER_KNOTS.);
#14449 = CARTESIAN_POINT('',(7.5,-6.011195996002));
#14450 = CARTESIAN_POINT('',(7.5,-1.738804003998));
#14451 = ( GEOMETRIC_REPRESENTATION_CONTEXT(2) 
PARAMETRIC_REPRESENTATION_CONTEXT() REPRESENTATION_CONTEXT('2D SPACE',''
  ) );
#14452 = PCURVE('',#14453,#14458);
#14453 = PLANE('',#14454);
#14454 = AXIS2_PLACEMENT_3D('',#14455,#14456,#14457);
#14455 = CARTESIAN_POINT('',(19.4,47.136195996002,7.7));
#14456 = DIRECTION('',(0.,-1.039439289937E-16,-1.));
#14457 = DIRECTION('',(0.,-1.,1.039439289937E-16));
#14458 = DEFINITIONAL_REPRESENTATION('',(#14459),#14462);
#14459 = B_SPLINE_CURVE_WITH_KNOTS('',1,(#14460,#14461),.UNSPECIFIED.,
  .F.,.F.,(2,2),(-3.005597998001,1.266793994002),
  .PIECEWISE_BEZIER_KNOTS.);
#14460 = CARTESIAN_POINT('',(0.,-3.375));
#14461 = CARTESIAN_POINT('',(4.272391992003,-3.375));
#14462 = ( GEOMETRIC_REPRESENTATION_CONTEXT(2) 
PARAMETRIC_REPRESENTATION_CONTEXT() REPRESENTATION_CONTEXT('2D SPACE',''
  ) );
#14463 = ORIENTED_EDGE('',*,*,#14464,.F.);
#14464 = EDGE_CURVE('',#14465,#14439,#14467,.T.);
#14465 = VERTEX_POINT('',#14466);
#14466 = CARTESIAN_POINT('',(22.775,48.875,4.688303120671));
#14467 = SURFACE_CURVE('',#14468,(#14472,#14478),.PCURVE_S1.);
#14468 = LINE('',#14469,#14470);
#14469 = CARTESIAN_POINT('',(22.775,49.076692126598,4.338962109916));
#14470 = VECTOR('',#14471,1.);
#14471 = DIRECTION('',(0.,-0.5,0.866025403784));
#14472 = PCURVE('',#6428,#14473);
#14473 = DEFINITIONAL_REPRESENTATION('',(#14474),#14477);
#14474 = B_SPLINE_CURVE_WITH_KNOTS('',1,(#14475,#14476),.UNSPECIFIED.,
  .F.,.F.,(2,2),(0.403384253196,3.880992261193),
  .PIECEWISE_BEZIER_KNOTS.);
#14475 = CARTESIAN_POINT('',(4.488303120671,-7.75));
#14476 = CARTESIAN_POINT('',(7.5,-6.011195996002));
#14477 = ( GEOMETRIC_REPRESENTATION_CONTEXT(2) 
PARAMETRIC_REPRESENTATION_CONTEXT() REPRESENTATION_CONTEXT('2D SPACE',''
  ) );
#14478 = PCURVE('',#14479,#14484);
#14479 = PLANE('',#14480);
#14480 = AXIS2_PLACEMENT_3D('',#14481,#14482,#14483);
#14481 = CARTESIAN_POINT('',(19.4,49.272391992003,4.));
#14482 = DIRECTION('',(0.,-0.866025403784,-0.5));
#14483 = DIRECTION('',(0.,-0.5,0.866025403784));
#14484 = DEFINITIONAL_REPRESENTATION('',(#14485),#14488);
#14485 = B_SPLINE_CURVE_WITH_KNOTS('',1,(#14486,#14487),.UNSPECIFIED.,
  .F.,.F.,(2,2),(0.403384253196,3.880992261193),
  .PIECEWISE_BEZIER_KNOTS.);
#14486 = CARTESIAN_POINT('',(0.794783984006,-3.375));
#14487 = CARTESIAN_POINT('',(4.272391992003,-3.375));
#14488 = ( GEOMETRIC_REPRESENTATION_CONTEXT(2) 
PARAMETRIC_REPRESENTATION_CONTEXT() REPRESENTATION_CONTEXT('2D SPACE',''
  ) );
#14489 = ORIENTED_EDGE('',*,*,#14490,.T.);
#14490 = EDGE_CURVE('',#14465,#6390,#14491,.T.);
#14491 = SURFACE_CURVE('',#14492,(#14496,#14503),.PCURVE_S1.);
#14492 = LINE('',#14493,#14494);
#14493 = CARTESIAN_POINT('',(22.775,48.875,0.2));
#14494 = VECTOR('',#14495,1.);
#14495 = DIRECTION('',(0.,0.,1.));
#14496 = PCURVE('',#6428,#14497);
#14497 = DEFINITIONAL_REPRESENTATION('',(#14498),#14502);
#14498 = LINE('',#14499,#14500);
#14499 = CARTESIAN_POINT('',(0.,-7.75));
#14500 = VECTOR('',#14501,1.);
#14501 = DIRECTION('',(1.,0.));
#14502 = ( GEOMETRIC_REPRESENTATION_CONTEXT(2) 
PARAMETRIC_REPRESENTATION_CONTEXT() REPRESENTATION_CONTEXT('2D SPACE',''
  ) );
#14503 = PCURVE('',#6404,#14504);
#14504 = DEFINITIONAL_REPRESENTATION('',(#14505),#14509);
#14505 = LINE('',#14506,#14507);
#14506 = CARTESIAN_POINT('',(0.,3.55));
#14507 = VECTOR('',#14508,1.);
#14508 = DIRECTION('',(1.,0.));
#14509 = ( GEOMETRIC_REPRESENTATION_CONTEXT(2) 
PARAMETRIC_REPRESENTATION_CONTEXT() REPRESENTATION_CONTEXT('2D SPACE',''
  ) );
#14510 = ORIENTED_EDGE('',*,*,#6415,.F.);
#14511 = ADVANCED_FACE('',(#14512,#14560),#6378,.T.);
#14512 = FACE_BOUND('',#14513,.T.);
#14513 = EDGE_LOOP('',(#14514,#14515,#14538,#14559));
#14514 = ORIENTED_EDGE('',*,*,#14292,.F.);
#14515 = ORIENTED_EDGE('',*,*,#14516,.T.);
#14516 = EDGE_CURVE('',#14265,#14517,#14519,.T.);
#14517 = VERTEX_POINT('',#14518);
#14518 = CARTESIAN_POINT('',(19.225,48.875,0.2));
#14519 = SURFACE_CURVE('',#14520,(#14524,#14531),.PCURVE_S1.);
#14520 = LINE('',#14521,#14522);
#14521 = CARTESIAN_POINT('',(19.225,41.125,0.2));
#14522 = VECTOR('',#14523,1.);
#14523 = DIRECTION('',(0.,1.,0.));
#14524 = PCURVE('',#6378,#14525);
#14525 = DEFINITIONAL_REPRESENTATION('',(#14526),#14530);
#14526 = LINE('',#14527,#14528);
#14527 = CARTESIAN_POINT('',(0.,0.));
#14528 = VECTOR('',#14529,1.);
#14529 = DIRECTION('',(0.,-1.));
#14530 = ( GEOMETRIC_REPRESENTATION_CONTEXT(2) 
PARAMETRIC_REPRESENTATION_CONTEXT() REPRESENTATION_CONTEXT('2D SPACE',''
  ) );
#14531 = PCURVE('',#14280,#14532);
#14532 = DEFINITIONAL_REPRESENTATION('',(#14533),#14537);
#14533 = LINE('',#14534,#14535);
#14534 = CARTESIAN_POINT('',(0.,0.));
#14535 = VECTOR('',#14536,1.);
#14536 = DIRECTION('',(0.,1.));
#14537 = ( GEOMETRIC_REPRESENTATION_CONTEXT(2) 
PARAMETRIC_REPRESENTATION_CONTEXT() REPRESENTATION_CONTEXT('2D SPACE',''
  ) );
#14538 = ORIENTED_EDGE('',*,*,#14539,.T.);
#14539 = EDGE_CURVE('',#14517,#6364,#14540,.T.);
#14540 = SURFACE_CURVE('',#14541,(#14545,#14552),.PCURVE_S1.);
#14541 = LINE('',#14542,#14543);
#14542 = CARTESIAN_POINT('',(19.225,48.875,0.2));
#14543 = VECTOR('',#14544,1.);
#14544 = DIRECTION('',(0.,0.,1.));
#14545 = PCURVE('',#6378,#14546);
#14546 = DEFINITIONAL_REPRESENTATION('',(#14547),#14551);
#14547 = LINE('',#14548,#14549);
#14548 = CARTESIAN_POINT('',(0.,-7.75));
#14549 = VECTOR('',#14550,1.);
#14550 = DIRECTION('',(1.,0.));
#14551 = ( GEOMETRIC_REPRESENTATION_CONTEXT(2) 
PARAMETRIC_REPRESENTATION_CONTEXT() REPRESENTATION_CONTEXT('2D SPACE',''
  ) );
#14552 = PCURVE('',#6404,#14553);
#14553 = DEFINITIONAL_REPRESENTATION('',(#14554),#14558);
#14554 = LINE('',#14555,#14556);
#14555 = CARTESIAN_POINT('',(0.,0.));
#14556 = VECTOR('',#14557,1.);
#14557 = DIRECTION('',(1.,0.));
#14558 = ( GEOMETRIC_REPRESENTATION_CONTEXT(2) 
PARAMETRIC_REPRESENTATION_CONTEXT() REPRESENTATION_CONTEXT('2D SPACE',''
  ) );
#14559 = ORIENTED_EDGE('',*,*,#6363,.F.);
#14560 = FACE_BOUND('',#14561,.T.);
#14561 = EDGE_LOOP('',(#14562));
#14562 = ORIENTED_EDGE('',*,*,#6737,.T.);
#14563 = ADVANCED_FACE('',(#14564),#6404,.F.);
#14564 = FACE_BOUND('',#14565,.F.);
#14565 = EDGE_LOOP('',(#14566,#14591,#14612,#14613,#14614,#14615,#14636,
    #14662));
#14566 = ORIENTED_EDGE('',*,*,#14567,.F.);
#14567 = EDGE_CURVE('',#14568,#14570,#14572,.T.);
#14568 = VERTEX_POINT('',#14569);
#14569 = CARTESIAN_POINT('',(22.775,48.875,0.2));
#14570 = VERTEX_POINT('',#14571);
#14571 = CARTESIAN_POINT('',(22.775,48.875,3.311696879329));
#14572 = SURFACE_CURVE('',#14573,(#14577,#14584),.PCURVE_S1.);
#14573 = LINE('',#14574,#14575);
#14574 = CARTESIAN_POINT('',(22.775,48.875,0.2));
#14575 = VECTOR('',#14576,1.);
#14576 = DIRECTION('',(0.,0.,1.));
#14577 = PCURVE('',#6404,#14578);
#14578 = DEFINITIONAL_REPRESENTATION('',(#14579),#14583);
#14579 = LINE('',#14580,#14581);
#14580 = CARTESIAN_POINT('',(0.,3.55));
#14581 = VECTOR('',#14582,1.);
#14582 = DIRECTION('',(1.,0.));
#14583 = ( GEOMETRIC_REPRESENTATION_CONTEXT(2) 
PARAMETRIC_REPRESENTATION_CONTEXT() REPRESENTATION_CONTEXT('2D SPACE',''
  ) );
#14584 = PCURVE('',#14252,#14585);
#14585 = DEFINITIONAL_REPRESENTATION('',(#14586),#14590);
#14586 = LINE('',#14587,#14588);
#14587 = CARTESIAN_POINT('',(0.,-7.75));
#14588 = VECTOR('',#14589,1.);
#14589 = DIRECTION('',(1.,0.));
#14590 = ( GEOMETRIC_REPRESENTATION_CONTEXT(2) 
PARAMETRIC_REPRESENTATION_CONTEXT() REPRESENTATION_CONTEXT('2D SPACE',''
  ) );
#14591 = ORIENTED_EDGE('',*,*,#14592,.F.);
#14592 = EDGE_CURVE('',#14517,#14568,#14593,.T.);
#14593 = SURFACE_CURVE('',#14594,(#14598,#14605),.PCURVE_S1.);
#14594 = LINE('',#14595,#14596);
#14595 = CARTESIAN_POINT('',(19.225,48.875,0.2));
#14596 = VECTOR('',#14597,1.);
#14597 = DIRECTION('',(1.,0.,0.));
#14598 = PCURVE('',#6404,#14599);
#14599 = DEFINITIONAL_REPRESENTATION('',(#14600),#14604);
#14600 = LINE('',#14601,#14602);
#14601 = CARTESIAN_POINT('',(0.,0.));
#14602 = VECTOR('',#14603,1.);
#14603 = DIRECTION('',(0.,1.));
#14604 = ( GEOMETRIC_REPRESENTATION_CONTEXT(2) 
PARAMETRIC_REPRESENTATION_CONTEXT() REPRESENTATION_CONTEXT('2D SPACE',''
  ) );
#14605 = PCURVE('',#14280,#14606);
#14606 = DEFINITIONAL_REPRESENTATION('',(#14607),#14611);
#14607 = LINE('',#14608,#14609);
#14608 = CARTESIAN_POINT('',(0.,7.75));
#14609 = VECTOR('',#14610,1.);
#14610 = DIRECTION('',(1.,0.));
#14611 = ( GEOMETRIC_REPRESENTATION_CONTEXT(2) 
PARAMETRIC_REPRESENTATION_CONTEXT() REPRESENTATION_CONTEXT('2D SPACE',''
  ) );
#14612 = ORIENTED_EDGE('',*,*,#14539,.T.);
#14613 = ORIENTED_EDGE('',*,*,#6389,.F.);
#14614 = ORIENTED_EDGE('',*,*,#14490,.F.);
#14615 = ORIENTED_EDGE('',*,*,#14616,.F.);
#14616 = EDGE_CURVE('',#14617,#14465,#14619,.T.);
#14617 = VERTEX_POINT('',#14618);
#14618 = CARTESIAN_POINT('',(19.4,48.875,4.688303120671));
#14619 = SURFACE_CURVE('',#14620,(#14624,#14630),.PCURVE_S1.);
#14620 = LINE('',#14621,#14622);
#14621 = CARTESIAN_POINT('',(19.3125,48.875,4.688303120671));
#14622 = VECTOR('',#14623,1.);
#14623 = DIRECTION('',(1.,-0.,0.));
#14624 = PCURVE('',#6404,#14625);
#14625 = DEFINITIONAL_REPRESENTATION('',(#14626),#14629);
#14626 = B_SPLINE_CURVE_WITH_KNOTS('',1,(#14627,#14628),.UNSPECIFIED.,
  .F.,.F.,(2,2),(8.75E-02,3.4625),.PIECEWISE_BEZIER_KNOTS.);
#14627 = CARTESIAN_POINT('',(4.488303120671,0.175));
#14628 = CARTESIAN_POINT('',(4.488303120671,3.55));
#14629 = ( GEOMETRIC_REPRESENTATION_CONTEXT(2) 
PARAMETRIC_REPRESENTATION_CONTEXT() REPRESENTATION_CONTEXT('2D SPACE',''
  ) );
#14630 = PCURVE('',#14479,#14631);
#14631 = DEFINITIONAL_REPRESENTATION('',(#14632),#14635);
#14632 = B_SPLINE_CURVE_WITH_KNOTS('',1,(#14633,#14634),.UNSPECIFIED.,
  .F.,.F.,(2,2),(8.75E-02,3.4625),.PIECEWISE_BEZIER_KNOTS.);
#14633 = CARTESIAN_POINT('',(0.794783984006,0.));
#14634 = CARTESIAN_POINT('',(0.794783984006,-3.375));
#14635 = ( GEOMETRIC_REPRESENTATION_CONTEXT(2) 
PARAMETRIC_REPRESENTATION_CONTEXT() REPRESENTATION_CONTEXT('2D SPACE',''
  ) );
#14636 = ORIENTED_EDGE('',*,*,#14637,.F.);
#14637 = EDGE_CURVE('',#14638,#14617,#14640,.T.);
#14638 = VERTEX_POINT('',#14639);
#14639 = CARTESIAN_POINT('',(19.4,48.875,3.311696879329));
#14640 = SURFACE_CURVE('',#14641,(#14645,#14651),.PCURVE_S1.);
#14641 = LINE('',#14642,#14643);
#14642 = CARTESIAN_POINT('',(19.4,48.875,2.1));
#14643 = VECTOR('',#14644,1.);
#14644 = DIRECTION('',(0.,0.,1.));
#14645 = PCURVE('',#6404,#14646);
#14646 = DEFINITIONAL_REPRESENTATION('',(#14647),#14650);
#14647 = B_SPLINE_CURVE_WITH_KNOTS('',1,(#14648,#14649),.UNSPECIFIED.,
  .F.,.F.,(2,2),(-1.8,5.6),.PIECEWISE_BEZIER_KNOTS.);
#14648 = CARTESIAN_POINT('',(1.E-01,0.175));
#14649 = CARTESIAN_POINT('',(7.5,0.175));
#14650 = ( GEOMETRIC_REPRESENTATION_CONTEXT(2) 
PARAMETRIC_REPRESENTATION_CONTEXT() REPRESENTATION_CONTEXT('2D SPACE',''
  ) );
#14651 = PCURVE('',#14652,#14657);
#14652 = PLANE('',#14653);
#14653 = AXIS2_PLACEMENT_3D('',#14654,#14655,#14656);
#14654 = CARTESIAN_POINT('',(19.4,45.,4.));
#14655 = DIRECTION('',(1.,0.,0.));
#14656 = DIRECTION('',(-0.,0.,1.));
#14657 = DEFINITIONAL_REPRESENTATION('',(#14658),#14661);
#14658 = B_SPLINE_CURVE_WITH_KNOTS('',1,(#14659,#14660),.UNSPECIFIED.,
  .F.,.F.,(2,2),(-1.8,5.6),.PIECEWISE_BEZIER_KNOTS.);
#14659 = CARTESIAN_POINT('',(-3.7,-3.875));
#14660 = CARTESIAN_POINT('',(3.7,-3.875));
#14661 = ( GEOMETRIC_REPRESENTATION_CONTEXT(2) 
PARAMETRIC_REPRESENTATION_CONTEXT() REPRESENTATION_CONTEXT('2D SPACE',''
  ) );
#14662 = ORIENTED_EDGE('',*,*,#14663,.F.);
#14663 = EDGE_CURVE('',#14570,#14638,#14664,.T.);
#14664 = SURFACE_CURVE('',#14665,(#14669,#14675),.PCURVE_S1.);
#14665 = LINE('',#14666,#14667);
#14666 = CARTESIAN_POINT('',(19.3125,48.875,3.311696879329));
#14667 = VECTOR('',#14668,1.);
#14668 = DIRECTION('',(-1.,0.,0.));
#14669 = PCURVE('',#6404,#14670);
#14670 = DEFINITIONAL_REPRESENTATION('',(#14671),#14674);
#14671 = B_SPLINE_CURVE_WITH_KNOTS('',1,(#14672,#14673),.UNSPECIFIED.,
  .F.,.F.,(2,2),(-3.4625,-8.75E-02),.PIECEWISE_BEZIER_KNOTS.);
#14672 = CARTESIAN_POINT('',(3.111696879329,3.55));
#14673 = CARTESIAN_POINT('',(3.111696879329,0.175));
#14674 = ( GEOMETRIC_REPRESENTATION_CONTEXT(2) 
PARAMETRIC_REPRESENTATION_CONTEXT() REPRESENTATION_CONTEXT('2D SPACE',''
  ) );
#14675 = PCURVE('',#14676,#14681);
#14676 = PLANE('',#14677);
#14677 = AXIS2_PLACEMENT_3D('',#14678,#14679,#14680);
#14678 = CARTESIAN_POINT('',(19.4,47.136195996002,0.3));
#14679 = DIRECTION('',(0.,-0.866025403784,0.5));
#14680 = DIRECTION('',(0.,0.5,0.866025403784));
#14681 = DEFINITIONAL_REPRESENTATION('',(#14682),#14685);
#14682 = B_SPLINE_CURVE_WITH_KNOTS('',1,(#14683,#14684),.UNSPECIFIED.,
  .F.,.F.,(2,2),(-3.4625,-8.75E-02),.PIECEWISE_BEZIER_KNOTS.);
#14683 = CARTESIAN_POINT('',(3.477608007997,-3.375));
#14684 = CARTESIAN_POINT('',(3.477608007997,0.));
#14685 = ( GEOMETRIC_REPRESENTATION_CONTEXT(2) 
PARAMETRIC_REPRESENTATION_CONTEXT() REPRESENTATION_CONTEXT('2D SPACE',''
  ) );
#14686 = ADVANCED_FACE('',(#14687),#7054,.F.);
#14687 = FACE_BOUND('',#14688,.T.);
#14688 = EDGE_LOOP('',(#14689,#14722,#14743,#14744));
#14689 = ORIENTED_EDGE('',*,*,#14690,.T.);
#14690 = EDGE_CURVE('',#14691,#14691,#14693,.T.);
#14691 = VERTEX_POINT('',#14692);
#14692 = CARTESIAN_POINT('',(22.85,77.3,4.));
#14693 = SURFACE_CURVE('',#14694,(#14699,#14706),.PCURVE_S1.);
#14694 = CIRCLE('',#14695,2.3);
#14695 = AXIS2_PLACEMENT_3D('',#14696,#14697,#14698);
#14696 = CARTESIAN_POINT('',(22.85,75.,4.));
#14697 = DIRECTION('',(-1.,0.,0.));
#14698 = DIRECTION('',(0.,1.,0.));
#14699 = PCURVE('',#7054,#14700);
#14700 = DEFINITIONAL_REPRESENTATION('',(#14701),#14705);
#14701 = LINE('',#14702,#14703);
#14702 = CARTESIAN_POINT('',(-6.28318530718,-24.85));
#14703 = VECTOR('',#14704,1.);
#14704 = DIRECTION('',(1.,-0.));
#14705 = ( GEOMETRIC_REPRESENTATION_CONTEXT(2) 
PARAMETRIC_REPRESENTATION_CONTEXT() REPRESENTATION_CONTEXT('2D SPACE',''
  ) );
#14706 = PCURVE('',#14707,#14712);
#14707 = PLANE('',#14708);
#14708 = AXIS2_PLACEMENT_3D('',#14709,#14710,#14711);
#14709 = CARTESIAN_POINT('',(22.85,75.,4.));
#14710 = DIRECTION('',(1.,0.,0.));
#14711 = DIRECTION('',(-0.,0.,1.));
#14712 = DEFINITIONAL_REPRESENTATION('',(#14713),#14721);
#14713 = ( BOUNDED_CURVE() B_SPLINE_CURVE(2,(#14714,#14715,#14716,#14717
    ,#14718,#14719,#14720),.UNSPECIFIED.,.T.,.F.) 
B_SPLINE_CURVE_WITH_KNOTS((1,2,2,2,2,1),(-2.094395102393,0.,
    2.094395102393,4.188790204786,6.28318530718,8.377580409573),
.UNSPECIFIED.) CURVE() GEOMETRIC_REPRESENTATION_ITEM() 
RATIONAL_B_SPLINE_CURVE((1.,0.5,1.,0.5,1.,0.5,1.)) REPRESENTATION_ITEM(
  '') );
#14714 = CARTESIAN_POINT('',(-8.881784197001E-16,-2.3));
#14715 = CARTESIAN_POINT('',(-3.983716857408,-2.3));
#14716 = CARTESIAN_POINT('',(-1.991858428704,1.15));
#14717 = CARTESIAN_POINT('',(-1.451515947308E-15,4.6));
#14718 = CARTESIAN_POINT('',(1.991858428704,1.15));
#14719 = CARTESIAN_POINT('',(3.983716857408,-2.3));
#14720 = CARTESIAN_POINT('',(-8.881784197001E-16,-2.3));
#14721 = ( GEOMETRIC_REPRESENTATION_CONTEXT(2) 
PARAMETRIC_REPRESENTATION_CONTEXT() REPRESENTATION_CONTEXT('2D SPACE',''
  ) );
#14722 = ORIENTED_EDGE('',*,*,#14723,.T.);
#14723 = EDGE_CURVE('',#14691,#7034,#14724,.T.);
#14724 = SEAM_CURVE('',#14725,(#14729,#14736),.PCURVE_S1.);
#14725 = LINE('',#14726,#14727);
#14726 = CARTESIAN_POINT('',(-2.,77.3,4.));
#14727 = VECTOR('',#14728,1.);
#14728 = DIRECTION('',(1.,0.,0.));
#14729 = PCURVE('',#7054,#14730);
#14730 = DEFINITIONAL_REPRESENTATION('',(#14731),#14735);
#14731 = LINE('',#14732,#14733);
#14732 = CARTESIAN_POINT('',(-6.28318530718,0.));
#14733 = VECTOR('',#14734,1.);
#14734 = DIRECTION('',(-0.,-1.));
#14735 = ( GEOMETRIC_REPRESENTATION_CONTEXT(2) 
PARAMETRIC_REPRESENTATION_CONTEXT() REPRESENTATION_CONTEXT('2D SPACE',''
  ) );
#14736 = PCURVE('',#7054,#14737);
#14737 = DEFINITIONAL_REPRESENTATION('',(#14738),#14742);
#14738 = LINE('',#14739,#14740);
#14739 = CARTESIAN_POINT('',(-0.,0.));
#14740 = VECTOR('',#14741,1.);
#14741 = DIRECTION('',(-0.,-1.));
#14742 = ( GEOMETRIC_REPRESENTATION_CONTEXT(2) 
PARAMETRIC_REPRESENTATION_CONTEXT() REPRESENTATION_CONTEXT('2D SPACE',''
  ) );
#14743 = ORIENTED_EDGE('',*,*,#7033,.F.);
#14744 = ORIENTED_EDGE('',*,*,#14723,.F.);
#14745 = ADVANCED_FACE('',(#14746),#7089,.F.);
#14746 = FACE_BOUND('',#14747,.T.);
#14747 = EDGE_LOOP('',(#14748,#14781,#14802,#14803));
#14748 = ORIENTED_EDGE('',*,*,#14749,.T.);
#14749 = EDGE_CURVE('',#14750,#14750,#14752,.T.);
#14750 = VERTEX_POINT('',#14751);
#14751 = CARTESIAN_POINT('',(22.85,47.3,4.));
#14752 = SURFACE_CURVE('',#14753,(#14758,#14765),.PCURVE_S1.);
#14753 = CIRCLE('',#14754,2.3);
#14754 = AXIS2_PLACEMENT_3D('',#14755,#14756,#14757);
#14755 = CARTESIAN_POINT('',(22.85,45.,4.));
#14756 = DIRECTION('',(-1.,0.,0.));
#14757 = DIRECTION('',(0.,1.,0.));
#14758 = PCURVE('',#7089,#14759);
#14759 = DEFINITIONAL_REPRESENTATION('',(#14760),#14764);
#14760 = LINE('',#14761,#14762);
#14761 = CARTESIAN_POINT('',(-6.28318530718,-24.85));
#14762 = VECTOR('',#14763,1.);
#14763 = DIRECTION('',(1.,-0.));
#14764 = ( GEOMETRIC_REPRESENTATION_CONTEXT(2) 
PARAMETRIC_REPRESENTATION_CONTEXT() REPRESENTATION_CONTEXT('2D SPACE',''
  ) );
#14765 = PCURVE('',#14766,#14771);
#14766 = PLANE('',#14767);
#14767 = AXIS2_PLACEMENT_3D('',#14768,#14769,#14770);
#14768 = CARTESIAN_POINT('',(22.85,45.,4.));
#14769 = DIRECTION('',(1.,0.,0.));
#14770 = DIRECTION('',(-0.,0.,1.));
#14771 = DEFINITIONAL_REPRESENTATION('',(#14772),#14780);
#14772 = ( BOUNDED_CURVE() B_SPLINE_CURVE(2,(#14773,#14774,#14775,#14776
    ,#14777,#14778,#14779),.UNSPECIFIED.,.T.,.F.) 
B_SPLINE_CURVE_WITH_KNOTS((1,2,2,2,2,1),(-2.094395102393,0.,
    2.094395102393,4.188790204786,6.28318530718,8.377580409573),
.UNSPECIFIED.) CURVE() GEOMETRIC_REPRESENTATION_ITEM() 
RATIONAL_B_SPLINE_CURVE((1.,0.5,1.,0.5,1.,0.5,1.)) REPRESENTATION_ITEM(
  '') );
#14773 = CARTESIAN_POINT('',(-8.881784197001E-16,-2.3));
#14774 = CARTESIAN_POINT('',(-3.983716857408,-2.3));
#14775 = CARTESIAN_POINT('',(-1.991858428704,1.15));
#14776 = CARTESIAN_POINT('',(-1.451515947308E-15,4.6));
#14777 = CARTESIAN_POINT('',(1.991858428704,1.15));
#14778 = CARTESIAN_POINT('',(3.983716857408,-2.3));
#14779 = CARTESIAN_POINT('',(-8.881784197001E-16,-2.3));
#14780 = ( GEOMETRIC_REPRESENTATION_CONTEXT(2) 
PARAMETRIC_REPRESENTATION_CONTEXT() REPRESENTATION_CONTEXT('2D SPACE',''
  ) );
#14781 = ORIENTED_EDGE('',*,*,#14782,.T.);
#14782 = EDGE_CURVE('',#14750,#7069,#14783,.T.);
#14783 = SEAM_CURVE('',#14784,(#14788,#14795),.PCURVE_S1.);
#14784 = LINE('',#14785,#14786);
#14785 = CARTESIAN_POINT('',(-2.,47.3,4.));
#14786 = VECTOR('',#14787,1.);
#14787 = DIRECTION('',(1.,0.,0.));
#14788 = PCURVE('',#7089,#14789);
#14789 = DEFINITIONAL_REPRESENTATION('',(#14790),#14794);
#14790 = LINE('',#14791,#14792);
#14791 = CARTESIAN_POINT('',(-6.28318530718,0.));
#14792 = VECTOR('',#14793,1.);
#14793 = DIRECTION('',(-0.,-1.));
#14794 = ( GEOMETRIC_REPRESENTATION_CONTEXT(2) 
PARAMETRIC_REPRESENTATION_CONTEXT() REPRESENTATION_CONTEXT('2D SPACE',''
  ) );
#14795 = PCURVE('',#7089,#14796);
#14796 = DEFINITIONAL_REPRESENTATION('',(#14797),#14801);
#14797 = LINE('',#14798,#14799);
#14798 = CARTESIAN_POINT('',(-0.,0.));
#14799 = VECTOR('',#14800,1.);
#14800 = DIRECTION('',(-0.,-1.));
#14801 = ( GEOMETRIC_REPRESENTATION_CONTEXT(2) 
PARAMETRIC_REPRESENTATION_CONTEXT() REPRESENTATION_CONTEXT('2D SPACE',''
  ) );
#14802 = ORIENTED_EDGE('',*,*,#7068,.F.);
#14803 = ORIENTED_EDGE('',*,*,#14782,.F.);
#14804 = ADVANCED_FACE('',(#14805),#7124,.F.);
#14805 = FACE_BOUND('',#14806,.T.);
#14806 = EDGE_LOOP('',(#14807,#14840,#14861,#14862));
#14807 = ORIENTED_EDGE('',*,*,#14808,.T.);
#14808 = EDGE_CURVE('',#14809,#14809,#14811,.T.);
#14809 = VERTEX_POINT('',#14810);
#14810 = CARTESIAN_POINT('',(22.85,17.3,4.));
#14811 = SURFACE_CURVE('',#14812,(#14817,#14824),.PCURVE_S1.);
#14812 = CIRCLE('',#14813,2.3);
#14813 = AXIS2_PLACEMENT_3D('',#14814,#14815,#14816);
#14814 = CARTESIAN_POINT('',(22.85,15.,4.));
#14815 = DIRECTION('',(-1.,0.,0.));
#14816 = DIRECTION('',(0.,1.,0.));
#14817 = PCURVE('',#7124,#14818);
#14818 = DEFINITIONAL_REPRESENTATION('',(#14819),#14823);
#14819 = LINE('',#14820,#14821);
#14820 = CARTESIAN_POINT('',(-6.28318530718,-24.85));
#14821 = VECTOR('',#14822,1.);
#14822 = DIRECTION('',(1.,-0.));
#14823 = ( GEOMETRIC_REPRESENTATION_CONTEXT(2) 
PARAMETRIC_REPRESENTATION_CONTEXT() REPRESENTATION_CONTEXT('2D SPACE',''
  ) );
#14824 = PCURVE('',#14825,#14830);
#14825 = PLANE('',#14826);
#14826 = AXIS2_PLACEMENT_3D('',#14827,#14828,#14829);
#14827 = CARTESIAN_POINT('',(22.85,15.,4.));
#14828 = DIRECTION('',(1.,0.,0.));
#14829 = DIRECTION('',(-0.,0.,1.));
#14830 = DEFINITIONAL_REPRESENTATION('',(#14831),#14839);
#14831 = ( BOUNDED_CURVE() B_SPLINE_CURVE(2,(#14832,#14833,#14834,#14835
    ,#14836,#14837,#14838),.UNSPECIFIED.,.T.,.F.) 
B_SPLINE_CURVE_WITH_KNOTS((1,2,2,2,2,1),(-2.094395102393,0.,
    2.094395102393,4.188790204786,6.28318530718,8.377580409573),
.UNSPECIFIED.) CURVE() GEOMETRIC_REPRESENTATION_ITEM() 
RATIONAL_B_SPLINE_CURVE((1.,0.5,1.,0.5,1.,0.5,1.)) REPRESENTATION_ITEM(
  '') );
#14832 = CARTESIAN_POINT('',(4.440892098501E-16,-2.3));
#14833 = CARTESIAN_POINT('',(-3.983716857408,-2.3));
#14834 = CARTESIAN_POINT('',(-1.991858428704,1.15));
#14835 = CARTESIAN_POINT('',(-1.192483177577E-16,4.6));
#14836 = CARTESIAN_POINT('',(1.991858428704,1.15));
#14837 = CARTESIAN_POINT('',(3.983716857408,-2.3));
#14838 = CARTESIAN_POINT('',(4.440892098501E-16,-2.3));
#14839 = ( GEOMETRIC_REPRESENTATION_CONTEXT(2) 
PARAMETRIC_REPRESENTATION_CONTEXT() REPRESENTATION_CONTEXT('2D SPACE',''
  ) );
#14840 = ORIENTED_EDGE('',*,*,#14841,.T.);
#14841 = EDGE_CURVE('',#14809,#7104,#14842,.T.);
#14842 = SEAM_CURVE('',#14843,(#14847,#14854),.PCURVE_S1.);
#14843 = LINE('',#14844,#14845);
#14844 = CARTESIAN_POINT('',(-2.,17.3,4.));
#14845 = VECTOR('',#14846,1.);
#14846 = DIRECTION('',(1.,0.,0.));
#14847 = PCURVE('',#7124,#14848);
#14848 = DEFINITIONAL_REPRESENTATION('',(#14849),#14853);
#14849 = LINE('',#14850,#14851);
#14850 = CARTESIAN_POINT('',(-6.28318530718,0.));
#14851 = VECTOR('',#14852,1.);
#14852 = DIRECTION('',(-0.,-1.));
#14853 = ( GEOMETRIC_REPRESENTATION_CONTEXT(2) 
PARAMETRIC_REPRESENTATION_CONTEXT() REPRESENTATION_CONTEXT('2D SPACE',''
  ) );
#14854 = PCURVE('',#7124,#14855);
#14855 = DEFINITIONAL_REPRESENTATION('',(#14856),#14860);
#14856 = LINE('',#14857,#14858);
#14857 = CARTESIAN_POINT('',(-0.,0.));
#14858 = VECTOR('',#14859,1.);
#14859 = DIRECTION('',(-0.,-1.));
#14860 = ( GEOMETRIC_REPRESENTATION_CONTEXT(2) 
PARAMETRIC_REPRESENTATION_CONTEXT() REPRESENTATION_CONTEXT('2D SPACE',''
  ) );
#14861 = ORIENTED_EDGE('',*,*,#7103,.F.);
#14862 = ORIENTED_EDGE('',*,*,#14841,.F.);
#14863 = ADVANCED_FACE('',(#14864),#7281,.T.);
#14864 = FACE_BOUND('',#14865,.F.);
#14865 = EDGE_LOOP('',(#14866,#14867,#14868,#14869));
#14866 = ORIENTED_EDGE('',*,*,#7265,.T.);
#14867 = ORIENTED_EDGE('',*,*,#7417,.T.);
#14868 = ORIENTED_EDGE('',*,*,#7390,.T.);
#14869 = ORIENTED_EDGE('',*,*,#7341,.T.);
#14870 = ADVANCED_FACE('',(#14871),#7482,.T.);
#14871 = FACE_BOUND('',#14872,.F.);
#14872 = EDGE_LOOP('',(#14873,#14874,#14875,#14876,#14877,#14878,#14879,
    #14880,#14881,#14882));
#14873 = ORIENTED_EDGE('',*,*,#7466,.T.);
#14874 = ORIENTED_EDGE('',*,*,#7912,.T.);
#14875 = ORIENTED_EDGE('',*,*,#7885,.T.);
#14876 = ORIENTED_EDGE('',*,*,#7836,.T.);
#14877 = ORIENTED_EDGE('',*,*,#7787,.T.);
#14878 = ORIENTED_EDGE('',*,*,#7738,.T.);
#14879 = ORIENTED_EDGE('',*,*,#7689,.T.);
#14880 = ORIENTED_EDGE('',*,*,#7640,.T.);
#14881 = ORIENTED_EDGE('',*,*,#7591,.T.);
#14882 = ORIENTED_EDGE('',*,*,#7542,.T.);
#14883 = ADVANCED_FACE('',(#14884),#7977,.T.);
#14884 = FACE_BOUND('',#14885,.F.);
#14885 = EDGE_LOOP('',(#14886,#14887,#14888,#14889,#14890,#14891,#14892,
    #14893,#14894,#14895));
#14886 = ORIENTED_EDGE('',*,*,#7961,.T.);
#14887 = ORIENTED_EDGE('',*,*,#8407,.T.);
#14888 = ORIENTED_EDGE('',*,*,#8380,.T.);
#14889 = ORIENTED_EDGE('',*,*,#8331,.T.);
#14890 = ORIENTED_EDGE('',*,*,#8282,.T.);
#14891 = ORIENTED_EDGE('',*,*,#8233,.T.);
#14892 = ORIENTED_EDGE('',*,*,#8184,.T.);
#14893 = ORIENTED_EDGE('',*,*,#8135,.T.);
#14894 = ORIENTED_EDGE('',*,*,#8086,.T.);
#14895 = ORIENTED_EDGE('',*,*,#8037,.T.);
#14896 = ADVANCED_FACE('',(#14897),#8472,.T.);
#14897 = FACE_BOUND('',#14898,.F.);
#14898 = EDGE_LOOP('',(#14899,#14900,#14901,#14902,#14903,#14904,#14905,
    #14906,#14907,#14908,#14909,#14910,#14911,#14912,#14913,#14914,
    #14915,#14916,#14917,#14918,#14919));
#14899 = ORIENTED_EDGE('',*,*,#8456,.T.);
#14900 = ORIENTED_EDGE('',*,*,#9441,.T.);
#14901 = ORIENTED_EDGE('',*,*,#9414,.T.);
#14902 = ORIENTED_EDGE('',*,*,#9365,.T.);
#14903 = ORIENTED_EDGE('',*,*,#9316,.T.);
#14904 = ORIENTED_EDGE('',*,*,#9267,.T.);
#14905 = ORIENTED_EDGE('',*,*,#9218,.T.);
#14906 = ORIENTED_EDGE('',*,*,#9169,.T.);
#14907 = ORIENTED_EDGE('',*,*,#9120,.T.);
#14908 = ORIENTED_EDGE('',*,*,#9071,.T.);
#14909 = ORIENTED_EDGE('',*,*,#9022,.T.);
#14910 = ORIENTED_EDGE('',*,*,#8973,.T.);
#14911 = ORIENTED_EDGE('',*,*,#8924,.T.);
#14912 = ORIENTED_EDGE('',*,*,#8875,.T.);
#14913 = ORIENTED_EDGE('',*,*,#8826,.T.);
#14914 = ORIENTED_EDGE('',*,*,#8777,.T.);
#14915 = ORIENTED_EDGE('',*,*,#8728,.T.);
#14916 = ORIENTED_EDGE('',*,*,#8679,.T.);
#14917 = ORIENTED_EDGE('',*,*,#8630,.T.);
#14918 = ORIENTED_EDGE('',*,*,#8581,.T.);
#14919 = ORIENTED_EDGE('',*,*,#8532,.T.);
#14920 = ADVANCED_FACE('',(#14921),#9484,.F.);
#14921 = FACE_BOUND('',#14922,.F.);
#14922 = EDGE_LOOP('',(#14923,#14924,#14945,#14946,#14967,#14993));
#14923 = ORIENTED_EDGE('',*,*,#9466,.F.);
#14924 = ORIENTED_EDGE('',*,*,#14925,.T.);
#14925 = EDGE_CURVE('',#9467,#9800,#14926,.T.);
#14926 = SURFACE_CURVE('',#14927,(#14931,#14938),.PCURVE_S1.);
#14927 = LINE('',#14928,#14929);
#14928 = CARTESIAN_POINT('',(22.775,11.225,0.2));
#14929 = VECTOR('',#14930,1.);
#14930 = DIRECTION('',(0.,1.,0.));
#14931 = PCURVE('',#9484,#14932);
#14932 = DEFINITIONAL_REPRESENTATION('',(#14933),#14937);
#14933 = LINE('',#14934,#14935);
#14934 = CARTESIAN_POINT('',(0.,0.));
#14935 = VECTOR('',#14936,1.);
#14936 = DIRECTION('',(0.,-1.));
#14937 = ( GEOMETRIC_REPRESENTATION_CONTEXT(2) 
PARAMETRIC_REPRESENTATION_CONTEXT() REPRESENTATION_CONTEXT('2D SPACE',''
  ) );
#14938 = PCURVE('',#9512,#14939);
#14939 = DEFINITIONAL_REPRESENTATION('',(#14940),#14944);
#14940 = LINE('',#14941,#14942);
#14941 = CARTESIAN_POINT('',(3.55,0.));
#14942 = VECTOR('',#14943,1.);
#14943 = DIRECTION('',(0.,1.));
#14944 = ( GEOMETRIC_REPRESENTATION_CONTEXT(2) 
PARAMETRIC_REPRESENTATION_CONTEXT() REPRESENTATION_CONTEXT('2D SPACE',''
  ) );
#14945 = ORIENTED_EDGE('',*,*,#9799,.T.);
#14946 = ORIENTED_EDGE('',*,*,#14947,.F.);
#14947 = EDGE_CURVE('',#14948,#9802,#14950,.T.);
#14948 = VERTEX_POINT('',#14949);
#14949 = CARTESIAN_POINT('',(22.775,17.078460969083,0.4));
#14950 = SURFACE_CURVE('',#14951,(#14955,#14961),.PCURVE_S1.);
#14951 = LINE('',#14952,#14953);
#14952 = CARTESIAN_POINT('',(22.775,16.303477077758,-0.942311474822));
#14953 = VECTOR('',#14954,1.);
#14954 = DIRECTION('',(-0.,0.5,0.866025403784));
#14955 = PCURVE('',#9484,#14956);
#14956 = DEFINITIONAL_REPRESENTATION('',(#14957),#14960);
#14957 = B_SPLINE_CURVE_WITH_KNOTS('',1,(#14958,#14959),.UNSPECIFIED.,
  .F.,.F.,(2,2),(1.549967782649,4.943045844484),
  .PIECEWISE_BEZIER_KNOTS.);
#14958 = CARTESIAN_POINT('',(0.2,-5.853460969083));
#14959 = CARTESIAN_POINT('',(3.138491798573,-7.55));
#14960 = ( GEOMETRIC_REPRESENTATION_CONTEXT(2) 
PARAMETRIC_REPRESENTATION_CONTEXT() REPRESENTATION_CONTEXT('2D SPACE',''
  ) );
#14961 = PCURVE('',#9908,#14962);
#14962 = DEFINITIONAL_REPRESENTATION('',(#14963),#14966);
#14963 = B_SPLINE_CURVE_WITH_KNOTS('',1,(#14964,#14965),.UNSPECIFIED.,
  .F.,.F.,(2,2),(1.549967782649,4.943045844484),
  .PIECEWISE_BEZIER_KNOTS.);
#14964 = CARTESIAN_POINT('',(0.,-3.375));
#14965 = CARTESIAN_POINT('',(3.393078061835,-3.375));
#14966 = ( GEOMETRIC_REPRESENTATION_CONTEXT(2) 
PARAMETRIC_REPRESENTATION_CONTEXT() REPRESENTATION_CONTEXT('2D SPACE',''
  ) );
#14967 = ORIENTED_EDGE('',*,*,#14968,.F.);
#14968 = EDGE_CURVE('',#14969,#14948,#14971,.T.);
#14969 = VERTEX_POINT('',#14970);
#14970 = CARTESIAN_POINT('',(22.775,12.921539030917,0.4));
#14971 = SURFACE_CURVE('',#14972,(#14976,#14982),.PCURVE_S1.);
#14972 = LINE('',#14973,#14974);
#14973 = CARTESIAN_POINT('',(22.775,12.073269515459,0.4));
#14974 = VECTOR('',#14975,1.);
#14975 = DIRECTION('',(0.,1.,-5.341563017732E-16));
#14976 = PCURVE('',#9484,#14977);
#14977 = DEFINITIONAL_REPRESENTATION('',(#14978),#14981);
#14978 = B_SPLINE_CURVE_WITH_KNOTS('',1,(#14979,#14980),.UNSPECIFIED.,
  .F.,.F.,(2,2),(0.848269515459,5.005191453624),
  .PIECEWISE_BEZIER_KNOTS.);
#14979 = CARTESIAN_POINT('',(0.2,-1.696539030917));
#14980 = CARTESIAN_POINT('',(0.2,-5.853460969083));
#14981 = ( GEOMETRIC_REPRESENTATION_CONTEXT(2) 
PARAMETRIC_REPRESENTATION_CONTEXT() REPRESENTATION_CONTEXT('2D SPACE',''
  ) );
#14982 = PCURVE('',#14983,#14988);
#14983 = PLANE('',#14984);
#14984 = AXIS2_PLACEMENT_3D('',#14985,#14986,#14987);
#14985 = CARTESIAN_POINT('',(19.4,12.921539030917,0.4));
#14986 = DIRECTION('',(-0.,5.341563017732E-16,1.));
#14987 = DIRECTION('',(0.,1.,-5.341563017732E-16));
#14988 = DEFINITIONAL_REPRESENTATION('',(#14989),#14992);
#14989 = B_SPLINE_CURVE_WITH_KNOTS('',1,(#14990,#14991),.UNSPECIFIED.,
  .F.,.F.,(2,2),(0.848269515459,5.005191453624),
  .PIECEWISE_BEZIER_KNOTS.);
#14990 = CARTESIAN_POINT('',(0.,-3.375));
#14991 = CARTESIAN_POINT('',(4.156921938165,-3.375));
#14992 = ( GEOMETRIC_REPRESENTATION_CONTEXT(2) 
PARAMETRIC_REPRESENTATION_CONTEXT() REPRESENTATION_CONTEXT('2D SPACE',''
  ) );
#14993 = ORIENTED_EDGE('',*,*,#14994,.F.);
#14994 = EDGE_CURVE('',#9469,#14969,#14995,.T.);
#14995 = SURFACE_CURVE('',#14996,(#15000,#15006),.PCURVE_S1.);
#14996 = LINE('',#14997,#14998);
#14997 = CARTESIAN_POINT('',(22.775,11.713542437701,2.492311474822));
#14998 = VECTOR('',#14999,1.);
#14999 = DIRECTION('',(0.,0.5,-0.866025403784));
#15000 = PCURVE('',#9484,#15001);
#15001 = DEFINITIONAL_REPRESENTATION('',(#15002),#15005);
#15002 = B_SPLINE_CURVE_WITH_KNOTS('',1,(#15003,#15004),.UNSPECIFIED.,
  .F.,.F.,(2,2),(-0.977084875401,2.415993186434),
  .PIECEWISE_BEZIER_KNOTS.);
#15003 = CARTESIAN_POINT('',(3.138491798573,-5.551115123126E-17));
#15004 = CARTESIAN_POINT('',(0.2,-1.696539030917));
#15005 = ( GEOMETRIC_REPRESENTATION_CONTEXT(2) 
PARAMETRIC_REPRESENTATION_CONTEXT() REPRESENTATION_CONTEXT('2D SPACE',''
  ) );
#15006 = PCURVE('',#9634,#15007);
#15007 = DEFINITIONAL_REPRESENTATION('',(#15008),#15011);
#15008 = B_SPLINE_CURVE_WITH_KNOTS('',1,(#15009,#15010),.UNSPECIFIED.,
  .F.,.F.,(2,2),(-0.977084875401,2.415993186434),
  .PIECEWISE_BEZIER_KNOTS.);
#15009 = CARTESIAN_POINT('',(0.763843876331,-3.375));
#15010 = CARTESIAN_POINT('',(4.156921938165,-3.375));
#15011 = ( GEOMETRIC_REPRESENTATION_CONTEXT(2) 
PARAMETRIC_REPRESENTATION_CONTEXT() REPRESENTATION_CONTEXT('2D SPACE',''
  ) );
#15012 = ADVANCED_FACE('',(#15013),#9634,.T.);
#15013 = FACE_BOUND('',#15014,.T.);
#15014 = EDGE_LOOP('',(#15015,#15038,#15061,#15084,#15105,#15106));
#15015 = ORIENTED_EDGE('',*,*,#15016,.F.);
#15016 = EDGE_CURVE('',#15017,#9596,#15019,.T.);
#15017 = VERTEX_POINT('',#15018);
#15018 = CARTESIAN_POINT('',(19.4,10.843078061835,4.));
#15019 = SURFACE_CURVE('',#15020,(#15024,#15031),.PCURVE_S1.);
#15020 = LINE('',#15021,#15022);
#15021 = CARTESIAN_POINT('',(19.4,10.843078061835,4.));
#15022 = VECTOR('',#15023,1.);
#15023 = DIRECTION('',(0.,0.5,-0.866025403784));
#15024 = PCURVE('',#9634,#15025);
#15025 = DEFINITIONAL_REPRESENTATION('',(#15026),#15030);
#15026 = LINE('',#15027,#15028);
#15027 = CARTESIAN_POINT('',(0.,0.));
#15028 = VECTOR('',#15029,1.);
#15029 = DIRECTION('',(1.,0.));
#15030 = ( GEOMETRIC_REPRESENTATION_CONTEXT(2) 
PARAMETRIC_REPRESENTATION_CONTEXT() REPRESENTATION_CONTEXT('2D SPACE',''
  ) );
#15031 = PCURVE('',#9610,#15032);
#15032 = DEFINITIONAL_REPRESENTATION('',(#15033),#15037);
#15033 = LINE('',#15034,#15035);
#15034 = CARTESIAN_POINT('',(1.33226762955E-15,4.156921938165));
#15035 = VECTOR('',#15036,1.);
#15036 = DIRECTION('',(-0.866025403784,-0.5));
#15037 = ( GEOMETRIC_REPRESENTATION_CONTEXT(2) 
PARAMETRIC_REPRESENTATION_CONTEXT() REPRESENTATION_CONTEXT('2D SPACE',''
  ) );
#15038 = ORIENTED_EDGE('',*,*,#15039,.T.);
#15039 = EDGE_CURVE('',#15017,#15040,#15042,.T.);
#15040 = VERTEX_POINT('',#15041);
#15041 = CARTESIAN_POINT('',(22.85,10.843078061835,4.));
#15042 = SURFACE_CURVE('',#15043,(#15047,#15054),.PCURVE_S1.);
#15043 = LINE('',#15044,#15045);
#15044 = CARTESIAN_POINT('',(19.4,10.843078061835,4.));
#15045 = VECTOR('',#15046,1.);
#15046 = DIRECTION('',(1.,0.,0.));
#15047 = PCURVE('',#9634,#15048);
#15048 = DEFINITIONAL_REPRESENTATION('',(#15049),#15053);
#15049 = LINE('',#15050,#15051);
#15050 = CARTESIAN_POINT('',(0.,0.));
#15051 = VECTOR('',#15052,1.);
#15052 = DIRECTION('',(0.,-1.));
#15053 = ( GEOMETRIC_REPRESENTATION_CONTEXT(2) 
PARAMETRIC_REPRESENTATION_CONTEXT() REPRESENTATION_CONTEXT('2D SPACE',''
  ) );
#15054 = PCURVE('',#9584,#15055);
#15055 = DEFINITIONAL_REPRESENTATION('',(#15056),#15060);
#15056 = LINE('',#15057,#15058);
#15057 = CARTESIAN_POINT('',(4.156921938165,0.));
#15058 = VECTOR('',#15059,1.);
#15059 = DIRECTION('',(0.,-1.));
#15060 = ( GEOMETRIC_REPRESENTATION_CONTEXT(2) 
PARAMETRIC_REPRESENTATION_CONTEXT() REPRESENTATION_CONTEXT('2D SPACE',''
  ) );
#15061 = ORIENTED_EDGE('',*,*,#15062,.T.);
#15062 = EDGE_CURVE('',#15040,#15063,#15065,.T.);
#15063 = VERTEX_POINT('',#15064);
#15064 = CARTESIAN_POINT('',(22.85,12.921539030917,0.4));
#15065 = SURFACE_CURVE('',#15066,(#15070,#15077),.PCURVE_S1.);
#15066 = LINE('',#15067,#15068);
#15067 = CARTESIAN_POINT('',(22.85,10.843078061835,4.));
#15068 = VECTOR('',#15069,1.);
#15069 = DIRECTION('',(0.,0.5,-0.866025403784));
#15070 = PCURVE('',#9634,#15071);
#15071 = DEFINITIONAL_REPRESENTATION('',(#15072),#15076);
#15072 = LINE('',#15073,#15074);
#15073 = CARTESIAN_POINT('',(0.,-3.45));
#15074 = VECTOR('',#15075,1.);
#15075 = DIRECTION('',(1.,0.));
#15076 = ( GEOMETRIC_REPRESENTATION_CONTEXT(2) 
PARAMETRIC_REPRESENTATION_CONTEXT() REPRESENTATION_CONTEXT('2D SPACE',''
  ) );
#15077 = PCURVE('',#14825,#15078);
#15078 = DEFINITIONAL_REPRESENTATION('',(#15079),#15083);
#15079 = LINE('',#15080,#15081);
#15080 = CARTESIAN_POINT('',(1.33226762955E-15,4.156921938165));
#15081 = VECTOR('',#15082,1.);
#15082 = DIRECTION('',(-0.866025403784,-0.5));
#15083 = ( GEOMETRIC_REPRESENTATION_CONTEXT(2) 
PARAMETRIC_REPRESENTATION_CONTEXT() REPRESENTATION_CONTEXT('2D SPACE',''
  ) );
#15084 = ORIENTED_EDGE('',*,*,#15085,.F.);
#15085 = EDGE_CURVE('',#14969,#15063,#15086,.T.);
#15086 = SURFACE_CURVE('',#15087,(#15091,#15098),.PCURVE_S1.);
#15087 = LINE('',#15088,#15089);
#15088 = CARTESIAN_POINT('',(19.4,12.921539030917,0.4));
#15089 = VECTOR('',#15090,1.);
#15090 = DIRECTION('',(1.,0.,0.));
#15091 = PCURVE('',#9634,#15092);
#15092 = DEFINITIONAL_REPRESENTATION('',(#15093),#15097);
#15093 = LINE('',#15094,#15095);
#15094 = CARTESIAN_POINT('',(4.156921938165,0.));
#15095 = VECTOR('',#15096,1.);
#15096 = DIRECTION('',(0.,-1.));
#15097 = ( GEOMETRIC_REPRESENTATION_CONTEXT(2) 
PARAMETRIC_REPRESENTATION_CONTEXT() REPRESENTATION_CONTEXT('2D SPACE',''
  ) );
#15098 = PCURVE('',#14983,#15099);
#15099 = DEFINITIONAL_REPRESENTATION('',(#15100),#15104);
#15100 = LINE('',#15101,#15102);
#15101 = CARTESIAN_POINT('',(0.,0.));
#15102 = VECTOR('',#15103,1.);
#15103 = DIRECTION('',(0.,-1.));
#15104 = ( GEOMETRIC_REPRESENTATION_CONTEXT(2) 
PARAMETRIC_REPRESENTATION_CONTEXT() REPRESENTATION_CONTEXT('2D SPACE',''
  ) );
#15105 = ORIENTED_EDGE('',*,*,#14994,.F.);
#15106 = ORIENTED_EDGE('',*,*,#9621,.T.);
#15107 = ADVANCED_FACE('',(#15108),#9610,.T.);
#15108 = FACE_BOUND('',#15109,.T.);
#15109 = EDGE_LOOP('',(#15110,#15111,#15132));
#15110 = ORIENTED_EDGE('',*,*,#9595,.T.);
#15111 = ORIENTED_EDGE('',*,*,#15112,.T.);
#15112 = EDGE_CURVE('',#9570,#15017,#15113,.T.);
#15113 = SURFACE_CURVE('',#15114,(#15118,#15125),.PCURVE_S1.);
#15114 = LINE('',#15115,#15116);
#15115 = CARTESIAN_POINT('',(19.4,12.921539030917,7.6));
#15116 = VECTOR('',#15117,1.);
#15117 = DIRECTION('',(0.,-0.5,-0.866025403784));
#15118 = PCURVE('',#9610,#15119);
#15119 = DEFINITIONAL_REPRESENTATION('',(#15120),#15124);
#15120 = LINE('',#15121,#15122);
#15121 = CARTESIAN_POINT('',(3.6,2.078460969083));
#15122 = VECTOR('',#15123,1.);
#15123 = DIRECTION('',(-0.866025403784,0.5));
#15124 = ( GEOMETRIC_REPRESENTATION_CONTEXT(2) 
PARAMETRIC_REPRESENTATION_CONTEXT() REPRESENTATION_CONTEXT('2D SPACE',''
  ) );
#15125 = PCURVE('',#9584,#15126);
#15126 = DEFINITIONAL_REPRESENTATION('',(#15127),#15131);
#15127 = LINE('',#15128,#15129);
#15128 = CARTESIAN_POINT('',(0.,0.));
#15129 = VECTOR('',#15130,1.);
#15130 = DIRECTION('',(1.,0.));
#15131 = ( GEOMETRIC_REPRESENTATION_CONTEXT(2) 
PARAMETRIC_REPRESENTATION_CONTEXT() REPRESENTATION_CONTEXT('2D SPACE',''
  ) );
#15132 = ORIENTED_EDGE('',*,*,#15016,.T.);
#15133 = ADVANCED_FACE('',(#15134),#9584,.T.);
#15134 = FACE_BOUND('',#15135,.T.);
#15135 = EDGE_LOOP('',(#15136,#15137,#15160,#15181,#15182,#15183));
#15136 = ORIENTED_EDGE('',*,*,#9649,.F.);
#15137 = ORIENTED_EDGE('',*,*,#15138,.T.);
#15138 = EDGE_CURVE('',#9650,#15139,#15141,.T.);
#15139 = VERTEX_POINT('',#15140);
#15140 = CARTESIAN_POINT('',(22.85,12.921539030917,7.6));
#15141 = SURFACE_CURVE('',#15142,(#15146,#15153),.PCURVE_S1.);
#15142 = LINE('',#15143,#15144);
#15143 = CARTESIAN_POINT('',(19.4,12.921539030917,7.6));
#15144 = VECTOR('',#15145,1.);
#15145 = DIRECTION('',(1.,0.,0.));
#15146 = PCURVE('',#9584,#15147);
#15147 = DEFINITIONAL_REPRESENTATION('',(#15148),#15152);
#15148 = LINE('',#15149,#15150);
#15149 = CARTESIAN_POINT('',(0.,0.));
#15150 = VECTOR('',#15151,1.);
#15151 = DIRECTION('',(0.,-1.));
#15152 = ( GEOMETRIC_REPRESENTATION_CONTEXT(2) 
PARAMETRIC_REPRESENTATION_CONTEXT() REPRESENTATION_CONTEXT('2D SPACE',''
  ) );
#15153 = PCURVE('',#9685,#15154);
#15154 = DEFINITIONAL_REPRESENTATION('',(#15155),#15159);
#15155 = LINE('',#15156,#15157);
#15156 = CARTESIAN_POINT('',(4.156921938165,0.));
#15157 = VECTOR('',#15158,1.);
#15158 = DIRECTION('',(0.,-1.));
#15159 = ( GEOMETRIC_REPRESENTATION_CONTEXT(2) 
PARAMETRIC_REPRESENTATION_CONTEXT() REPRESENTATION_CONTEXT('2D SPACE',''
  ) );
#15160 = ORIENTED_EDGE('',*,*,#15161,.T.);
#15161 = EDGE_CURVE('',#15139,#15040,#15162,.T.);
#15162 = SURFACE_CURVE('',#15163,(#15167,#15174),.PCURVE_S1.);
#15163 = LINE('',#15164,#15165);
#15164 = CARTESIAN_POINT('',(22.85,12.921539030917,7.6));
#15165 = VECTOR('',#15166,1.);
#15166 = DIRECTION('',(0.,-0.5,-0.866025403784));
#15167 = PCURVE('',#9584,#15168);
#15168 = DEFINITIONAL_REPRESENTATION('',(#15169),#15173);
#15169 = LINE('',#15170,#15171);
#15170 = CARTESIAN_POINT('',(0.,-3.45));
#15171 = VECTOR('',#15172,1.);
#15172 = DIRECTION('',(1.,0.));
#15173 = ( GEOMETRIC_REPRESENTATION_CONTEXT(2) 
PARAMETRIC_REPRESENTATION_CONTEXT() REPRESENTATION_CONTEXT('2D SPACE',''
  ) );
#15174 = PCURVE('',#14825,#15175);
#15175 = DEFINITIONAL_REPRESENTATION('',(#15176),#15180);
#15176 = LINE('',#15177,#15178);
#15177 = CARTESIAN_POINT('',(3.6,2.078460969083));
#15178 = VECTOR('',#15179,1.);
#15179 = DIRECTION('',(-0.866025403784,0.5));
#15180 = ( GEOMETRIC_REPRESENTATION_CONTEXT(2) 
PARAMETRIC_REPRESENTATION_CONTEXT() REPRESENTATION_CONTEXT('2D SPACE',''
  ) );
#15181 = ORIENTED_EDGE('',*,*,#15039,.F.);
#15182 = ORIENTED_EDGE('',*,*,#15112,.F.);
#15183 = ORIENTED_EDGE('',*,*,#9569,.T.);
#15184 = ADVANCED_FACE('',(#15185),#9512,.T.);
#15185 = FACE_BOUND('',#15186,.T.);
#15186 = EDGE_LOOP('',(#15187,#15188,#15189,#15190));
#15187 = ORIENTED_EDGE('',*,*,#9748,.F.);
#15188 = ORIENTED_EDGE('',*,*,#9496,.T.);
#15189 = ORIENTED_EDGE('',*,*,#14925,.T.);
#15190 = ORIENTED_EDGE('',*,*,#9824,.F.);
#15191 = ADVANCED_FACE('',(#15192),#9711,.T.);
#15192 = FACE_BOUND('',#15193,.T.);
#15193 = EDGE_LOOP('',(#15194,#15217,#15240,#15263,#15284,#15285));
#15194 = ORIENTED_EDGE('',*,*,#15195,.F.);
#15195 = EDGE_CURVE('',#15196,#9849,#15198,.T.);
#15196 = VERTEX_POINT('',#15197);
#15197 = CARTESIAN_POINT('',(19.4,19.156921938165,4.));
#15198 = SURFACE_CURVE('',#15199,(#15203,#15210),.PCURVE_S1.);
#15199 = LINE('',#15200,#15201);
#15200 = CARTESIAN_POINT('',(19.4,19.156921938165,4.));
#15201 = VECTOR('',#15202,1.);
#15202 = DIRECTION('',(0.,-0.5,0.866025403784));
#15203 = PCURVE('',#9711,#15204);
#15204 = DEFINITIONAL_REPRESENTATION('',(#15205),#15209);
#15205 = LINE('',#15206,#15207);
#15206 = CARTESIAN_POINT('',(0.,0.));
#15207 = VECTOR('',#15208,1.);
#15208 = DIRECTION('',(1.,0.));
#15209 = ( GEOMETRIC_REPRESENTATION_CONTEXT(2) 
PARAMETRIC_REPRESENTATION_CONTEXT() REPRESENTATION_CONTEXT('2D SPACE',''
  ) );
#15210 = PCURVE('',#9884,#15211);
#15211 = DEFINITIONAL_REPRESENTATION('',(#15212),#15216);
#15212 = LINE('',#15213,#15214);
#15213 = CARTESIAN_POINT('',(4.440892098501E-16,-4.156921938165));
#15214 = VECTOR('',#15215,1.);
#15215 = DIRECTION('',(0.866025403784,0.5));
#15216 = ( GEOMETRIC_REPRESENTATION_CONTEXT(2) 
PARAMETRIC_REPRESENTATION_CONTEXT() REPRESENTATION_CONTEXT('2D SPACE',''
  ) );
#15217 = ORIENTED_EDGE('',*,*,#15218,.T.);
#15218 = EDGE_CURVE('',#15196,#15219,#15221,.T.);
#15219 = VERTEX_POINT('',#15220);
#15220 = CARTESIAN_POINT('',(22.85,19.156921938165,4.));
#15221 = SURFACE_CURVE('',#15222,(#15226,#15233),.PCURVE_S1.);
#15222 = LINE('',#15223,#15224);
#15223 = CARTESIAN_POINT('',(19.4,19.156921938165,4.));
#15224 = VECTOR('',#15225,1.);
#15225 = DIRECTION('',(1.,0.,0.));
#15226 = PCURVE('',#9711,#15227);
#15227 = DEFINITIONAL_REPRESENTATION('',(#15228),#15232);
#15228 = LINE('',#15229,#15230);
#15229 = CARTESIAN_POINT('',(0.,0.));
#15230 = VECTOR('',#15231,1.);
#15231 = DIRECTION('',(0.,-1.));
#15232 = ( GEOMETRIC_REPRESENTATION_CONTEXT(2) 
PARAMETRIC_REPRESENTATION_CONTEXT() REPRESENTATION_CONTEXT('2D SPACE',''
  ) );
#15233 = PCURVE('',#9908,#15234);
#15234 = DEFINITIONAL_REPRESENTATION('',(#15235),#15239);
#15235 = LINE('',#15236,#15237);
#15236 = CARTESIAN_POINT('',(4.156921938165,0.));
#15237 = VECTOR('',#15238,1.);
#15238 = DIRECTION('',(0.,-1.));
#15239 = ( GEOMETRIC_REPRESENTATION_CONTEXT(2) 
PARAMETRIC_REPRESENTATION_CONTEXT() REPRESENTATION_CONTEXT('2D SPACE',''
  ) );
#15240 = ORIENTED_EDGE('',*,*,#15241,.T.);
#15241 = EDGE_CURVE('',#15219,#15242,#15244,.T.);
#15242 = VERTEX_POINT('',#15243);
#15243 = CARTESIAN_POINT('',(22.85,17.078460969083,7.6));
#15244 = SURFACE_CURVE('',#15245,(#15249,#15256),.PCURVE_S1.);
#15245 = LINE('',#15246,#15247);
#15246 = CARTESIAN_POINT('',(22.85,19.156921938165,4.));
#15247 = VECTOR('',#15248,1.);
#15248 = DIRECTION('',(0.,-0.5,0.866025403784));
#15249 = PCURVE('',#9711,#15250);
#15250 = DEFINITIONAL_REPRESENTATION('',(#15251),#15255);
#15251 = LINE('',#15252,#15253);
#15252 = CARTESIAN_POINT('',(0.,-3.45));
#15253 = VECTOR('',#15254,1.);
#15254 = DIRECTION('',(1.,0.));
#15255 = ( GEOMETRIC_REPRESENTATION_CONTEXT(2) 
PARAMETRIC_REPRESENTATION_CONTEXT() REPRESENTATION_CONTEXT('2D SPACE',''
  ) );
#15256 = PCURVE('',#14825,#15257);
#15257 = DEFINITIONAL_REPRESENTATION('',(#15258),#15262);
#15258 = LINE('',#15259,#15260);
#15259 = CARTESIAN_POINT('',(4.440892098501E-16,-4.156921938165));
#15260 = VECTOR('',#15261,1.);
#15261 = DIRECTION('',(0.866025403784,0.5));
#15262 = ( GEOMETRIC_REPRESENTATION_CONTEXT(2) 
PARAMETRIC_REPRESENTATION_CONTEXT() REPRESENTATION_CONTEXT('2D SPACE',''
  ) );
#15263 = ORIENTED_EDGE('',*,*,#15264,.F.);
#15264 = EDGE_CURVE('',#9671,#15242,#15265,.T.);
#15265 = SURFACE_CURVE('',#15266,(#15270,#15277),.PCURVE_S1.);
#15266 = LINE('',#15267,#15268);
#15267 = CARTESIAN_POINT('',(19.4,17.078460969083,7.6));
#15268 = VECTOR('',#15269,1.);
#15269 = DIRECTION('',(1.,0.,0.));
#15270 = PCURVE('',#9711,#15271);
#15271 = DEFINITIONAL_REPRESENTATION('',(#15272),#15276);
#15272 = LINE('',#15273,#15274);
#15273 = CARTESIAN_POINT('',(4.156921938165,0.));
#15274 = VECTOR('',#15275,1.);
#15275 = DIRECTION('',(0.,-1.));
#15276 = ( GEOMETRIC_REPRESENTATION_CONTEXT(2) 
PARAMETRIC_REPRESENTATION_CONTEXT() REPRESENTATION_CONTEXT('2D SPACE',''
  ) );
#15277 = PCURVE('',#9685,#15278);
#15278 = DEFINITIONAL_REPRESENTATION('',(#15279),#15283);
#15279 = LINE('',#15280,#15281);
#15280 = CARTESIAN_POINT('',(0.,0.));
#15281 = VECTOR('',#15282,1.);
#15282 = DIRECTION('',(0.,-1.));
#15283 = ( GEOMETRIC_REPRESENTATION_CONTEXT(2) 
PARAMETRIC_REPRESENTATION_CONTEXT() REPRESENTATION_CONTEXT('2D SPACE',''
  ) );
#15284 = ORIENTED_EDGE('',*,*,#9696,.F.);
#15285 = ORIENTED_EDGE('',*,*,#9848,.F.);
#15286 = ADVANCED_FACE('',(#15287),#9685,.T.);
#15287 = FACE_BOUND('',#15288,.T.);
#15288 = EDGE_LOOP('',(#15289,#15290,#15291,#15312));
#15289 = ORIENTED_EDGE('',*,*,#9670,.F.);
#15290 = ORIENTED_EDGE('',*,*,#15264,.T.);
#15291 = ORIENTED_EDGE('',*,*,#15292,.T.);
#15292 = EDGE_CURVE('',#15242,#15139,#15293,.T.);
#15293 = SURFACE_CURVE('',#15294,(#15298,#15305),.PCURVE_S1.);
#15294 = LINE('',#15295,#15296);
#15295 = CARTESIAN_POINT('',(22.85,17.078460969083,7.6));
#15296 = VECTOR('',#15297,1.);
#15297 = DIRECTION('',(0.,-1.,1.068312603546E-16));
#15298 = PCURVE('',#9685,#15299);
#15299 = DEFINITIONAL_REPRESENTATION('',(#15300),#15304);
#15300 = LINE('',#15301,#15302);
#15301 = CARTESIAN_POINT('',(0.,-3.45));
#15302 = VECTOR('',#15303,1.);
#15303 = DIRECTION('',(1.,0.));
#15304 = ( GEOMETRIC_REPRESENTATION_CONTEXT(2) 
PARAMETRIC_REPRESENTATION_CONTEXT() REPRESENTATION_CONTEXT('2D SPACE',''
  ) );
#15305 = PCURVE('',#14825,#15306);
#15306 = DEFINITIONAL_REPRESENTATION('',(#15307),#15311);
#15307 = LINE('',#15308,#15309);
#15308 = CARTESIAN_POINT('',(3.6,-2.078460969083));
#15309 = VECTOR('',#15310,1.);
#15310 = DIRECTION('',(1.068312603546E-16,1.));
#15311 = ( GEOMETRIC_REPRESENTATION_CONTEXT(2) 
PARAMETRIC_REPRESENTATION_CONTEXT() REPRESENTATION_CONTEXT('2D SPACE',''
  ) );
#15312 = ORIENTED_EDGE('',*,*,#15138,.F.);
#15313 = ADVANCED_FACE('',(#15314),#9908,.T.);
#15314 = FACE_BOUND('',#15315,.T.);
#15315 = EDGE_LOOP('',(#15316,#15317,#15340,#15361,#15362,#15383));
#15316 = ORIENTED_EDGE('',*,*,#14947,.F.);
#15317 = ORIENTED_EDGE('',*,*,#15318,.T.);
#15318 = EDGE_CURVE('',#14948,#15319,#15321,.T.);
#15319 = VERTEX_POINT('',#15320);
#15320 = CARTESIAN_POINT('',(22.85,17.078460969083,0.4));
#15321 = SURFACE_CURVE('',#15322,(#15326,#15333),.PCURVE_S1.);
#15322 = LINE('',#15323,#15324);
#15323 = CARTESIAN_POINT('',(19.4,17.078460969083,0.4));
#15324 = VECTOR('',#15325,1.);
#15325 = DIRECTION('',(1.,0.,0.));
#15326 = PCURVE('',#9908,#15327);
#15327 = DEFINITIONAL_REPRESENTATION('',(#15328),#15332);
#15328 = LINE('',#15329,#15330);
#15329 = CARTESIAN_POINT('',(0.,0.));
#15330 = VECTOR('',#15331,1.);
#15331 = DIRECTION('',(0.,-1.));
#15332 = ( GEOMETRIC_REPRESENTATION_CONTEXT(2) 
PARAMETRIC_REPRESENTATION_CONTEXT() REPRESENTATION_CONTEXT('2D SPACE',''
  ) );
#15333 = PCURVE('',#14983,#15334);
#15334 = DEFINITIONAL_REPRESENTATION('',(#15335),#15339);
#15335 = LINE('',#15336,#15337);
#15336 = CARTESIAN_POINT('',(4.156921938165,0.));
#15337 = VECTOR('',#15338,1.);
#15338 = DIRECTION('',(0.,-1.));
#15339 = ( GEOMETRIC_REPRESENTATION_CONTEXT(2) 
PARAMETRIC_REPRESENTATION_CONTEXT() REPRESENTATION_CONTEXT('2D SPACE',''
  ) );
#15340 = ORIENTED_EDGE('',*,*,#15341,.T.);
#15341 = EDGE_CURVE('',#15319,#15219,#15342,.T.);
#15342 = SURFACE_CURVE('',#15343,(#15347,#15354),.PCURVE_S1.);
#15343 = LINE('',#15344,#15345);
#15344 = CARTESIAN_POINT('',(22.85,17.078460969083,0.4));
#15345 = VECTOR('',#15346,1.);
#15346 = DIRECTION('',(0.,0.5,0.866025403784));
#15347 = PCURVE('',#9908,#15348);
#15348 = DEFINITIONAL_REPRESENTATION('',(#15349),#15353);
#15349 = LINE('',#15350,#15351);
#15350 = CARTESIAN_POINT('',(0.,-3.45));
#15351 = VECTOR('',#15352,1.);
#15352 = DIRECTION('',(1.,0.));
#15353 = ( GEOMETRIC_REPRESENTATION_CONTEXT(2) 
PARAMETRIC_REPRESENTATION_CONTEXT() REPRESENTATION_CONTEXT('2D SPACE',''
  ) );
#15354 = PCURVE('',#14825,#15355);
#15355 = DEFINITIONAL_REPRESENTATION('',(#15356),#15360);
#15356 = LINE('',#15357,#15358);
#15357 = CARTESIAN_POINT('',(-3.6,-2.078460969083));
#15358 = VECTOR('',#15359,1.);
#15359 = DIRECTION('',(0.866025403784,-0.5));
#15360 = ( GEOMETRIC_REPRESENTATION_CONTEXT(2) 
PARAMETRIC_REPRESENTATION_CONTEXT() REPRESENTATION_CONTEXT('2D SPACE',''
  ) );
#15361 = ORIENTED_EDGE('',*,*,#15218,.F.);
#15362 = ORIENTED_EDGE('',*,*,#15363,.F.);
#15363 = EDGE_CURVE('',#9870,#15196,#15364,.T.);
#15364 = SURFACE_CURVE('',#15365,(#15369,#15376),.PCURVE_S1.);
#15365 = LINE('',#15366,#15367);
#15366 = CARTESIAN_POINT('',(19.4,17.078460969083,0.4));
#15367 = VECTOR('',#15368,1.);
#15368 = DIRECTION('',(0.,0.5,0.866025403784));
#15369 = PCURVE('',#9908,#15370);
#15370 = DEFINITIONAL_REPRESENTATION('',(#15371),#15375);
#15371 = LINE('',#15372,#15373);
#15372 = CARTESIAN_POINT('',(0.,0.));
#15373 = VECTOR('',#15374,1.);
#15374 = DIRECTION('',(1.,0.));
#15375 = ( GEOMETRIC_REPRESENTATION_CONTEXT(2) 
PARAMETRIC_REPRESENTATION_CONTEXT() REPRESENTATION_CONTEXT('2D SPACE',''
  ) );
#15376 = PCURVE('',#9884,#15377);
#15377 = DEFINITIONAL_REPRESENTATION('',(#15378),#15382);
#15378 = LINE('',#15379,#15380);
#15379 = CARTESIAN_POINT('',(-3.6,-2.078460969083));
#15380 = VECTOR('',#15381,1.);
#15381 = DIRECTION('',(0.866025403784,-0.5));
#15382 = ( GEOMETRIC_REPRESENTATION_CONTEXT(2) 
PARAMETRIC_REPRESENTATION_CONTEXT() REPRESENTATION_CONTEXT('2D SPACE',''
  ) );
#15383 = ORIENTED_EDGE('',*,*,#9895,.F.);
#15384 = ADVANCED_FACE('',(#15385),#9884,.T.);
#15385 = FACE_BOUND('',#15386,.T.);
#15386 = EDGE_LOOP('',(#15387,#15388,#15389));
#15387 = ORIENTED_EDGE('',*,*,#15363,.T.);
#15388 = ORIENTED_EDGE('',*,*,#15195,.T.);
#15389 = ORIENTED_EDGE('',*,*,#9869,.F.);
#15390 = ADVANCED_FACE('',(#15391),#10064,.T.);
#15391 = FACE_BOUND('',#15392,.F.);
#15392 = EDGE_LOOP('',(#15393,#15394,#15395,#15396));
#15393 = ORIENTED_EDGE('',*,*,#10048,.T.);
#15394 = ORIENTED_EDGE('',*,*,#10200,.T.);
#15395 = ORIENTED_EDGE('',*,*,#10173,.T.);
#15396 = ORIENTED_EDGE('',*,*,#10124,.T.);
#15397 = ADVANCED_FACE('',(#15398),#10243,.F.);
#15398 = FACE_BOUND('',#15399,.F.);
#15399 = EDGE_LOOP('',(#15400,#15401,#15424));
#15400 = ORIENTED_EDGE('',*,*,#10225,.F.);
#15401 = ORIENTED_EDGE('',*,*,#15402,.T.);
#15402 = EDGE_CURVE('',#10226,#15403,#15405,.T.);
#15403 = VERTEX_POINT('',#15404);
#15404 = CARTESIAN_POINT('',(22.775,72.806068977079,0.2));
#15405 = SURFACE_CURVE('',#15406,(#15410,#15417),.PCURVE_S1.);
#15406 = LINE('',#15407,#15408);
#15407 = CARTESIAN_POINT('',(22.775,71.025,0.2));
#15408 = VECTOR('',#15409,1.);
#15409 = DIRECTION('',(0.,1.,0.));
#15410 = PCURVE('',#10243,#15411);
#15411 = DEFINITIONAL_REPRESENTATION('',(#15412),#15416);
#15412 = LINE('',#15413,#15414);
#15413 = CARTESIAN_POINT('',(0.,0.));
#15414 = VECTOR('',#15415,1.);
#15415 = DIRECTION('',(0.,-1.));
#15416 = ( GEOMETRIC_REPRESENTATION_CONTEXT(2) 
PARAMETRIC_REPRESENTATION_CONTEXT() REPRESENTATION_CONTEXT('2D SPACE',''
  ) );
#15417 = PCURVE('',#10271,#15418);
#15418 = DEFINITIONAL_REPRESENTATION('',(#15419),#15423);
#15419 = LINE('',#15420,#15421);
#15420 = CARTESIAN_POINT('',(3.55,0.));
#15421 = VECTOR('',#15422,1.);
#15422 = DIRECTION('',(0.,1.));
#15423 = ( GEOMETRIC_REPRESENTATION_CONTEXT(2) 
PARAMETRIC_REPRESENTATION_CONTEXT() REPRESENTATION_CONTEXT('2D SPACE',''
  ) );
#15424 = ORIENTED_EDGE('',*,*,#15425,.F.);
#15425 = EDGE_CURVE('',#10228,#15403,#15426,.T.);
#15426 = SURFACE_CURVE('',#15427,(#15431,#15437),.PCURVE_S1.);
#15427 = LINE('',#15428,#15429);
#15428 = CARTESIAN_POINT('',(22.775,71.486469843484,2.485612745011));
#15429 = VECTOR('',#15430,1.);
#15430 = DIRECTION('',(0.,0.5,-0.866025403784));
#15431 = PCURVE('',#10243,#15432);
#15432 = DEFINITIONAL_REPRESENTATION('',(#15433),#15436);
#15433 = B_SPLINE_CURVE_WITH_KNOTS('',1,(#15434,#15435),.UNSPECIFIED.,
  .F.,.F.,(2,2),(-0.922939686968,2.63919826719),
  .PIECEWISE_BEZIER_KNOTS.);
#15434 = CARTESIAN_POINT('',(3.084901960086,5.551115123126E-17));
#15435 = CARTESIAN_POINT('',(0.,-1.781068977079));
#15436 = ( GEOMETRIC_REPRESENTATION_CONTEXT(2) 
PARAMETRIC_REPRESENTATION_CONTEXT() REPRESENTATION_CONTEXT('2D SPACE',''
  ) );
#15437 = PCURVE('',#10393,#15438);
#15438 = DEFINITIONAL_REPRESENTATION('',(#15439),#15442);
#15439 = B_SPLINE_CURVE_WITH_KNOTS('',1,(#15440,#15441),.UNSPECIFIED.,
  .F.,.F.,(2,2),(-0.922939686968,2.63919826719),
  .PIECEWISE_BEZIER_KNOTS.);
#15440 = CARTESIAN_POINT('',(0.825724091682,-3.375));
#15441 = CARTESIAN_POINT('',(4.387862045841,-3.375));
#15442 = ( GEOMETRIC_REPRESENTATION_CONTEXT(2) 
PARAMETRIC_REPRESENTATION_CONTEXT() REPRESENTATION_CONTEXT('2D SPACE',''
  ) );
#15443 = ADVANCED_FACE('',(#15444),#10393,.T.);
#15444 = FACE_BOUND('',#15445,.T.);
#15445 = EDGE_LOOP('',(#15446,#15469,#15492,#15515,#15536,#15537));
#15446 = ORIENTED_EDGE('',*,*,#15447,.F.);
#15447 = EDGE_CURVE('',#15448,#10355,#15450,.T.);
#15448 = VERTEX_POINT('',#15449);
#15449 = CARTESIAN_POINT('',(19.4,70.612137954159,4.));
#15450 = SURFACE_CURVE('',#15451,(#15455,#15462),.PCURVE_S1.);
#15451 = LINE('',#15452,#15453);
#15452 = CARTESIAN_POINT('',(19.4,70.612137954159,4.));
#15453 = VECTOR('',#15454,1.);
#15454 = DIRECTION('',(0.,0.5,-0.866025403784));
#15455 = PCURVE('',#10393,#15456);
#15456 = DEFINITIONAL_REPRESENTATION('',(#15457),#15461);
#15457 = LINE('',#15458,#15459);
#15458 = CARTESIAN_POINT('',(0.,0.));
#15459 = VECTOR('',#15460,1.);
#15460 = DIRECTION('',(1.,0.));
#15461 = ( GEOMETRIC_REPRESENTATION_CONTEXT(2) 
PARAMETRIC_REPRESENTATION_CONTEXT() REPRESENTATION_CONTEXT('2D SPACE',''
  ) );
#15462 = PCURVE('',#10369,#15463);
#15463 = DEFINITIONAL_REPRESENTATION('',(#15464),#15468);
#15464 = LINE('',#15465,#15466);
#15465 = CARTESIAN_POINT('',(0.,4.387862045841));
#15466 = VECTOR('',#15467,1.);
#15467 = DIRECTION('',(-0.866025403784,-0.5));
#15468 = ( GEOMETRIC_REPRESENTATION_CONTEXT(2) 
PARAMETRIC_REPRESENTATION_CONTEXT() REPRESENTATION_CONTEXT('2D SPACE',''
  ) );
#15469 = ORIENTED_EDGE('',*,*,#15470,.T.);
#15470 = EDGE_CURVE('',#15448,#15471,#15473,.T.);
#15471 = VERTEX_POINT('',#15472);
#15472 = CARTESIAN_POINT('',(22.85,70.612137954159,4.));
#15473 = SURFACE_CURVE('',#15474,(#15478,#15485),.PCURVE_S1.);
#15474 = LINE('',#15475,#15476);
#15475 = CARTESIAN_POINT('',(19.4,70.612137954159,4.));
#15476 = VECTOR('',#15477,1.);
#15477 = DIRECTION('',(1.,0.,0.));
#15478 = PCURVE('',#10393,#15479);
#15479 = DEFINITIONAL_REPRESENTATION('',(#15480),#15484);
#15480 = LINE('',#15481,#15482);
#15481 = CARTESIAN_POINT('',(0.,0.));
#15482 = VECTOR('',#15483,1.);
#15483 = DIRECTION('',(0.,-1.));
#15484 = ( GEOMETRIC_REPRESENTATION_CONTEXT(2) 
PARAMETRIC_REPRESENTATION_CONTEXT() REPRESENTATION_CONTEXT('2D SPACE',''
  ) );
#15485 = PCURVE('',#10343,#15486);
#15486 = DEFINITIONAL_REPRESENTATION('',(#15487),#15491);
#15487 = LINE('',#15488,#15489);
#15488 = CARTESIAN_POINT('',(4.387862045841,0.));
#15489 = VECTOR('',#15490,1.);
#15490 = DIRECTION('',(0.,-1.));
#15491 = ( GEOMETRIC_REPRESENTATION_CONTEXT(2) 
PARAMETRIC_REPRESENTATION_CONTEXT() REPRESENTATION_CONTEXT('2D SPACE',''
  ) );
#15492 = ORIENTED_EDGE('',*,*,#15493,.T.);
#15493 = EDGE_CURVE('',#15471,#15494,#15496,.T.);
#15494 = VERTEX_POINT('',#15495);
#15495 = CARTESIAN_POINT('',(22.85,72.806068977079,0.2));
#15496 = SURFACE_CURVE('',#15497,(#15501,#15508),.PCURVE_S1.);
#15497 = LINE('',#15498,#15499);
#15498 = CARTESIAN_POINT('',(22.85,70.612137954159,4.));
#15499 = VECTOR('',#15500,1.);
#15500 = DIRECTION('',(0.,0.5,-0.866025403784));
#15501 = PCURVE('',#10393,#15502);
#15502 = DEFINITIONAL_REPRESENTATION('',(#15503),#15507);
#15503 = LINE('',#15504,#15505);
#15504 = CARTESIAN_POINT('',(0.,-3.45));
#15505 = VECTOR('',#15506,1.);
#15506 = DIRECTION('',(1.,0.));
#15507 = ( GEOMETRIC_REPRESENTATION_CONTEXT(2) 
PARAMETRIC_REPRESENTATION_CONTEXT() REPRESENTATION_CONTEXT('2D SPACE',''
  ) );
#15508 = PCURVE('',#14707,#15509);
#15509 = DEFINITIONAL_REPRESENTATION('',(#15510),#15514);
#15510 = LINE('',#15511,#15512);
#15511 = CARTESIAN_POINT('',(0.,4.387862045841));
#15512 = VECTOR('',#15513,1.);
#15513 = DIRECTION('',(-0.866025403784,-0.5));
#15514 = ( GEOMETRIC_REPRESENTATION_CONTEXT(2) 
PARAMETRIC_REPRESENTATION_CONTEXT() REPRESENTATION_CONTEXT('2D SPACE',''
  ) );
#15515 = ORIENTED_EDGE('',*,*,#15516,.F.);
#15516 = EDGE_CURVE('',#15403,#15494,#15517,.T.);
#15517 = SURFACE_CURVE('',#15518,(#15522,#15529),.PCURVE_S1.);
#15518 = LINE('',#15519,#15520);
#15519 = CARTESIAN_POINT('',(19.4,72.806068977079,0.2));
#15520 = VECTOR('',#15521,1.);
#15521 = DIRECTION('',(1.,0.,0.));
#15522 = PCURVE('',#10393,#15523);
#15523 = DEFINITIONAL_REPRESENTATION('',(#15524),#15528);
#15524 = LINE('',#15525,#15526);
#15525 = CARTESIAN_POINT('',(4.387862045841,0.));
#15526 = VECTOR('',#15527,1.);
#15527 = DIRECTION('',(0.,-1.));
#15528 = ( GEOMETRIC_REPRESENTATION_CONTEXT(2) 
PARAMETRIC_REPRESENTATION_CONTEXT() REPRESENTATION_CONTEXT('2D SPACE',''
  ) );
#15529 = PCURVE('',#10271,#15530);
#15530 = DEFINITIONAL_REPRESENTATION('',(#15531),#15535);
#15531 = LINE('',#15532,#15533);
#15532 = CARTESIAN_POINT('',(0.175,1.781068977079));
#15533 = VECTOR('',#15534,1.);
#15534 = DIRECTION('',(1.,0.));
#15535 = ( GEOMETRIC_REPRESENTATION_CONTEXT(2) 
PARAMETRIC_REPRESENTATION_CONTEXT() REPRESENTATION_CONTEXT('2D SPACE',''
  ) );
#15536 = ORIENTED_EDGE('',*,*,#15425,.F.);
#15537 = ORIENTED_EDGE('',*,*,#10380,.T.);
#15538 = ADVANCED_FACE('',(#15539),#10369,.T.);
#15539 = FACE_BOUND('',#15540,.T.);
#15540 = EDGE_LOOP('',(#15541,#15542,#15563));
#15541 = ORIENTED_EDGE('',*,*,#10354,.T.);
#15542 = ORIENTED_EDGE('',*,*,#15543,.T.);
#15543 = EDGE_CURVE('',#10329,#15448,#15544,.T.);
#15544 = SURFACE_CURVE('',#15545,(#15549,#15556),.PCURVE_S1.);
#15545 = LINE('',#15546,#15547);
#15546 = CARTESIAN_POINT('',(19.4,72.806068977079,7.8));
#15547 = VECTOR('',#15548,1.);
#15548 = DIRECTION('',(0.,-0.5,-0.866025403784));
#15549 = PCURVE('',#10369,#15550);
#15550 = DEFINITIONAL_REPRESENTATION('',(#15551),#15555);
#15551 = LINE('',#15552,#15553);
#15552 = CARTESIAN_POINT('',(3.8,2.193931022921));
#15553 = VECTOR('',#15554,1.);
#15554 = DIRECTION('',(-0.866025403784,0.5));
#15555 = ( GEOMETRIC_REPRESENTATION_CONTEXT(2) 
PARAMETRIC_REPRESENTATION_CONTEXT() REPRESENTATION_CONTEXT('2D SPACE',''
  ) );
#15556 = PCURVE('',#10343,#15557);
#15557 = DEFINITIONAL_REPRESENTATION('',(#15558),#15562);
#15558 = LINE('',#15559,#15560);
#15559 = CARTESIAN_POINT('',(0.,0.));
#15560 = VECTOR('',#15561,1.);
#15561 = DIRECTION('',(1.,0.));
#15562 = ( GEOMETRIC_REPRESENTATION_CONTEXT(2) 
PARAMETRIC_REPRESENTATION_CONTEXT() REPRESENTATION_CONTEXT('2D SPACE',''
  ) );
#15563 = ORIENTED_EDGE('',*,*,#15447,.T.);
#15564 = ADVANCED_FACE('',(#15565),#10343,.T.);
#15565 = FACE_BOUND('',#15566,.T.);
#15566 = EDGE_LOOP('',(#15567,#15568,#15591,#15612,#15613,#15614));
#15567 = ORIENTED_EDGE('',*,*,#10408,.F.);
#15568 = ORIENTED_EDGE('',*,*,#15569,.T.);
#15569 = EDGE_CURVE('',#10409,#15570,#15572,.T.);
#15570 = VERTEX_POINT('',#15571);
#15571 = CARTESIAN_POINT('',(22.85,72.806068977079,7.8));
#15572 = SURFACE_CURVE('',#15573,(#15577,#15584),.PCURVE_S1.);
#15573 = LINE('',#15574,#15575);
#15574 = CARTESIAN_POINT('',(19.4,72.806068977079,7.8));
#15575 = VECTOR('',#15576,1.);
#15576 = DIRECTION('',(1.,0.,0.));
#15577 = PCURVE('',#10343,#15578);
#15578 = DEFINITIONAL_REPRESENTATION('',(#15579),#15583);
#15579 = LINE('',#15580,#15581);
#15580 = CARTESIAN_POINT('',(0.,0.));
#15581 = VECTOR('',#15582,1.);
#15582 = DIRECTION('',(0.,-1.));
#15583 = ( GEOMETRIC_REPRESENTATION_CONTEXT(2) 
PARAMETRIC_REPRESENTATION_CONTEXT() REPRESENTATION_CONTEXT('2D SPACE',''
  ) );
#15584 = PCURVE('',#10444,#15585);
#15585 = DEFINITIONAL_REPRESENTATION('',(#15586),#15590);
#15586 = LINE('',#15587,#15588);
#15587 = CARTESIAN_POINT('',(4.387862045841,0.));
#15588 = VECTOR('',#15589,1.);
#15589 = DIRECTION('',(0.,-1.));
#15590 = ( GEOMETRIC_REPRESENTATION_CONTEXT(2) 
PARAMETRIC_REPRESENTATION_CONTEXT() REPRESENTATION_CONTEXT('2D SPACE',''
  ) );
#15591 = ORIENTED_EDGE('',*,*,#15592,.T.);
#15592 = EDGE_CURVE('',#15570,#15471,#15593,.T.);
#15593 = SURFACE_CURVE('',#15594,(#15598,#15605),.PCURVE_S1.);
#15594 = LINE('',#15595,#15596);
#15595 = CARTESIAN_POINT('',(22.85,72.806068977079,7.8));
#15596 = VECTOR('',#15597,1.);
#15597 = DIRECTION('',(0.,-0.5,-0.866025403784));
#15598 = PCURVE('',#10343,#15599);
#15599 = DEFINITIONAL_REPRESENTATION('',(#15600),#15604);
#15600 = LINE('',#15601,#15602);
#15601 = CARTESIAN_POINT('',(0.,-3.45));
#15602 = VECTOR('',#15603,1.);
#15603 = DIRECTION('',(1.,0.));
#15604 = ( GEOMETRIC_REPRESENTATION_CONTEXT(2) 
PARAMETRIC_REPRESENTATION_CONTEXT() REPRESENTATION_CONTEXT('2D SPACE',''
  ) );
#15605 = PCURVE('',#14707,#15606);
#15606 = DEFINITIONAL_REPRESENTATION('',(#15607),#15611);
#15607 = LINE('',#15608,#15609);
#15608 = CARTESIAN_POINT('',(3.8,2.193931022921));
#15609 = VECTOR('',#15610,1.);
#15610 = DIRECTION('',(-0.866025403784,0.5));
#15611 = ( GEOMETRIC_REPRESENTATION_CONTEXT(2) 
PARAMETRIC_REPRESENTATION_CONTEXT() REPRESENTATION_CONTEXT('2D SPACE',''
  ) );
#15612 = ORIENTED_EDGE('',*,*,#15470,.F.);
#15613 = ORIENTED_EDGE('',*,*,#15543,.F.);
#15614 = ORIENTED_EDGE('',*,*,#10328,.T.);
#15615 = ADVANCED_FACE('',(#15616),#10271,.T.);
#15616 = FACE_BOUND('',#15617,.T.);
#15617 = EDGE_LOOP('',(#15618,#15619,#15620,#15621,#15622,#15623,#15646,
    #15669));
#15618 = ORIENTED_EDGE('',*,*,#10588,.F.);
#15619 = ORIENTED_EDGE('',*,*,#10507,.F.);
#15620 = ORIENTED_EDGE('',*,*,#10255,.T.);
#15621 = ORIENTED_EDGE('',*,*,#15402,.T.);
#15622 = ORIENTED_EDGE('',*,*,#15516,.T.);
#15623 = ORIENTED_EDGE('',*,*,#15624,.T.);
#15624 = EDGE_CURVE('',#15494,#15625,#15627,.T.);
#15625 = VERTEX_POINT('',#15626);
#15626 = CARTESIAN_POINT('',(22.85,77.193931022921,0.2));
#15627 = SURFACE_CURVE('',#15628,(#15632,#15639),.PCURVE_S1.);
#15628 = LINE('',#15629,#15630);
#15629 = CARTESIAN_POINT('',(22.85,72.806068977079,0.2));
#15630 = VECTOR('',#15631,1.);
#15631 = DIRECTION('',(0.,1.,-5.060428122062E-16));
#15632 = PCURVE('',#10271,#15633);
#15633 = DEFINITIONAL_REPRESENTATION('',(#15634),#15638);
#15634 = LINE('',#15635,#15636);
#15635 = CARTESIAN_POINT('',(3.625,1.781068977079));
#15636 = VECTOR('',#15637,1.);
#15637 = DIRECTION('',(0.,1.));
#15638 = ( GEOMETRIC_REPRESENTATION_CONTEXT(2) 
PARAMETRIC_REPRESENTATION_CONTEXT() REPRESENTATION_CONTEXT('2D SPACE',''
  ) );
#15639 = PCURVE('',#14707,#15640);
#15640 = DEFINITIONAL_REPRESENTATION('',(#15641),#15645);
#15641 = LINE('',#15642,#15643);
#15642 = CARTESIAN_POINT('',(-3.8,2.193931022921));
#15643 = VECTOR('',#15644,1.);
#15644 = DIRECTION('',(-5.060428122062E-16,-1.));
#15645 = ( GEOMETRIC_REPRESENTATION_CONTEXT(2) 
PARAMETRIC_REPRESENTATION_CONTEXT() REPRESENTATION_CONTEXT('2D SPACE',''
  ) );
#15646 = ORIENTED_EDGE('',*,*,#15647,.F.);
#15647 = EDGE_CURVE('',#15648,#15625,#15650,.T.);
#15648 = VERTEX_POINT('',#15649);
#15649 = CARTESIAN_POINT('',(22.775,77.193931022921,0.2));
#15650 = SURFACE_CURVE('',#15651,(#15655,#15662),.PCURVE_S1.);
#15651 = LINE('',#15652,#15653);
#15652 = CARTESIAN_POINT('',(19.4,77.193931022921,0.2));
#15653 = VECTOR('',#15654,1.);
#15654 = DIRECTION('',(1.,0.,0.));
#15655 = PCURVE('',#10271,#15656);
#15656 = DEFINITIONAL_REPRESENTATION('',(#15657),#15661);
#15657 = LINE('',#15658,#15659);
#15658 = CARTESIAN_POINT('',(0.175,6.168931022921));
#15659 = VECTOR('',#15660,1.);
#15660 = DIRECTION('',(1.,0.));
#15661 = ( GEOMETRIC_REPRESENTATION_CONTEXT(2) 
PARAMETRIC_REPRESENTATION_CONTEXT() REPRESENTATION_CONTEXT('2D SPACE',''
  ) );
#15662 = PCURVE('',#10672,#15663);
#15663 = DEFINITIONAL_REPRESENTATION('',(#15664),#15668);
#15664 = LINE('',#15665,#15666);
#15665 = CARTESIAN_POINT('',(0.,0.));
#15666 = VECTOR('',#15667,1.);
#15667 = DIRECTION('',(0.,-1.));
#15668 = ( GEOMETRIC_REPRESENTATION_CONTEXT(2) 
PARAMETRIC_REPRESENTATION_CONTEXT() REPRESENTATION_CONTEXT('2D SPACE',''
  ) );
#15669 = ORIENTED_EDGE('',*,*,#15670,.T.);
#15670 = EDGE_CURVE('',#15648,#10559,#15671,.T.);
#15671 = SURFACE_CURVE('',#15672,(#15676,#15683),.PCURVE_S1.);
#15672 = LINE('',#15673,#15674);
#15673 = CARTESIAN_POINT('',(22.775,71.025,0.2));
#15674 = VECTOR('',#15675,1.);
#15675 = DIRECTION('',(0.,1.,0.));
#15676 = PCURVE('',#10271,#15677);
#15677 = DEFINITIONAL_REPRESENTATION('',(#15678),#15682);
#15678 = LINE('',#15679,#15680);
#15679 = CARTESIAN_POINT('',(3.55,0.));
#15680 = VECTOR('',#15681,1.);
#15681 = DIRECTION('',(0.,1.));
#15682 = ( GEOMETRIC_REPRESENTATION_CONTEXT(2) 
PARAMETRIC_REPRESENTATION_CONTEXT() REPRESENTATION_CONTEXT('2D SPACE',''
  ) );
#15683 = PCURVE('',#10576,#15684);
#15684 = DEFINITIONAL_REPRESENTATION('',(#15685),#15689);
#15685 = LINE('',#15686,#15687);
#15686 = CARTESIAN_POINT('',(0.,0.));
#15687 = VECTOR('',#15688,1.);
#15688 = DIRECTION('',(0.,-1.));
#15689 = ( GEOMETRIC_REPRESENTATION_CONTEXT(2) 
PARAMETRIC_REPRESENTATION_CONTEXT() REPRESENTATION_CONTEXT('2D SPACE',''
  ) );
#15690 = ADVANCED_FACE('',(#15691),#10470,.T.);
#15691 = FACE_BOUND('',#15692,.T.);
#15692 = EDGE_LOOP('',(#15693,#15716,#15739,#15762,#15783,#15784));
#15693 = ORIENTED_EDGE('',*,*,#15694,.F.);
#15694 = EDGE_CURVE('',#15695,#10613,#15697,.T.);
#15695 = VERTEX_POINT('',#15696);
#15696 = CARTESIAN_POINT('',(19.4,79.387862045841,4.));
#15697 = SURFACE_CURVE('',#15698,(#15702,#15709),.PCURVE_S1.);
#15698 = LINE('',#15699,#15700);
#15699 = CARTESIAN_POINT('',(19.4,79.387862045841,4.));
#15700 = VECTOR('',#15701,1.);
#15701 = DIRECTION('',(0.,-0.5,0.866025403784));
#15702 = PCURVE('',#10470,#15703);
#15703 = DEFINITIONAL_REPRESENTATION('',(#15704),#15708);
#15704 = LINE('',#15705,#15706);
#15705 = CARTESIAN_POINT('',(0.,0.));
#15706 = VECTOR('',#15707,1.);
#15707 = DIRECTION('',(1.,0.));
#15708 = ( GEOMETRIC_REPRESENTATION_CONTEXT(2) 
PARAMETRIC_REPRESENTATION_CONTEXT() REPRESENTATION_CONTEXT('2D SPACE',''
  ) );
#15709 = PCURVE('',#10648,#15710);
#15710 = DEFINITIONAL_REPRESENTATION('',(#15711),#15715);
#15711 = LINE('',#15712,#15713);
#15712 = CARTESIAN_POINT('',(-8.881784197001E-16,-4.387862045841));
#15713 = VECTOR('',#15714,1.);
#15714 = DIRECTION('',(0.866025403784,0.5));
#15715 = ( GEOMETRIC_REPRESENTATION_CONTEXT(2) 
PARAMETRIC_REPRESENTATION_CONTEXT() REPRESENTATION_CONTEXT('2D SPACE',''
  ) );
#15716 = ORIENTED_EDGE('',*,*,#15717,.T.);
#15717 = EDGE_CURVE('',#15695,#15718,#15720,.T.);
#15718 = VERTEX_POINT('',#15719);
#15719 = CARTESIAN_POINT('',(22.85,79.387862045841,4.));
#15720 = SURFACE_CURVE('',#15721,(#15725,#15732),.PCURVE_S1.);
#15721 = LINE('',#15722,#15723);
#15722 = CARTESIAN_POINT('',(19.4,79.387862045841,4.));
#15723 = VECTOR('',#15724,1.);
#15724 = DIRECTION('',(1.,0.,0.));
#15725 = PCURVE('',#10470,#15726);
#15726 = DEFINITIONAL_REPRESENTATION('',(#15727),#15731);
#15727 = LINE('',#15728,#15729);
#15728 = CARTESIAN_POINT('',(0.,0.));
#15729 = VECTOR('',#15730,1.);
#15730 = DIRECTION('',(0.,-1.));
#15731 = ( GEOMETRIC_REPRESENTATION_CONTEXT(2) 
PARAMETRIC_REPRESENTATION_CONTEXT() REPRESENTATION_CONTEXT('2D SPACE',''
  ) );
#15732 = PCURVE('',#10672,#15733);
#15733 = DEFINITIONAL_REPRESENTATION('',(#15734),#15738);
#15734 = LINE('',#15735,#15736);
#15735 = CARTESIAN_POINT('',(4.387862045841,0.));
#15736 = VECTOR('',#15737,1.);
#15737 = DIRECTION('',(0.,-1.));
#15738 = ( GEOMETRIC_REPRESENTATION_CONTEXT(2) 
PARAMETRIC_REPRESENTATION_CONTEXT() REPRESENTATION_CONTEXT('2D SPACE',''
  ) );
#15739 = ORIENTED_EDGE('',*,*,#15740,.T.);
#15740 = EDGE_CURVE('',#15718,#15741,#15743,.T.);
#15741 = VERTEX_POINT('',#15742);
#15742 = CARTESIAN_POINT('',(22.85,77.193931022921,7.8));
#15743 = SURFACE_CURVE('',#15744,(#15748,#15755),.PCURVE_S1.);
#15744 = LINE('',#15745,#15746);
#15745 = CARTESIAN_POINT('',(22.85,79.387862045841,4.));
#15746 = VECTOR('',#15747,1.);
#15747 = DIRECTION('',(0.,-0.5,0.866025403784));
#15748 = PCURVE('',#10470,#15749);
#15749 = DEFINITIONAL_REPRESENTATION('',(#15750),#15754);
#15750 = LINE('',#15751,#15752);
#15751 = CARTESIAN_POINT('',(0.,-3.45));
#15752 = VECTOR('',#15753,1.);
#15753 = DIRECTION('',(1.,0.));
#15754 = ( GEOMETRIC_REPRESENTATION_CONTEXT(2) 
PARAMETRIC_REPRESENTATION_CONTEXT() REPRESENTATION_CONTEXT('2D SPACE',''
  ) );
#15755 = PCURVE('',#14707,#15756);
#15756 = DEFINITIONAL_REPRESENTATION('',(#15757),#15761);
#15757 = LINE('',#15758,#15759);
#15758 = CARTESIAN_POINT('',(-8.881784197001E-16,-4.387862045841));
#15759 = VECTOR('',#15760,1.);
#15760 = DIRECTION('',(0.866025403784,0.5));
#15761 = ( GEOMETRIC_REPRESENTATION_CONTEXT(2) 
PARAMETRIC_REPRESENTATION_CONTEXT() REPRESENTATION_CONTEXT('2D SPACE',''
  ) );
#15762 = ORIENTED_EDGE('',*,*,#15763,.F.);
#15763 = EDGE_CURVE('',#10430,#15741,#15764,.T.);
#15764 = SURFACE_CURVE('',#15765,(#15769,#15776),.PCURVE_S1.);
#15765 = LINE('',#15766,#15767);
#15766 = CARTESIAN_POINT('',(19.4,77.193931022921,7.8));
#15767 = VECTOR('',#15768,1.);
#15768 = DIRECTION('',(1.,0.,0.));
#15769 = PCURVE('',#10470,#15770);
#15770 = DEFINITIONAL_REPRESENTATION('',(#15771),#15775);
#15771 = LINE('',#15772,#15773);
#15772 = CARTESIAN_POINT('',(4.387862045841,0.));
#15773 = VECTOR('',#15774,1.);
#15774 = DIRECTION('',(0.,-1.));
#15775 = ( GEOMETRIC_REPRESENTATION_CONTEXT(2) 
PARAMETRIC_REPRESENTATION_CONTEXT() REPRESENTATION_CONTEXT('2D SPACE',''
  ) );
#15776 = PCURVE('',#10444,#15777);
#15777 = DEFINITIONAL_REPRESENTATION('',(#15778),#15782);
#15778 = LINE('',#15779,#15780);
#15779 = CARTESIAN_POINT('',(0.,0.));
#15780 = VECTOR('',#15781,1.);
#15781 = DIRECTION('',(0.,-1.));
#15782 = ( GEOMETRIC_REPRESENTATION_CONTEXT(2) 
PARAMETRIC_REPRESENTATION_CONTEXT() REPRESENTATION_CONTEXT('2D SPACE',''
  ) );
#15783 = ORIENTED_EDGE('',*,*,#10455,.F.);
#15784 = ORIENTED_EDGE('',*,*,#10612,.F.);
#15785 = ADVANCED_FACE('',(#15786),#10444,.T.);
#15786 = FACE_BOUND('',#15787,.T.);
#15787 = EDGE_LOOP('',(#15788,#15789,#15790,#15811));
#15788 = ORIENTED_EDGE('',*,*,#10429,.F.);
#15789 = ORIENTED_EDGE('',*,*,#15763,.T.);
#15790 = ORIENTED_EDGE('',*,*,#15791,.T.);
#15791 = EDGE_CURVE('',#15741,#15570,#15792,.T.);
#15792 = SURFACE_CURVE('',#15793,(#15797,#15804),.PCURVE_S1.);
#15793 = LINE('',#15794,#15795);
#15794 = CARTESIAN_POINT('',(22.85,77.193931022921,7.8));
#15795 = VECTOR('',#15796,1.);
#15796 = DIRECTION('',(0.,-1.,1.012085624412E-16));
#15797 = PCURVE('',#10444,#15798);
#15798 = DEFINITIONAL_REPRESENTATION('',(#15799),#15803);
#15799 = LINE('',#15800,#15801);
#15800 = CARTESIAN_POINT('',(0.,-3.45));
#15801 = VECTOR('',#15802,1.);
#15802 = DIRECTION('',(1.,0.));
#15803 = ( GEOMETRIC_REPRESENTATION_CONTEXT(2) 
PARAMETRIC_REPRESENTATION_CONTEXT() REPRESENTATION_CONTEXT('2D SPACE',''
  ) );
#15804 = PCURVE('',#14707,#15805);
#15805 = DEFINITIONAL_REPRESENTATION('',(#15806),#15810);
#15806 = LINE('',#15807,#15808);
#15807 = CARTESIAN_POINT('',(3.8,-2.193931022921));
#15808 = VECTOR('',#15809,1.);
#15809 = DIRECTION('',(1.012085624412E-16,1.));
#15810 = ( GEOMETRIC_REPRESENTATION_CONTEXT(2) 
PARAMETRIC_REPRESENTATION_CONTEXT() REPRESENTATION_CONTEXT('2D SPACE',''
  ) );
#15811 = ORIENTED_EDGE('',*,*,#15569,.F.);
#15812 = ADVANCED_FACE('',(#15813),#10576,.F.);
#15813 = FACE_BOUND('',#15814,.F.);
#15814 = EDGE_LOOP('',(#15815,#15834,#15835));
#15815 = ORIENTED_EDGE('',*,*,#15816,.F.);
#15816 = EDGE_CURVE('',#15648,#10561,#15817,.T.);
#15817 = SURFACE_CURVE('',#15818,(#15822,#15828),.PCURVE_S1.);
#15818 = LINE('',#15819,#15820);
#15819 = CARTESIAN_POINT('',(22.775,76.422814645056,-1.135612745011));
#15820 = VECTOR('',#15821,1.);
#15821 = DIRECTION('',(-0.,0.5,0.866025403784));
#15822 = PCURVE('',#10576,#15823);
#15823 = DEFINITIONAL_REPRESENTATION('',(#15824),#15827);
#15824 = B_SPLINE_CURVE_WITH_KNOTS('',1,(#15825,#15826),.UNSPECIFIED.,
  .F.,.F.,(2,2),(1.54223275573,5.104370709889),
  .PIECEWISE_BEZIER_KNOTS.);
#15825 = CARTESIAN_POINT('',(4.440892098501E-16,-6.168931022921));
#15826 = CARTESIAN_POINT('',(3.084901960086,-7.95));
#15827 = ( GEOMETRIC_REPRESENTATION_CONTEXT(2) 
PARAMETRIC_REPRESENTATION_CONTEXT() REPRESENTATION_CONTEXT('2D SPACE',''
  ) );
#15828 = PCURVE('',#10672,#15829);
#15829 = DEFINITIONAL_REPRESENTATION('',(#15830),#15833);
#15830 = B_SPLINE_CURVE_WITH_KNOTS('',1,(#15831,#15832),.UNSPECIFIED.,
  .F.,.F.,(2,2),(1.54223275573,5.104370709889),
  .PIECEWISE_BEZIER_KNOTS.);
#15831 = CARTESIAN_POINT('',(1.15463194561E-14,-3.375));
#15832 = CARTESIAN_POINT('',(3.562137954159,-3.375));
#15833 = ( GEOMETRIC_REPRESENTATION_CONTEXT(2) 
PARAMETRIC_REPRESENTATION_CONTEXT() REPRESENTATION_CONTEXT('2D SPACE',''
  ) );
#15834 = ORIENTED_EDGE('',*,*,#15670,.T.);
#15835 = ORIENTED_EDGE('',*,*,#10558,.T.);
#15836 = ADVANCED_FACE('',(#15837),#10672,.T.);
#15837 = FACE_BOUND('',#15838,.T.);
#15838 = EDGE_LOOP('',(#15839,#15840,#15841,#15862,#15863,#15884));
#15839 = ORIENTED_EDGE('',*,*,#15816,.F.);
#15840 = ORIENTED_EDGE('',*,*,#15647,.T.);
#15841 = ORIENTED_EDGE('',*,*,#15842,.T.);
#15842 = EDGE_CURVE('',#15625,#15718,#15843,.T.);
#15843 = SURFACE_CURVE('',#15844,(#15848,#15855),.PCURVE_S1.);
#15844 = LINE('',#15845,#15846);
#15845 = CARTESIAN_POINT('',(22.85,77.193931022921,0.2));
#15846 = VECTOR('',#15847,1.);
#15847 = DIRECTION('',(0.,0.5,0.866025403784));
#15848 = PCURVE('',#10672,#15849);
#15849 = DEFINITIONAL_REPRESENTATION('',(#15850),#15854);
#15850 = LINE('',#15851,#15852);
#15851 = CARTESIAN_POINT('',(0.,-3.45));
#15852 = VECTOR('',#15853,1.);
#15853 = DIRECTION('',(1.,0.));
#15854 = ( GEOMETRIC_REPRESENTATION_CONTEXT(2) 
PARAMETRIC_REPRESENTATION_CONTEXT() REPRESENTATION_CONTEXT('2D SPACE',''
  ) );
#15855 = PCURVE('',#14707,#15856);
#15856 = DEFINITIONAL_REPRESENTATION('',(#15857),#15861);
#15857 = LINE('',#15858,#15859);
#15858 = CARTESIAN_POINT('',(-3.8,-2.193931022921));
#15859 = VECTOR('',#15860,1.);
#15860 = DIRECTION('',(0.866025403784,-0.5));
#15861 = ( GEOMETRIC_REPRESENTATION_CONTEXT(2) 
PARAMETRIC_REPRESENTATION_CONTEXT() REPRESENTATION_CONTEXT('2D SPACE',''
  ) );
#15862 = ORIENTED_EDGE('',*,*,#15717,.F.);
#15863 = ORIENTED_EDGE('',*,*,#15864,.F.);
#15864 = EDGE_CURVE('',#10634,#15695,#15865,.T.);
#15865 = SURFACE_CURVE('',#15866,(#15870,#15877),.PCURVE_S1.);
#15866 = LINE('',#15867,#15868);
#15867 = CARTESIAN_POINT('',(19.4,77.193931022921,0.2));
#15868 = VECTOR('',#15869,1.);
#15869 = DIRECTION('',(0.,0.5,0.866025403784));
#15870 = PCURVE('',#10672,#15871);
#15871 = DEFINITIONAL_REPRESENTATION('',(#15872),#15876);
#15872 = LINE('',#15873,#15874);
#15873 = CARTESIAN_POINT('',(0.,0.));
#15874 = VECTOR('',#15875,1.);
#15875 = DIRECTION('',(1.,0.));
#15876 = ( GEOMETRIC_REPRESENTATION_CONTEXT(2) 
PARAMETRIC_REPRESENTATION_CONTEXT() REPRESENTATION_CONTEXT('2D SPACE',''
  ) );
#15877 = PCURVE('',#10648,#15878);
#15878 = DEFINITIONAL_REPRESENTATION('',(#15879),#15883);
#15879 = LINE('',#15880,#15881);
#15880 = CARTESIAN_POINT('',(-3.8,-2.193931022921));
#15881 = VECTOR('',#15882,1.);
#15882 = DIRECTION('',(0.866025403784,-0.5));
#15883 = ( GEOMETRIC_REPRESENTATION_CONTEXT(2) 
PARAMETRIC_REPRESENTATION_CONTEXT() REPRESENTATION_CONTEXT('2D SPACE',''
  ) );
#15884 = ORIENTED_EDGE('',*,*,#10659,.F.);
#15885 = ADVANCED_FACE('',(#15886),#10648,.T.);
#15886 = FACE_BOUND('',#15887,.T.);
#15887 = EDGE_LOOP('',(#15888,#15889,#15890));
#15888 = ORIENTED_EDGE('',*,*,#15864,.T.);
#15889 = ORIENTED_EDGE('',*,*,#15694,.T.);
#15890 = ORIENTED_EDGE('',*,*,#10633,.F.);
#15891 = ADVANCED_FACE('',(#15892),#10726,.T.);
#15892 = FACE_BOUND('',#15893,.F.);
#15893 = EDGE_LOOP('',(#15894,#15895,#15896,#15897,#15898,#15899,#15900,
    #15901,#15902,#15903));
#15894 = ORIENTED_EDGE('',*,*,#10710,.T.);
#15895 = ORIENTED_EDGE('',*,*,#11156,.T.);
#15896 = ORIENTED_EDGE('',*,*,#11129,.T.);
#15897 = ORIENTED_EDGE('',*,*,#11080,.T.);
#15898 = ORIENTED_EDGE('',*,*,#11031,.T.);
#15899 = ORIENTED_EDGE('',*,*,#10982,.T.);
#15900 = ORIENTED_EDGE('',*,*,#10933,.T.);
#15901 = ORIENTED_EDGE('',*,*,#10884,.T.);
#15902 = ORIENTED_EDGE('',*,*,#10835,.T.);
#15903 = ORIENTED_EDGE('',*,*,#10786,.T.);
#15904 = ADVANCED_FACE('',(#15905),#11221,.T.);
#15905 = FACE_BOUND('',#15906,.F.);
#15906 = EDGE_LOOP('',(#15907,#15908,#15909,#15910,#15911,#15912,#15913,
    #15914,#15915,#15916));
#15907 = ORIENTED_EDGE('',*,*,#11205,.T.);
#15908 = ORIENTED_EDGE('',*,*,#11651,.T.);
#15909 = ORIENTED_EDGE('',*,*,#11624,.T.);
#15910 = ORIENTED_EDGE('',*,*,#11575,.T.);
#15911 = ORIENTED_EDGE('',*,*,#11526,.T.);
#15912 = ORIENTED_EDGE('',*,*,#11477,.T.);
#15913 = ORIENTED_EDGE('',*,*,#11428,.T.);
#15914 = ORIENTED_EDGE('',*,*,#11379,.T.);
#15915 = ORIENTED_EDGE('',*,*,#11330,.T.);
#15916 = ORIENTED_EDGE('',*,*,#11281,.T.);
#15917 = ADVANCED_FACE('',(#15918,#15936),#11716,.T.);
#15918 = FACE_BOUND('',#15919,.F.);
#15919 = EDGE_LOOP('',(#15920,#15921,#15922,#15923,#15924,#15925,#15926,
    #15927,#15928,#15929,#15930,#15931,#15932,#15933,#15934,#15935));
#15920 = ORIENTED_EDGE('',*,*,#11700,.T.);
#15921 = ORIENTED_EDGE('',*,*,#12440,.T.);
#15922 = ORIENTED_EDGE('',*,*,#12413,.T.);
#15923 = ORIENTED_EDGE('',*,*,#12364,.T.);
#15924 = ORIENTED_EDGE('',*,*,#12315,.T.);
#15925 = ORIENTED_EDGE('',*,*,#12266,.T.);
#15926 = ORIENTED_EDGE('',*,*,#12217,.T.);
#15927 = ORIENTED_EDGE('',*,*,#12168,.T.);
#15928 = ORIENTED_EDGE('',*,*,#12119,.T.);
#15929 = ORIENTED_EDGE('',*,*,#12070,.T.);
#15930 = ORIENTED_EDGE('',*,*,#12021,.T.);
#15931 = ORIENTED_EDGE('',*,*,#11972,.T.);
#15932 = ORIENTED_EDGE('',*,*,#11923,.T.);
#15933 = ORIENTED_EDGE('',*,*,#11874,.T.);
#15934 = ORIENTED_EDGE('',*,*,#11825,.T.);
#15935 = ORIENTED_EDGE('',*,*,#11776,.T.);
#15936 = FACE_BOUND('',#15937,.F.);
#15937 = EDGE_LOOP('',(#15938,#15970,#16000,#16030,#16060,#16090,#16120,
    #16150));
#15938 = ORIENTED_EDGE('',*,*,#15939,.T.);
#15939 = EDGE_CURVE('',#15940,#15942,#15944,.T.);
#15940 = VERTEX_POINT('',#15941);
#15941 = CARTESIAN_POINT('',(15.228125,74.71484375,16.6));
#15942 = VERTEX_POINT('',#15943);
#15943 = CARTESIAN_POINT('',(15.3265625,74.384375,16.6));
#15944 = SURFACE_CURVE('',#15945,(#15949,#15956),.PCURVE_S1.);
#15945 = B_SPLINE_CURVE_WITH_KNOTS('',2,(#15946,#15947,#15948),
  .UNSPECIFIED.,.F.,.F.,(3,3),(0.,1.),.PIECEWISE_BEZIER_KNOTS.);
#15946 = CARTESIAN_POINT('',(15.228125,74.71484375,16.6));
#15947 = CARTESIAN_POINT('',(15.228125,74.50078125,16.6));
#15948 = CARTESIAN_POINT('',(15.3265625,74.384375,16.6));
#15949 = PCURVE('',#11716,#15950);
#15950 = DEFINITIONAL_REPRESENTATION('',(#15951),#15955);
#15951 = B_SPLINE_CURVE_WITH_KNOTS('',2,(#15952,#15953,#15954),
  .UNSPECIFIED.,.F.,.F.,(3,3),(0.,1.),.PIECEWISE_BEZIER_KNOTS.);
#15952 = CARTESIAN_POINT('',(0.628125,0.771875));
#15953 = CARTESIAN_POINT('',(0.628125,0.5578125));
#15954 = CARTESIAN_POINT('',(0.7265625,0.44140625));
#15955 = ( GEOMETRIC_REPRESENTATION_CONTEXT(2) 
PARAMETRIC_REPRESENTATION_CONTEXT() REPRESENTATION_CONTEXT('2D SPACE',''
  ) );
#15956 = PCURVE('',#15957,#15964);
#15957 = SURFACE_OF_LINEAR_EXTRUSION('',#15958,#15962);
#15958 = B_SPLINE_CURVE_WITH_KNOTS('',2,(#15959,#15960,#15961),
  .UNSPECIFIED.,.F.,.F.,(3,3),(0.,1.),.PIECEWISE_BEZIER_KNOTS.);
#15959 = CARTESIAN_POINT('',(15.228125,74.71484375,15.95));
#15960 = CARTESIAN_POINT('',(15.228125,74.50078125,15.95));
#15961 = CARTESIAN_POINT('',(15.3265625,74.384375,15.95));
#15962 = VECTOR('',#15963,1.);
#15963 = DIRECTION('',(-0.,-0.,-1.));
#15964 = DEFINITIONAL_REPRESENTATION('',(#15965),#15969);
#15965 = LINE('',#15966,#15967);
#15966 = CARTESIAN_POINT('',(0.,-0.65));
#15967 = VECTOR('',#15968,1.);
#15968 = DIRECTION('',(1.,0.));
#15969 = ( GEOMETRIC_REPRESENTATION_CONTEXT(2) 
PARAMETRIC_REPRESENTATION_CONTEXT() REPRESENTATION_CONTEXT('2D SPACE',''
  ) );
#15970 = ORIENTED_EDGE('',*,*,#15971,.T.);
#15971 = EDGE_CURVE('',#15942,#15972,#15974,.T.);
#15972 = VERTEX_POINT('',#15973);
#15973 = CARTESIAN_POINT('',(15.5515625,74.26796875,16.6));
#15974 = SURFACE_CURVE('',#15975,(#15979,#15986),.PCURVE_S1.);
#15975 = B_SPLINE_CURVE_WITH_KNOTS('',2,(#15976,#15977,#15978),
  .UNSPECIFIED.,.F.,.F.,(3,3),(0.,1.),.PIECEWISE_BEZIER_KNOTS.);
#15976 = CARTESIAN_POINT('',(15.3265625,74.384375,16.6));
#15977 = CARTESIAN_POINT('',(15.425,74.26796875,16.6));
#15978 = CARTESIAN_POINT('',(15.5515625,74.26796875,16.6));
#15979 = PCURVE('',#11716,#15980);
#15980 = DEFINITIONAL_REPRESENTATION('',(#15981),#15985);
#15981 = B_SPLINE_CURVE_WITH_KNOTS('',2,(#15982,#15983,#15984),
  .UNSPECIFIED.,.F.,.F.,(3,3),(0.,1.),.PIECEWISE_BEZIER_KNOTS.);
#15982 = CARTESIAN_POINT('',(0.7265625,0.44140625));
#15983 = CARTESIAN_POINT('',(0.825,0.325));
#15984 = CARTESIAN_POINT('',(0.9515625,0.325));
#15985 = ( GEOMETRIC_REPRESENTATION_CONTEXT(2) 
PARAMETRIC_REPRESENTATION_CONTEXT() REPRESENTATION_CONTEXT('2D SPACE',''
  ) );
#15986 = PCURVE('',#15987,#15994);
#15987 = SURFACE_OF_LINEAR_EXTRUSION('',#15988,#15992);
#15988 = B_SPLINE_CURVE_WITH_KNOTS('',2,(#15989,#15990,#15991),
  .UNSPECIFIED.,.F.,.F.,(3,3),(0.,1.),.PIECEWISE_BEZIER_KNOTS.);
#15989 = CARTESIAN_POINT('',(15.3265625,74.384375,15.95));
#15990 = CARTESIAN_POINT('',(15.425,74.26796875,15.95));
#15991 = CARTESIAN_POINT('',(15.5515625,74.26796875,15.95));
#15992 = VECTOR('',#15993,1.);
#15993 = DIRECTION('',(-0.,-0.,-1.));
#15994 = DEFINITIONAL_REPRESENTATION('',(#15995),#15999);
#15995 = LINE('',#15996,#15997);
#15996 = CARTESIAN_POINT('',(0.,-0.65));
#15997 = VECTOR('',#15998,1.);
#15998 = DIRECTION('',(1.,0.));
#15999 = ( GEOMETRIC_REPRESENTATION_CONTEXT(2) 
PARAMETRIC_REPRESENTATION_CONTEXT() REPRESENTATION_CONTEXT('2D SPACE',''
  ) );
#16000 = ORIENTED_EDGE('',*,*,#16001,.T.);
#16001 = EDGE_CURVE('',#15972,#16002,#16004,.T.);
#16002 = VERTEX_POINT('',#16003);
#16003 = CARTESIAN_POINT('',(15.7546875,74.36328125,16.6));
#16004 = SURFACE_CURVE('',#16005,(#16009,#16016),.PCURVE_S1.);
#16005 = B_SPLINE_CURVE_WITH_KNOTS('',2,(#16006,#16007,#16008),
  .UNSPECIFIED.,.F.,.F.,(3,3),(0.,1.),.PIECEWISE_BEZIER_KNOTS.);
#16006 = CARTESIAN_POINT('',(15.5515625,74.26796875,16.6));
#16007 = CARTESIAN_POINT('',(15.6734375,74.26796875,16.6));
#16008 = CARTESIAN_POINT('',(15.7546875,74.36328125,16.6));
#16009 = PCURVE('',#11716,#16010);
#16010 = DEFINITIONAL_REPRESENTATION('',(#16011),#16015);
#16011 = B_SPLINE_CURVE_WITH_KNOTS('',2,(#16012,#16013,#16014),
  .UNSPECIFIED.,.F.,.F.,(3,3),(0.,1.),.PIECEWISE_BEZIER_KNOTS.);
#16012 = CARTESIAN_POINT('',(0.9515625,0.325));
#16013 = CARTESIAN_POINT('',(1.0734375,0.325));
#16014 = CARTESIAN_POINT('',(1.1546875,0.4203125));
#16015 = ( GEOMETRIC_REPRESENTATION_CONTEXT(2) 
PARAMETRIC_REPRESENTATION_CONTEXT() REPRESENTATION_CONTEXT('2D SPACE',''
  ) );
#16016 = PCURVE('',#16017,#16024);
#16017 = SURFACE_OF_LINEAR_EXTRUSION('',#16018,#16022);
#16018 = B_SPLINE_CURVE_WITH_KNOTS('',2,(#16019,#16020,#16021),
  .UNSPECIFIED.,.F.,.F.,(3,3),(0.,1.),.PIECEWISE_BEZIER_KNOTS.);
#16019 = CARTESIAN_POINT('',(15.5515625,74.26796875,15.95));
#16020 = CARTESIAN_POINT('',(15.6734375,74.26796875,15.95));
#16021 = CARTESIAN_POINT('',(15.7546875,74.36328125,15.95));
#16022 = VECTOR('',#16023,1.);
#16023 = DIRECTION('',(-0.,-0.,-1.));
#16024 = DEFINITIONAL_REPRESENTATION('',(#16025),#16029);
#16025 = LINE('',#16026,#16027);
#16026 = CARTESIAN_POINT('',(0.,-0.65));
#16027 = VECTOR('',#16028,1.);
#16028 = DIRECTION('',(1.,0.));
#16029 = ( GEOMETRIC_REPRESENTATION_CONTEXT(2) 
PARAMETRIC_REPRESENTATION_CONTEXT() REPRESENTATION_CONTEXT('2D SPACE',''
  ) );
#16030 = ORIENTED_EDGE('',*,*,#16031,.T.);
#16031 = EDGE_CURVE('',#16002,#16032,#16034,.T.);
#16032 = VERTEX_POINT('',#16033);
#16033 = CARTESIAN_POINT('',(15.8359375,74.67578125,16.6));
#16034 = SURFACE_CURVE('',#16035,(#16039,#16046),.PCURVE_S1.);
#16035 = B_SPLINE_CURVE_WITH_KNOTS('',2,(#16036,#16037,#16038),
  .UNSPECIFIED.,.F.,.F.,(3,3),(0.,1.),.PIECEWISE_BEZIER_KNOTS.);
#16036 = CARTESIAN_POINT('',(15.7546875,74.36328125,16.6));
#16037 = CARTESIAN_POINT('',(15.8359375,74.45859375,16.6));
#16038 = CARTESIAN_POINT('',(15.8359375,74.67578125,16.6));
#16039 = PCURVE('',#11716,#16040);
#16040 = DEFINITIONAL_REPRESENTATION('',(#16041),#16045);
#16041 = B_SPLINE_CURVE_WITH_KNOTS('',2,(#16042,#16043,#16044),
  .UNSPECIFIED.,.F.,.F.,(3,3),(0.,1.),.PIECEWISE_BEZIER_KNOTS.);
#16042 = CARTESIAN_POINT('',(1.1546875,0.4203125));
#16043 = CARTESIAN_POINT('',(1.2359375,0.515625));
#16044 = CARTESIAN_POINT('',(1.2359375,0.7328125));
#16045 = ( GEOMETRIC_REPRESENTATION_CONTEXT(2) 
PARAMETRIC_REPRESENTATION_CONTEXT() REPRESENTATION_CONTEXT('2D SPACE',''
  ) );
#16046 = PCURVE('',#16047,#16054);
#16047 = SURFACE_OF_LINEAR_EXTRUSION('',#16048,#16052);
#16048 = B_SPLINE_CURVE_WITH_KNOTS('',2,(#16049,#16050,#16051),
  .UNSPECIFIED.,.F.,.F.,(3,3),(0.,1.),.PIECEWISE_BEZIER_KNOTS.);
#16049 = CARTESIAN_POINT('',(15.7546875,74.36328125,15.95));
#16050 = CARTESIAN_POINT('',(15.8359375,74.45859375,15.95));
#16051 = CARTESIAN_POINT('',(15.8359375,74.67578125,15.95));
#16052 = VECTOR('',#16053,1.);
#16053 = DIRECTION('',(-0.,-0.,-1.));
#16054 = DEFINITIONAL_REPRESENTATION('',(#16055),#16059);
#16055 = LINE('',#16056,#16057);
#16056 = CARTESIAN_POINT('',(0.,-0.65));
#16057 = VECTOR('',#16058,1.);
#16058 = DIRECTION('',(1.,0.));
#16059 = ( GEOMETRIC_REPRESENTATION_CONTEXT(2) 
PARAMETRIC_REPRESENTATION_CONTEXT() REPRESENTATION_CONTEXT('2D SPACE',''
  ) );
#16060 = ORIENTED_EDGE('',*,*,#16061,.T.);
#16061 = EDGE_CURVE('',#16032,#16062,#16064,.T.);
#16062 = VERTEX_POINT('',#16063);
#16063 = CARTESIAN_POINT('',(15.7484375,75.003125,16.6));
#16064 = SURFACE_CURVE('',#16065,(#16069,#16076),.PCURVE_S1.);
#16065 = B_SPLINE_CURVE_WITH_KNOTS('',2,(#16066,#16067,#16068),
  .UNSPECIFIED.,.F.,.F.,(3,3),(0.,1.),.PIECEWISE_BEZIER_KNOTS.);
#16066 = CARTESIAN_POINT('',(15.8359375,74.67578125,16.6));
#16067 = CARTESIAN_POINT('',(15.8359375,74.89921875,16.6));
#16068 = CARTESIAN_POINT('',(15.7484375,75.003125,16.6));
#16069 = PCURVE('',#11716,#16070);
#16070 = DEFINITIONAL_REPRESENTATION('',(#16071),#16075);
#16071 = B_SPLINE_CURVE_WITH_KNOTS('',2,(#16072,#16073,#16074),
  .UNSPECIFIED.,.F.,.F.,(3,3),(0.,1.),.PIECEWISE_BEZIER_KNOTS.);
#16072 = CARTESIAN_POINT('',(1.2359375,0.7328125));
#16073 = CARTESIAN_POINT('',(1.2359375,0.95625));
#16074 = CARTESIAN_POINT('',(1.1484375,1.06015625));
#16075 = ( GEOMETRIC_REPRESENTATION_CONTEXT(2) 
PARAMETRIC_REPRESENTATION_CONTEXT() REPRESENTATION_CONTEXT('2D SPACE',''
  ) );
#16076 = PCURVE('',#16077,#16084);
#16077 = SURFACE_OF_LINEAR_EXTRUSION('',#16078,#16082);
#16078 = B_SPLINE_CURVE_WITH_KNOTS('',2,(#16079,#16080,#16081),
  .UNSPECIFIED.,.F.,.F.,(3,3),(0.,1.),.PIECEWISE_BEZIER_KNOTS.);
#16079 = CARTESIAN_POINT('',(15.8359375,74.67578125,15.95));
#16080 = CARTESIAN_POINT('',(15.8359375,74.89921875,15.95));
#16081 = CARTESIAN_POINT('',(15.7484375,75.003125,15.95));
#16082 = VECTOR('',#16083,1.);
#16083 = DIRECTION('',(-0.,-0.,-1.));
#16084 = DEFINITIONAL_REPRESENTATION('',(#16085),#16089);
#16085 = LINE('',#16086,#16087);
#16086 = CARTESIAN_POINT('',(0.,-0.65));
#16087 = VECTOR('',#16088,1.);
#16088 = DIRECTION('',(1.,0.));
#16089 = ( GEOMETRIC_REPRESENTATION_CONTEXT(2) 
PARAMETRIC_REPRESENTATION_CONTEXT() REPRESENTATION_CONTEXT('2D SPACE',''
  ) );
#16090 = ORIENTED_EDGE('',*,*,#16091,.T.);
#16091 = EDGE_CURVE('',#16062,#16092,#16094,.T.);
#16092 = VERTEX_POINT('',#16093);
#16093 = CARTESIAN_POINT('',(15.5296875,75.10703125,16.6));
#16094 = SURFACE_CURVE('',#16095,(#16099,#16106),.PCURVE_S1.);
#16095 = B_SPLINE_CURVE_WITH_KNOTS('',2,(#16096,#16097,#16098),
  .UNSPECIFIED.,.F.,.F.,(3,3),(0.,1.),.PIECEWISE_BEZIER_KNOTS.);
#16096 = CARTESIAN_POINT('',(15.7484375,75.003125,16.6));
#16097 = CARTESIAN_POINT('',(15.6609375,75.10703125,16.6));
#16098 = CARTESIAN_POINT('',(15.5296875,75.10703125,16.6));
#16099 = PCURVE('',#11716,#16100);
#16100 = DEFINITIONAL_REPRESENTATION('',(#16101),#16105);
#16101 = B_SPLINE_CURVE_WITH_KNOTS('',2,(#16102,#16103,#16104),
  .UNSPECIFIED.,.F.,.F.,(3,3),(0.,1.),.PIECEWISE_BEZIER_KNOTS.);
#16102 = CARTESIAN_POINT('',(1.1484375,1.06015625));
#16103 = CARTESIAN_POINT('',(1.0609375,1.1640625));
#16104 = CARTESIAN_POINT('',(0.9296875,1.1640625));
#16105 = ( GEOMETRIC_REPRESENTATION_CONTEXT(2) 
PARAMETRIC_REPRESENTATION_CONTEXT() REPRESENTATION_CONTEXT('2D SPACE',''
  ) );
#16106 = PCURVE('',#16107,#16114);
#16107 = SURFACE_OF_LINEAR_EXTRUSION('',#16108,#16112);
#16108 = B_SPLINE_CURVE_WITH_KNOTS('',2,(#16109,#16110,#16111),
  .UNSPECIFIED.,.F.,.F.,(3,3),(0.,1.),.PIECEWISE_BEZIER_KNOTS.);
#16109 = CARTESIAN_POINT('',(15.7484375,75.003125,15.95));
#16110 = CARTESIAN_POINT('',(15.6609375,75.10703125,15.95));
#16111 = CARTESIAN_POINT('',(15.5296875,75.10703125,15.95));
#16112 = VECTOR('',#16113,1.);
#16113 = DIRECTION('',(-0.,-0.,-1.));
#16114 = DEFINITIONAL_REPRESENTATION('',(#16115),#16119);
#16115 = LINE('',#16116,#16117);
#16116 = CARTESIAN_POINT('',(0.,-0.65));
#16117 = VECTOR('',#16118,1.);
#16118 = DIRECTION('',(1.,0.));
#16119 = ( GEOMETRIC_REPRESENTATION_CONTEXT(2) 
PARAMETRIC_REPRESENTATION_CONTEXT() REPRESENTATION_CONTEXT('2D SPACE',''
  ) );
#16120 = ORIENTED_EDGE('',*,*,#16121,.T.);
#16121 = EDGE_CURVE('',#16092,#16122,#16124,.T.);
#16122 = VERTEX_POINT('',#16123);
#16123 = CARTESIAN_POINT('',(15.315625,75.0078125,16.6));
#16124 = SURFACE_CURVE('',#16125,(#16129,#16136),.PCURVE_S1.);
#16125 = B_SPLINE_CURVE_WITH_KNOTS('',2,(#16126,#16127,#16128),
  .UNSPECIFIED.,.F.,.F.,(3,3),(0.,1.),.PIECEWISE_BEZIER_KNOTS.);
#16126 = CARTESIAN_POINT('',(15.5296875,75.10703125,16.6));
#16127 = CARTESIAN_POINT('',(15.403125,75.10703125,16.6));
#16128 = CARTESIAN_POINT('',(15.315625,75.0078125,16.6));
#16129 = PCURVE('',#11716,#16130);
#16130 = DEFINITIONAL_REPRESENTATION('',(#16131),#16135);
#16131 = B_SPLINE_CURVE_WITH_KNOTS('',2,(#16132,#16133,#16134),
  .UNSPECIFIED.,.F.,.F.,(3,3),(0.,1.),.PIECEWISE_BEZIER_KNOTS.);
#16132 = CARTESIAN_POINT('',(0.9296875,1.1640625));
#16133 = CARTESIAN_POINT('',(0.803125,1.1640625));
#16134 = CARTESIAN_POINT('',(0.715625,1.06484375));
#16135 = ( GEOMETRIC_REPRESENTATION_CONTEXT(2) 
PARAMETRIC_REPRESENTATION_CONTEXT() REPRESENTATION_CONTEXT('2D SPACE',''
  ) );
#16136 = PCURVE('',#16137,#16144);
#16137 = SURFACE_OF_LINEAR_EXTRUSION('',#16138,#16142);
#16138 = B_SPLINE_CURVE_WITH_KNOTS('',2,(#16139,#16140,#16141),
  .UNSPECIFIED.,.F.,.F.,(3,3),(0.,1.),.PIECEWISE_BEZIER_KNOTS.);
#16139 = CARTESIAN_POINT('',(15.5296875,75.10703125,15.95));
#16140 = CARTESIAN_POINT('',(15.403125,75.10703125,15.95));
#16141 = CARTESIAN_POINT('',(15.315625,75.0078125,15.95));
#16142 = VECTOR('',#16143,1.);
#16143 = DIRECTION('',(-0.,-0.,-1.));
#16144 = DEFINITIONAL_REPRESENTATION('',(#16145),#16149);
#16145 = LINE('',#16146,#16147);
#16146 = CARTESIAN_POINT('',(0.,-0.65));
#16147 = VECTOR('',#16148,1.);
#16148 = DIRECTION('',(1.,0.));
#16149 = ( GEOMETRIC_REPRESENTATION_CONTEXT(2) 
PARAMETRIC_REPRESENTATION_CONTEXT() REPRESENTATION_CONTEXT('2D SPACE',''
  ) );
#16150 = ORIENTED_EDGE('',*,*,#16151,.T.);
#16151 = EDGE_CURVE('',#16122,#15940,#16152,.T.);
#16152 = SURFACE_CURVE('',#16153,(#16157,#16164),.PCURVE_S1.);
#16153 = B_SPLINE_CURVE_WITH_KNOTS('',2,(#16154,#16155,#16156),
  .UNSPECIFIED.,.F.,.F.,(3,3),(0.,1.),.PIECEWISE_BEZIER_KNOTS.);
#16154 = CARTESIAN_POINT('',(15.315625,75.0078125,16.6));
#16155 = CARTESIAN_POINT('',(15.228125,74.90859375,16.6));
#16156 = CARTESIAN_POINT('',(15.228125,74.71484375,16.6));
#16157 = PCURVE('',#11716,#16158);
#16158 = DEFINITIONAL_REPRESENTATION('',(#16159),#16163);
#16159 = B_SPLINE_CURVE_WITH_KNOTS('',2,(#16160,#16161,#16162),
  .UNSPECIFIED.,.F.,.F.,(3,3),(0.,1.),.PIECEWISE_BEZIER_KNOTS.);
#16160 = CARTESIAN_POINT('',(0.715625,1.06484375));
#16161 = CARTESIAN_POINT('',(0.628125,0.965625));
#16162 = CARTESIAN_POINT('',(0.628125,0.771875));
#16163 = ( GEOMETRIC_REPRESENTATION_CONTEXT(2) 
PARAMETRIC_REPRESENTATION_CONTEXT() REPRESENTATION_CONTEXT('2D SPACE',''
  ) );
#16164 = PCURVE('',#16165,#16172);
#16165 = SURFACE_OF_LINEAR_EXTRUSION('',#16166,#16170);
#16166 = B_SPLINE_CURVE_WITH_KNOTS('',2,(#16167,#16168,#16169),
  .UNSPECIFIED.,.F.,.F.,(3,3),(0.,1.),.PIECEWISE_BEZIER_KNOTS.);
#16167 = CARTESIAN_POINT('',(15.315625,75.0078125,15.95));
#16168 = CARTESIAN_POINT('',(15.228125,74.90859375,15.95));
#16169 = CARTESIAN_POINT('',(15.228125,74.71484375,15.95));
#16170 = VECTOR('',#16171,1.);
#16171 = DIRECTION('',(-0.,-0.,-1.));
#16172 = DEFINITIONAL_REPRESENTATION('',(#16173),#16177);
#16173 = LINE('',#16174,#16175);
#16174 = CARTESIAN_POINT('',(0.,-0.65));
#16175 = VECTOR('',#16176,1.);
#16176 = DIRECTION('',(1.,0.));
#16177 = ( GEOMETRIC_REPRESENTATION_CONTEXT(2) 
PARAMETRIC_REPRESENTATION_CONTEXT() REPRESENTATION_CONTEXT('2D SPACE',''
  ) );
#16178 = ADVANCED_FACE('',(#16179),#12539,.T.);
#16179 = FACE_BOUND('',#16180,.F.);
#16180 = EDGE_LOOP('',(#16181,#16182,#16183,#16184));
#16181 = ORIENTED_EDGE('',*,*,#12523,.T.);
#16182 = ORIENTED_EDGE('',*,*,#12675,.T.);
#16183 = ORIENTED_EDGE('',*,*,#12648,.T.);
#16184 = ORIENTED_EDGE('',*,*,#12599,.T.);
#16185 = ADVANCED_FACE('',(#16186),#12740,.T.);
#16186 = FACE_BOUND('',#16187,.F.);
#16187 = EDGE_LOOP('',(#16188,#16189,#16190,#16191,#16192,#16193,#16194,
    #16195,#16196,#16197));
#16188 = ORIENTED_EDGE('',*,*,#12724,.T.);
#16189 = ORIENTED_EDGE('',*,*,#13170,.T.);
#16190 = ORIENTED_EDGE('',*,*,#13143,.T.);
#16191 = ORIENTED_EDGE('',*,*,#13094,.T.);
#16192 = ORIENTED_EDGE('',*,*,#13045,.T.);
#16193 = ORIENTED_EDGE('',*,*,#12996,.T.);
#16194 = ORIENTED_EDGE('',*,*,#12947,.T.);
#16195 = ORIENTED_EDGE('',*,*,#12898,.T.);
#16196 = ORIENTED_EDGE('',*,*,#12849,.T.);
#16197 = ORIENTED_EDGE('',*,*,#12800,.T.);
#16198 = ADVANCED_FACE('',(#16199),#13235,.T.);
#16199 = FACE_BOUND('',#16200,.F.);
#16200 = EDGE_LOOP('',(#16201,#16202,#16203,#16204,#16205,#16206,#16207,
    #16208,#16209,#16210));
#16201 = ORIENTED_EDGE('',*,*,#13219,.T.);
#16202 = ORIENTED_EDGE('',*,*,#13665,.T.);
#16203 = ORIENTED_EDGE('',*,*,#13638,.T.);
#16204 = ORIENTED_EDGE('',*,*,#13589,.T.);
#16205 = ORIENTED_EDGE('',*,*,#13540,.T.);
#16206 = ORIENTED_EDGE('',*,*,#13491,.T.);
#16207 = ORIENTED_EDGE('',*,*,#13442,.T.);
#16208 = ORIENTED_EDGE('',*,*,#13393,.T.);
#16209 = ORIENTED_EDGE('',*,*,#13344,.T.);
#16210 = ORIENTED_EDGE('',*,*,#13295,.T.);
#16211 = ADVANCED_FACE('',(#16212,#16225),#13730,.T.);
#16212 = FACE_BOUND('',#16213,.F.);
#16213 = EDGE_LOOP('',(#16214,#16215,#16216,#16217,#16218,#16219,#16220,
    #16221,#16222,#16223,#16224));
#16214 = ORIENTED_EDGE('',*,*,#13714,.T.);
#16215 = ORIENTED_EDGE('',*,*,#14209,.T.);
#16216 = ORIENTED_EDGE('',*,*,#14182,.T.);
#16217 = ORIENTED_EDGE('',*,*,#14133,.T.);
#16218 = ORIENTED_EDGE('',*,*,#14084,.T.);
#16219 = ORIENTED_EDGE('',*,*,#14035,.T.);
#16220 = ORIENTED_EDGE('',*,*,#13986,.T.);
#16221 = ORIENTED_EDGE('',*,*,#13937,.T.);
#16222 = ORIENTED_EDGE('',*,*,#13888,.T.);
#16223 = ORIENTED_EDGE('',*,*,#13839,.T.);
#16224 = ORIENTED_EDGE('',*,*,#13790,.T.);
#16225 = FACE_BOUND('',#16226,.F.);
#16226 = EDGE_LOOP('',(#16227,#16257,#16285));
#16227 = ORIENTED_EDGE('',*,*,#16228,.T.);
#16228 = EDGE_CURVE('',#16229,#16231,#16233,.T.);
#16229 = VERTEX_POINT('',#16230);
#16230 = CARTESIAN_POINT('',(15.0703125,44.78984375,16.6));
#16231 = VERTEX_POINT('',#16232);
#16232 = CARTESIAN_POINT('',(15.596875,44.78984375,16.6));
#16233 = SURFACE_CURVE('',#16234,(#16238,#16245),.PCURVE_S1.);
#16234 = LINE('',#16235,#16236);
#16235 = CARTESIAN_POINT('',(15.0703125,44.78984375,16.6));
#16236 = VECTOR('',#16237,1.);
#16237 = DIRECTION('',(1.,0.,0.));
#16238 = PCURVE('',#13730,#16239);
#16239 = DEFINITIONAL_REPRESENTATION('',(#16240),#16244);
#16240 = LINE('',#16241,#16242);
#16241 = CARTESIAN_POINT('',(0.4703125,0.846875));
#16242 = VECTOR('',#16243,1.);
#16243 = DIRECTION('',(1.,0.));
#16244 = ( GEOMETRIC_REPRESENTATION_CONTEXT(2) 
PARAMETRIC_REPRESENTATION_CONTEXT() REPRESENTATION_CONTEXT('2D SPACE',''
  ) );
#16245 = PCURVE('',#16246,#16251);
#16246 = PLANE('',#16247);
#16247 = AXIS2_PLACEMENT_3D('',#16248,#16249,#16250);
#16248 = CARTESIAN_POINT('',(15.0703125,44.78984375,15.95));
#16249 = DIRECTION('',(0.,1.,0.));
#16250 = DIRECTION('',(1.,0.,0.));
#16251 = DEFINITIONAL_REPRESENTATION('',(#16252),#16256);
#16252 = LINE('',#16253,#16254);
#16253 = CARTESIAN_POINT('',(0.,-0.65));
#16254 = VECTOR('',#16255,1.);
#16255 = DIRECTION('',(1.,0.));
#16256 = ( GEOMETRIC_REPRESENTATION_CONTEXT(2) 
PARAMETRIC_REPRESENTATION_CONTEXT() REPRESENTATION_CONTEXT('2D SPACE',''
  ) );
#16257 = ORIENTED_EDGE('',*,*,#16258,.T.);
#16258 = EDGE_CURVE('',#16231,#16259,#16261,.T.);
#16259 = VERTEX_POINT('',#16260);
#16260 = CARTESIAN_POINT('',(15.596875,45.57265625,16.6));
#16261 = SURFACE_CURVE('',#16262,(#16266,#16273),.PCURVE_S1.);
#16262 = LINE('',#16263,#16264);
#16263 = CARTESIAN_POINT('',(15.596875,44.78984375,16.6));
#16264 = VECTOR('',#16265,1.);
#16265 = DIRECTION('',(0.,1.,0.));
#16266 = PCURVE('',#13730,#16267);
#16267 = DEFINITIONAL_REPRESENTATION('',(#16268),#16272);
#16268 = LINE('',#16269,#16270);
#16269 = CARTESIAN_POINT('',(0.996875,0.846875));
#16270 = VECTOR('',#16271,1.);
#16271 = DIRECTION('',(0.,1.));
#16272 = ( GEOMETRIC_REPRESENTATION_CONTEXT(2) 
PARAMETRIC_REPRESENTATION_CONTEXT() REPRESENTATION_CONTEXT('2D SPACE',''
  ) );
#16273 = PCURVE('',#16274,#16279);
#16274 = PLANE('',#16275);
#16275 = AXIS2_PLACEMENT_3D('',#16276,#16277,#16278);
#16276 = CARTESIAN_POINT('',(15.596875,44.78984375,15.95));
#16277 = DIRECTION('',(-1.,0.,0.));
#16278 = DIRECTION('',(0.,1.,0.));
#16279 = DEFINITIONAL_REPRESENTATION('',(#16280),#16284);
#16280 = LINE('',#16281,#16282);
#16281 = CARTESIAN_POINT('',(0.,-0.65));
#16282 = VECTOR('',#16283,1.);
#16283 = DIRECTION('',(1.,0.));
#16284 = ( GEOMETRIC_REPRESENTATION_CONTEXT(2) 
PARAMETRIC_REPRESENTATION_CONTEXT() REPRESENTATION_CONTEXT('2D SPACE',''
  ) );
#16285 = ORIENTED_EDGE('',*,*,#16286,.T.);
#16286 = EDGE_CURVE('',#16259,#16229,#16287,.T.);
#16287 = SURFACE_CURVE('',#16288,(#16292,#16299),.PCURVE_S1.);
#16288 = LINE('',#16289,#16290);
#16289 = CARTESIAN_POINT('',(15.596875,45.57265625,16.6));
#16290 = VECTOR('',#16291,1.);
#16291 = DIRECTION('',(-0.558135230391,-0.829750001263,0.));
#16292 = PCURVE('',#13730,#16293);
#16293 = DEFINITIONAL_REPRESENTATION('',(#16294),#16298);
#16294 = LINE('',#16295,#16296);
#16295 = CARTESIAN_POINT('',(0.996875,1.6296875));
#16296 = VECTOR('',#16297,1.);
#16297 = DIRECTION('',(-0.558135230391,-0.829750001263));
#16298 = ( GEOMETRIC_REPRESENTATION_CONTEXT(2) 
PARAMETRIC_REPRESENTATION_CONTEXT() REPRESENTATION_CONTEXT('2D SPACE',''
  ) );
#16299 = PCURVE('',#16300,#16305);
#16300 = PLANE('',#16301);
#16301 = AXIS2_PLACEMENT_3D('',#16302,#16303,#16304);
#16302 = CARTESIAN_POINT('',(15.596875,45.57265625,15.95));
#16303 = DIRECTION('',(0.829750001263,-0.558135230391,0.));
#16304 = DIRECTION('',(-0.558135230391,-0.829750001263,0.));
#16305 = DEFINITIONAL_REPRESENTATION('',(#16306),#16310);
#16306 = LINE('',#16307,#16308);
#16307 = CARTESIAN_POINT('',(0.,-0.65));
#16308 = VECTOR('',#16309,1.);
#16309 = DIRECTION('',(1.,0.));
#16310 = ( GEOMETRIC_REPRESENTATION_CONTEXT(2) 
PARAMETRIC_REPRESENTATION_CONTEXT() REPRESENTATION_CONTEXT('2D SPACE',''
  ) );
#16311 = ADVANCED_FACE('',(#16312),#14252,.F.);
#16312 = FACE_BOUND('',#16313,.F.);
#16313 = EDGE_LOOP('',(#16314,#16315,#16336,#16337,#16358,#16384));
#16314 = ORIENTED_EDGE('',*,*,#14234,.F.);
#16315 = ORIENTED_EDGE('',*,*,#16316,.T.);
#16316 = EDGE_CURVE('',#14235,#14568,#16317,.T.);
#16317 = SURFACE_CURVE('',#16318,(#16322,#16329),.PCURVE_S1.);
#16318 = LINE('',#16319,#16320);
#16319 = CARTESIAN_POINT('',(22.775,41.125,0.2));
#16320 = VECTOR('',#16321,1.);
#16321 = DIRECTION('',(0.,1.,0.));
#16322 = PCURVE('',#14252,#16323);
#16323 = DEFINITIONAL_REPRESENTATION('',(#16324),#16328);
#16324 = LINE('',#16325,#16326);
#16325 = CARTESIAN_POINT('',(0.,0.));
#16326 = VECTOR('',#16327,1.);
#16327 = DIRECTION('',(0.,-1.));
#16328 = ( GEOMETRIC_REPRESENTATION_CONTEXT(2) 
PARAMETRIC_REPRESENTATION_CONTEXT() REPRESENTATION_CONTEXT('2D SPACE',''
  ) );
#16329 = PCURVE('',#14280,#16330);
#16330 = DEFINITIONAL_REPRESENTATION('',(#16331),#16335);
#16331 = LINE('',#16332,#16333);
#16332 = CARTESIAN_POINT('',(3.55,0.));
#16333 = VECTOR('',#16334,1.);
#16334 = DIRECTION('',(0.,1.));
#16335 = ( GEOMETRIC_REPRESENTATION_CONTEXT(2) 
PARAMETRIC_REPRESENTATION_CONTEXT() REPRESENTATION_CONTEXT('2D SPACE',''
  ) );
#16336 = ORIENTED_EDGE('',*,*,#14567,.T.);
#16337 = ORIENTED_EDGE('',*,*,#16338,.F.);
#16338 = EDGE_CURVE('',#16339,#14570,#16341,.T.);
#16339 = VERTEX_POINT('',#16340);
#16340 = CARTESIAN_POINT('',(22.775,47.136195996002,0.3));
#16341 = SURFACE_CURVE('',#16342,(#16346,#16352),.PCURVE_S1.);
#16342 = LINE('',#16343,#16344);
#16343 = CARTESIAN_POINT('',(22.775,46.363145861407,-1.038962109916));
#16344 = VECTOR('',#16345,1.);
#16345 = DIRECTION('',(-0.,0.5,0.866025403784));
#16346 = PCURVE('',#14252,#16347);
#16347 = DEFINITIONAL_REPRESENTATION('',(#16348),#16351);
#16348 = B_SPLINE_CURVE_WITH_KNOTS('',1,(#16349,#16350),.UNSPECIFIED.,
  .F.,.F.,(2,2),(1.54610026919,5.023708277186),
  .PIECEWISE_BEZIER_KNOTS.);
#16349 = CARTESIAN_POINT('',(0.1,-6.011195996002));
#16350 = CARTESIAN_POINT('',(3.111696879329,-7.75));
#16351 = ( GEOMETRIC_REPRESENTATION_CONTEXT(2) 
PARAMETRIC_REPRESENTATION_CONTEXT() REPRESENTATION_CONTEXT('2D SPACE',''
  ) );
#16352 = PCURVE('',#14676,#16353);
#16353 = DEFINITIONAL_REPRESENTATION('',(#16354),#16357);
#16354 = B_SPLINE_CURVE_WITH_KNOTS('',1,(#16355,#16356),.UNSPECIFIED.,
  .F.,.F.,(2,2),(1.54610026919,5.023708277186),
  .PIECEWISE_BEZIER_KNOTS.);
#16355 = CARTESIAN_POINT('',(0.,-3.375));
#16356 = CARTESIAN_POINT('',(3.477608007997,-3.375));
#16357 = ( GEOMETRIC_REPRESENTATION_CONTEXT(2) 
PARAMETRIC_REPRESENTATION_CONTEXT() REPRESENTATION_CONTEXT('2D SPACE',''
  ) );
#16358 = ORIENTED_EDGE('',*,*,#16359,.F.);
#16359 = EDGE_CURVE('',#16360,#16339,#16362,.T.);
#16360 = VERTEX_POINT('',#16361);
#16361 = CARTESIAN_POINT('',(22.775,42.863804003998,0.3));
#16362 = SURFACE_CURVE('',#16363,(#16367,#16373),.PCURVE_S1.);
#16363 = LINE('',#16364,#16365);
#16364 = CARTESIAN_POINT('',(22.775,41.994402001999,0.3));
#16365 = VECTOR('',#16366,1.);
#16366 = DIRECTION('',(0.,1.,-6.236635739622E-16));
#16367 = PCURVE('',#14252,#16368);
#16368 = DEFINITIONAL_REPRESENTATION('',(#16369),#16372);
#16369 = B_SPLINE_CURVE_WITH_KNOTS('',1,(#16370,#16371),.UNSPECIFIED.,
  .F.,.F.,(2,2),(0.869402001999,5.141793994002),
  .PIECEWISE_BEZIER_KNOTS.);
#16370 = CARTESIAN_POINT('',(0.1,-1.738804003998));
#16371 = CARTESIAN_POINT('',(1.E-01,-6.011195996002));
#16372 = ( GEOMETRIC_REPRESENTATION_CONTEXT(2) 
PARAMETRIC_REPRESENTATION_CONTEXT() REPRESENTATION_CONTEXT('2D SPACE',''
  ) );
#16373 = PCURVE('',#16374,#16379);
#16374 = PLANE('',#16375);
#16375 = AXIS2_PLACEMENT_3D('',#16376,#16377,#16378);
#16376 = CARTESIAN_POINT('',(19.4,42.863804003998,0.3));
#16377 = DIRECTION('',(-0.,6.236635739622E-16,1.));
#16378 = DIRECTION('',(0.,1.,-6.236635739622E-16));
#16379 = DEFINITIONAL_REPRESENTATION('',(#16380),#16383);
#16380 = B_SPLINE_CURVE_WITH_KNOTS('',1,(#16381,#16382),.UNSPECIFIED.,
  .F.,.F.,(2,2),(0.869402001999,5.141793994002),
  .PIECEWISE_BEZIER_KNOTS.);
#16381 = CARTESIAN_POINT('',(0.,-3.375));
#16382 = CARTESIAN_POINT('',(4.272391992003,-3.375));
#16383 = ( GEOMETRIC_REPRESENTATION_CONTEXT(2) 
PARAMETRIC_REPRESENTATION_CONTEXT() REPRESENTATION_CONTEXT('2D SPACE',''
  ) );
#16384 = ORIENTED_EDGE('',*,*,#16385,.F.);
#16385 = EDGE_CURVE('',#14237,#16360,#16386,.T.);
#16386 = SURFACE_CURVE('',#16387,(#16391,#16397),.PCURVE_S1.);
#16387 = LINE('',#16388,#16389);
#16388 = CARTESIAN_POINT('',(22.775,41.600006140592,2.488962109916));
#16389 = VECTOR('',#16390,1.);
#16390 = DIRECTION('',(0.,0.5,-0.866025403784));
#16391 = PCURVE('',#14252,#16392);
#16392 = DEFINITIONAL_REPRESENTATION('',(#16393),#16396);
#16393 = B_SPLINE_CURVE_WITH_KNOTS('',1,(#16394,#16395),.UNSPECIFIED.,
  .F.,.F.,(2,2),(-0.950012281185,2.527595726812),
  .PIECEWISE_BEZIER_KNOTS.);
#16394 = CARTESIAN_POINT('',(3.111696879329,5.551115123126E-17));
#16395 = CARTESIAN_POINT('',(1.E-01,-1.738804003998));
#16396 = ( GEOMETRIC_REPRESENTATION_CONTEXT(2) 
PARAMETRIC_REPRESENTATION_CONTEXT() REPRESENTATION_CONTEXT('2D SPACE',''
  ) );
#16397 = PCURVE('',#14402,#16398);
#16398 = DEFINITIONAL_REPRESENTATION('',(#16399),#16402);
#16399 = B_SPLINE_CURVE_WITH_KNOTS('',1,(#16400,#16401),.UNSPECIFIED.,
  .F.,.F.,(2,2),(-0.950012281185,2.527595726812),
  .PIECEWISE_BEZIER_KNOTS.);
#16400 = CARTESIAN_POINT('',(0.794783984006,-3.375));
#16401 = CARTESIAN_POINT('',(4.272391992003,-3.375));
#16402 = ( GEOMETRIC_REPRESENTATION_CONTEXT(2) 
PARAMETRIC_REPRESENTATION_CONTEXT() REPRESENTATION_CONTEXT('2D SPACE',''
  ) );
#16403 = ADVANCED_FACE('',(#16404),#14402,.T.);
#16404 = FACE_BOUND('',#16405,.T.);
#16405 = EDGE_LOOP('',(#16406,#16429,#16452,#16475,#16496,#16497));
#16406 = ORIENTED_EDGE('',*,*,#16407,.F.);
#16407 = EDGE_CURVE('',#16408,#14364,#16410,.T.);
#16408 = VERTEX_POINT('',#16409);
#16409 = CARTESIAN_POINT('',(19.4,40.727608007997,4.));
#16410 = SURFACE_CURVE('',#16411,(#16415,#16422),.PCURVE_S1.);
#16411 = LINE('',#16412,#16413);
#16412 = CARTESIAN_POINT('',(19.4,40.727608007997,4.));
#16413 = VECTOR('',#16414,1.);
#16414 = DIRECTION('',(0.,0.5,-0.866025403784));
#16415 = PCURVE('',#14402,#16416);
#16416 = DEFINITIONAL_REPRESENTATION('',(#16417),#16421);
#16417 = LINE('',#16418,#16419);
#16418 = CARTESIAN_POINT('',(0.,0.));
#16419 = VECTOR('',#16420,1.);
#16420 = DIRECTION('',(1.,0.));
#16421 = ( GEOMETRIC_REPRESENTATION_CONTEXT(2) 
PARAMETRIC_REPRESENTATION_CONTEXT() REPRESENTATION_CONTEXT('2D SPACE',''
  ) );
#16422 = PCURVE('',#14378,#16423);
#16423 = DEFINITIONAL_REPRESENTATION('',(#16424),#16428);
#16424 = LINE('',#16425,#16426);
#16425 = CARTESIAN_POINT('',(0.,4.272391992003));
#16426 = VECTOR('',#16427,1.);
#16427 = DIRECTION('',(-0.866025403784,-0.5));
#16428 = ( GEOMETRIC_REPRESENTATION_CONTEXT(2) 
PARAMETRIC_REPRESENTATION_CONTEXT() REPRESENTATION_CONTEXT('2D SPACE',''
  ) );
#16429 = ORIENTED_EDGE('',*,*,#16430,.T.);
#16430 = EDGE_CURVE('',#16408,#16431,#16433,.T.);
#16431 = VERTEX_POINT('',#16432);
#16432 = CARTESIAN_POINT('',(22.85,40.727608007997,4.));
#16433 = SURFACE_CURVE('',#16434,(#16438,#16445),.PCURVE_S1.);
#16434 = LINE('',#16435,#16436);
#16435 = CARTESIAN_POINT('',(19.4,40.727608007997,4.));
#16436 = VECTOR('',#16437,1.);
#16437 = DIRECTION('',(1.,0.,0.));
#16438 = PCURVE('',#14402,#16439);
#16439 = DEFINITIONAL_REPRESENTATION('',(#16440),#16444);
#16440 = LINE('',#16441,#16442);
#16441 = CARTESIAN_POINT('',(0.,0.));
#16442 = VECTOR('',#16443,1.);
#16443 = DIRECTION('',(0.,-1.));
#16444 = ( GEOMETRIC_REPRESENTATION_CONTEXT(2) 
PARAMETRIC_REPRESENTATION_CONTEXT() REPRESENTATION_CONTEXT('2D SPACE',''
  ) );
#16445 = PCURVE('',#14352,#16446);
#16446 = DEFINITIONAL_REPRESENTATION('',(#16447),#16451);
#16447 = LINE('',#16448,#16449);
#16448 = CARTESIAN_POINT('',(4.272391992003,0.));
#16449 = VECTOR('',#16450,1.);
#16450 = DIRECTION('',(0.,-1.));
#16451 = ( GEOMETRIC_REPRESENTATION_CONTEXT(2) 
PARAMETRIC_REPRESENTATION_CONTEXT() REPRESENTATION_CONTEXT('2D SPACE',''
  ) );
#16452 = ORIENTED_EDGE('',*,*,#16453,.T.);
#16453 = EDGE_CURVE('',#16431,#16454,#16456,.T.);
#16454 = VERTEX_POINT('',#16455);
#16455 = CARTESIAN_POINT('',(22.85,42.863804003998,0.3));
#16456 = SURFACE_CURVE('',#16457,(#16461,#16468),.PCURVE_S1.);
#16457 = LINE('',#16458,#16459);
#16458 = CARTESIAN_POINT('',(22.85,40.727608007997,4.));
#16459 = VECTOR('',#16460,1.);
#16460 = DIRECTION('',(0.,0.5,-0.866025403784));
#16461 = PCURVE('',#14402,#16462);
#16462 = DEFINITIONAL_REPRESENTATION('',(#16463),#16467);
#16463 = LINE('',#16464,#16465);
#16464 = CARTESIAN_POINT('',(0.,-3.45));
#16465 = VECTOR('',#16466,1.);
#16466 = DIRECTION('',(1.,0.));
#16467 = ( GEOMETRIC_REPRESENTATION_CONTEXT(2) 
PARAMETRIC_REPRESENTATION_CONTEXT() REPRESENTATION_CONTEXT('2D SPACE',''
  ) );
#16468 = PCURVE('',#14766,#16469);
#16469 = DEFINITIONAL_REPRESENTATION('',(#16470),#16474);
#16470 = LINE('',#16471,#16472);
#16471 = CARTESIAN_POINT('',(0.,4.272391992003));
#16472 = VECTOR('',#16473,1.);
#16473 = DIRECTION('',(-0.866025403784,-0.5));
#16474 = ( GEOMETRIC_REPRESENTATION_CONTEXT(2) 
PARAMETRIC_REPRESENTATION_CONTEXT() REPRESENTATION_CONTEXT('2D SPACE',''
  ) );
#16475 = ORIENTED_EDGE('',*,*,#16476,.F.);
#16476 = EDGE_CURVE('',#16360,#16454,#16477,.T.);
#16477 = SURFACE_CURVE('',#16478,(#16482,#16489),.PCURVE_S1.);
#16478 = LINE('',#16479,#16480);
#16479 = CARTESIAN_POINT('',(19.4,42.863804003998,0.3));
#16480 = VECTOR('',#16481,1.);
#16481 = DIRECTION('',(1.,0.,0.));
#16482 = PCURVE('',#14402,#16483);
#16483 = DEFINITIONAL_REPRESENTATION('',(#16484),#16488);
#16484 = LINE('',#16485,#16486);
#16485 = CARTESIAN_POINT('',(4.272391992003,0.));
#16486 = VECTOR('',#16487,1.);
#16487 = DIRECTION('',(0.,-1.));
#16488 = ( GEOMETRIC_REPRESENTATION_CONTEXT(2) 
PARAMETRIC_REPRESENTATION_CONTEXT() REPRESENTATION_CONTEXT('2D SPACE',''
  ) );
#16489 = PCURVE('',#16374,#16490);
#16490 = DEFINITIONAL_REPRESENTATION('',(#16491),#16495);
#16491 = LINE('',#16492,#16493);
#16492 = CARTESIAN_POINT('',(0.,0.));
#16493 = VECTOR('',#16494,1.);
#16494 = DIRECTION('',(0.,-1.));
#16495 = ( GEOMETRIC_REPRESENTATION_CONTEXT(2) 
PARAMETRIC_REPRESENTATION_CONTEXT() REPRESENTATION_CONTEXT('2D SPACE',''
  ) );
#16496 = ORIENTED_EDGE('',*,*,#16385,.F.);
#16497 = ORIENTED_EDGE('',*,*,#14389,.T.);
#16498 = ADVANCED_FACE('',(#16499),#14378,.T.);
#16499 = FACE_BOUND('',#16500,.T.);
#16500 = EDGE_LOOP('',(#16501,#16502,#16523));
#16501 = ORIENTED_EDGE('',*,*,#14363,.T.);
#16502 = ORIENTED_EDGE('',*,*,#16503,.T.);
#16503 = EDGE_CURVE('',#14338,#16408,#16504,.T.);
#16504 = SURFACE_CURVE('',#16505,(#16509,#16516),.PCURVE_S1.);
#16505 = LINE('',#16506,#16507);
#16506 = CARTESIAN_POINT('',(19.4,42.863804003998,7.7));
#16507 = VECTOR('',#16508,1.);
#16508 = DIRECTION('',(0.,-0.5,-0.866025403784));
#16509 = PCURVE('',#14378,#16510);
#16510 = DEFINITIONAL_REPRESENTATION('',(#16511),#16515);
#16511 = LINE('',#16512,#16513);
#16512 = CARTESIAN_POINT('',(3.7,2.136195996002));
#16513 = VECTOR('',#16514,1.);
#16514 = DIRECTION('',(-0.866025403784,0.5));
#16515 = ( GEOMETRIC_REPRESENTATION_CONTEXT(2) 
PARAMETRIC_REPRESENTATION_CONTEXT() REPRESENTATION_CONTEXT('2D SPACE',''
  ) );
#16516 = PCURVE('',#14352,#16517);
#16517 = DEFINITIONAL_REPRESENTATION('',(#16518),#16522);
#16518 = LINE('',#16519,#16520);
#16519 = CARTESIAN_POINT('',(0.,0.));
#16520 = VECTOR('',#16521,1.);
#16521 = DIRECTION('',(1.,0.));
#16522 = ( GEOMETRIC_REPRESENTATION_CONTEXT(2) 
PARAMETRIC_REPRESENTATION_CONTEXT() REPRESENTATION_CONTEXT('2D SPACE',''
  ) );
#16523 = ORIENTED_EDGE('',*,*,#16407,.T.);
#16524 = ADVANCED_FACE('',(#16525),#14352,.T.);
#16525 = FACE_BOUND('',#16526,.T.);
#16526 = EDGE_LOOP('',(#16527,#16528,#16551,#16572,#16573,#16574));
#16527 = ORIENTED_EDGE('',*,*,#14417,.F.);
#16528 = ORIENTED_EDGE('',*,*,#16529,.T.);
#16529 = EDGE_CURVE('',#14418,#16530,#16532,.T.);
#16530 = VERTEX_POINT('',#16531);
#16531 = CARTESIAN_POINT('',(22.85,42.863804003998,7.7));
#16532 = SURFACE_CURVE('',#16533,(#16537,#16544),.PCURVE_S1.);
#16533 = LINE('',#16534,#16535);
#16534 = CARTESIAN_POINT('',(19.4,42.863804003998,7.7));
#16535 = VECTOR('',#16536,1.);
#16536 = DIRECTION('',(1.,0.,0.));
#16537 = PCURVE('',#14352,#16538);
#16538 = DEFINITIONAL_REPRESENTATION('',(#16539),#16543);
#16539 = LINE('',#16540,#16541);
#16540 = CARTESIAN_POINT('',(0.,0.));
#16541 = VECTOR('',#16542,1.);
#16542 = DIRECTION('',(0.,-1.));
#16543 = ( GEOMETRIC_REPRESENTATION_CONTEXT(2) 
PARAMETRIC_REPRESENTATION_CONTEXT() REPRESENTATION_CONTEXT('2D SPACE',''
  ) );
#16544 = PCURVE('',#14453,#16545);
#16545 = DEFINITIONAL_REPRESENTATION('',(#16546),#16550);
#16546 = LINE('',#16547,#16548);
#16547 = CARTESIAN_POINT('',(4.272391992003,0.));
#16548 = VECTOR('',#16549,1.);
#16549 = DIRECTION('',(0.,-1.));
#16550 = ( GEOMETRIC_REPRESENTATION_CONTEXT(2) 
PARAMETRIC_REPRESENTATION_CONTEXT() REPRESENTATION_CONTEXT('2D SPACE',''
  ) );
#16551 = ORIENTED_EDGE('',*,*,#16552,.T.);
#16552 = EDGE_CURVE('',#16530,#16431,#16553,.T.);
#16553 = SURFACE_CURVE('',#16554,(#16558,#16565),.PCURVE_S1.);
#16554 = LINE('',#16555,#16556);
#16555 = CARTESIAN_POINT('',(22.85,42.863804003998,7.7));
#16556 = VECTOR('',#16557,1.);
#16557 = DIRECTION('',(0.,-0.5,-0.866025403784));
#16558 = PCURVE('',#14352,#16559);
#16559 = DEFINITIONAL_REPRESENTATION('',(#16560),#16564);
#16560 = LINE('',#16561,#16562);
#16561 = CARTESIAN_POINT('',(0.,-3.45));
#16562 = VECTOR('',#16563,1.);
#16563 = DIRECTION('',(1.,0.));
#16564 = ( GEOMETRIC_REPRESENTATION_CONTEXT(2) 
PARAMETRIC_REPRESENTATION_CONTEXT() REPRESENTATION_CONTEXT('2D SPACE',''
  ) );
#16565 = PCURVE('',#14766,#16566);
#16566 = DEFINITIONAL_REPRESENTATION('',(#16567),#16571);
#16567 = LINE('',#16568,#16569);
#16568 = CARTESIAN_POINT('',(3.7,2.136195996002));
#16569 = VECTOR('',#16570,1.);
#16570 = DIRECTION('',(-0.866025403784,0.5));
#16571 = ( GEOMETRIC_REPRESENTATION_CONTEXT(2) 
PARAMETRIC_REPRESENTATION_CONTEXT() REPRESENTATION_CONTEXT('2D SPACE',''
  ) );
#16572 = ORIENTED_EDGE('',*,*,#16430,.F.);
#16573 = ORIENTED_EDGE('',*,*,#16503,.F.);
#16574 = ORIENTED_EDGE('',*,*,#14337,.T.);
#16575 = ADVANCED_FACE('',(#16576),#14280,.T.);
#16576 = FACE_BOUND('',#16577,.T.);
#16577 = EDGE_LOOP('',(#16578,#16579,#16580,#16581));
#16578 = ORIENTED_EDGE('',*,*,#14516,.F.);
#16579 = ORIENTED_EDGE('',*,*,#14264,.T.);
#16580 = ORIENTED_EDGE('',*,*,#16316,.T.);
#16581 = ORIENTED_EDGE('',*,*,#14592,.F.);
#16582 = ADVANCED_FACE('',(#16583),#14479,.T.);
#16583 = FACE_BOUND('',#16584,.T.);
#16584 = EDGE_LOOP('',(#16585,#16608,#16631,#16654,#16675,#16676));
#16585 = ORIENTED_EDGE('',*,*,#16586,.F.);
#16586 = EDGE_CURVE('',#16587,#14617,#16589,.T.);
#16587 = VERTEX_POINT('',#16588);
#16588 = CARTESIAN_POINT('',(19.4,49.272391992003,4.));
#16589 = SURFACE_CURVE('',#16590,(#16594,#16601),.PCURVE_S1.);
#16590 = LINE('',#16591,#16592);
#16591 = CARTESIAN_POINT('',(19.4,49.272391992003,4.));
#16592 = VECTOR('',#16593,1.);
#16593 = DIRECTION('',(0.,-0.5,0.866025403784));
#16594 = PCURVE('',#14479,#16595);
#16595 = DEFINITIONAL_REPRESENTATION('',(#16596),#16600);
#16596 = LINE('',#16597,#16598);
#16597 = CARTESIAN_POINT('',(0.,0.));
#16598 = VECTOR('',#16599,1.);
#16599 = DIRECTION('',(1.,0.));
#16600 = ( GEOMETRIC_REPRESENTATION_CONTEXT(2) 
PARAMETRIC_REPRESENTATION_CONTEXT() REPRESENTATION_CONTEXT('2D SPACE',''
  ) );
#16601 = PCURVE('',#14652,#16602);
#16602 = DEFINITIONAL_REPRESENTATION('',(#16603),#16607);
#16603 = LINE('',#16604,#16605);
#16604 = CARTESIAN_POINT('',(-8.881784197001E-16,-4.272391992003));
#16605 = VECTOR('',#16606,1.);
#16606 = DIRECTION('',(0.866025403784,0.5));
#16607 = ( GEOMETRIC_REPRESENTATION_CONTEXT(2) 
PARAMETRIC_REPRESENTATION_CONTEXT() REPRESENTATION_CONTEXT('2D SPACE',''
  ) );
#16608 = ORIENTED_EDGE('',*,*,#16609,.T.);
#16609 = EDGE_CURVE('',#16587,#16610,#16612,.T.);
#16610 = VERTEX_POINT('',#16611);
#16611 = CARTESIAN_POINT('',(22.85,49.272391992003,4.));
#16612 = SURFACE_CURVE('',#16613,(#16617,#16624),.PCURVE_S1.);
#16613 = LINE('',#16614,#16615);
#16614 = CARTESIAN_POINT('',(19.4,49.272391992003,4.));
#16615 = VECTOR('',#16616,1.);
#16616 = DIRECTION('',(1.,0.,0.));
#16617 = PCURVE('',#14479,#16618);
#16618 = DEFINITIONAL_REPRESENTATION('',(#16619),#16623);
#16619 = LINE('',#16620,#16621);
#16620 = CARTESIAN_POINT('',(0.,0.));
#16621 = VECTOR('',#16622,1.);
#16622 = DIRECTION('',(0.,-1.));
#16623 = ( GEOMETRIC_REPRESENTATION_CONTEXT(2) 
PARAMETRIC_REPRESENTATION_CONTEXT() REPRESENTATION_CONTEXT('2D SPACE',''
  ) );
#16624 = PCURVE('',#14676,#16625);
#16625 = DEFINITIONAL_REPRESENTATION('',(#16626),#16630);
#16626 = LINE('',#16627,#16628);
#16627 = CARTESIAN_POINT('',(4.272391992003,0.));
#16628 = VECTOR('',#16629,1.);
#16629 = DIRECTION('',(0.,-1.));
#16630 = ( GEOMETRIC_REPRESENTATION_CONTEXT(2) 
PARAMETRIC_REPRESENTATION_CONTEXT() REPRESENTATION_CONTEXT('2D SPACE',''
  ) );
#16631 = ORIENTED_EDGE('',*,*,#16632,.T.);
#16632 = EDGE_CURVE('',#16610,#16633,#16635,.T.);
#16633 = VERTEX_POINT('',#16634);
#16634 = CARTESIAN_POINT('',(22.85,47.136195996002,7.7));
#16635 = SURFACE_CURVE('',#16636,(#16640,#16647),.PCURVE_S1.);
#16636 = LINE('',#16637,#16638);
#16637 = CARTESIAN_POINT('',(22.85,49.272391992003,4.));
#16638 = VECTOR('',#16639,1.);
#16639 = DIRECTION('',(0.,-0.5,0.866025403784));
#16640 = PCURVE('',#14479,#16641);
#16641 = DEFINITIONAL_REPRESENTATION('',(#16642),#16646);
#16642 = LINE('',#16643,#16644);
#16643 = CARTESIAN_POINT('',(0.,-3.45));
#16644 = VECTOR('',#16645,1.);
#16645 = DIRECTION('',(1.,0.));
#16646 = ( GEOMETRIC_REPRESENTATION_CONTEXT(2) 
PARAMETRIC_REPRESENTATION_CONTEXT() REPRESENTATION_CONTEXT('2D SPACE',''
  ) );
#16647 = PCURVE('',#14766,#16648);
#16648 = DEFINITIONAL_REPRESENTATION('',(#16649),#16653);
#16649 = LINE('',#16650,#16651);
#16650 = CARTESIAN_POINT('',(-8.881784197001E-16,-4.272391992003));
#16651 = VECTOR('',#16652,1.);
#16652 = DIRECTION('',(0.866025403784,0.5));
#16653 = ( GEOMETRIC_REPRESENTATION_CONTEXT(2) 
PARAMETRIC_REPRESENTATION_CONTEXT() REPRESENTATION_CONTEXT('2D SPACE',''
  ) );
#16654 = ORIENTED_EDGE('',*,*,#16655,.F.);
#16655 = EDGE_CURVE('',#14439,#16633,#16656,.T.);
#16656 = SURFACE_CURVE('',#16657,(#16661,#16668),.PCURVE_S1.);
#16657 = LINE('',#16658,#16659);
#16658 = CARTESIAN_POINT('',(19.4,47.136195996002,7.7));
#16659 = VECTOR('',#16660,1.);
#16660 = DIRECTION('',(1.,0.,0.));
#16661 = PCURVE('',#14479,#16662);
#16662 = DEFINITIONAL_REPRESENTATION('',(#16663),#16667);
#16663 = LINE('',#16664,#16665);
#16664 = CARTESIAN_POINT('',(4.272391992003,0.));
#16665 = VECTOR('',#16666,1.);
#16666 = DIRECTION('',(0.,-1.));
#16667 = ( GEOMETRIC_REPRESENTATION_CONTEXT(2) 
PARAMETRIC_REPRESENTATION_CONTEXT() REPRESENTATION_CONTEXT('2D SPACE',''
  ) );
#16668 = PCURVE('',#14453,#16669);
#16669 = DEFINITIONAL_REPRESENTATION('',(#16670),#16674);
#16670 = LINE('',#16671,#16672);
#16671 = CARTESIAN_POINT('',(0.,0.));
#16672 = VECTOR('',#16673,1.);
#16673 = DIRECTION('',(0.,-1.));
#16674 = ( GEOMETRIC_REPRESENTATION_CONTEXT(2) 
PARAMETRIC_REPRESENTATION_CONTEXT() REPRESENTATION_CONTEXT('2D SPACE',''
  ) );
#16675 = ORIENTED_EDGE('',*,*,#14464,.F.);
#16676 = ORIENTED_EDGE('',*,*,#14616,.F.);
#16677 = ADVANCED_FACE('',(#16678),#14453,.T.);
#16678 = FACE_BOUND('',#16679,.T.);
#16679 = EDGE_LOOP('',(#16680,#16681,#16682,#16703));
#16680 = ORIENTED_EDGE('',*,*,#14438,.F.);
#16681 = ORIENTED_EDGE('',*,*,#16655,.T.);
#16682 = ORIENTED_EDGE('',*,*,#16683,.T.);
#16683 = EDGE_CURVE('',#16633,#16530,#16684,.T.);
#16684 = SURFACE_CURVE('',#16685,(#16689,#16696),.PCURVE_S1.);
#16685 = LINE('',#16686,#16687);
#16686 = CARTESIAN_POINT('',(22.85,47.136195996002,7.7));
#16687 = VECTOR('',#16688,1.);
#16688 = DIRECTION('',(0.,-1.,1.039439289937E-16));
#16689 = PCURVE('',#14453,#16690);
#16690 = DEFINITIONAL_REPRESENTATION('',(#16691),#16695);
#16691 = LINE('',#16692,#16693);
#16692 = CARTESIAN_POINT('',(0.,-3.45));
#16693 = VECTOR('',#16694,1.);
#16694 = DIRECTION('',(1.,0.));
#16695 = ( GEOMETRIC_REPRESENTATION_CONTEXT(2) 
PARAMETRIC_REPRESENTATION_CONTEXT() REPRESENTATION_CONTEXT('2D SPACE',''
  ) );
#16696 = PCURVE('',#14766,#16697);
#16697 = DEFINITIONAL_REPRESENTATION('',(#16698),#16702);
#16698 = LINE('',#16699,#16700);
#16699 = CARTESIAN_POINT('',(3.7,-2.136195996002));
#16700 = VECTOR('',#16701,1.);
#16701 = DIRECTION('',(1.039439289937E-16,1.));
#16702 = ( GEOMETRIC_REPRESENTATION_CONTEXT(2) 
PARAMETRIC_REPRESENTATION_CONTEXT() REPRESENTATION_CONTEXT('2D SPACE',''
  ) );
#16703 = ORIENTED_EDGE('',*,*,#16529,.F.);
#16704 = ADVANCED_FACE('',(#16705),#14676,.T.);
#16705 = FACE_BOUND('',#16706,.T.);
#16706 = EDGE_LOOP('',(#16707,#16708,#16731,#16752,#16753,#16774));
#16707 = ORIENTED_EDGE('',*,*,#16338,.F.);
#16708 = ORIENTED_EDGE('',*,*,#16709,.T.);
#16709 = EDGE_CURVE('',#16339,#16710,#16712,.T.);
#16710 = VERTEX_POINT('',#16711);
#16711 = CARTESIAN_POINT('',(22.85,47.136195996002,0.3));
#16712 = SURFACE_CURVE('',#16713,(#16717,#16724),.PCURVE_S1.);
#16713 = LINE('',#16714,#16715);
#16714 = CARTESIAN_POINT('',(19.4,47.136195996002,0.3));
#16715 = VECTOR('',#16716,1.);
#16716 = DIRECTION('',(1.,0.,0.));
#16717 = PCURVE('',#14676,#16718);
#16718 = DEFINITIONAL_REPRESENTATION('',(#16719),#16723);
#16719 = LINE('',#16720,#16721);
#16720 = CARTESIAN_POINT('',(0.,0.));
#16721 = VECTOR('',#16722,1.);
#16722 = DIRECTION('',(0.,-1.));
#16723 = ( GEOMETRIC_REPRESENTATION_CONTEXT(2) 
PARAMETRIC_REPRESENTATION_CONTEXT() REPRESENTATION_CONTEXT('2D SPACE',''
  ) );
#16724 = PCURVE('',#16374,#16725);
#16725 = DEFINITIONAL_REPRESENTATION('',(#16726),#16730);
#16726 = LINE('',#16727,#16728);
#16727 = CARTESIAN_POINT('',(4.272391992003,0.));
#16728 = VECTOR('',#16729,1.);
#16729 = DIRECTION('',(0.,-1.));
#16730 = ( GEOMETRIC_REPRESENTATION_CONTEXT(2) 
PARAMETRIC_REPRESENTATION_CONTEXT() REPRESENTATION_CONTEXT('2D SPACE',''
  ) );
#16731 = ORIENTED_EDGE('',*,*,#16732,.T.);
#16732 = EDGE_CURVE('',#16710,#16610,#16733,.T.);
#16733 = SURFACE_CURVE('',#16734,(#16738,#16745),.PCURVE_S1.);
#16734 = LINE('',#16735,#16736);
#16735 = CARTESIAN_POINT('',(22.85,47.136195996002,0.3));
#16736 = VECTOR('',#16737,1.);
#16737 = DIRECTION('',(0.,0.5,0.866025403784));
#16738 = PCURVE('',#14676,#16739);
#16739 = DEFINITIONAL_REPRESENTATION('',(#16740),#16744);
#16740 = LINE('',#16741,#16742);
#16741 = CARTESIAN_POINT('',(0.,-3.45));
#16742 = VECTOR('',#16743,1.);
#16743 = DIRECTION('',(1.,0.));
#16744 = ( GEOMETRIC_REPRESENTATION_CONTEXT(2) 
PARAMETRIC_REPRESENTATION_CONTEXT() REPRESENTATION_CONTEXT('2D SPACE',''
  ) );
#16745 = PCURVE('',#14766,#16746);
#16746 = DEFINITIONAL_REPRESENTATION('',(#16747),#16751);
#16747 = LINE('',#16748,#16749);
#16748 = CARTESIAN_POINT('',(-3.7,-2.136195996002));
#16749 = VECTOR('',#16750,1.);
#16750 = DIRECTION('',(0.866025403784,-0.5));
#16751 = ( GEOMETRIC_REPRESENTATION_CONTEXT(2) 
PARAMETRIC_REPRESENTATION_CONTEXT() REPRESENTATION_CONTEXT('2D SPACE',''
  ) );
#16752 = ORIENTED_EDGE('',*,*,#16609,.F.);
#16753 = ORIENTED_EDGE('',*,*,#16754,.F.);
#16754 = EDGE_CURVE('',#14638,#16587,#16755,.T.);
#16755 = SURFACE_CURVE('',#16756,(#16760,#16767),.PCURVE_S1.);
#16756 = LINE('',#16757,#16758);
#16757 = CARTESIAN_POINT('',(19.4,47.136195996002,0.3));
#16758 = VECTOR('',#16759,1.);
#16759 = DIRECTION('',(0.,0.5,0.866025403784));
#16760 = PCURVE('',#14676,#16761);
#16761 = DEFINITIONAL_REPRESENTATION('',(#16762),#16766);
#16762 = LINE('',#16763,#16764);
#16763 = CARTESIAN_POINT('',(0.,0.));
#16764 = VECTOR('',#16765,1.);
#16765 = DIRECTION('',(1.,0.));
#16766 = ( GEOMETRIC_REPRESENTATION_CONTEXT(2) 
PARAMETRIC_REPRESENTATION_CONTEXT() REPRESENTATION_CONTEXT('2D SPACE',''
  ) );
#16767 = PCURVE('',#14652,#16768);
#16768 = DEFINITIONAL_REPRESENTATION('',(#16769),#16773);
#16769 = LINE('',#16770,#16771);
#16770 = CARTESIAN_POINT('',(-3.7,-2.136195996002));
#16771 = VECTOR('',#16772,1.);
#16772 = DIRECTION('',(0.866025403784,-0.5));
#16773 = ( GEOMETRIC_REPRESENTATION_CONTEXT(2) 
PARAMETRIC_REPRESENTATION_CONTEXT() REPRESENTATION_CONTEXT('2D SPACE',''
  ) );
#16774 = ORIENTED_EDGE('',*,*,#14663,.F.);
#16775 = ADVANCED_FACE('',(#16776),#14652,.T.);
#16776 = FACE_BOUND('',#16777,.T.);
#16777 = EDGE_LOOP('',(#16778,#16779,#16780));
#16778 = ORIENTED_EDGE('',*,*,#16754,.T.);
#16779 = ORIENTED_EDGE('',*,*,#16586,.T.);
#16780 = ORIENTED_EDGE('',*,*,#14637,.F.);
#16781 = ADVANCED_FACE('',(#16782,#16790),#14707,.F.);
#16782 = FACE_BOUND('',#16783,.F.);
#16783 = EDGE_LOOP('',(#16784,#16785,#16786,#16787,#16788,#16789));
#16784 = ORIENTED_EDGE('',*,*,#15740,.T.);
#16785 = ORIENTED_EDGE('',*,*,#15791,.T.);
#16786 = ORIENTED_EDGE('',*,*,#15592,.T.);
#16787 = ORIENTED_EDGE('',*,*,#15493,.T.);
#16788 = ORIENTED_EDGE('',*,*,#15624,.T.);
#16789 = ORIENTED_EDGE('',*,*,#15842,.T.);
#16790 = FACE_BOUND('',#16791,.F.);
#16791 = EDGE_LOOP('',(#16792));
#16792 = ORIENTED_EDGE('',*,*,#14690,.T.);
#16793 = ADVANCED_FACE('',(#16794,#16822),#14766,.F.);
#16794 = FACE_BOUND('',#16795,.F.);
#16795 = EDGE_LOOP('',(#16796,#16797,#16798,#16799,#16800,#16821));
#16796 = ORIENTED_EDGE('',*,*,#16632,.T.);
#16797 = ORIENTED_EDGE('',*,*,#16683,.T.);
#16798 = ORIENTED_EDGE('',*,*,#16552,.T.);
#16799 = ORIENTED_EDGE('',*,*,#16453,.T.);
#16800 = ORIENTED_EDGE('',*,*,#16801,.T.);
#16801 = EDGE_CURVE('',#16454,#16710,#16802,.T.);
#16802 = SURFACE_CURVE('',#16803,(#16807,#16814),.PCURVE_S1.);
#16803 = LINE('',#16804,#16805);
#16804 = CARTESIAN_POINT('',(22.85,42.863804003998,0.3));
#16805 = VECTOR('',#16806,1.);
#16806 = DIRECTION('',(0.,1.,-6.236635739622E-16));
#16807 = PCURVE('',#14766,#16808);
#16808 = DEFINITIONAL_REPRESENTATION('',(#16809),#16813);
#16809 = LINE('',#16810,#16811);
#16810 = CARTESIAN_POINT('',(-3.7,2.136195996002));
#16811 = VECTOR('',#16812,1.);
#16812 = DIRECTION('',(-6.236635739622E-16,-1.));
#16813 = ( GEOMETRIC_REPRESENTATION_CONTEXT(2) 
PARAMETRIC_REPRESENTATION_CONTEXT() REPRESENTATION_CONTEXT('2D SPACE',''
  ) );
#16814 = PCURVE('',#16374,#16815);
#16815 = DEFINITIONAL_REPRESENTATION('',(#16816),#16820);
#16816 = LINE('',#16817,#16818);
#16817 = CARTESIAN_POINT('',(0.,-3.45));
#16818 = VECTOR('',#16819,1.);
#16819 = DIRECTION('',(1.,0.));
#16820 = ( GEOMETRIC_REPRESENTATION_CONTEXT(2) 
PARAMETRIC_REPRESENTATION_CONTEXT() REPRESENTATION_CONTEXT('2D SPACE',''
  ) );
#16821 = ORIENTED_EDGE('',*,*,#16732,.T.);
#16822 = FACE_BOUND('',#16823,.F.);
#16823 = EDGE_LOOP('',(#16824));
#16824 = ORIENTED_EDGE('',*,*,#14749,.T.);
#16825 = ADVANCED_FACE('',(#16826,#16854),#14825,.F.);
#16826 = FACE_BOUND('',#16827,.F.);
#16827 = EDGE_LOOP('',(#16828,#16829,#16830,#16831,#16832,#16853));
#16828 = ORIENTED_EDGE('',*,*,#15241,.T.);
#16829 = ORIENTED_EDGE('',*,*,#15292,.T.);
#16830 = ORIENTED_EDGE('',*,*,#15161,.T.);
#16831 = ORIENTED_EDGE('',*,*,#15062,.T.);
#16832 = ORIENTED_EDGE('',*,*,#16833,.T.);
#16833 = EDGE_CURVE('',#15063,#15319,#16834,.T.);
#16834 = SURFACE_CURVE('',#16835,(#16839,#16846),.PCURVE_S1.);
#16835 = LINE('',#16836,#16837);
#16836 = CARTESIAN_POINT('',(22.85,12.921539030917,0.4));
#16837 = VECTOR('',#16838,1.);
#16838 = DIRECTION('',(0.,1.,-5.341563017732E-16));
#16839 = PCURVE('',#14825,#16840);
#16840 = DEFINITIONAL_REPRESENTATION('',(#16841),#16845);
#16841 = LINE('',#16842,#16843);
#16842 = CARTESIAN_POINT('',(-3.6,2.078460969083));
#16843 = VECTOR('',#16844,1.);
#16844 = DIRECTION('',(-5.341563017732E-16,-1.));
#16845 = ( GEOMETRIC_REPRESENTATION_CONTEXT(2) 
PARAMETRIC_REPRESENTATION_CONTEXT() REPRESENTATION_CONTEXT('2D SPACE',''
  ) );
#16846 = PCURVE('',#14983,#16847);
#16847 = DEFINITIONAL_REPRESENTATION('',(#16848),#16852);
#16848 = LINE('',#16849,#16850);
#16849 = CARTESIAN_POINT('',(0.,-3.45));
#16850 = VECTOR('',#16851,1.);
#16851 = DIRECTION('',(1.,0.));
#16852 = ( GEOMETRIC_REPRESENTATION_CONTEXT(2) 
PARAMETRIC_REPRESENTATION_CONTEXT() REPRESENTATION_CONTEXT('2D SPACE',''
  ) );
#16853 = ORIENTED_EDGE('',*,*,#15341,.T.);
#16854 = FACE_BOUND('',#16855,.F.);
#16855 = EDGE_LOOP('',(#16856));
#16856 = ORIENTED_EDGE('',*,*,#14808,.T.);
#16857 = ADVANCED_FACE('',(#16858),#14983,.T.);
#16858 = FACE_BOUND('',#16859,.T.);
#16859 = EDGE_LOOP('',(#16860,#16861,#16862,#16863));
#16860 = ORIENTED_EDGE('',*,*,#14968,.F.);
#16861 = ORIENTED_EDGE('',*,*,#15085,.T.);
#16862 = ORIENTED_EDGE('',*,*,#16833,.T.);
#16863 = ORIENTED_EDGE('',*,*,#15318,.F.);
#16864 = ADVANCED_FACE('',(#16865),#15957,.T.);
#16865 = FACE_BOUND('',#16866,.T.);
#16866 = EDGE_LOOP('',(#16867,#16906,#16927,#16928));
#16867 = ORIENTED_EDGE('',*,*,#16868,.T.);
#16868 = EDGE_CURVE('',#16869,#16871,#16873,.T.);
#16869 = VERTEX_POINT('',#16870);
#16870 = CARTESIAN_POINT('',(15.3265625,74.384375,16.));
#16871 = VERTEX_POINT('',#16872);
#16872 = CARTESIAN_POINT('',(15.228125,74.71484375,16.));
#16873 = SURFACE_CURVE('',#16874,(#16881,#16891),.PCURVE_S1.);
#16874 = B_SPLINE_CURVE_WITH_KNOTS('',5,(#16875,#16876,#16877,#16878,
    #16879,#16880),.UNSPECIFIED.,.F.,.F.,(6,6),(0.,1.),
  .PIECEWISE_BEZIER_KNOTS.);
#16875 = CARTESIAN_POINT('',(15.3265625,74.384375,16.));
#16876 = CARTESIAN_POINT('',(15.286612766903,74.431617144694,16.));
#16877 = CARTESIAN_POINT('',(15.256853441902,74.488844730027,16.));
#16878 = CARTESIAN_POINT('',(15.237484427444,74.555693801718,16.));
#16879 = CARTESIAN_POINT('',(15.228125,74.631352539955,16.));
#16880 = CARTESIAN_POINT('',(15.228125,74.71484375,16.));
#16881 = PCURVE('',#15957,#16882);
#16882 = DEFINITIONAL_REPRESENTATION('',(#16883),#16890);
#16883 = B_SPLINE_CURVE_WITH_KNOTS('',5,(#16884,#16885,#16886,#16887,
    #16888,#16889),.UNSPECIFIED.,.F.,.F.,(6,6),(0.,1.),
  .PIECEWISE_BEZIER_KNOTS.);
#16884 = CARTESIAN_POINT('',(1.,-5.E-02));
#16885 = CARTESIAN_POINT('',(0.797080720778,-5.E-02));
#16886 = CARTESIAN_POINT('',(0.594451289618,-5.E-02));
#16887 = CARTESIAN_POINT('',(0.39342503838,-5.E-02));
#16888 = CARTESIAN_POINT('',(0.195015965069,-5.E-02));
#16889 = CARTESIAN_POINT('',(0.,-5.E-02));
#16890 = ( GEOMETRIC_REPRESENTATION_CONTEXT(2) 
PARAMETRIC_REPRESENTATION_CONTEXT() REPRESENTATION_CONTEXT('2D SPACE',''
  ) );
#16891 = PCURVE('',#16892,#16897);
#16892 = PLANE('',#16893);
#16893 = AXIS2_PLACEMENT_3D('',#16894,#16895,#16896);
#16894 = CARTESIAN_POINT('',(0.,63.,16.));
#16895 = DIRECTION('',(0.,0.,1.));
#16896 = DIRECTION('',(1.,0.,0.));
#16897 = DEFINITIONAL_REPRESENTATION('',(#16898),#16905);
#16898 = B_SPLINE_CURVE_WITH_KNOTS('',5,(#16899,#16900,#16901,#16902,
    #16903,#16904),.UNSPECIFIED.,.F.,.F.,(6,6),(0.,1.),
  .PIECEWISE_BEZIER_KNOTS.);
#16899 = CARTESIAN_POINT('',(15.3265625,11.384375));
#16900 = CARTESIAN_POINT('',(15.286612766903,11.431617144694));
#16901 = CARTESIAN_POINT('',(15.256853441902,11.488844730027));
#16902 = CARTESIAN_POINT('',(15.237484427444,11.555693801718));
#16903 = CARTESIAN_POINT('',(15.228125,11.631352539955));
#16904 = CARTESIAN_POINT('',(15.228125,11.71484375));
#16905 = ( GEOMETRIC_REPRESENTATION_CONTEXT(2) 
PARAMETRIC_REPRESENTATION_CONTEXT() REPRESENTATION_CONTEXT('2D SPACE',''
  ) );
#16906 = ORIENTED_EDGE('',*,*,#16907,.T.);
#16907 = EDGE_CURVE('',#16871,#15940,#16908,.T.);
#16908 = SURFACE_CURVE('',#16909,(#16913,#16920),.PCURVE_S1.);
#16909 = LINE('',#16910,#16911);
#16910 = CARTESIAN_POINT('',(15.228125,74.71484375,15.95));
#16911 = VECTOR('',#16912,1.);
#16912 = DIRECTION('',(0.,0.,1.));
#16913 = PCURVE('',#15957,#16914);
#16914 = DEFINITIONAL_REPRESENTATION('',(#16915),#16919);
#16915 = LINE('',#16916,#16917);
#16916 = CARTESIAN_POINT('',(0.,0.));
#16917 = VECTOR('',#16918,1.);
#16918 = DIRECTION('',(0.,-1.));
#16919 = ( GEOMETRIC_REPRESENTATION_CONTEXT(2) 
PARAMETRIC_REPRESENTATION_CONTEXT() REPRESENTATION_CONTEXT('2D SPACE',''
  ) );
#16920 = PCURVE('',#16165,#16921);
#16921 = DEFINITIONAL_REPRESENTATION('',(#16922),#16926);
#16922 = LINE('',#16923,#16924);
#16923 = CARTESIAN_POINT('',(1.,0.));
#16924 = VECTOR('',#16925,1.);
#16925 = DIRECTION('',(0.,-1.));
#16926 = ( GEOMETRIC_REPRESENTATION_CONTEXT(2) 
PARAMETRIC_REPRESENTATION_CONTEXT() REPRESENTATION_CONTEXT('2D SPACE',''
  ) );
#16927 = ORIENTED_EDGE('',*,*,#15939,.T.);
#16928 = ORIENTED_EDGE('',*,*,#16929,.F.);
#16929 = EDGE_CURVE('',#16869,#15942,#16930,.T.);
#16930 = SURFACE_CURVE('',#16931,(#16935,#16942),.PCURVE_S1.);
#16931 = LINE('',#16932,#16933);
#16932 = CARTESIAN_POINT('',(15.3265625,74.384375,15.95));
#16933 = VECTOR('',#16934,1.);
#16934 = DIRECTION('',(0.,0.,1.));
#16935 = PCURVE('',#15957,#16936);
#16936 = DEFINITIONAL_REPRESENTATION('',(#16937),#16941);
#16937 = LINE('',#16938,#16939);
#16938 = CARTESIAN_POINT('',(1.,0.));
#16939 = VECTOR('',#16940,1.);
#16940 = DIRECTION('',(0.,-1.));
#16941 = ( GEOMETRIC_REPRESENTATION_CONTEXT(2) 
PARAMETRIC_REPRESENTATION_CONTEXT() REPRESENTATION_CONTEXT('2D SPACE',''
  ) );
#16942 = PCURVE('',#15987,#16943);
#16943 = DEFINITIONAL_REPRESENTATION('',(#16944),#16948);
#16944 = LINE('',#16945,#16946);
#16945 = CARTESIAN_POINT('',(0.,0.));
#16946 = VECTOR('',#16947,1.);
#16947 = DIRECTION('',(0.,-1.));
#16948 = ( GEOMETRIC_REPRESENTATION_CONTEXT(2) 
PARAMETRIC_REPRESENTATION_CONTEXT() REPRESENTATION_CONTEXT('2D SPACE',''
  ) );
#16949 = ADVANCED_FACE('',(#16950),#15987,.T.);
#16950 = FACE_BOUND('',#16951,.T.);
#16951 = EDGE_LOOP('',(#16952,#16996,#16997,#16998));
#16952 = ORIENTED_EDGE('',*,*,#16953,.T.);
#16953 = EDGE_CURVE('',#16954,#16869,#16956,.T.);
#16954 = VERTEX_POINT('',#16955);
#16955 = CARTESIAN_POINT('',(15.5515625,74.26796875,16.));
#16956 = SURFACE_CURVE('',#16957,(#16968,#16982),.PCURVE_S1.);
#16957 = B_SPLINE_CURVE_WITH_KNOTS('',5,(#16958,#16959,#16960,#16961,
    #16962,#16963,#16964,#16965,#16966,#16967),.UNSPECIFIED.,.F.,.F.,(6,
    4,6),(0.,0.248158530215,1.),.UNSPECIFIED.);
#16958 = CARTESIAN_POINT('',(15.5515625,74.26796875,16.));
#16959 = CARTESIAN_POINT('',(15.538970863136,74.26796875,16.));
#16960 = CARTESIAN_POINT('',(15.52654273417,74.26868887696,16.));
#16961 = CARTESIAN_POINT('',(15.514282164525,74.270131539215,16.));
#16962 = CARTESIAN_POINT('',(15.502192854471,74.272297535292,16.));
#16963 = CARTESIAN_POINT('',(15.454180395113,74.283937347197,16.));
#16964 = CARTESIAN_POINT('',(15.419684121127,74.299320914286,16.));
#16965 = CARTESIAN_POINT('',(15.386885864394,74.321314177246,16.));
#16966 = CARTESIAN_POINT('',(15.355838864742,74.349754536932,16.));
#16967 = CARTESIAN_POINT('',(15.3265625,74.384375,16.));
#16968 = PCURVE('',#15987,#16969);
#16969 = DEFINITIONAL_REPRESENTATION('',(#16970),#16981);
#16970 = B_SPLINE_CURVE_WITH_KNOTS('',5,(#16971,#16972,#16973,#16974,
    #16975,#16976,#16977,#16978,#16979,#16980),.UNSPECIFIED.,.F.,.F.,(6,
    4,6),(0.,0.248158530215,1.),.UNSPECIFIED.);
#16971 = CARTESIAN_POINT('',(1.,-5.E-02));
#16972 = CARTESIAN_POINT('',(0.950255261774,-5.E-02));
#16973 = CARTESIAN_POINT('',(0.900469111166,-5.E-02));
#16974 = CARTESIAN_POINT('',(0.850655255017,-5.E-02));
#16975 = CARTESIAN_POINT('',(0.800827549476,-5.E-02));
#16976 = CARTESIAN_POINT('',(0.600038362689,-5.E-02));
#16977 = CARTESIAN_POINT('',(0.449072993848,-5.E-02));
#16978 = CARTESIAN_POINT('',(0.29850681021,-5.E-02));
#16979 = CARTESIAN_POINT('',(0.148705344721,-5.E-02));
#16980 = CARTESIAN_POINT('',(0.,-5.E-02));
#16981 = ( GEOMETRIC_REPRESENTATION_CONTEXT(2) 
PARAMETRIC_REPRESENTATION_CONTEXT() REPRESENTATION_CONTEXT('2D SPACE',''
  ) );
#16982 = PCURVE('',#16892,#16983);
#16983 = DEFINITIONAL_REPRESENTATION('',(#16984),#16995);
#16984 = B_SPLINE_CURVE_WITH_KNOTS('',5,(#16985,#16986,#16987,#16988,
    #16989,#16990,#16991,#16992,#16993,#16994),.UNSPECIFIED.,.F.,.F.,(6,
    4,6),(0.,0.248158530215,1.),.UNSPECIFIED.);
#16985 = CARTESIAN_POINT('',(15.5515625,11.26796875));
#16986 = CARTESIAN_POINT('',(15.538970863136,11.26796875));
#16987 = CARTESIAN_POINT('',(15.52654273417,11.26868887696));
#16988 = CARTESIAN_POINT('',(15.514282164525,11.270131539215));
#16989 = CARTESIAN_POINT('',(15.502192854471,11.272297535292));
#16990 = CARTESIAN_POINT('',(15.454180395113,11.283937347197));
#16991 = CARTESIAN_POINT('',(15.419684121127,11.299320914286));
#16992 = CARTESIAN_POINT('',(15.386885864394,11.321314177246));
#16993 = CARTESIAN_POINT('',(15.355838864742,11.349754536932));
#16994 = CARTESIAN_POINT('',(15.3265625,11.384375));
#16995 = ( GEOMETRIC_REPRESENTATION_CONTEXT(2) 
PARAMETRIC_REPRESENTATION_CONTEXT() REPRESENTATION_CONTEXT('2D SPACE',''
  ) );
#16996 = ORIENTED_EDGE('',*,*,#16929,.T.);
#16997 = ORIENTED_EDGE('',*,*,#15971,.T.);
#16998 = ORIENTED_EDGE('',*,*,#16999,.F.);
#16999 = EDGE_CURVE('',#16954,#15972,#17000,.T.);
#17000 = SURFACE_CURVE('',#17001,(#17005,#17012),.PCURVE_S1.);
#17001 = LINE('',#17002,#17003);
#17002 = CARTESIAN_POINT('',(15.5515625,74.26796875,15.95));
#17003 = VECTOR('',#17004,1.);
#17004 = DIRECTION('',(0.,0.,1.));
#17005 = PCURVE('',#15987,#17006);
#17006 = DEFINITIONAL_REPRESENTATION('',(#17007),#17011);
#17007 = LINE('',#17008,#17009);
#17008 = CARTESIAN_POINT('',(1.,0.));
#17009 = VECTOR('',#17010,1.);
#17010 = DIRECTION('',(0.,-1.));
#17011 = ( GEOMETRIC_REPRESENTATION_CONTEXT(2) 
PARAMETRIC_REPRESENTATION_CONTEXT() REPRESENTATION_CONTEXT('2D SPACE',''
  ) );
#17012 = PCURVE('',#16017,#17013);
#17013 = DEFINITIONAL_REPRESENTATION('',(#17014),#17018);
#17014 = LINE('',#17015,#17016);
#17015 = CARTESIAN_POINT('',(0.,0.));
#17016 = VECTOR('',#17017,1.);
#17017 = DIRECTION('',(0.,-1.));
#17018 = ( GEOMETRIC_REPRESENTATION_CONTEXT(2) 
PARAMETRIC_REPRESENTATION_CONTEXT() REPRESENTATION_CONTEXT('2D SPACE',''
  ) );
#17019 = ADVANCED_FACE('',(#17020),#16017,.T.);
#17020 = FACE_BOUND('',#17021,.T.);
#17021 = EDGE_LOOP('',(#17022,#17060,#17061,#17062));
#17022 = ORIENTED_EDGE('',*,*,#17023,.T.);
#17023 = EDGE_CURVE('',#17024,#16954,#17026,.T.);
#17024 = VERTEX_POINT('',#17025);
#17025 = CARTESIAN_POINT('',(15.7546875,74.36328125,16.));
#17026 = SURFACE_CURVE('',#17027,(#17036,#17048),.PCURVE_S1.);
#17027 = B_SPLINE_CURVE_WITH_KNOTS('',4,(#17028,#17029,#17030,#17031,
    #17032,#17033,#17034,#17035),.UNSPECIFIED.,.F.,.F.,(5,3,5),(0.,
    0.540128449223,1.),.UNSPECIFIED.);
#17028 = CARTESIAN_POINT('',(15.7546875,74.36328125,16.));
#17029 = CARTESIAN_POINT('',(15.732836095095,74.337647871169,16.));
#17030 = CARTESIAN_POINT('',(15.708940411031,74.316509942582,16.));
#17031 = CARTESIAN_POINT('',(15.683006728348,74.299997994359,16.));
#17032 = CARTESIAN_POINT('',(15.631323691863,74.278038182066,16.));
#17033 = CARTESIAN_POINT('',(15.606119326511,74.271310719481,16.));
#17034 = CARTESIAN_POINT('',(15.579513135193,74.26796875,16.));
#17035 = CARTESIAN_POINT('',(15.5515625,74.26796875,16.));
#17036 = PCURVE('',#16017,#17037);
#17037 = DEFINITIONAL_REPRESENTATION('',(#17038),#17047);
#17038 = B_SPLINE_CURVE_WITH_KNOTS('',4,(#17039,#17040,#17041,#17042,
    #17043,#17044,#17045,#17046),.UNSPECIFIED.,.F.,.F.,(5,3,5),(0.,
    0.540128449223,1.),.UNSPECIFIED.);
#17039 = CARTESIAN_POINT('',(1.,-5.E-02));
#17040 = CARTESIAN_POINT('',(0.86552981597,-5.E-02));
#17041 = CARTESIAN_POINT('',(0.730533742247,-5.E-02));
#17042 = CARTESIAN_POINT('',(0.595265794539,-5.E-02));
#17043 = CARTESIAN_POINT('',(0.344833152575,-5.E-02));
#17044 = CARTESIAN_POINT('',(0.229666759054,-5.E-02));
#17045 = CARTESIAN_POINT('',(0.114669272585,-5.E-02));
#17046 = CARTESIAN_POINT('',(0.,-5.E-02));
#17047 = ( GEOMETRIC_REPRESENTATION_CONTEXT(2) 
PARAMETRIC_REPRESENTATION_CONTEXT() REPRESENTATION_CONTEXT('2D SPACE',''
  ) );
#17048 = PCURVE('',#16892,#17049);
#17049 = DEFINITIONAL_REPRESENTATION('',(#17050),#17059);
#17050 = B_SPLINE_CURVE_WITH_KNOTS('',4,(#17051,#17052,#17053,#17054,
    #17055,#17056,#17057,#17058),.UNSPECIFIED.,.F.,.F.,(5,3,5),(0.,
    0.540128449223,1.),.UNSPECIFIED.);
#17051 = CARTESIAN_POINT('',(15.7546875,11.36328125));
#17052 = CARTESIAN_POINT('',(15.732836095095,11.337647871169));
#17053 = CARTESIAN_POINT('',(15.708940411031,11.316509942582));
#17054 = CARTESIAN_POINT('',(15.683006728348,11.299997994359));
#17055 = CARTESIAN_POINT('',(15.631323691863,11.278038182066));
#17056 = CARTESIAN_POINT('',(15.606119326511,11.271310719481));
#17057 = CARTESIAN_POINT('',(15.579513135193,11.26796875));
#17058 = CARTESIAN_POINT('',(15.5515625,11.26796875));
#17059 = ( GEOMETRIC_REPRESENTATION_CONTEXT(2) 
PARAMETRIC_REPRESENTATION_CONTEXT() REPRESENTATION_CONTEXT('2D SPACE',''
  ) );
#17060 = ORIENTED_EDGE('',*,*,#16999,.T.);
#17061 = ORIENTED_EDGE('',*,*,#16001,.T.);
#17062 = ORIENTED_EDGE('',*,*,#17063,.F.);
#17063 = EDGE_CURVE('',#17024,#16002,#17064,.T.);
#17064 = SURFACE_CURVE('',#17065,(#17069,#17076),.PCURVE_S1.);
#17065 = LINE('',#17066,#17067);
#17066 = CARTESIAN_POINT('',(15.7546875,74.36328125,15.95));
#17067 = VECTOR('',#17068,1.);
#17068 = DIRECTION('',(0.,0.,1.));
#17069 = PCURVE('',#16017,#17070);
#17070 = DEFINITIONAL_REPRESENTATION('',(#17071),#17075);
#17071 = LINE('',#17072,#17073);
#17072 = CARTESIAN_POINT('',(1.,0.));
#17073 = VECTOR('',#17074,1.);
#17074 = DIRECTION('',(0.,-1.));
#17075 = ( GEOMETRIC_REPRESENTATION_CONTEXT(2) 
PARAMETRIC_REPRESENTATION_CONTEXT() REPRESENTATION_CONTEXT('2D SPACE',''
  ) );
#17076 = PCURVE('',#16047,#17077);
#17077 = DEFINITIONAL_REPRESENTATION('',(#17078),#17082);
#17078 = LINE('',#17079,#17080);
#17079 = CARTESIAN_POINT('',(0.,0.));
#17080 = VECTOR('',#17081,1.);
#17081 = DIRECTION('',(0.,-1.));
#17082 = ( GEOMETRIC_REPRESENTATION_CONTEXT(2) 
PARAMETRIC_REPRESENTATION_CONTEXT() REPRESENTATION_CONTEXT('2D SPACE',''
  ) );
#17083 = ADVANCED_FACE('',(#17084),#16047,.T.);
#17084 = FACE_BOUND('',#17085,.T.);
#17085 = EDGE_LOOP('',(#17086,#17118,#17119,#17120));
#17086 = ORIENTED_EDGE('',*,*,#17087,.T.);
#17087 = EDGE_CURVE('',#17088,#17024,#17090,.T.);
#17088 = VERTEX_POINT('',#17089);
#17089 = CARTESIAN_POINT('',(15.8359375,74.67578125,16.));
#17090 = SURFACE_CURVE('',#17091,(#17098,#17108),.PCURVE_S1.);
#17091 = B_SPLINE_CURVE_WITH_KNOTS('',5,(#17092,#17093,#17094,#17095,
    #17096,#17097),.UNSPECIFIED.,.F.,.F.,(6,6),(0.,1.),
  .PIECEWISE_BEZIER_KNOTS.);
#17092 = CARTESIAN_POINT('',(15.8359375,74.67578125,16.));
#17093 = CARTESIAN_POINT('',(15.8359375,74.591793444881,16.));
#17094 = CARTESIAN_POINT('',(15.828343076275,74.517372816213,16.));
#17095 = CARTESIAN_POINT('',(15.812497641976,74.453804533635,16.));
#17096 = CARTESIAN_POINT('',(15.78791822966,74.402263452101,16.));
#17097 = CARTESIAN_POINT('',(15.7546875,74.36328125,16.));
#17098 = PCURVE('',#16047,#17099);
#17099 = DEFINITIONAL_REPRESENTATION('',(#17100),#17107);
#17100 = B_SPLINE_CURVE_WITH_KNOTS('',5,(#17101,#17102,#17103,#17104,
    #17105,#17106),.UNSPECIFIED.,.F.,.F.,(6,6),(0.,1.),
  .PIECEWISE_BEZIER_KNOTS.);
#17101 = CARTESIAN_POINT('',(1.,-5.E-02));
#17102 = CARTESIAN_POINT('',(0.806646779583,-5.E-02));
#17103 = CARTESIAN_POINT('',(0.609093365469,-5.E-02));
#17104 = CARTESIAN_POINT('',(0.408031071309,-5.E-02));
#17105 = CARTESIAN_POINT('',(0.204496797905,-5.E-02));
#17106 = CARTESIAN_POINT('',(0.,-5.E-02));
#17107 = ( GEOMETRIC_REPRESENTATION_CONTEXT(2) 
PARAMETRIC_REPRESENTATION_CONTEXT() REPRESENTATION_CONTEXT('2D SPACE',''
  ) );
#17108 = PCURVE('',#16892,#17109);
#17109 = DEFINITIONAL_REPRESENTATION('',(#17110),#17117);
#17110 = B_SPLINE_CURVE_WITH_KNOTS('',5,(#17111,#17112,#17113,#17114,
    #17115,#17116),.UNSPECIFIED.,.F.,.F.,(6,6),(0.,1.),
  .PIECEWISE_BEZIER_KNOTS.);
#17111 = CARTESIAN_POINT('',(15.8359375,11.67578125));
#17112 = CARTESIAN_POINT('',(15.8359375,11.591793444881));
#17113 = CARTESIAN_POINT('',(15.828343076275,11.517372816213));
#17114 = CARTESIAN_POINT('',(15.812497641976,11.453804533635));
#17115 = CARTESIAN_POINT('',(15.78791822966,11.402263452101));
#17116 = CARTESIAN_POINT('',(15.7546875,11.36328125));
#17117 = ( GEOMETRIC_REPRESENTATION_CONTEXT(2) 
PARAMETRIC_REPRESENTATION_CONTEXT() REPRESENTATION_CONTEXT('2D SPACE',''
  ) );
#17118 = ORIENTED_EDGE('',*,*,#17063,.T.);
#17119 = ORIENTED_EDGE('',*,*,#16031,.T.);
#17120 = ORIENTED_EDGE('',*,*,#17121,.F.);
#17121 = EDGE_CURVE('',#17088,#16032,#17122,.T.);
#17122 = SURFACE_CURVE('',#17123,(#17127,#17134),.PCURVE_S1.);
#17123 = LINE('',#17124,#17125);
#17124 = CARTESIAN_POINT('',(15.8359375,74.67578125,15.95));
#17125 = VECTOR('',#17126,1.);
#17126 = DIRECTION('',(0.,0.,1.));
#17127 = PCURVE('',#16047,#17128);
#17128 = DEFINITIONAL_REPRESENTATION('',(#17129),#17133);
#17129 = LINE('',#17130,#17131);
#17130 = CARTESIAN_POINT('',(1.,0.));
#17131 = VECTOR('',#17132,1.);
#17132 = DIRECTION('',(0.,-1.));
#17133 = ( GEOMETRIC_REPRESENTATION_CONTEXT(2) 
PARAMETRIC_REPRESENTATION_CONTEXT() REPRESENTATION_CONTEXT('2D SPACE',''
  ) );
#17134 = PCURVE('',#16077,#17135);
#17135 = DEFINITIONAL_REPRESENTATION('',(#17136),#17140);
#17136 = LINE('',#17137,#17138);
#17137 = CARTESIAN_POINT('',(0.,0.));
#17138 = VECTOR('',#17139,1.);
#17139 = DIRECTION('',(0.,-1.));
#17140 = ( GEOMETRIC_REPRESENTATION_CONTEXT(2) 
PARAMETRIC_REPRESENTATION_CONTEXT() REPRESENTATION_CONTEXT('2D SPACE',''
  ) );
#17141 = ADVANCED_FACE('',(#17142),#16077,.T.);
#17142 = FACE_BOUND('',#17143,.T.);
#17143 = EDGE_LOOP('',(#17144,#17176,#17177,#17178));
#17144 = ORIENTED_EDGE('',*,*,#17145,.T.);
#17145 = EDGE_CURVE('',#17146,#17088,#17148,.T.);
#17146 = VERTEX_POINT('',#17147);
#17147 = CARTESIAN_POINT('',(15.7484375,75.003125,16.));
#17148 = SURFACE_CURVE('',#17149,(#17156,#17166),.PCURVE_S1.);
#17149 = B_SPLINE_CURVE_WITH_KNOTS('',5,(#17150,#17151,#17152,#17153,
    #17154,#17155),.UNSPECIFIED.,.F.,.F.,(6,6),(0.,1.),
  .PIECEWISE_BEZIER_KNOTS.);
#17150 = CARTESIAN_POINT('',(15.7484375,75.003125,16.));
#17151 = CARTESIAN_POINT('',(15.784210801647,74.960644204294,16.));
#17152 = CARTESIAN_POINT('',(15.810684980968,74.90586294783,16.));
#17153 = CARTESIAN_POINT('',(15.827755851562,74.839323908347,16.));
#17154 = CARTESIAN_POINT('',(15.8359375,74.762202062422,16.));
#17155 = CARTESIAN_POINT('',(15.8359375,74.67578125,16.));
#17156 = PCURVE('',#16077,#17157);
#17157 = DEFINITIONAL_REPRESENTATION('',(#17158),#17165);
#17158 = B_SPLINE_CURVE_WITH_KNOTS('',5,(#17159,#17160,#17161,#17162,
    #17163,#17164),.UNSPECIFIED.,.F.,.F.,(6,6),(0.,1.),
  .PIECEWISE_BEZIER_KNOTS.);
#17159 = CARTESIAN_POINT('',(1.,-5.E-02));
#17160 = CARTESIAN_POINT('',(0.795581133443,-5.E-02));
#17161 = CARTESIAN_POINT('',(0.59206364773,-5.E-02));
#17162 = CARTESIAN_POINT('',(0.390980418501,-5.E-02));
#17163 = CARTESIAN_POINT('',(0.193389230596,-5.E-02));
#17164 = CARTESIAN_POINT('',(0.,-5.E-02));
#17165 = ( GEOMETRIC_REPRESENTATION_CONTEXT(2) 
PARAMETRIC_REPRESENTATION_CONTEXT() REPRESENTATION_CONTEXT('2D SPACE',''
  ) );
#17166 = PCURVE('',#16892,#17167);
#17167 = DEFINITIONAL_REPRESENTATION('',(#17168),#17175);
#17168 = B_SPLINE_CURVE_WITH_KNOTS('',5,(#17169,#17170,#17171,#17172,
    #17173,#17174),.UNSPECIFIED.,.F.,.F.,(6,6),(0.,1.),
  .PIECEWISE_BEZIER_KNOTS.);
#17169 = CARTESIAN_POINT('',(15.7484375,12.003125));
#17170 = CARTESIAN_POINT('',(15.784210801647,11.960644204294));
#17171 = CARTESIAN_POINT('',(15.810684980968,11.90586294783));
#17172 = CARTESIAN_POINT('',(15.827755851562,11.839323908348));
#17173 = CARTESIAN_POINT('',(15.8359375,11.762202062422));
#17174 = CARTESIAN_POINT('',(15.8359375,11.67578125));
#17175 = ( GEOMETRIC_REPRESENTATION_CONTEXT(2) 
PARAMETRIC_REPRESENTATION_CONTEXT() REPRESENTATION_CONTEXT('2D SPACE',''
  ) );
#17176 = ORIENTED_EDGE('',*,*,#17121,.T.);
#17177 = ORIENTED_EDGE('',*,*,#16061,.T.);
#17178 = ORIENTED_EDGE('',*,*,#17179,.F.);
#17179 = EDGE_CURVE('',#17146,#16062,#17180,.T.);
#17180 = SURFACE_CURVE('',#17181,(#17185,#17192),.PCURVE_S1.);
#17181 = LINE('',#17182,#17183);
#17182 = CARTESIAN_POINT('',(15.7484375,75.003125,15.95));
#17183 = VECTOR('',#17184,1.);
#17184 = DIRECTION('',(0.,0.,1.));
#17185 = PCURVE('',#16077,#17186);
#17186 = DEFINITIONAL_REPRESENTATION('',(#17187),#17191);
#17187 = LINE('',#17188,#17189);
#17188 = CARTESIAN_POINT('',(1.,0.));
#17189 = VECTOR('',#17190,1.);
#17190 = DIRECTION('',(0.,-1.));
#17191 = ( GEOMETRIC_REPRESENTATION_CONTEXT(2) 
PARAMETRIC_REPRESENTATION_CONTEXT() REPRESENTATION_CONTEXT('2D SPACE',''
  ) );
#17192 = PCURVE('',#16107,#17193);
#17193 = DEFINITIONAL_REPRESENTATION('',(#17194),#17198);
#17194 = LINE('',#17195,#17196);
#17195 = CARTESIAN_POINT('',(0.,0.));
#17196 = VECTOR('',#17197,1.);
#17197 = DIRECTION('',(0.,-1.));
#17198 = ( GEOMETRIC_REPRESENTATION_CONTEXT(2) 
PARAMETRIC_REPRESENTATION_CONTEXT() REPRESENTATION_CONTEXT('2D SPACE',''
  ) );
#17199 = ADVANCED_FACE('',(#17200),#16107,.T.);
#17200 = FACE_BOUND('',#17201,.T.);
#17201 = EDGE_LOOP('',(#17202,#17240,#17241,#17242));
#17202 = ORIENTED_EDGE('',*,*,#17203,.T.);
#17203 = EDGE_CURVE('',#17204,#17146,#17206,.T.);
#17204 = VERTEX_POINT('',#17205);
#17205 = CARTESIAN_POINT('',(15.5296875,75.10703125,16.));
#17206 = SURFACE_CURVE('',#17207,(#17216,#17228),.PCURVE_S1.);
#17207 = B_SPLINE_CURVE_WITH_KNOTS('',4,(#17208,#17209,#17210,#17211,
    #17212,#17213,#17214,#17215),.UNSPECIFIED.,.F.,.F.,(5,3,5),(0.,
    0.452807471308,1.),.UNSPECIFIED.);
#17208 = CARTESIAN_POINT('',(15.5296875,75.10703125,16.));
#17209 = CARTESIAN_POINT('',(15.55931908236,75.10703125,16.));
#17210 = CARTESIAN_POINT('',(15.587560087935,75.103500651213,16.));
#17211 = CARTESIAN_POINT('',(15.614341885845,75.096387337789,16.));
#17212 = CARTESIAN_POINT('',(15.67017184009,75.072804278494,16.));
#17213 = CARTESIAN_POINT('',(15.698529169992,75.054692936873,16.));
#17214 = CARTESIAN_POINT('',(15.72462001551,75.031408262832,16.));
#17215 = CARTESIAN_POINT('',(15.7484375,75.003125,16.));
#17216 = PCURVE('',#16107,#17217);
#17217 = DEFINITIONAL_REPRESENTATION('',(#17218),#17227);
#17218 = B_SPLINE_CURVE_WITH_KNOTS('',4,(#17219,#17220,#17221,#17222,
    #17223,#17224,#17225,#17226),.UNSPECIFIED.,.F.,.F.,(5,3,5),(0.,
    0.452807471308,1.),.UNSPECIFIED.);
#17219 = CARTESIAN_POINT('',(1.,-5.E-02));
#17220 = CARTESIAN_POINT('',(0.887117781487,-5.E-02));
#17221 = CARTESIAN_POINT('',(0.773869882495,-5.E-02));
#17222 = CARTESIAN_POINT('',(0.660434159648,-5.E-02));
#17223 = CARTESIAN_POINT('',(0.40992115614,-5.E-02));
#17224 = CARTESIAN_POINT('',(0.272842459175,-5.E-02));
#17225 = CARTESIAN_POINT('',(0.136099911373,-5.E-02));
#17226 = CARTESIAN_POINT('',(0.,-5.E-02));
#17227 = ( GEOMETRIC_REPRESENTATION_CONTEXT(2) 
PARAMETRIC_REPRESENTATION_CONTEXT() REPRESENTATION_CONTEXT('2D SPACE',''
  ) );
#17228 = PCURVE('',#16892,#17229);
#17229 = DEFINITIONAL_REPRESENTATION('',(#17230),#17239);
#17230 = B_SPLINE_CURVE_WITH_KNOTS('',4,(#17231,#17232,#17233,#17234,
    #17235,#17236,#17237,#17238),.UNSPECIFIED.,.F.,.F.,(5,3,5),(0.,
    0.452807471308,1.),.UNSPECIFIED.);
#17231 = CARTESIAN_POINT('',(15.5296875,12.10703125));
#17232 = CARTESIAN_POINT('',(15.55931908236,12.10703125));
#17233 = CARTESIAN_POINT('',(15.587560087935,12.103500651213));
#17234 = CARTESIAN_POINT('',(15.614341885845,12.096387337789));
#17235 = CARTESIAN_POINT('',(15.67017184009,12.072804278494));
#17236 = CARTESIAN_POINT('',(15.698529169992,12.054692936873));
#17237 = CARTESIAN_POINT('',(15.72462001551,12.031408262832));
#17238 = CARTESIAN_POINT('',(15.7484375,12.003125));
#17239 = ( GEOMETRIC_REPRESENTATION_CONTEXT(2) 
PARAMETRIC_REPRESENTATION_CONTEXT() REPRESENTATION_CONTEXT('2D SPACE',''
  ) );
#17240 = ORIENTED_EDGE('',*,*,#17179,.T.);
#17241 = ORIENTED_EDGE('',*,*,#16091,.T.);
#17242 = ORIENTED_EDGE('',*,*,#17243,.F.);
#17243 = EDGE_CURVE('',#17204,#16092,#17244,.T.);
#17244 = SURFACE_CURVE('',#17245,(#17249,#17256),.PCURVE_S1.);
#17245 = LINE('',#17246,#17247);
#17246 = CARTESIAN_POINT('',(15.5296875,75.10703125,15.95));
#17247 = VECTOR('',#17248,1.);
#17248 = DIRECTION('',(0.,0.,1.));
#17249 = PCURVE('',#16107,#17250);
#17250 = DEFINITIONAL_REPRESENTATION('',(#17251),#17255);
#17251 = LINE('',#17252,#17253);
#17252 = CARTESIAN_POINT('',(1.,0.));
#17253 = VECTOR('',#17254,1.);
#17254 = DIRECTION('',(0.,-1.));
#17255 = ( GEOMETRIC_REPRESENTATION_CONTEXT(2) 
PARAMETRIC_REPRESENTATION_CONTEXT() REPRESENTATION_CONTEXT('2D SPACE',''
  ) );
#17256 = PCURVE('',#16137,#17257);
#17257 = DEFINITIONAL_REPRESENTATION('',(#17258),#17262);
#17258 = LINE('',#17259,#17260);
#17259 = CARTESIAN_POINT('',(0.,0.));
#17260 = VECTOR('',#17261,1.);
#17261 = DIRECTION('',(0.,-1.));
#17262 = ( GEOMETRIC_REPRESENTATION_CONTEXT(2) 
PARAMETRIC_REPRESENTATION_CONTEXT() REPRESENTATION_CONTEXT('2D SPACE',''
  ) );
#17263 = ADVANCED_FACE('',(#17264),#16137,.T.);
#17264 = FACE_BOUND('',#17265,.T.);
#17265 = EDGE_LOOP('',(#17266,#17304,#17305,#17306));
#17266 = ORIENTED_EDGE('',*,*,#17267,.T.);
#17267 = EDGE_CURVE('',#17268,#17204,#17270,.T.);
#17268 = VERTEX_POINT('',#17269);
#17269 = CARTESIAN_POINT('',(15.315625,75.0078125,16.));
#17270 = SURFACE_CURVE('',#17271,(#17280,#17292),.PCURVE_S1.);
#17271 = B_SPLINE_CURVE_WITH_KNOTS('',4,(#17272,#17273,#17274,#17275,
    #17276,#17277,#17278,#17279),.UNSPECIFIED.,.F.,.F.,(5,3,5),(0.,
    0.564230972149,1.),.UNSPECIFIED.);
#17272 = CARTESIAN_POINT('',(15.315625,75.0078125,16.));
#17273 = CARTESIAN_POINT('',(15.340188088288,75.035665287612,16.));
#17274 = CARTESIAN_POINT('',(15.366913940932,75.058431318664,16.));
#17275 = CARTESIAN_POINT('',(15.395791991151,75.075943047853,16.));
#17276 = CARTESIAN_POINT('',(15.450660715799,75.097613454567,16.));
#17277 = CARTESIAN_POINT('',(15.475812043437,75.10390476713,16.));
#17278 = CARTESIAN_POINT('',(15.502171432408,75.10703125,16.));
#17279 = CARTESIAN_POINT('',(15.5296875,75.10703125,16.));
#17280 = PCURVE('',#16137,#17281);
#17281 = DEFINITIONAL_REPRESENTATION('',(#17282),#17291);
#17282 = B_SPLINE_CURVE_WITH_KNOTS('',4,(#17283,#17284,#17285,#17286,
    #17287,#17288,#17289,#17290),.UNSPECIFIED.,.F.,.F.,(5,3,5),(0.,
    0.564230972149,1.),.UNSPECIFIED.);
#17283 = CARTESIAN_POINT('',(1.,-5.E-02));
#17284 = CARTESIAN_POINT('',(0.859639495499,-5.E-02));
#17285 = CARTESIAN_POINT('',(0.718646480207,-5.E-02));
#17286 = CARTESIAN_POINT('',(0.577323292891,-5.E-02));
#17287 = CARTESIAN_POINT('',(0.326852652556,-5.E-02));
#17288 = CARTESIAN_POINT('',(0.217704119825,-5.E-02));
#17289 = CARTESIAN_POINT('',(0.108705452216,-5.E-02));
#17290 = CARTESIAN_POINT('',(0.,-5.E-02));
#17291 = ( GEOMETRIC_REPRESENTATION_CONTEXT(2) 
PARAMETRIC_REPRESENTATION_CONTEXT() REPRESENTATION_CONTEXT('2D SPACE',''
  ) );
#17292 = PCURVE('',#16892,#17293);
#17293 = DEFINITIONAL_REPRESENTATION('',(#17294),#17303);
#17294 = B_SPLINE_CURVE_WITH_KNOTS('',4,(#17295,#17296,#17297,#17298,
    #17299,#17300,#17301,#17302),.UNSPECIFIED.,.F.,.F.,(5,3,5),(0.,
    0.564230972149,1.),.UNSPECIFIED.);
#17295 = CARTESIAN_POINT('',(15.315625,12.0078125));
#17296 = CARTESIAN_POINT('',(15.340188088288,12.035665287612));
#17297 = CARTESIAN_POINT('',(15.366913940932,12.058431318664));
#17298 = CARTESIAN_POINT('',(15.395791991151,12.075943047853));
#17299 = CARTESIAN_POINT('',(15.450660715799,12.097613454567));
#17300 = CARTESIAN_POINT('',(15.475812043437,12.10390476713));
#17301 = CARTESIAN_POINT('',(15.502171432408,12.10703125));
#17302 = CARTESIAN_POINT('',(15.5296875,12.10703125));
#17303 = ( GEOMETRIC_REPRESENTATION_CONTEXT(2) 
PARAMETRIC_REPRESENTATION_CONTEXT() REPRESENTATION_CONTEXT('2D SPACE',''
  ) );
#17304 = ORIENTED_EDGE('',*,*,#17243,.T.);
#17305 = ORIENTED_EDGE('',*,*,#16121,.T.);
#17306 = ORIENTED_EDGE('',*,*,#17307,.F.);
#17307 = EDGE_CURVE('',#17268,#16122,#17308,.T.);
#17308 = SURFACE_CURVE('',#17309,(#17313,#17320),.PCURVE_S1.);
#17309 = LINE('',#17310,#17311);
#17310 = CARTESIAN_POINT('',(15.315625,75.0078125,15.95));
#17311 = VECTOR('',#17312,1.);
#17312 = DIRECTION('',(0.,0.,1.));
#17313 = PCURVE('',#16137,#17314);
#17314 = DEFINITIONAL_REPRESENTATION('',(#17315),#17319);
#17315 = LINE('',#17316,#17317);
#17316 = CARTESIAN_POINT('',(1.,0.));
#17317 = VECTOR('',#17318,1.);
#17318 = DIRECTION('',(0.,-1.));
#17319 = ( GEOMETRIC_REPRESENTATION_CONTEXT(2) 
PARAMETRIC_REPRESENTATION_CONTEXT() REPRESENTATION_CONTEXT('2D SPACE',''
  ) );
#17320 = PCURVE('',#16165,#17321);
#17321 = DEFINITIONAL_REPRESENTATION('',(#17322),#17326);
#17322 = LINE('',#17323,#17324);
#17323 = CARTESIAN_POINT('',(0.,0.));
#17324 = VECTOR('',#17325,1.);
#17325 = DIRECTION('',(0.,-1.));
#17326 = ( GEOMETRIC_REPRESENTATION_CONTEXT(2) 
PARAMETRIC_REPRESENTATION_CONTEXT() REPRESENTATION_CONTEXT('2D SPACE',''
  ) );
#17327 = ADVANCED_FACE('',(#17328),#16165,.T.);
#17328 = FACE_BOUND('',#17329,.T.);
#17329 = EDGE_LOOP('',(#17330,#17360,#17361,#17362));
#17330 = ORIENTED_EDGE('',*,*,#17331,.T.);
#17331 = EDGE_CURVE('',#16871,#17268,#17332,.T.);
#17332 = SURFACE_CURVE('',#17333,(#17340,#17350),.PCURVE_S1.);
#17333 = B_SPLINE_CURVE_WITH_KNOTS('',5,(#17334,#17335,#17336,#17337,
    #17338,#17339),.UNSPECIFIED.,.F.,.F.,(6,6),(0.,1.),
  .PIECEWISE_BEZIER_KNOTS.);
#17334 = CARTESIAN_POINT('',(15.228125,74.71484375,16.));
#17335 = CARTESIAN_POINT('',(15.228125,74.790594252859,16.));
#17336 = CARTESIAN_POINT('',(15.236484517917,74.85850280957,16.));
#17337 = CARTESIAN_POINT('',(15.253727819632,74.917727992328,16.));
#17338 = CARTESIAN_POINT('',(15.280156328268,74.967593559732,16.));
#17339 = CARTESIAN_POINT('',(15.315625,75.0078125,16.));
#17340 = PCURVE('',#16165,#17341);
#17341 = DEFINITIONAL_REPRESENTATION('',(#17342),#17349);
#17342 = B_SPLINE_CURVE_WITH_KNOTS('',5,(#17343,#17344,#17345,#17346,
    #17347,#17348),.UNSPECIFIED.,.F.,.F.,(6,6),(0.,1.),
  .PIECEWISE_BEZIER_KNOTS.);
#17343 = CARTESIAN_POINT('',(1.,-5.E-02));
#17344 = CARTESIAN_POINT('',(0.804514831332,-5.E-02));
#17345 = CARTESIAN_POINT('',(0.605960452999,-5.E-02));
#17346 = CARTESIAN_POINT('',(0.405046628658,-5.E-02));
#17347 = CARTESIAN_POINT('',(0.202678124186,-5.E-02));
#17348 = CARTESIAN_POINT('',(0.,-5.E-02));
#17349 = ( GEOMETRIC_REPRESENTATION_CONTEXT(2) 
PARAMETRIC_REPRESENTATION_CONTEXT() REPRESENTATION_CONTEXT('2D SPACE',''
  ) );
#17350 = PCURVE('',#16892,#17351);
#17351 = DEFINITIONAL_REPRESENTATION('',(#17352),#17359);
#17352 = B_SPLINE_CURVE_WITH_KNOTS('',5,(#17353,#17354,#17355,#17356,
    #17357,#17358),.UNSPECIFIED.,.F.,.F.,(6,6),(0.,1.),
  .PIECEWISE_BEZIER_KNOTS.);
#17353 = CARTESIAN_POINT('',(15.228125,11.71484375));
#17354 = CARTESIAN_POINT('',(15.228125,11.790594252859));
#17355 = CARTESIAN_POINT('',(15.236484517917,11.85850280957));
#17356 = CARTESIAN_POINT('',(15.253727819632,11.917727992328));
#17357 = CARTESIAN_POINT('',(15.280156328268,11.967593559732));
#17358 = CARTESIAN_POINT('',(15.315625,12.0078125));
#17359 = ( GEOMETRIC_REPRESENTATION_CONTEXT(2) 
PARAMETRIC_REPRESENTATION_CONTEXT() REPRESENTATION_CONTEXT('2D SPACE',''
  ) );
#17360 = ORIENTED_EDGE('',*,*,#17307,.T.);
#17361 = ORIENTED_EDGE('',*,*,#16151,.T.);
#17362 = ORIENTED_EDGE('',*,*,#16907,.F.);
#17363 = ADVANCED_FACE('',(#17364),#16246,.T.);
#17364 = FACE_BOUND('',#17365,.T.);
#17365 = EDGE_LOOP('',(#17366,#17394,#17415,#17416));
#17366 = ORIENTED_EDGE('',*,*,#17367,.T.);
#17367 = EDGE_CURVE('',#17368,#17370,#17372,.T.);
#17368 = VERTEX_POINT('',#17369);
#17369 = CARTESIAN_POINT('',(15.596875,44.78984375,16.));
#17370 = VERTEX_POINT('',#17371);
#17371 = CARTESIAN_POINT('',(15.0703125,44.78984375,16.));
#17372 = SURFACE_CURVE('',#17373,(#17377,#17383),.PCURVE_S1.);
#17373 = LINE('',#17374,#17375);
#17374 = CARTESIAN_POINT('',(7.53515625,44.78984375,16.));
#17375 = VECTOR('',#17376,1.);
#17376 = DIRECTION('',(-1.,0.,0.));
#17377 = PCURVE('',#16246,#17378);
#17378 = DEFINITIONAL_REPRESENTATION('',(#17379),#17382);
#17379 = B_SPLINE_CURVE_WITH_KNOTS('',1,(#17380,#17381),.UNSPECIFIED.,
  .F.,.F.,(2,2),(-8.06171875,-7.53515625),.PIECEWISE_BEZIER_KNOTS.);
#17380 = CARTESIAN_POINT('',(0.5265625,-5.E-02));
#17381 = CARTESIAN_POINT('',(0.,-5.E-02));
#17382 = ( GEOMETRIC_REPRESENTATION_CONTEXT(2) 
PARAMETRIC_REPRESENTATION_CONTEXT() REPRESENTATION_CONTEXT('2D SPACE',''
  ) );
#17383 = PCURVE('',#17384,#17389);
#17384 = PLANE('',#17385);
#17385 = AXIS2_PLACEMENT_3D('',#17386,#17387,#17388);
#17386 = CARTESIAN_POINT('',(0.,33.,16.));
#17387 = DIRECTION('',(0.,0.,1.));
#17388 = DIRECTION('',(1.,0.,0.));
#17389 = DEFINITIONAL_REPRESENTATION('',(#17390),#17393);
#17390 = B_SPLINE_CURVE_WITH_KNOTS('',1,(#17391,#17392),.UNSPECIFIED.,
  .F.,.F.,(2,2),(-8.06171875,-7.53515625),.PIECEWISE_BEZIER_KNOTS.);
#17391 = CARTESIAN_POINT('',(15.596875,11.78984375));
#17392 = CARTESIAN_POINT('',(15.0703125,11.78984375));
#17393 = ( GEOMETRIC_REPRESENTATION_CONTEXT(2) 
PARAMETRIC_REPRESENTATION_CONTEXT() REPRESENTATION_CONTEXT('2D SPACE',''
  ) );
#17394 = ORIENTED_EDGE('',*,*,#17395,.T.);
#17395 = EDGE_CURVE('',#17370,#16229,#17396,.T.);
#17396 = SURFACE_CURVE('',#17397,(#17401,#17408),.PCURVE_S1.);
#17397 = LINE('',#17398,#17399);
#17398 = CARTESIAN_POINT('',(15.0703125,44.78984375,15.95));
#17399 = VECTOR('',#17400,1.);
#17400 = DIRECTION('',(0.,0.,1.));
#17401 = PCURVE('',#16246,#17402);
#17402 = DEFINITIONAL_REPRESENTATION('',(#17403),#17407);
#17403 = LINE('',#17404,#17405);
#17404 = CARTESIAN_POINT('',(0.,0.));
#17405 = VECTOR('',#17406,1.);
#17406 = DIRECTION('',(0.,-1.));
#17407 = ( GEOMETRIC_REPRESENTATION_CONTEXT(2) 
PARAMETRIC_REPRESENTATION_CONTEXT() REPRESENTATION_CONTEXT('2D SPACE',''
  ) );
#17408 = PCURVE('',#16300,#17409);
#17409 = DEFINITIONAL_REPRESENTATION('',(#17410),#17414);
#17410 = LINE('',#17411,#17412);
#17411 = CARTESIAN_POINT('',(0.943431755117,0.));
#17412 = VECTOR('',#17413,1.);
#17413 = DIRECTION('',(0.,-1.));
#17414 = ( GEOMETRIC_REPRESENTATION_CONTEXT(2) 
PARAMETRIC_REPRESENTATION_CONTEXT() REPRESENTATION_CONTEXT('2D SPACE',''
  ) );
#17415 = ORIENTED_EDGE('',*,*,#16228,.T.);
#17416 = ORIENTED_EDGE('',*,*,#17417,.F.);
#17417 = EDGE_CURVE('',#17368,#16231,#17418,.T.);
#17418 = SURFACE_CURVE('',#17419,(#17423,#17430),.PCURVE_S1.);
#17419 = LINE('',#17420,#17421);
#17420 = CARTESIAN_POINT('',(15.596875,44.78984375,15.95));
#17421 = VECTOR('',#17422,1.);
#17422 = DIRECTION('',(0.,0.,1.));
#17423 = PCURVE('',#16246,#17424);
#17424 = DEFINITIONAL_REPRESENTATION('',(#17425),#17429);
#17425 = LINE('',#17426,#17427);
#17426 = CARTESIAN_POINT('',(0.5265625,0.));
#17427 = VECTOR('',#17428,1.);
#17428 = DIRECTION('',(0.,-1.));
#17429 = ( GEOMETRIC_REPRESENTATION_CONTEXT(2) 
PARAMETRIC_REPRESENTATION_CONTEXT() REPRESENTATION_CONTEXT('2D SPACE',''
  ) );
#17430 = PCURVE('',#16274,#17431);
#17431 = DEFINITIONAL_REPRESENTATION('',(#17432),#17436);
#17432 = LINE('',#17433,#17434);
#17433 = CARTESIAN_POINT('',(0.,0.));
#17434 = VECTOR('',#17435,1.);
#17435 = DIRECTION('',(0.,-1.));
#17436 = ( GEOMETRIC_REPRESENTATION_CONTEXT(2) 
PARAMETRIC_REPRESENTATION_CONTEXT() REPRESENTATION_CONTEXT('2D SPACE',''
  ) );
#17437 = ADVANCED_FACE('',(#17438),#16274,.T.);
#17438 = FACE_BOUND('',#17439,.T.);
#17439 = EDGE_LOOP('',(#17440,#17461,#17462,#17463));
#17440 = ORIENTED_EDGE('',*,*,#17441,.T.);
#17441 = EDGE_CURVE('',#17442,#17368,#17444,.T.);
#17442 = VERTEX_POINT('',#17443);
#17443 = CARTESIAN_POINT('',(15.596875,45.57265625,16.));
#17444 = SURFACE_CURVE('',#17445,(#17449,#17455),.PCURVE_S1.);
#17445 = LINE('',#17446,#17447);
#17446 = CARTESIAN_POINT('',(15.596875,38.894921875,16.));
#17447 = VECTOR('',#17448,1.);
#17448 = DIRECTION('',(0.,-1.,0.));
#17449 = PCURVE('',#16274,#17450);
#17450 = DEFINITIONAL_REPRESENTATION('',(#17451),#17454);
#17451 = B_SPLINE_CURVE_WITH_KNOTS('',1,(#17452,#17453),.UNSPECIFIED.,
  .F.,.F.,(2,2),(-6.677734375,-5.894921875),.PIECEWISE_BEZIER_KNOTS.);
#17452 = CARTESIAN_POINT('',(0.7828125,-5.E-02));
#17453 = CARTESIAN_POINT('',(0.,-5.E-02));
#17454 = ( GEOMETRIC_REPRESENTATION_CONTEXT(2) 
PARAMETRIC_REPRESENTATION_CONTEXT() REPRESENTATION_CONTEXT('2D SPACE',''
  ) );
#17455 = PCURVE('',#17384,#17456);
#17456 = DEFINITIONAL_REPRESENTATION('',(#17457),#17460);
#17457 = B_SPLINE_CURVE_WITH_KNOTS('',1,(#17458,#17459),.UNSPECIFIED.,
  .F.,.F.,(2,2),(-6.677734375,-5.894921875),.PIECEWISE_BEZIER_KNOTS.);
#17458 = CARTESIAN_POINT('',(15.596875,12.57265625));
#17459 = CARTESIAN_POINT('',(15.596875,11.78984375));
#17460 = ( GEOMETRIC_REPRESENTATION_CONTEXT(2) 
PARAMETRIC_REPRESENTATION_CONTEXT() REPRESENTATION_CONTEXT('2D SPACE',''
  ) );
#17461 = ORIENTED_EDGE('',*,*,#17417,.T.);
#17462 = ORIENTED_EDGE('',*,*,#16258,.T.);
#17463 = ORIENTED_EDGE('',*,*,#17464,.F.);
#17464 = EDGE_CURVE('',#17442,#16259,#17465,.T.);
#17465 = SURFACE_CURVE('',#17466,(#17470,#17477),.PCURVE_S1.);
#17466 = LINE('',#17467,#17468);
#17467 = CARTESIAN_POINT('',(15.596875,45.57265625,15.95));
#17468 = VECTOR('',#17469,1.);
#17469 = DIRECTION('',(0.,0.,1.));
#17470 = PCURVE('',#16274,#17471);
#17471 = DEFINITIONAL_REPRESENTATION('',(#17472),#17476);
#17472 = LINE('',#17473,#17474);
#17473 = CARTESIAN_POINT('',(0.7828125,0.));
#17474 = VECTOR('',#17475,1.);
#17475 = DIRECTION('',(0.,-1.));
#17476 = ( GEOMETRIC_REPRESENTATION_CONTEXT(2) 
PARAMETRIC_REPRESENTATION_CONTEXT() REPRESENTATION_CONTEXT('2D SPACE',''
  ) );
#17477 = PCURVE('',#16300,#17478);
#17478 = DEFINITIONAL_REPRESENTATION('',(#17479),#17483);
#17479 = LINE('',#17480,#17481);
#17480 = CARTESIAN_POINT('',(0.,0.));
#17481 = VECTOR('',#17482,1.);
#17482 = DIRECTION('',(0.,-1.));
#17483 = ( GEOMETRIC_REPRESENTATION_CONTEXT(2) 
PARAMETRIC_REPRESENTATION_CONTEXT() REPRESENTATION_CONTEXT('2D SPACE',''
  ) );
#17484 = ADVANCED_FACE('',(#17485),#16300,.T.);
#17485 = FACE_BOUND('',#17486,.T.);
#17486 = EDGE_LOOP('',(#17487,#17506,#17507,#17508));
#17487 = ORIENTED_EDGE('',*,*,#17488,.T.);
#17488 = EDGE_CURVE('',#17370,#17442,#17489,.T.);
#17489 = SURFACE_CURVE('',#17490,(#17494,#17500),.PCURVE_S1.);
#17490 = LINE('',#17491,#17492);
#17491 = CARTESIAN_POINT('',(10.256266803829,37.633057715039,16.));
#17492 = VECTOR('',#17493,1.);
#17493 = DIRECTION('',(0.558135230391,0.829750001263,-0.));
#17494 = PCURVE('',#16300,#17495);
#17495 = DEFINITIONAL_REPRESENTATION('',(#17496),#17499);
#17496 = B_SPLINE_CURVE_WITH_KNOTS('',1,(#17497,#17498),.UNSPECIFIED.,
  .F.,.F.,(2,2),(8.625231725295,9.568663480412),
  .PIECEWISE_BEZIER_KNOTS.);
#17497 = CARTESIAN_POINT('',(0.943431755117,-5.E-02));
#17498 = CARTESIAN_POINT('',(0.,-5.E-02));
#17499 = ( GEOMETRIC_REPRESENTATION_CONTEXT(2) 
PARAMETRIC_REPRESENTATION_CONTEXT() REPRESENTATION_CONTEXT('2D SPACE',''
  ) );
#17500 = PCURVE('',#17384,#17501);
#17501 = DEFINITIONAL_REPRESENTATION('',(#17502),#17505);
#17502 = B_SPLINE_CURVE_WITH_KNOTS('',1,(#17503,#17504),.UNSPECIFIED.,
  .F.,.F.,(2,2),(8.625231725295,9.568663480412),
  .PIECEWISE_BEZIER_KNOTS.);
#17503 = CARTESIAN_POINT('',(15.0703125,11.78984375));
#17504 = CARTESIAN_POINT('',(15.596875,12.57265625));
#17505 = ( GEOMETRIC_REPRESENTATION_CONTEXT(2) 
PARAMETRIC_REPRESENTATION_CONTEXT() REPRESENTATION_CONTEXT('2D SPACE',''
  ) );
#17506 = ORIENTED_EDGE('',*,*,#17464,.T.);
#17507 = ORIENTED_EDGE('',*,*,#16286,.T.);
#17508 = ORIENTED_EDGE('',*,*,#17395,.F.);
#17509 = ADVANCED_FACE('',(#17510),#16374,.T.);
#17510 = FACE_BOUND('',#17511,.T.);
#17511 = EDGE_LOOP('',(#17512,#17513,#17514,#17515));
#17512 = ORIENTED_EDGE('',*,*,#16359,.F.);
#17513 = ORIENTED_EDGE('',*,*,#16476,.T.);
#17514 = ORIENTED_EDGE('',*,*,#16801,.T.);
#17515 = ORIENTED_EDGE('',*,*,#16709,.F.);
#17516 = ADVANCED_FACE('',(#17517),#16892,.T.);
#17517 = FACE_BOUND('',#17518,.T.);
#17518 = EDGE_LOOP('',(#17519,#17520,#17521,#17522,#17523,#17524,#17525,
    #17526));
#17519 = ORIENTED_EDGE('',*,*,#16868,.F.);
#17520 = ORIENTED_EDGE('',*,*,#16953,.F.);
#17521 = ORIENTED_EDGE('',*,*,#17023,.F.);
#17522 = ORIENTED_EDGE('',*,*,#17087,.F.);
#17523 = ORIENTED_EDGE('',*,*,#17145,.F.);
#17524 = ORIENTED_EDGE('',*,*,#17203,.F.);
#17525 = ORIENTED_EDGE('',*,*,#17267,.F.);
#17526 = ORIENTED_EDGE('',*,*,#17331,.F.);
#17527 = ADVANCED_FACE('',(#17528),#17384,.T.);
#17528 = FACE_BOUND('',#17529,.T.);
#17529 = EDGE_LOOP('',(#17530,#17531,#17532));
#17530 = ORIENTED_EDGE('',*,*,#17367,.F.);
#17531 = ORIENTED_EDGE('',*,*,#17441,.F.);
#17532 = ORIENTED_EDGE('',*,*,#17488,.F.);
#17533 = ( GEOMETRIC_REPRESENTATION_CONTEXT(3) 
GLOBAL_UNCERTAINTY_ASSIGNED_CONTEXT((#17537)) 
GLOBAL_UNIT_ASSIGNED_CONTEXT((#17534,#17535,#17536)) 
REPRESENTATION_CONTEXT('Context #1',
  '3D Context with UNIT and UNCERTAINTY') );
#17534 = ( LENGTH_UNIT() NAMED_UNIT(*) SI_UNIT(.MILLI.,.METRE.) );
#17535 = ( NAMED_UNIT(*) PLANE_ANGLE_UNIT() SI_UNIT($,.RADIAN.) );
#17536 = ( NAMED_UNIT(*) SI_UNIT($,.STERADIAN.) SOLID_ANGLE_UNIT() );
#17537 = UNCERTAINTY_MEASURE_WITH_UNIT(LENGTH_MEASURE(1.E-06),#17534,
  'distance_accuracy_value','confusion accuracy');
#17538 = PRODUCT_RELATED_PRODUCT_CATEGORY('part',$,(#7));
ENDSEC;
END-ISO-10303-21;
